{"type":"FeatureCollection","features":[{"type":"Feature","id":"pmtiles:12/3184/1975:water:160:3","properties":{"class":"ocean","water":"ocean","kind":"waterway","verification":"verified","source":"OpenMapTiles/OpenStreetMap national PMTiles","sourceId":"12/3184/1975:water:160:3","sourceLayer":"water","archive":"https://its.hanifahseptiani45.workers.dev/v1/map/archive/indonesia.pmtiles","updatedAt":"2026-07-26T10:34:57.397Z"},"geometry":{"type":"Polygon","coordinates":[[[99.93301391601562,6.31393357916707],[99.93290662765503,6.31393357916707],[99.93301391601562,6.314125526766787],[99.93301391601562,6.31393357916707]]]}},{"type":"Feature","id":"pmtiles:12/3185/1975:water:160:2","properties":{"class":"ocean","water":"ocean","kind":"waterway","verification":"verified","source":"OpenMapTiles/OpenStreetMap national PMTiles","sourceId":"12/3185/1975:water:160:2","sourceLayer":"water","archive":"https://its.hanifahseptiani45.workers.dev/v1/map/archive/indonesia.pmtiles","updatedAt":"2026-07-26T10:34:57.459Z"},"geometry":{"type":"Polygon","coordinates":[[[99.94312047958374,6.314018889220165],[99.94322776794434,6.31393357916707],[99.94288444519043,6.31393357916707],[99.94288444519043,6.3139549066816585],[99.94312047958374,6.314018889220165]]]}},{"type":"Feature","id":"pmtiles:12/3184/1976:water:160:0","properties":{"class":"ocean","water":"ocean","kind":"waterway","verification":"verified","source":"OpenMapTiles/OpenStreetMap national PMTiles","sourceId":"12/3184/1976:water:160:0","sourceLayer":"water","archive":"https://its.hanifahseptiani45.workers.dev/v1/map/archive/indonesia.pmtiles","updatedAt":"2026-07-26T10:35:27.855Z"},"geometry":{"type":"Polygon","coordinates":[[[99.84237670898438,6.292776252522884],[99.84237670898438,6.316663493894268],[99.8486852645874,6.316663493894268],[99.849693775177,6.315511812874178],[99.850594997406,6.316236945667072],[99.8508095741272,6.315938361698912],[99.85046625137329,6.315533140323765],[99.85046625137329,6.31531986578841],[99.85055208206177,6.315213228487778],[99.85087394714355,6.315234555949658],[99.85102415084839,6.315170573561375],[99.85143184661865,6.314594731710997],[99.85177516937256,6.313848269099907],[99.8521614074707,6.312419323385896],[99.8521614074707,6.312206047568054],[99.85205411911011,6.311992771662418],[99.8518180847168,6.311928788873587],[99.85166788101196,6.312014099256913],[99.85156059265137,6.311950116470726],[99.85164642333984,6.31175816806477],[99.8518180847168,6.311544891974705],[99.85205411911011,6.311374271039426],[99.85263347625732,6.311160994791322],[99.85312700271606,6.3107557696780106],[99.8537278175354,6.309668058596216],[99.85394239425659,6.309134866055487],[99.85394239425659,6.3089642443265745],[99.853835105896,6.308836277993038],[99.85381364822388,6.308686983897317],[99.85304117202759,6.307684579569369],[99.85278367996216,6.3079831682953085],[99.85259056091309,6.30806847932827],[99.8526120185852,6.308217773602166],[99.85265493392944,6.308345740088413],[99.85301971435547,6.308644328433488],[99.8532772064209,6.308473706543097],[99.85334157943726,6.308473706543097],[99.85349178314209,6.308729639357622],[99.85370635986328,6.308793622541501],[99.85385656356812,6.3090922106285205],[99.85366344451904,6.309412126245121],[99.85351324081421,6.309540092436464],[99.85312700271606,6.309561420131956],[99.85284805297852,6.309348143137598],[99.85269784927368,6.309028227481505],[99.85265493392944,6.30870831162791],[99.85205411911011,6.308729639357622],[99.85153913497925,6.308921588885568],[99.85153913497925,6.309177521478915],[99.85138893127441,6.308985572045771],[99.8511528968811,6.309049555198058],[99.85128164291382,6.308857605717492],[99.85113143920898,6.308644328433488],[99.8513674736023,6.30870831162791],[99.85166788101196,6.308260429101111],[99.8518180847168,6.307684579569369],[99.8513674736023,6.307407318455546],[99.8513674736023,6.307279351737606],[99.85143184661865,6.307194040574785],[99.85194683074951,6.307279351737606],[99.85213994979858,6.307684579569369],[99.85244035720825,6.307876529484361],[99.85254764556885,6.307684579569369],[99.85291242599487,6.307513957363028],[99.85278367996216,6.307300679526136],[99.85085248947144,6.306831467976082],[99.85072374343872,6.307044746006014],[99.85046625137329,6.307002090407053],[99.8503589630127,6.306874123589083],[99.85046625137329,6.30670350111599],[99.85029458999634,6.306554206405963],[99.85063791275024,6.305103912699948],[99.85078811645508,6.305082584821079],[99.8509168624878,6.305146568455086],[99.85100269317627,6.3045280596622035],[99.8513674736023,6.303120416211499],[99.85119581222534,6.30303510436444],[99.85123872756958,6.302992448435646],[99.85113143920898,6.302907136567512],[99.8511528968811,6.302843152657232],[99.85106706619263,6.302800496712663],[99.8513674736023,6.302608544918655],[99.85156059265137,6.302203313120273],[99.85147476196289,6.301264880372003],[99.85162496566772,6.300475742429043],[99.85190391540527,6.3001984774614925],[99.85207557678223,6.299878556161019],[99.85196828842163,6.29943066600903],[99.85192537307739,6.298769494125921],[99.85222578048706,6.298769494125921],[99.85301971435547,6.299046759856864],[99.85319137573242,6.299196056727553],[99.85325574874878,6.299473322230639],[99.85347032546997,6.299494650340122],[99.853835105896,6.29934535355531],[99.85426425933838,6.299089416110007],[99.85458612442017,6.299089416110007],[99.8554015159607,6.298876134809177],[99.85726833343506,6.2982362903809275],[99.85797643661499,6.297873711521504],[99.8592209815979,6.297511132408857],[99.85945701599121,6.297319178658469],[99.85975742340088,6.29687128629827],[99.85984325408936,6.29687128629827],[99.86018657684326,6.29710589663037],[99.8603367805481,6.297084568422733],[99.86143112182617,6.296380737079502],[99.86233234405518,6.295591591711741],[99.86248254776001,6.29537830897408],[99.86226797103882,6.294738460235564],[99.86192464828491,6.294269237326361],[99.8616886138916,6.2940986107088435],[99.86100196838379,6.2932454767805694],[99.86085176467896,6.292776252522884],[99.86074447631836,6.292307027841417],[99.86098051071167,6.292072415341806],[99.86104488372803,6.291688503750308],[99.86087322235107,6.291240606535098],[99.86091613769531,6.29115529273605],[99.8613452911377,6.291112635831269],[99.86177444458008,6.291411234091157],[99.86177444458008,6.292520311840079],[99.86164569854736,6.292946879574714],[99.86188173294067,6.293394775319172],[99.86201047897339,6.293501417106157],[99.86265420913696,6.293544073814843],[99.86409187316895,6.294567833772163],[99.86417770385742,6.29482377344624],[99.86443519592285,6.296487378253431],[99.86488580703735,6.297681757905181],[99.86475706100464,6.298193634057668],[99.86454248428345,6.29857754084081],[99.86458539962769,6.299366681670065],[99.86454248428345,6.299601290874406],[99.86417770385742,6.299942540436888],[99.86428499221802,6.300454414359876],[99.86424207687378,6.3010729280098445],[99.86383438110352,6.302565888954774],[99.86344814300537,6.302971120469934],[99.86319065093994,6.303440335513017],[99.86248254776001,6.303781582550485],[99.861581325531,6.304485403856205],[99.86173152923584,6.306276944687568],[99.86186027526855,6.306383583827596],[99.86216068267822,6.306298272517338],[99.86233234405518,6.306447567301063],[99.86271858215332,6.306212961193054],[99.8628044128418,6.306319600346214],[99.86218214035034,6.306852795783016],[99.86250400543213,6.307897857248307],[99.86267566680908,6.308111134839493],[99.86295461654663,6.308132462593775],[99.86374855041504,6.308686983897317],[99.86413478851318,6.308814950267717],[99.86445665359497,6.308814950267717],[99.86464977264404,6.308750967086453],[99.86467123031616,6.308495034282473],[99.86452102661133,6.308132462593775],[99.86484289169312,6.307855201719548],[99.86501455307007,6.3079831682953085],[99.8650574684143,6.308644328433488],[99.86544370651245,6.308836277993038],[99.86557245254517,6.308793622541501],[99.86589431762695,6.308473706543097],[99.86645221710205,6.307684579569369],[99.86698865890503,6.307215368366798],[99.86716032028198,6.307322007313772],[99.86778259277344,6.3070660738041795],[99.86791133880615,6.3067674845499795],[99.86782550811768,6.306426239477446],[99.86769676208496,6.306383583827596],[99.86767530441284,6.306276944687568],[99.86782550811768,6.306042338502365],[99.86795425415039,6.305999682820911],[99.86816883087158,6.306084994180296],[99.86842632293701,6.306021010662079],[99.86859798431396,6.305893043601941],[99.86870527267456,6.305701092952532],[99.86887693405151,6.305594453672157],[99.86911296844482,6.305615781529994],[99.86924171447754,6.305487814369869],[99.86945629119873,6.305487814369869],[99.86949920654297,6.305402502912202],[99.8697566986084,6.305317191440551],[99.86994981765747,6.305359847178124],[99.8701000213623,6.305487814369869],[99.87016439437866,6.305679765098205],[99.87027168273926,6.305743748658557],[99.87014293670654,6.305829060060034],[99.87012147903442,6.306042338502365],[99.87016439437866,6.306148977690626],[99.87037897109985,6.306298272517338],[99.87119436264038,6.306511550766643],[99.87213850021362,6.306170305525626],[99.87228870391846,6.3059143714475],[99.87231016159058,6.305722420805992],[99.87284660339355,6.305487814369869],[99.8731255531311,6.305445158642797],[99.87370491027832,6.305573125813453],[99.87402677536011,6.305765076510241],[99.87421989440918,6.305978354978876],[99.87443447113037,6.306788812359557],[99.87452030181885,6.306916779198573],[99.8751425743103,6.3073859906714205],[99.87606525421143,6.3079618405348725],[99.87653732299805,6.3079618405348725],[99.876708984375,6.308025823813551],[99.876708984375,6.308217773602166],[99.87685918807983,6.308345740088413],[99.8771595954895,6.308495034282473],[99.87767457962036,6.308580345231164],[99.87784624099731,6.308665656165843],[99.8781681060791,6.308623000700251],[99.87848997116089,6.308857605717492],[99.87848997116089,6.309006899764057],[99.87911224365234,6.309262832315284],[99.87913370132446,6.30949743704285],[99.87919807434082,6.309604075520284],[99.87960577011108,6.309838680093364],[99.87977743148804,6.309817352409297],[99.88031387329102,6.310158595249121],[99.88048553466797,6.310414527231487],[99.88046407699585,6.3105638208295005],[99.88061428070068,6.310777097323452],[99.8807430267334,6.310819752611707],[99.88087177276611,6.311054356634344],[99.88142967224121,6.311331615796831],[99.88160133361816,6.311502236746151],[99.88181591033936,6.311950116470726],[99.88181591033936,6.312291357905721],[99.8811936378479,6.313101805412785],[99.88087177276611,6.313698976448563],[99.8806357383728,6.314018889220165],[99.8802924156189,6.314594731710997],[99.88003492355347,6.315191901025017],[99.87994909286499,6.315639777558502],[99.87992763519287,6.31585305196208],[99.88009929656982,6.316236945667072],[99.87992763519287,6.316450219824603],[99.87967014312744,6.3165355294630245],[99.87951993942261,6.316492874645576],[99.87951993942261,6.316663493894268],[99.8915147781372,6.316663493894268],[99.89097833633423,6.3163862375865705],[99.8906135559082,6.31604499885016],[99.89052772521973,6.315426503067087],[99.89057064056396,6.314978626349074],[99.89108562469482,6.31427481929515],[99.89078521728516,6.313912251651601],[99.89084959030151,6.313656321397417],[99.89080667495728,6.313421718553315],[99.89099979400635,6.3132297706927005],[99.89091396331787,6.31303782276099],[99.89069938659668,6.31303782276099],[99.8902702331543,6.313485701157703],[99.88990545272827,6.313698976448563],[99.8898196220398,6.314040216731257],[99.88954067230225,6.314253491793735],[99.88909006118774,6.31427481929515],[99.8887038230896,6.31408287175077],[99.8883605003357,6.313443046088992],[99.88763093948364,6.313592338814118],[99.8872447013855,6.313613666342761],[99.88670825958252,6.313848269099907],[99.8866868019104,6.31427481929515],[99.8865795135498,6.3146587141704345],[99.88640785217285,6.314935971403344],[99.88589286804199,6.315127918631461],[99.88548517227173,6.315042608761075],[99.88531351089478,6.314744024104073],[99.88524913787842,6.3143174742953505],[99.88544225692749,6.313677648923445],[99.88574266433716,6.313251098236293],[99.88516330718994,6.3121633923939555],[99.88473415374756,6.311843478476192],[99.88449811935425,6.3118221508746615],[99.88406896591187,6.311651530030716],[99.88389730453491,6.311374271039426],[99.8841118812561,6.310926390816974],[99.88434791564941,6.310883735537516],[99.88460540771484,6.310990373729609],[99.88445520401001,6.310734442031688],[99.88443374633789,6.3105424931752765],[99.8847770690918,6.3102012505882925],[99.88507747650146,6.3100519568858005],[99.88550662994385,6.310478510207346],[99.8860216140747,6.310329216584748],[99.8863434791565,6.310137267578213],[99.88642930984497,6.309710713975761],[99.88664388656616,6.309348143137598],[99.8865795135498,6.308750967086453],[99.8862361907959,6.307876529484361],[99.88627910614014,6.307705907341202],[99.88675117492676,6.3075352851418955],[99.88793134689331,6.308047151571358],[99.88818883895874,6.307897857248307],[99.88863945007324,6.308281756849254],[99.8888111114502,6.308495034282473],[99.88958358764648,6.308686983897317],[99.88984107971191,6.309134866055487],[99.88975524902344,6.309518764740105],[99.88956212997437,6.309732041664219],[99.88969087600708,6.309668058596216],[99.88979816436768,6.309689386286408],[99.88984107971191,6.309796024724349],[99.88958358764648,6.309881335458883],[99.88951921463013,6.30975336935181],[99.88943338394165,6.3099879738572895],[99.88951921463013,6.310158595249121],[99.89001274108887,6.3105424931752765],[99.89052772521973,6.310670459087447],[99.89112854003906,6.310179922919147],[99.89160060882568,6.309476109344757],[99.8915147781372,6.309134866055487],[99.89160060882568,6.308623000700251],[99.89205121994019,6.308516362020953],[99.89239454269409,6.308793622541501],[99.89243745803833,6.309241504607513],[99.89344596862793,6.3099879738572895],[99.89342451095581,6.310329216584748],[99.89323139190674,6.310435854890997],[99.89290952682495,6.310883735537516],[99.8928451538086,6.311331615796831],[99.89325284957886,6.311694185246978],[99.89370346069336,6.311886133676651],[99.89428281784058,6.312014099256913],[99.89481925964355,6.311928788873587],[99.89501237869263,6.311544891974705],[99.89514112472534,6.310094612233769],[99.89569902420044,6.3100519568858005],[99.89582777023315,6.309668058596216],[99.89625692367554,6.309348143137598],[99.89589214324951,6.309049555198058],[99.89597797393799,6.308793622541501],[99.89627838134766,6.308878933441065],[99.89649295806885,6.309241504607513],[99.89642858505249,6.309881335458883],[99.89702939987183,6.30975336935181],[99.89763021469116,6.308900261163771],[99.89908933639526,6.308047151571358],[99.89941120147705,6.308367067833061],[99.89887475967407,6.309028227481505],[99.89960432052612,6.309710713975761],[99.90020513534546,6.309305487728196],[99.9006986618042,6.309262832315284],[99.90102052688599,6.309732041664219],[99.90153551101685,6.309796024724349],[99.90187883377075,6.309732041664219],[99.90224361419678,6.309305487728196],[99.90275859832764,6.30911353834243],[99.90314483642578,6.309305487728196],[99.90423917770386,6.309326815433337],[99.90434646606445,6.308878933441065],[99.90481853485107,6.308942916606512],[99.90501165390015,6.309305487728196],[99.90623474121094,6.309412126245121],[99.90700721740723,6.309390798543504],[99.90702867507935,6.309220176898862],[99.90747928619385,6.3090922106285205],[99.90893840789795,6.309561420131956],[99.90981817245483,6.309561420131956],[99.91061210632324,6.30975336935181],[99.91052627563477,6.3106064761353196],[99.91114854812622,6.310670459087447],[99.91185665130615,6.310350544247768],[99.91260766983032,6.309326815433337],[99.91250038146973,6.308644328433488],[99.9121356010437,6.307897857248307],[99.91149187088013,6.3070660738041795],[99.91127729415894,6.306063666341757],[99.91136312484741,6.305231879954832],[99.91082668304443,6.304847978095452],[99.9110198020935,6.30422946894646],[99.91153478622437,6.3038029104828865],[99.91177082061768,6.3033123678160905],[99.91204977035522,6.303099088251045],[99.91342306137085,6.303760254617231],[99.91488218307495,6.303610959059824],[99.91475343704224,6.30303510436444],[99.915611743927,6.302843152657232],[99.91580486297607,6.302971120469934],[99.91713523864746,6.302693856835873],[99.9185299873352,6.302480577016524],[99.91928100585938,6.302139329123193],[99.91971015930176,6.301414176604567],[99.91960287094116,6.300987615826102],[99.91955995559692,6.299878556161019],[99.92043972015381,6.297639101536362],[99.92084741592407,6.29710589663037],[99.9207615852356,6.296679332311342],[99.92091178894043,6.2965087064855965],[99.920654296875,6.296231439399193],[99.92026805877686,6.295079712994195],[99.92026805877686,6.294269237326361],[99.92084741592407,6.294375878933849],[99.92142677307129,6.294183924024608],[99.92174863815308,6.293821342335832],[99.92198467254639,6.293906655697143],[99.92226362228394,6.294439863887845],[99.92204904556274,6.295399637251791],[99.92217779159546,6.296615347633235],[99.92239236831665,6.2969565991585625],[99.92352962493896,6.297276522259864],[99.92361545562744,6.2977244142704905],[99.92363691329956,6.29855621269364],[99.9240231513977,6.299643947082004],[99.92269277572632,6.300070508964964],[99.9230146408081,6.30164878488327],[99.92355108261108,6.302523232987397],[99.92445230484009,6.303781582550485],[99.92501020431519,6.304357436417121],[99.92537498474121,6.305487814369869],[99.9241304397583,6.3070660738041795],[99.9240231513977,6.3078338739538395],[99.92415189743042,6.308623000700251],[99.9244737625122,6.30911353834243],[99.92490291595459,6.310158595249121],[99.92554664611816,6.3115235643608685],[99.92599725723267,6.31175816806477],[99.92631912231445,6.312206047568054],[99.92621183395386,6.312525961261883],[99.92627620697021,6.312909857433624],[99.92664098739624,6.313293753320821],[99.92687702178955,6.31331508086177],[99.92702722549438,6.313443046088992],[99.92709159851074,6.313848269099907],[99.9278211593628,6.314957298876649],[99.92799282073975,6.315426503067087],[99.92792844772339,6.3158103970883985],[99.92807865142822,6.3163862375865705],[99.92803573608398,6.316663493894268],[99.93056774139404,6.316663493894268],[99.93056774139404,6.31655685687042],[99.93106126785278,6.316066326277777],[99.93136167526245,6.31610898113037],[99.93149042129517,6.315938361698912],[99.93155479431152,6.315490485423723],[99.93134021759033,6.315127918631461],[99.93082523345947,6.314552076733634],[99.9305248260498,6.314381456789064],[99.93000984191895,6.314637386684836],[99.9296236038208,6.314594731710997],[99.92936611175537,6.31423216429144],[99.9297308921814,6.313293753320821],[99.93003129959106,6.313144460509619],[99.93033170700073,6.313144460509619],[99.93037462234497,6.313421718553315],[99.9306321144104,6.313485701157703],[99.93110418319702,6.313336408401824],[99.93155479431152,6.31303782276099],[99.9317479133606,6.3127818920746535],[99.9320912361145,6.312696581817789],[99.93247747421265,6.312845874758096],[99.93273496627808,6.313357735941025],[99.93290662765503,6.31393357916707],[99.93301391601562,6.314125526766787],[99.93301391601562,6.308665656165843],[99.93286371231079,6.308665656165843],[99.93206977844238,6.309689386286408],[99.93159770965576,6.309817352409297],[99.93112564086914,6.309817352409297],[99.93091106414795,6.309710713975761],[99.93080377578735,6.309369470840977],[99.93084669113159,6.308857605717492],[99.9311900138855,6.308260429101111],[99.93112564086914,6.307492629583294],[99.93161916732788,6.306724828928196],[99.93166208267212,6.306426239477446],[99.93179082870483,6.306298272517338],[99.93211269378662,6.306319600346214],[99.93247747421265,6.30595702713596],[99.93301391601562,6.305935699292164],[99.93301391601562,6.226568742378319],[99.8603367805481,6.226568742378319],[99.86048698425293,6.227123350386847],[99.8608946800232,6.227656626765722],[99.8616886138916,6.228232564646532],[99.86173152923584,6.228403212786191],[99.86155986785889,6.228808501895543],[99.86171007156372,6.229320445586438],[99.86194610595703,6.229683072065384],[99.86246109008789,6.22983238877805],[99.86261129379272,6.230003036397605],[99.86284732818604,6.230749619080854],[99.86340522766113,6.231368215356667],[99.86344814300537,6.231517531589844],[99.86346960067749,6.232242781260908],[99.86400604248047,6.232797383274118],[99.86419916152954,6.233458638754357],[99.86458539962769,6.234034570267667],[99.8646068572998,6.234418524258544],[99.86454248428345,6.235335746543399],[99.86458539962769,6.235527723097675],[99.86475706100464,6.235805022440886],[99.8643708229065,6.236807564996653],[99.8642635345459,6.237298170229593],[99.8643708229065,6.2385993384062886],[99.86430644989014,6.238855305536248],[99.8641562461853,6.23902595022011],[99.86377000808716,6.239111272541194],[99.86312627792358,6.238876636124786],[99.86233234405518,6.238748652580625],[99.86140966415405,6.2381727262452245],[99.86063718795776,6.238236718091528],[99.85900640487671,6.2379594200344854],[99.85864162445068,6.238002081283568],[99.85769748687744,6.238641999603303],[99.85688209533691,6.23932457828316],[99.85610961914062,6.240625741428943],[99.8557448387146,6.24096702958802],[99.85548734664917,6.24137230898819],[99.8554015159607,6.241585613809718],[99.85550880432129,6.242012223192205],[99.85587358474731,6.242694797481533],[99.85628128051758,6.2432067276147905],[99.85690355300903,6.244315907853547],[99.85688209533691,6.2454250857428235],[99.85692501068115,6.2455957282864745],[99.85718250274658,6.245830361693166],[99.85769748687744,6.245958343507013],[99.8583197593689,6.246192976751203],[99.85870599746704,6.2467475640011685],[99.85939264297485,6.24736614139448],[99.85995054244995,6.24781407629186],[99.8608946800232,6.249157878683619],[99.8613452911377,6.250693648619588],[99.86143112182617,6.251418871744335],[99.86140966415405,6.251888133230409],[99.86136674880981,6.251994783509446],[99.8612380027771,6.252101433766725],[99.86059427261353,6.252122763815578],[99.86031532287598,6.252229414046752],[99.86003637313843,6.252506704546022],[99.8603367805481,6.252933305027042],[99.85975742340088,6.253317245162407],[99.85960721969604,6.253061285103499],[99.85868453979492,6.253679855031379],[99.85741853713989,6.251717492738749],[99.85735416412354,6.251674832607122],[99.85735416412354,6.251845473112709],[99.85804080963135,6.252997295069179],[99.8581051826477,6.2534238951499646],[99.85799789428711,6.253786504944998],[99.85778331756592,6.254298424227471],[99.85771894454956,6.254853002884488],[99.85780477523804,6.255386251038345],[99.85834121704102,6.256516735325334],[99.85838413238525,6.256836683264481],[99.85759019851685,6.257327269724058],[99.85621690750122,6.257796525906585],[99.85576629638672,6.25771120663201],[99.85419988632202,6.2572419503728725],[99.85342741012573,6.2575832276940275],[99.85304117202759,6.257839185538643],[99.85241889953613,6.257796525906585],[99.8522686958313,6.257860515353357],[99.85201120376587,6.258372430645508],[99.85186100006104,6.2597375356389335],[99.85224723815918,6.259865514049167],[99.85250473022461,6.260100141053172],[99.8528265953064,6.260249449091731],[99.85319137573242,6.260164130217774],[99.8537278175354,6.260569394744948],[99.85370635986328,6.261955823643902],[99.85291242599487,6.262339757149704],[99.85158205032349,6.2618918346988295],[99.85072374343872,6.262531723796755],[99.85050916671753,6.262595712663398],[99.8502516746521,6.26248906454795],[99.85005855560303,6.262318427517911],[99.84986543655396,6.262361086780629],[99.84975814819336,6.262318427517911],[99.84937191009521,6.262745019988458],[99.84883546829224,6.2636195334633555],[99.84847068786621,6.265133931381413],[99.84838485717773,6.26577381650506],[99.84819173812866,6.2662430650970435],[99.84769821166992,6.266456359772093],[99.84671115875244,6.266648324905077],[99.84647512435913,6.267245549311596],[99.84645366668701,6.267480172998546],[99.8468828201294,6.267693467167831],[99.84701156616211,6.2678001142197814],[99.84699010848999,6.267885431845642],[99.8468828201294,6.267885431845642],[99.84679698944092,6.267992078858327],[99.8467755317688,6.26782144362754],[99.84668970108032,6.2677361259912345],[99.84645366668701,6.267629478926196],[99.84617471694946,6.26782144362754],[99.84596014022827,6.268120055244793],[99.84583139419556,6.268994559711928],[99.84555244445801,6.268973230352117],[99.84516620635986,6.2688025954422955],[99.84480142593384,6.2688025954422955],[99.84452247619629,6.26867461922329],[99.84432935714722,6.268312019765617],[99.84370708465576,6.267778784811142],[99.84280586242676,6.267288208171621],[99.84259128570557,6.267352196455107],[99.84246253967285,6.26733086702815],[99.84237670898438,6.2671389021463],[99.84237670898438,6.292498983444162],[99.84241962432861,6.292669610587026],[99.84237670898438,6.292776252522884]],[[99.89484071731567,6.2756919355372105],[99.89505529403687,6.275521302826604],[99.8947548866272,6.275457315545722],[99.89473342895508,6.275158708131045],[99.89449739456177,6.275030733472349],[99.894540309906,6.274817442304695],[99.89477634429932,6.274838771425394],[99.89484071731567,6.274945417015772],[99.89518404006958,6.274966746131213],[99.89638566970825,6.275542631918498],[99.89640712738037,6.27577725187156],[99.89606380462646,6.275947884498336],[99.89602088928223,6.276118517069236],[99.89557027816772,6.276417123933811],[99.89526987075806,6.27620383333371],[99.89501237869263,6.276118517069236],[99.89503383636475,6.27586256819194],[99.8948621749878,6.275798580952966],[99.89484071731567,6.2756919355372105]],[[99.89093542098999,6.305509142232069],[99.89119291305542,6.305594453672157],[99.89119291305542,6.305765076510241],[99.89091396331787,6.306255616856944],[99.89065647125244,6.306276944687568],[99.89054918289185,6.306170305525626],[99.89052772521973,6.305978354978876],[99.89074230194092,6.305594453672157],[99.89093542098999,6.305509142232069]],[[99.8872447013855,6.300731679190676],[99.88698720932007,6.3007743353053485],[99.88670825958252,6.301286208407859],[99.88660097122192,6.30162745686232],[99.88655805587769,6.30203268911049],[99.88645076751709,6.302181985122118],[99.88645076751709,6.302416593053607],[99.88589286804199,6.30326971191009],[99.88552808761597,6.303696270812168],[99.88509893417358,6.303888222203653],[99.88490581512451,6.3038029104828865],[99.88479852676392,6.303632286999218],[99.88488435745239,6.3033123678160905],[99.88546371459961,6.302651200879012],[99.8855710029602,6.301200896259161],[99.88574266433716,6.300838319470785],[99.8862361907959,6.300390430147118],[99.88619327545166,6.300070508964964],[99.88621473312378,6.29983589997272],[99.88638639450073,6.299643947082004],[99.88675117492676,6.299601290874406],[99.88692283630371,6.299643947082004],[99.8870301246643,6.300027852792439],[99.8875880241394,6.300646366950815],[99.88754510879517,6.300731679190676],[99.88739490509033,6.3007743353053485],[99.8872447013855,6.300731679190676]],[[99.88473415374756,6.265155260898183],[99.88617181777954,6.266520348157613],[99.88672971725464,6.267394855306392],[99.8866868019104,6.267672137754829],[99.88681554794312,6.26782144362754],[99.88687992095947,6.268034737657317],[99.88700866699219,6.2681840434262455],[99.88711595535278,6.268951900991439],[99.88705158233643,6.269207853261975],[99.88660097122192,6.268930571629895],[99.88625764846802,6.268866583540017],[99.88531351089478,6.268951900991439],[99.8843264579773,6.2680134082582555],[99.88398313522339,6.26782144362754],[99.88372564315796,6.267544161258485],[99.883553981781,6.267160231581087],[99.883553981781,6.266712313267064],[99.88346815109253,6.266179076677531],[99.88318920135498,6.265752487013572],[99.88314628601074,6.264984624739682],[99.88361835479736,6.264515375016131],[99.88391876220703,6.264494045473214],[99.88426208496094,6.264835318055219],[99.88473415374756,6.265155260898183]],[[99.88140821456909,6.298641525277063],[99.8813009262085,6.29857754084081],[99.88078594207764,6.298684181563516],[99.88033533096313,6.29855621269364],[99.8801851272583,6.298406915638907],[99.88024950027466,6.298001680559622],[99.8805284500122,6.29757511697656],[99.88059282302856,6.29710589663037],[99.88100051879883,6.296743316981534],[99.88138675689697,6.296764645203169],[99.88213777542114,6.297532460598958],[99.88226652145386,6.297767070632304],[99.88192319869995,6.298364259329674],[99.88179445266724,6.298406915638907],[99.8816442489624,6.298662853420737],[99.88140821456909,6.298641525277063]],[[99.87932682037354,6.269655769433129],[99.87954139709473,6.269826404063821],[99.88009929656982,6.270274319703731],[99.88022804260254,6.270508942028229],[99.88020658493042,6.270850210675405],[99.88009929656982,6.270956857081842],[99.87986326217651,6.270892869240583],[99.87958431243896,6.270444954132017],[99.87936973571777,6.270380966227947],[99.87921953201294,6.270423624831523],[99.87911224365234,6.270572929916582],[99.8791766166687,6.270743564247155],[99.87913370132446,6.270871539958449],[99.87902641296387,6.270935527802294],[99.87879037857056,6.270828881391509],[99.8787260055542,6.270892869240583],[99.87870454788208,6.270850210675405],[99.87868309020996,6.270316978316032],[99.87896203994751,6.270125014533178],[99.87913370132446,6.270167673157701],[99.87913370132446,6.26984773338873],[99.87924098968506,6.26967709876503],[99.87932682037354,6.269655769433129]],[[99.87544298171997,6.243803978804493],[99.87546443939209,6.243356040476073],[99.87587213516235,6.243228058026162],[99.87608671188354,6.243057414710947],[99.87640857696533,6.242652136614495],[99.87668752670288,6.242545484431744],[99.87690210342407,6.242524153992591],[99.87739562988281,6.242972093032492],[99.87746000289917,6.243228058026162],[99.8773741722107,6.243484022894734],[99.87735271453857,6.243782648416584],[99.8771595954895,6.24399595225654],[99.87713813781738,6.244187925638201],[99.8770523071289,6.244209256009597],[99.87709522247314,6.244315907853547],[99.87703084945679,6.245531737339135],[99.87735271453857,6.246278297904837],[99.87722396850586,6.246470270449635],[99.87700939178467,6.246470270449635],[99.87658023834229,6.246107655583671],[99.87638711929321,6.245702379847998],[99.87619400024414,6.245531737339135],[99.87597942352295,6.2454250857428235],[99.87587213516235,6.245275773471519],[99.87572193145752,6.2452117824850575],[99.87546443939209,6.244913157778214],[99.87533569335938,6.244550541833775],[99.87544298171997,6.243803978804493]],[[99.87411260604858,6.273836301809055],[99.87387657165527,6.273729655991701],[99.8736834526062,6.273601680982068],[99.87355470657349,6.273345730868542],[99.8736834526062,6.273196426577599],[99.87406969070435,6.273111109820732],[99.87419843673706,6.273132439011263],[99.87441301345825,6.273047122243895],[99.87475633621216,6.273217755764634],[99.87477779388428,6.273473705941015],[99.87411260604858,6.273836301809055]],[[99.87162351608276,6.239729858953709],[99.87138748168945,6.2393032477128685],[99.87145185470581,6.238791313765475],[99.87151622772217,6.238705991392308],[99.87226724624634,6.238386032369164],[99.87271785736084,6.238002081283568],[99.8731255531311,6.23798075065946],[99.87342596054077,6.237703452467031],[99.87389802932739,6.237788775003409],[99.87417697906494,6.237916758781921],[99.87447738647461,6.238194056861531],[99.87445592880249,6.238364701760673],[99.87402677536011,6.238876636124786],[99.87391948699951,6.239281917141724],[99.87381219863892,6.239431231121586],[99.87321138381958,6.239559214499039],[99.87273931503296,6.239537883938297],[99.87190246582031,6.239857842258218],[99.87162351608276,6.239729858953709]],[[99.87162351608276,6.278507367192887],[99.87175226211548,6.27893394641913],[99.87140893936157,6.279061920118863],[99.87115144729614,6.279531156748803],[99.8708724975586,6.2797657749051865],[99.87061500549316,6.279616472454265],[99.8702073097229,6.278976604322537],[99.86990690231323,6.27863534099744],[99.86973524093628,6.2785713540991],[99.86943483352661,6.278251419489422],[99.86926317214966,6.2779101556891135],[99.86898422241211,6.277696865700392],[99.86859798431396,6.277120982294505],[99.86812591552734,6.276779717753556],[99.86776113510132,6.276310478644689],[99.86741781234741,6.276161175203228],[99.86690282821655,6.275649277364806],[99.86655950546265,6.275542631918498],[99.86653804779053,6.275094720805626],[99.86643075942993,6.274646809307711],[99.86670970916748,6.27445484711933],[99.8668384552002,6.274113580832022],[99.86711740493774,6.274348201428552],[99.86752510070801,6.27451883452332],[99.86780405044556,6.274902758782233],[99.86804008483887,6.2750733916954005],[99.86855506896973,6.275222695448605],[99.86881256103516,6.275094720805626],[99.86928462982178,6.274476176254865],[99.8695421218872,6.274348201428552],[99.87018585205078,6.274390859707495],[99.87035751342773,6.274582821919452],[99.87059354782104,6.275137379023434],[99.87091541290283,6.275371999158992],[99.87119436264038,6.275329340960397],[99.87138748168945,6.274945417015772],[99.87175226211548,6.27471079668814],[99.87228870391846,6.274774784060682],[99.87250328063965,6.274860100545212],[99.87258911132812,6.275094720805626],[99.87258911132812,6.275414657354105],[99.8726749420166,6.275499973733858],[99.87303972244263,6.275542631918498],[99.87344741821289,6.27577725187156],[99.87374782562256,6.276054529861696],[99.87376928329468,6.276481111096814],[99.87344741821289,6.277398259569409],[99.87246036529541,6.278251419489422],[99.87190246582031,6.2785713540991],[99.87162351608276,6.278507367192887]],[[99.87291097640991,6.2349517932240275],[99.87318992614746,6.235314415810819],[99.87306118011475,6.236508935499657],[99.87299680709839,6.236786234323944],[99.8728895187378,6.2368502263394845],[99.87263202667236,6.236700911624396],[99.87160205841064,6.235698368864689],[99.87162351608276,6.235527723097675],[99.8718810081482,6.235101108437178],[99.87203121185303,6.235015785463432],[99.87291097640991,6.2349517932240275]],[[99.86962795257568,6.245681049537438],[99.86924171447754,6.245681049537438],[99.86900568008423,6.245531737339135],[99.86894130706787,6.245403755420952],[99.86900568008423,6.245041139816294],[99.86891984939575,6.2447851757088415],[99.86907005310059,6.244443890037601],[99.8693060874939,6.2444012293130555],[99.86937046051025,6.244315907853547],[99.86982107162476,6.244678523960474],[99.87007856369019,6.245467746383952],[99.87018585205078,6.245617058600516],[99.8702073097229,6.245809031387807],[99.87005710601807,6.245915682905874],[99.86962795257568,6.245681049537438]],[[99.8605728149414,6.2871241997704175],[99.86100196838379,6.285780495170542],[99.86143112182617,6.285204620707944],[99.8616886138916,6.284692731761581],[99.86216068267822,6.284351472184184],[99.86233234405518,6.282666499740003],[99.86274003982544,6.281557400976567],[99.86413478851318,6.28055494429168],[99.86445665359497,6.2809601929712215],[99.86544370651245,6.281109495036802],[99.86559391021729,6.281173481623213],[99.86585140228271,6.281792018219775],[99.8671817779541,6.282538526926373],[99.8677396774292,6.282602513337125],[99.86821174621582,6.283711609873279],[99.86876964569092,6.284159513573556],[99.86904859542847,6.284714060477739],[99.86962795257568,6.285140634617207],[99.86971378326416,6.2857165091506175],[99.8695421218872,6.286548326795554],[99.86902713775635,6.286505669512792],[99.86846923828125,6.286228397089545],[99.86821174621582,6.2859937818467415],[99.86782550811768,6.285311264175036],[99.86722469329834,6.285588537087179],[99.86668825149536,6.2860364391714825],[99.86634492874146,6.286654969987154],[99.86625909805298,6.287145528386873],[99.86677408218384,6.2879773437462205],[99.86688137054443,6.288318600944592],[99.86677408218384,6.288787829226649],[99.86647367477417,6.289640970472703],[99.86647367477417,6.290216840022296],[99.86664533615112,6.290856694329108],[99.86653804779053,6.291432562531739],[99.86602306365967,6.292200385809281],[99.8656153678894,6.292562968629298],[99.8647141456604,6.292349684648144],[99.8643708229065,6.291880459581506],[99.86389875411987,6.291752489035247],[99.86323356628418,6.290750051999339],[99.86205339431763,6.290088869066395],[99.86117362976074,6.289022443208893],[99.86076593399048,6.288126643798066],[99.8605728149414,6.2871241997704175]],[[99.86861944198608,6.292968207952242],[99.86823320388794,6.292776252522884],[99.86791133880615,6.292648282197234],[99.8680830001831,6.29247765504735],[99.86857652664185,6.29247765504735],[99.8686408996582,6.292562968629298],[99.86876964569092,6.292584297022586],[99.86902713775635,6.292392341451389],[99.86932754516602,6.2923283562452355],[99.86962795257568,6.292520311840079],[99.86971378326416,6.292669610587026],[99.86967086791992,6.292882894436843],[99.8695421218872,6.293074849826809],[99.86941337585449,6.293074849826809],[99.86922025680542,6.293074849826809],[99.86889839172363,6.292925551196291],[99.86861944198608,6.292968207952242]],[[99.86778259277344,6.305530470093402],[99.86782550811768,6.305231879954832],[99.86788988113403,6.305189224206714],[99.8680830001831,6.305146568455086],[99.86831903457642,6.3052958635704215],[99.86842632293701,6.305594453672157],[99.86836194992065,6.305765076510241],[99.86816883087158,6.305829060060034],[99.86788988113403,6.305701092952532],[99.86778259277344,6.305530470093402]],[[99.85531568527222,6.264792658994679],[99.85583066940308,6.265048613305652],[99.8563027381897,6.2650272837845336],[99.85643148422241,6.2651979199290935],[99.8563027381897,6.2654325445367505],[99.85555171966553,6.265453874041313],[99.85533714294434,6.265389885525025],[99.8550796508789,6.265133931381413],[99.85495090484619,6.264792658994679],[99.85531568527222,6.264792658994679]]]}},{"type":"Feature","id":"pmtiles:12/3185/1976:water:160:1","properties":{"class":"ocean","water":"ocean","kind":"waterway","verification":"verified","source":"OpenMapTiles/OpenStreetMap national PMTiles","sourceId":"12/3185/1976:water:160:1","sourceLayer":"water","archive":"https://its.hanifahseptiani45.workers.dev/v1/map/archive/indonesia.pmtiles","updatedAt":"2026-07-26T10:35:27.926Z"},"geometry":{"type":"Polygon","coordinates":[[[99.93026733398438,6.226568742378319],[99.93026733398438,6.313144460509619],[99.93033170700073,6.313144460509619],[99.93037462234497,6.313421718553315],[99.9306321144104,6.313485701157703],[99.93110418319702,6.313336408401824],[99.93155479431152,6.31303782276099],[99.9317479133606,6.3127818920746535],[99.9320912361145,6.312696581817789],[99.93247747421265,6.312845874758096],[99.93273496627808,6.313357735941025],[99.93290662765503,6.31393357916707],[99.93312120437622,6.314338801794136],[99.93342161178589,6.314509421752746],[99.9336576461792,6.314850661501353],[99.93352890014648,6.31506393622999],[99.93348598480225,6.315447830520185],[99.93307828903198,6.315469157972402],[99.9326491355896,6.3156611050028175],[99.93262767791748,6.316236945667072],[99.93290662765503,6.316599511682597],[99.93290662765503,6.316663493894268],[99.93861436843872,6.316663493894268],[99.93831396102905,6.316194290825024],[99.93752002716064,6.315938361698912],[99.93741273880005,6.31583172452568],[99.93739128112793,6.315703759888805],[99.93752002716064,6.315447830520185],[99.937584400177,6.314871988978155],[99.93790626525879,6.314594731710997],[99.93799209594727,6.314210836788263],[99.9381422996521,6.314018889220165],[99.93842124938965,6.313336408401824],[99.9382495880127,6.312952512546261],[99.93820667266846,6.312653926684078],[99.93784189224243,6.312397995808055],[99.93777751922607,6.312184719981445],[99.93792772293091,6.3118221508746615],[99.93816375732422,6.311779495668944],[99.93835687637329,6.312056754443319],[99.93863582611084,6.312291357905721],[99.93893623352051,6.3122700303226225],[99.93906497955322,6.311864806076869],[99.93938684463501,6.311608874810943],[99.93938684463501,6.311438253896753],[99.93919372558594,6.311160994791322],[99.93923664093018,6.310798424968027],[99.93947267532349,6.310734442031688],[99.93964433670044,6.310883735537516],[99.93962287902832,6.311097011899761],[99.93955850601196,6.311246305301111],[99.93957996368408,6.311480909130566],[99.93979454040527,6.3115235643608685],[99.94043827056885,6.310713114384484],[99.94086742401123,6.3106491314376285],[99.94136095046997,6.310457182549598],[99.94215488433838,6.3106064761353196],[99.94215488433838,6.310734442031688],[99.94239091873169,6.310734442031688],[99.942626953125,6.310905063177685],[99.94266986846924,6.311267632926345],[99.942626953125,6.311480909130566],[99.94247674942017,6.31171551285378],[99.94258403778076,6.3118221508746615],[99.94275569915771,6.311843478476192],[99.94277715682983,6.3120354268505565],[99.94249820709229,6.3120780820352],[99.94241237640381,6.311864806076869],[99.94211196899414,6.3127392369479765],[99.94230508804321,6.3127818920746535],[99.94264841079712,6.312632599115915],[99.94292736053467,6.312675254251374],[99.94286298751831,6.312845874758096],[99.94292736053467,6.31303782276099],[99.94288444519043,6.3139549066816585],[99.94312047958374,6.314018889220165],[99.94333505630493,6.313848269099907],[99.9431848526001,6.313485701157703],[99.9432921409607,6.3132724257790045],[99.94357109069824,6.313144460509619],[99.94385004043579,6.3132297706927005],[99.94404315948486,6.313890924135251],[99.94421482086182,6.31423216429144],[99.94410753250122,6.314360129292027],[99.94436502456665,6.314360129292027],[99.94479417800903,6.314125526766787],[99.94513750076294,6.314253491793735],[99.94522333145142,6.314445439274863],[99.9450945854187,6.3147013691390015],[99.94537353515625,6.314829334023642],[99.94545936584473,6.315191901025017],[99.94522333145142,6.315597122667242],[99.94505167007446,6.315533140323765],[99.94503021240234,6.315981016562034],[99.94485855102539,6.316066326277777],[99.94470834732056,6.3158957068322366],[99.94410753250122,6.3158957068322366],[99.94421482086182,6.316130308555344],[99.9443006515503,6.316578184276949],[99.94354963302612,6.3165355294630245],[99.94312047958374,6.316663493894268],[100.02090454101562,6.316663493894268],[100.02090454101562,6.226568742378319],[99.93026733398438,6.226568742378319]],[[99.9354600906372,6.306852795783016],[99.93548154830933,6.307151384988089],[99.93528842926025,6.3074286462388045],[99.9351167678833,6.3073859906714205],[99.93481636047363,6.307684579569369],[99.93462324142456,6.308047151571358],[99.93436574935913,6.308132462593775],[99.93427991867065,6.308303084596531],[99.9340009689331,6.308281756849254],[99.93314266204834,6.308644328433488],[99.93286371231079,6.308665656165843],[99.93206977844238,6.309689386286408],[99.93159770965576,6.309817352409297],[99.93112564086914,6.309817352409297],[99.93091106414795,6.309710713975761],[99.93080377578735,6.309369470840977],[99.93084669113159,6.308857605717492],[99.9311900138855,6.308260429101111],[99.93112564086914,6.307492629583294],[99.93161916732788,6.306724828928196],[99.93166208267212,6.306426239477446],[99.93179082870483,6.306298272517338],[99.93211269378662,6.306319600346214],[99.93247747421265,6.30595702713596],[99.93307828903198,6.305935699292164],[99.93475198745728,6.306554206405963],[99.9351167678833,6.306490222945655],[99.9354600906372,6.306852795783016]],[[99.93412971496582,6.316002343992295],[99.93417263031006,6.316151635979466],[99.93393659591675,6.316172963402693],[99.93374347686768,6.316002343992295],[99.93372201919556,6.31585305196208],[99.93363618850708,6.315917034266008],[99.93357181549072,6.3158957068322366],[99.9335503578186,6.31585305196208],[99.9336576461792,6.315789069650236],[99.9335503578186,6.31561845011332],[99.93361473083496,6.315469157972402],[99.93382930755615,6.315511812874178],[99.93370056152344,6.315767742211193],[99.93387222290039,6.315703759888805],[99.93393659591675,6.3158957068322366],[99.93412971496582,6.316002343992295]]]}},{"type":"Feature","id":"pmtiles:12/3186/1976:water:160:0","properties":{"class":"ocean","water":"ocean","kind":"waterway","verification":"verified","source":"OpenMapTiles/OpenStreetMap national PMTiles","sourceId":"12/3186/1976:water:160:0","sourceLayer":"water","archive":"https://its.hanifahseptiani45.workers.dev/v1/map/archive/indonesia.pmtiles","updatedAt":"2026-07-26T10:35:27.976Z"},"geometry":{"type":"Polygon","coordinates":[[[100.01815795898438,6.316663493894268],[100.10879516601562,6.316663493894268],[100.10879516601562,6.226568742378319],[100.01815795898438,6.226568742378319],[100.01815795898438,6.316663493894268]]]}},{"type":"Feature","id":"pmtiles:12/3187/1976:water:160:0","properties":{"class":"ocean","water":"ocean","kind":"waterway","verification":"verified","source":"OpenMapTiles/OpenStreetMap national PMTiles","sourceId":"12/3187/1976:water:160:0","sourceLayer":"water","archive":"https://its.hanifahseptiani45.workers.dev/v1/map/archive/indonesia.pmtiles","updatedAt":"2026-07-26T10:35:28.059Z"},"geometry":{"type":"Polygon","coordinates":[[[100.16031503677368,6.316663493894268],[100.16080856323242,6.314871988978155],[100.16104459762573,6.3141041992592335],[100.16183853149414,6.311971444067012],[100.1633620262146,6.309198849189329],[100.16374826431274,6.308260429101111],[100.16417741775513,6.3068954513942685],[100.16555070877075,6.30422946894646],[100.1659369468689,6.303717598748065],[100.1661729812622,6.303610959059824],[100.16643047332764,6.3035683031783805],[100.16647338867188,6.3035256472934265],[100.16645193099976,6.303397679617547],[100.1661729812622,6.303120416211499],[100.16600131988525,6.302821824685381],[100.16595840454102,6.3025445609715405],[100.16597986221313,6.302160657123082],[100.16613006591797,6.3019047210663075],[100.16658067703247,6.3015634727942],[100.16681671142578,6.301286208407859],[100.16767501831055,6.2996226189786455],[100.16776084899902,6.299260041087564],[100.16765356063843,6.298854806674285],[100.16793251037598,6.297553788788207],[100.16812562942505,6.296018156924319],[100.168297290802,6.295229011005603],[100.17022848129272,6.290920679716464],[100.17134428024292,6.289022443208893],[100.17168760299683,6.288574543696413],[100.17276048660278,6.287486786131154],[100.1729965209961,6.2871241997704175],[100.17404794692993,6.2852899354833625],[100.17657995223999,6.2801283663934555],[100.17760992050171,6.278336735404565],[100.17808198928833,6.27669440158337],[100.17941236495972,6.2738576309699],[100.17969131469727,6.273388389229524],[100.1803994178772,6.272599208986179],[100.18057107925415,6.272300599933871],[100.18069982528687,6.271959332236065],[100.18076419830322,6.271212808368304],[100.18102169036865,6.269890392035933],[100.18166542053223,6.268290690377896],[100.183424949646,6.264941965691335],[100.18396139144897,6.264152772668069],[100.18593549728394,6.261379922855895],[100.18812417984009,6.258073813452711],[100.19108533859253,6.2540851245873625],[100.1917290687561,6.253466555138914],[100.19200801849365,6.253317245162407],[100.19248008728027,6.253274585161293],[100.19299507141113,6.253317245162407],[100.194411277771,6.253701185015856],[100.19529104232788,6.254042464648876],[100.19567728042603,6.254298424227471],[100.19580602645874,6.254127784522339],[100.19638538360596,6.253701185015856],[100.19567728042603,6.2529759650560095],[100.1948618888855,6.251930793344641],[100.19445419311523,6.2511629107562925],[100.19434690475464,6.250800299142156],[100.19428253173828,6.250224386061916],[100.194411277771,6.249157878683619],[100.19469022750854,6.248432652424654],[100.19494771957397,6.247942057620705],[100.19522666931152,6.2476647647019945],[100.19612789154053,6.2470675179165625],[100.19668579101562,6.246726233733185],[100.19668579101562,6.226568742378319],[100.10604858398438,6.226568742378319],[100.10604858398438,6.316663493894268],[100.16031503677368,6.316663493894268]]]}},{"type":"Feature","id":"pmtiles:12/3184/1977:water:160:0","properties":{"class":"ocean","water":"ocean","kind":"waterway","verification":"verified","source":"OpenMapTiles/OpenStreetMap national PMTiles","sourceId":"12/3184/1977:water:160:0","sourceLayer":"water","archive":"https://its.hanifahseptiani45.workers.dev/v1/map/archive/indonesia.pmtiles","updatedAt":"2026-07-26T10:35:59.264Z"},"geometry":{"type":"Polygon","coordinates":[[[99.84237670898438,6.19433648020545],[99.84237670898438,6.225011570608231],[99.84490871429443,6.225544849131495],[99.84714031219482,6.2259074782180335],[99.84902858734131,6.2260354648946645],[99.85061645507812,6.22595014044704],[99.85233306884766,6.225672835896503],[99.8526120185852,6.225523518000969],[99.85269784927368,6.225374200062959],[99.85269784927368,6.224712934398724],[99.85310554504395,6.220382690286499],[99.8531699180603,6.220148045497851],[99.85353469848633,6.2195294360075195],[99.853835105896,6.218121563419828],[99.85381364822388,6.21790824906256],[99.85351324081421,6.216777681524533],[99.85344886779785,6.215732437676493],[99.85344886779785,6.215412464654776],[99.85368490219116,6.214772518027473],[99.85364198684692,6.21391925464701],[99.85374927520752,6.213364632707751],[99.85385656356812,6.213257974575498],[99.8543930053711,6.213065989882978],[99.85452175140381,6.213193979685784],[99.85469341278076,6.213535285674396],[99.85557317733765,6.213727270195719],[99.85589504241943,6.214217896987563],[99.85632419586182,6.214473876001705],[99.85683917999268,6.214665860180588],[99.85741853713989,6.214708523321946],[99.85759019851685,6.215156486097257],[99.85763311386108,6.215732437676493],[99.85789060592651,6.216159068069416],[99.85793352127075,6.216372383136118],[99.8577618598938,6.216927001904693],[99.85771894454956,6.217652271719615],[99.85748291015625,6.218313546267396],[99.85733270645142,6.218910825789337],[99.85728979110718,6.219230796682737],[99.8573112487793,6.2194867732572305],[99.85769748687744,6.219956063320126],[99.85789060592651,6.220681328956957],[99.85814809799194,6.221321268393737],[99.8586630821228,6.221705231681824],[99.85909223556519,6.222153188496705],[99.85952138900757,6.222622476178941],[99.85971450805664,6.222921113576703],[99.85984325408936,6.22332640691647],[99.85960721969604,6.224072999092385],[99.85982179641724,6.224435629195028],[99.86014366149902,6.22588614710223],[99.86048698425293,6.227123350386847],[99.8608946800232,6.227656626765722],[99.8616886138916,6.228232564646532],[99.86173152923584,6.228403212786191],[99.86155986785889,6.228808501895543],[99.86171007156372,6.22929911460929],[99.93301391601562,6.22929911460929],[99.93301391601562,6.139189368969383],[99.84237670898438,6.139189368969383],[99.84237670898438,6.191200608918209],[99.84246253967285,6.191072613776257],[99.84254837036133,6.19062463053514],[99.8426342010498,6.190453970152873],[99.84323501586914,6.190347307385963],[99.84387874603271,6.1895793348283945],[99.84387874603271,6.189963321246736],[99.84405040740967,6.190091316657487],[99.84398603439331,6.190645963079049],[99.84375,6.190795290862269],[99.84366416931152,6.191072613776257],[99.84342813491821,6.191243273958634],[99.84293460845947,6.190944618603268],[99.84252691268921,6.191243273958634],[99.84272003173828,6.191413934085887],[99.84272003173828,6.191733921675819],[99.84248399734497,6.192053909071902],[99.84237670898438,6.192011244096946],[99.84237670898438,6.19358984587393],[99.84278440475464,6.19358984587393],[99.84323501586914,6.193717840405753],[99.8434066772461,6.1938671673203345],[99.84323501586914,6.194187153423641],[99.84252691268921,6.194400477384747],[99.84248399734497,6.194272483018409],[99.84237670898438,6.19433648020545]],[[99.86250400543213,6.216628361101968],[99.86243963241577,6.21696966486266],[99.86233234405518,6.2170763222424625],[99.86203193664551,6.216990996340357],[99.8619031906128,6.216863007461242],[99.8619031906128,6.2167136870629065],[99.8621392250061,6.216607029609563],[99.86237525939941,6.216671024084178],[99.86250400543213,6.216628361101968]],[[99.86175298690796,6.211039480524505],[99.86171007156372,6.211274129375909],[99.86160278320312,6.211487446422794],[99.86149549484253,6.211487446422794],[99.86138820648193,6.211380787910159],[99.86130237579346,6.210890158473717],[99.86115217208862,6.2104635238095085],[99.86117362976074,6.210378196835194],[99.86138820648193,6.210484855550945],[99.86164569854736,6.210804831568538],[99.86175298690796,6.211039480524505]],[[99.84508037567139,6.194528471720034],[99.84480142593384,6.194784460297498],[99.84456539154053,6.194656466024298],[99.84456539154053,6.194421809776117],[99.84439373016357,6.194229818222752],[99.84527349472046,6.19378183766004],[99.84546661376953,6.193845834906554],[99.84540224075317,6.19405915900559],[99.84516620635986,6.194272483018409],[99.84508037567139,6.194528471720034]]]}},{"type":"Feature","id":"pmtiles:12/3185/1977:water:160:0","properties":{"class":"ocean","water":"ocean","kind":"waterway","verification":"verified","source":"OpenMapTiles/OpenStreetMap national PMTiles","sourceId":"12/3185/1977:water:160:0","sourceLayer":"water","archive":"https://its.hanifahseptiani45.workers.dev/v1/map/archive/indonesia.pmtiles","updatedAt":"2026-07-26T10:35:59.343Z"},"geometry":{"type":"Polygon","coordinates":[[[99.93026733398438,6.22929911460929],[100.02090454101562,6.22929911460929],[100.02090454101562,6.139189368969383],[99.93026733398438,6.139189368969383],[99.93026733398438,6.22929911460929]]]}},{"type":"Feature","id":"pmtiles:12/3186/1977:water:160:0","properties":{"class":"ocean","water":"ocean","kind":"waterway","verification":"verified","source":"OpenMapTiles/OpenStreetMap national PMTiles","sourceId":"12/3186/1977:water:160:0","sourceLayer":"water","archive":"https://its.hanifahseptiani45.workers.dev/v1/map/archive/indonesia.pmtiles","updatedAt":"2026-07-26T10:35:59.412Z"},"geometry":{"type":"Polygon","coordinates":[[[100.01815795898438,6.22929911460929],[100.10879516601562,6.22929911460929],[100.10879516601562,6.139189368969383],[100.01815795898438,6.139189368969383],[100.01815795898438,6.22929911460929]]]}},{"type":"Feature","id":"pmtiles:12/3187/1977:water:160:0","properties":{"class":"ocean","water":"ocean","kind":"waterway","verification":"verified","source":"OpenMapTiles/OpenStreetMap national PMTiles","sourceId":"12/3187/1977:water:160:0","sourceLayer":"water","archive":"https://its.hanifahseptiani45.workers.dev/v1/map/archive/indonesia.pmtiles","updatedAt":"2026-07-26T10:35:59.491Z"},"geometry":{"type":"Polygon","coordinates":[[[100.10604858398438,6.22929911460929],[100.19668579101562,6.22929911460929],[100.19668579101562,6.139189368969383],[100.10604858398438,6.139189368969383],[100.10604858398438,6.22929911460929]]]}},{"type":"Feature","id":"pmtiles:12/3184/1978:water:160:0","properties":{"class":"ocean","water":"ocean","kind":"waterway","verification":"verified","source":"OpenMapTiles/OpenStreetMap national PMTiles","sourceId":"12/3184/1978:water:160:0","sourceLayer":"water","archive":"https://its.hanifahseptiani45.workers.dev/v1/map/archive/indonesia.pmtiles","updatedAt":"2026-07-26T10:36:29.844Z"},"geometry":{"type":"Polygon","coordinates":[[[99.84237670898438,6.1419201924305185],[99.93301391601562,6.1419201924305185],[99.93301391601562,6.05179565978203],[99.84237670898438,6.05179565978203],[99.84237670898438,6.1419201924305185]]]}},{"type":"Feature","id":"pmtiles:12/3185/1978:water:160:0","properties":{"class":"ocean","water":"ocean","kind":"waterway","verification":"verified","source":"OpenMapTiles/OpenStreetMap national PMTiles","sourceId":"12/3185/1978:water:160:0","sourceLayer":"water","archive":"https://its.hanifahseptiani45.workers.dev/v1/map/archive/indonesia.pmtiles","updatedAt":"2026-07-26T10:36:29.923Z"},"geometry":{"type":"Polygon","coordinates":[[[99.93026733398438,6.1419201924305185],[100.02090454101562,6.1419201924305185],[100.02090454101562,6.05179565978203],[99.93026733398438,6.05179565978203],[99.93026733398438,6.1419201924305185]]]}},{"type":"Feature","id":"pmtiles:12/3186/1978:water:160:0","properties":{"class":"ocean","water":"ocean","kind":"waterway","verification":"verified","source":"OpenMapTiles/OpenStreetMap national PMTiles","sourceId":"12/3186/1978:water:160:0","sourceLayer":"water","archive":"https://its.hanifahseptiani45.workers.dev/v1/map/archive/indonesia.pmtiles","updatedAt":"2026-07-26T10:36:29.977Z"},"geometry":{"type":"Polygon","coordinates":[[[100.01815795898438,6.1419201924305185],[100.10879516601562,6.1419201924305185],[100.10879516601562,6.05179565978203],[100.01815795898438,6.05179565978203],[100.01815795898438,6.1419201924305185]],[[100.04150390625,6.06404358364],[100.04171848297119,6.06402224603525],[100.04182577133179,6.064086258846956],[100.04210472106934,6.064363647609881],[100.04214763641357,6.06457702348429],[100.04212617874146,6.064769061699053],[100.04238367080688,6.065323838379797],[100.04255533218384,6.066134664809553],[100.04272699356079,6.0665614150722575],[100.04328489303589,6.0672442147899375],[100.04427194595337,6.068183062989533],[100.04457235336304,6.068353762486495],[100.0438642501831,6.068609811630552],[100.04388570785522,6.068652486476054],[100.04375696182251,6.068631149053729],[100.04349946975708,6.068396437352277],[100.04337072372437,6.068417774783896],[100.04337072372437,6.068481787073722],[100.04315614700317,6.068417774783896],[100.04287719726562,6.068183062989533],[100.04225492477417,6.067393577112895],[100.0420618057251,6.067350902167689],[100.04197597503662,6.0672442147899375],[100.04210472106934,6.067180202353143],[100.0420618057251,6.066988164997156],[100.0418472290039,6.066988164997156],[100.04167556762695,6.066838802561861],[100.04120349884033,6.065921289551525],[100.04040956497192,6.064918424707713],[100.04023790359497,6.0647903992742584],[100.03987312316895,6.064256959641014],[100.03985166549683,6.06402224603525],[100.03965854644775,6.0639368956078386],[100.03925085067749,6.063403455130398],[100.0393795967102,6.0633394422376625],[100.03931522369385,6.063211416429397],[100.03935813903809,6.062656637575742],[100.03929376602173,6.062357910264396],[100.03901481628418,6.061995169735354],[100.03912210464478,6.0616964420577375],[100.03895044326782,6.061333701083981],[100.03875732421875,6.061291025659273],[100.03860712051392,6.060992297591795],[100.03860712051392,6.060757582565614],[100.03845691680908,6.060864271226549],[100.03822088241577,6.06071490709536],[100.03819942474365,6.0605655429228165],[100.03770589828491,6.059904072518961],[100.03725528717041,6.059690694796387],[100.03723382949829,6.059776045895546],[100.03708362579346,6.059712032572435],[100.0369119644165,6.05958400590346],[100.03676176071167,6.059413303630933],[100.03674030303955,6.059263939098173],[100.03663301467896,6.059135912322901],[100.03663301467896,6.059007885517275],[100.03648281097412,6.0588585208723345],[100.03624677658081,6.058922534296656],[100.03581762313843,6.058623804918199],[100.03575325012207,6.058453102342],[100.03549575805664,6.05841042668952],[100.03560304641724,6.05830373754354],[100.03551721572876,6.058069021348203],[100.03558158874512,6.057940994289552],[100.03568887710571,6.057962332134764],[100.03564596176147,6.057727615790981],[100.03549575805664,6.057407547885035],[100.03581762313843,6.057450223616797],[100.03613948822021,6.057236844924262],[100.03618240356445,6.057002128265111],[100.03607511520386,6.057002128265111],[100.03618240356445,6.056959452497921],[100.03609657287598,6.056682059929088],[100.0359034538269,6.0565753704415926],[100.03588199615479,6.056490018836428],[100.0361180305481,6.0565753704415926],[100.03626823425293,6.05655403254157],[100.03650426864624,6.056703397824052],[100.03669738769531,6.056703397824052],[100.03669738769531,6.056788749395494],[100.03704071044922,6.057044804028905],[100.0374698638916,6.057172831300065],[100.03759860992432,6.057322196411391],[100.03764152526855,6.057279520669525],[100.03817796707153,6.057770291497448],[100.03828525543213,6.058239724045862],[100.03845691680908,6.058623804918199],[100.03865003585815,6.058794507440425],[100.03871440887451,6.058666480553811],[100.03897190093994,6.05887985868128],[100.03927230834961,6.058986547713388],[100.03918647766113,6.059029223320323],[100.03940105438232,6.059477316989444],[100.03955125808716,6.059605343683742],[100.03970146179199,6.060074774636291],[100.04053831100464,6.061056310763021],[100.040602684021,6.061269687945639],[100.04088163375854,6.061483065043873],[100.04113912582397,6.061525740453405],[100.0411605834961,6.061931156675499],[100.04109621047974,6.062101858151564],[100.04081726074219,6.06237924793497],[100.04079580307007,6.0624859362752375],[100.04101037979126,6.063296766971618],[100.04096746444702,6.063574156140575],[100.04103183746338,6.063830207554545],[100.04131078720093,6.064107596449176],[100.04150390625,6.06404358364]],[[100.05051612854004,6.072215824152835],[100.0504732131958,6.0722584987127135],[100.05040884017944,6.072194486871609],[100.05032300949097,6.072215824152835],[100.05034446716309,6.072130475022917],[100.05043029785156,6.072109137738323],[100.05043029785156,6.071959776722494],[100.05038738250732,6.071917102138954],[100.05043029785156,6.0718957648459195],[100.0504732131958,6.071703729170451],[100.05055904388428,6.071682391868961],[100.0505805015564,6.071767741069877],[100.05079507827759,6.071917102138954],[100.05115985870361,6.072365185097652],[100.0513744354248,6.072429196918463],[100.05133152008057,6.072471871461445],[100.05146026611328,6.072471871461445],[100.05154609680176,6.072599895070084],[100.0514817237854,6.072535883269566],[100.05128860473633,6.072557220537263],[100.05111694335938,6.072493208731657],[100.05107402801514,6.072557220537263],[100.05100965499878,6.072514546001045],[100.05096673965454,6.072557220537263],[100.05094528198242,6.072450534190381],[100.05073070526123,6.072471871461445],[100.05051612854004,6.072215824152835]],[[100.0570821762085,6.073538733936971],[100.05710363388062,6.073880129482745],[100.05706071853638,6.0743708852005796],[100.0574254989624,6.074925651995116],[100.0576400756836,6.075075012188293],[100.05783319473267,6.0751390236869725],[100.0579833984375,6.075437743913469],[100.05781173706055,6.075544429668483],[100.05733966827393,6.075395069605548],[100.05710363388062,6.075245709501189],[100.05682468414307,6.075267046661494],[100.05633115768433,6.075608441111328],[100.0560736656189,6.075651115402337],[100.0556230545044,6.075437743913469],[100.05553722381592,6.075203035178035],[100.05568742752075,6.0751390236869725],[100.05555868148804,6.074712280218705],[100.0554084777832,6.074669605853288],[100.05525827407837,6.074264199213005],[100.0555157661438,6.073645420068274],[100.05583763122559,6.0734747222480365],[100.05588054656982,6.07302664021249],[100.05615949630737,6.0727492559084055],[100.05671739578247,6.072962628462676],[100.0570821762085,6.073538733936971]]]}},{"type":"Feature","id":"pmtiles:12/3187/1978:water:160:0","properties":{"class":"ocean","water":"ocean","kind":"waterway","verification":"verified","source":"OpenMapTiles/OpenStreetMap national PMTiles","sourceId":"12/3187/1978:water:160:0","sourceLayer":"water","archive":"https://its.hanifahseptiani45.workers.dev/v1/map/archive/indonesia.pmtiles","updatedAt":"2026-07-26T10:36:30.037Z"},"geometry":{"type":"Polygon","coordinates":[[[100.10604858398438,6.1419201924305185],[100.19668579101562,6.1419201924305185],[100.19668579101562,6.05179565978203],[100.10604858398438,6.05179565978203],[100.10604858398438,6.1419201924305185]]]}},{"type":"Feature","id":"pmtiles:12/3184/1979:water:160:0","properties":{"class":"ocean","water":"ocean","kind":"waterway","verification":"verified","source":"OpenMapTiles/OpenStreetMap national PMTiles","sourceId":"12/3184/1979:water:160:0","sourceLayer":"water","archive":"https://its.hanifahseptiani45.workers.dev/v1/map/archive/indonesia.pmtiles","updatedAt":"2026-07-26T10:37:03.588Z"},"geometry":{"type":"Polygon","coordinates":[[[99.84237670898438,6.054526928194491],[99.93301391601562,6.054526928194491],[99.93301391601562,5.964387815824367],[99.84237670898438,5.964387815824367],[99.84237670898438,6.054526928194491]]]}},{"type":"Feature","id":"pmtiles:12/3185/1979:water:160:0","properties":{"class":"ocean","water":"ocean","kind":"waterway","verification":"verified","source":"OpenMapTiles/OpenStreetMap national PMTiles","sourceId":"12/3185/1979:water:160:0","sourceLayer":"water","archive":"https://its.hanifahseptiani45.workers.dev/v1/map/archive/indonesia.pmtiles","updatedAt":"2026-07-26T10:37:03.645Z"},"geometry":{"type":"Polygon","coordinates":[[[99.93026733398438,6.054526928194491],[100.02090454101562,6.054526928194491],[100.02090454101562,5.964387815824367],[99.93026733398438,5.964387815824367],[99.93026733398438,6.054526928194491]]]}},{"type":"Feature","id":"pmtiles:12/3186/1979:water:160:0","properties":{"class":"ocean","water":"ocean","kind":"waterway","verification":"verified","source":"OpenMapTiles/OpenStreetMap national PMTiles","sourceId":"12/3186/1979:water:160:0","sourceLayer":"water","archive":"https://its.hanifahseptiani45.workers.dev/v1/map/archive/indonesia.pmtiles","updatedAt":"2026-07-26T10:37:03.705Z"},"geometry":{"type":"Polygon","coordinates":[[[100.01815795898438,6.054526928194491],[100.10879516601562,6.054526928194491],[100.10879516601562,5.964387815824367],[100.01815795898438,5.964387815824367],[100.01815795898438,6.054526928194491]]]}},{"type":"Feature","id":"pmtiles:12/3187/1979:water:160:0","properties":{"class":"ocean","water":"ocean","kind":"waterway","verification":"verified","source":"OpenMapTiles/OpenStreetMap national PMTiles","sourceId":"12/3187/1979:water:160:0","sourceLayer":"water","archive":"https://its.hanifahseptiani45.workers.dev/v1/map/archive/indonesia.pmtiles","updatedAt":"2026-07-26T10:37:03.768Z"},"geometry":{"type":"Polygon","coordinates":[[[100.10604858398438,6.054526928194491],[100.19668579101562,6.054526928194491],[100.19668579101562,5.964387815824367],[100.10604858398438,5.964387815824367],[100.10604858398438,6.054526928194491]]]}},{"type":"Feature","id":"pmtiles:10/796/493:water:160:3","properties":{"class":"ocean","water":"ocean","kind":"waterway","verification":"verified","source":"OpenMapTiles/OpenStreetMap national PMTiles","sourceId":"10/796/493:water:160:3","sourceLayer":"water","archive":"https://its.hanifahseptiani45.workers.dev/v1/map/archive/indonesia.pmtiles","updatedAt":"2026-07-26T09:37:46.003Z"},"geometry":{"type":"Polygon","coordinates":[[[99.91181373596191,6.310350544247768],[99.9122428894043,6.309838680093364],[99.91061210632324,6.309838680093364],[99.91052627563477,6.3106064761353196],[99.9111270904541,6.310691786736413],[99.91181373596191,6.310350544247768]]]}},{"type":"Feature","id":"pmtiles:10/796/493:water:160:4","properties":{"class":"ocean","water":"ocean","kind":"waterway","verification":"verified","source":"OpenMapTiles/OpenStreetMap national PMTiles","sourceId":"10/796/493:water:160:4","sourceLayer":"water","archive":"https://its.hanifahseptiani45.workers.dev/v1/map/archive/indonesia.pmtiles","updatedAt":"2026-07-26T09:37:46.003Z"},"geometry":{"type":"Polygon","coordinates":[[[99.89567756652832,6.310094612233769],[99.8957633972168,6.309838680093364],[99.89327430725098,6.309838680093364],[99.89344596862793,6.310009301534336],[99.8928451538086,6.311374271039426],[99.89327430725098,6.31171551285378],[99.8943042755127,6.311971444067012],[99.89481925964355,6.311971444067012],[99.89499092102051,6.311544891974705],[99.89516258239746,6.310094612233769],[99.89567756652832,6.310094612233769]]]}},{"type":"Feature","id":"pmtiles:10/796/493:water:160:5","properties":{"class":"ocean","water":"ocean","kind":"waterway","verification":"verified","source":"OpenMapTiles/OpenStreetMap national PMTiles","sourceId":"10/796/493:water:160:5","sourceLayer":"water","archive":"https://its.hanifahseptiani45.workers.dev/v1/map/archive/indonesia.pmtiles","updatedAt":"2026-07-26T09:37:46.003Z"},"geometry":{"type":"Polygon","coordinates":[[[99.89052772521973,6.310691786736413],[99.89130020141602,6.309838680093364],[99.88949775695801,6.309838680093364],[99.88941192626953,6.310009301534336],[99.89001274108887,6.310521165520171],[99.89052772521973,6.310691786736413]]]}},{"type":"Feature","id":"pmtiles:10/796/494:water:160:0","properties":{"class":"ocean","water":"ocean","kind":"waterway","verification":"verified","source":"OpenMapTiles/OpenStreetMap national PMTiles","sourceId":"10/796/494:water:160:0","sourceLayer":"water","archive":"https://its.hanifahseptiani45.workers.dev/v1/map/archive/indonesia.pmtiles","updatedAt":"2026-07-26T09:37:59.678Z"},"geometry":{"type":"Polygon","coordinates":[[[99.83928680419922,6.294994399825555],[99.8382568359375,6.294653147010877],[99.8382568359375,6.320758338986863],[99.84460830688477,6.320758338986863],[99.84503746032715,6.320331794135171],[99.84555244445801,6.320758338986863],[99.84512329101562,6.320246485122624],[99.84709739685059,6.317943136466653],[99.8492431640625,6.319564012515826],[99.84950065612793,6.31947870337666],[99.84950065612793,6.3188815390087285],[99.84795570373535,6.317516589294087],[99.84967231750488,6.315554467772472],[99.85061645507812,6.316236945667072],[99.85078811645508,6.3158957068322366],[99.85044479370117,6.315298538330026],[99.85104560852051,6.315213228487778],[99.85147476196289,6.314616059198357],[99.8521614074707,6.312397995808055],[99.85207557678223,6.311971444067012],[99.85156059265137,6.311971444067012],[99.85164642333984,6.311800823272236],[99.85310554504395,6.310777097323452],[99.85396385192871,6.309156193767649],[99.85387802124023,6.30907088291373],[99.85353469848633,6.309582747826568],[99.85284805297852,6.309326815433337],[99.85267639160156,6.308729639357622],[99.85156059265137,6.308900261163771],[99.85156059265137,6.309156193767649],[99.85138893127441,6.308985572045771],[99.85113143920898,6.30907088291373],[99.85113143920898,6.308644328433488],[99.85138893127441,6.308729639357622],[99.8518180847168,6.307705907341202],[99.85138893127441,6.307449974021168],[99.85147476196289,6.307194040574785],[99.85190391540527,6.307279351737606],[99.85241889953613,6.307876529484361],[99.85293388366699,6.3075352851418955],[99.85276222229004,6.307279351737606],[99.85087394714355,6.306852795783016],[99.8507022857666,6.307023418206967],[99.85044479370117,6.307023418206967],[99.85027313232422,6.306511550766643],[99.85061645507812,6.305146568455086],[99.85087394714355,6.305146568455086],[99.85138893127441,6.303099088251045],[99.85104560852051,6.302757840764571],[99.85156059265137,6.302160657123082],[99.85164642333984,6.300454414359876],[99.85207557678223,6.29985722806731],[99.85190391540527,6.298748165986638],[99.85301971435547,6.299089416110007],[99.85344886779785,6.2995159784487385],[99.85919952392578,6.297468476026026],[99.85971450805664,6.29687128629827],[99.86031532287598,6.297127224837126],[99.86143112182617,6.296359408842079],[99.86246109008789,6.295420965528621],[99.86228942871094,6.294738460235564],[99.86100196838379,6.293202820047398],[99.86083030700684,6.292776252522884],[99.86074447631836,6.292349684648144],[99.86100196838379,6.291667175320242],[99.86091613769531,6.291240606535098],[99.8613452911377,6.291069978922991],[99.86177444458008,6.291411234091157],[99.8616886138916,6.292946879574714],[99.86186027526855,6.293373446959137],[99.86263275146484,6.293544073814843],[99.86409187316895,6.294567833772163],[99.86443519592285,6.296530034716881],[99.86486434936523,6.2977244142704905],[99.86452102661133,6.29857754084081],[99.86452102661133,6.299601290874406],[99.86417770385742,6.299942540436888],[99.8642635345459,6.30105159996522],[99.86383438110352,6.302587216937155],[99.86323356628418,6.303440335513017],[99.86160278320312,6.304464075951884],[99.8616886138916,6.306255616856944],[99.86237525939941,6.306426239477446],[99.86271858215332,6.306170305525626],[99.8628044128418,6.306340928174222],[99.86220359802246,6.306852795783016],[99.86271858215332,6.308132462593775],[99.86443519592285,6.308814950267717],[99.86469268798828,6.308729639357622],[99.86452102661133,6.308132462593775],[99.86486434936523,6.307876529484361],[99.86503601074219,6.3079618405348725],[99.86503601074219,6.308644328433488],[99.86555099487305,6.308814950267717],[99.86701011657715,6.307194040574785],[99.8671817779541,6.307364662886414],[99.86778259277344,6.307023418206967],[99.86778259277344,6.306084994180296],[99.86846923828125,6.305999682820911],[99.86889839172363,6.305573125813453],[99.86992835998535,6.305317191440551],[99.87027168273926,6.305743748658557],[99.87018585205078,6.306170305525626],[99.8712158203125,6.306511550766643],[99.87215995788574,6.306170305525626],[99.8723316192627,6.305743748658557],[99.87284660339355,6.305487814369869],[99.87370491027832,6.305573125813453],[99.87421989440918,6.305999682820911],[99.87456321716309,6.306938107002026],[99.87516403198242,6.307364662886414],[99.87602233886719,6.3079618405348725],[99.876708984375,6.308047151571358],[99.87713813781738,6.308473706543097],[99.8781681060791,6.308644328433488],[99.87851142883301,6.308985572045771],[99.87911224365234,6.309241504607513],[99.87919807434082,6.309582747826568],[99.88031387329102,6.310179922919147],[99.88082885742188,6.311033029000299],[99.88160133361816,6.311544891974705],[99.8818588256836,6.312312685487953],[99.88031387329102,6.314616059198357],[99.87997055053711,6.315639777558502],[99.88014221191406,6.316236945667072],[99.87954139709473,6.316492874645576],[99.87945556640625,6.3170900417699585],[99.88048553466797,6.3189668482463475],[99.88245964050293,6.3189668482463475],[99.88314628601074,6.319137466679393],[99.8836612701416,6.319905248931761],[99.88383293151855,6.320758338986863],[99.9166202545166,6.320758338986863],[99.91524696350098,6.320075867055323],[99.91464614868164,6.320075867055323],[99.91430282592773,6.319734630751924],[99.91456031799316,6.318284373951585],[99.91421699523926,6.317943136466653],[99.91310119628906,6.317601898756735],[99.9125862121582,6.317772517639824],[99.91198539733887,6.318710920491284],[99.91164207458496,6.3189668482463475],[99.91035461425781,6.318710920491284],[99.91018295288086,6.318369683287656],[99.90958213806152,6.318369683287656],[99.90889549255371,6.319222775874806],[99.90786552429199,6.319564012515826],[99.90649223327637,6.319222775874806],[99.90554809570312,6.319308085056164],[99.90477561950684,6.319819939848884],[99.90348815917969,6.319052157469898],[99.90245819091797,6.317857827060266],[99.9015998840332,6.317857827060266],[99.89885330200195,6.318540301917622],[99.89850997924805,6.3180284458589995],[99.89748001098633,6.318113755237263],[99.89696502685547,6.317857827060266],[99.89679336547852,6.3170900417699585],[99.89619255065918,6.316919422661854],[99.8957633972168,6.317175351302907],[99.8946475982666,6.316834113086728],[99.89378929138184,6.317601898756735],[99.89344596862793,6.318284373951585],[99.8931884765625,6.318369683287656],[99.89250183105469,6.316919422661854],[99.89095687866211,6.316407565000134],[99.8906135559082,6.316066326277777],[99.8906135559082,6.314957298876649],[99.89104270935059,6.31427481929515],[99.89078521728516,6.31393357916707],[99.89087104797363,6.313080477863068],[99.88992691040039,6.313677648923445],[99.88949775695801,6.31427481929515],[99.88872528076172,6.3141041992592335],[99.88838195800781,6.313421718553315],[99.88726615905762,6.313592338814118],[99.88666534423828,6.313848269099907],[99.88640785217285,6.314957298876649],[99.88546371459961,6.315042608761075],[99.88529205322266,6.314360129292027],[99.88572120666504,6.313251098236293],[99.8851203918457,6.312142064805585],[99.88409042358398,6.31163020242127],[99.88391876220703,6.311374271039426],[99.88409042358398,6.310947718455395],[99.88460540771484,6.310947718455395],[99.88443374633789,6.310521165520171],[99.8851203918457,6.310009301534336],[99.88546371459961,6.310521165520171],[99.88632202148438,6.310094612233769],[99.88666534423828,6.309326815433337],[99.8862361907959,6.307876529484361],[99.88675117492676,6.3075352851418955],[99.88795280456543,6.308047151571358],[99.88821029663086,6.307876529484361],[99.8888111114502,6.308473706543097],[99.88958358764648,6.308644328433488],[99.88984107971191,6.309156193767649],[99.88958358764648,6.30975336935181],[99.88949775695801,6.30975336935181],[99.88941192626953,6.310009301534336],[99.89001274108887,6.310521165520171],[99.89052772521973,6.310691786736413],[99.89164352416992,6.30949743704285],[99.89164352416992,6.308644328433488],[99.8920726776123,6.308473706543097],[99.89241600036621,6.308814950267717],[99.89241600036621,6.309241504607513],[99.89344596862793,6.310009301534336],[99.8928451538086,6.311374271039426],[99.89327430725098,6.31171551285378],[99.8943042755127,6.311971444067012],[99.89481925964355,6.311971444067012],[99.89499092102051,6.311544891974705],[99.89516258239746,6.310094612233769],[99.89567756652832,6.310094612233769],[99.89584922790527,6.309668058596216],[99.89627838134766,6.309326815433337],[99.89584922790527,6.30907088291373],[99.89593505859375,6.308814950267717],[99.89653587341309,6.309241504607513],[99.89645004272461,6.309838680093364],[99.89705085754395,6.30975336935181],[99.89765167236328,6.308900261163771],[99.89911079406738,6.308047151571358],[99.89945411682129,6.308388395576827],[99.89885330200195,6.30907088291373],[99.89962577819824,6.309668058596216],[99.90022659301758,6.309326815433337],[99.90074157714844,6.309241504607513],[99.90099906921387,6.30975336935181],[99.90151405334473,6.309838680093364],[99.9027156829834,6.309156193767649],[99.90426063537598,6.309326815433337],[99.90434646606445,6.308900261163771],[99.90477561950684,6.308985572045771],[99.90503311157227,6.309326815433337],[99.90623474121094,6.309412126245121],[99.90700721740723,6.309412126245121],[99.90752220153809,6.30907088291373],[99.90889549255371,6.309582747826568],[99.91061210632324,6.30975336935181],[99.91052627563477,6.3106064761353196],[99.9111270904541,6.310691786736413],[99.91181373596191,6.310350544247768],[99.9125862121582,6.309326815433337],[99.91250038146973,6.308644328433488],[99.91147041320801,6.307108729397896],[99.91129875183105,6.306084994180296],[99.91138458251953,6.305231879954832],[99.9107837677002,6.304805322315758],[99.91104125976562,6.304208141031609],[99.91207122802734,6.303099088251045],[99.91344451904297,6.303781582550485],[99.91490364074707,6.303610959059824],[99.91473197937012,6.303013776400476],[99.91850852966309,6.302501905002401],[99.91928100585938,6.302160657123082],[99.91971015930176,6.301392848573968],[99.9195384979248,6.29985722806731],[99.92039680480957,6.297639101536362],[99.92082595825195,6.297127224837126],[99.92074012756348,6.296700660535606],[99.92091178894043,6.296530034716881],[99.9203109741211,6.295079712994195],[99.9203109741211,6.294311893971994],[99.92082595825195,6.294397207252729],[99.92142677307129,6.294226580677233],[99.9217700958252,6.293800013993305],[99.92202758789062,6.293885327358112],[99.92228507995605,6.294482520519452],[99.92202758789062,6.295420965528621],[99.92219924926758,6.296615347633235],[99.92237091064453,6.2969565991585625],[99.9235725402832,6.297297850459614],[99.9235725402832,6.2977244142704905],[99.92365837097168,6.29857754084081],[99.92400169372559,6.299601290874406],[99.92271423339844,6.300113165133979],[99.92305755615234,6.30164878488327],[99.9250316619873,6.3043787643258185],[99.92537498474121,6.305487814369869],[99.92417335510254,6.307108729397896],[99.92417335510254,6.308644328433488],[99.92554664611816,6.311544891974705],[99.92631912231445,6.312227375153796],[99.92623329162598,6.312909857433624],[99.92700576782227,6.313421718553315],[99.92777824401855,6.314957298876649],[99.92794990539551,6.317004732222941],[99.92846488952637,6.317260660821788],[99.92966651916504,6.317260660821788],[99.9305248260498,6.316834113086728],[99.93061065673828,6.316578184276949],[99.93103981018066,6.316066326277777],[99.93138313293457,6.316151635979466],[99.93155479431152,6.315469157972402],[99.93078231811523,6.31453074924363],[99.9305248260498,6.314360129292027],[99.92958068847656,6.314616059198357],[99.92940902709961,6.31427481929515],[99.92975234985352,6.313336408401824],[99.93035316467285,6.313165788056708],[99.93035316467285,6.313421718553315],[99.93061065673828,6.313507028690736],[99.93206977844238,6.3127392369479765],[99.93249893188477,6.312824547197835],[99.9330997467041,6.314360129292027],[99.93361473083496,6.314871988978155],[99.93352890014648,6.315469157972402],[99.93267059326172,6.315639777558502],[99.93292808532715,6.317175351302907],[99.93344306945801,6.317175351302907],[99.93378639221191,6.3173459703266275],[99.93370056152344,6.317772517639824],[99.93327140808105,6.318199064601458],[99.93378639221191,6.318454992609659],[99.9342155456543,6.318284373951585],[99.93481636047363,6.318710920491284],[99.93550300598145,6.318369683287656],[99.9360179901123,6.318540301917622],[99.93627548217773,6.318113755237263],[99.93661880493164,6.3180284458589995],[99.9367904663086,6.318454992609659],[99.93721961975098,6.318454992609659],[99.93764877319336,6.318710920491284],[99.93739128112793,6.3193933942234395],[99.93653297424316,6.319905248931761],[99.93524551391602,6.319649321640895],[99.93370056152344,6.318710920491284],[99.93292808532715,6.319308085056164],[99.9319839477539,6.3193933942234395],[99.93078231811523,6.318710920491284],[99.93035316467285,6.319564012515826],[99.93061065673828,6.319990558000583],[99.93026733398438,6.320758338986863],[100.15917778015137,6.320758338986863],[100.16080856323242,6.314871988978155],[100.16183853149414,6.311971444067012],[100.16338348388672,6.309241504607513],[100.16415596008301,6.306852795783016],[100.16552925109863,6.304208141031609],[100.16595840454102,6.303696270812168],[100.16647338867188,6.3035256472934265],[100.16604423522949,6.302843152657232],[100.16595840454102,6.302160657123082],[100.16681671142578,6.301307536442835],[100.16767501831055,6.299601290874406],[100.16827583312988,6.295250339289453],[100.17024993896484,6.290899351254893],[100.17136573791504,6.289022443208893],[100.1729965209961,6.287145528386873],[100.17763137817383,6.278358064381152],[100.17806053161621,6.276651743493062],[100.17943382263184,6.273836301809055],[100.18054962158203,6.272300599933871],[100.18106460571289,6.269911721358227],[100.18346786499023,6.264963295215935],[100.18810272216797,6.2580524836466935],[100.19170761108398,6.253445225144873],[100.19299507141113,6.253359905160039],[100.19445419311523,6.253701185015856],[100.1956558227539,6.254298424227471],[100.1964282989502,6.253701185015856],[100.19488334655762,6.251909463287959],[100.19436836242676,6.250800299142156],[100.19445419311523,6.249179208852482],[100.1949691772461,6.247984718056685],[100.19762992858887,6.246107655583671],[100.2008056640625,6.24448655075868],[100.2008056640625,5.960290229693385],[99.8382568359375,5.960290229693385],[99.8382568359375,6.22179055681886],[99.83851432800293,6.221705231681824],[99.83928680419922,6.22179055681886],[99.83954429626465,6.2215345813661855],[99.8397159576416,6.2215345813661855],[99.83997344970703,6.22221718229622],[99.8408317565918,6.223241082028807],[99.84143257141113,6.224776927886481],[99.84718322753906,6.22588614710223],[99.85061645507812,6.225971471560243],[99.85233306884766,6.225630173644959],[99.85267639160156,6.225374200062959],[99.85310554504395,6.220425352964099],[99.85353469848633,6.2194867732572305],[99.85379219055176,6.218121563419828],[99.85344886779785,6.215732437676493],[99.85379219055176,6.213343301083043],[99.8543930053711,6.213087321518941],[99.854736328125,6.2135139540565945],[99.85559463500977,6.213769933413175],[99.85636711120605,6.214452544421945],[99.85739707946777,6.214708523321946],[99.85791206359863,6.216329720129693],[99.8573112487793,6.2194867732572305],[99.8576545715332,6.219998726032344],[99.85816955566406,6.221278605788854],[99.85971450805664,6.222899782339624],[99.85980033874512,6.22332640691647],[99.85962867736816,6.2240943302818295],[99.86048698425293,6.227166012517088],[99.8616886138916,6.228275226686648],[99.86160278320312,6.22878717089759],[99.8616886138916,6.22929911460929],[99.86194610595703,6.229725733987621],[99.86263275146484,6.229981705448196],[99.8628044128418,6.230749619080854],[99.86340522766113,6.231346884462738],[99.86349105834961,6.232285442975041],[99.86400604248047,6.232797383274118],[99.8646068572998,6.234077231836082],[99.86452102661133,6.2353570772751254],[99.86477851867676,6.235783691727391],[99.8642635345459,6.237319500881483],[99.86434936523438,6.2385993384062886],[99.86417770385742,6.23902595022011],[99.86374855041504,6.239111272541194],[99.86228942871094,6.2387699831734835],[99.86143112182617,6.2381727262452245],[99.85859870910645,6.238002081283568],[99.85688209533691,6.239367239421142],[99.85550880432129,6.241414969959436],[99.85550880432129,6.242012223192205],[99.85688209533691,6.244315907853547],[99.85688209533691,6.2455957282864745],[99.85834121704102,6.246192976751203],[99.85997200012207,6.24781407629186],[99.86091613769531,6.249179208852482],[99.8613452911377,6.2507149787258385],[99.86143112182617,6.251909463287959],[99.86125946044922,6.252080103717006],[99.86031532287598,6.252250744090375],[99.86005783081055,6.252506704546022],[99.86031532287598,6.252933305027042],[99.85980033874512,6.253274585161293],[99.85962867736816,6.253103945122007],[99.85868453979492,6.253701185015856],[99.85739707946777,6.251653502540009],[99.85808372497559,6.253018625081495],[99.85774040222168,6.254895662756837],[99.85834121704102,6.256858013120123],[99.8561954498291,6.257796525906585],[99.85422134399414,6.257284610050206],[99.85301971435547,6.257796525906585],[99.85224723815918,6.257881845167219],[99.85198974609375,6.25839376043848],[99.85190391540527,6.259758865376142],[99.85284805297852,6.260270778808049],[99.85319137573242,6.260185459937574],[99.85370635986328,6.2605267353358585],[99.85370635986328,6.261977153290516],[99.85293388366699,6.262318427517911],[99.85156059265137,6.2618918346988295],[99.85053062438965,6.26257438304205],[99.84975814819336,6.262318427517911],[99.84881401062012,6.263598203883845],[99.84821319580078,6.2662430650970435],[99.84675407409668,6.266669654359944],[99.84641075134277,6.267522831839372],[99.84701156616211,6.267864102440484],[99.84675407409668,6.267949420055871],[99.84649658203125,6.267608149510579],[99.84615325927734,6.267778784811142],[99.84580993652344,6.268973230352117],[99.84452247619629,6.268717277966445],[99.84375,6.267778784811142],[99.84280586242676,6.267266878742049],[99.84246253967285,6.267352196455107],[99.84177589416504,6.265901793435631],[99.84100341796875,6.2655605215510235],[99.84057426452637,6.265133931381413],[99.84023094177246,6.265133931381413],[99.83902931213379,6.264024795308629],[99.8382568359375,6.263683522196672],[99.8382568359375,6.275457315545722],[99.8393726348877,6.275542631918498],[99.84074592590332,6.276054529861696],[99.84023094177246,6.276993008117856],[99.84031677246094,6.277590220673261],[99.83963012695312,6.278358064381152],[99.83954429626465,6.278699327887949],[99.8397159576416,6.279381854230593],[99.8397159576416,6.281002850708603],[99.84040260314941,6.282197265936219],[99.84108924865723,6.2852686067908365],[99.84074592590332,6.286718955891615],[99.84005928039551,6.287828043651487],[99.8397159576416,6.289022443208893],[99.83954429626465,6.2908140373998265],[99.84005928039551,6.291411234091157],[99.84237670898438,6.292349684648144],[99.84211921691895,6.293885327358112],[99.84169006347656,6.294567833772163],[99.84031677246094,6.294994399825555],[99.83928680419922,6.294994399825555]],[[100.05669593811035,6.072962628462676],[100.05703926086426,6.07356007116492],[100.05703926086426,6.0743282108080905],[100.0579833984375,6.075437743913469],[100.05781173706055,6.075523092519163],[100.05678176879883,6.075267046661494],[100.05609512329102,6.075608441111328],[100.05566596984863,6.075437743913469],[100.05558013916016,6.074669605853288],[100.05523681640625,6.074242862012966],[100.05549430847168,6.073645420068274],[100.05583763122559,6.0734747222480365],[100.05592346191406,6.073047977460732],[100.05618095397949,6.0727065813873935],[100.05669593811035,6.072962628462676]],[[100.04107475280762,6.063830207554545],[100.04150390625,6.064086258846956],[100.04210472106934,6.064342310017807],[100.04270553588867,6.0665614150722575],[100.04459381103516,6.068353762486495],[100.04390716552734,6.068695161318203],[100.04313468933105,6.068439112214691],[100.04210472106934,6.067329564693836],[100.04201889038086,6.066988164997156],[100.04167556762695,6.066817465067729],[100.0411605834961,6.065878614489776],[100.03927230834961,6.063403455130398],[100.03927230834961,6.06237924793497],[100.0385856628418,6.060757582565614],[100.03824234008789,6.060757582565614],[100.03772735595703,6.059904072518961],[100.03686904907227,6.059562668122354],[100.03652572631836,6.05887985868128],[100.03626823425293,6.058965209908649],[100.03549575805664,6.058367751033657],[100.0356674194336,6.057940994289552],[100.03549575805664,6.057428885751335],[100.03583908081055,6.057428885751335],[100.03618240356445,6.056916776727391],[100.03583908081055,6.056490018836428],[100.03764152526855,6.057258182797312],[100.03815650939941,6.057770291497448],[100.03841400146484,6.058623804918199],[100.03927230834961,6.058965209908649],[100.03970146179199,6.060074774636291],[100.04064559936523,6.061269687945639],[100.0411605834961,6.061525740453405],[100.0411605834961,6.06195249436297],[100.04081726074219,6.062464598608869],[100.04107475280762,6.063830207554545]],[[99.942626953125,6.317516589294087],[99.94219779968262,6.317260660821788],[99.94176864624023,6.3173459703266275],[99.94133949279785,6.317687208205314],[99.94108200073242,6.318540301917622],[99.94082450866699,6.318710920491284],[99.93979454040527,6.318796229757041],[99.93945121765137,6.3189668482463475],[99.93876457214355,6.318454992609659],[99.93919372558594,6.317772517639824],[99.93893623352051,6.316834113086728],[99.93833541870117,6.316236945667072],[99.93739128112793,6.3158103970883985],[99.93756294250488,6.314871988978155],[99.93790626525879,6.314616059198357],[99.93842124938965,6.313336408401824],[99.9382495880127,6.312653926684078],[99.93782043457031,6.312227375153796],[99.93790626525879,6.311800823272236],[99.93816375732422,6.311800823272236],[99.9385929107666,6.312312685487953],[99.93893623352051,6.312227375153796],[99.93936538696289,6.31163020242127],[99.93927955627441,6.310777097323452],[99.93962287902832,6.310862407896451],[99.93962287902832,6.3114595815141],[99.93979454040527,6.311544891974705],[99.94039535522461,6.310691786736413],[99.94133949279785,6.310435854890997],[99.94236946105957,6.310777097323452],[99.94271278381348,6.311288960550726],[99.94245529174805,6.31171551285378],[99.94279861450195,6.312056754443319],[99.94254112243652,6.312056754443319],[99.94245529174805,6.311886133676651],[99.94211196899414,6.3127392369479765],[99.9429702758789,6.312653926684078],[99.94288444519043,6.31393357916707],[99.94331359863281,6.313848269099907],[99.94314193725586,6.313507028690736],[99.94357109069824,6.313165788056708],[99.94382858276367,6.313251098236293],[99.9440860748291,6.314360129292027],[99.94477272033691,6.3141041992592335],[99.9452018737793,6.314445439274863],[99.94511604309082,6.3147013691390015],[99.94537353515625,6.314871988978155],[99.94545936584473,6.315213228487778],[99.9452018737793,6.315554467772472],[99.94503021240234,6.315554467772472],[99.94503021240234,6.315981016562034],[99.9440860748291,6.3158957068322366],[99.94425773620605,6.316578184276949],[99.94314193725586,6.316663493894268],[99.942626953125,6.317516589294087]],[[99.93507385253906,6.306511550766643],[99.93550300598145,6.307108729397896],[99.93430137634277,6.308303084596531],[99.93284225463867,6.308644328433488],[99.93206977844238,6.309668058596216],[99.93086814880371,6.309668058596216],[99.93086814880371,6.308900261163771],[99.93121147155762,6.308303084596531],[99.93112564086914,6.307449974021168],[99.93181228637695,6.306255616856944],[99.9330997467041,6.3059143714475],[99.93473052978516,6.306596862041786],[99.93507385253906,6.306511550766643]],[[99.88760948181152,6.300625038888668],[99.88700866699219,6.30079566336137],[99.88640785217285,6.302416593053607],[99.88589286804199,6.30326971191009],[99.88554954528809,6.303696270812168],[99.88494873046875,6.303781582550485],[99.88486289978027,6.3033550237185665],[99.88546371459961,6.302672528857883],[99.88554954528809,6.301222224297646],[99.8862361907959,6.300369102074441],[99.88640785217285,6.299601290874406],[99.88692283630371,6.299686603286062],[99.88760948181152,6.300625038888668]],[[99.88391876220703,6.264451386384778],[99.88615036010742,6.266499018696635],[99.88700866699219,6.268205372818329],[99.88709449768066,6.269229182612179],[99.8862361907959,6.268887912904177],[99.88529205322266,6.268973230352117],[99.88374710083008,6.267522831839372],[99.88314628601074,6.264963295215935],[99.88357543945312,6.264536704558168],[99.88391876220703,6.264451386384778]],[[99.88168716430664,6.298662853420737],[99.88125801086426,6.29857754084081],[99.88082885742188,6.298662853420737],[99.88022804260254,6.298406915638907],[99.88057136535645,6.297127224837126],[99.88100051879883,6.296785973423937],[99.88142967224121,6.296785973423937],[99.88228797912598,6.2977244142704905],[99.88168716430664,6.298662853420737]],[[99.87550735473633,6.244913157778214],[99.87542152404785,6.243377370881348],[99.876708984375,6.242524153992591],[99.87739562988281,6.242950762610704],[99.87739562988281,6.243803978804493],[99.8770523071289,6.244230586380127],[99.8770523071289,6.245510407021598],[99.87739562988281,6.246278297904837],[99.87722396850586,6.246448940170339],[99.87662315368652,6.246107655583671],[99.87550735473633,6.244913157778214]],[[99.87190246582031,6.239879172805928],[99.87138748168945,6.239281917141724],[99.8715591430664,6.238684660796835],[99.87344741821289,6.237660791193633],[99.87421989440918,6.237916758781921],[99.87447738647461,6.2381727262452245],[99.8737907409668,6.239452561686676],[99.87190246582031,6.239879172805928]],[[99.87164497375488,6.278528696162496],[99.87173080444336,6.27895527537126],[99.8708724975586,6.279723117066425],[99.87061500549316,6.279637801378442],[99.8686408996582,6.277078324239113],[99.86658096313477,6.275542631918498],[99.86640930175781,6.274689467562197],[99.8668384552002,6.274092251681651],[99.86804008483887,6.2751160499149705],[99.86855506896973,6.275201366343609],[99.86958503723145,6.274348201428552],[99.87018585205078,6.274433517982928],[99.8708724975586,6.275371999158992],[99.8712158203125,6.275371999158992],[99.87173080444336,6.274689467562197],[99.8723316192627,6.274774784060682],[99.87250328063965,6.274860100545212],[99.87258911132812,6.275457315545722],[99.87370491027832,6.276054529861696],[99.87344741821289,6.277419588584436],[99.87241744995117,6.278272748469519],[99.87190246582031,6.278614012032207],[99.87164497375488,6.278528696162496]],[[99.8605728149414,6.287145528386873],[99.86100196838379,6.285780495170542],[99.8616886138916,6.284671403044555],[99.86220359802246,6.284330143453175],[99.86237525939941,6.28270915733755],[99.86271858215332,6.2815147432846175],[99.86409187316895,6.280576273177417],[99.86443519592285,6.281002850708603],[99.86555099487305,6.281173481623213],[99.86589431762695,6.281770689383848],[99.8671817779541,6.282538526926373],[99.86778259277344,6.28262384213896],[99.86821174621582,6.283732938629669],[99.86967086791992,6.285183292011922],[99.86967086791992,6.285695180475571],[99.86958503723145,6.286548326795554],[99.86846923828125,6.286207068435488],[99.86778259277344,6.2852686067908365],[99.86666679382324,6.2860364391714825],[99.86623764038086,6.287145528386873],[99.8668384552002,6.288339929512048],[99.86649513244629,6.289619641958609],[99.86658096313477,6.291411234091157],[99.86563682556152,6.292520311840079],[99.86469268798828,6.292349684648144],[99.86434936523438,6.291923116423263],[99.86392021179199,6.291752489035247],[99.86323356628418,6.290728723530762],[99.86203193664551,6.290046212074117],[99.86117362976074,6.289022443208893],[99.8605728149414,6.287145528386873]]]}},{"type":"Feature","id":"pmtiles:10/796/494:water:160:1","properties":{"class":"ocean","water":"ocean","kind":"waterway","verification":"verified","source":"OpenMapTiles/OpenStreetMap national PMTiles","sourceId":"10/796/494:water:160:1","sourceLayer":"water","archive":"https://its.hanifahseptiani45.workers.dev/v1/map/archive/indonesia.pmtiles","updatedAt":"2026-07-26T09:37:59.679Z"},"geometry":{"type":"Polygon","coordinates":[[[99.85370635986328,6.308814950267717],[99.85387802124023,6.30907088291373],[99.85379219055176,6.308729639357622],[99.85301971435547,6.307705907341202],[99.85259056091309,6.308217773602166],[99.85301971435547,6.308644328433488],[99.85336303710938,6.308473706543097],[99.85370635986328,6.308814950267717]]]}},{"type":"Feature","id":"pmtiles:8/199/123:water:150:0","properties":{"class":"ocean","water":"ocean","kind":"waterway","verification":"verified","source":"OpenMapTiles/OpenStreetMap national PMTiles","sourceId":"8/199/123:water:150:0","sourceLayer":"water","archive":"https://its.hanifahseptiani45.workers.dev/v1/map/archive/indonesia.pmtiles","updatedAt":"2026-07-26T09:35:15.547Z"},"geometry":{"type":"Polygon","coordinates":[[[99.82177734375,6.720187853202788],[99.82177734375,6.773034385741667],[99.82246398925781,6.773034385741667],[99.82589721679688,6.77644364116172],[99.82830047607422,6.775420867066188],[99.83413696289062,6.775079941885622],[99.83516693115234,6.776784565378165],[99.8382568359375,6.778830105614105],[99.84272003173828,6.776784565378165],[99.84443664550781,6.772352531766117],[99.84649658203125,6.7713297489960524],[99.84649658203125,6.7699660352638205],[99.8543930053711,6.763829275796965],[99.8550796508789,6.760078995519166],[99.85679626464844,6.759397123251063],[99.86434936523438,6.749168923865483],[99.86778259277344,6.747464202950795],[99.86675262451172,6.746100421898319],[99.86881256103516,6.744054743120145],[99.87052917480469,6.743713795817342],[99.86949920654297,6.7416681069628765],[99.86984252929688,6.739622409474379],[99.86846923828125,6.73859955749316],[99.86881256103516,6.736894799396779],[99.8715591430664,6.731439533231466],[99.87258911132812,6.7266661250449715],[99.8770523071289,6.720869780620447],[99.89078521728516,6.722915557134442],[99.90245819091797,6.721210743970616],[99.9038314819336,6.7222336325863665],[99.9148178100586,6.714391431550226],[99.91310119628906,6.710299798226558],[99.90863800048828,6.70791299624365],[99.90726470947266,6.705867156664851],[99.90863800048828,6.703480332967516],[99.9151611328125,6.703480332967516],[99.91619110107422,6.70007056455691],[99.91996765136719,6.696319791772652],[99.92305755615234,6.690523086226236],[99.92408752441406,6.6850673005132535],[99.9203109741211,6.6765425134530005],[99.9258041381836,6.667335576666545],[99.93507385253906,6.657446451931648],[99.93850708007812,6.657446451931648],[99.94537353515625,6.661879532501473],[99.95155334472656,6.65881048098764],[99.95635986328125,6.658469474079027],[99.96013641357422,6.652331309220671],[99.96356964111328,6.644487986967093],[99.964599609375,6.6376676050723376],[99.96940612792969,6.632211231525929],[99.97146606445312,6.630847128696999],[99.97421264648438,6.6301650758666995],[99.97455596923828,6.628800967374929],[99.9700927734375,6.620957270326329],[99.96356964111328,6.618570033434594],[99.96185302734375,6.616523821198541],[99.95635986328125,6.6175469283763135],[99.9539566040039,6.620275203820867],[99.95121002197266,6.618911067982964],[99.94983673095703,6.616523821198541],[99.95086669921875,6.613795525031691],[99.95086669921875,6.6086799291228004],[99.94880676269531,6.602882189790336],[99.94983673095703,6.595379132206759],[99.94880676269531,6.590263345983601],[99.95086669921875,6.58310115662232],[99.95498657226562,6.585488564561942],[99.95567321777344,6.588217016715774],[99.95807647705078,6.590604400040732],[99.96906280517578,6.5943559791858775],[99.97318267822266,6.5967433329484635],[99.97730255126953,6.603564280296538],[99.98519897460938,6.606633675940131],[99.99000549316406,6.5943559791858775],[100.00099182128906,6.574233540938167],[100.00476837158203,6.565365767080735],[100.01094818115234,6.557862142736141],[100.0198745727539,6.547288662168597],[100.04562377929688,6.525117734309518],[100.0528335571289,6.518977919105822],[100.05867004394531,6.516931297326778],[100.06416320800781,6.516249088211126],[100.06759643554688,6.522047836110133],[100.0689697265625,6.526482127470857],[100.0686264038086,6.529210902641623],[100.06999969482422,6.532962944213409],[100.07274627685547,6.534668408354449],[100.07240295410156,6.536032775480535],[100.07102966308594,6.536373866680478],[100.07549285888672,6.545583241093979],[100.07789611816406,6.55649783525962],[100.08098602294922,6.556838912478824],[100.08888244628906,6.550699486838198],[100.09540557861328,6.542513468482781],[100.09849548339844,6.534668408354449],[100.09952545166016,6.529210902641623],[100.09918212890625,6.518295712774233],[100.09849548339844,6.517272401536644],[100.0960922241211,6.517613505514518],[100.09265899658203,6.512838028717383],[100.09300231933594,6.509426946039937],[100.0909423828125,6.5005580226645066],[100.08819580078125,6.497829091683229],[100.0857925415039,6.498511325816665],[100.08407592773438,6.496464620640737],[100.08476257324219,6.494759026634256],[100.08716583251953,6.49441790713928],[100.08785247802734,6.4933945472673145],[100.08922576904297,6.495441264930534],[100.09883880615234,6.496805738748293],[100.09952545166016,6.497487974269561],[100.09918212890625,6.498170208865616],[100.09986877441406,6.497829091683229],[100.10021209716797,6.498511325816665],[100.1019287109375,6.497146856624568],[100.10295867919922,6.487936592822109],[100.1077651977539,6.479067290763027],[100.11154174804688,6.466786461314143],[100.11188507080078,6.463033926110143],[100.11428833007812,6.459281363064719],[100.11531829833984,6.449046958832767],[100.11772155761719,6.444270832786586],[100.11909484863281,6.442906217083632],[100.11943817138672,6.439835818333847],[100.1180648803711,6.437447717577072],[100.11772155761719,6.433012643521721],[100.11909484863281,6.430283347938641],[100.11943817138672,6.426189377092157],[100.12149810791016,6.419024848842341],[100.12149810791016,6.415613133290719],[100.12287139892578,6.414589614170225],[100.1239013671875,6.41083669314412],[100.12493133544922,6.4060602082571165],[100.12458801269531,6.4046954900763495],[100.12630462646484,6.402307224480481],[100.12836456298828,6.401966042769104],[100.1297378540039,6.399918947714141],[100.12699127197266,6.397189474879738],[100.1290512084961,6.393436425929693],[100.13042449951172,6.393436425929693],[100.13214111328125,6.392071674026354],[100.13626098632812,6.3849066668039285],[100.1407241821289,6.3722823625713545],[100.13969421386719,6.370576351673179],[100.1407241821289,6.370917554306587],[100.14141082763672,6.369893945725835],[100.14999389648438,6.34327940700247],[100.15514373779297,6.332018995783272],[100.1565170288086,6.331677767365079],[100.15583038330078,6.329630392120976],[100.1565170288086,6.327241777412922],[100.1620101928711,6.311886133676651],[100.16647338867188,6.3033550237185665],[100.16613006591797,6.301990033099258],[100.1675033569336,6.299601290874406],[100.1681900024414,6.295165026148823],[100.17024993896484,6.291069978922991],[100.17745971679688,6.278443380278816],[100.18329620361328,6.264792658994679],[100.18810272216797,6.257967164413927],[100.19187927246094,6.253530545115794],[100.1956558227539,6.254213104381876],[100.19634246826172,6.253530545115794],[100.19428253173828,6.250800299142156],[100.1949691772461,6.248070038918257],[100.20526885986328,6.2422681886549185],[100.21007537841797,6.2405617498743595],[100.22552490234375,6.228275226686648],[100.23273468017578,6.220084051446392],[100.23513793945312,6.220766654260217],[100.23479461669922,6.219401447746236],[100.23651123046875,6.216671024084178],[100.24063110351562,6.214281891752762],[100.24234771728516,6.20984490293236],[100.25333404541016,6.193120532325111],[100.26363372802734,6.1746889797481685],[100.26947021484375,6.159670203259367],[100.2773666381836,6.135434463852519],[100.27908325195312,6.111880365381026],[100.28526306152344,6.1040287686091546],[100.28388977050781,6.098225340510837],[100.28697967529297,6.092763233165229],[100.28629302978516,6.091056313218729],[100.29041290283203,6.087983843641396],[100.29212951660156,6.087642457047906],[100.29281616210938,6.0862769085046295],[100.29521942138672,6.0862769085046295],[100.2993392944336,6.082180242056452],[100.29865264892578,6.08047328849014],[100.30723571777344,6.072962628462676],[100.31753540039062,6.060330827711027],[100.32543182373047,6.046674494308732],[100.3268051147461,6.045650255394278],[100.3271484375,6.042577527017173],[100.33538818359375,6.02277508164164],[100.34122467041016,6.003654793987536],[100.34156799316406,5.9998989442769926],[100.34603118896484,5.981460761589062],[100.34843444824219,5.975997476865643],[100.35015106201172,5.973607272648309],[100.34912109375,5.969851216370785],[100.34980773925781,5.965070743870214],[100.35358428955078,5.9428751475604855],[100.3542709350586,5.941850713788696],[100.35358428955078,5.940826278110535],[100.35530090332031,5.924435048258786],[100.35598754882812,5.8974567569002545],[100.35633087158203,5.89472470475981],[100.35770416259766,5.893358673645309],[100.35701751708984,5.8803812104950595],[100.35633087158203,5.879015144119705],[100.35392761230469,5.878673627001817],[100.35667419433594,5.878673627001817],[100.35770416259766,5.873892365348979],[100.3604507446289,5.868086492446068],[100.36113739013672,5.868086492446068],[100.36216735839844,5.853059246649622],[100.36319732666016,5.850326976702135],[100.36422729492188,5.849985442019872],[100.36354064941406,5.8452039345716855],[100.36663055419922,5.826077496602807],[100.36834716796875,5.822661992633357],[100.36731719970703,5.819588021308277],[100.36869049072266,5.813781585172592],[100.36766052246094,5.812415356195899],[100.36731719970703,5.803534787047141],[100.36800384521484,5.795337214423782],[100.36697387695312,5.792263093990954],[100.36800384521484,5.789530528448793],[100.36731719970703,5.771768530616768],[100.36422729492188,5.759813026275424],[100.36079406738281,5.751273226223802],[100.35942077636719,5.7495652508236645],[100.35804748535156,5.75024844159897],[100.35770416259766,5.7495652508236645],[100.35839080810547,5.74819886681243],[100.36113739013672,5.747515673576714],[100.36251068115234,5.745466088950309],[100.36251068115234,5.741366897569478],[100.35942077636719,5.731118790158391],[100.360107421875,5.730435576452976],[100.35907745361328,5.730435576452976],[100.35667419433594,5.723603394450336],[100.35392761230469,5.7133549683685345],[100.35083770751953,5.706180960966066],[100.35049438476562,5.701398239492505],[100.35221099853516,5.695932223289134],[100.35804748535156,5.6863665698101045],[100.36457061767578,5.679875500082488],[100.3714370727539,5.678850587647929],[100.37349700927734,5.6709928651056885],[100.37040710449219,5.670309579825229],[100.36491394042969,5.665184914439152],[100.36182403564453,5.66586820578533],[100.35701751708984,5.664159975904269],[100.35633087158203,5.665184914439152],[100.35324096679688,5.66552656021328],[100.35118103027344,5.668943006837154],[100.34774780273438,5.670309579825229],[100.34637451171875,5.670309579825229],[100.3436279296875,5.673384357214502],[100.34191131591797,5.67270107476655],[100.34088134765625,5.6668931412887105],[100.33985137939453,5.666209851155244],[100.33882141113281,5.662793388362445],[100.33607482910156,5.661085149390161],[100.3322982788086,5.661768445584983],[100.33332824707031,5.6600602035833845],[100.33367156982422,5.656302053414123],[100.33332824707031,5.655277099130004],[100.33161163330078,5.655277099130004],[100.33092498779297,5.653910490593589],[100.33332824707031,5.6549354472984845],[100.33504486083984,5.654593795265214],[100.33607482910156,5.6532271851151705],[100.3377914428711,5.653910490593589],[100.33950805664062,5.650493955135829],[100.34156799316406,5.633069311014324],[100.34191131591797,5.615644144204097],[100.34156799316406,5.615644144204097],[100.34191131591797,5.60949396083457],[100.34019470214844,5.5941182188847876],[99.82177734375,5.5941182188847876],[99.82177734375,5.615644144204097],[99.82177734375,5.616327493906226],[99.82177734375,6.188683365433647],[99.8221206665039,6.189024687287002],[99.82555389404297,6.189707330332197],[99.8269271850586,6.1944858069450675],[99.82830047607422,6.195168442930964],[99.82830047607422,6.198581609615957],[99.83070373535156,6.201312127064739],[99.82967376708984,6.203018693290545],[99.8276138305664,6.20336000587281],[99.8276138305664,6.204383942293518],[99.82898712158203,6.204725253991711],[99.8276138305664,6.20643180916673],[99.8276138305664,6.208820977125001],[99.82658386230469,6.210868826748722],[99.83001708984375,6.210868826748722],[99.83139038085938,6.209503594551123],[99.8324203491211,6.21598841595376],[99.83379364013672,6.217012327817173],[99.83551025390625,6.215305806937607],[99.83654022216797,6.216329720129693],[99.83482360839844,6.2176949346187484],[99.83379364013672,6.220766654260217],[99.83207702636719,6.220766654260217],[99.83139038085938,6.2176949346187484],[99.82967376708984,6.215305806937607],[99.82624053955078,6.214964502097388],[99.82486724853516,6.216671024084178],[99.82555389404297,6.218718843159849],[99.82452392578125,6.221107955334716],[99.82177734375,6.2248622525247015],[99.82177734375,6.231005590042045],[99.82315063476562,6.226910039683659],[99.82658386230469,6.222131857228462],[99.8272705078125,6.218377540534348],[99.82795715332031,6.218036237687301],[99.82967376708984,6.220425352964099],[99.83001708984375,6.222814457382697],[99.83104705810547,6.223497056650217],[99.8331069946289,6.224179655030909],[99.83448028564453,6.2224731574164025],[99.83585357666016,6.223497056650217],[99.83963012695312,6.221449256187597],[99.84134674072266,6.2248622525247015],[99.85061645507812,6.22588614710223],[99.85267639160156,6.225544849131495],[99.85370635986328,6.213257974575498],[99.85748291015625,6.214623197035792],[99.85713958740234,6.219401447746236],[99.85954284667969,6.222814457382697],[99.8605728149414,6.227251336767168],[99.86469268798828,6.234077231836082],[99.86434936523438,6.238514016001844],[99.86366271972656,6.239196594848394],[99.85851287841797,6.2381727262452245],[99.85542297363281,6.2412443260535895],[99.85679626464844,6.245681049537438],[99.86091613769531,6.249093888171785],[99.86125946044922,6.251824143052559],[99.85851287841797,6.253530545115794],[99.85748291015625,6.251824143052559],[99.85851287841797,6.256943332534007],[99.85610961914062,6.257625887343508],[99.85404968261719,6.257284610050206],[99.85233306884766,6.257967164413927],[99.85198974609375,6.25967354642205],[99.85370635986328,6.2606973729513555],[99.85370635986328,6.262062471868276],[99.8495864868164,6.262403746039908],[99.84821319580078,6.266157747202627],[99.84683990478516,6.266499018696635],[99.84683990478516,6.267864102440484],[99.84615325927734,6.267864102440484],[99.84580993652344,6.268887912904177],[99.84237670898438,6.267181561015022],[99.84169006347656,6.265816475485394],[99.83894348144531,6.264110113551737],[99.8324203491211,6.2610386480151305],[99.82864379882812,6.249435170811111],[99.82315063476562,6.244998479140392],[99.82177734375,6.238855305536248],[99.82177734375,6.246704903464348],[99.82486724853516,6.2501177354219095],[99.82280731201172,6.258990994287643],[99.82383728027344,6.261379922855895],[99.82349395751953,6.265816475485394],[99.82486724853516,6.268887912904177],[99.8269271850586,6.269911721358227],[99.83070373535156,6.269229182612179],[99.83070373535156,6.2702529903962585],[99.83345031738281,6.271959332236065],[99.83551025390625,6.274689467562197],[99.83654022216797,6.274348201428552],[99.84066009521484,6.276054529861696],[99.83963012695312,6.278784643729708],[99.84100341796875,6.2852686067908365],[99.83963012695312,6.290728723530762],[99.84237670898438,6.2924349982511245],[99.84203338623047,6.293800013993305],[99.84031677246094,6.29482377344624],[99.83516693115234,6.294482520519452],[99.83448028564453,6.295506278627187],[99.83345031738281,6.295165026148823],[99.83207702636719,6.2924349982511245],[99.82898712158203,6.292776252522884],[99.82624053955078,6.2903874679144565],[99.82589721679688,6.289022443208893],[99.82658386230469,6.2862923830464865],[99.82383728027344,6.279808432740438],[99.82246398925781,6.278443380278816],[99.82177734375,6.278443380278816],[99.82177734375,6.322805749378375],[99.82589721679688,6.324511918512158],[99.82898712158203,6.324170685135854],[99.82933044433594,6.325535617289617],[99.82933044433594,6.323488217707521],[99.83036041259766,6.324853151663234],[99.83104705810547,6.324511918512158],[99.83173370361328,6.321782045195789],[99.83345031738281,6.321440810017933],[99.83482360839844,6.324511918512158],[99.83516693115234,6.321782045195789],[99.83619689941406,6.322464514876003],[99.83688354492188,6.325535617289617],[99.84031677246094,6.325535617289617],[99.83894348144531,6.324511918512158],[99.83963012695312,6.322805749378375],[99.84237670898438,6.323488217707521],[99.84512329101562,6.32041710313365],[99.84718322753906,6.3180284458589995],[99.8495864868164,6.3193933942234395],[99.84786987304688,6.3173459703266275],[99.8495864868164,6.315639777558502],[99.85095977783203,6.315981016562034],[99.85061645507812,6.315298538330026],[99.85233306884766,6.312568616406125],[99.85164642333984,6.311886133676651],[99.85336303710938,6.30949743704285],[99.85267639160156,6.308814950267717],[99.85130310058594,6.309156193767649],[99.85130310058594,6.307108729397896],[99.85027313232422,6.306426239477446],[99.85198974609375,6.29891879107636],[99.85336303710938,6.299601290874406],[99.86160278320312,6.296530034716881],[99.86263275146484,6.295506278627187],[99.86091613769531,6.292776252522884],[99.86125946044922,6.291069978922991],[99.86194610595703,6.293458760393989],[99.86400604248047,6.294482520519452],[99.86503601074219,6.297553788788207],[99.86366271972656,6.302672528857883],[99.86160278320312,6.3043787643258185],[99.86160278320312,6.306426239477446],[99.86263275146484,6.306426239477446],[99.86228942871094,6.3067674845499795],[99.86263275146484,6.308132462593775],[99.86434936523438,6.308814950267717],[99.86469268798828,6.307791218419823],[99.86572265625,6.308814950267717],[99.86881256103516,6.305743748658557],[99.86984252929688,6.305402502912202],[99.8712158203125,6.306426239477446],[99.87361907958984,6.305743748658557],[99.87499237060547,6.307449974021168],[99.87808227539062,6.308473706543097],[99.88151550292969,6.311544891974705],[99.87945556640625,6.317004732222941],[99.88048553466797,6.319052157469898],[99.88323211669922,6.319052157469898],[99.88460540771484,6.322123280148475],[99.8873519897461,6.323146983655533],[99.88872528076172,6.323146983655533],[99.88941192626953,6.324170685135854],[99.89078521728516,6.323829451534294],[99.89112854003906,6.322805749378375],[99.89215850830078,6.322805749378375],[99.89250183105469,6.322123280148475],[99.89421844482422,6.322123280148475],[99.89490509033203,6.322464514876003],[99.89456176757812,6.323829451534294],[99.89559173583984,6.325876849764882],[99.9045181274414,6.328947931902746],[99.90589141845703,6.327924239884965],[99.90692138671875,6.329630392120976],[99.90795135498047,6.328947931902746],[99.90898132324219,6.329971621891943],[99.9100112915039,6.328947931902746],[99.91104125976562,6.329289162124567],[99.91207122802734,6.329971621891943],[99.91104125976562,6.330995309852241],[99.91207122802734,6.331677767365079],[99.91207122802734,6.33372513449136],[99.91310119628906,6.33372513449136],[99.91310119628906,6.334748815009505],[99.91447448730469,6.334748815009505],[99.91447448730469,6.336796169954212],[99.91275787353516,6.339867187137429],[99.91344451904297,6.34327940700247],[99.9148178100586,6.345667947467533],[99.91378784179688,6.347032822761889],[99.91413116455078,6.3494213458242825],[99.91275787353516,6.350786211171339],[99.91035461425781,6.350786211171339],[99.90898132324219,6.3535159310088005],[99.90760803222656,6.354198358705801],[99.90623474121094,6.3576104836118645],[99.9045181274414,6.358292905876624],[99.90177154541016,6.361022585877578],[99.90074157714844,6.364775872205996],[99.89971160888672,6.36545828495602],[99.90280151367188,6.369552742411884],[99.9041748046875,6.369893945725835],[99.90692138671875,6.36887033510358],[99.90726470947266,6.369552742411884],[99.90554809570312,6.370576351673179],[99.90554809570312,6.3729647653422745],[99.90760803222656,6.3739883677965565],[99.90795135498047,6.377741559315993],[99.91138458251953,6.382177113863307],[99.91069793701172,6.384224279932681],[99.91138458251953,6.386271437817996],[99.91069793701172,6.389000968929807],[99.91138458251953,6.390365729026044],[99.91035461425781,6.3927540504332825],[99.90863800048828,6.3951423606864495],[99.90726470947266,6.395483546954694],[99.9045181274414,6.3927540504332825],[99.90520477294922,6.390365729026044],[99.90245819091797,6.389683349432985],[99.90074157714844,6.390365729026044],[99.8983383178711,6.396165918807981],[99.89799499511719,6.4060602082571165],[99.89215850830078,6.415954305874038],[99.89044189453125,6.4162954782289034],[99.89009857177734,6.413907266947859],[99.88941192626953,6.414248440673234],[99.88700866699219,6.419707189210385],[99.88529205322266,6.419707189210385],[99.88460540771484,6.42107186720348],[99.88426208496094,6.417660165363671],[99.88117218017578,6.419707189210385],[99.88117218017578,6.42107186720348],[99.88014221191406,6.422095373297765],[99.87945556640625,6.420730698048118],[99.87464904785156,6.4268717078551845],[99.87430572509766,6.4285775307580195],[99.87327575683594,6.428918694651969],[99.8715591430664,6.4268717078551845],[99.86984252929688,6.426530542588068],[99.86675262451172,6.429601021753157],[99.86469268798828,6.4299421849603675],[99.86400604248047,6.433012643521721],[99.86263275146484,6.432671482375369],[99.86263275146484,6.430965673208348],[99.86091613769531,6.43130683549974],[99.86091613769531,6.433012643521721],[99.86228942871094,6.433353804439051],[99.8602294921875,6.43574192444602],[99.85919952392578,6.43574192444602],[99.85885620117188,6.433694965127302],[99.85645294189453,6.433694965127302],[99.854736328125,6.435059605589544],[99.85542297363281,6.437447717577072],[99.85370635986328,6.4364242423859395],[99.85301971435547,6.438812347956386],[99.85370635986328,6.439494661770624],[99.8550796508789,6.439153504978151],[99.85542297363281,6.440518130772418],[99.854736328125,6.440176974667779],[99.854736328125,6.4412004422937486],[99.85336303710938,6.442223907855762],[99.85576629638672,6.4459765972528515],[99.854736328125,6.448364657866378],[99.85851287841797,6.451435004981931],[99.85610961914062,6.455187626189897],[99.85061645507812,6.456893353910758],[99.85198974609375,6.458257931949703],[99.85095977783203,6.460304792110051],[99.854736328125,6.459622506309813],[99.85336303710938,6.4599636493249335],[99.85336303710938,6.461669360950481],[99.85095977783203,6.463033926110143],[99.85095977783203,6.464057347563951],[99.84992980957031,6.46371620730946],[99.8492431640625,6.465080766946585],[99.84718322753906,6.465763045384193],[99.84683990478516,6.467468737449678],[99.84855651855469,6.468151012664208],[99.84821319580078,6.469174423758929],[99.84580993652344,6.468833286957647],[99.8440933227539,6.470538968660833],[99.84375,6.46951556032991],[99.84203338623047,6.46951556032991],[99.83963012695312,6.4715623749185625],[99.8382568359375,6.471221239729701],[99.83516693115234,6.473268047406734],[99.83516693115234,6.469856696670547],[99.83345031738281,6.469856696670547],[99.8331069946289,6.471221239729701],[99.83036041259766,6.47292691336996],[99.83036041259766,6.47463258124921],[99.82898712158203,6.47463258124921],[99.82795715332031,6.476679375097689],[99.82521057128906,6.477702768909367],[99.82349395751953,6.4756559792108845],[99.82246398925781,6.471221239729701],[99.82177734375,6.469856696670547],[99.82177734375,6.717119167990035],[99.82452392578125,6.718142065212177],[99.82521057128906,6.719164960283209],[99.82280731201172,6.720187853202788],[99.82177734375,6.720187853202788]],[[100.32783508300781,5.874233885400145],[100.33401489257812,5.87696603826862],[100.33710479736328,5.878332109674332],[100.33676147460938,5.879698177726667],[100.33092498779297,5.879698177726667],[100.32886505126953,5.881405758075218],[100.32646179199219,5.881405758075218],[100.32268524169922,5.878332109674332],[100.32234191894531,5.8762830013084795],[100.31959533691406,5.8759414825141505],[100.31753540039062,5.874575405241885],[100.32062530517578,5.873550845088374],[100.32268524169922,5.874575405241885],[100.32783508300781,5.874233885400145]],[[100.07377624511719,6.464739627382514],[100.07377624511719,6.467127599497033],[100.07171630859375,6.471221239729701],[100.07034301757812,6.471221239729701],[100.06999969482422,6.469174423758929],[100.06793975830078,6.465763045384193],[100.06725311279297,6.462351643990445],[100.06519317626953,6.4606459346651945],[100.06519317626953,6.45894021958965],[100.07377624511719,6.464739627382514]],[[99.94503021240234,6.315981016562034],[99.9422836303711,6.3173459703266275],[99.93953704833984,6.319052157469898],[99.93885040283203,6.318369683287656],[99.93885040283203,6.317004732222941],[99.9374771118164,6.315981016562034],[99.93850708007812,6.313251098236293],[99.93782043457031,6.312227375153796],[99.93885040283203,6.312227375153796],[99.93919372558594,6.310862407896451],[99.93988037109375,6.311544891974705],[99.94056701660156,6.310862407896451],[99.9422836303711,6.310862407896451],[99.942626953125,6.311886133676651],[99.94194030761719,6.312568616406125],[99.9429702758789,6.312568616406125],[99.9429702758789,6.31393357916707],[99.94365692138672,6.313251098236293],[99.94400024414062,6.31427481929515],[99.94537353515625,6.31427481929515],[99.94503021240234,6.315981016562034]],[[99.92202758789062,6.296530034716881],[99.92374420166016,6.297895039696712],[99.92408752441406,6.299601290874406],[99.92271423339844,6.299942540436888],[99.92305755615234,6.30164878488327],[99.92546081542969,6.305402502912202],[99.92408752441406,6.307108729397896],[99.92408752441406,6.308473706543097],[99.92786407470703,6.314957298876649],[99.92786407470703,6.317004732222941],[99.92958068847656,6.3173459703266275],[99.9312973022461,6.315981016562034],[99.93095397949219,6.314616059198357],[99.92923736572266,6.31427481929515],[99.92958068847656,6.313251098236293],[99.9319839477539,6.312568616406125],[99.93370056152344,6.314957298876649],[99.93267059326172,6.315639777558502],[99.93301391601562,6.3173459703266275],[99.93370056152344,6.3173459703266275],[99.93335723876953,6.3180284458589995],[99.93782043457031,6.318710920491284],[99.93644714355469,6.319734630751924],[99.93370056152344,6.318710920491284],[99.9319839477539,6.3193933942234395],[99.93061065673828,6.318710920491284],[99.92889404296875,6.324170685135854],[99.92752075195312,6.324853151663234],[99.92511749267578,6.323146983655533],[99.92237091064453,6.323829451534294],[99.9203109741211,6.321099574614962],[99.91893768310547,6.321440810017933],[99.9148178100586,6.320075867055323],[99.91447448730469,6.318369683287656],[99.91310119628906,6.317687208205314],[99.91172790527344,6.319052157469898],[99.90966796875,6.318369683287656],[99.90795135498047,6.3193933942234395],[99.90486145019531,6.319734630751924],[99.90245819091797,6.3180284458589995],[99.898681640625,6.318369683287656],[99.89627838134766,6.317004732222941],[99.89456176757812,6.317004732222941],[99.8931884765625,6.318369683287656],[99.89250183105469,6.317004732222941],[99.89044189453125,6.315981016562034],[99.89078521728516,6.312909857433624],[99.88941192626953,6.31427481929515],[99.8873519897461,6.313592338814118],[99.88563537597656,6.314957298876649],[99.88563537597656,6.313251098236293],[99.88391876220703,6.311203650047972],[99.88494873046875,6.310179922919147],[99.88632202148438,6.310179922919147],[99.88666534423828,6.307449974021168],[99.88941192626953,6.308814950267717],[99.88941192626953,6.309838680093364],[99.89044189453125,6.310521165520171],[99.89215850830078,6.308473706543097],[99.8935317993164,6.309838680093364],[99.8928451538086,6.311203650047972],[99.89421844482422,6.311886133676651],[99.89593505859375,6.308814950267717],[99.89696502685547,6.309838680093364],[99.8990249633789,6.308132462593775],[99.89971160888672,6.309838680093364],[99.90760803222656,6.309156193767649],[99.91069793701172,6.309838680093364],[99.91104125976562,6.310521165520171],[99.91275787353516,6.30949743704285],[99.91104125976562,6.3043787643258185],[99.91207122802734,6.303013776400476],[99.9148178100586,6.303696270812168],[99.9148178100586,6.303013776400476],[99.91928100585938,6.301990033099258],[99.9209976196289,6.296530034716881],[99.9203109741211,6.294141267368474],[99.92202758789062,6.293800013993305],[99.92202758789062,6.296530034716881]],[[99.91241455078125,6.423801212214869],[99.91241455078125,6.419707189210385],[99.91104125976562,6.419707189210385],[99.91138458251953,6.415954305874038],[99.90829467773438,6.4122013948956464],[99.91138458251953,6.403330768246761],[99.91378784179688,6.400601313644117],[99.91310119628906,6.402648405963902],[99.91413116455078,6.402307224480481],[99.91413116455078,6.403330768246761],[99.91275787353516,6.4046954900763495],[99.91447448730469,6.4084484562911115],[99.91378784179688,6.409813164433629],[99.91584777832031,6.416977822253244],[99.9151611328125,6.423460044888827],[99.91653442382812,6.425507045413909],[99.91619110107422,6.427554037702876],[99.91722106933594,6.4285775307580195],[99.91928100585938,6.435059605589544],[99.91928100585938,6.438130033225178],[99.91825103759766,6.4377888755157215],[99.9148178100586,6.429601021753157],[99.9151611328125,6.424824712820538],[99.91310119628906,6.422436541538559],[99.91241455078125,6.423801212214869]],[[99.90692138671875,6.6935919389124905],[99.90726470947266,6.692228006766314],[99.90795135498047,6.689159145509237],[99.9100112915039,6.6884771737226885],[99.91413116455078,6.693932921353678],[99.9148178100586,6.696319791772652],[99.91310119628906,6.70211642846462],[99.90829467773438,6.703139357199518],[99.90657806396484,6.7051852082297785],[99.90760803222656,6.70791299624365],[99.91241455078125,6.71098173950179],[99.91275787353516,6.712345619186976],[99.90829467773438,6.709958827230835],[99.9041748046875,6.705867156664851],[99.90554809570312,6.70007056455691],[99.90795135498047,6.695978810998881],[99.90692138671875,6.6935919389124905]],[[99.8983383178711,6.4203895286641455],[99.89936828613281,6.419707189210385],[99.9038314819336,6.413907266947859],[99.90520477294922,6.415271960478961],[99.90692138671875,6.413907266947859],[99.90795135498047,6.414930787438806],[99.90657806396484,6.417660165363671],[99.90829467773438,6.4180013365761255],[99.90898132324219,6.419024848842341],[99.90966796875,6.418683678315475],[99.91035461425781,6.4203895286641455],[99.90760803222656,6.421413036130218],[99.90554809570312,6.420048359051563],[99.9041748046875,6.4203895286641455],[99.90657806396484,6.423118877334105],[99.9041748046875,6.425848211367438],[99.9041748046875,6.427212872893449],[99.90211486816406,6.430283347938641],[99.9041748046875,6.430965673208348],[99.90211486816406,6.43198915939557],[99.90074157714844,6.43574192444602],[99.90142822265625,6.440176974667779],[99.90074157714844,6.443588525393935],[99.89971160888672,6.444611986138767],[99.89627838134766,6.44154159771044],[99.89490509033203,6.442223907855762],[99.89490509033203,6.445294292154742],[99.89387512207031,6.449388108971547],[99.8928451538086,6.450070408560265],[99.8931884765625,6.4524584498864925],[99.88941192626953,6.455187626189897],[99.88872528076172,6.452117301814681],[99.8876953125,6.4524584498864925],[99.88666534423828,6.450752707230436],[99.88426208496094,6.450070408560265],[99.88391876220703,6.444611986138767],[99.8825454711914,6.443588525393935],[99.88151550292969,6.439153504978151],[99.87945556640625,6.437106559409216],[99.8825454711914,6.433353804439051],[99.88288879394531,6.430624510687977],[99.8825454711914,6.430624510687977],[99.8822021484375,6.429259858317025],[99.88632202148438,6.427212872893449],[99.88872528076172,6.423801212214869],[99.8928451538086,6.421754204828318],[99.8983383178711,6.4203895286641455]],[[99.87739562988281,6.6997295864045725],[99.88082885742188,6.701434474782403],[99.8880386352539,6.706890077528044],[99.8880386352539,6.708594940860792],[99.8770523071289,6.70654910414558],[99.87430572509766,6.705526182566601],[99.87293243408203,6.70279838119302],[99.87739562988281,6.6997295864045725]],[[99.87911224365234,6.711322709781257],[99.88666534423828,6.712686588511289],[99.87293243408203,6.7174601339697375],[99.87224578857422,6.715073367093709],[99.87396240234375,6.711322709781257],[99.87911224365234,6.711322709781257]],[[99.86125946044922,6.289022443208893],[99.86091613769531,6.2859511245184905],[99.86263275146484,6.2815147432846175],[99.86400604248047,6.28049095762924],[99.86778259277344,6.282538526926373],[99.86984252929688,6.285609865766602],[99.86949920654297,6.286633641350576],[99.86778259277344,6.2852686067908365],[99.86675262451172,6.2859511245184905],[99.86640930175781,6.291411234091157],[99.86572265625,6.2924349982511245],[99.86125946044922,6.289022443208893]],[[99.85851287841797,6.678588475895381],[99.85954284667969,6.678247482749015],[99.86228942871094,6.675178533740066],[99.86572265625,6.678588475895381],[99.8653793334961,6.679952446104522],[99.86709594726562,6.67961145390872],[99.86709594726562,6.685749277058392],[99.86640930175781,6.688136187472438],[99.86434936523438,6.6908640708103775],[99.86366271972656,6.6908640708103775],[99.86194610595703,6.6860902649741405],[99.86194610595703,6.681998394287589],[99.8598861694336,6.67961145390872],[99.85885620117188,6.679952446104522],[99.85919952392578,6.679270461475269],[99.85885620117188,6.67961145390872],[99.85851287841797,6.678588475895381]],[[99.84237670898438,6.733485265230399],[99.8440933227539,6.733144310496044],[99.84375,6.731780489163384],[99.84477996826172,6.732462400308734],[99.84546661376953,6.731780489163384],[99.8440933227539,6.730416663998909],[99.84649658203125,6.731780489163384],[99.84649658203125,6.728370919069178],[99.84306335449219,6.717119167990035],[99.84031677246094,6.7160962686171075],[99.83619689941406,6.720869780620447],[99.83448028564453,6.720528817031166],[99.83619689941406,6.720187853202788],[99.8379135131836,6.717119167990035],[99.83997344970703,6.715755301681568],[99.83928680419922,6.715755301681568],[99.84272003173828,6.714391431550226],[99.84134674072266,6.710299798226558],[99.84169006347656,6.708253968671542],[99.84786987304688,6.703821308497027],[99.85336303710938,6.705867156664851],[99.85370635986328,6.707572023577086],[99.86400604248047,6.7048442336543985],[99.86434936523438,6.704162283788008],[99.86503601074219,6.70654910414558],[99.86675262451172,6.708594940860792],[99.86263275146484,6.71643723531372],[99.86228942871094,6.725643245758604],[99.86091613769531,6.729393792611376],[99.85954284667969,6.730757620649214],[99.85061645507812,6.733144310496044],[99.8434066772461,6.736894799396779],[99.84237670898438,6.73621289448046],[99.8434066772461,6.735871941662822],[99.84203338623047,6.73519003530869],[99.84237670898438,6.734508127996122],[99.84237670898438,6.733485265230399]],[[99.84752655029297,6.66699457568501],[99.84546661376953,6.660856517463202],[99.84375,6.655059391963746],[99.84443664550781,6.651308274285924],[99.84649658203125,6.652331309220671],[99.85061645507812,6.65881048098764],[99.85336303710938,6.661538527725739],[99.85748291015625,6.662561541341788],[99.8598861694336,6.664607562172577],[99.86263275146484,6.664948564814452],[99.86572265625,6.667335576666545],[99.86400604248047,6.6704045748232375],[99.86160278320312,6.671086571803116],[99.85782623291016,6.669381577573361],[99.85610961914062,6.6697225768939745],[99.85267639160156,6.66699457568501],[99.84752655029297,6.66699457568501]],[[99.84512329101562,6.701775451742748],[99.84134674072266,6.701775451742748],[99.84134674072266,6.70007056455691],[99.8386001586914,6.7004115424708885],[99.83654022216797,6.697342732664396],[99.83654022216797,6.695978810998881],[99.8382568359375,6.694955867248183],[99.84031677246094,6.695637829986865],[99.84031677246094,6.694955867248183],[99.84580993652344,6.70075252014648],[99.84512329101562,6.701775451742748]]]}}]}