{"type":"FeatureCollection","features":[{"type":"Feature","id":"pmtiles:10/841/513:landuse:206055793:0","properties":{"class":"quarry","kind":"green","verification":"verified","source":"OpenMapTiles/OpenStreetMap national PMTiles","sourceId":"10/841/513:landuse:206055793:0","sourceLayer":"landuse","archive":"https://its.hanifahseptiani45.workers.dev/v1/map/archive/indonesia.pmtiles","updatedAt":"2026-07-26T09:41:47.897Z"},"geometry":{"type":"Polygon","coordinates":[[[115.69650650024414,-0.7086000996551007],[115.69787979125977,-0.7067119685307404],[115.69916725158691,-0.7034506493274932],[115.70517539978027,-0.7039655946166476],[115.71023941040039,-0.7086000996551007],[115.69650650024414,-0.7086000996551007]]]}},{"type":"Feature","id":"pmtiles:10/841/513:landuse:5161610200:18","properties":{"class":"residential","kind":"green","verification":"verified","source":"OpenMapTiles/OpenStreetMap national PMTiles","sourceId":"10/841/513:landuse:5161610200:18","sourceLayer":"landuse","archive":"https://its.hanifahseptiani45.workers.dev/v1/map/archive/indonesia.pmtiles","updatedAt":"2026-07-26T09:41:47.898Z"},"geometry":{"type":"Polygon","coordinates":[[[115.9438705444336,-0.7024207585787536],[115.94541549682617,-0.7025924070526486],[115.94661712646484,-0.7020774616120633],[115.94687461853027,-0.7030215282097885],[115.94781875610352,-0.7035364735462935],[115.94687461853027,-0.7049096608323708],[115.94550132751465,-0.7055962543236092],[115.94524383544922,-0.7036222977635305],[115.94412803649902,-0.7037081219791759],[115.9438705444336,-0.7024207585787536]]]}},{"type":"Feature","id":"pmtiles:10/841/513:landuse:5161610200:24","properties":{"class":"residential","kind":"green","verification":"verified","source":"OpenMapTiles/OpenStreetMap national PMTiles","sourceId":"10/841/513:landuse:5161610200:24","sourceLayer":"landuse","archive":"https://its.hanifahseptiani45.workers.dev/v1/map/archive/indonesia.pmtiles","updatedAt":"2026-07-26T09:41:47.898Z"},"geometry":{"type":"Polygon","coordinates":[[[115.76826095581055,-0.7050813092146768],[115.76963424682617,-0.7055104301427519],[115.77014923095703,-0.7063686718801421],[115.76972007751465,-0.7086000996551007],[115.76628684997559,-0.7086000996551007],[115.76740264892578,-0.7072269134590385],[115.76826095581055,-0.7050813092146768]]]}},{"type":"Feature","id":"pmtiles:10/840/514:landuse:206055793:0","properties":{"class":"quarry","kind":"green","verification":"verified","source":"OpenMapTiles/OpenStreetMap national PMTiles","sourceId":"10/840/514:landuse:206055793:0","sourceLayer":"landuse","archive":"https://its.hanifahseptiani45.workers.dev/v1/map/archive/indonesia.pmtiles","updatedAt":"2026-07-26T09:41:56.599Z"},"geometry":{"type":"Polygon","coordinates":[[[115.6695556640625,-0.7164959123591359],[115.6695556640625,-0.7242200637947889],[115.66878318786621,-0.7231043538418902],[115.66758155822754,-0.7232760015448036],[115.66414833068848,-0.721731171985013],[115.66097259521484,-0.7188989830967358],[115.66062927246094,-0.7148652564976601],[115.66243171691895,-0.7126338317491019],[115.6629467010498,-0.7116039430388383],[115.6644058227539,-0.7118614152379763],[115.66586494445801,-0.7134920721651241],[115.66740989685059,-0.7142644884026481],[115.66766738891602,-0.7159809684655158],[115.6669807434082,-0.7185556873544101],[115.66783905029297,-0.718984807028292],[115.66929817199707,-0.7190706309582282],[115.6695556640625,-0.7164959123591359]]]}},{"type":"Feature","id":"pmtiles:10/841/514:landcover:5209350202:0","properties":{"subclass":"orchard","class":"farmland","kind":"green","verification":"verified","source":"OpenMapTiles/OpenStreetMap national PMTiles","sourceId":"10/841/514:landcover:5209350202:0","sourceLayer":"landcover","archive":"https://its.hanifahseptiani45.workers.dev/v1/map/archive/indonesia.pmtiles","updatedAt":"2026-07-26T09:41:56.658Z"},"geometry":{"type":"Polygon","coordinates":[[[115.70895195007324,-0.9498447191617885],[115.71049690246582,-0.9513036400590948],[115.71144104003906,-0.9556803990461447],[115.7135009765625,-0.9579975044889153],[115.71247100830078,-0.9603146083647545],[115.71066856384277,-0.9609153387429785],[115.70903778076172,-0.960228789730678],[115.70895195007324,-0.9609153387429785],[115.71006774902344,-0.9642622632002116],[115.71152687072754,-0.9640048075894185],[115.71264266967773,-0.9663219073851934],[115.71307182312012,-0.9688964608599377],[115.71401596069336,-0.9693255529156488],[115.72028160095215,-0.9661502704174296],[115.72174072265625,-0.9667509997666315],[115.72517395019531,-0.9707844654982409],[115.72474479675293,-0.9720717407837185],[115.72534561157227,-0.9726724690823545],[115.7288646697998,-0.9729299240347729],[115.72998046875,-0.973530652180628],[115.73066711425781,-0.9753328359757916],[115.7340145111084,-0.9737881070675343],[115.73538780212402,-0.9745604716102179],[115.73616027832031,-0.9757619272134264],[115.7369327545166,-0.9808251996775397],[115.73495864868164,-0.985116102550279],[115.72757720947266,-0.9845153764801893],[115.72689056396484,-0.9789372006692076],[115.72620391845703,-0.9781648371320131],[115.72242736816406,-0.9779932007662637],[115.72096824645996,-0.9789372006692076],[115.718994140625,-0.9790230188290252],[115.71478843688965,-0.9779932007662637],[115.71427345275879,-0.9817691987824162],[115.71187019348145,-0.9838288322675481],[115.71169853210449,-0.9860601004415912],[115.70852279663086,-0.9890637283135533],[115.70371627807617,-0.998160413251199],[115.70354461669922,-1.0013356652882237],[115.70157051086426,-1.001936388300905],[115.70268630981445,-1.0038243741947497],[115.70260047912598,-1.0055407240614613],[115.70028305053711,-1.0055407240614613],[115.69976806640625,-1.0069138033051672],[115.7021713256836,-1.006742168431316],[115.70294380187988,-1.0074287078724922],[115.70268630981445,-1.008630151546413],[115.70157051086426,-1.0094883253276805],[115.6995964050293,-1.013950825334902],[115.69839477539062,-1.0145515460205417],[115.69564819335938,-1.0145515460205417],[115.69101333618164,-1.0167827933044578],[115.6886100769043,-1.015667169855064],[115.68946838378906,-1.005025819196149],[115.69075584411621,-1.0031378339957229],[115.6911849975586,-0.9998767660849808],[115.68964004516602,-0.9937837094740161],[115.69238662719727,-0.9928397137804836],[115.69315910339355,-0.9932688027655132],[115.69333076477051,-0.995156793637463],[115.69427490234375,-0.9961007886683291],[115.69504737854004,-0.9957575177792961],[115.69504737854004,-0.9950709758939951],[115.6941032409668,-0.9942986161022418],[115.6941032409668,-0.9923248069249411],[115.69539070129395,-0.9886346387837932],[115.69599151611328,-0.9880339133489855],[115.697021484375,-0.9882055491985824],[115.69951057434082,-0.98743318780555],[115.69933891296387,-0.9867466441944117],[115.69796562194824,-0.986317554365499],[115.69745063781738,-0.9834855601082495],[115.69521903991699,-0.9831422879136511],[115.6955623626709,-0.9815117445075145],[115.6941032409668,-0.9790230188290252],[115.69496154785156,-0.9778215643917463],[115.69461822509766,-0.9767059277435095],[115.69581985473633,-0.9730157423478687],[115.69719314575195,-0.9698404633107316],[115.6981372833252,-0.9688964608599377],[115.69830894470215,-0.9671800920938409],[115.697021484375,-0.9637473519591566],[115.69727897644043,-0.9624600735160271],[115.69925308227539,-0.9619451620026922],[115.6995964050293,-0.9610011573598172],[115.69882392883301,-0.9597138778809438],[115.70294380187988,-0.9544789363490622],[115.70320129394531,-0.9533632920402368],[115.70388793945312,-0.9529341979790047],[115.70586204528809,-0.9547363926766508],[115.70646286010742,-0.9543931175689266],[115.70663452148438,-0.9511320023384542],[115.70895195007324,-0.9498447191617885]]]}},{"type":"Feature","id":"pmtiles:10/841/514:landcover:5209350232:0","properties":{"subclass":"orchard","class":"farmland","kind":"green","verification":"verified","source":"OpenMapTiles/OpenStreetMap national PMTiles","sourceId":"10/841/514:landcover:5209350232:0","sourceLayer":"landcover","archive":"https://its.hanifahseptiani45.workers.dev/v1/map/archive/indonesia.pmtiles","updatedAt":"2026-07-26T09:41:56.658Z"},"geometry":{"type":"Polygon","coordinates":[[[115.77023506164551,-0.8814463996762498],[115.76963424682617,-0.8865956280188669],[115.77014923095703,-0.8889127784391064],[115.76851844787598,-0.8949201986739439],[115.76860427856445,-0.8965507824713086],[115.76946258544922,-0.8974089841783126],[115.76929092407227,-0.8985246460963623],[115.7658576965332,-0.9119125624167168],[115.76568603515625,-0.9186065019501513],[115.76311111450195,-0.9254720679319632],[115.76422691345215,-0.9263302627472996],[115.76216697692871,-0.9305354143344857],[115.76354026794434,-0.937572595561349],[115.76070785522461,-0.9388598832829018],[115.75993537902832,-0.943494115151438],[115.75444221496582,-0.943494115151438],[115.75916290283203,-0.9480425219090023],[115.75993537902832,-0.9534491108460514],[115.75289726257324,-0.9658069964559246],[115.75272560119629,-0.9688964608599377],[115.75135231018066,-0.9709561022313125],[115.7479190826416,-0.9714710123781884],[115.74294090270996,-0.9701837368639445],[115.74276924133301,-0.9649488114004612],[115.73967933654785,-0.964777174363391],[115.73830604553223,-0.9639189890481532],[115.74156761169434,-0.9513036400590948],[115.74525833129883,-0.9490723490255704],[115.74337005615234,-0.942550105455652],[115.7450008392334,-0.9403188087943306],[115.74173927307129,-0.9423784673016513],[115.73856353759766,-0.9412628190945327],[115.7383918762207,-0.9386882449474001],[115.74199676513672,-0.9384307874283451],[115.74783325195312,-0.9401471705305084],[115.7475757598877,-0.9388598832829018],[115.74448585510254,-0.937315137960212],[115.74457168579102,-0.9362853073664752],[115.74568748474121,-0.935512934222615],[115.7450008392334,-0.9333674523758475],[115.74568748474121,-0.9323376206243239],[115.74843406677246,-0.9298488593151149],[115.75152397155762,-0.9327667172240837],[115.75427055358887,-0.932423439948451],[115.7493782043457,-0.9272742768040985],[115.7522964477539,-0.9192930591435555],[115.75152397155762,-0.9104536252220186],[115.7530689239502,-0.9089946874369446],[115.75512886047363,-0.9083939481776042],[115.7534122467041,-0.9067633696847253],[115.75066566467285,-0.9065059098555253],[115.75152397155762,-0.9073641092149813],[115.74989318847656,-0.9089088675488739],[115.74706077575684,-0.90813648846445],[115.74637413024902,-0.9062484500080075],[115.74697494506836,-0.9036738505272126],[115.74560165405273,-0.9022149100110965],[115.7461166381836,-0.900927609069825],[115.75547218322754,-0.8998119478861213],[115.7589054107666,-0.9014425295009403],[115.76130867004395,-0.9003268684748633],[115.76362609863281,-0.8973231640166688],[115.7643985748291,-0.8945769177820893],[115.76345443725586,-0.8955209401573683],[115.76105117797852,-0.8960358613505264],[115.76045036315918,-0.8955209401573683],[115.7603645324707,-0.8935470749138972],[115.7574462890625,-0.8913157477094984],[115.75693130493164,-0.889856802267758],[115.75907707214355,-0.8842784761484239],[115.7589054107666,-0.8829053484313221],[115.75753211975098,-0.8825620664227785],[115.75366973876953,-0.879987450349617],[115.75075149536133,-0.8756964196146697],[115.75143814086914,-0.8748382128774495],[115.75324058532715,-0.8747523921929314],[115.75504302978516,-0.8757822402775872],[115.75667381286621,-0.8757822402775872],[115.75830459594727,-0.8763829848629712],[115.75916290283203,-0.8732076195361174],[115.75804710388184,-0.866599418241023],[115.75684547424316,-0.8641106121625199],[115.75547218322754,-0.8639389703038489],[115.75538635253906,-0.865140463151647],[115.75461387634277,-0.8654837467526022],[115.75358390808105,-0.8640247912341579],[115.75298309326172,-0.864282254013446],[115.75238227844238,-0.8655695676479809],[115.75255393981934,-0.8662561347410929],[115.75409889221191,-0.8669427017098315],[115.75272560119629,-0.8721777707455232],[115.74843406677246,-0.8709762801336751],[115.74568748474121,-0.8684874769341349],[115.74199676513672,-0.8675434477053301],[115.7398509979248,-0.8650546422465624],[115.74010848999023,-0.857845679308852],[115.74448585510254,-0.8525247693749094],[115.74963569641113,-0.8531255176397536],[115.75066566467285,-0.8525247693749094],[115.7504940032959,-0.8508941664694731],[115.75100898742676,-0.8502934178568182],[115.75221061706543,-0.850550881559414],[115.751953125,-0.8480620650490351],[115.75238227844238,-0.8472038520879437],[115.75375556945801,-0.8472038520879437],[115.75427055358887,-0.8477187798874297],[115.75401306152344,-0.851409093777292],[115.75787544250488,-0.855185225263881],[115.75736045837402,-0.8559576153381272],[115.75641632080078,-0.8563008997656425],[115.75530052185059,-0.8559576153381272],[115.75478553771973,-0.856386720867718],[115.75469970703125,-0.8581889635671445],[115.75521469116211,-0.8595621002920524],[115.75675964355469,-0.8595621002920524],[115.76105117797852,-0.8611068785174041],[115.76620101928711,-0.8580173214418494],[115.76740264892578,-0.856386720867718],[115.76688766479492,-0.8533829811531177],[115.7658576965332,-0.8520098422161482],[115.76311111450195,-0.8515807361979597],[115.75916290283203,-0.8535546234857918],[115.75787544250488,-0.8490919203511282],[115.75796127319336,-0.8385358905581484],[115.75641632080078,-0.8356179585865675],[115.7559871673584,-0.8327858460707773],[115.75770378112793,-0.8302970182404437],[115.7600212097168,-0.8243753181471334],[115.75847625732422,-0.824203674534516],[115.75701713562012,-0.8295246230777593],[115.75555801391602,-0.8306403049309807],[115.75435638427734,-0.8329574893115392],[115.75693130493164,-0.8393941054303014],[115.75615882873535,-0.8411105346094274],[115.75298309326172,-0.8419687489159884],[115.75075149536133,-0.8434277128034893],[115.74594497680664,-0.8450583188540151],[115.74491500854492,-0.8460023536231205],[115.74259757995605,-0.84531578290472],[115.74156761169434,-0.8438568197251755],[115.7435417175293,-0.8425694988181931],[115.74405670166016,-0.8400806771924465],[115.74362754821777,-0.8393082839515671],[115.74225425720215,-0.8396515698552491],[115.7395076751709,-0.8418829274938417],[115.73787689208984,-0.8424836774092626],[115.73530197143555,-0.8408530702806445],[115.73427200317383,-0.8419687489159884],[115.73418617248535,-0.8435135341916151],[115.7365894317627,-0.8485769927343512],[115.73478698730469,-0.8492635628748246],[115.73452949523926,-0.8500359541370699],[115.73530197143555,-0.8538120869704358],[115.73452949523926,-0.8559576153381272],[115.72877883911133,-0.8546702984613574],[115.72663307189941,-0.8566441841624055],[115.72628974914551,-0.8577598582394614],[115.72774887084961,-0.858360605684723],[115.72955131530762,-0.860935236523261],[115.72998046875,-0.8634240446813095],[115.72697639465332,-0.8640247912341579],[115.72440147399902,-0.8617934464166837],[115.72285652160645,-0.8623941932270469],[115.7204532623291,-0.8610210575212989],[115.71916580200195,-0.8617076254360398],[115.71873664855957,-0.8624800141922009],[115.72079658508301,-0.8641964330889493],[115.72174072265625,-0.8659986720957562],[115.72019577026367,-0.869517326732975],[115.7215690612793,-0.8702038931094762],[115.72148323059082,-0.8730359780906127],[115.72242736816406,-0.8738083645337014],[115.72259902954102,-0.8750098542406022],[115.72071075439453,-0.8768979087166286],[115.71993827819824,-0.8765546261553965],[115.718994140625,-0.8749240335600064],[115.71744918823242,-0.875353136943346],[115.71478843688965,-0.8748382128774495],[115.71341514587402,-0.8718344877526931],[115.71195602416992,-0.8729501573649117],[115.7083511352539,-0.8730359780906127],[115.70775032043457,-0.8692598643095835],[115.70663452148438,-0.8684016561048793],[115.70577621459961,-0.8661703138612609],[115.70423126220703,-0.8643680749359959],[115.7036304473877,-0.858360605684723],[115.70423126220703,-0.8563008997656425],[115.70998191833496,-0.8562150786616343],[115.71015357971191,-0.8539837292839536],[115.71410179138184,-0.8478904224720196],[115.71513175964355,-0.844886676144057],[115.71401596069336,-0.8424836774092626],[115.71521759033203,-0.8393941054303014],[115.71624755859375,-0.8392224624709286],[115.71693420410156,-0.8398232127957783],[115.71762084960938,-0.8393082839515671],[115.71830749511719,-0.836647817177365],[115.72088241577148,-0.8345022781418834],[115.72079658508301,-0.8312410565676913],[115.72122573852539,-0.8295246230777593],[115.72242736816406,-0.8290955145889001],[115.72311401367188,-0.8243753181471334],[115.72242736816406,-0.8204275131885055],[115.72122573852539,-0.8173379239810998],[115.72577476501465,-0.8130468239186825],[115.72757720947266,-0.8096997627026923],[115.72920799255371,-0.8087557192954904],[115.7325553894043,-0.8093564742164006],[115.73555946350098,-0.8086698971566904],[115.74422836303711,-0.812961001870832],[115.74809074401855,-0.8162222384049471],[115.74946403503418,-0.8218864850410341],[115.75057983398438,-0.8227447035289117],[115.75221061706543,-0.8232596345330307],[115.75281143188477,-0.8228305253675359],[115.75281143188477,-0.8198267599180866],[115.75427055358887,-0.8191401846415118],[115.75667381286621,-0.8202558694061537],[115.7603645324707,-0.8210282663687423],[115.76414108276367,-0.8200842256164549],[115.7684326171875,-0.8231738127036294],[115.76774597167969,-0.8255768232280758],[115.76654434204102,-0.826435040920785],[115.76671600341797,-0.8274649019072484],[115.77126502990723,-0.8297820881487468],[115.77212333679199,-0.8315843431761891],[115.77195167541504,-0.8346739213078394],[115.77341079711914,-0.8414538203547153],[115.77461242675781,-0.8436851769621825],[115.77572822570801,-0.8519240210163446],[115.77478408813477,-0.8537262658108062],[115.77435493469238,-0.8567300052568072],[115.77478408813477,-0.8641964330889493],[115.77366828918457,-0.8658270303224782],[115.77109336853027,-0.8668568808455461],[115.77023506164551,-0.8693456851193275],[115.77083587646484,-0.872006129253009],[115.77057838439941,-0.8742374680445977],[115.76963424682617,-0.8764688055101715],[115.77075004577637,-0.8792150651809152],[115.77023506164551,-0.8814463996762498]]]}},{"type":"Feature","id":"pmtiles:10/841/514:landcover:5211186092:0","properties":{"subclass":"orchard","class":"farmland","kind":"green","verification":"verified","source":"OpenMapTiles/OpenStreetMap national PMTiles","sourceId":"10/841/514:landcover:5211186092:0","sourceLayer":"landcover","archive":"https://its.hanifahseptiani45.workers.dev/v1/map/archive/indonesia.pmtiles","updatedAt":"2026-07-26T09:41:56.658Z"},"geometry":{"type":"Polygon","coordinates":[[[115.91031074523926,-0.9241847753196879],[115.91005325317383,-0.9227258431284611],[115.91082572937012,-0.9221251061698723],[115.91683387756348,-0.9222109257415951],[115.91829299926758,-0.9231549408939088],[115.91983795166016,-0.9320801626393376],[115.91880798339844,-0.93680022270118],[115.91915130615234,-0.9382591490717829],[115.92035293579102,-0.9391173407703661],[115.92086791992188,-0.9418635527888881],[115.92018127441406,-0.9442664865302106],[115.92086791992188,-0.9495014435669873],[115.92035293579102,-0.9610869759744958],[115.92215538024902,-0.9632324406402546],[115.92464447021484,-0.9642622632002116],[115.92636108398438,-0.9672659105527686],[115.9233570098877,-0.9676950028148781],[115.92061042785645,-0.9688106424422642],[115.91683387756348,-0.973530652180628],[115.90988159179688,-0.9770492005978184],[115.9061050415039,-0.9770492005978184],[115.9031867980957,-0.974646289881818],[115.89846611022949,-0.9728441057194743],[115.89554786682129,-0.9702695552468015],[115.89202880859375,-0.9700121000916937],[115.8863639831543,-0.9678666397045248],[115.88155746459961,-0.9708702838658638],[115.87520599365234,-0.9768775641750409],[115.86911201477051,-0.9803961090872662],[115.86859703063965,-0.9782506553115979],[115.86954116821289,-0.9755044724774109],[115.86911201477051,-0.972415014110311],[115.86645126342773,-0.9697546449170034],[115.86576461791992,-0.9631466220795346],[115.86670875549316,-0.9582549605525656],[115.87065696716309,-0.9578258671024003],[115.87477684020996,-0.9600571524560451],[115.87932586669922,-0.9641764446654406],[115.88138580322266,-0.963833170504742],[115.88507652282715,-0.9591989659537035],[115.88705062866211,-0.9520760096962277],[115.8922004699707,-0.9454679527782588],[115.90104103088379,-0.9451246767497707],[115.90121269226074,-0.949673081368644],[115.90258598327637,-0.9484716165781464],[115.90353012084961,-0.9482999787168751],[115.90996742248535,-0.9495014435669873],[115.90996742248535,-0.9443523055617078],[115.91168403625488,-0.9420351909682694],[115.91254234313965,-0.9386882449474001],[115.91254234313965,-0.9364569458197707],[115.91134071350098,-0.935512934222615],[115.91056823730469,-0.9319943433068545],[115.90936660766602,-0.931736885296786],[115.90902328491211,-0.9298488593151149],[115.90936660766602,-0.9264160822174006],[115.91031074523926,-0.9241847753196879]]]}},{"type":"Feature","id":"pmtiles:10/841/514:landcover:5211186102:0","properties":{"subclass":"orchard","class":"farmland","kind":"green","verification":"verified","source":"OpenMapTiles/OpenStreetMap national PMTiles","sourceId":"10/841/514:landcover:5211186102:0","sourceLayer":"landcover","archive":"https://its.hanifahseptiani45.workers.dev/v1/map/archive/indonesia.pmtiles","updatedAt":"2026-07-26T09:41:56.658Z"},"geometry":{"type":"Polygon","coordinates":[[[115.84490776062012,-0.8878829339871572],[115.84585189819336,-0.8870247300580587],[115.84507942199707,-0.8855657829219155],[115.8456802368164,-0.8848792193649757],[115.84593772888184,-0.8814463996762498],[115.84559440612793,-0.8793008857631008],[115.84413528442383,-0.8777561149819348],[115.84550857543945,-0.874065826646131],[115.8442211151123,-0.8746665715064381],[115.84224700927734,-0.8746665715064381],[115.8413028717041,-0.8765546261553965],[115.84224700927734,-0.8784426798524265],[115.84044456481934,-0.8784426798524265],[115.83984375,-0.8788717828324195],[115.83967208862305,-0.8784426798524265],[115.83752632141113,-0.878356859250502],[115.83615303039551,-0.879043424010618],[115.83555221557617,-0.878356859250502],[115.83409309387207,-0.878356859250502],[115.83409309387207,-0.877412832499445],[115.83512306213379,-0.8756964196146697],[115.83598136901855,-0.8760397022545305],[115.83847045898438,-0.8756105989497911],[115.83958625793457,-0.874065826646131],[115.83924293518066,-0.8723494122302071],[115.8413028717041,-0.868315835273691],[115.84713935852051,-0.8639389703038489],[115.84799766540527,-0.8647971795196554],[115.84688186645508,-0.8672001642910061],[115.84756851196289,-0.8685732977614151],[115.84619522094727,-0.8718344877526931],[115.84413528442383,-0.872006129253009],[115.84439277648926,-0.8733792609737918],[115.84525108337402,-0.8734650816897016],[115.84636688232422,-0.8726926951760703],[115.84808349609375,-0.8699464307329237],[115.84894180297852,-0.8694315059271247],[115.84902763366699,-0.868830760231603],[115.84722518920898,-0.8671143434325472],[115.84868431091309,-0.865741209432926],[115.84868431091309,-0.8644538958565988],[115.84997177124023,-0.8643680749359959],[115.84919929504395,-0.8632524027916304],[115.84980010986328,-0.8624800141922009],[115.8493709564209,-0.8605919525117969],[115.84980010986328,-0.8590471740780288],[115.84808349609375,-0.8576740371681524],[115.84945678710938,-0.8570732896151299],[115.8497142791748,-0.8550994041349185],[115.84610939025879,-0.8523531269963058],[115.84507942199707,-0.8522673058041477],[115.84353446960449,-0.8525247693749094],[115.84198951721191,-0.8544986561785208],[115.84035873413086,-0.8553568675160221],[115.83786964416504,-0.8541553715897976],[115.83829879760742,-0.8512374513489931],[115.84035873413086,-0.8511516301319801],[115.84138870239258,-0.8490919203511282],[115.8427619934082,-0.8478046011806839],[115.84284782409668,-0.8512374513489931],[115.84456443786621,-0.8498643116476927],[115.84490776062012,-0.8508941664694731],[115.84636688232422,-0.8508083452448147],[115.84610939025879,-0.8490919203511282],[115.8449935913086,-0.8470322094729141],[115.84516525268555,-0.8457448896179471],[115.84585189819336,-0.8445433907014035],[115.84808349609375,-0.844886676144057],[115.84842681884766,-0.8428269630336445],[115.84636688232422,-0.8409388917254574],[115.84636688232422,-0.839909034263215],[115.84980010986328,-0.838621712053822],[115.8522891998291,-0.8361328879157384],[115.84988594055176,-0.835274672329632],[115.84980010986328,-0.8345880997257922],[115.85263252258301,-0.8319276297548441],[115.8522891998291,-0.8312410565676913],[115.85314750671387,-0.8293529796877976],[115.8537483215332,-0.8290096928855348],[115.85460662841797,-0.8261775756324283],[115.85417747497559,-0.8260059320976012],[115.85280418395996,-0.8273790801685834],[115.85151672363281,-0.8274649019072484],[115.85168838500977,-0.8258342885553418],[115.8504867553711,-0.8251477143122514],[115.85074424743652,-0.8239462091017629],[115.85031509399414,-0.8239462091017629],[115.84997177124023,-0.8252335360991054],[115.85091590881348,-0.8263492191598516],[115.84962844848633,-0.8272074366856828],[115.85289001464844,-0.8286664060535145],[115.85246086120605,-0.8301253748840054],[115.84902763366699,-0.8315843431761891],[115.84774017333984,-0.8327000244475897],[115.84619522094727,-0.8354463154618514],[115.83932876586914,-0.8353604938966868],[115.83812713623047,-0.8251477143122514],[115.83855628967285,-0.8188827188824632],[115.84619522094727,-0.8188827188824632],[115.84653854370117,-0.8130468239186825],[115.83761215209961,-0.8130468239186825],[115.83778381347656,-0.8106438058900522],[115.84731101989746,-0.810300517483725],[115.8482551574707,-0.8089273635676903],[115.84885597229004,-0.8046362545888286],[115.8537483215332,-0.8029198097321171],[115.86001396179199,-0.7984570497359726],[115.86155891418457,-0.7982854050238188],[115.86318969726562,-0.7992294508519677],[115.86250305175781,-0.8014608310372751],[115.86155891418457,-0.8023190538619502],[115.86602210998535,-0.8028339874703505],[115.86533546447754,-0.8037780322506478],[115.86310386657715,-0.8037780322506478],[115.86336135864258,-0.8073825648567805],[115.86456298828125,-0.8082407864353769],[115.86773872375488,-0.8090131857010618],[115.86816787719727,-0.8109012721756841],[115.8698844909668,-0.8116736709343257],[115.87065696716309,-0.8143341544173808],[115.86979866027832,-0.8158789504730919],[115.87228775024414,-0.8157931284855522],[115.8724594116211,-0.8144199764360138],[115.87306022644043,-0.8141625103746293],[115.8731460571289,-0.8163080603833492],[115.87623596191406,-0.8174237459356561],[115.87752342224121,-0.8141625103746293],[115.87769508361816,-0.8121886033581376],[115.87597846984863,-0.8064385209110867],[115.87503433227539,-0.805408654538823],[115.8731460571289,-0.8048937212550697],[115.87271690368652,-0.803434743264873],[115.8742618560791,-0.8026623429414315],[115.87589263916016,-0.8027481652067934],[115.87855339050293,-0.8057519433585014],[115.87992668151855,-0.8063526987233587],[115.8823299407959,-0.8060952321492607],[115.88318824768066,-0.8050653656902256],[115.88275909423828,-0.8024906984052791],[115.87709426879883,-0.7972555366004883],[115.87812423706055,-0.7960540231143654],[115.89280128479004,-0.7971697142202316],[115.89812278747559,-0.79862869444095],[115.89872360229492,-0.7994869178583599],[115.89872360229492,-0.8013750087448983],[115.89554786682129,-0.804722076812709],[115.89434623718262,-0.8050653656902256],[115.89056968688965,-0.8046362545888286],[115.88833808898926,-0.8071250983478677],[115.88224411010742,-0.8083266085832719],[115.88129997253418,-0.8112445605310512],[115.88181495666504,-0.8127893577696597],[115.88275909423828,-0.8133042900512777],[115.88644981384277,-0.8126177136611972],[115.88885307312012,-0.8141625103746293],[115.8903980255127,-0.8187968969590997],[115.89262962341309,-0.8206849788482344],[115.89426040649414,-0.8228305253675359],[115.89460372924805,-0.824203674534516],[115.8962345123291,-0.8248044271462618],[115.90009689331055,-0.836647817177365],[115.89863777160645,-0.839909034263215],[115.89983940124512,-0.8435993555778367],[115.8999252319336,-0.8456590682791045],[115.89889526367188,-0.8464314602604475],[115.90241432189941,-0.8480620650490351],[115.90335845947266,-0.8478046011806839],[115.90413093566895,-0.8466889242200324],[115.90473175048828,-0.8423120345857456],[115.90825080871582,-0.838192604556582],[115.91022491455078,-0.838192604556582],[115.91048240661621,-0.8357896017037945],[115.90850830078125,-0.8333007757706667],[115.90679168701172,-0.8274649019072484],[115.90524673461914,-0.8254910014486114],[115.90902328491211,-0.8246327835521612],[115.9086799621582,-0.8207708007311254],[115.90713500976562,-0.8191401846415118],[115.9068775177002,-0.8045504323631292],[115.90730667114258,-0.7936509950924062],[115.91494560241699,-0.7941659297862174],[115.91374397277832,-0.8162222384049471],[115.9138298034668,-0.8230021690392846],[115.91185569763184,-0.8339015270021122],[115.91185569763184,-0.8442859265995395],[115.91056823730469,-0.8520098422161482],[115.90988159179688,-0.865140463151647],[115.90893745422363,-0.8690882226842405],[115.90696334838867,-0.8712337424399124],[115.90481758117676,-0.871577025487511],[115.90129852294922,-0.8678009102456485],[115.89846611022949,-0.8676292685540545],[115.89692115783691,-0.8684016561048793],[115.89606285095215,-0.8713195632047501],[115.89262962341309,-0.8731217988143385],[115.89323043823242,-0.8739800059439489],[115.89288711547852,-0.8760397022545305],[115.89451789855957,-0.8775844737446334],[115.89554786682129,-0.8799016297832054],[115.89941024780273,-0.8822187843825446],[115.90189933776855,-0.8847075784559024],[115.90189933776855,-0.8874538320475125],[115.89838027954102,-0.8919164897822753],[115.89838027954102,-0.8953492997435717],[115.89683532714844,-0.8974089841783126],[115.89674949645996,-0.8984388259609233],[115.89863777160645,-0.9025581901851893],[115.89855194091797,-0.9055618903251741],[115.89923858642578,-0.9071924693593729],[115.90095520019531,-0.9089088675488739],[115.90301513671875,-0.9087372277666077],[115.90387344360352,-0.9093379669688488],[115.90310096740723,-0.9111401839754762],[115.90181350708008,-0.9124274812854765],[115.90198516845703,-0.913714778134846],[115.90301513671875,-0.914658795531281],[115.90387344360352,-0.919121419857575],[115.90267181396484,-0.921610188696107],[115.9031867980957,-0.9237556776785567],[115.90301513671875,-0.9259011653656017],[115.8988094329834,-0.9268451795367554],[115.89777946472168,-0.9281324711827494],[115.89743614196777,-0.9341398259916218],[115.89829444885254,-0.9358562111964375],[115.89692115783691,-0.937143499548938],[115.89494705200195,-0.9369718611292654],[115.89280128479004,-0.9355987534692218],[115.89194297790527,-0.9364569458197707],[115.8933162689209,-0.9380875107068078],[115.89177131652832,-0.9400613513954283],[115.89031219482422,-0.9392889790847931],[115.8878231048584,-0.9350838379581319],[115.88258743286133,-0.9354271149739048],[115.88241577148438,-0.9368860419162672],[115.88438987731934,-0.9411769999868795],[115.88696479797363,-0.9420351909682694],[115.88756561279297,-0.9452104957600795],[115.88284492492676,-0.9515610966240189],[115.88027000427246,-0.9525051038643397],[115.87949752807617,-0.954221480002218],[115.87623596191406,-0.9561094927646963],[115.87529182434082,-0.9579116857967307],[115.87340354919434,-0.9573967735985036],[115.87194442749023,-0.9550796677501125],[115.87117195129395,-0.9511320023384542],[115.87220191955566,-0.9486432544309054],[115.87194442749023,-0.9444381245910733],[115.87057113647461,-0.9411769999868795],[115.86902618408203,-0.9392031599286241],[115.86911201477051,-0.93534129572312],[115.86559295654297,-0.9355987534692218],[115.86464881896973,-0.9382591490717829],[115.86336135864258,-0.9395464365406525],[115.86087226867676,-0.9398897131189301],[115.85469245910645,-0.9379158723333916],[115.84894180297852,-0.9343114645498645],[115.84859848022461,-0.9329383558493447],[115.84808349609375,-0.9341398259916218],[115.84705352783203,-0.9345689223714828],[115.84696769714355,-0.9336249102666301],[115.84482192993164,-0.9337107295593796],[115.84173202514648,-0.932423439948451],[115.83992958068848,-0.932423439948451],[115.83855628967285,-0.9302779562178642],[115.83314895629883,-0.9261586238008448],[115.8332347869873,-0.9241847753196879],[115.83563804626465,-0.9240989557956141],[115.83623886108398,-0.9233265799855985],[115.83271980285645,-0.9222967453112432],[115.8292007446289,-0.9193788787834478],[115.82267761230469,-0.9184348626311873],[115.8204460144043,-0.9203228946861088],[115.81761360168457,-0.9211810907444402],[115.81718444824219,-0.9184348626311873],[115.82671165466309,-0.9159460915806932],[115.83349227905273,-0.9119983822332927],[115.83460807800293,-0.9104536252220186],[115.83186149597168,-0.9089946874369446],[115.83151817321777,-0.9077932088184042],[115.83426475524902,-0.9042745905694858],[115.83718299865723,-0.8967224228288018],[115.83898544311523,-0.8948343784539929],[115.84053039550781,-0.8944910975541234],[115.84044456481934,-0.8925172317569974],[115.84113121032715,-0.8915732086098274],[115.84319114685059,-0.8909724664810454],[115.84379196166992,-0.8899426226038543],[115.84353446960449,-0.8895135209034635],[115.84156036376953,-0.8902859039282163],[115.83924293518066,-0.8904575445784104],[115.83915710449219,-0.8932037938936475],[115.83804130554199,-0.8950060188918911],[115.83538055419922,-0.897237343853007],[115.83263397216797,-0.8973231640166688],[115.83203315734863,-0.8958642209608598],[115.83074569702148,-0.8953492997435717],[115.83151817321777,-0.8920881303564983],[115.82988739013672,-0.8902859039282163],[115.8292007446289,-0.8864239871892465],[115.83752632141113,-0.8860807055061741],[115.83786964416504,-0.8836777328346415],[115.8409595489502,-0.8839351942667406],[115.84267616271973,-0.8835919123533102],[115.84293365478516,-0.8827337074310151],[115.8442211151123,-0.8829911689285126],[115.84396362304688,-0.8858232442229905],[115.8453369140625,-0.8865956280188669],[115.8438777923584,-0.8873680116535922],[115.84344863891602,-0.8890844191531926],[115.84396362304688,-0.8890844191531926],[115.84490776062012,-0.8878829339871572]]]}},{"type":"Feature","id":"pmtiles:10/841/514:landcover:10753621712:0","properties":{"subclass":"orchard","class":"farmland","kind":"green","verification":"verified","source":"OpenMapTiles/OpenStreetMap national PMTiles","sourceId":"10/841/514:landcover:10753621712:0","sourceLayer":"landcover","archive":"https://its.hanifahseptiani45.workers.dev/v1/map/archive/indonesia.pmtiles","updatedAt":"2026-07-26T09:41:56.658Z"},"geometry":{"type":"Polygon","coordinates":[[[115.88138580322266,-0.7759715319996445],[115.88207244873047,-0.7783745701944014],[115.8794116973877,-0.7810350751697968],[115.87331771850586,-0.7831806424718764],[115.8716869354248,-0.7828373517772746],[115.87400436401367,-0.779576088778569],[115.8742618560791,-0.7777738107739083],[115.87357521057129,-0.7758857091816935],[115.87211608886719,-0.7760573548158476],[115.87065696716309,-0.7781171018818185],[115.86911201477051,-0.7786320384912813],[115.86851119995117,-0.7781171018818185],[115.86928367614746,-0.7759715319996445],[115.86816787719727,-0.7755424178925239],[115.86662292480469,-0.7735684924398072],[115.86567878723145,-0.77391178388892],[115.86670875549316,-0.7751133037419038],[115.86653709411621,-0.7776879879925787],[115.86344718933105,-0.7767439372827312],[115.86284637451172,-0.7759715319996445],[115.86190223693848,-0.7727102636955863],[115.86224555969238,-0.7698781076105234],[115.86284637451172,-0.7692773469867689],[115.86602210998535,-0.7687624092419441],[115.87048530578613,-0.7691915240336158],[115.8716869354248,-0.7676467105818432],[115.87211608886719,-0.7649861972184198],[115.87117195129395,-0.7628406207235372],[115.87108612060547,-0.7609525125229908],[115.87383270263672,-0.7562322384106182],[115.87348937988281,-0.7542583040760604],[115.87563514709473,-0.7569188240558162],[115.87580680847168,-0.7582919950200306],[115.87623596191406,-0.7583778181908514],[115.87666511535645,-0.7570046472538365],[115.87692260742188,-0.7593218729574005],[115.87803840637207,-0.7606950431588473],[115.8797550201416,-0.7612099818717724],[115.88155746459961,-0.759579342403427],[115.88335990905762,-0.7605233969075442],[115.88112831115723,-0.7618107436258015],[115.88044166564941,-0.7634413822500647],[115.87881088256836,-0.763956320634577],[115.87898254394531,-0.7667026576420568],[115.8823299407959,-0.7619823898258602],[115.88284492492676,-0.7646429050512609],[115.88533401489258,-0.7649861972184198],[115.88421821594238,-0.7684191173775616],[115.88310241699219,-0.7700497534874842],[115.88155746459961,-0.7709938056871692],[115.87709426879883,-0.7713370973442579],[115.87709426879883,-0.7720236805753586],[115.87855339050293,-0.7720236805753586],[115.87984085083008,-0.7735684924398072],[115.88172912597656,-0.7747700123901069],[115.88138580322266,-0.7759715319996445]]]}},{"type":"Feature","id":"pmtiles:10/841/514:landcover:10753621732:0","properties":{"subclass":"orchard","class":"farmland","kind":"green","verification":"verified","source":"OpenMapTiles/OpenStreetMap national PMTiles","sourceId":"10/841/514:landcover:10753621732:0","sourceLayer":"landcover","archive":"https://its.hanifahseptiani45.workers.dev/v1/map/archive/indonesia.pmtiles","updatedAt":"2026-07-26T09:41:56.658Z"},"geometry":{"type":"Polygon","coordinates":[[[115.80705642700195,-0.9667509997666315],[115.80714225769043,-0.9711277389556585],[115.80671310424805,-0.9716426490763865],[115.80302238464355,-0.9715568307283746],[115.80010414123535,-0.9705270103823409],[115.80010414123535,-0.9664935443442744],[115.80705642700195,-0.9667509997666315]]]}},{"type":"Feature","id":"pmtiles:10/841/514:landcover:10753621742:0","properties":{"subclass":"orchard","class":"farmland","kind":"green","verification":"verified","source":"OpenMapTiles/OpenStreetMap national PMTiles","sourceId":"10/841/514:landcover:10753621742:0","sourceLayer":"landcover","archive":"https://its.hanifahseptiani45.workers.dev/v1/map/archive/indonesia.pmtiles","updatedAt":"2026-07-26T09:41:56.658Z"},"geometry":{"type":"Polygon","coordinates":[[[115.82525253295898,-0.9232407604407911],[115.82705497741699,-0.9239273167412279],[115.82671165466309,-0.9259869848460909],[115.82765579223633,-0.9270168184499425],[115.83108901977539,-0.9273600962513342],[115.83151817321777,-0.9308786917940637],[115.83761215209961,-0.9352554764702177],[115.83735466003418,-0.93680022270118],[115.83941459655762,-0.9367144034839754],[115.84001541137695,-0.9374867763630732],[115.84044456481934,-0.9386882449474001],[115.83967208862305,-0.9392889790847931],[115.83932876586914,-0.9417777336960427],[115.8424186706543,-0.9443523055617078],[115.84456443786621,-0.9438373913409492],[115.84550857543945,-0.9480425219090023],[115.84731101989746,-0.9479567029687956],[115.84602355957031,-0.9436657532504285],[115.84782600402832,-0.9431508389280481],[115.84816932678223,-0.9416919146010656],[115.84980010986328,-0.9412628190945327],[115.85125923156738,-0.9420351909682694],[115.85211753845215,-0.9444381245910733],[115.8534049987793,-0.9458970477660955],[115.85580825805664,-0.9475276082358448],[115.85160255432129,-0.954307298786631],[115.85022926330566,-0.9553371240327095],[115.84713935852051,-0.9565385864296303],[115.84705352783203,-0.964777174363391],[115.84610939025879,-0.9654637224597309],[115.84173202514648,-0.9664935443442744],[115.8401870727539,-0.9682957318906347],[115.83889961242676,-0.9688964608599377],[115.82490921020508,-0.9675233659165485],[115.81692695617676,-0.9658069964559246],[115.81709861755371,-0.9529341979790047],[115.81735610961914,-0.9522476473698873],[115.82379341125488,-0.9486432544309054],[115.82508087158203,-0.9470126944861335],[115.82465171813965,-0.9459828667573049],[115.82233428955078,-0.9445239436183215],[115.82087516784668,-0.9429792008036628],[115.82053184509277,-0.9410911808771374],[115.82156181335449,-0.9390315216099765],[115.81924438476562,-0.9361136689047669],[115.81924438476562,-0.9341398259916218],[115.81778526306152,-0.9322518012980794],[115.81967353820801,-0.9301063174630286],[115.82001686096191,-0.9275317351395529],[115.81941604614258,-0.9260728043245194],[115.82010269165039,-0.9241847753196879],[115.82147598266602,-0.9232407604407911],[115.8237075805664,-0.9226400235691585],[115.82508087158203,-0.9226400235691585],[115.82525253295898,-0.9232407604407911]]]}},{"type":"Feature","id":"pmtiles:10/841/514:landcover:10753621722:0","properties":{"subclass":"wood","class":"wood","kind":"green","verification":"verified","source":"OpenMapTiles/OpenStreetMap national PMTiles","sourceId":"10/841/514:landcover:10753621722:0","sourceLayer":"landcover","archive":"https://its.hanifahseptiani45.workers.dev/v1/map/archive/indonesia.pmtiles","updatedAt":"2026-07-26T09:41:56.658Z"},"geometry":{"type":"Polygon","coordinates":[[[115.85675239562988,-0.9415202764047876],[115.8574390411377,-0.9430650198669213],[115.85967063903809,-0.9445239436183215],[115.8621597290039,-0.9471843324111973],[115.86379051208496,-0.9523334662034983],[115.86653709411621,-0.9554229427892693],[115.86430549621582,-0.9654637224597309],[115.8658504486084,-0.9709561022313125],[115.86851119995117,-0.9738739253588022],[115.86799621582031,-0.9779932007662637],[115.8684253692627,-0.9809110177889835],[115.86808204650879,-1.002622928751947],[115.80971717834473,-1.0028803813839602],[115.81109046936035,-0.9815975626013369],[115.75959205627441,-0.9604004269966708],[115.7614803314209,-0.9508745457415131],[115.76216697692871,-0.9400613513954283],[115.76577186584473,-0.938173329890347],[115.762939453125,-0.9306212337025102],[115.76654434204102,-0.9252146094468685],[115.76491355895996,-0.9240131362694655],[115.76740264892578,-0.9174908462295974],[115.76791763305664,-0.9073641092149813],[115.77040672302246,-0.8991253869880751],[115.77272415161133,-0.8733792609737918],[115.77667236328125,-0.8645397167752833],[115.77761650085449,-0.8541553715897976],[115.77744483947754,-0.838364247561131],[115.82817077636719,-0.8478904224720196],[115.8273983001709,-0.837506032463196],[115.82782745361328,-0.8230879908723807],[115.8343505859375,-0.8152781965218452],[115.83443641662598,-0.8073825648567805],[115.8413028717041,-0.7982854050238188],[115.8574390411377,-0.7957107334825793],[115.87520599365234,-0.7965689575084554],[115.8753776550293,-0.7990578061720726],[115.8797550201416,-0.8017182979035624],[115.8823299407959,-0.8048078990347989],[115.8797550201416,-0.8052370101181339],[115.87821006774902,-0.8021474093114023],[115.87709426879883,-0.8011175418570389],[115.87185859680176,-0.8016324756165858],[115.87005615234375,-0.8024906984052791],[115.87082862854004,-0.8064385209110867],[115.87220191955566,-0.8061810543424315],[115.87529182434082,-0.8070392761746064],[115.87400436401367,-0.810300517483725],[115.87606430053711,-0.8128751798211624],[115.87640762329102,-0.8143341544173808],[115.87451934814453,-0.8153640185203557],[115.87383270263672,-0.8163080603833492],[115.8731460571289,-0.8163080603833492],[115.87306022644043,-0.8141625103746293],[115.8724594116211,-0.8144199764360138],[115.87228775024414,-0.8157931284855522],[115.86979866027832,-0.8158789504730919],[115.87065696716309,-0.8143341544173808],[115.8698844909668,-0.8116736709343257],[115.86816787719727,-0.8109012721756841],[115.86773872375488,-0.8090131857010618],[115.86456298828125,-0.8082407864353769],[115.86336135864258,-0.8073825648567805],[115.86310386657715,-0.8037780322506478],[115.86533546447754,-0.8037780322506478],[115.86602210998535,-0.8028339874703505],[115.86155891418457,-0.8023190538619502],[115.86250305175781,-0.8014608310372751],[115.86318969726562,-0.7992294508519677],[115.86155891418457,-0.7982854050238188],[115.86001396179199,-0.7984570497359726],[115.8537483215332,-0.8029198097321171],[115.84885597229004,-0.8046362545888286],[115.8482551574707,-0.8089273635676903],[115.84731101989746,-0.810300517483725],[115.83778381347656,-0.8106438058900522],[115.83761215209961,-0.8130468239186825],[115.84653854370117,-0.8130468239186825],[115.84619522094727,-0.8188827188824632],[115.83855628967285,-0.8188827188824632],[115.83812713623047,-0.8251477143122514],[115.83932876586914,-0.8353604938966868],[115.84619522094727,-0.8354463154618514],[115.84774017333984,-0.8327000244475897],[115.84902763366699,-0.8315843431761891],[115.85246086120605,-0.8301253748840054],[115.85289001464844,-0.8286664060535145],[115.84962844848633,-0.8272074366856828],[115.85091590881348,-0.8263492191598516],[115.84997177124023,-0.8252335360991054],[115.85031509399414,-0.8239462091017629],[115.85074424743652,-0.8239462091017629],[115.8504867553711,-0.8251477143122514],[115.85168838500977,-0.8258342885553418],[115.85151672363281,-0.8274649019072484],[115.85280418395996,-0.8273790801685834],[115.85417747497559,-0.8260059320976012],[115.85460662841797,-0.8261775756324283],[115.8537483215332,-0.8290096928855348],[115.85314750671387,-0.8293529796877976],[115.8522891998291,-0.8312410565676913],[115.85263252258301,-0.8319276297548441],[115.84980010986328,-0.8345880997257922],[115.84988594055176,-0.835274672329632],[115.8522891998291,-0.8361328879157384],[115.84980010986328,-0.838621712053822],[115.84636688232422,-0.839909034263215],[115.84636688232422,-0.8409388917254574],[115.84842681884766,-0.8428269630336445],[115.84808349609375,-0.844886676144057],[115.84585189819336,-0.8445433907014035],[115.84516525268555,-0.8457448896179471],[115.8449935913086,-0.8470322094729141],[115.84610939025879,-0.8490919203511282],[115.84636688232422,-0.8508083452448147],[115.84490776062012,-0.8508941664694731],[115.84456443786621,-0.8498643116476927],[115.84284782409668,-0.8512374513489931],[115.8427619934082,-0.8478046011806839],[115.84138870239258,-0.8490919203511282],[115.84035873413086,-0.8511516301319801],[115.83829879760742,-0.8512374513489931],[115.83786964416504,-0.8541553715897976],[115.84035873413086,-0.8553568675160221],[115.84198951721191,-0.8544986561785208],[115.84353446960449,-0.8525247693749094],[115.84507942199707,-0.8522673058041477],[115.84610939025879,-0.8523531269963058],[115.84919929504395,-0.8546702984613574],[115.8497142791748,-0.8550994041349185],[115.84945678710938,-0.8570732896151299],[115.84808349609375,-0.8576740371681524],[115.84980010986328,-0.8590471740780288],[115.8493709564209,-0.8605919525117969],[115.84980010986328,-0.8624800141922009],[115.84919929504395,-0.8632524027916304],[115.84997177124023,-0.8643680749359959],[115.84868431091309,-0.8644538958565988],[115.84868431091309,-0.865741209432926],[115.84722518920898,-0.8671143434325472],[115.84808349609375,-0.8675434477053301],[115.84894180297852,-0.8691740434978925],[115.8456802368164,-0.8732934402559493],[115.84439277648926,-0.8733792609737918],[115.84404945373535,-0.8722635914888315],[115.84447860717773,-0.8717486669995793],[115.84619522094727,-0.8718344877526931],[115.84748268127441,-0.868830760231603],[115.84688186645508,-0.8672001642910061],[115.84799766540527,-0.8649688213395308],[115.84748268127441,-0.8638531493715931],[115.8413028717041,-0.868315835273691],[115.83924293518066,-0.8723494122302071],[115.83958625793457,-0.874065826646131],[115.83847045898438,-0.8756105989497911],[115.83598136901855,-0.8760397022545305],[115.83512306213379,-0.8756964196146697],[115.83409309387207,-0.877412832499445],[115.83409309387207,-0.878356859250502],[115.83555221557617,-0.878356859250502],[115.83615303039551,-0.879043424010618],[115.83752632141113,-0.878356859250502],[115.83967208862305,-0.8784426798524265],[115.83984375,-0.8788717828324195],[115.84044456481934,-0.8784426798524265],[115.84224700927734,-0.8784426798524265],[115.8413028717041,-0.8768120880792623],[115.84224700927734,-0.8746665715064381],[115.8442211151123,-0.8746665715064381],[115.84550857543945,-0.874065826646131],[115.84413528442383,-0.8777561149819348],[115.84559440612793,-0.8793008857631008],[115.84593772888184,-0.8814463996762498],[115.8456802368164,-0.8848792193649757],[115.84507942199707,-0.8855657829219155],[115.84593772888184,-0.8865956280188669],[115.8456802368164,-0.8875396524394148],[115.84344863891602,-0.8890844191531926],[115.8438777923584,-0.8873680116535922],[115.8453369140625,-0.8865956280188669],[115.84396362304688,-0.8858232442229905],[115.8442211151123,-0.8829911689285126],[115.84293365478516,-0.8827337074310151],[115.84267616271973,-0.8835919123533102],[115.8409595489502,-0.8839351942667406],[115.83786964416504,-0.8836777328346415],[115.83752632141113,-0.8860807055061741],[115.8292007446289,-0.8864239871892465],[115.82988739013672,-0.8902859039282163],[115.83151817321777,-0.8920881303564983],[115.83074569702148,-0.8953492997435717],[115.83203315734863,-0.8958642209608598],[115.83263397216797,-0.8973231640166688],[115.83538055419922,-0.897237343853007],[115.83804130554199,-0.8950060188918911],[115.83915710449219,-0.8932037938936475],[115.83924293518066,-0.8904575445784104],[115.84156036376953,-0.8902859039282163],[115.84353446960449,-0.8895135209034635],[115.84379196166992,-0.8899426226038543],[115.84319114685059,-0.8909724664810454],[115.84113121032715,-0.8915732086098274],[115.84044456481934,-0.8925172317569974],[115.84053039550781,-0.8944910975541234],[115.83898544311523,-0.8948343784539929],[115.83718299865723,-0.8967224228288018],[115.83426475524902,-0.9042745905694858],[115.83151817321777,-0.9077932088184042],[115.83186149597168,-0.9089946874369446],[115.83452224731445,-0.9105394450733542],[115.8332347869873,-0.912255841670742],[115.82671165466309,-0.9159460915806932],[115.81718444824219,-0.9184348626311873],[115.81761360168457,-0.9211810907444402],[115.81872940063477,-0.9241847753196879],[115.82199096679688,-0.9217818278623042],[115.82662582397461,-0.9225542040077812],[115.82636833190918,-0.9229833017939484],[115.8237075805664,-0.9226400235691585],[115.82147598266602,-0.9232407604407911],[115.82010269165039,-0.9241847753196879],[115.81941604614258,-0.9260728043245194],[115.82001686096191,-0.9275317351395529],[115.81967353820801,-0.9301063174630286],[115.81778526306152,-0.9322518012980794],[115.81924438476562,-0.9341398259916218],[115.81924438476562,-0.9361136689047669],[115.82156181335449,-0.9390315216099765],[115.82053184509277,-0.9410911808771374],[115.82087516784668,-0.9429792008036628],[115.82233428955078,-0.9445239436183215],[115.82465171813965,-0.9459828667573049],[115.82508087158203,-0.9470126944861335],[115.82379341125488,-0.9486432544309054],[115.81735610961914,-0.9522476473698873],[115.81709861755371,-0.9529341979790047],[115.81692695617676,-0.9658069964559246],[115.82490921020508,-0.9675233659165485],[115.83778381347656,-0.9690680976887478],[115.83975791931152,-0.9686390056004086],[115.84173202514648,-0.9664935443442744],[115.8467960357666,-0.9651204484288769],[115.84713935852051,-0.9565385864296303],[115.85022926330566,-0.9553371240327095],[115.85160255432129,-0.954307298786631],[115.85580825805664,-0.9480425219090023],[115.85555076599121,-0.9471843324111973],[115.85211753845215,-0.9444381245910733],[115.85151672363281,-0.9428075626708079],[115.8534049987793,-0.942121010054791],[115.85391998291016,-0.9405762661742614],[115.85460662841797,-0.9407479044169946],[115.85563659667969,-0.9423784673016513],[115.85675239562988,-0.9415202764047876]]]}},{"type":"Feature","id":"pmtiles:10/841/514:landuse:206055793:0","properties":{"class":"quarry","kind":"green","verification":"verified","source":"OpenMapTiles/OpenStreetMap national PMTiles","sourceId":"10/841/514:landuse:206055793:0","sourceLayer":"landuse","archive":"https://its.hanifahseptiani45.workers.dev/v1/map/archive/indonesia.pmtiles","updatedAt":"2026-07-26T09:41:56.659Z"},"geometry":{"type":"Polygon","coordinates":[[[115.68285942077637,-0.7502246093935128],[115.68217277526855,-0.7467058514201597],[115.68182945251465,-0.7420713854036904],[115.68131446838379,-0.7396683270372648],[115.6790828704834,-0.7364928550579748],[115.6776237487793,-0.7336606754377044],[115.67770957946777,-0.7307426703175963],[115.67676544189453,-0.7294553145145244],[115.67522048950195,-0.7289403720901362],[115.67401885986328,-0.7297986094313842],[115.6721305847168,-0.7286829008558726],[115.67135810852051,-0.726708954237921],[115.66878318786621,-0.7231043538418902],[115.66758155822754,-0.7232760015448036],[115.66414833068848,-0.721731171985013],[115.66097259521484,-0.7188989830967358],[115.66062927246094,-0.7148652564976601],[115.66243171691895,-0.7126338317491019],[115.6629467010498,-0.7116039430388383],[115.6644058227539,-0.7118614152379763],[115.66586494445801,-0.7134920721651241],[115.66740989685059,-0.7142644884026481],[115.66766738891602,-0.7159809684655158],[115.6669807434082,-0.7185556873544101],[115.66783905029297,-0.718984807028292],[115.66929817199707,-0.7190706309582282],[115.66981315612793,-0.7137495442587181],[115.67127227783203,-0.7119472393011534],[115.67427635192871,-0.7098874613442518],[115.67633628845215,-0.7089433961405405],[115.67848205566406,-0.710574054098629],[115.6900691986084,-0.7138353682867091],[115.69315910339355,-0.714178664382672],[115.6959056854248,-0.7134920721651241],[115.69599151611328,-0.7092866926005428],[115.69787979125977,-0.7067119685307404],[115.69916725158691,-0.7034506493274932],[115.70517539978027,-0.7039655946166476],[115.71023941040039,-0.7086000996551007],[115.71324348449707,-0.7089433961405405],[115.71590423583984,-0.7109173504375548],[115.71650505065918,-0.7119472393011534],[115.71779251098633,-0.7124621836467071],[115.71839332580566,-0.7130629519771219],[115.7193374633789,-0.7131487760179169],[115.71976661682129,-0.7139211923131086],[115.72165489196777,-0.7137495442587181],[115.72319984436035,-0.714178664382672],[115.72345733642578,-0.71409284036109],[115.72362899780273,-0.7134920721651241],[115.72405815124512,-0.7138353682867091],[115.72431564331055,-0.7146936084785267],[115.72422981262207,-0.7153802005165346],[115.72328567504883,-0.7158951444776278],[115.72294235229492,-0.714951080504818],[115.72199821472168,-0.7159809684655158],[115.72234153747559,-0.7164959123591359],[115.72148323059082,-0.7168392082560615],[115.72113990783691,-0.716066792451798],[115.72019577026367,-0.7148652564976601],[115.71976661682129,-0.7164959123591359],[115.71925163269043,-0.7176116239300399],[115.71950912475586,-0.7178690957923806],[115.71950912475586,-0.7187273352288059],[115.72019577026367,-0.7188989830967358],[115.7204532623291,-0.7196713984225909],[115.72002410888672,-0.7201863419005008],[115.7201099395752,-0.7210445809010508],[115.71959495544434,-0.7218169958632217],[115.71968078613281,-0.7230185299879963],[115.7178783416748,-0.7228468822753484],[115.71702003479004,-0.722331939098467],[115.71667671203613,-0.7226752345562062],[115.71676254272461,-0.7235334730870164],[115.71599006652832,-0.7254215972830877],[115.71650505065918,-0.7263656590858147],[115.71710586547852,-0.7264514828762856],[115.71744918823242,-0.7249924782167199],[115.71830749511719,-0.7243917114554961],[115.71925163269043,-0.7246491829343569],[115.72036743164062,-0.7244775352833983],[115.72062492370605,-0.7258507163087558],[115.71959495544434,-0.7284254296068724],[115.718994140625,-0.7287687246022614],[115.71736335754395,-0.7282537820993724],[115.71650505065918,-0.7274813682347627],[115.71624755859375,-0.727653015771665],[115.71736335754395,-0.7291978433096915],[115.7193374633789,-0.7305710228984879],[115.71839332580566,-0.7345189118759095],[115.71581840515137,-0.7391533857893222],[115.71427345275879,-0.7449035596593063],[115.71272850036621,-0.7465342046176033],[115.71212768554688,-0.7476499087144077],[115.7068920135498,-0.7476499087144077],[115.70380210876465,-0.7479073788503428],[115.70165634155273,-0.7485081424421338],[115.69787979125977,-0.7487656125277056],[115.69496154785156,-0.7497096693787313],[115.6929874420166,-0.7506537260262149],[115.6900691986084,-0.7499671393936893],[115.68792343139648,-0.7499671393936893],[115.68809509277344,-0.7527134852765727],[115.68466186523438,-0.7598368118340915],[115.68560600280762,-0.7655869584448709],[115.68097114562988,-0.771079628604042],[115.67728042602539,-0.772366972149328],[115.67710876464844,-0.7751133037419038],[115.67556381225586,-0.7767439372827312],[115.67770957946777,-0.7810350751697968],[115.6585693359375,-0.7888449348642581],[115.6585693359375,-0.7693631699382024],[115.66672325134277,-0.7667026576420568],[115.67376136779785,-0.7632697361081853],[115.67633628845215,-0.7606950431588473],[115.6816577911377,-0.7534858947447844],[115.68285942077637,-0.7502246093935128]]]}},{"type":"Feature","id":"pmtiles:10/841/514:landuse:5149347060:0","properties":{"class":"residential","kind":"green","verification":"verified","source":"OpenMapTiles/OpenStreetMap national PMTiles","sourceId":"10/841/514:landuse:5149347060:0","sourceLayer":"landuse","archive":"https://its.hanifahseptiani45.workers.dev/v1/map/archive/indonesia.pmtiles","updatedAt":"2026-07-26T09:41:56.659Z"},"geometry":{"type":"Polygon","coordinates":[[[115.76826095581055,-0.7050813092146768],[115.76963424682617,-0.7055104301427519],[115.77014923095703,-0.7063686718801421],[115.76920509338379,-0.7110031745182965],[115.76774597167969,-0.7127196557978976],[115.76774597167969,-0.7139211923131086],[115.77032089233398,-0.7153802005165346],[115.77023506164551,-0.716753384284246],[115.76869010925293,-0.7164959123591359],[115.76628684997559,-0.7176974478857545],[115.76345443725586,-0.7170966801618732],[115.76276779174805,-0.7161526164364744],[115.76242446899414,-0.7131487760179169],[115.76740264892578,-0.7072269134590385],[115.76826095581055,-0.7050813092146768]]]}},{"type":"Feature","id":"pmtiles:10/841/514:landuse:5149347060:1","properties":{"class":"residential","kind":"green","verification":"verified","source":"OpenMapTiles/OpenStreetMap national PMTiles","sourceId":"10/841/514:landuse:5149347060:1","sourceLayer":"landuse","archive":"https://its.hanifahseptiani45.workers.dev/v1/map/archive/indonesia.pmtiles","updatedAt":"2026-07-26T09:41:56.659Z"},"geometry":{"type":"Polygon","coordinates":[[[115.76285362243652,-0.7750274809065587],[115.76311111450195,-0.7755424178925239],[115.76233863830566,-0.7783745701944014],[115.76482772827148,-0.7799193797396669],[115.76396942138672,-0.7821507703037724],[115.7632827758789,-0.7825798837378812],[115.76165199279785,-0.7803484934016609],[115.76165199279785,-0.7784603929617759],[115.75976371765137,-0.7767439372827312],[115.76242446899414,-0.775628240717424],[115.76285362243652,-0.7750274809065587]]]}},{"type":"Feature","id":"pmtiles:10/841/514:landuse:5149347060:2","properties":{"class":"residential","kind":"green","verification":"verified","source":"OpenMapTiles/OpenStreetMap national PMTiles","sourceId":"10/841/514:landuse:5149347060:2","sourceLayer":"landuse","archive":"https://its.hanifahseptiani45.workers.dev/v1/map/archive/indonesia.pmtiles","updatedAt":"2026-07-26T09:41:56.659Z"},"geometry":{"type":"Polygon","coordinates":[[[115.76774597167969,-0.7762290004430099],[115.76766014099121,-0.7785462157274026],[115.76688766479492,-0.7797477342626138],[115.76594352722168,-0.7794902660339176],[115.76568603515625,-0.7786320384912813],[115.76654434204102,-0.7761431776303027],[115.76723098754883,-0.7757998863620088],[115.76774597167969,-0.7762290004430099]]]}},{"type":"Feature","id":"pmtiles:10/841/514:landuse:5149347060:3","properties":{"class":"residential","kind":"green","verification":"verified","source":"OpenMapTiles/OpenStreetMap national PMTiles","sourceId":"10/841/514:landuse:5149347060:3","sourceLayer":"landuse","archive":"https://its.hanifahseptiani45.workers.dev/v1/map/archive/indonesia.pmtiles","updatedAt":"2026-07-26T09:41:56.659Z"},"geometry":{"type":"Polygon","coordinates":[[[115.74688911437988,-0.8750956749192227],[115.7475757598877,-0.8770695499854355],[115.74869155883789,-0.8780993974329334],[115.74869155883789,-0.8799016297832054],[115.74809074401855,-0.8802449120369857],[115.74508666992188,-0.8796441680721472],[115.74422836303711,-0.8782710386466164],[115.74525833129883,-0.8775844737446334],[115.74525833129883,-0.8751814955958963],[115.74620246887207,-0.8745807508179979],[115.74688911437988,-0.8750956749192227]]]}},{"type":"Feature","id":"pmtiles:10/841/514:landuse:5149347060:4","properties":{"class":"residential","kind":"green","verification":"verified","source":"OpenMapTiles/OpenStreetMap national PMTiles","sourceId":"10/841/514:landuse:5149347060:4","sourceLayer":"landuse","archive":"https://its.hanifahseptiani45.workers.dev/v1/map/archive/indonesia.pmtiles","updatedAt":"2026-07-26T09:41:56.659Z"},"geometry":{"type":"Polygon","coordinates":[[[115.68680763244629,-0.8869389096542051],[115.6871509552002,-0.8874538320475125],[115.68646430969238,-0.8915732086098274],[115.68363189697266,-0.8932037938936475],[115.68182945251465,-0.8923455912027976],[115.67685127258301,-0.8928605128413523],[115.6753921508789,-0.8923455912027976],[115.67547798156738,-0.8887411377170622],[115.67831039428711,-0.8856516033576014],[115.67882537841797,-0.8871105504599228],[115.68140029907227,-0.8878829339871572],[115.68285942077637,-0.8868530892483477],[115.68680763244629,-0.8869389096542051]]]}},{"type":"Feature","id":"pmtiles:10/841/514:landuse:5149347060:5","properties":{"class":"residential","kind":"green","verification":"verified","source":"OpenMapTiles/OpenStreetMap national PMTiles","sourceId":"10/841/514:landuse:5149347060:5","sourceLayer":"landuse","archive":"https://its.hanifahseptiani45.workers.dev/v1/map/archive/indonesia.pmtiles","updatedAt":"2026-07-26T09:41:56.659Z"},"geometry":{"type":"Polygon","coordinates":[[[115.74225425720215,-0.9027298302601139],[115.74165344238281,-0.9024723701447073],[115.74148178100586,-0.8998119478861213],[115.74199676513672,-0.899726127780923],[115.74302673339844,-0.9012708893653212],[115.74225425720215,-0.9027298302601139]]]}},{"type":"Feature","id":"pmtiles:10/841/514:landuse:5149347060:7","properties":{"class":"residential","kind":"green","verification":"verified","source":"OpenMapTiles/OpenStreetMap national PMTiles","sourceId":"10/841/514:landuse:5149347060:7","sourceLayer":"landuse","archive":"https://its.hanifahseptiani45.workers.dev/v1/map/archive/indonesia.pmtiles","updatedAt":"2026-07-26T09:41:56.659Z"},"geometry":{"type":"Polygon","coordinates":[[[115.74431419372559,-0.995156793637463],[115.74379920959473,-0.9967015126380971],[115.74379920959473,-0.9998767660849808],[115.74603080749512,-1.000906577354641],[115.74551582336426,-1.0017647531656593],[115.74345588684082,-1.001936388300905],[115.74199676513672,-1.0011640301215294],[115.74036598205566,-1.0017647531656593],[115.73616027832031,-0.9995334955899722],[115.73633193969727,-0.9982462309141766],[115.73701858520508,-0.9982462309141766],[115.73779106140137,-0.999190225059067],[115.74010848999023,-0.9999625837031374],[115.74122428894043,-1.000906577354641],[115.74251174926758,-0.9990185897801638],[115.74191093444824,-0.9989327721373513],[115.74216842651367,-0.9967015126380971],[115.74371337890625,-0.9948993404003375],[115.74431419372559,-0.995156793637463]]]}},{"type":"Feature","id":"pmtiles:10/841/514:landuse:5149347060:8","properties":{"class":"residential","kind":"green","verification":"verified","source":"OpenMapTiles/OpenStreetMap national PMTiles","sourceId":"10/841/514:landuse:5149347060:8","sourceLayer":"landuse","archive":"https://its.hanifahseptiani45.workers.dev/v1/map/archive/indonesia.pmtiles","updatedAt":"2026-07-26T09:41:56.659Z"},"geometry":{"type":"Polygon","coordinates":[[[115.76268196105957,-1.0121486626094054],[115.76499938964844,-1.0137791908328069],[115.7655143737793,-1.0152380838104165],[115.76499938964844,-1.0173835134636988],[115.7643985748291,-1.0177267820759255],[115.76079368591309,-1.0174693306201874],[115.76070785522461,-1.0168686104769193],[115.76216697692871,-1.016010438649758],[115.76251029968262,-1.0148089977088262],[115.76173782348633,-1.0127493836292558],[115.76216697692871,-1.0118912107096776],[115.76268196105957,-1.0121486626094054]]]}},{"type":"Feature","id":"pmtiles:10/841/514:landuse:5149347060:9","properties":{"class":"residential","kind":"green","verification":"verified","source":"OpenMapTiles/OpenStreetMap national PMTiles","sourceId":"10/841/514:landuse:5149347060:9","sourceLayer":"landuse","archive":"https://its.hanifahseptiani45.workers.dev/v1/map/archive/indonesia.pmtiles","updatedAt":"2026-07-26T09:41:56.659Z"},"geometry":{"type":"Polygon","coordinates":[[[115.96000671386719,-0.8871105504599228],[115.95914840698242,-0.8874538320475125],[115.95760345458984,-0.8871105504599228],[115.9581184387207,-0.8862523463516965],[115.95786094665527,-0.8854799624842684],[115.95648765563965,-0.8846217579983602],[115.95683097839355,-0.8836777328346415],[115.95940589904785,-0.8857374237912836],[115.96000671386719,-0.8871105504599228]]]}},{"type":"Feature","id":"pmtiles:10/841/514:landuse:5149347060:10","properties":{"class":"residential","kind":"green","verification":"verified","source":"OpenMapTiles/OpenStreetMap national PMTiles","sourceId":"10/841/514:landuse:5149347060:10","sourceLayer":"landuse","archive":"https://its.hanifahseptiani45.workers.dev/v1/map/archive/indonesia.pmtiles","updatedAt":"2026-07-26T09:41:56.659Z"},"geometry":{"type":"Polygon","coordinates":[[[115.90344429016113,-0.7748558352306532],[115.90250015258789,-0.7755424178925239],[115.90275764465332,-0.7763148232539976],[115.90224266052246,-0.7764864688707149],[115.90104103088379,-0.7762290004430099],[115.90044021606445,-0.7751133037419038],[115.90258598327637,-0.7745125438579947],[115.90189933776855,-0.7734826695731982],[115.90224266052246,-0.7733110238347649],[115.90344429016113,-0.7748558352306532]]]}},{"type":"Feature","id":"pmtiles:10/841/514:landuse:5149347060:11","properties":{"class":"residential","kind":"green","verification":"verified","source":"OpenMapTiles/OpenStreetMap national PMTiles","sourceId":"10/841/514:landuse:5149347060:11","sourceLayer":"landuse","archive":"https://its.hanifahseptiani45.workers.dev/v1/map/archive/indonesia.pmtiles","updatedAt":"2026-07-26T09:41:56.659Z"},"geometry":{"type":"Polygon","coordinates":[[[115.88035583496094,-0.7304851991864751],[115.88241577148438,-0.7286829008558726],[115.88361740112305,-0.7284254296068724],[115.88430404663086,-0.7291978433096915],[115.88421821594238,-0.7305710228984879],[115.88473320007324,-0.730399375472814],[115.88808059692383,-0.7334890281302933],[115.88765144348145,-0.734948030033209],[115.88653564453125,-0.735377148149297],[115.88533401489258,-0.7327166151655575],[115.88361740112305,-0.7310859651361312],[115.8834457397461,-0.7291120195714882],[115.8808708190918,-0.7305710228984879],[115.88035583496094,-0.7304851991864751]]]}},{"type":"Feature","id":"pmtiles:10/841/514:landuse:5149347060:12","properties":{"class":"residential","kind":"green","verification":"verified","source":"OpenMapTiles/OpenStreetMap national PMTiles","sourceId":"10/841/514:landuse:5149347060:12","sourceLayer":"landuse","archive":"https://its.hanifahseptiani45.workers.dev/v1/map/archive/indonesia.pmtiles","updatedAt":"2026-07-26T09:41:56.659Z"},"geometry":{"type":"Polygon","coordinates":[[[115.9438705444336,-0.7024207585787536],[115.94541549682617,-0.7025924070526486],[115.94661712646484,-0.7020774616120633],[115.94687461853027,-0.7030215282097885],[115.94781875610352,-0.7035364735462935],[115.94687461853027,-0.7049096608323708],[115.94550132751465,-0.7055962543236092],[115.94524383544922,-0.7036222977635305],[115.94412803649902,-0.7037081219791759],[115.9438705444336,-0.7024207585787536]]]}},{"type":"Feature","id":"pmtiles:10/841/514:transportation:3598693050:0","properties":{"class":"trunk","highway":"trunk","kind":"road","verification":"verified","source":"OpenMapTiles/OpenStreetMap national PMTiles","sourceId":"10/841/514:transportation:3598693050:0","sourceLayer":"transportation","archive":"https://its.hanifahseptiani45.workers.dev/v1/map/archive/indonesia.pmtiles","updatedAt":"2026-07-26T09:41:56.659Z"},"geometry":{"type":"LineString","coordinates":[[115.77066421508789,-0.6976145987557061],[115.77049255371094,-0.6995027335592141],[115.76980590820312,-0.6999318549995905],[115.7695484161377,-0.7003609764007166],[115.77186584472656,-0.7044805398489302],[115.77169418334961,-0.7062828477135383],[115.77186584472656,-0.710574054098629],[115.77092170715332,-0.7128913038907143],[115.77117919921875,-0.716066792451798],[115.77229499816895,-0.717525799972691],[115.77272415161133,-0.7192422788132689],[115.77212333679199,-0.7204438136176492],[115.77169418334961,-0.7232760015448036],[115.77203750610352,-0.7239625922915565],[115.77375411987305,-0.7256790687033714],[115.77753067016602,-0.727653015771665],[115.77924728393555,-0.7307426703175963],[115.77950477600098,-0.7316867310054107],[115.7794189453125,-0.7322874967942425],[115.7783031463623,-0.7335748517848231],[115.77804565429688,-0.7372652673696507],[115.77838897705078,-0.7407840328694704],[115.77804565429688,-0.7461050875818955],[115.77804565429688,-0.7558889455472837],[115.77787399291992,-0.7574337632184012],[115.77735900878906,-0.7586352876930675],[115.77804565429688,-0.7602659275177928],[115.77761650085449,-0.7610383356409613],[115.7765007019043,-0.7615532743129023],[115.77615737915039,-0.7628406207235372],[115.77512741088867,-0.7631839130346805],[115.77366828918457,-0.7630980899594562],[115.77332496643066,-0.7632697361081853],[115.77272415161133,-0.7655869584448709],[115.7728099822998,-0.7661018965719819],[115.77392578125,-0.7674750646082771],[115.77383995056152,-0.769105701078729],[115.77418327331543,-0.7699639305498636],[115.77409744262695,-0.770736336926177],[115.77461242675781,-0.7720236805753586],[115.77469825744629,-0.7730535552141049],[115.77435493469238,-0.7737401381678524],[115.77461242675781,-0.7752849494073644],[115.77555656433105,-0.7764006460632231],[115.77598571777344,-0.7776021652095011],[115.77856063842773,-0.7794044432875324],[115.77804565429688,-0.7804343161288188],[115.77847480773926,-0.7817216568257948],[115.77873229980469,-0.7844679823261203],[115.77787399291992,-0.7859269670154561],[115.77898979187012,-0.7866993704682557],[115.77924728393555,-0.787214306024012],[115.77898979187012,-0.7884158220734605],[115.77813148498535,-0.7896173377761642],[115.77804565429688,-0.7900464504430005],[115.78019142150879,-0.792878592931487],[115.7805347442627,-0.7946808644158807],[115.78027725219727,-0.7962256679195434],[115.7790756225586,-0.7988861614850009],[115.77916145324707,-0.8001734964631169],[115.77993392944336,-0.8027481652067934],[115.77924728393555,-0.8046362545888286],[115.7797622680664,-0.8061810543424315],[115.77821731567383,-0.8084124307293479],[115.77813148498535,-0.811416204697835],[115.77856063842773,-0.8125318916042232],[115.77864646911621,-0.8135617561674593],[115.77916145324707,-0.8144199764360138],[115.77959060668945,-0.8171662800664734],[115.78044891357422,-0.8187968969590997],[115.78044891357422,-0.8211140882442578],[115.78182220458984,-0.8223155943080371],[115.7823371887207,-0.8249760707329443],[115.78268051147461,-0.8254051796672996],[115.78499794006348,-0.8253193578841262],[115.78585624694824,-0.8260059320976012],[115.78731536865234,-0.8261775756324283],[115.79143524169922,-0.8286664060535145],[115.79383850097656,-0.8294388013837022],[115.79486846923828,-0.8293529796877976],[115.79718589782715,-0.8300395532029796],[115.79761505126953,-0.8303828399158704],[115.79804420471191,-0.8314126998756564],[115.79976081848145,-0.8320992730329664],[115.80353736877441,-0.8327858460707773],[115.80491065979004,-0.8333007757706667],[115.8072280883789,-0.8333007757706667],[115.80877304077148,-0.8329574893115392],[115.81074714660645,-0.8337298838024765],[115.81332206726074,-0.8333007757706667],[115.81512451171875,-0.8337298838024765],[115.81701278686523,-0.8335582405953659],[115.82181930541992,-0.8340731701942588],[115.82216262817383,-0.8343306349684667],[115.8222484588623,-0.834845564466292],[115.82121849060059,-0.8365619956384478],[115.82087516784668,-0.8379351400356683],[115.82036018371582,-0.838192604556582],[115.81847190856934,-0.8382784260597873],[115.81735610961914,-0.8387933550395559],[115.81658363342285,-0.8401664986542272],[115.81666946411133,-0.8411105346094274],[115.81615447998047,-0.8425694988181931],[115.81598281860352,-0.8441142838554754],[115.81460952758789,-0.8447150334265245],[115.81435203552246,-0.8452299615563703],[115.81512451171875,-0.8500359541370699],[115.81589698791504,-0.8513232725641018],[115.81632614135742,-0.8526964117458675],[115.81649780273438,-0.855185225263881],[115.81701278686523,-0.8573307528636747],[115.81666946411133,-0.8589613530356104],[115.81795692443848,-0.8624800141922009],[115.81838607788086,-0.8643680749359959],[115.81924438476562,-0.8656553885414127],[115.81915855407715,-0.8678009102456485],[115.81830024719238,-0.8700322515270642],[115.81812858581543,-0.8722635914888315],[115.81606864929199,-0.8738083645337014],[115.81581115722656,-0.8744949301275824],[115.81666946411133,-0.8758680609385294],[115.81718444824219,-0.877412832499445],[115.81812858581543,-0.8787859622403573],[115.81958770751953,-0.8798158092148327],[115.82053184509277,-0.8808456559050342],[115.82061767578125,-0.8823046048955661],[115.81950187683105,-0.8865956280188669],[115.82130432128906,-0.889856802267758],[115.82293510437012,-0.8909724664810454],[115.82422256469727,-0.8931179736335793],[115.82379341125488,-0.8953492997435717],[115.82267761230469,-0.8955209401573683],[115.82233428955078,-0.895950041156695],[115.8222484588623,-0.8963791421057579],[115.8233642578125,-0.8980097252534165],[115.82362174987793,-0.8989537467433877],[115.82327842712402,-0.8998977679893017],[115.82207679748535,-0.901699989689206],[115.82199096679688,-0.9026440102236677],[115.8222484588623,-0.905647710292655],[115.82353591918945,-0.9071924693593729],[115.82327842712402,-0.9101961656557478],[115.82413673400879,-0.9119125624167168],[115.82036018371582,-0.9171475674763201],[115.81890106201172,-0.9179199446248418],[115.81744194030762,-0.9178341249499198],[115.81598281860352,-0.9193788787834478],[115.81512451171875,-0.9225542040077812],[115.81563949584961,-0.9247855119301818],[115.81426620483398,-0.9268451795367554],[115.81521034240723,-0.9287332071238978],[115.81443786621094,-0.9292481235636245],[115.81254959106445,-0.9290764847587241],[115.81040382385254,-0.9302779562178642],[115.8083438873291,-0.9303637755921557],[115.80533981323242,-0.9321659819697601],[115.80499649047852,-0.9321659819697601],[115.80413818359375,-0.9314794272679023],[115.80276489257812,-0.9312219692202177],[115.80182075500488,-0.9307070530684456],[115.80130577087402,-0.930792872432292],[115.80079078674316,-0.9312219692202177],[115.7988166809082,-0.9342256452717947],[115.79727172851562,-0.9350838379581319],[115.79675674438477,-0.9368860419162672],[115.79564094543457,-0.9372293187556267],[115.79246520996094,-0.9409195426512866],[115.7915210723877,-0.9414344573034867],[115.78989028930664,-0.9439232103830335],[115.78886032104492,-0.944180667496596],[115.78808784484863,-0.9447814006873898],[115.78774452209473,-0.9458112287727687],[115.78551292419434,-0.949329805756804],[115.78551292419434,-0.9505312702490585],[115.78508377075195,-0.9523334662034983],[115.7852554321289,-0.9535349296497486],[115.78396797180176,-0.9567960426028321],[115.78405380249023,-0.9580833231789541],[115.78276634216309,-0.9592847846136294],[115.78302383422852,-0.9604862456264556],[115.78465461730957,-0.9629749849516287],[115.78439712524414,-0.96451971879155],[115.78319549560547,-0.9652062669398447],[115.7794189453125,-0.9657211779601198],[115.7783031463623,-0.966836818236402],[115.77761650085449,-0.9689822792754228],[115.7768440246582,-0.9694113713202768],[115.77589988708496,-0.9695830081229957],[115.77521324157715,-0.9704411920060068],[115.77349662780762,-0.9700979184789134],[115.77229499816895,-0.9709561022313125],[115.77126502990723,-0.9712993756712791],[115.77083587646484,-0.9719859224466063],[115.76980590820312,-0.9725008324365234],[115.76791763305664,-0.9726724690823545],[115.76688766479492,-0.972415014110311],[115.76620101928711,-0.9729299240347729],[115.76465606689453,-0.975075381206949],[115.76362609863281,-0.9754186542276955],[115.76285362243652,-0.9761910183963209],[115.76165199279785,-0.9763626548541424],[115.76096534729004,-0.9761910183963209],[115.75916290283203,-0.9771350188059102],[115.75881958007812,-0.9790230188290252],[115.75813293457031,-0.9791946551420807],[115.75718879699707,-0.979967018442025],[115.75572967529297,-0.9800528365754815],[115.75392723083496,-0.9812542902127745],[115.75221061706543,-0.9815975626013369],[115.75092315673828,-0.983056469859477],[115.74963569641113,-0.9833139240153628],[115.74886322021484,-0.9840862863638478],[115.74843406677246,-0.9852019205514608],[115.74740409851074,-0.9858884644812633],[115.7464599609375,-0.9890637283135533],[115.74362754821777,-0.9913808108149453],[115.74422836303711,-0.9943844338658039],[115.74328422546387,-0.9960149709494175],[115.74319839477539,-0.9998767660849808],[115.7435417175293,-1.0005633069673365],[115.74414253234863,-1.0010782125348072],[115.74620246887207,-1.0018505707344048],[115.7475757598877,-1.003652739158511],[115.74886322021484,-1.0046825492408118],[115.74989318847656,-1.0051974541602675],[115.75143814086914,-1.0054549065895486],[115.75366973876953,-1.0069138033051672],[115.75581550598145,-1.0077719775388374],[115.75787544250488,-1.0093166905895288],[115.76113700866699,-1.0100032294877366],[115.7618236541748,-1.0104323162254758],[115.76233863830566,-1.0111188548879397],[115.76233863830566,-1.0124919317772338],[115.76336860656738,-1.0164395245918314],[115.76268196105957,-1.0170402448149645],[115.76139450073242,-1.0171260619805906],[115.76027870178223,-1.0197005758867874],[115.75813293457031,-1.0218460025693048],[115.7574462890625,-1.0236481598754068],[115.75727462768555,-1.0251928653317037],[115.75418472290039,-1.0287113583094936],[115.75272560119629,-1.0307709621556143],[115.75169563293457,-1.03171494680673],[115.75040817260742,-1.0321440306464922],[115.74740409851074,-1.0349759825357836],[115.7468032836914,-1.0372072155769558],[115.74697494506836,-1.039266813911098],[115.74663162231445,-1.0413264109021867],[115.74740409851074,-1.043042740700244],[115.74748992919922,-1.0448448859807087],[115.7479190826416,-1.0467328465942671],[115.74869155883789,-1.047676826474941],[115.74989318847656,-1.0501654993418015],[115.75126647949219,-1.0541988615021154],[115.75152397155762,-1.0566875291660978],[115.75126647949219,-1.0572882417519622],[115.74946403503418,-1.0585754826159217],[115.74448585510254,-1.0596052749223475],[115.74070930480957,-1.0599485389484329],[115.74045181274414,-1.060120170947215]]}},{"type":"Feature","id":"pmtiles:10/841/514:transportation_name:3598693050:0","properties":{"name":"Jalan Trans Kalimantan","name_int":"Jalan Trans Kalimantan","class":"trunk","name:latin":"Jalan Trans Kalimantan","name_de":"Jalan Trans Kalimantan","name_en":"Jalan Trans Kalimantan","highway":"trunk","kind":"road","verification":"verified","source":"OpenMapTiles/OpenStreetMap national PMTiles","sourceId":"10/841/514:transportation_name:3598693050:0","sourceLayer":"transportation_name","archive":"https://its.hanifahseptiani45.workers.dev/v1/map/archive/indonesia.pmtiles","updatedAt":"2026-07-26T09:41:56.659Z"},"geometry":{"type":"LineString","coordinates":[[115.77126502990723,-0.6904053498274294],[115.77066421508789,-0.6956406388328986],[115.77066421508789,-0.698987787778961],[115.77049255371094,-0.6995027335592141],[115.76980590820312,-0.6999318549995905],[115.7695484161377,-0.7003609764007166],[115.77186584472656,-0.7044805398489302],[115.77169418334961,-0.7062828477135383],[115.77186584472656,-0.710574054098629],[115.77092170715332,-0.7128913038907143],[115.77117919921875,-0.716066792451798],[115.77229499816895,-0.717525799972691],[115.77272415161133,-0.7192422788132689],[115.77212333679199,-0.7204438136176492],[115.77169418334961,-0.7232760015448036],[115.77203750610352,-0.7239625922915565],[115.77375411987305,-0.7256790687033714],[115.77753067016602,-0.727653015771665],[115.77924728393555,-0.7307426703175963],[115.77950477600098,-0.7316867310054107],[115.7794189453125,-0.7322874967942425],[115.7783031463623,-0.7335748517848231],[115.77804565429688,-0.7372652673696507],[115.77838897705078,-0.7407840328694704],[115.77804565429688,-0.7461050875818955],[115.77804565429688,-0.7558889455472837],[115.77787399291992,-0.7574337632184012],[115.77735900878906,-0.7586352876930675],[115.77804565429688,-0.7602659275177928],[115.77761650085449,-0.7610383356409613],[115.7765007019043,-0.7615532743129023],[115.77615737915039,-0.7628406207235372],[115.77512741088867,-0.7631839130346805],[115.77366828918457,-0.7630980899594562],[115.77332496643066,-0.7632697361081853],[115.77272415161133,-0.7655869584448709],[115.7728099822998,-0.7661018965719819],[115.77392578125,-0.7674750646082771],[115.77383995056152,-0.769105701078729],[115.77418327331543,-0.7699639305498636],[115.77409744262695,-0.770736336926177],[115.77461242675781,-0.7720236805753586],[115.77469825744629,-0.7730535552141049],[115.77435493469238,-0.7737401381678524],[115.77461242675781,-0.7752849494073644],[115.77555656433105,-0.7764006460632231],[115.77598571777344,-0.7776021652095011],[115.77856063842773,-0.7794044432875324],[115.77804565429688,-0.7804343161288188],[115.77847480773926,-0.7817216568257948],[115.77873229980469,-0.7844679823261203],[115.77787399291992,-0.7859269670154561],[115.77898979187012,-0.7866993704682557],[115.77924728393555,-0.787214306024012],[115.77898979187012,-0.7884158220734605],[115.77813148498535,-0.7896173377761642],[115.77804565429688,-0.7900464504430005],[115.78019142150879,-0.792878592931487],[115.7805347442627,-0.7946808644158807],[115.78027725219727,-0.7962256679195434],[115.7790756225586,-0.7988861614850009],[115.77916145324707,-0.8001734964631169],[115.77993392944336,-0.8027481652067934],[115.77924728393555,-0.8046362545888286],[115.7797622680664,-0.8061810543424315],[115.77821731567383,-0.8084124307293479],[115.77813148498535,-0.811416204697835],[115.77856063842773,-0.8125318916042232],[115.77864646911621,-0.8135617561674593],[115.77916145324707,-0.8144199764360138],[115.77959060668945,-0.8171662800664734],[115.78044891357422,-0.8187968969590997],[115.78044891357422,-0.8211140882442578],[115.78182220458984,-0.8223155943080371],[115.7823371887207,-0.8249760707329443],[115.78268051147461,-0.8254051796672996],[115.78499794006348,-0.8253193578841262],[115.78585624694824,-0.8260059320976012],[115.78731536865234,-0.8261775756324283],[115.79143524169922,-0.8286664060535145],[115.79383850097656,-0.8294388013837022],[115.79486846923828,-0.8293529796877976],[115.79718589782715,-0.8300395532029796],[115.79761505126953,-0.8303828399158704],[115.79804420471191,-0.8314126998756564],[115.79976081848145,-0.8320992730329664],[115.80353736877441,-0.8327858460707773],[115.80491065979004,-0.8333007757706667],[115.8072280883789,-0.8333007757706667],[115.80877304077148,-0.8329574893115392],[115.81074714660645,-0.8337298838024765],[115.81332206726074,-0.8333007757706667],[115.81512451171875,-0.8337298838024765],[115.81701278686523,-0.8335582405953659],[115.82181930541992,-0.8340731701942588],[115.82216262817383,-0.8343306349684667],[115.8222484588623,-0.834845564466292],[115.82121849060059,-0.8365619956384478],[115.82087516784668,-0.8379351400356683],[115.82036018371582,-0.838192604556582],[115.81847190856934,-0.8382784260597873],[115.81735610961914,-0.8387933550395559],[115.81658363342285,-0.8401664986542272],[115.81666946411133,-0.8411105346094274],[115.81615447998047,-0.8425694988181931],[115.81598281860352,-0.8441142838554754],[115.81460952758789,-0.8447150334265245],[115.81435203552246,-0.8452299615563703],[115.81512451171875,-0.8500359541370699],[115.81589698791504,-0.8513232725641018],[115.81632614135742,-0.8526964117458675],[115.81649780273438,-0.855185225263881],[115.81701278686523,-0.8573307528636747],[115.81666946411133,-0.8589613530356104],[115.81795692443848,-0.8624800141922009],[115.81838607788086,-0.8643680749359959],[115.81924438476562,-0.8656553885414127],[115.81915855407715,-0.8678009102456485],[115.81830024719238,-0.8700322515270642],[115.81812858581543,-0.8722635914888315],[115.81606864929199,-0.8738083645337014],[115.81581115722656,-0.8744949301275824],[115.81666946411133,-0.8758680609385294],[115.81718444824219,-0.877412832499445],[115.81812858581543,-0.8787859622403573],[115.81958770751953,-0.8798158092148327],[115.82053184509277,-0.8808456559050342],[115.82061767578125,-0.8823046048955661],[115.81950187683105,-0.8865956280188669],[115.82130432128906,-0.889856802267758],[115.82293510437012,-0.8909724664810454],[115.82422256469727,-0.8931179736335793],[115.82379341125488,-0.8953492997435717],[115.82267761230469,-0.8955209401573683],[115.82233428955078,-0.895950041156695],[115.8222484588623,-0.8963791421057579],[115.8233642578125,-0.8980097252534165],[115.82362174987793,-0.8989537467433877],[115.82327842712402,-0.8998977679893017],[115.82207679748535,-0.901699989689206],[115.82199096679688,-0.9026440102236677],[115.8222484588623,-0.905647710292655],[115.82353591918945,-0.9071924693593729],[115.82327842712402,-0.9101961656557478],[115.82413673400879,-0.9119125624167168],[115.82036018371582,-0.9171475674763201],[115.81890106201172,-0.9179199446248418],[115.81744194030762,-0.9178341249499198],[115.81598281860352,-0.9193788787834478],[115.81512451171875,-0.9225542040077812],[115.81563949584961,-0.9247855119301818],[115.81426620483398,-0.9268451795367554],[115.81521034240723,-0.9287332071238978],[115.81443786621094,-0.9292481235636245],[115.81254959106445,-0.9290764847587241],[115.81040382385254,-0.9302779562178642],[115.8083438873291,-0.9303637755921557],[115.80533981323242,-0.9321659819697601],[115.80499649047852,-0.9321659819697601],[115.80413818359375,-0.9314794272679023],[115.80276489257812,-0.9312219692202177],[115.80182075500488,-0.9307070530684456],[115.80130577087402,-0.930792872432292],[115.80079078674316,-0.9312219692202177],[115.7988166809082,-0.9342256452717947],[115.79727172851562,-0.9350838379581319],[115.79675674438477,-0.9368860419162672],[115.79564094543457,-0.9372293187556267],[115.79246520996094,-0.9409195426512866],[115.7915210723877,-0.9414344573034867],[115.78989028930664,-0.9439232103830335],[115.78886032104492,-0.944180667496596],[115.78808784484863,-0.9447814006873898],[115.78774452209473,-0.9458112287727687],[115.78551292419434,-0.949329805756804],[115.78551292419434,-0.9505312702490585],[115.78508377075195,-0.9523334662034983],[115.7852554321289,-0.9535349296497486],[115.78396797180176,-0.9567960426028321],[115.78405380249023,-0.9580833231789541],[115.78276634216309,-0.9592847846136294],[115.78302383422852,-0.9604862456264556],[115.78465461730957,-0.9629749849516287],[115.78439712524414,-0.96451971879155],[115.78319549560547,-0.9652062669398447],[115.7794189453125,-0.9657211779601198],[115.7783031463623,-0.966836818236402],[115.77761650085449,-0.9689822792754228],[115.7768440246582,-0.9694113713202768],[115.77589988708496,-0.9695830081229957],[115.77521324157715,-0.9704411920060068],[115.77349662780762,-0.9700979184789134],[115.77229499816895,-0.9709561022313125],[115.77126502990723,-0.9712993756712791],[115.77083587646484,-0.9719859224466063],[115.76980590820312,-0.9725008324365234],[115.76791763305664,-0.9726724690823545],[115.76688766479492,-0.972415014110311],[115.76620101928711,-0.9729299240347729],[115.76465606689453,-0.975075381206949],[115.76362609863281,-0.9754186542276955],[115.76285362243652,-0.9761910183963209],[115.76165199279785,-0.9763626548541424],[115.76096534729004,-0.9761910183963209],[115.75916290283203,-0.9771350188059102],[115.75881958007812,-0.9790230188290252],[115.75813293457031,-0.9791946551420807],[115.75718879699707,-0.979967018442025],[115.75572967529297,-0.9800528365754815],[115.75392723083496,-0.9812542902127745],[115.75221061706543,-0.9815975626013369],[115.75092315673828,-0.983056469859477],[115.74963569641113,-0.9833139240153628],[115.74886322021484,-0.9840862863638478],[115.74843406677246,-0.9852019205514608],[115.74740409851074,-0.9858884644812633],[115.7464599609375,-0.9890637283135533],[115.74362754821777,-0.9913808108149453],[115.74422836303711,-0.9943844338658039],[115.74328422546387,-0.9960149709494175],[115.74319839477539,-0.9998767660849808],[115.7435417175293,-1.0005633069673365],[115.74414253234863,-1.0010782125348072],[115.74620246887207,-1.0018505707344048],[115.7475757598877,-1.003652739158511],[115.74886322021484,-1.0046825492408118],[115.74989318847656,-1.0051974541602675],[115.75143814086914,-1.0054549065895486],[115.75366973876953,-1.0069138033051672],[115.75581550598145,-1.0077719775388374],[115.75787544250488,-1.0093166905895288],[115.76113700866699,-1.0100032294877366],[115.7618236541748,-1.0104323162254758],[115.76233863830566,-1.0111188548879397],[115.76233863830566,-1.0124919317772338],[115.76336860656738,-1.0164395245918314],[115.76268196105957,-1.0170402448149645],[115.76139450073242,-1.0171260619805906],[115.76027870178223,-1.0197005758867874],[115.75813293457031,-1.0218460025693048],[115.7574462890625,-1.0236481598754068],[115.75727462768555,-1.0251928653317037],[115.75418472290039,-1.0287113583094936],[115.75272560119629,-1.0307709621556143],[115.75169563293457,-1.03171494680673],[115.75040817260742,-1.0321440306464922],[115.74740409851074,-1.0349759825357836],[115.7468032836914,-1.0372072155769558],[115.74697494506836,-1.039266813911098],[115.74663162231445,-1.0413264109021867],[115.74740409851074,-1.043042740700244],[115.74748992919922,-1.0448448859807087],[115.7479190826416,-1.0467328465942671],[115.74869155883789,-1.047676826474941],[115.74989318847656,-1.0501654993418015],[115.75126647949219,-1.0541988615021154],[115.75152397155762,-1.0566875291660978],[115.75126647949219,-1.0572882417519622],[115.74946403503418,-1.0585754826159217],[115.74448585510254,-1.0596052749223475],[115.74070930480957,-1.0599485389484329],[115.73890686035156,-1.0608925148239763],[115.73676109313965,-1.0609783307983776],[115.73349952697754,-1.059862722945482],[115.73272705078125,-1.0602918029364758],[115.7310962677002,-1.0617506744608818],[115.73006629943848,-1.0633811771146071],[115.72860717773438,-1.0648400471800272],[115.72809219360352,-1.0673287062858776]]}},{"type":"Feature","id":"pmtiles:10/841/514:waterway:3724217980:0","properties":{"name":"Sungai Lawa","name_int":"Sungai Lawa","class":"river","name:latin":"Sungai Lawa","name_de":"Sungai Lawa","name_en":"Sungai Lawa","waterway":"river","kind":"waterway","verification":"verified","source":"OpenMapTiles/OpenStreetMap national PMTiles","sourceId":"10/841/514:waterway:3724217980:0","sourceLayer":"waterway","archive":"https://its.hanifahseptiani45.workers.dev/v1/map/archive/indonesia.pmtiles","updatedAt":"2026-07-26T09:41:56.659Z"},"geometry":{"type":"LineString","coordinates":[[115.74568748474121,-0.8853083216029631],[115.7453441619873,-0.8833344508974221],[115.74766159057617,-0.881703861262821],[115.74843406677246,-0.8807598353583757],[115.74954986572266,-0.8803307325954961],[115.7493782043457,-0.878356859250502],[115.74774742126465,-0.8768120880792623],[115.74731826782227,-0.8729501573649117],[115.7461166381836,-0.8716628462445328],[115.74688911437988,-0.8690024018686557],[115.74620246887207,-0.868058372768445],[115.74311256408691,-0.8675434477053301],[115.74216842651367,-0.8671143434325472],[115.74010848999023,-0.8643680749359959],[115.74053764343262,-0.8636815075012976],[115.74156761169434,-0.863509865623243],[115.74165344238281,-0.8624800141922009],[115.7413101196289,-0.8607635945213872],[115.74294090270996,-0.8601628474540206],[115.74268341064453,-0.8598195633730512],[115.74139595031738,-0.8595621002920524],[115.74028015136719,-0.8588755319912735],[115.74028015136719,-0.8581031425054562],[115.74122428894043,-0.8573307528636747],[115.74216842651367,-0.8571591106998966],[115.74285507202148,-0.8537262658108062],[115.73976516723633,-0.8500359541370699],[115.73916435241699,-0.8487486352808986],[115.73942184448242,-0.8477187798874297],[115.7413101196289,-0.8468605668502676],[115.74234008789062,-0.8467747455361092],[115.74285507202148,-0.8476329585922571],[115.74422836303711,-0.8479762437614795],[115.74525833129883,-0.848662814008577],[115.74577331542969,-0.8478904224720196],[115.74920654296875,-0.8462598176112124],[115.74972152709961,-0.8442859265995395],[115.75092315673828,-0.844028462480594],[115.75221061706543,-0.8428269630336445],[115.7563304901123,-0.8418829274938417],[115.75753211975098,-0.8409388917254574],[115.75736045837402,-0.838964998017758],[115.7548713684082,-0.8333007757706667],[115.75547218322754,-0.8314985215268536],[115.75701713562012,-0.8304686615894497],[115.75804710388184,-0.8290096928855348],[115.7577896118164,-0.8274649019072484],[115.75804710388184,-0.8260059320976012],[115.75916290283203,-0.824203674534516],[115.76010704040527,-0.8217148413213096],[115.75864791870117,-0.8204275131885055],[115.75607299804688,-0.8207708007311254],[115.75461387634277,-0.8195692942031485],[115.75478553771973,-0.817938677624511],[115.75547218322754,-0.8176812117883401],[115.75693130493164,-0.8176812117883401],[115.75770378112793,-0.8170804581064033],[115.75796127319336,-0.8160505944426859],[115.75607299804688,-0.8121027812920545],[115.7563304901123,-0.811416204697835],[115.75830459594727,-0.8104721616905266],[115.7589054107666,-0.8098714069349313],[115.75821876525879,-0.8086698971566904],[115.75658798217773,-0.8075542091870034],[115.75624465942383,-0.8066101652811426],[115.75272560119629,-0.8055802989522789],[115.75298309326172,-0.804378787906316],[115.75358390808105,-0.8041213212075746],[115.75435638427734,-0.8048937212550697],[115.75530052185059,-0.805408654538823],[115.7559871673584,-0.8050653656902256],[115.7563304901123,-0.8033489210139209],[115.75693130493164,-0.8029198097321171],[115.75821876525879,-0.8031772765066023],[115.76079368591309,-0.802404876134517],[115.76190948486328,-0.8012891864507452],[115.76165199279785,-0.8005167857224222],[115.76019287109375,-0.79862869444095],[115.75993537902832,-0.7974271813556015],[115.76251029968262,-0.7968264246813845],[115.76233863830566,-0.7961398455178568],[115.76105117797852,-0.7945092195464554],[115.75753211975098,-0.7919345456502498],[115.75821876525879,-0.7913337881774964],[115.75967788696289,-0.7908188531315972],[115.76062202453613,-0.7912479656742875],[115.7614803314209,-0.7908188531315972],[115.76242446899414,-0.7895315152374849],[115.76251029968262,-0.7870426608458274],[115.7618236541748,-0.7848970955228793],[115.76096534729004,-0.7832664651411392],[115.76173782348633,-0.7812925433039482],[115.76130867004395,-0.7808634297382753],[115.76165199279785,-0.7794044432875324],[115.76113700866699,-0.7788895067724155],[115.75933456420898,-0.7780312791074522],[115.75607299804688,-0.7782029246544226],[115.75401306152344,-0.7774305196381022],[115.75461387634277,-0.7761431776303027],[115.75590133666992,-0.775628240717424],[115.7589054107666,-0.7758857091816935],[115.76139450073242,-0.7757140635405904],[115.76251029968262,-0.7744267210104852],[115.76208114624023,-0.7728819094583059],[115.76062202453613,-0.7726244408116258],[115.76045036315918,-0.7719378576775426],[115.76165199279785,-0.770907982768577],[115.76216697692871,-0.7696206387821292],[115.76122283935547,-0.7680758254855817],[115.76062202453613,-0.7662735426006009],[115.76105117797852,-0.7644712589573714],[115.76216697692871,-0.7636130283850946],[115.76602935791016,-0.7630980899594562],[115.76834678649902,-0.7624973283849954],[115.76937675476074,-0.7613816280957479],[115.76963424682617,-0.7599226349742594],[115.76860427856445,-0.7592360498053239],[115.76817512512207,-0.755974768765654],[115.76748847961426,-0.7542583040760604],[115.76525688171387,-0.7535717180105905],[115.76113700866699,-0.7510828426167961],[115.76113700866699,-0.7500529627286454],[115.76285362243652,-0.7495380226936703],[115.76276779174805,-0.7484223190769086],[115.7614803314209,-0.7457617939231937],[115.76027870178223,-0.7453326768121542],[115.7600212097168,-0.7447319127864773],[115.76105117797852,-0.7443027955751376],[115.76165199279785,-0.7431870906303288],[115.76122283935547,-0.7420713854036904],[115.76053619384766,-0.7412131504224675],[115.75899124145508,-0.7405265623177257],[115.75830459594727,-0.739496679961249],[115.75864791870117,-0.7388100915908353],[115.76019287109375,-0.7385526209245796],[115.76096534729004,-0.7388959151429475],[115.76156616210938,-0.7388959151429475],[115.76190948486328,-0.7384667973658452],[115.76070785522461,-0.7371794437860757],[115.75942039489746,-0.736407031459521],[115.75993537902832,-0.7352913245293706],[115.76105117797852,-0.7339181463864577],[115.76190948486328,-0.7332315571568557],[115.76276779174805,-0.7329740861685963],[115.76336860656738,-0.7313434362328195],[115.76388359069824,-0.7294553145145244],[115.76362609863281,-0.7285970771078354],[115.76285362243652,-0.7279104870647615],[115.7618236541748,-0.7277388395376505],[115.76199531555176,-0.7272238969171667],[115.76285362243652,-0.7269664255848909],[115.76577186584473,-0.7273955444638602],[115.7669734954834,-0.7269664255848909],[115.76791763305664,-0.7259365401090037],[115.76740264892578,-0.7250783020332534],[115.76688766479492,-0.7248208305787784],[115.76422691345215,-0.725335773473077],[115.76362609863281,-0.7252499496614178],[115.76233863830566,-0.7237909446146205],[115.76302528381348,-0.7222461152299644],[115.76388359069824,-0.7213020525696692],[115.76465606689453,-0.7211304047922056],[115.76525688171387,-0.7214737003406668],[115.76611518859863,-0.7214737003406668],[115.76620101928711,-0.7208729331138812],[115.76499938964844,-0.7197572223396094],[115.76448440551758,-0.7196713984225909],[115.76302528381348,-0.7201005179915541],[115.76208114624023,-0.719843046255022],[115.76242446899414,-0.7171825041272513],[115.76190948486328,-0.7128913038907143],[115.76482772827148,-0.7101449336390999],[115.76671600341797,-0.7073127376082056],[115.76740264892578,-0.7066261443704605],[115.76766014099121,-0.7055104301427519],[115.76748847961426,-0.7049096608323708],[115.76620101928711,-0.7043947156475099],[115.76568603515625,-0.7033648251071014],[115.76628684997559,-0.701476691859682],[115.76602935791016,-0.7003609764007166],[115.7614803314209,-0.6985586662522962],[115.76096534729004,-0.6975287744284486]]}},{"type":"Feature","id":"pmtiles:10/841/514:waterway:6152723102:0","properties":{"name_int":"Tuang River","name_de":"Sungai Tuang","name":"Sungai Tuang","name:en":"Tuang River","class":"river","name:latin":"Sungai Tuang","name_en":"Tuang River","waterway":"river","kind":"waterway","verification":"verified","source":"OpenMapTiles/OpenStreetMap national PMTiles","sourceId":"10/841/514:waterway:6152723102:0","sourceLayer":"waterway","archive":"https://its.hanifahseptiani45.workers.dev/v1/map/archive/indonesia.pmtiles","updatedAt":"2026-07-26T09:41:56.659Z"},"geometry":{"type":"LineString","coordinates":[[115.90395927429199,-0.792878592931487],[115.9054183959961,-0.792964415400931],[115.90636253356934,-0.7927069479872699],[115.90516090393066,-0.7909046756436879],[115.90567588806152,-0.7903897405445548],[115.90507507324219,-0.7905613855846951],[115.90438842773438,-0.7917629006669102],[115.90275764465332,-0.7913337881774964],[115.90335845947266,-0.7909046756436879],[115.90361595153809,-0.7900464504430005],[115.90327262878418,-0.7893598701547972],[115.90344429016113,-0.7889307574171056],[115.9046459197998,-0.7885874671950859],[115.90559005737305,-0.7890165799681768],[115.9054183959961,-0.7879867092384245],[115.9046459197998,-0.7877292415162032],[115.90447425842285,-0.7873001286104682],[115.90361595153809,-0.7867851930652989],[115.90395927429199,-0.7865277252688685],[115.90507507324219,-0.786613547869436],[115.90516090393066,-0.7862702574565645],[115.90447425842285,-0.7862702574565645],[115.90370178222656,-0.7858411444007771],[115.90327262878418,-0.7859269670154561],[115.9028434753418,-0.7864419026665388],[115.90267181396484,-0.7862702574565645],[115.90335845947266,-0.7854978539243973],[115.90327262878418,-0.7847254502494678],[115.90258598327637,-0.7847254502494678],[115.9017276763916,-0.7850687407892707],[115.90069770812988,-0.7837814011197679],[115.90035438537598,-0.7830089971280927],[115.9006118774414,-0.7826657064194364],[115.90121269226074,-0.7826657064194364],[115.90224266052246,-0.7820649476116728],[115.90155601501465,-0.7813783660118077],[115.90086936950684,-0.7812067205943123],[115.90069770812988,-0.7809492524549313],[115.90112686157227,-0.7800052024755644],[115.90198516845703,-0.7796619115214725],[115.90155601501465,-0.7788895067724155],[115.90241432189941,-0.7784603929617759],[115.90267181396484,-0.7773446968497808],[115.90327262878418,-0.7770014056790728],[115.90310096740723,-0.7760573548158476],[115.90258598327637,-0.7757140635405904],[115.90370178222656,-0.7751991265755009],[115.90267181396484,-0.7733110238347649],[115.90344429016113,-0.7729677323370652],[115.90370178222656,-0.772366972149328],[115.90198516845703,-0.7703930452206578],[115.90198516845703,-0.7700497534874842],[115.9028434753418,-0.7694489928879023],[115.90327262878418,-0.7676467105818432],[115.90301513671875,-0.7594076961077718],[115.9028434753418,-0.7588069340193755],[115.90129852294922,-0.7577770559594654],[115.90018272399902,-0.7575195864062039],[115.89983940124512,-0.75794870231978],[115.89898109436035,-0.7578628791404753],[115.89838027954102,-0.7586352876930675],[115.8973503112793,-0.7586352876930675],[115.89692115783691,-0.757691232776736],[115.89606285095215,-0.7574337632184012],[115.89666366577148,-0.7564038848320962],[115.89614868164062,-0.7554598294299666],[115.89597702026367,-0.7543441273266467],[115.88850975036621,-0.7500529627286454],[115.88833808898926,-0.7497096693787313],[115.88911056518555,-0.7493663760019018],[115.88911056518555,-0.7491089059516156],[115.88653564453125,-0.7477357320947391],[115.88842391967773,-0.7474782619487286],[115.88885307312012,-0.7465342046176033],[115.89022636413574,-0.7461909109923681],[115.88996887207031,-0.744560265906955],[115.89056968688965,-0.7443886190207536],[115.89108467102051,-0.744560265906955],[115.89108467102051,-0.7433587375632698],[115.89048385620117,-0.7427579732687946],[115.8903980255127,-0.7419855619130686],[115.88945388793945,-0.7414706209342938],[115.8892822265625,-0.7405265623177257],[115.88850975036621,-0.7397541505727929],[115.88833808898926,-0.739325032878611],[115.88868141174316,-0.7388100915908353],[115.88799476623535,-0.7385526209245796],[115.88705062866211,-0.7388100915908353],[115.88653564453125,-0.7387242680370889],[115.8863639831543,-0.7377802088363268],[115.8867073059082,-0.7367503258434169],[115.88722229003906,-0.7365786786547659],[115.88713645935059,-0.7355487953841617],[115.88765144348145,-0.734948030033209],[115.88756561279297,-0.7346905591437718],[115.88662147521973,-0.7327166151655575],[115.88533401489258,-0.7309143177301394],[115.8849048614502,-0.729626961976237],[115.88430404663086,-0.730399375472814],[115.88438987731934,-0.7292836670462748],[115.8837890625,-0.7282537820993724],[115.88361740112305,-0.7280821345853354],[115.88198661804199,-0.7286829008558726],[115.88147163391113,-0.7261081877046252],[115.88172912597656,-0.7257648925068736],[115.8834457397461,-0.7255932448982492],[115.88181495666504,-0.7242200637947889],[115.88198661804199,-0.7233618253938374],[115.88516235351562,-0.7221602913598559],[115.88533401489258,-0.721731171985013],[115.88756561279297,-0.7206154614209908],[115.88790893554688,-0.7201863419005008],[115.88790893554688,-0.7197572223396094],[115.88756561279297,-0.7190706309582282],[115.88722229003906,-0.718984807028292],[115.88541984558105,-0.7204438136176492],[115.88481903076172,-0.7201863419005008],[115.8841323852539,-0.7183840394735768],[115.88447570800781,-0.7180407436925549],[115.88559150695801,-0.7182123915862917],[115.88576316833496,-0.7183840394735768],[115.88559150695801,-0.7190706309582282],[115.88584899902344,-0.719499750583708],[115.88619232177734,-0.7194139266618294],[115.88644981384277,-0.718984807028292],[115.8863639831543,-0.7177832718398776],[115.88696479797363,-0.7176116239300399],[115.88619232177734,-0.7164100883808828],[115.88593482971191,-0.716066792451798],[115.88370323181152,-0.7152085525166569],[115.88370323181152,-0.7146077844665655],[115.88258743286133,-0.7146936084785267],[115.88198661804199,-0.7140070163379022],[115.88155746459961,-0.7139211923131086],[115.8812141418457,-0.714178664382672],[115.88052749633789,-0.7139211923131086],[115.88069915771484,-0.7130629519771219],[115.88052749633789,-0.7128913038907143],[115.87966918945312,-0.7132346000571204],[115.88001251220703,-0.7106598781857514],[115.8812141418457,-0.7101449336390999],[115.88095664978027,-0.709544164928829],[115.88181495666504,-0.7085142755297653],[115.8823299407959,-0.7073127376082056],[115.8786392211914,-0.7076560341889859],[115.8786392211914,-0.7069694410020304],[115.88001251220703,-0.7046521882470671],[115.87992668151855,-0.7038797704057345],[115.87889671325684,-0.7034506493274932],[115.87855339050293,-0.701991637366433],[115.87803840637207,-0.7022491100985491],[115.87769508361816,-0.7020774616120633],[115.8779525756836,-0.7009617462962723],[115.87769508361816,-0.7006184492225174],[115.87726593017578,-0.7004468006762181],[115.87666511535645,-0.701648340368223],[115.87340354919434,-0.7034506493274932],[115.87306022644043,-0.7034506493274932],[115.87048530578613,-0.6945249219893839]]}},{"type":"Feature","id":"pmtiles:10/841/514:waterway:6152723112:0","properties":{"name_int":"Kelawit River","name_de":"Sungai Kelawit","name":"Sungai Kelawit","name:en":"Kelawit River","class":"river","name:latin":"Sungai Kelawit","name_en":"Kelawit River","waterway":"river","kind":"waterway","verification":"verified","source":"OpenMapTiles/OpenStreetMap national PMTiles","sourceId":"10/841/514:waterway:6152723112:0","sourceLayer":"waterway","archive":"https://its.hanifahseptiani45.workers.dev/v1/map/archive/indonesia.pmtiles","updatedAt":"2026-07-26T09:41:56.660Z"},"geometry":{"type":"LineString","coordinates":[[115.92713356018066,-1.0609783307983776],[115.92653274536133,-1.0599485389484329],[115.92713356018066,-1.0576315060345678],[115.92713356018066,-1.0567733452569001],[115.92644691467285,-1.055057022990482],[115.92824935913086,-1.0539414130094826],[115.92824935913086,-1.0531690674038856],[115.92747688293457,-1.0524825378160187],[115.92653274536133,-1.0521392729654053],[115.9266185760498,-1.0511094781870014],[115.92696189880371,-1.0501654993418015],[115.92747688293457,-1.0497364179542785],[115.92936515808105,-1.0494789690934994],[115.92953681945801,-1.0487924386944911],[115.92893600463867,-1.0484491734384989],[115.92867851257324,-1.0479342754839536],[115.93091011047363,-1.0461321319767762],[115.93168258666992,-1.0446732531413687],[115.93331336975098,-1.0442441710020063],[115.93365669250488,-1.0435576394571768],[115.93297004699707,-1.0424420253773121],[115.93314170837402,-1.041841309939798],[115.93451499938965,-1.041669676936607],[115.93623161315918,-1.0420129429336242],[115.93846321105957,-1.0414980439240793],[115.93966484069824,-1.041755493439382],[115.94060897827148,-1.0427852912901585],[115.94035148620605,-1.0450165188106837],[115.94112396240234,-1.0459604992078226],[115.94249725341797,-1.0466470302273905],[115.94395637512207,-1.0481917244718204],[115.94601631164551,-1.0483633571186175],[115.94687461853027,-1.0475051937905135],[115.94730377197266,-1.0464753974865886],[115.94730377197266,-1.0456172336416927],[115.94884872436523,-1.0420129429336242],[115.94962120056152,-1.040983144830392],[115.94996452331543,-1.0396958967284178],[115.94979286193848,-1.0390951807678448],[115.94876289367676,-1.0390951807678448],[115.94841957092285,-1.0387519144533712],[115.94850540161133,-1.0380653817125562],[115.95056533813477,-1.036434865855938],[115.95056533813477,-1.0358341492760275],[115.94987869262695,-1.0354050659349383],[115.94996452331543,-1.0339461821409799],[115.94962120056152,-1.0336887319900825],[115.94833374023438,-1.0336887319900825],[115.9482479095459,-1.0328305646696663],[115.94876289367676,-1.032315664166191],[115.95150947570801,-1.0312858629091153],[115.95193862915039,-1.0305135117476567],[115.95150947570801,-1.0300844276881378],[115.95056533813477,-1.0299127940481299],[115.94996452331543,-1.0310284125427813],[115.9493637084961,-1.0310284125427813],[115.94884872436523,-1.030341878130784],[115.94902038574219,-1.0295695267404312],[115.94987869262695,-1.0291404425538246],[115.95013618469238,-1.0287113583094936],[115.95039367675781,-1.0258794008509113],[115.9508228302002,-1.0253644992253044],[115.95193862915039,-1.0251928653317037],[115.95322608947754,-1.0273382883400188],[115.9540843963623,-1.0281106402704978],[115.9552001953125,-1.0286255414537067],[115.95588684082031,-1.0279390065243206],[115.95597267150879,-1.0251928653317037],[115.9563159942627,-1.0238197938517573],[115.95674514770508,-1.0230474408858043],[115.95717430114746,-1.0226183558243918],[115.95974922180176,-1.0221034536749585],[115.96026420593262,-1.0215027343963072],[115.96052169799805,-1.0203012955021507],[115.9603500366211,-1.0197005758867874],[115.95949172973633,-1.0196147587897144],[115.9581184387207,-1.0199580271642361],[115.95614433288574,-1.019185673270087],[115.95562934875488,-1.0193573074848103],[115.95434188842773,-1.0211594661866457],[115.95356941223145,-1.0215885514429885],[115.9522819519043,-1.0211594661866457],[115.95125198364258,-1.0202154784211075],[115.95133781433105,-1.0190140390462403],[115.95296859741211,-1.0174693306201874],[115.95459938049316,-1.0179842335111005],[115.95545768737793,-1.0178125992232765],[115.9548568725586,-1.0165253417734164],[115.9555435180664,-1.0154955354440318],[115.95562934875488,-1.0143799115503072],[115.9552001953125,-1.013950825334902],[115.9537410736084,-1.013950825334902],[115.9526252746582,-1.0135217390626252],[115.95271110534668,-1.0121486626094054],[115.9540843963623,-1.0095741426933529],[115.95468521118164,-1.0078577949497713],[115.95494270324707,-1.0057123589985224],[115.95434188842773,-1.0049400017106933],[115.95271110534668,-1.003652739158511],[115.95176696777344,-1.0020222058651456],[115.94996452331543,-1.0011640301215294],[115.94987869262695,-1.0005633069673365],[115.95013618469238,-0.9999625837031374],[115.9526252746582,-0.998589501543691],[115.95245361328125,-0.9979029602488367],[115.95108032226562,-0.9972164188106802],[115.95090866088867,-0.9964440595216075],[115.95236778259277,-0.9956717000514459],[115.95288276672363,-0.9957575177792961],[115.95339775085449,-0.9963582418116488],[115.95391273498535,-0.9965298772293352],[115.95434188842773,-0.9963582418116488],[115.9548568725586,-0.9956717000514459],[115.9581184387207,-0.9946418871431177],[115.95897674560547,-0.9934404383439386],[115.96146583557129,-0.9924964425523655],[115.96155166625977,-0.9919815356433759],[115.96112251281738,-0.9911233572836977],[115.9603500366211,-0.9906084501611332],[115.95829010009766,-0.9901793608312204],[115.95648765563965,-0.9911233572836977],[115.95571517944336,-0.9911233572836977],[115.95305442810059,-0.9899219072065932],[115.95288276672363,-0.9887204566941818],[115.9537410736084,-0.9852019205514608],[115.95511436462402,-0.9856310105241732],[115.95734596252441,-0.986918280110487],[115.95829010009766,-0.9871757339679874],[115.9595775604248,-0.9864891903037005],[115.9610366821289,-0.984172104391547],[115.96120834350586,-0.9835713781513817],[115.96086502075195,-0.9821124711181142],[115.96240997314453,-0.9804819272097234],[115.96318244934082,-0.980138654706721],[115.96412658691406,-0.9800528365754815],[115.96429824829102,-0.9797953821685326],[115.96404075622559,-0.9788513825071874],[115.9621524810791,-0.9774782916163787],[115.96155166625977,-0.9755044724774109],[115.96086502075195,-0.9743888350604806],[115.9595775604248,-0.973530652180628],[115.95949172973633,-0.9731873789675234],[115.95974922180176,-0.9718142857658592],[115.9603500366211,-0.9708702838658638],[115.9610366821289,-0.9708702838658638],[115.96283912658691,-0.9714710123781884],[115.96301078796387,-0.9711277389556585],[115.96275329589844,-0.9676950028148781],[115.96232414245605,-0.9673517290095361],[115.9603500366211,-0.9672659105527686],[115.95983505249023,-0.9665793628205677],[115.96077919006348,-0.9641764446654406],[115.96172332763672,-0.9635757148615056],[115.9610366821289,-0.9623742549358809],[115.96163749694824,-0.9612586131974012],[115.96138000488281,-0.9610011573598172],[115.96077919006348,-0.9610011573598172],[115.96052169799805,-0.9606578828795307],[115.96155166625977,-0.9598855151728145],[115.96206665039062,-0.9600571524560451],[115.96232414245605,-0.9608295201239798],[115.96301078796387,-0.9607437015028353],[115.96309661865234,-0.960572064254066],[115.96240997314453,-0.9597138778809438],[115.96240997314453,-0.958769872621815],[115.9647274017334,-0.9578258671024003],[115.96498489379883,-0.9567960426028321],[115.96567153930664,-0.9567102238805774],[115.9658432006836,-0.9572251361819042],[115.96610069274902,-0.9572251361819042],[115.9658432006836,-0.9552513052739755],[115.9661865234375,-0.9549080302176662],[115.96721649169922,-0.9549938489849552],[115.96773147583008,-0.9534491108460514],[115.96678733825684,-0.9524192850349777],[115.96635818481445,-0.9523334662034983],[115.96567153930664,-0.9528483791603435],[115.96549987792969,-0.952676741516612],[115.9658432006836,-0.9516469154747256],[115.96687316894531,-0.9506170891253731],[115.96670150756836,-0.9503596324900343],[115.96558570861816,-0.9508745457415131],[115.96515655517578,-0.9508745457415131],[115.96498489379883,-0.9506170891253731],[115.96489906311035,-0.9499305380551561],[115.96601486206055,-0.9488148922751662],[115.96489906311035,-0.9483857976485837],[115.96567153930664,-0.9473559703277772],[115.9650707244873,-0.9471843324111973],[115.96318244934082,-0.9483857976485837],[115.96240997314453,-0.9482999787168751],[115.96206665039062,-0.9474417892828768],[115.96412658691406,-0.9469268755204041],[115.96369743347168,-0.9443523055617078],[115.96489906311035,-0.9439232103830335],[115.96524238586426,-0.9435799342019919],[115.96541404724121,-0.9427217436012114],[115.96532821655273,-0.9424642863797175],[115.96429824829102,-0.942550105455652],[115.96421241760254,-0.9416919146010656],[115.96524238586426,-0.9392889790847931],[115.96670150756836,-0.938173329890347],[115.96678733825684,-0.9377442339515767],[115.96635818481445,-0.9370576803401605],[115.96627235412598,-0.9363711265941816],[115.96781730651855,-0.9370576803401605],[115.96858978271484,-0.9366285842646818],[115.96816062927246,-0.9361136689047669],[115.96635818481445,-0.9356845727137255],[115.96627235412598,-0.9347405609087645],[115.96670150756836,-0.9347405609087645],[115.96713066101074,-0.9343114645498645],[115.96687316894531,-0.933968187425009],[115.9665298461914,-0.933968187425009],[115.96541404724121,-0.9346547416411681],[115.9650707244873,-0.9344831030997085],[115.96661567687988,-0.9326808979083125],[115.96721649169922,-0.9329383558493447],[115.96747398376465,-0.9325092592705033],[115.96678733825684,-0.9318227046355645],[115.96524238586426,-0.931736885296786],[115.96549987792969,-0.9312219692202177],[115.96644401550293,-0.9311361498668163],[115.96670150756836,-0.9305354143344857],[115.96532821655273,-0.9297630399283037],[115.96515655517578,-0.9295914011484143],[115.96558570861816,-0.9288190265357485],[115.96446990966797,-0.9283041100334941],[115.96438407897949,-0.9280466517542578],[115.96498489379883,-0.9275317351395529],[115.96498489379883,-0.9271026379034026],[115.96369743347168,-0.9265019016854268],[115.9610366821289,-0.9257295263983849],[115.9595775604248,-0.9247855119301818],[115.96138000488281,-0.9239273167412279],[115.96129417419434,-0.9233265799855985],[115.96043586730957,-0.9228116626856888],[115.96052169799805,-0.9223825648788306],[115.96129417419434,-0.9228116626856888],[115.96240997314453,-0.9225542040077812],[115.96283912658691,-0.9222967453112432],[115.96283912658691,-0.9220392865960889],[115.9621524810791,-0.9213527299313],[115.96163749694824,-0.9202370750689113],[115.96206665039062,-0.9196363376907613],[115.96095085144043,-0.918949780563338],[115.96146583557129,-0.9175766659127618],[115.96095085144043,-0.9169759280873535],[115.95949172973633,-0.9162035507351192],[115.95820426940918,-0.9149162547781202],[115.95829010009766,-0.9144871560231138],[115.95914840698242,-0.914658795531281],[115.95974922180176,-0.9144871560231138],[115.96077919006348,-0.9135431385815735],[115.9603500366211,-0.9119983822332927],[115.96000671386719,-0.9117409227774118],[115.95914840698242,-0.9119125624167168],[115.95854759216309,-0.9113118236434019],[115.95803260803223,-0.9119125624167168],[115.95786094665527,-0.9118267425980946],[115.9581184387207,-0.9107110847698863],[115.95743179321289,-0.9098528862054849],[115.95768928527832,-0.9095954265963542],[115.95863342285156,-0.9094237868467303],[115.95966339111328,-0.9086514078724122],[115.96086502075195,-0.9085655879761845],[115.96138000488281,-0.9088230476587711],[115.96146583557129,-0.9083081282752659],[115.96120834350586,-0.9075357490624612],[115.96138000488281,-0.906334269959217],[115.9621524810791,-0.905647710292655],[115.96292495727539,-0.9062484500080075],[115.9636116027832,-0.9054760703556894],[115.9632682800293,-0.9047895105265837],[115.96163749694824,-0.9047895105265837],[115.96129417419434,-0.9042745905694858],[115.96266746520996,-0.903759670539344],[115.96369743347168,-0.9030731103856056],[115.96292495727539,-0.9023007300576609],[115.96249580383301,-0.9013567094341397],[115.96138000488281,-0.9016141696284734],[115.96155166625977,-0.9008417889908884],[115.96017837524414,-0.900927609069825],[115.9610366821289,-0.9000694081895801],[115.96095085144043,-0.8998119478861213],[115.96026420593262,-0.8998977679893017],[115.95949172973633,-0.9006701488269613],[115.95889091491699,-0.9008417889908884],[115.95940589904785,-0.8993828473399788],[115.95871925354004,-0.89886792661801],[115.95871925354004,-0.8983530058234521],[115.95786094665527,-0.8981813655424702],[115.95974922180176,-0.8968940631782658],[115.96060752868652,-0.8970657035196723],[115.96060752868652,-0.896636602651057],[115.95983505249023,-0.8960358613505264],[115.95974922180176,-0.8957784007629925],[115.96009254455566,-0.895606760361261],[115.9610366821289,-0.8964649622895422],[115.96138000488281,-0.8964649622895422],[115.96138000488281,-0.895606760361261],[115.9603500366211,-0.8948343784539929],[115.96095085144043,-0.8944052773241253],[115.96095085144043,-0.8941478166221088],[115.96000671386719,-0.8940619963841101],[115.9592342376709,-0.8934612546618439],[115.95914840698242,-0.8931179736335793],[115.95949172973633,-0.892173950640597],[115.9603500366211,-0.8920023100703816],[115.96095085144043,-0.892173950640597],[115.96172332763672,-0.8929463331074317],[115.96223831176758,-0.8929463331074317],[115.96232414245605,-0.8927746925732691],[115.9610366821289,-0.8908866461689513],[115.96112251281738,-0.890543364900509],[115.96249580383301,-0.8893418802093436],[115.96240997314453,-0.8891702395072372],[115.96120834350586,-0.8890844191531926],[115.95949172973633,-0.8876254728293418],[115.95949172973633,-0.8871963708598116],[115.96026420593262,-0.8871963708598116],[115.96052169799805,-0.8863381667714663],[115.96043586730957,-0.8859090646527079],[115.95880508422852,-0.8849650398165494],[115.95914840698242,-0.8841926556809767],[115.96086502075195,-0.8825620664227785],[115.96043586730957,-0.8819613228316001],[115.96060752868652,-0.8813605791434469],[115.96138000488281,-0.8811889380718867],[115.96232414245605,-0.8815322202070917],[115.96301078796387,-0.8811889380718867],[115.96343994140625,-0.8801590914765001],[115.96249580383301,-0.8797299886444705],[115.96258163452148,-0.879043424010618],[115.96395492553711,-0.879043424010618],[115.96386909484863,-0.879987450349617],[115.96404075622559,-0.8801590914765001],[115.96429824829102,-0.879987450349617],[115.96481323242188,-0.878356859250502],[115.96567153930664,-0.8780135768231503],[115.96498489379883,-0.8769837293520197],[115.96567153930664,-0.8764688055101715],[115.96549987792969,-0.8756105989497911],[115.96687316894531,-0.8751814955958963],[115.96807479858398,-0.8763829848629712],[115.96841812133789,-0.8762971642138098],[115.96901893615723,-0.8749240335600064],[115.96987724304199,-0.874151647346352],[115.97030639648438,-0.8724352329696075],[115.9702205657959,-0.8720919500002537],[115.97107887268066,-0.8714053839676268],[115.97107887268066,-0.8711479216731277],[115.97047805786133,-0.870718817809859],[115.9727954864502,-0.8696889683388207],[115.97348213195801,-0.868830760231603],[115.97348213195801,-0.867972551929455],[115.97373962402344,-0.8678867310885323],[115.97442626953125,-0.8684874769341349],[115.97494125366211,-0.868315835273691],[115.97485542297363,-0.8678867310885323],[115.97322463989258,-0.8668568808455461],[115.97296714782715,-0.8671143434325472],[115.97305297851562,-0.8677150894008321],[115.97270965576172,-0.8678867310885323],[115.97116470336914,-0.8664277764949304],[115.97185134887695,-0.8661703138612609],[115.97262382507324,-0.866599418241023],[115.97322463989258,-0.865741209432926],[115.97365379333496,-0.8656553885414127],[115.97511291503906,-0.8659986720957562],[115.97545623779297,-0.8656553885414127],[115.97451210021973,-0.865140463151647],[115.97356796264648,-0.8650546422465624],[115.97305297851562,-0.8646255376920067],[115.97270965576172,-0.8646255376920067],[115.97185134887695,-0.8654837467526022],[115.97150802612305,-0.8654837467526022],[115.9727954864502,-0.8636815075012976],[115.97356796264648,-0.8630807608941922],[115.97408294677734,-0.863509865623243],[115.97416877746582,-0.8629091189890232],[115.97365379333496,-0.8622225512908983],[115.97262382507324,-0.8614501624825124],[115.97228050231934,-0.8605919525117969],[115.97159385681152,-0.8601628474540206],[115.97047805786133,-0.859991205417387],[115.97047805786133,-0.8597337423479843],[115.97090721130371,-0.8594762792612158],[115.97082138061523,-0.8588755319912735],[115.96944808959961,-0.8589613530356104],[115.96919059753418,-0.8587038898967876],[115.96970558166504,-0.8569874685284304],[115.96953392028809,-0.8556143308798738],[115.96996307373047,-0.8553568675160221],[115.97073554992676,-0.8557001519973113],[115.9713363647461,-0.8544128350342106],[115.97099304199219,-0.8533829811531177],[115.97142219543457,-0.8516665574054088],[115.97125053405762,-0.851494914988578],[115.96987724304199,-0.8518381998146083],[115.96893310546875,-0.8509799876922131],[115.96841812133789,-0.851409093777292],[115.96773147583008,-0.8513232725641018],[115.96747398376465,-0.8510658089130487],[115.9676456451416,-0.8498643116476927],[115.96781730651855,-0.8494352053908898],[115.96833229064941,-0.8493493841338022],[115.96867561340332,-0.8487486352808986],[115.9676456451416,-0.8484053501801867],[115.96798896789551,-0.8472038520879437],[115.96687316894531,-0.8478904224720196],[115.96635818481445,-0.8475471372951944],[115.96773147583008,-0.8461739962837527],[115.96893310546875,-0.8468605668502676],[115.96953392028809,-0.8461739962837527],[115.96936225891113,-0.8441142838554754],[115.96979141235352,-0.8431702486277572],[115.96936225891113,-0.8422262131711307],[115.96961975097656,-0.8413679989212142],[115.96893310546875,-0.8411105346094274],[115.96884727478027,-0.8406814273853627],[115.96944808959961,-0.8399948557287757],[115.96919059753418,-0.8395657483821424],[115.96858978271484,-0.839479926907174],[115.96833229064941,-0.8392224624709286],[115.96850395202637,-0.8350172076172555],[115.96790313720703,-0.8343306349684667],[115.96781730651855,-0.8327000244475897],[115.96867561340332,-0.8311552349108808],[115.96704483032227,-0.8297820881487468],[115.96610069274902,-0.8297820881487468],[115.9658432006836,-0.8302111965631553],[115.96464157104492,-0.8299537315201064],[115.96378326416016,-0.8300395532029796],[115.96301078796387,-0.8289238711803222],[115.96206665039062,-0.828752227764312],[115.96163749694824,-0.8279798323002296],[115.96120834350586,-0.8282372974716594],[115.96086502075195,-0.8290955145889001],[115.95914840698242,-0.8296104447699406],[115.95906257629395,-0.8292671579900173],[115.95932006835938,-0.8290955145889001],[115.95949172973633,-0.8284947626263346],[115.95837593078613,-0.8282372974716594],[115.95837593078613,-0.8271216149414471],[115.95803260803223,-0.8263492191598516],[115.95786094665527,-0.8242894963417342],[115.95734596252441,-0.8241178527254505],[115.95623016357422,-0.8248902489405197],[115.95511436462402,-0.8249760707329443],[115.95322608947754,-0.8238603872871266],[115.95150947570801,-0.8232596345330307],[115.95236778259277,-0.8221439506067725],[115.95253944396973,-0.820856622612169],[115.95365524291992,-0.8201700475122209],[115.95391273498535,-0.8193118284716832],[115.95434188842773,-0.8188827188824632],[115.95511436462402,-0.8186252531068732],[115.95708847045898,-0.8162222384049471],[115.95691680908203,-0.8154498405170614],[115.95794677734375,-0.8154498405170614],[115.95829010009766,-0.8146774424809706],[115.95966339111328,-0.8140766883504966],[115.95966339111328,-0.8126177136611972],[115.95829010009766,-0.8098714069349313],[115.95992088317871,-0.8093564742164006],[115.96026420593262,-0.8089273635676903],[115.9603500366211,-0.8083266085832719],[115.96009254455566,-0.8071250983478677],[115.95914840698242,-0.8075542091870034],[115.95871925354004,-0.8063526987233587],[115.95743179321289,-0.8062668765337975],[115.95760345458984,-0.8054944767464463],[115.9563159942627,-0.8045504323631292],[115.95614433288574,-0.8036922100069006],[115.9555435180664,-0.8031772765066023],[115.95537185668945,-0.8017182979035624],[115.95571517944336,-0.8012891864507452],[115.95494270324707,-0.8012033641547873],[115.95477104187012,-0.8009458972561276],[115.95562934875488,-0.7982854050238188],[115.95545768737793,-0.7977704708443696],[115.95597267150879,-0.7963114903194537],[115.95571517944336,-0.7956249110701776],[115.95502853393555,-0.7951957989813536],[115.9540843963623,-0.7956249110701776],[115.95391273498535,-0.795109976558237],[115.95356941223145,-0.7948525092781722],[115.95288276672363,-0.795109976558237],[115.94996452331543,-0.7953674438222293],[115.94970703125,-0.7951957989813536],[115.94979286193848,-0.7944233971090711],[115.95125198364258,-0.7939942848954047],[115.95211029052734,-0.7920203681392621],[115.95047950744629,-0.7904755630655131],[115.94893455505371,-0.7906472081021008],[115.94816207885742,-0.7903897405445548],[115.94790458679199,-0.7900464504430005],[115.94850540161133,-0.7892740476108031],[115.94970703125,-0.7885874671950859],[115.95056533813477,-0.7889307574171056],[115.95073699951172,-0.7885874671950859],[115.95296859741211,-0.7870426608458274],[115.95193862915039,-0.7849829181569561],[115.95288276672363,-0.7832664651411392],[115.95202445983887,-0.7828373517772746],[115.95176696777344,-0.7818933022222438],[115.95296859741211,-0.7807776070198855],[115.95253944396973,-0.7801768479421156],[115.95193862915039,-0.7799193797396669],[115.95211029052734,-0.7776021652095011],[115.95305442810059,-0.7759715319996445],[115.95296859741211,-0.7750274809065587],[115.95253944396973,-0.7745125438579947],[115.95253944396973,-0.7740834296030528],[115.95331192016602,-0.7739976067468604],[115.9526252746582,-0.7734826695731982],[115.95253944396973,-0.7730535552141049],[115.95356941223145,-0.7716803889736639],[115.95356941223145,-0.7699639305498636],[115.95399856567383,-0.7696206387821292],[115.95322608947754,-0.7684191173775616],[115.95331192016602,-0.7678183565485028],[115.95356941223145,-0.7668743036466026],[115.95459938049316,-0.7664451886223418],[115.95537185668945,-0.7658444275161571],[115.95571517944336,-0.7648145511382722],[115.95751762390137,-0.7644712589573714],[115.95683097839355,-0.7636130283850946],[115.95691680908203,-0.7633555591799848],[115.95803260803223,-0.7630122668825408],[115.95743179321289,-0.762239859113123],[115.95889091491699,-0.7606092200340555],[115.9581184387207,-0.7581203486733159],[115.95760345458984,-0.757347940028879],[115.95717430114746,-0.7570904704501373],[115.95674514770508,-0.7572621168376656],[115.95597267150879,-0.7571762936447612],[115.95494270324707,-0.7562322384106182],[115.9537410736084,-0.7555456526568207],[115.95477104187012,-0.7512544892412478],[115.95623016357422,-0.7502246093935128],[115.9566593170166,-0.7493663760019018],[115.95820426940918,-0.7478215554733794],[115.95768928527832,-0.7470491450051782],[115.9566593170166,-0.7464483812138099],[115.95820426940918,-0.7455043236615779],[115.95846176147461,-0.7449893830932126],[115.95820426940918,-0.7447319127864773],[115.9566593170166,-0.7449893830932126],[115.95614433288574,-0.7442169721278589],[115.95537185668945,-0.7442169721278589],[115.9552001953125,-0.7437878548664258],[115.95597267150879,-0.743015443690723],[115.95545768737793,-0.7426721497914883],[115.95477104187012,-0.7436162079501685],[115.95425605773926,-0.7437878548664258],[115.95434188842773,-0.7431870906303288],[115.9537410736084,-0.7428437967444239],[115.95459938049316,-0.7418997384207557],[115.95356941223145,-0.7421572088926638],[115.95322608947754,-0.7418139149267944],[115.95382690429688,-0.738981738693397],[115.95296859741211,-0.7386384444816514],[115.95331192016602,-0.7381235031143376],[115.95271110534668,-0.7371794437860757],[115.95219612121582,-0.7379518559786362],[115.95159530639648,-0.7374369145318269],[115.95159530639648,-0.7364928550579748],[115.95236778259277,-0.7351196772846009],[115.95150947570801,-0.7330599098330026],[115.95236778259277,-0.7322016731150569],[115.9537410736084,-0.7321158494342228],[115.95314025878906,-0.7316867310054107],[115.95391273498535,-0.7302277280405889],[115.95322608947754,-0.7297986094313842],[115.95314025878906,-0.7293694907812238],[115.95494270324707,-0.7287687246022614],[115.95545768737793,-0.7283396058539466],[115.9552001953125,-0.7280821345853354],[115.9537410736084,-0.7277388395376505],[115.9526252746582,-0.7267947780218833],[115.95219612121582,-0.7261081877046252],[115.95193862915039,-0.7262798352937097],[115.95125198364258,-0.7260223639076173],[115.95193862915039,-0.7231043538418902],[115.95305442810059,-0.7219886436147789],[115.95322608947754,-0.7207012853202315],[115.9537410736084,-0.7195855745039523],[115.95348358154297,-0.7194139266618294],[115.95305442810059,-0.7195855745039523],[115.95365524291992,-0.7183840394735768],[115.95288276672363,-0.7183840394735768],[115.95271110534668,-0.7170108561948751],[115.95176696777344,-0.7169250322262855],[115.95159530639648,-0.7163242644010239],[115.95211029052734,-0.7161526164364744],[115.9522819519043,-0.715551848509989],[115.95193862915039,-0.7151227285143307],[115.95125198364258,-0.7152085525166569],[115.95108032226562,-0.7150369045103702],[115.95030784606934,-0.7132346000571204],[115.94987869262695,-0.7131487760179169],[115.94962120056152,-0.7135778961979184],[115.94919204711914,-0.7136637202291212],[115.94884872436523,-0.7135778961979184],[115.94816207885742,-0.712805479845116],[115.94816207885742,-0.7119472393011534],[115.94841957092285,-0.7112606467509579],[115.94867706298828,-0.7110031745182965],[115.94902038574219,-0.7110889985974467],[115.94970703125,-0.7118614152379763],[115.94970703125,-0.7110031745182965],[115.94910621643066,-0.7097158131397379],[115.94781875610352,-0.709029220257932],[115.94773292541504,-0.7086859237788445],[115.94841957092285,-0.7078276824698548],[115.94841957092285,-0.7072269134590385],[115.94738960266113,-0.7069694410020304],[115.94721794128418,-0.7063686718801421],[115.94593048095703,-0.7057679026806056],[115.94644546508789,-0.7050813092146768],[115.94730377197266,-0.7053387817762768],[115.94704627990723,-0.7041372430337276],[115.9485912322998,-0.7034506493274932],[115.94841957092285,-0.7025065828164827],[115.94996452331543,-0.6981295446864237],[115.95125198364258,-0.6977004230814003],[115.95142364501953,-0.6972713014372403]]}},{"type":"Feature","id":"pmtiles:8/210/128:landcover:5209350202:0","properties":{"subclass":"orchard","class":"farmland","kind":"green","verification":"verified","source":"OpenMapTiles/OpenStreetMap national PMTiles","sourceId":"8/210/128:landcover:5209350202:0","sourceLayer":"landcover","archive":"https://its.hanifahseptiani45.workers.dev/v1/map/archive/indonesia.pmtiles","updatedAt":"2026-07-26T09:35:32.895Z"},"geometry":{"type":"Polygon","coordinates":[[[115.70903778076172,-0.9499305380551561],[115.7135009765625,-0.9581691418668328],[115.70903778076172,-0.9609153387429785],[115.7131576538086,-0.9688106424422642],[115.72174072265625,-0.9667509997666315],[115.72517395019531,-0.9725866507605332],[115.73066711425781,-0.9753328359757916],[115.7354736328125,-0.974646289881818],[115.73684692382812,-0.9808251996775397],[115.7351303100586,-0.9852877385504257],[115.72757720947266,-0.9846011944968325],[115.72620391845703,-0.9780790189502255],[115.71487426757812,-0.9780790189502255],[115.70148468017578,-1.002108023427155],[115.7025146484375,-1.0055407240614613],[115.69976806640625,-1.0069138033051672],[115.7028579711914,-1.0072570730257553],[115.69976806640625,-1.0141224598278882],[115.69084167480469,-1.0168686104769193],[115.68878173828125,-1.0158388042569726],[115.6911849975586,-1.0000484013190345],[115.68946838378906,-0.9938695272509648],[115.69221496582031,-0.9928397137804836],[115.69496154785156,-0.9955858823213788],[115.69530487060547,-0.9887204566941818],[115.69942474365234,-0.9873473698619222],[115.69393157958984,-0.9791088369866401],[115.69805145263672,-0.9688106424422642],[115.6973648071289,-0.9626317106698679],[115.69908142089844,-0.9619451620026922],[115.70320129394531,-0.9533632920402368],[115.70629119873047,-0.9543931175689266],[115.70663452148438,-0.9509603646093012],[115.70903778076172,-0.9499305380551561]]]}},{"type":"Feature","id":"pmtiles:8/210/128:landcover:5209350232:0","properties":{"subclass":"orchard","class":"farmland","kind":"green","verification":"verified","source":"OpenMapTiles/OpenStreetMap national PMTiles","sourceId":"8/210/128:landcover:5209350232:0","sourceLayer":"landcover","archive":"https://its.hanifahseptiani45.workers.dev/v1/map/archive/indonesia.pmtiles","updatedAt":"2026-07-26T09:35:32.895Z"},"geometry":{"type":"Polygon","coordinates":[[[115.77014923095703,-0.881618040735944],[115.76946258544922,-0.8984388259609233],[115.76225280761719,-0.9307070530684456],[115.76362609863281,-0.937572595561349],[115.76087951660156,-0.9389457024474979],[115.75984954833984,-0.9434082960987666],[115.75435638427734,-0.9434082960987666],[115.75916290283203,-0.9482141597830491],[115.75984954833984,-0.9533632920402368],[115.75126647949219,-0.9708702838658638],[115.74302673339844,-0.9701837368639445],[115.74268341064453,-0.9650346299157633],[115.73822021484375,-0.9640048075894185],[115.74165344238281,-0.9513036400590948],[115.74508666992188,-0.9489007111940992],[115.74337005615234,-0.9423784673016513],[115.74508666992188,-0.9403188087943306],[115.74165344238281,-0.9423784673016513],[115.73856353759766,-0.9413486382000684],[115.73856353759766,-0.9386024257764944],[115.74783325195312,-0.9403188087943306],[115.74440002441406,-0.9372293187556267],[115.74577331542969,-0.932423439948451],[115.74851989746094,-0.9296772205393893],[115.7516098022461,-0.9327667172240837],[115.75435638427734,-0.932423439948451],[115.74954986572266,-0.9272742768040985],[115.7522964477539,-0.9193788787834478],[115.7516098022461,-0.9104536252220186],[115.75504302978516,-0.9083939481776042],[115.75057983398438,-0.906334269959217],[115.74989318847656,-0.9087372277666077],[115.74714660644531,-0.908050668556001],[115.74577331542969,-0.9022149100110965],[115.75538635253906,-0.8998119478861213],[115.75881958007812,-0.9015283495657087],[115.76431274414062,-0.8946627380080656],[115.76053619384766,-0.8953492997435717],[115.7571029663086,-0.889856802267758],[115.75881958007812,-0.8829911689285126],[115.75057983398438,-0.8757822402775872],[115.75813293457031,-0.8764688055101715],[115.75675964355469,-0.8641106121625199],[115.75298309326172,-0.8644538958565988],[115.75263977050781,-0.8723494122302071],[115.74851989746094,-0.8709762801336751],[115.73993682861328,-0.865140463151647],[115.73993682861328,-0.8579315003763099],[115.74440002441406,-0.8524389481865597],[115.75057983398438,-0.8524389481865597],[115.7522964477539,-0.8472896733926092],[115.7577896118164,-0.855185225263881],[115.75469970703125,-0.8565583630660996],[115.75538635253906,-0.8596479213209847],[115.76087951660156,-0.8610210575212989],[115.76740264892578,-0.8565583630660996],[115.76568603515625,-0.8520956634140617],[115.75916290283203,-0.8534688023204069],[115.7577896118164,-0.8490060990864237],[115.75607299804688,-0.8328716676921033],[115.76019287109375,-0.8242894963417342],[115.75847625732422,-0.8242894963417342],[115.75435638427734,-0.8328716676921033],[115.75607299804688,-0.8411105346094274],[115.74474334716797,-0.8459165322899622],[115.74165344238281,-0.8438568197251755],[115.74371337890625,-0.8393941054303014],[115.73787689208984,-0.8424836774092626],[115.7354736328125,-0.8407672488339415],[115.73410034179688,-0.8435135341916151],[115.73650360107422,-0.848662814008577],[115.73444366455078,-0.8500359541370699],[115.73444366455078,-0.8558717942264451],[115.72895050048828,-0.8544986561785208],[115.72620391845703,-0.8579315003763099],[115.72998046875,-0.8634240446813095],[115.7193374633789,-0.8617076254360398],[115.72174072265625,-0.8661703138612609],[115.72036743164062,-0.8696031475368642],[115.72242736816406,-0.8750956749192227],[115.72071075439453,-0.8768120880792623],[115.71487426757812,-0.8747523921929314],[115.7135009765625,-0.872006129253009],[115.7083511352539,-0.8730359780906127],[115.70423126220703,-0.8644538958565988],[115.70423126220703,-0.8562150786616343],[115.71006774902344,-0.8562150786616343],[115.71521759033203,-0.844886676144057],[115.71521759033203,-0.8393941054303014],[115.71762084960938,-0.8393941054303014],[115.72071075439453,-0.8345880997257922],[115.72311401367188,-0.8242894963417342],[115.72105407714844,-0.8174237459356561],[115.72757720947266,-0.8098714069349313],[115.7354736328125,-0.8084982528736049],[115.74405670166016,-0.812961001870832],[115.74817657470703,-0.8163938823599182],[115.75057983398438,-0.8225730598460927],[115.75298309326172,-0.8229163472043268],[115.75435638427734,-0.8191401846415118],[115.76396942138672,-0.8201700475122209],[115.7684326171875,-0.8232596345330307],[115.76671600341797,-0.8273790801685834],[115.77220916748047,-0.8314985215268536],[115.77564239501953,-0.8517523786109678],[115.77461242675781,-0.8641106121625199],[115.77014923095703,-0.8692598643095835],[115.77014923095703,-0.881618040735944]]]}},{"type":"Feature","id":"pmtiles:8/210/128:landcover:5211186092:0","properties":{"subclass":"orchard","class":"farmland","kind":"green","verification":"verified","source":"OpenMapTiles/OpenStreetMap national PMTiles","sourceId":"8/210/128:landcover:5211186092:0","sourceLayer":"landcover","archive":"https://its.hanifahseptiani45.workers.dev/v1/map/archive/indonesia.pmtiles","updatedAt":"2026-07-26T09:35:32.895Z"},"geometry":{"type":"Polygon","coordinates":[[[115.91022491455078,-0.9241847753196879],[115.9109115600586,-0.9221251061698723],[115.91846466064453,-0.9231549408939088],[115.92086791992188,-0.9420351909682694],[115.92052459716797,-0.9609153387429785],[115.92636108398438,-0.967094273632739],[115.92052459716797,-0.9688106424422642],[115.916748046875,-0.9736164704784471],[115.90988159179688,-0.9770492005978184],[115.9061050415039,-0.9770492005978184],[115.89546203613281,-0.9701837368639445],[115.88619232177734,-0.9677808212607886],[115.86902618408203,-0.9804819272097234],[115.86902618408203,-0.9722433774513775],[115.86627960205078,-0.9698404633107316],[115.86662292480469,-0.9581691418668328],[115.87074279785156,-0.9578258671024003],[115.88138580322266,-0.9640048075894185],[115.89202880859375,-0.9454679527782588],[115.90095520019531,-0.9451246767497707],[115.90129852294922,-0.9495872624688957],[115.90988159179688,-0.9495872624688957],[115.91262817382812,-0.9386024257764944],[115.90919494628906,-0.9300204980824844],[115.91022491455078,-0.9241847753196879]]]}},{"type":"Feature","id":"pmtiles:8/210/128:landcover:5211186102:0","properties":{"subclass":"orchard","class":"farmland","kind":"green","verification":"verified","source":"OpenMapTiles/OpenStreetMap national PMTiles","sourceId":"8/210/128:landcover:5211186102:0","sourceLayer":"landcover","archive":"https://its.hanifahseptiani45.workers.dev/v1/map/archive/indonesia.pmtiles","updatedAt":"2026-07-26T09:35:32.895Z"},"geometry":{"type":"Polygon","coordinates":[[[115.84293365478516,-0.8826478869278844],[115.8449935913086,-0.8860807055061741],[115.8453369140625,-0.874065826646131],[115.84224700927734,-0.8747523921929314],[115.84224700927734,-0.8785285004523615],[115.83606719970703,-0.8792150651809152],[115.8340072631836,-0.8774986531230269],[115.83847045898438,-0.8754389576141222],[115.84121704101562,-0.8682300144405559],[115.84705352783203,-0.8637673284374188],[115.84739685058594,-0.8668568808455461],[115.85014343261719,-0.8644538958565988],[115.84808349609375,-0.8575882160949249],[115.84980010986328,-0.855185225263881],[115.8449935913086,-0.8520956634140617],[115.8401870727539,-0.855185225263881],[115.83778381347656,-0.8541553715897976],[115.83812713623047,-0.8510658089130487],[115.84259033203125,-0.8476329585922571],[115.84293365478516,-0.8510658089130487],[115.84636688232422,-0.8507225240182663],[115.8449935913086,-0.8455732469383577],[115.84842681884766,-0.8428269630336445],[115.84636688232422,-0.8397373913264374],[115.85220336914062,-0.8359612448135181],[115.84980010986328,-0.8345880997257922],[115.85220336914062,-0.8304686615894497],[115.84602355957031,-0.8356179585865675],[115.8395004272461,-0.835274672329632],[115.83847045898438,-0.8187968969590997],[115.84636688232422,-0.8187968969590997],[115.84636688232422,-0.812961001870832],[115.83778381347656,-0.812961001870832],[115.83778381347656,-0.8105579837911989],[115.84739685058594,-0.8102146953776099],[115.84877014160156,-0.804722076812709],[115.8614730834961,-0.798199582665049],[115.86318969726562,-0.7992294508519677],[115.8614730834961,-0.8023190538619502],[115.86593627929688,-0.8030056319920789],[115.86318969726562,-0.8036922100069006],[115.86318969726562,-0.8074683870227943],[115.87005615234375,-0.8115878488573145],[115.86971282958984,-0.8157073064961651],[115.8731460571289,-0.8143341544173808],[115.8731460571289,-0.8163938823599182],[115.87623596191406,-0.8174237459356561],[115.87760925292969,-0.8122744254223875],[115.872802734375,-0.8033489210139209],[115.87589263916016,-0.8026623429414315],[115.88001251220703,-0.8064385209110867],[115.88310241699219,-0.8050653656902256],[115.87726593017578,-0.7971697142202316],[115.8779525756836,-0.7961398455178568],[115.89820861816406,-0.7985428720893708],[115.89855194091797,-0.8012891864507452],[115.89546203613281,-0.804722076812709],[115.89065551757812,-0.804722076812709],[115.88825225830078,-0.8071250983478677],[115.88207244873047,-0.8081549642856771],[115.88138580322266,-0.8112445605310512],[115.88275909423828,-0.8133042900512777],[115.8889389038086,-0.8139908663245592],[115.89031219482422,-0.8187968969590997],[115.89614868164062,-0.8249760707329443],[115.9002685546875,-0.836647817177365],[115.89889526367188,-0.8466031029020797],[115.90232849121094,-0.8479762437614795],[115.91056823730469,-0.8359612448135181],[115.9054183959961,-0.8256626450056785],[115.90919494628906,-0.8246327835521612],[115.90713500976562,-0.8191401846415118],[115.90747833251953,-0.7937368175458204],[115.91503143310547,-0.7940801073416992],[115.90885162353516,-0.8692598643095835],[115.90473175048828,-0.8716628462445328],[115.90129852294922,-0.8678867310885323],[115.89855194091797,-0.8675434477053301],[115.89271545410156,-0.8730359780906127],[115.89546203613281,-0.8799016297832054],[115.90198516845703,-0.8847075784559024],[115.89683532714844,-0.8984388259609233],[115.89923858642578,-0.9073641092149813],[115.90404510498047,-0.9094237868467303],[115.90198516845703,-0.9125133010897741],[115.90404510498047,-0.9190356002114868],[115.90301513671875,-0.9259011653656017],[115.89786529541016,-0.9279608323236772],[115.89820861816406,-0.9358562111964375],[115.89271545410156,-0.935512934222615],[115.89168548583984,-0.9399755322582308],[115.88790893554688,-0.9351696572152122],[115.88275909423828,-0.935512934222615],[115.88756561279297,-0.9451246767497707],[115.87520599365234,-0.9578258671024003],[115.87211608886719,-0.9550796677501125],[115.87211608886719,-0.9444381245910733],[115.86902618408203,-0.9351696572152122],[115.86559295654297,-0.935512934222615],[115.86353302001953,-0.9396322556883803],[115.86078643798828,-0.9399755322582308],[115.84842681884766,-0.9327667172240837],[115.84705352783203,-0.9344831030997085],[115.83984375,-0.932423439948451],[115.83297729492188,-0.9262444432751096],[115.83332061767578,-0.9241847753196879],[115.83606719970703,-0.9234982190689891],[115.8292007446289,-0.9193788787834478],[115.82267761230469,-0.9183490429686145],[115.8175277709961,-0.9210952711479052],[115.81718444824219,-0.9183490429686145],[115.83366394042969,-0.9118267425980946],[115.8346939086914,-0.9104536252220186],[115.83160400390625,-0.9077073889017839],[115.83709716796875,-0.8967224228288018],[115.84396362304688,-0.889856802267758],[115.83915710449219,-0.890543364900509],[115.83812713623047,-0.8950060188918911],[115.83263397216797,-0.8974089841783126],[115.8292007446289,-0.8864239871892465],[115.83744049072266,-0.8860807055061741],[115.83778381347656,-0.8836777328346415],[115.84293365478516,-0.8826478869278844]],[[115.84362030029297,-0.8891702395072372],[115.8449935913086,-0.887797113603213],[115.8449935913086,-0.8871105504599228],[115.84362030029297,-0.8891702395072372]],[[115.84980010986328,-0.8273790801685834],[115.85254669189453,-0.8301253748840054],[115.85460662841797,-0.8263492191598516],[115.85151672363281,-0.8273790801685834],[115.85014343261719,-0.8239462091017629],[115.84980010986328,-0.8273790801685834]],[[115.84877014160156,-0.8696031475368642],[115.84739685058594,-0.8675434477053301],[115.84774017333984,-0.8685732977614151],[115.84430694580078,-0.8733792609737918],[115.84877014160156,-0.8696031475368642]]]}},{"type":"Feature","id":"pmtiles:8/210/128:landcover:10753621712:0","properties":{"subclass":"orchard","class":"farmland","kind":"green","verification":"verified","source":"OpenMapTiles/OpenStreetMap national PMTiles","sourceId":"8/210/128:landcover:10753621712:0","sourceLayer":"landcover","archive":"https://its.hanifahseptiani45.workers.dev/v1/map/archive/indonesia.pmtiles","updatedAt":"2026-07-26T09:35:32.896Z"},"geometry":{"type":"Polygon","coordinates":[[[115.88138580322266,-0.7758857091816935],[115.88207244873047,-0.7782887474252931],[115.87932586669922,-0.7810350751697968],[115.8731460571289,-0.7830948198008656],[115.87177276611328,-0.7827515290992295],[115.87348937988281,-0.7758857091816935],[115.86902618408203,-0.7786320384912813],[115.86662292480469,-0.7734826695731982],[115.86662292480469,-0.7776021652095011],[115.86284637451172,-0.7758857091816935],[115.86284637451172,-0.7693631699382024],[115.87177276611328,-0.7676467105818432],[115.87108612060547,-0.7611241587572124],[115.87348937988281,-0.7542583040760604],[115.8779525756836,-0.7607808662819338],[115.8834457397461,-0.7604375737793276],[115.8786392211914,-0.7638704975747856],[115.87898254394531,-0.7666168346372046],[115.88241577148438,-0.7621540360190835],[115.88275909423828,-0.7645570820051688],[115.88550567626953,-0.7649003741792058],[115.88310241699219,-0.7700497534874842],[115.87692260742188,-0.77142292025421],[115.88138580322266,-0.7758857091816935]]]}},{"type":"Feature","id":"pmtiles:8/210/128:landcover:10753621742:0","properties":{"subclass":"orchard","class":"farmland","kind":"green","verification":"verified","source":"OpenMapTiles/OpenStreetMap national PMTiles","sourceId":"8/210/128:landcover:10753621742:0","sourceLayer":"landcover","archive":"https://its.hanifahseptiani45.workers.dev/v1/map/archive/indonesia.pmtiles","updatedAt":"2026-07-26T09:35:32.896Z"},"geometry":{"type":"Polygon","coordinates":[[[115.82508087158203,-0.9231549408939088],[115.8401870727539,-0.937572595561349],[115.8395004272461,-0.9416919146010656],[115.84465026855469,-0.9437515722967476],[115.8456802368164,-0.9478708840264574],[115.84739685058594,-0.9478708840264574],[115.84602355957031,-0.9437515722967476],[115.84980010986328,-0.9413486382000684],[115.85563659667969,-0.9475276082358448],[115.85151672363281,-0.9543931175689266],[115.84705352783203,-0.956452767700938],[115.84705352783203,-0.9646913558416088],[115.83881378173828,-0.9688106424422642],[115.81684112548828,-0.9657211779601198],[115.81718444824219,-0.9530200167955343],[115.82508087158203,-0.9471843324111973],[115.82096099853516,-0.9430650198669213],[115.82164764404297,-0.9389457024474979],[115.81787109375,-0.932423439948451],[115.82027435302734,-0.9241847753196879],[115.82508087158203,-0.9231549408939088]]]}},{"type":"Feature","id":"pmtiles:8/210/128:landcover:158281920:1","properties":{"subclass":"wood","class":"wood","kind":"green","verification":"verified","source":"OpenMapTiles/OpenStreetMap national PMTiles","sourceId":"8/210/128:landcover:158281920:1","sourceLayer":"landcover","archive":"https://its.hanifahseptiani45.workers.dev/v1/map/archive/indonesia.pmtiles","updatedAt":"2026-07-26T09:35:32.897Z"},"geometry":{"type":"Polygon","coordinates":[[[115.84602355957031,-0.8356179585865675],[115.85220336914062,-0.8304686615894497],[115.84980010986328,-0.8345880997257922],[115.85220336914062,-0.8359612448135181],[115.84636688232422,-0.8397373913264374],[115.84842681884766,-0.8428269630336445],[115.8449935913086,-0.8455732469383577],[115.84636688232422,-0.8507225240182663],[115.84293365478516,-0.8510658089130487],[115.84259033203125,-0.8476329585922571],[115.83812713623047,-0.8510658089130487],[115.83778381347656,-0.8541553715897976],[115.8401870727539,-0.855185225263881],[115.8449935913086,-0.8520956634140617],[115.84911346435547,-0.8544986561785208],[115.85014343261719,-0.8644538958565988],[115.8456802368164,-0.8733792609737918],[115.84396362304688,-0.8723494122302071],[115.84739685058594,-0.8689165810511099],[115.84739685058594,-0.8637673284374188],[115.84121704101562,-0.8682300144405559],[115.83847045898438,-0.8754389576141222],[115.8340072631836,-0.8774986531230269],[115.83606719970703,-0.8792150651809152],[115.84224700927734,-0.8785285004523615],[115.84224700927734,-0.8747523921929314],[115.8453369140625,-0.874065826646131],[115.84430694580078,-0.8778419355976439],[115.8453369140625,-0.8864239871892465],[115.84293365478516,-0.8826478869278844],[115.83778381347656,-0.8836777328346415],[115.83744049072266,-0.8860807055061741],[115.8292007446289,-0.8864239871892465],[115.83263397216797,-0.8974089841783126],[115.83812713623047,-0.8950060188918911],[115.83915710449219,-0.890543364900509],[115.84396362304688,-0.889856802267758],[115.83709716796875,-0.8967224228288018],[115.83160400390625,-0.9077073889017839],[115.8346939086914,-0.9104536252220186],[115.82679748535156,-0.9159460915806932],[115.81718444824219,-0.9183490429686145],[115.81890106201172,-0.9241847753196879],[115.82199096679688,-0.9217818278623042],[115.82645416259766,-0.9224683844443433],[115.82027435302734,-0.9241847753196879],[115.81787109375,-0.932423439948451],[115.82164764404297,-0.9389457024474979],[115.82096099853516,-0.9430650198669213],[115.82508087158203,-0.9471843324111973],[115.81718444824219,-0.9530200167955343],[115.81684112548828,-0.9657211779601198],[115.83778381347656,-0.9691539160998843],[115.84671020507812,-0.9650346299157633],[115.84705352783203,-0.956452767700938],[115.85151672363281,-0.9543931175689266],[115.85563659667969,-0.9482141597830491],[115.85151672363281,-0.9427217436012114],[115.85391998291016,-0.9406620852966938],[115.8566665649414,-0.9416919146010656],[115.86662292480469,-0.9554229427892693],[115.86421966552734,-0.9653779039552717],[115.86868286132812,-0.9739597436478817],[115.86799621582031,-1.002451293652669],[115.80963134765625,-1.0027945638422011],[115.81100463867188,-0.9815117445075145],[115.75950622558594,-0.960228789730678],[115.76225280761719,-0.9399755322582308],[115.76568603515625,-0.9382591490717829],[115.762939453125,-0.9307070530684456],[115.76637268066406,-0.9252146094468685],[115.76499938964844,-0.9238414972109297],[115.77049255371094,-0.8991253869880751],[115.77255249023438,-0.8733792609737918],[115.77667236328125,-0.8644538958565988],[115.77735900878906,-0.838364247561131],[115.82817077636719,-0.8479762437614795],[115.82782745361328,-0.8232596345330307],[115.8343505859375,-0.8153640185203557],[115.8343505859375,-0.8074683870227943],[115.84121704101562,-0.798199582665049],[115.85735321044922,-0.7957965558932045],[115.87520599365234,-0.7964831351139168],[115.87520599365234,-0.7988861614850009],[115.88241577148438,-0.804722076812709],[115.87966918945312,-0.8050653656902256],[115.87692260742188,-0.8012891864507452],[115.87005615234375,-0.8026623429414315],[115.87074279785156,-0.8064385209110867],[115.87520599365234,-0.8071250983478677],[115.87417602539062,-0.8102146953776099],[115.87657928466797,-0.8143341544173808],[115.87383270263672,-0.8163938823599182],[115.8731460571289,-0.8143341544173808],[115.86971282958984,-0.8157073064961651],[115.87005615234375,-0.8115878488573145],[115.86318969726562,-0.8074683870227943],[115.86318969726562,-0.8036922100069006],[115.86593627929688,-0.8030056319920789],[115.8614730834961,-0.8023190538619502],[115.86318969726562,-0.7992294508519677],[115.8614730834961,-0.798199582665049],[115.84877014160156,-0.804722076812709],[115.84739685058594,-0.8102146953776099],[115.83778381347656,-0.8105579837911989],[115.83778381347656,-0.812961001870832],[115.84636688232422,-0.812961001870832],[115.84636688232422,-0.8187968969590997],[115.83847045898438,-0.8187968969590997],[115.8395004272461,-0.835274672329632],[115.84602355957031,-0.8356179585865675]]]}},{"type":"Feature","id":"pmtiles:8/210/128:landuse:139252410:14","properties":{"class":"residential","kind":"green","verification":"verified","source":"OpenMapTiles/OpenStreetMap national PMTiles","sourceId":"8/210/128:landuse:139252410:14","sourceLayer":"landuse","archive":"https://its.hanifahseptiani45.workers.dev/v1/map/archive/indonesia.pmtiles","updatedAt":"2026-07-26T09:35:32.897Z"},"geometry":{"type":"Polygon","coordinates":[[[115.68672180175781,-0.8871105504599228],[115.6863784790039,-0.8915732086098274],[115.68363189697266,-0.8932896141517261],[115.6753921508789,-0.8922597709227063],[115.67848205566406,-0.8857374237912836],[115.68122863769531,-0.887797113603213],[115.68672180175781,-0.8871105504599228]]]}},{"type":"Feature","id":"pmtiles:8/210/128:landuse:139252410:15","properties":{"class":"residential","kind":"green","verification":"verified","source":"OpenMapTiles/OpenStreetMap national PMTiles","sourceId":"8/210/128:landuse:139252410:15","sourceLayer":"landuse","archive":"https://its.hanifahseptiani45.workers.dev/v1/map/archive/indonesia.pmtiles","updatedAt":"2026-07-26T09:35:32.897Z"},"geometry":{"type":"Polygon","coordinates":[[[115.7680892944336,-0.7051671334034637],[115.77014923095703,-0.706197023545343],[115.76774597167969,-0.7137495442587181],[115.77014923095703,-0.7168392082560615],[115.7632827758789,-0.7171825041272513],[115.76225280761719,-0.7130629519771219],[115.7680892944336,-0.7051671334034637]]]}},{"type":"Feature","id":"pmtiles:8/210/128:transportation_name:3598693050:1","properties":{"name":"Jalan Trans Kalimantan","name_int":"Jalan Trans Kalimantan","class":"trunk","name:latin":"Jalan Trans Kalimantan","name_de":"Jalan Trans Kalimantan","name_en":"Jalan Trans Kalimantan","highway":"trunk","kind":"road","verification":"verified","source":"OpenMapTiles/OpenStreetMap national PMTiles","sourceId":"8/210/128:transportation_name:3598693050:1","sourceLayer":"transportation_name","archive":"https://its.hanifahseptiani45.workers.dev/v1/map/archive/indonesia.pmtiles","updatedAt":"2026-07-26T09:35:32.900Z"},"geometry":{"type":"LineString","coordinates":[[115.77701568603516,-0.5115441071946805],[115.77495574951172,-0.5142905791708188],[115.77392578125,-0.5204701367867557],[115.7790756225586,-0.5269929965893283],[115.77838897705078,-0.5287095375108208],[115.7797622680664,-0.5314560019974977],[115.77873229980469,-0.5345457730850143],[115.7797622680664,-0.5383221578577064],[115.78113555908203,-0.5396953881051871],[115.78113555908203,-0.5420985402917893],[115.7790756225586,-0.5441583842642501],[115.77838897705078,-0.5523977530941693],[115.77632904052734,-0.5602938041720762],[115.77495574951172,-0.560637110500366],[115.77323913574219,-0.5630402542341244],[115.77392578125,-0.5657867030024306],[115.77289581298828,-0.5688764563124806],[115.76911926269531,-0.5709362909339575],[115.76911926269531,-0.5743693469952547],[115.76362609863281,-0.5753992634120948],[115.76225280761719,-0.580205537560218],[115.76396942138672,-0.583295283072971],[115.7632827758789,-0.5867283316528074],[115.77014923095703,-0.5922212049938764],[115.76980590820312,-0.5946243353719325],[115.76705932617188,-0.5970274647039133],[115.76534271240234,-0.6021770240159583],[115.7574462890625,-0.6045801500327315],[115.75023651123047,-0.6104163087798611],[115.74954986572266,-0.6145359464386786],[115.74405670166016,-0.6207153969631207],[115.74440002441406,-0.6238051195221885],[115.74302673339844,-0.6262082358143886],[115.74508666992188,-0.6313577670112096],[115.75126647949219,-0.6354773882985683],[115.75469970703125,-0.6358206899245005],[115.75607299804688,-0.6371938961998751],[115.7577896118164,-0.6368505946653187],[115.762939453125,-0.6430300187771394],[115.76946258544922,-0.6464630289451065],[115.77255249023438,-0.6505826380819286],[115.77186584472656,-0.6516125398414232],[115.76705932617188,-0.653672342728413],[115.76534271240234,-0.659508446311392],[115.76671600341797,-0.6612249460656301],[115.76705932617188,-0.6715239320739528],[115.77186584472656,-0.6746136236604485],[115.77289581298828,-0.6780466120108031],[115.77083587646484,-0.698987787778961],[115.76946258544922,-0.7003609764007166],[115.77186584472656,-0.7044805398489302],[115.77186584472656,-0.7106598781857514],[115.77083587646484,-0.7130629519771219],[115.77255249023438,-0.7192422788132689],[115.77152252197266,-0.7233618253938374],[115.7735824584961,-0.7257648925068736],[115.77735900878906,-0.7278246633020302],[115.7794189453125,-0.7316009073147285],[115.77804565429688,-0.7370936202008522],[115.77804565429688,-0.755974768765654],[115.77735900878906,-0.7587211108570671],[115.77804565429688,-0.7604375737793276],[115.77632904052734,-0.7628406207235372],[115.77323913574219,-0.7631839130346805],[115.77255249023438,-0.7655869584448709],[115.77392578125,-0.7673034186278329],[115.77461242675781,-0.7751991265755009],[115.77598571777344,-0.7776021652095011],[115.77838897705078,-0.779318620539371],[115.77873229980469,-0.7844679823261203],[115.77770233154297,-0.7858411444007771],[115.7790756225586,-0.787214306024012],[115.77804565429688,-0.7899606279131746],[115.78044891357422,-0.7947666868479075],[115.7790756225586,-0.7988861614850009],[115.7797622680664,-0.8060952321492607],[115.77804565429688,-0.8112445605310512],[115.78044891357422,-0.8211999101179401],[115.78182220458984,-0.8222297724583285],[115.78285217285156,-0.8253193578841262],[115.784912109375,-0.8253193578841262],[115.79143524169922,-0.828752227764312],[115.79727172851562,-0.8301253748840054],[115.79967498779297,-0.832185094669228],[115.80482482910156,-0.8332149541586915],[115.80894470214844,-0.8328716676921033],[115.82199096679688,-0.8342448133789304],[115.82096099853516,-0.8380209615445153],[115.8175277709961,-0.8387075335476339],[115.81615447998047,-0.8442001052284525],[115.81443786621094,-0.8452299615563703],[115.81924438476562,-0.8678867310885323],[115.8182144165039,-0.8723494122302071],[115.81581115722656,-0.87440910943522],[115.8182144165039,-0.8788717828324195],[115.82061767578125,-0.8809314764497174],[115.81958770751953,-0.8864239871892465],[115.82405090332031,-0.8932896141517261],[115.8237075805664,-0.8953492997435717],[115.82233428955078,-0.8960358613505264],[115.8237075805664,-0.8991253869880751],[115.82199096679688,-0.9025581901851893],[115.82405090332031,-0.9118267425980946],[115.82027435302734,-0.9173192068570728],[115.8175277709961,-0.9176624855938655],[115.81615447998047,-0.9193788787834478],[115.81443786621094,-0.9269309989943793],[115.81512451171875,-0.9286473877099866],[115.8123779296875,-0.9289906653531546],[115.80551147460938,-0.9320801626393376],[115.8017349243164,-0.9307070530684456],[115.80070495605469,-0.9310503305113258],[115.79658508300781,-0.9368860419162672],[115.78800201416016,-0.9447814006873898],[115.78559875488281,-0.9492439868485292],[115.78422546386719,-0.9581691418668328],[115.78285217285156,-0.9591989659537035],[115.7845687866211,-0.9643480817328225],[115.7794189453125,-0.9657211779601198],[115.77770233154297,-0.9691539160998843],[115.77529907226562,-0.9705270103823409],[115.7735824584961,-0.9701837368639445],[115.76980590820312,-0.9725866507605332],[115.76671600341797,-0.9725866507605332],[115.76465606689453,-0.9749895629463055],[115.75916290283203,-0.9770492005978184],[115.75881958007812,-0.9791088369866401],[115.74954986572266,-0.9832281059656083],[115.7464599609375,-0.9890637283135533],[115.74371337890625,-0.9914666286542513],[115.74337005615234,-1.0003916717602124],[115.7461166381836,-1.0017647531656593],[115.74920654296875,-1.0048541842229781],[115.7577896118164,-1.0093166905895288],[115.76190948486328,-1.0103464988824555],[115.7632827758789,-1.0165253417734164],[115.76156616210938,-1.0172118791439004],[115.75813293457031,-1.021674368487382],[115.7571029663086,-1.025107048381443],[115.75263977050781,-1.0305993285526256],[115.74748992919922,-1.0350617992202586],[115.7468032836914,-1.0412405943877303],[115.7516098022461,-1.0566875291660978],[115.74851989746094,-1.0587471146907461],[115.73890686035156,-1.0608066988471734],[115.73272705078125,-1.060120170947215],[115.72860717773438,-1.064925863044735],[115.72826385498047,-1.0673287062858776],[115.7303237915039,-1.0711045990129264],[115.72929382324219,-1.073507437417959],[115.72654724121094,-1.0748804870876114],[115.7244873046875,-1.0741939623299004],[115.72174072265625,-1.077626584574034],[115.72036743164062,-1.076940060434282],[115.71727752685547,-1.077626584574034],[115.7138442993164,-1.0796861560644828],[115.71453094482422,-1.0844918174448992],[115.71281433105469,-1.0865513842741166],[115.71212768554688,-1.0896407318843728],[115.7131576538086,-1.0923868159895278],[115.71212768554688,-1.0937598571013893],[115.70938110351562,-1.0920435556135004],[115.70732116699219,-1.0923868159895278],[115.70697784423828,-1.0947896375230641],[115.70423126220703,-1.0965059374397157],[115.70423126220703,-1.0985654960406492],[115.69839477539062,-1.1040576453620758],[115.69393157958984,-1.1054306811091266],[115.69290161132812,-1.1064604575028056],[115.69221496582031,-1.1098930428982072],[115.68843841552734,-1.111952592223858],[115.68672180175781,-1.1143553979541139],[115.68363189697266,-1.1164149441630116],[115.68294525146484,-1.1184744889292233],[115.67916870117188,-1.1181312315684977],[115.66852569580078,-1.113325624309482],[115.66715240478516,-1.1140121401125498],[115.6644058227539,-1.1201907751304105],[115.6582260131836,-1.1225935741228596],[115.65616607666016,-1.1249963711407673],[115.65032958984375,-1.1263693971200013],[115.64655303955078,-1.1243098579088269],[115.64002990722656,-1.1263693971200013],[115.6362533569336,-1.1243098579088269],[115.63179016113281,-1.1256828842112014],[115.62801361083984,-1.1301452152248288],[115.62320709228516,-1.1318614945598426],[115.62149047851562,-1.1373535815985463],[115.61256408691406,-1.1376968366919584],[115.60981750488281,-1.1366670712892386],[115.60466766357422,-1.1370103264642921],[115.60226440429688,-1.1380400917445428],[115.60295104980469,-1.1298019592360617],[115.60089111328125,-1.1263693971200013],[115.60020446777344,-1.1229368309606969],[115.59814453125,-1.120877289329485],[115.59951782226562,-1.1184744889292233],[115.59883117675781,-1.1146986557556602],[115.60192108154297,-1.113325624309482],[115.6036376953125,-1.1109228177404873],[115.60295104980469,-1.1102363012188192],[115.6039810180664,-1.1085200092174432],[115.6032943725586,-1.106803716221279],[115.60466766357422,-1.105087422231847],[115.6036376953125,-1.1019980905527973],[115.60157775878906,-1.10131157196642],[115.60157775878906,-1.0999385343194064],[115.6032943725586,-1.0985654960406492],[115.60192108154297,-1.0954761576077203],[115.59814453125,-1.093073336623931],[115.59677124023438,-1.0879244280470317],[115.59402465820312,-1.0844918174448992],[115.59196472167969,-1.0834620335045742],[115.58784484863281,-1.08380529485693],[115.58509826660156,-1.0803726795847126],[115.58303833007812,-1.0803726795847126],[115.58235168457031,-1.0820889877063564],[115.5765151977539,-1.0803726795847126],[115.57548522949219,-1.078313108559044],[115.57376861572266,-1.0789996323892268],[115.56793212890625,-1.0728209123518724],[115.5655288696289,-1.0721343871317544],[115.56106567382812,-1.0659556532348375],[115.55728912353516,-1.064239336060183]]}}]}