{"type":"FeatureCollection","features":[{"type":"Feature","id":"pmtiles:10/874/515:landcover:12851757172:0","properties":{"subclass":"orchard","class":"farmland","kind":"green","verification":"verified","source":"OpenMapTiles/OpenStreetMap national PMTiles","sourceId":"10/874/515:landcover:12851757172:0","sourceLayer":"landcover","archive":"https://its.hanifahseptiani45.workers.dev/v1/map/archive/indonesia.pmtiles","updatedAt":"2026-07-26T09:42:10.431Z"},"geometry":{"type":"Polygon","coordinates":[[[127.6226806640625,-1.3530808476595837],[127.62242317199707,-1.3529950409024565],[127.62207984924316,-1.357027955203364],[127.61984825134277,-1.3582292475259692],[127.62079238891602,-1.3593447327193786],[127.62019157409668,-1.360202797902133],[127.61847496032715,-1.360202797902133],[127.61795997619629,-1.3596021523062234],[127.61821746826172,-1.355311822279063],[127.6171875,-1.3542821419406437],[127.61787414550781,-1.3529092341422881],[127.62053489685059,-1.3520511663737267],[127.6226806640625,-1.3497343818841898],[127.6226806640625,-1.3530808476595837]]]}},{"type":"Feature","id":"pmtiles:10/875/515:landcover:78058273:0","properties":{"subclass":"wetland","class":"wetland","kind":"green","verification":"verified","source":"OpenMapTiles/OpenStreetMap national PMTiles","sourceId":"10/875/515:landcover:78058273:0","sourceLayer":"landcover","archive":"https://its.hanifahseptiani45.workers.dev/v1/map/archive/indonesia.pmtiles","updatedAt":"2026-07-26T09:42:10.498Z"},"geometry":{"type":"Polygon","coordinates":[[[127.66834259033203,-1.3325729468156737],[127.67263412475586,-1.3317148719106484],[127.67452239990234,-1.332229716889529],[127.67735481262207,-1.336520087525514],[127.6790714263916,-1.3372065461323217],[127.68078804016113,-1.3394375352780656],[127.68138885498047,-1.3415827152334856],[127.6801872253418,-1.343470472038419],[127.68104553222656,-1.3448433851623207],[127.68250465393066,-1.3457014554726072],[127.68301963806152,-1.3469885603719831],[127.68404960632324,-1.3467311394464758],[127.6842212677002,-1.3448433851623207],[127.68525123596191,-1.3452724203551867],[127.68516540527344,-1.3461304905145681],[127.68662452697754,-1.3476750160403554],[127.68791198730469,-1.347331788230349],[127.68962860107422,-1.3481898576646643],[127.69022941589355,-1.3474175951873804],[127.69108772277832,-1.3477608229852933],[127.69022941589355,-1.349219540586617],[127.69186019897461,-1.3507640641522727],[127.69083023071289,-1.3512789051226974],[127.69091606140137,-1.3525660070712746],[127.69237518310547,-1.352651813843579],[127.69237518310547,-1.351364711940505],[127.69340515136719,-1.3496485750088283],[127.69434928894043,-1.3498201887565244],[127.69477844238281,-1.350849870988256],[127.69572257995605,-1.3512789051226974],[127.69598007202148,-1.3498201887565244],[127.6966667175293,-1.349562768130454],[127.69786834716797,-1.3516221323757094],[127.69906997680664,-1.3523085867361573],[127.69881248474121,-1.3529950409024565],[127.69941329956055,-1.3532524611647432],[127.69804000854492,-1.3560840822455873],[127.6970100402832,-1.3555692422952745],[127.69675254821777,-1.3537673016073626],[127.69598007202148,-1.3535098813997166],[127.69572257995605,-1.3527376206128565],[127.69340515136719,-1.3525660070712746],[127.69186019897461,-1.3541105285083717],[127.6911735534668,-1.3541105285083717],[127.68902778625488,-1.3523943935175566],[127.68911361694336,-1.3509356778212123],[127.68834114074707,-1.3506782573132625],[127.6882553100586,-1.3500776093553526],[127.68885612487793,-1.3491337336931082],[127.68705368041992,-1.3496485750088283],[127.68559455871582,-1.348275664591469],[127.68533706665039,-1.3472459812702908],[127.68473625183105,-1.3472459812702908],[127.68507957458496,-1.3481040507348467],[127.6845645904541,-1.349219540586617],[127.68207550048828,-1.3469027533998315],[127.68061637878418,-1.3474175951873804],[127.67881393432617,-1.3469885603719831],[127.67847061157227,-1.342869822304067],[127.67692565917969,-1.3410678722156035],[127.6761531829834,-1.337292353444667],[127.67400741577148,-1.333087791615199],[127.67091751098633,-1.332744561760805],[127.66945838928223,-1.333259406524462],[127.66834259033203,-1.3325729468156737]]]}},{"type":"Feature","id":"pmtiles:10/875/515:landcover:176186473:0","properties":{"subclass":"orchard","class":"farmland","kind":"green","verification":"verified","source":"OpenMapTiles/OpenStreetMap national PMTiles","sourceId":"10/875/515:landcover:176186473:0","sourceLayer":"landcover","archive":"https://its.hanifahseptiani45.workers.dev/v1/map/archive/indonesia.pmtiles","updatedAt":"2026-07-26T09:42:10.498Z"},"geometry":{"type":"Polygon","coordinates":[[[127.64602661132812,-1.3397807641971866],[127.64739990234375,-1.3404672218912168],[127.64697074890137,-1.3411536793927752],[127.6498031616211,-1.3422691724221067],[127.65057563781738,-1.343213050741781],[127.65074729919434,-1.3441569286968615],[127.64894485473633,-1.3466453324652576],[127.65023231506348,-1.3481898576646643],[127.65091896057129,-1.3481040507348467],[127.65091896057129,-1.3487046991801037],[127.64954566955566,-1.348876312994392],[127.65254974365234,-1.3511072914780158],[127.65117645263672,-1.3522227799517168],[127.65100479125977,-1.353166654413684],[127.65177726745605,-1.3537673016073626],[127.65349388122559,-1.3534240746577666],[127.65443801879883,-1.3546253687687368],[127.65066146850586,-1.3556550489612533],[127.64894485473633,-1.3581434409512951],[127.6486873626709,-1.3573711816421508],[127.64808654785156,-1.3578002146221309],[127.64774322509766,-1.3574569882442376],[127.64825820922852,-1.3562556955380103],[127.64954566955566,-1.3560840822455873],[127.64928817749023,-1.3536814948745075],[127.6486873626709,-1.352823427379093],[127.64911651611328,-1.3521369731642494],[127.64765739440918,-1.3521369731642494],[127.64688491821289,-1.350849870988256],[127.64774322509766,-1.349905995625818],[127.64765739440918,-1.348275664591469],[127.64671325683594,-1.3481040507348467],[127.64697074890137,-1.3457872624870504],[127.64645576477051,-1.344500156953714],[127.6449966430664,-1.3449291922069335],[127.64688491821289,-1.3419259438518765],[127.64602661132812,-1.3397807641971866]]]}},{"type":"Feature","id":"pmtiles:10/875/515:landcover:176186483:0","properties":{"subclass":"orchard","class":"farmland","kind":"green","verification":"verified","source":"OpenMapTiles/OpenStreetMap national PMTiles","sourceId":"10/875/515:landcover:176186483:0","sourceLayer":"landcover","archive":"https://its.hanifahseptiani45.workers.dev/v1/map/archive/indonesia.pmtiles","updatedAt":"2026-07-26T09:42:10.498Z"},"geometry":{"type":"Polygon","coordinates":[[[127.65151977539062,-1.332229716889529],[127.65177726745605,-1.335490399255562],[127.65203475952148,-1.3360910507988137],[127.65340805053711,-1.3366058948618615],[127.6530647277832,-1.3384936555025462],[127.6527214050293,-1.338922691809202],[127.65194892883301,-1.3385794627698857],[127.650146484375,-1.340209800278501],[127.64945983886719,-1.3395233425123507],[127.64911651611328,-1.3399523786387277],[127.64954566955566,-1.3406388362846542],[127.64842987060547,-1.3403814146899862],[127.64748573303223,-1.3399523786387277],[127.64697074890137,-1.338751077295555],[127.64602661132812,-1.339094306310841],[127.64516830444336,-1.3359194360871527],[127.64559745788574,-1.3326587542897386],[127.64533996582031,-1.3321439094005143],[127.64473915100098,-1.332401331858577],[127.6443099975586,-1.3316290644037139],[127.64473915100098,-1.33111421929938],[127.64800071716309,-1.3321439094005143],[127.64782905578613,-1.332744561760805],[127.6486873626709,-1.3334310214217453],[127.64937400817871,-1.3334310214217453],[127.6504898071289,-1.331543256893795],[127.65143394470215,-1.3317148719106484],[127.65151977539062,-1.332229716889529]]]}},{"type":"Feature","id":"pmtiles:10/875/515:landcover:12838795672:0","properties":{"subclass":"wetland","class":"wetland","kind":"green","verification":"verified","source":"OpenMapTiles/OpenStreetMap national PMTiles","sourceId":"10/875/515:landcover:12838795672:0","sourceLayer":"landcover","archive":"https://its.hanifahseptiani45.workers.dev/v1/map/archive/indonesia.pmtiles","updatedAt":"2026-07-26T09:42:10.498Z"},"geometry":{"type":"Polygon","coordinates":[[[127.76876449584961,-1.3639782810787011],[127.77030944824219,-1.3638066683354282],[127.77236938476562,-1.3658660204466457],[127.77365684509277,-1.3661234393365191],[127.77460098266602,-1.367753758331645],[127.77511596679688,-1.3705853623741007],[127.77992248535156,-1.372473096542734],[127.77957916259766,-1.3759053366666052],[127.77691841125488,-1.3794233776683882],[127.77751922607422,-1.3796807950985936],[127.77854919433594,-1.3792517660327661],[127.78120994567871,-1.376591784099162],[127.78181076049805,-1.3777072607555283],[127.77975082397461,-1.3789943485561622],[127.77786254882812,-1.381482716329856],[127.77666091918945,-1.3807962703075702],[127.77623176574707,-1.3813111048428794],[127.77417182922363,-1.3810536875891586],[127.77219772338867,-1.3797666009024852],[127.77288436889648,-1.377878872502464],[127.77400016784668,-1.3781362900997038],[127.77442932128906,-1.3776214548774277],[127.77520179748535,-1.3787369310516908],[127.77571678161621,-1.3786511252106806],[127.77837753295898,-1.3768492018354408],[127.77897834777832,-1.3754763069209304],[127.77820587158203,-1.3753046950010628],[127.77897834777832,-1.3735027690976978],[127.77597427368164,-1.3722156783347117],[127.77520179748535,-1.372558902605931],[127.77468681335449,-1.3716150357415984],[127.77331352233887,-1.371357617441248],[127.77374267578125,-1.3705853623741007],[127.77305603027344,-1.3684402081035785],[127.77202606201172,-1.3689550453035793],[127.77185440063477,-1.3678395645638801],[127.77073860168457,-1.367324727124469],[127.76876449584961,-1.3639782810787011]]]}},{"type":"Feature","id":"pmtiles:10/875/515:landcover:12838866552:0","properties":{"subclass":"orchard","class":"farmland","kind":"green","verification":"verified","source":"OpenMapTiles/OpenStreetMap national PMTiles","sourceId":"10/875/515:landcover:12838866552:0","sourceLayer":"landcover","archive":"https://its.hanifahseptiani45.workers.dev/v1/map/archive/indonesia.pmtiles","updatedAt":"2026-07-26T09:42:10.498Z"},"geometry":{"type":"Polygon","coordinates":[[[127.7490234375,-1.3786511252106806],[127.7446460723877,-1.3807962703075702],[127.74361610412598,-1.3825981906930167],[127.74335861206055,-1.3862020273589053],[127.74164199829102,-1.3858588050553777],[127.74172782897949,-1.386802666270313],[127.74026870727539,-1.387231693970847],[127.73966789245605,-1.3880039436357663],[127.74018287658691,-1.3901490802701346],[127.73863792419434,-1.3900632748421629],[127.73786544799805,-1.3885187766055935],[127.74001121520996,-1.3840568871462153],[127.73889541625977,-1.382683996391549],[127.73906707763672,-1.378822736889603],[127.73872375488281,-1.3776214548774277],[127.7365779876709,-1.3782220959592593],[127.73537635803223,-1.3776214548774277],[127.74378776550293,-1.3547969821645438],[127.74533271789551,-1.3541105285083717],[127.74979591369629,-1.3568563419656954],[127.7486801147461,-1.3576286014392736],[127.74807929992676,-1.3572853750370228],[127.74782180786133,-1.3582292475259692],[127.74893760681152,-1.358744086910022],[127.74730682373047,-1.3596021523062234],[127.74876594543457,-1.360202797902133],[127.74919509887695,-1.3593447327193786],[127.7501392364502,-1.3598595718656412],[127.7486801147461,-1.36277699161883],[127.75142669677734,-1.3656944078380917],[127.74962425231934,-1.3692124638621408],[127.7490234375,-1.3786511252106806]]]}},{"type":"Feature","id":"pmtiles:10/875/515:landcover:12838892952:0","properties":{"subclass":"orchard","class":"farmland","kind":"green","verification":"verified","source":"OpenMapTiles/OpenStreetMap national PMTiles","sourceId":"10/875/515:landcover:12838892952:0","sourceLayer":"landcover","archive":"https://its.hanifahseptiani45.workers.dev/v1/map/archive/indonesia.pmtiles","updatedAt":"2026-07-26T09:42:10.498Z"},"geometry":{"type":"Polygon","coordinates":[[[127.73880958557129,-1.3805388529981002],[127.73889541625977,-1.382683996391549],[127.73683547973633,-1.3831988305176424],[127.73580551147461,-1.3813969105879096],[127.73426055908203,-1.3809678818317224],[127.73280143737793,-1.3823407735787896],[127.72833824157715,-1.3807962703075702],[127.7255916595459,-1.3831988305176424],[127.72361755371094,-1.380624658771012],[127.72507667541504,-1.3795091834815452],[127.72705078125,-1.3789943485561622],[127.72747993469238,-1.3777072607555283],[127.7281665802002,-1.3752188890365034],[127.72679328918457,-1.3751330830688602],[127.72876739501953,-1.3668956958406255],[127.7296257019043,-1.3654369889022746],[127.72971153259277,-1.3637208619591945],[127.73048400878906,-1.3624337659487793],[127.73134231567383,-1.3628627980286865],[127.73795127868652,-1.3539389150639352],[127.73992538452148,-1.3520511663737267],[127.74430274963379,-1.3535098813997166],[127.73537635803223,-1.3776214548774277],[127.7365779876709,-1.3782220959592593],[127.73632049560547,-1.3801098240870573],[127.73760795593262,-1.3807104645408401],[127.73880958557129,-1.3805388529981002]]]}},{"type":"Feature","id":"pmtiles:10/875/515:landcover:12840968982:0","properties":{"subclass":"orchard","class":"farmland","kind":"green","verification":"verified","source":"OpenMapTiles/OpenStreetMap national PMTiles","sourceId":"10/875/515:landcover:12840968982:0","sourceLayer":"landcover","archive":"https://its.hanifahseptiani45.workers.dev/v1/map/archive/indonesia.pmtiles","updatedAt":"2026-07-26T09:42:10.499Z"},"geometry":{"type":"Polygon","coordinates":[[[127.73280143737793,-1.360889249828631],[127.73056983947754,-1.3596879588290847],[127.72945404052734,-1.3603744109020681],[127.72730827331543,-1.3592589261843244],[127.72679328918457,-1.3599453783793223],[127.72636413574219,-1.359516345780321],[127.72567749023438,-1.3599453783793223],[127.7255916595459,-1.3590873131050785],[127.7241325378418,-1.3576286014392736],[127.72524833679199,-1.357027955203364],[127.72439002990723,-1.3555692422952745],[127.72730827331543,-1.3540247217876669],[127.72730827331543,-1.3529950409024565],[127.7244758605957,-1.351879552783629],[127.72387504577637,-1.3502492230727512],[127.72550582885742,-1.3489621198969814],[127.72636413574219,-1.3456156484551656],[127.72893905639648,-1.3465595254810268],[127.72936820983887,-1.3452724203551867],[127.73031234741211,-1.3451008062870926],[127.73194313049316,-1.3463879115035127],[127.73134231567383,-1.3472459812702908],[127.73202896118164,-1.3477608229852933],[127.73280143737793,-1.3475892090923907],[127.73357391357422,-1.348533085353722],[127.73151397705078,-1.3498201887565244],[127.73005485534668,-1.349219540586617],[127.7299690246582,-1.349905995625818],[127.73134231567383,-1.3514505187552714],[127.73323059082031,-1.3499918024920987],[127.73520469665527,-1.3511072914780158],[127.73537635803223,-1.351879552783629],[127.73632049560547,-1.3520511663737267],[127.73649215698242,-1.3514505187552714],[127.73752212524414,-1.3523943935175566],[127.73795127868652,-1.3519653595801913],[127.73820877075195,-1.3523085867361573],[127.73786544799805,-1.3529092341422881],[127.73829460144043,-1.3537673016073626],[127.73280143737793,-1.360889249828631]]]}},{"type":"Feature","id":"pmtiles:10/875/515:landcover:12840969122:0","properties":{"subclass":"orchard","class":"farmland","kind":"green","verification":"verified","source":"OpenMapTiles/OpenStreetMap national PMTiles","sourceId":"10/875/515:landcover:12840969122:0","sourceLayer":"landcover","archive":"https://its.hanifahseptiani45.workers.dev/v1/map/archive/indonesia.pmtiles","updatedAt":"2026-07-26T09:42:10.499Z"},"geometry":{"type":"Polygon","coordinates":[[[127.7047348022461,-1.3510214846511275],[127.7047348022461,-1.3501634162155653],[127.70550727844238,-1.3505924504712112],[127.70593643188477,-1.3522227799517168],[127.70679473876953,-1.3516221323757094],[127.7065372467041,-1.3504208367780421],[127.70524978637695,-1.349219540586617],[127.70430564880371,-1.3472459812702908],[127.70688056945801,-1.3459588765068418],[127.70679473876953,-1.3452724203551867],[127.70602226257324,-1.3438995074725568],[127.70404815673828,-1.3446717710640428],[127.70344734191895,-1.3439853145503378],[127.70353317260742,-1.3420117509989353],[127.70524978637695,-1.3408962578522505],[127.70593643188477,-1.3395233425123507],[127.70602226257324,-1.3377213899614446],[127.7102279663086,-1.3397807641971866],[127.70928382873535,-1.3406388362846542],[127.71048545837402,-1.3416685223925953],[127.70979881286621,-1.342869822304067],[127.70979881286621,-1.345186613322653],[127.7102279663086,-1.3458730694984524],[127.71108627319336,-1.3456156484551656],[127.7109146118164,-1.3446717710640428],[127.71254539489746,-1.3420975581429957],[127.71503448486328,-1.344071121625106],[127.71443367004395,-1.3449291922069335],[127.71580696105957,-1.3458730694984524],[127.71134376525879,-1.3480182438020023],[127.7105712890625,-1.3494769612490387],[127.71134376525879,-1.3499918024920987],[127.7120304107666,-1.3487046991801037],[127.7149486541748,-1.3470743673411079],[127.7157211303711,-1.3470743673411079],[127.71580696105957,-1.3478466299272185],[127.71426200866699,-1.3497343818841898],[127.71443367004395,-1.350506643626133],[127.7157211303711,-1.3510214846511275],[127.71589279174805,-1.3517079391813667],[127.71649360656738,-1.3517937459840255],[127.71743774414062,-1.3505924504712112],[127.71821022033691,-1.3509356778212123],[127.71838188171387,-1.3498201887565244],[127.7189826965332,-1.3494769612490387],[127.72027015686035,-1.3498201887565244],[127.7186393737793,-1.353166654413684],[127.71984100341797,-1.3542821419406437],[127.71846771240234,-1.3569421485860573],[127.7189826965332,-1.3575427948432832],[127.7200984954834,-1.3569421485860573],[127.72061347961426,-1.355826662284116],[127.72250175476074,-1.3557408556242052],[127.72310256958008,-1.358744086910022],[127.72293090820312,-1.3594305392513633],[127.72215843200684,-1.3596021523062234],[127.72233009338379,-1.360889249828631],[127.72516250610352,-1.360889249828631],[127.72490501403809,-1.3614898951040715],[127.7241325378418,-1.361318282183504],[127.72481918334961,-1.362262153095429],[127.72456169128418,-1.3632918300321677],[127.72507667541504,-1.3635492491975754],[127.72636413574219,-1.363034410839262],[127.7281665802002,-1.3650937636116112],[127.72825241088867,-1.3665524707583359],[127.72876739501953,-1.3668956958406255],[127.72722244262695,-1.3735027690976978],[127.72610664367676,-1.3729879328756596],[127.72507667541504,-1.373588575123918],[127.72524833679199,-1.376334366335115],[127.7241325378418,-1.3770208136441653],[127.72138595581055,-1.3759911426064804],[127.72130012512207,-1.3740176052088202],[127.7200984954834,-1.3747040531843595],[127.71984100341797,-1.3777930666305451],[127.71889686584473,-1.377878872502464],[127.7186393737793,-1.3749614711243083],[127.7171802520752,-1.374275023222765],[127.7146053314209,-1.376334366335115],[127.71288871765137,-1.3757337247776036],[127.71005630493164,-1.373845993184105],[127.70902633666992,-1.3721298722592223],[127.71211624145508,-1.3654369889022746],[127.7134895324707,-1.365351182584206],[127.7109146118164,-1.362948604435502],[127.71031379699707,-1.361661508012432],[127.71100044250488,-1.3601169913975752],[127.70954132080078,-1.358486667231702],[127.70971298217773,-1.3552260156009055],[127.70773887634277,-1.3542821419406437],[127.70688056945801,-1.3555692422952745],[127.70567893981934,-1.3560840822455873],[127.70207405090332,-1.3530808476595837],[127.70318984985352,-1.3529092341422881],[127.70318984985352,-1.3523943935175566],[127.7047348022461,-1.3510214846511275]]]}},{"type":"Feature","id":"pmtiles:10/875/515:landcover:12840969122:1","properties":{"subclass":"orchard","class":"farmland","kind":"green","verification":"verified","source":"OpenMapTiles/OpenStreetMap national PMTiles","sourceId":"10/875/515:landcover:12840969122:1","sourceLayer":"landcover","archive":"https://its.hanifahseptiani45.workers.dev/v1/map/archive/indonesia.pmtiles","updatedAt":"2026-07-26T09:42:10.499Z"},"geometry":{"type":"Polygon","coordinates":[[[127.7036190032959,-1.3496485750088283],[127.7047348022461,-1.3501634162155653],[127.7036190032959,-1.3502492230727512],[127.7036190032959,-1.3496485750088283]]]}},{"type":"Feature","id":"pmtiles:10/875/515:landcover:12840969352:0","properties":{"subclass":"orchard","class":"farmland","kind":"green","verification":"verified","source":"OpenMapTiles/OpenStreetMap national PMTiles","sourceId":"10/875/515:landcover:12840969352:0","sourceLayer":"landcover","archive":"https://its.hanifahseptiani45.workers.dev/v1/map/archive/indonesia.pmtiles","updatedAt":"2026-07-26T09:42:10.499Z"},"geometry":{"type":"Polygon","coordinates":[[[127.7079963684082,-1.369469882393048],[127.70696640014648,-1.3698131070579223],[127.70688056945801,-1.3686118205158522],[127.70516395568848,-1.368783432915862],[127.70490646362305,-1.370671168504984],[127.70567893981934,-1.3723872904764676],[127.70267486572266,-1.3740176052088202],[127.70018577575684,-1.371872454014266],[127.6952075958252,-1.373159544961993],[127.69537925720215,-1.3723014844071315],[127.69623756408691,-1.3715292296445512],[127.69598007202148,-1.370671168504984],[127.69392013549805,-1.3676679520963546],[127.69246101379395,-1.3664666644801144],[127.69125938415527,-1.366638277033502],[127.69100189208984,-1.3676679520963546],[127.69203186035156,-1.368354401892816],[127.69177436828613,-1.3690408514928265],[127.69271850585938,-1.3704137501031255],[127.69203186035156,-1.3723014844071315],[127.69014358520508,-1.3720440661806492],[127.68902778625488,-1.3733311570360058],[127.68816947937012,-1.3729879328756596],[127.68799781799316,-1.3723014844071315],[127.68473625183105,-1.3719582600989924],[127.68301963806152,-1.370671168504984],[127.68241882324219,-1.3692982700421794],[127.68113136291504,-1.3689550453035793],[127.68044471740723,-1.3682685956789982],[127.6834487915039,-1.3563415021796743],[127.68310546875,-1.3549685955482147],[127.68353462219238,-1.3533382679127754],[127.68130302429199,-1.351879552783629],[127.68190383911133,-1.350849870988256],[127.68104553222656,-1.3472459812702908],[127.68241882324219,-1.3469885603719831],[127.6845645904541,-1.349219540586617],[127.68507957458496,-1.3481040507348467],[127.68473625183105,-1.3472459812702908],[127.68533706665039,-1.3472459812702908],[127.68559455871582,-1.348275664591469],[127.68705368041992,-1.3496485750088283],[127.68705368041992,-1.351364711940505],[127.68877029418945,-1.3517079391813667],[127.68945693969727,-1.3529950409024565],[127.6911735534668,-1.3541105285083717],[127.69237518310547,-1.3542821419406437],[127.69331932067871,-1.3562556955380103],[127.6955509185791,-1.355826662284116],[127.69503593444824,-1.3547969821645438],[127.69598007202148,-1.3535098813997166],[127.69675254821777,-1.3537673016073626],[127.6970100402832,-1.3555692422952745],[127.69804000854492,-1.3560840822455873],[127.69915580749512,-1.3537673016073626],[127.7007007598877,-1.354367948652225],[127.70207405090332,-1.3530808476595837],[127.70567893981934,-1.3560840822455873],[127.70705223083496,-1.3578860212089836],[127.70722389221191,-1.3608034433485017],[127.70928382873535,-1.3626053787899224],[127.70936965942383,-1.3632918300321677],[127.70748138427734,-1.3652653762630678],[127.7079963684082,-1.369469882393048]]]}},{"type":"Feature","id":"pmtiles:10/875/515:landcover:12840969422:0","properties":{"subclass":"orchard","class":"farmland","kind":"green","verification":"verified","source":"OpenMapTiles/OpenStreetMap national PMTiles","sourceId":"10/875/515:landcover:12840969422:0","sourceLayer":"landcover","archive":"https://its.hanifahseptiani45.workers.dev/v1/map/archive/indonesia.pmtiles","updatedAt":"2026-07-26T09:42:10.499Z"},"geometry":{"type":"Polygon","coordinates":[[[127.67744064331055,-1.3416685223925953],[127.67847061157227,-1.342869822304067],[127.67881393432617,-1.3469885603719831],[127.68104553222656,-1.3472459812702908],[127.68027305603027,-1.3512789051226974],[127.68241882324219,-1.3527376206128565],[127.68173217773438,-1.3541105285083717],[127.68267631530762,-1.3555692422952745],[127.68224716186523,-1.3571995684288396],[127.68310546875,-1.3579718277927952],[127.68044471740723,-1.3682685956789982],[127.67692565917969,-1.3655227952172595],[127.67666816711426,-1.3638066683354282],[127.67512321472168,-1.361661508012432],[127.67529487609863,-1.360202797902133],[127.67400741577148,-1.3590015065608867],[127.67005920410156,-1.358486667231702],[127.66945838928223,-1.3556550489612533],[127.66842842102051,-1.3535956881386255],[127.66533851623535,-1.353166654413684],[127.66473770141602,-1.3524802002959433],[127.66490936279297,-1.350506643626133],[127.66688346862793,-1.3504208367780421],[127.66757011413574,-1.3487905060887613],[127.6692008972168,-1.349905995625818],[127.66868591308594,-1.3512789051226974],[127.672119140625,-1.350849870988256],[127.67460823059082,-1.353166654413684],[127.67529487609863,-1.3529092341422881],[127.67495155334473,-1.351364711940505],[127.67563819885254,-1.3507640641522727],[127.67623901367188,-1.3517079391813667],[127.67735481262207,-1.351364711940505],[127.67555236816406,-1.3481898576646643],[127.67658233642578,-1.3443285428313203],[127.67632484436035,-1.3424407866891386],[127.67744064331055,-1.3416685223925953]]]}},{"type":"Feature","id":"pmtiles:10/875/515:landcover:12850944512:0","properties":{"subclass":"orchard","class":"farmland","kind":"green","verification":"verified","source":"OpenMapTiles/OpenStreetMap national PMTiles","sourceId":"10/875/515:landcover:12850944512:0","sourceLayer":"landcover","archive":"https://its.hanifahseptiani45.workers.dev/v1/map/archive/indonesia.pmtiles","updatedAt":"2026-07-26T09:42:10.499Z"},"geometry":{"type":"Polygon","coordinates":[[[127.63778686523438,-1.395898036831099],[127.63761520385742,-1.394696763485598],[127.63864517211914,-1.3947825687449011],[127.63864517211914,-1.3921226042524921],[127.63967514038086,-1.3927232416584445],[127.64130592346191,-1.3909213289815625],[127.64096260070801,-1.3899774694110647],[127.64147758483887,-1.389376831306123],[127.64233589172363,-1.3895484422088344],[127.6431941986084,-1.3856013882951146],[127.64242172241211,-1.382683996391549],[127.6431941986084,-1.3802814356607485],[127.64448165893555,-1.3805388529981002],[127.64636993408203,-1.3822549678678513],[127.64636993408203,-1.3833704418681805],[127.64473915100098,-1.3851723602991655],[127.64473915100098,-1.3858588050553777],[127.64508247375488,-1.3865452496126522],[127.64705657958984,-1.3874891105538296],[127.64748573303223,-1.389720053099083],[127.64619827270508,-1.3898058585395177],[127.6461124420166,-1.3903206911167274],[127.64739990234375,-1.3934954895268845],[127.64654159545898,-1.3951257897508214],[127.64491081237793,-1.3953832054724273],[127.64533996582031,-1.3917793828089344],[127.64285087585449,-1.3918651881745063],[127.64096260070801,-1.394696763485598],[127.64104843139648,-1.395898036831099],[127.64182090759277,-1.3960696472589262],[127.64139175415039,-1.3967560888450095],[127.64001846313477,-1.3952115949944925],[127.63916015625,-1.395297400235009],[127.63993263244629,-1.3960696472589262],[127.63924598693848,-1.3964986732737117],[127.63855934143066,-1.395469010706691],[127.63778686523438,-1.395898036831099]]]}},{"type":"Feature","id":"pmtiles:10/875/515:landcover:12850944522:0","properties":{"subclass":"orchard","class":"farmland","kind":"green","verification":"verified","source":"OpenMapTiles/OpenStreetMap national PMTiles","sourceId":"10/875/515:landcover:12850944522:0","sourceLayer":"landcover","archive":"https://its.hanifahseptiani45.workers.dev/v1/map/archive/indonesia.pmtiles","updatedAt":"2026-07-26T09:42:10.499Z"},"geometry":{"type":"Polygon","coordinates":[[[127.6545238494873,-1.3841426927919969],[127.6545238494873,-1.3848291378464808],[127.65297889709473,-1.3867168607208669],[127.65315055847168,-1.3874033050292809],[127.6512622833252,-1.389119414928686],[127.65186309814453,-1.3902348856949942],[127.65134811401367,-1.3927232416584445],[127.64885902404785,-1.393066462964569],[127.64911651611328,-1.3899774694110647],[127.65151977539062,-1.38731749950162],[127.65109062194824,-1.3856013882951146],[127.65186309814453,-1.3848291378464808],[127.6527214050293,-1.3804530472220762],[127.6541805267334,-1.3780504842370505],[127.65538215637207,-1.3780504842370505],[127.65769958496094,-1.3789085427244174],[127.65641212463379,-1.3822549678678513],[127.6545238494873,-1.3841426927919969]]]}},{"type":"Feature","id":"pmtiles:10/875/515:landcover:12850944812:0","properties":{"subclass":"orchard","class":"farmland","kind":"green","verification":"verified","source":"OpenMapTiles/OpenStreetMap national PMTiles","sourceId":"10/875/515:landcover:12850944812:0","sourceLayer":"landcover","archive":"https://its.hanifahseptiani45.workers.dev/v1/map/archive/indonesia.pmtiles","updatedAt":"2026-07-26T09:42:10.499Z"},"geometry":{"type":"Polygon","coordinates":[[[127.64671325683594,-1.3831130248377121],[127.64834403991699,-1.3807104645408401],[127.6472282409668,-1.3803672414429684],[127.64714241027832,-1.3797666009024852],[127.6486873626709,-1.3794233776683882],[127.65040397644043,-1.3773640372245808],[127.65023231506348,-1.3767633959264458],[127.65194892883301,-1.3762485604075891],[127.64920234680176,-1.376591784099162],[127.64842987060547,-1.376334366335115],[127.64834403991699,-1.375647918828463],[127.64714241027832,-1.3755621128762385],[127.64731407165527,-1.3749614711243083],[127.64937400817871,-1.374103411216538],[127.64937400817871,-1.3750472770981332],[127.65074729919434,-1.3749614711243083],[127.6516056060791,-1.3740176052088202],[127.6516056060791,-1.3732453510005485],[127.65323638916016,-1.3735027690976978],[127.65315055847168,-1.3760769485432718],[127.6556396484375,-1.3739317991980045],[127.65632629394531,-1.3740176052088202],[127.65546798706055,-1.3760769485432718],[127.65409469604492,-1.3768492018354408],[127.65383720397949,-1.3777930666305451],[127.65212059020996,-1.3780504842370505],[127.6490306854248,-1.3807962703075702],[127.64860153198242,-1.3833704418681805],[127.64739990234375,-1.3836278588707387],[127.64671325683594,-1.3831130248377121]]]}},{"type":"Feature","id":"pmtiles:10/875/515:landcover:12851024422:0","properties":{"subclass":"orchard","class":"farmland","kind":"green","verification":"verified","source":"OpenMapTiles/OpenStreetMap national PMTiles","sourceId":"10/875/515:landcover:12851024422:0","sourceLayer":"landcover","archive":"https://its.hanifahseptiani45.workers.dev/v1/map/archive/indonesia.pmtiles","updatedAt":"2026-07-26T09:42:10.499Z"},"geometry":{"type":"Polygon","coordinates":[[[127.65684127807617,-1.37264470866603],[127.6556396484375,-1.372558902605931],[127.65521049499512,-1.371014392997722],[127.65469551086426,-1.371357617441248],[127.6541805267334,-1.370671168504984],[127.6527214050293,-1.3707569746327835],[127.65229225158691,-1.3700705255243122],[127.64988899230957,-1.3711860052256384],[127.650146484375,-1.372473096542734],[127.64937400817871,-1.374103411216538],[127.64834403991699,-1.3743608292212457],[127.64808654785156,-1.3729879328756596],[127.64697074890137,-1.374103411216538],[127.6446533203125,-1.3723872904764676],[127.6417350769043,-1.3722156783347117],[127.6406192779541,-1.3729021268278814],[127.63752937316895,-1.3721298722592223],[127.63821601867676,-1.3698131070579223],[127.63907432556152,-1.3696414947316242],[127.63873100280762,-1.368354401892816],[127.63993263244629,-1.366638277033502],[127.64010429382324,-1.3651795699388742],[127.63907432556152,-1.3637208619591945],[127.63924598693848,-1.3624337659487793],[127.64791488647461,-1.3590873131050785],[127.64782905578613,-1.361747314462022],[127.65400886535645,-1.3611466692507008],[127.65632629394531,-1.3634634428121615],[127.65615463256836,-1.3648363446114757],[127.65426635742188,-1.3657802141439106],[127.65315055847168,-1.3678395645638801],[127.65383720397949,-1.3686976267173918],[127.65581130981445,-1.3693840762191485],[127.65666961669922,-1.368096983242168],[127.66053199768066,-1.3686976267173918],[127.66130447387695,-1.3678395645638801],[127.66302108764648,-1.368354401892816],[127.66345024108887,-1.3690408514928265],[127.66190528869629,-1.3684402081035785],[127.66130447387695,-1.3707569746327835],[127.65993118286133,-1.3690408514928265],[127.65615463256836,-1.3698131070579223],[127.65632629394531,-1.370499556240162],[127.65933036804199,-1.3705853623741007],[127.65872955322266,-1.372558902605931],[127.65761375427246,-1.3729879328756596],[127.65684127807617,-1.37264470866603]]]}},{"type":"Feature","id":"pmtiles:10/875/515:landcover:12851024442:0","properties":{"subclass":"orchard","class":"farmland","kind":"green","verification":"verified","source":"OpenMapTiles/OpenStreetMap national PMTiles","sourceId":"10/875/515:landcover:12851024442:0","sourceLayer":"landcover","archive":"https://its.hanifahseptiani45.workers.dev/v1/map/archive/indonesia.pmtiles","updatedAt":"2026-07-26T09:42:10.499Z"},"geometry":{"type":"Polygon","coordinates":[[[127.67023086547852,-1.3596879588290847],[127.67040252685547,-1.361661508012432],[127.6717758178711,-1.3633776364236923],[127.67263412475586,-1.3624337659487793],[127.67838478088379,-1.370499556240162],[127.6761531829834,-1.371014392997722],[127.67572402954102,-1.3702421378198721],[127.67623901367188,-1.3693840762191485],[127.67374992370605,-1.3684402081035785],[127.67297744750977,-1.3690408514928265],[127.6735782623291,-1.3729021268278814],[127.67237663269043,-1.3719582600989924],[127.6724624633789,-1.370499556240162],[127.67083168029785,-1.369469882393048],[127.66937255859375,-1.3693840762191485],[127.66877174377441,-1.3686118205158522],[127.66928672790527,-1.3674105333720377],[127.66705513000488,-1.3650079572812928],[127.6662826538086,-1.3651795699388742],[127.66611099243164,-1.3663808581988093],[127.66525268554688,-1.3669815021035134],[127.66465187072754,-1.3664666644801144],[127.66353607177734,-1.3674963396165367],[127.66216278076172,-1.3670673083633602],[127.66267776489258,-1.3658660204466457],[127.66216278076172,-1.3651795699388742],[127.66336441040039,-1.3638066683354282],[127.66336441040039,-1.363034410839262],[127.66267776489258,-1.362948604435502],[127.6625919342041,-1.3620905402298433],[127.6600170135498,-1.3631202172399526],[127.65924453735352,-1.3612324757186371],[127.65993118286133,-1.3593447327193786],[127.65752792358398,-1.3593447327193786],[127.65752792358398,-1.358744086910022],[127.65933036804199,-1.3574569882442376],[127.6600170135498,-1.3582292475259692],[127.66173362731934,-1.358572473794183],[127.66276359558105,-1.3571137618176294],[127.66216278076172,-1.3561698888933194],[127.66276359558105,-1.3556550489612533],[127.66396522521973,-1.3556550489612533],[127.6655101776123,-1.3573711816421508],[127.66645431518555,-1.3571995684288396],[127.66714096069336,-1.3554834356262404],[127.66799926757812,-1.3573711816421508],[127.66911506652832,-1.3578860212089836],[127.66988754272461,-1.3575427948432832],[127.67023086547852,-1.3596879588290847]]]}},{"type":"Feature","id":"pmtiles:10/875/515:landcover:12851024502:0","properties":{"subclass":"orchard","class":"farmland","kind":"green","verification":"verified","source":"OpenMapTiles/OpenStreetMap national PMTiles","sourceId":"10/875/515:landcover:12851024502:0","sourceLayer":"landcover","archive":"https://its.hanifahseptiani45.workers.dev/v1/map/archive/indonesia.pmtiles","updatedAt":"2026-07-26T09:42:10.499Z"},"geometry":{"type":"Polygon","coordinates":[[[127.65220642089844,-1.3444143498940235],[127.65297889709473,-1.3439853145503378],[127.65495300292969,-1.3454440344112157],[127.65572547912598,-1.3454440344112157],[127.65589714050293,-1.3442427357656044],[127.65701293945312,-1.3446717710640428],[127.65795707702637,-1.346816946424667],[127.66018867492676,-1.348361471515247],[127.66036033630371,-1.3478466299272185],[127.66199111938477,-1.347932436866131],[127.66199111938477,-1.347331788230349],[127.66353607177734,-1.3467311394464758],[127.6640510559082,-1.3489621198969814],[127.66499519348145,-1.3498201887565244],[127.66473770141602,-1.3524802002959433],[127.65847206115723,-1.3519653595801913],[127.65735626220703,-1.3509356778212123],[127.6582145690918,-1.3501634162155653],[127.65761375427246,-1.349562768130454],[127.65684127807617,-1.3502492230727512],[127.6541805267334,-1.3474175951873804],[127.65246391296387,-1.3466453324652576],[127.65220642089844,-1.3444143498940235]]]}},{"type":"Feature","id":"pmtiles:10/875/515:landcover:12851287802:0","properties":{"subclass":"orchard","class":"farmland","kind":"green","verification":"verified","source":"OpenMapTiles/OpenStreetMap national PMTiles","sourceId":"10/875/515:landcover:12851287802:0","sourceLayer":"landcover","archive":"https://its.hanifahseptiani45.workers.dev/v1/map/archive/indonesia.pmtiles","updatedAt":"2026-07-26T09:42:10.499Z"},"geometry":{"type":"Polygon","coordinates":[[[127.65151977539062,-1.332229716889529],[127.65177726745605,-1.335490399255562],[127.65203475952148,-1.3360910507988137],[127.65340805053711,-1.3366058948618615],[127.6530647277832,-1.3384936555025462],[127.6527214050293,-1.338922691809202],[127.65194892883301,-1.3385794627698857],[127.650146484375,-1.340209800278501],[127.64945983886719,-1.3395233425123507],[127.64911651611328,-1.3399523786387277],[127.64954566955566,-1.3406388362846542],[127.64842987060547,-1.3403814146899862],[127.64748573303223,-1.3399523786387277],[127.64697074890137,-1.338751077295555],[127.64602661132812,-1.339094306310841],[127.64516830444336,-1.3359194360871527],[127.64559745788574,-1.3326587542897386],[127.64533996582031,-1.3321439094005143],[127.64473915100098,-1.332401331858577],[127.6443099975586,-1.3316290644037139],[127.64473915100098,-1.33111421929938],[127.64800071716309,-1.3321439094005143],[127.64782905578613,-1.332744561760805],[127.6486873626709,-1.3334310214217453],[127.64937400817871,-1.3334310214217453],[127.6504898071289,-1.331543256893795],[127.65143394470215,-1.3317148719106484],[127.65151977539062,-1.332229716889529]]]}},{"type":"Feature","id":"pmtiles:10/875/515:landcover:12851287872:0","properties":{"subclass":"orchard","class":"farmland","kind":"green","verification":"verified","source":"OpenMapTiles/OpenStreetMap national PMTiles","sourceId":"10/875/515:landcover:12851287872:0","sourceLayer":"landcover","archive":"https://its.hanifahseptiani45.workers.dev/v1/map/archive/indonesia.pmtiles","updatedAt":"2026-07-26T09:42:10.499Z"},"geometry":{"type":"Polygon","coordinates":[[[127.64096260070801,-1.3359194360871527],[127.64216423034668,-1.3347181327699644],[127.64182090759277,-1.3339458660418444],[127.64225006103516,-1.3330019841560983],[127.64156341552734,-1.332229716889529],[127.64276504516602,-1.3318006794146129],[127.64242172241211,-1.3309426042407182],[127.64422416687012,-1.3308567967068967],[127.64405250549316,-1.3325729468156737],[127.64542579650879,-1.3324871393386246],[127.6449966430664,-1.3355762066278771],[127.64602661132812,-1.3394375352780656],[127.64568328857422,-1.3403814146899862],[127.64645576477051,-1.3411536793927752],[127.64662742614746,-1.3421833652840576],[127.6446533203125,-1.3446717710640428],[127.64405250549316,-1.3442427357656044],[127.64413833618164,-1.3404672218912168],[127.64533996582031,-1.3401239930682465],[127.64551162719727,-1.3395233425123507],[127.64388084411621,-1.339094306310841],[127.64336585998535,-1.3383220409588716],[127.64250755310059,-1.3384936555025462],[127.64199256896973,-1.3374639680603764],[127.64242172241211,-1.3366917021952105],[127.64216423034668,-1.3363484728438237],[127.64147758483887,-1.3366058948618615],[127.64096260070801,-1.3359194360871527]],[[127.64242172241211,-1.33523297712064],[127.64233589172363,-1.3351471697363593],[127.64182090759277,-1.33523297712064],[127.64242172241211,-1.33523297712064]]]}},{"type":"Feature","id":"pmtiles:10/875/515:landcover:12851287932:0","properties":{"subclass":"orchard","class":"farmland","kind":"green","verification":"verified","source":"OpenMapTiles/OpenStreetMap national PMTiles","sourceId":"10/875/515:landcover:12851287932:0","sourceLayer":"landcover","archive":"https://its.hanifahseptiani45.workers.dev/v1/map/archive/indonesia.pmtiles","updatedAt":"2026-07-26T09:42:10.499Z"},"geometry":{"type":"Polygon","coordinates":[[[127.64602661132812,-1.3397807641971866],[127.64739990234375,-1.3404672218912168],[127.64697074890137,-1.3411536793927752],[127.6498031616211,-1.3422691724221067],[127.65057563781738,-1.343213050741781],[127.65074729919434,-1.3441569286968615],[127.64894485473633,-1.3466453324652576],[127.65023231506348,-1.3481898576646643],[127.65091896057129,-1.3481040507348467],[127.65091896057129,-1.3487046991801037],[127.64954566955566,-1.348876312994392],[127.65254974365234,-1.3511072914780158],[127.65117645263672,-1.3522227799517168],[127.65100479125977,-1.353166654413684],[127.65177726745605,-1.3537673016073626],[127.65349388122559,-1.3534240746577666],[127.65443801879883,-1.3546253687687368],[127.65066146850586,-1.3556550489612533],[127.64894485473633,-1.3581434409512951],[127.6486873626709,-1.3573711816421508],[127.64808654785156,-1.3578002146221309],[127.64774322509766,-1.3574569882442376],[127.64825820922852,-1.3562556955380103],[127.64954566955566,-1.3560840822455873],[127.64928817749023,-1.3536814948745075],[127.6486873626709,-1.352823427379093],[127.64911651611328,-1.3521369731642494],[127.64765739440918,-1.3521369731642494],[127.64688491821289,-1.350849870988256],[127.64774322509766,-1.349905995625818],[127.64765739440918,-1.348275664591469],[127.64671325683594,-1.3481040507348467],[127.64697074890137,-1.3457872624870504],[127.64645576477051,-1.344500156953714],[127.6449966430664,-1.3449291922069335],[127.64688491821289,-1.3419259438518765],[127.64602661132812,-1.3397807641971866]]]}},{"type":"Feature","id":"pmtiles:10/875/515:landcover:12851288042:0","properties":{"subclass":"orchard","class":"farmland","kind":"green","verification":"verified","source":"OpenMapTiles/OpenStreetMap national PMTiles","sourceId":"10/875/515:landcover:12851288042:0","sourceLayer":"landcover","archive":"https://its.hanifahseptiani45.workers.dev/v1/map/archive/indonesia.pmtiles","updatedAt":"2026-07-26T09:42:10.499Z"},"geometry":{"type":"Polygon","coordinates":[[[127.64405250549316,-1.3442427357656044],[127.6446533203125,-1.3446717710640428],[127.64491081237793,-1.3463021045102153],[127.64585494995117,-1.3459588765068418],[127.64619827270508,-1.3450149992485194],[127.64662742614746,-1.3452724203551867],[127.64671325683594,-1.348275664591469],[127.64739990234375,-1.3486188922684335],[127.64748573303223,-1.3497343818841898],[127.64636993408203,-1.3505924504712112],[127.64765739440918,-1.3522227799517168],[127.64877319335938,-1.3521369731642494],[127.64911651611328,-1.3534240746577666],[127.64945983886719,-1.3559982755948],[127.64808654785156,-1.3561698888933194],[127.64774322509766,-1.3568563419656954],[127.64748573303223,-1.3579718277927952],[127.64808654785156,-1.358315054097588],[127.64791488647461,-1.3590873131050785],[127.63761520385742,-1.3628627980286865],[127.63830184936523,-1.3644931192350924],[127.63735771179199,-1.3658660204466457],[127.63710021972656,-1.3686118205158522],[127.6362419128418,-1.3692124638621408],[127.63495445251465,-1.3692124638621408],[127.63289451599121,-1.3704137501031255],[127.63246536254883,-1.369469882393048],[127.63375282287598,-1.3681827894621108],[127.63409614562988,-1.366638277033502],[127.63298034667969,-1.3657802141439106],[127.63177871704102,-1.3667240833056127],[127.63237953186035,-1.3675821458579804],[127.63186454772949,-1.3680111770191274],[127.63040542602539,-1.3668098895746397],[127.62980461120605,-1.367238920873831],[127.62989044189453,-1.3680111770191274],[127.62860298156738,-1.368354401892816],[127.62834548950195,-1.3665524707583359],[127.62645721435547,-1.3675821458579804],[127.62585639953613,-1.3668098895746397],[127.62628555297852,-1.3659518267463397],[127.63126373291016,-1.3657802141439106],[127.63521194458008,-1.3634634428121615],[127.6365852355957,-1.3620905402298433],[127.63340950012207,-1.3626911852059038],[127.63409614562988,-1.360975056305719],[127.63152122497559,-1.360975056305719],[127.63134956359863,-1.360202797902133],[127.63340950012207,-1.3589157000136538],[127.63340950012207,-1.3601169913975752],[127.63443946838379,-1.360202797902133],[127.63469696044922,-1.3579718277927952],[127.63598442077637,-1.3561698888933194],[127.63572692871094,-1.355140208919721],[127.63495445251465,-1.3546253687687368],[127.63787269592285,-1.3538531083371623],[127.63813018798828,-1.355140208919721],[127.63967514038086,-1.3561698888933194],[127.64156341552734,-1.3556550489612533],[127.64250755310059,-1.3561698888933194],[127.64516830444336,-1.3544537553607654],[127.64276504516602,-1.3514505187552714],[127.6435375213623,-1.3505924504712112],[127.64302253723145,-1.3490479267965583],[127.64559745788574,-1.3489621198969814],[127.64551162719727,-1.3476750160403554],[127.64405250549316,-1.3477608229852933],[127.64388084411621,-1.3470743673411079],[127.64405250549316,-1.3442427357656044]]]}},{"type":"Feature","id":"pmtiles:10/875/515:landcover:12851757172:0","properties":{"subclass":"orchard","class":"farmland","kind":"green","verification":"verified","source":"OpenMapTiles/OpenStreetMap national PMTiles","sourceId":"10/875/515:landcover:12851757172:0","sourceLayer":"landcover","archive":"https://its.hanifahseptiani45.workers.dev/v1/map/archive/indonesia.pmtiles","updatedAt":"2026-07-26T09:42:10.499Z"},"geometry":{"type":"Polygon","coordinates":[[[127.62748718261719,-1.3552260156009055],[127.62911796569824,-1.3572853750370228],[127.62886047363281,-1.3578860212089836],[127.62808799743652,-1.3578860212089836],[127.62800216674805,-1.3590873131050785],[127.62688636779785,-1.3593447327193786],[127.62405395507812,-1.3563415021796743],[127.62448310852051,-1.3548827888578927],[127.62328147888184,-1.3545395620662646],[127.62345314025879,-1.3530808476595837],[127.62242317199707,-1.3529950409024565],[127.62207984924316,-1.357027955203364],[127.61984825134277,-1.3582292475259692],[127.62079238891602,-1.3593447327193786],[127.62019157409668,-1.360202797902133],[127.61847496032715,-1.360202797902133],[127.61795997619629,-1.3596021523062234],[127.61821746826172,-1.355311822279063],[127.6171875,-1.3542821419406437],[127.61787414550781,-1.3529092341422881],[127.62053489685059,-1.3520511663737267],[127.62396812438965,-1.348361471515247],[127.62482643127441,-1.3481898576646643],[127.62542724609375,-1.3487905060887613],[127.62688636779785,-1.351879552783629],[127.6267147064209,-1.3537673016073626],[127.62748718261719,-1.3552260156009055]]]}},{"type":"Feature","id":"pmtiles:10/875/515:landcover:175932020:0","properties":{"subclass":"wood","class":"wood","kind":"green","verification":"verified","source":"OpenMapTiles/OpenStreetMap national PMTiles","sourceId":"10/875/515:landcover:175932020:0","sourceLayer":"landcover","archive":"https://its.hanifahseptiani45.workers.dev/v1/map/archive/indonesia.pmtiles","updatedAt":"2026-07-26T09:42:10.499Z"},"geometry":{"type":"Polygon","coordinates":[[[127.62911796569824,-1.3572853750370228],[127.62946128845215,-1.3569421485860573],[127.62903213500977,-1.3559124689409856],[127.6307487487793,-1.354711175468168],[127.6336669921875,-1.3541963352260211],[127.63358116149902,-1.3536814948745075],[127.63486862182617,-1.3527376206128565],[127.63615608215332,-1.3529950409024565],[127.63667106628418,-1.3520511663737267],[127.63521194458008,-1.3506782573132625],[127.63426780700684,-1.3509356778212123],[127.62748718261719,-1.3552260156009055],[127.6267147064209,-1.3537673016073626],[127.62688636779785,-1.351879552783629],[127.62791633605957,-1.350849870988256],[127.62765884399414,-1.3499918024920987],[127.62868881225586,-1.3474175951873804],[127.62980461120605,-1.3465595254810268],[127.62937545776367,-1.3457872624870504],[127.62980461120605,-1.345529841434697],[127.63006210327148,-1.3462162975139051],[127.62971878051758,-1.3472459812702908],[127.62989044189453,-1.3474175951873804],[127.62903213500977,-1.347503402141399],[127.62894630432129,-1.3484472784360122],[127.63057708740234,-1.3501634162155653],[127.63195037841797,-1.3487046991801037],[127.63049125671387,-1.3481040507348467],[127.63083457946777,-1.3467311394464758],[127.63177871704102,-1.3469885603719831],[127.63246536254883,-1.3463879115035127],[127.63177871704102,-1.3454440344112157],[127.63340950012207,-1.345529841434697],[127.63469696044922,-1.3463021045102153],[127.63358116149902,-1.3446717710640428],[127.6347827911377,-1.3445859640103919],[127.63572692871094,-1.3463021045102153],[127.63564109802246,-1.3452724203551867],[127.6388168334961,-1.3448433851623207],[127.63924598693848,-1.3469027533998315],[127.63873100280762,-1.3469885603719831],[127.6388168334961,-1.3481898576646643],[127.63941764831543,-1.348275664591469],[127.63958930969238,-1.3469885603719831],[127.64019012451172,-1.346816946424667],[127.6406192779541,-1.348361471515247],[127.64182090759277,-1.3484472784360122],[127.64182090759277,-1.3491337336931082],[127.64302253723145,-1.3490479267965583],[127.64345169067383,-1.349562768130454],[127.6435375213623,-1.3505924504712112],[127.64276504516602,-1.3514505187552714],[127.64516830444336,-1.3544537553607654],[127.64250755310059,-1.3561698888933194],[127.64156341552734,-1.3556550489612533],[127.63967514038086,-1.3561698888933194],[127.63813018798828,-1.355140208919721],[127.63787269592285,-1.3538531083371623],[127.63572692871094,-1.3541963352260211],[127.63495445251465,-1.3546253687687368],[127.63572692871094,-1.355140208919721],[127.63598442077637,-1.3561698888933194],[127.63469696044922,-1.3579718277927952],[127.63443946838379,-1.360202797902133],[127.63340950012207,-1.3601169913975752],[127.63340950012207,-1.3589157000136538],[127.63134956359863,-1.360202797902133],[127.62911796569824,-1.3572853750370228]]]}},{"type":"Feature","id":"pmtiles:10/875/515:landcover:175932020:1","properties":{"subclass":"wood","class":"wood","kind":"green","verification":"verified","source":"OpenMapTiles/OpenStreetMap national PMTiles","sourceId":"10/875/515:landcover:175932020:1","sourceLayer":"landcover","archive":"https://its.hanifahseptiani45.workers.dev/v1/map/archive/indonesia.pmtiles","updatedAt":"2026-07-26T09:42:10.499Z"},"geometry":{"type":"Polygon","coordinates":[[[127.62911796569824,-1.3572853750370228],[127.63152122497559,-1.360975056305719],[127.63409614562988,-1.360975056305719],[127.63340950012207,-1.3626911852059038],[127.63649940490723,-1.3618331209085568],[127.63521194458008,-1.3634634428121615],[127.63126373291016,-1.3657802141439106],[127.62628555297852,-1.3659518267463397],[127.62585639953613,-1.3668098895746397],[127.62645721435547,-1.3675821458579804],[127.62834548950195,-1.3665524707583359],[127.62860298156738,-1.368354401892816],[127.62989044189453,-1.3680111770191274],[127.62980461120605,-1.367238920873831],[127.63040542602539,-1.3668098895746397],[127.63186454772949,-1.3680111770191274],[127.63237953186035,-1.3675821458579804],[127.63177871704102,-1.3667240833056127],[127.63298034667969,-1.3657802141439106],[127.63409614562988,-1.366638277033502],[127.63375282287598,-1.3681827894621108],[127.63246536254883,-1.369469882393048],[127.63289451599121,-1.3704137501031255],[127.63495445251465,-1.3692124638621408],[127.6362419128418,-1.3692124638621408],[127.63710021972656,-1.3686118205158522],[127.63735771179199,-1.3658660204466457],[127.63830184936523,-1.3644931192350924],[127.63761520385742,-1.3628627980286865],[127.63924598693848,-1.3624337659487793],[127.63907432556152,-1.3637208619591945],[127.64010429382324,-1.3651795699388742],[127.63993263244629,-1.366638277033502],[127.63873100280762,-1.368354401892816],[127.63898849487305,-1.3688692391112625],[127.63821601867676,-1.3698131070579223],[127.63752937316895,-1.3721298722592223],[127.6406192779541,-1.3729021268278814],[127.6417350769043,-1.3722156783347117],[127.6446533203125,-1.3723872904764676],[127.64697074890137,-1.374103411216538],[127.64808654785156,-1.3729879328756596],[127.64834403991699,-1.3743608292212457],[127.64731407165527,-1.3749614711243083],[127.64714241027832,-1.3755621128762385],[127.64834403991699,-1.375647918828463],[127.64842987060547,-1.376334366335115],[127.64920234680176,-1.376591784099162],[127.64945983886719,-1.3774498431119468],[127.64834403991699,-1.3777072607555283],[127.64800071716309,-1.3789943485561622],[127.64705657958984,-1.3786511252106806],[127.64516830444336,-1.3790801543847948],[127.64448165893555,-1.3805388529981002],[127.6431941986084,-1.3802814356607485],[127.64242172241211,-1.382683996391549],[127.6431941986084,-1.3856013882951146],[127.64233589172363,-1.3895484422088344],[127.64147758483887,-1.389376831306123],[127.64096260070801,-1.3899774694110647],[127.64130592346191,-1.3909213289815625],[127.63967514038086,-1.3927232416584445],[127.63864517211914,-1.3921226042524921],[127.63864517211914,-1.3947825687449011],[127.63761520385742,-1.394696763485598],[127.6380443572998,-1.4116003389233214],[127.6116943359375,-1.4116003389233214],[127.6116943359375,-1.367753758331645],[127.6120376586914,-1.3671531146201374],[127.61229515075684,-1.3651795699388742],[127.6116943359375,-1.364922150947919],[127.6116943359375,-1.3606318303790772],[127.61263847351074,-1.361318282183504],[127.61409759521484,-1.3605460238897962],[127.61504173278809,-1.3572853750370228],[127.61358261108398,-1.3563415021796743],[127.61409759521484,-1.3559982755948],[127.61366844177246,-1.3547969821645438],[127.61512756347656,-1.3554834356262404],[127.61555671691895,-1.3547969821645438],[127.61693000793457,-1.3546253687687368],[127.61658668518066,-1.3541105285083717],[127.6171875,-1.3542821419406437],[127.61821746826172,-1.355311822279063],[127.61795997619629,-1.3596021523062234],[127.61847496032715,-1.360202797902133],[127.62019157409668,-1.360202797902133],[127.62079238891602,-1.3593447327193786],[127.61984825134277,-1.3582292475259692],[127.62207984924316,-1.357027955203364],[127.62242317199707,-1.3529950409024565],[127.62345314025879,-1.3530808476595837],[127.62328147888184,-1.3545395620662646],[127.62448310852051,-1.3548827888578927],[127.62405395507812,-1.3563415021796743],[127.62688636779785,-1.3593447327193786],[127.62800216674805,-1.3590873131050785],[127.62808799743652,-1.3578860212089836],[127.62886047363281,-1.3578860212089836],[127.62911796569824,-1.3572853750370228]]]}},{"type":"Feature","id":"pmtiles:10/875/515:landcover:175932020:2","properties":{"subclass":"wood","class":"wood","kind":"green","verification":"verified","source":"OpenMapTiles/OpenStreetMap national PMTiles","sourceId":"10/875/515:landcover:175932020:2","sourceLayer":"landcover","archive":"https://its.hanifahseptiani45.workers.dev/v1/map/archive/indonesia.pmtiles","updatedAt":"2026-07-26T09:42:10.499Z"},"geometry":{"type":"Polygon","coordinates":[[[127.65684127807617,-1.3762485604075891],[127.65718460083008,-1.3786511252106806],[127.6541805267334,-1.3780504842370505],[127.6527214050293,-1.3804530472220762],[127.65186309814453,-1.3848291378464808],[127.65109062194824,-1.3856013882951146],[127.64860153198242,-1.3859446106359314],[127.64739990234375,-1.3867168607208669],[127.64516830444336,-1.3858588050553777],[127.64628410339355,-1.3847433322255256],[127.64671325683594,-1.3831130248377121],[127.64739990234375,-1.3836278588707387],[127.64860153198242,-1.3833704418681805],[127.6490306854248,-1.3807962703075702],[127.65212059020996,-1.3780504842370505],[127.65383720397949,-1.3777930666305451],[127.65409469604492,-1.3768492018354408],[127.65546798706055,-1.3760769485432718],[127.65684127807617,-1.3762485604075891]]]}},{"type":"Feature","id":"pmtiles:10/875/515:landcover:175932020:3","properties":{"subclass":"wood","class":"wood","kind":"green","verification":"verified","source":"OpenMapTiles/OpenStreetMap national PMTiles","sourceId":"10/875/515:landcover:175932020:3","sourceLayer":"landcover","archive":"https://its.hanifahseptiani45.workers.dev/v1/map/archive/indonesia.pmtiles","updatedAt":"2026-07-26T09:42:10.500Z"},"geometry":{"type":"Polygon","coordinates":[[[127.6706600189209,-1.3746182471982138],[127.67718315124512,-1.3737601871671217],[127.6779556274414,-1.3761627544769794],[127.67898559570312,-1.376935007741352],[127.68035888671875,-1.3762485604075891],[127.6805305480957,-1.3747898591674357],[127.67967224121094,-1.3723014844071315],[127.67263412475586,-1.3624337659487793],[127.6717758178711,-1.3633776364236923],[127.67040252685547,-1.361661508012432],[127.67005920410156,-1.358486667231702],[127.67400741577148,-1.3590015065608867],[127.67529487609863,-1.360202797902133],[127.67512321472168,-1.361661508012432],[127.67666816711426,-1.3638066683354282],[127.67692565917969,-1.3655227952172595],[127.68113136291504,-1.3689550453035793],[127.68241882324219,-1.3692982700421794],[127.68301963806152,-1.370671168504984],[127.68473625183105,-1.3719582600989924],[127.68799781799316,-1.3723014844071315],[127.68816947937012,-1.3729879328756596],[127.68902778625488,-1.3733311570360058],[127.69014358520508,-1.3720440661806492],[127.69203186035156,-1.3723014844071315],[127.69271850585938,-1.3704137501031255],[127.69177436828613,-1.3690408514928265],[127.69203186035156,-1.368354401892816],[127.69100189208984,-1.3676679520963546],[127.69125938415527,-1.366638277033502],[127.69246101379395,-1.3664666644801144],[127.69392013549805,-1.3676679520963546],[127.69598007202148,-1.370671168504984],[127.69623756408691,-1.3715292296445512],[127.69537925720215,-1.3723014844071315],[127.6952075958252,-1.373159544961993],[127.70018577575684,-1.371872454014266],[127.70267486572266,-1.3740176052088202],[127.70567893981934,-1.3723872904764676],[127.70490646362305,-1.370671168504984],[127.70516395568848,-1.368783432915862],[127.70688056945801,-1.3686118205158522],[127.70696640014648,-1.3698131070579223],[127.7079963684082,-1.369469882393048],[127.70748138427734,-1.3652653762630678],[127.70936965942383,-1.3632918300321677],[127.70928382873535,-1.3626053787899224],[127.70722389221191,-1.3608034433485017],[127.70705223083496,-1.3578860212089836],[127.70567893981934,-1.3560840822455873],[127.70688056945801,-1.3555692422952745],[127.70773887634277,-1.3542821419406437],[127.70971298217773,-1.3552260156009055],[127.70954132080078,-1.358486667231702],[127.71100044250488,-1.3601169913975752],[127.71031379699707,-1.361661508012432],[127.7109146118164,-1.362948604435502],[127.7134895324707,-1.365351182584206],[127.71211624145508,-1.3654369889022746],[127.70902633666992,-1.3721298722592223],[127.71005630493164,-1.373845993184105],[127.71451950073242,-1.376334366335115],[127.7171802520752,-1.374275023222765],[127.7186393737793,-1.3749614711243083],[127.71889686584473,-1.377878872502464],[127.71984100341797,-1.3777930666305451],[127.7200984954834,-1.3747040531843595],[127.72130012512207,-1.3740176052088202],[127.72138595581055,-1.3759911426064804],[127.7241325378418,-1.3770208136441653],[127.72524833679199,-1.376334366335115],[127.72507667541504,-1.373588575123918],[127.72610664367676,-1.3729879328756596],[127.72722244262695,-1.3735027690976978],[127.72679328918457,-1.3751330830688602],[127.7281665802002,-1.3752188890365034],[127.72705078125,-1.3789943485561622],[127.72507667541504,-1.3795091834815452],[127.72361755371094,-1.380624658771012],[127.72387504577637,-1.3813969105879096],[127.72499084472656,-1.3819117449930616],[127.72516250610352,-1.383027219154684],[127.7255916595459,-1.3831988305176424],[127.72833824157715,-1.3807962703075702],[127.73280143737793,-1.3823407735787896],[127.73426055908203,-1.3809678818317224],[127.73580551147461,-1.3813969105879096],[127.73683547973633,-1.3831988305176424],[127.73889541625977,-1.382683996391549],[127.74001121520996,-1.3840568871462153],[127.73786544799805,-1.3885187766055935],[127.73863792419434,-1.3900632748421629],[127.74018287658691,-1.3901490802701346],[127.73966789245605,-1.3880039436357663],[127.74026870727539,-1.387231693970847],[127.74172782897949,-1.386802666270313],[127.74164199829102,-1.3858588050553777],[127.74335861206055,-1.3862020273589053],[127.74361610412598,-1.3825981906930167],[127.7446460723877,-1.3807962703075702],[127.74559020996094,-1.3801956298754448],[127.74739265441895,-1.3831988305176424],[127.74919509887695,-1.3828556077793195],[127.74971008300781,-1.3835420532063125],[127.75237083435059,-1.3835420532063125],[127.75331497192383,-1.3857729994717403],[127.7541732788086,-1.3848291378464808],[127.7530574798584,-1.3836278588707387],[127.7534008026123,-1.381482716329856],[127.75125503540039,-1.3808820760711882],[127.7504825592041,-1.3796807950985936],[127.75091171264648,-1.378822736889603],[127.7501392364502,-1.3781362900997038],[127.7490234375,-1.3786511252106806],[127.74962425231934,-1.3692124638621408],[127.75142669677734,-1.3656944078380917],[127.7486801147461,-1.36277699161883],[127.75108337402344,-1.3580576343735657],[127.75168418884277,-1.358744086910022],[127.75228500366211,-1.358486667231702],[127.75606155395508,-1.3539389150639352],[127.75752067565918,-1.3529950409024565],[127.7585506439209,-1.3527376206128565],[127.75983810424805,-1.3535098813997166],[127.7614688873291,-1.3559124689409856],[127.7611255645752,-1.3566847287158765],[127.76172637939453,-1.3571137618176294],[127.76249885559082,-1.3596021523062234],[127.76412963867188,-1.360202797902133],[127.76490211486816,-1.3615757015597723],[127.76395797729492,-1.3625195723708856],[127.76301383972168,-1.3650937636116112],[127.76567459106445,-1.3670673083633602],[127.76687622070312,-1.3662950519144346],[127.76782035827637,-1.3641498938097385],[127.76876449584961,-1.3639782810787011],[127.77073860168457,-1.367324727124469],[127.77185440063477,-1.3678395645638801],[127.77202606201172,-1.3689550453035793],[127.77305603027344,-1.3684402081035785],[127.77374267578125,-1.3705853623741007],[127.77331352233887,-1.371357617441248],[127.77468681335449,-1.3716150357415984],[127.77520179748535,-1.372558902605931],[127.77597427368164,-1.3722156783347117],[127.77897834777832,-1.3735027690976978],[127.77820587158203,-1.3753046950010628],[127.77897834777832,-1.3754763069209304],[127.77889251708984,-1.3760769485432718],[127.77700424194336,-1.377964678371299],[127.77520179748535,-1.3787369310516908],[127.77442932128906,-1.3776214548774277],[127.77400016784668,-1.3781362900997038],[127.77288436889648,-1.377878872502464],[127.77219772338867,-1.3797666009024852],[127.77314186096191,-1.3807104645408401],[127.77623176574707,-1.3813111048428794],[127.77666091918945,-1.3807962703075702],[127.77786254882812,-1.381482716329856],[127.77975082397461,-1.3789943485561622],[127.78181076049805,-1.3777072607555283],[127.7849006652832,-1.374275023222765],[127.78644561767578,-1.3747040531843595],[127.7871322631836,-1.3771924254405548],[127.78824806213379,-1.3737601871671217],[127.78962135314941,-1.3760769485432718],[127.78996467590332,-1.3789085427244174],[127.79073715209961,-1.3780504842370505],[127.79168128967285,-1.377964678371299],[127.79245376586914,-1.3766775900143529],[127.79348373413086,-1.376935007741352],[127.79348373413086,-1.3800240182955577],[127.79211044311523,-1.3809678818317224],[127.79073715209961,-1.385086554690659],[127.78807640075684,-1.3887761930484714],[127.78902053833008,-1.3899774694110647],[127.79176712036133,-1.3904064965353484],[127.79339790344238,-1.3922084096055585],[127.79288291931152,-1.397614140545599],[127.79468536376953,-1.398729607287649],[127.79803276062012,-1.4065378596110634],[127.79794692993164,-1.4088545887973254],[127.79974937438965,-1.4116003389233214],[127.7721118927002,-1.4116003389233214],[127.74559020996094,-1.4116003389233214],[127.63813018798828,-1.4116003389233214],[127.63778686523438,-1.395898036831099],[127.63855934143066,-1.395469010706691],[127.63924598693848,-1.3964986732737117],[127.63993263244629,-1.3960696472589262],[127.63916015625,-1.395297400235009],[127.64001846313477,-1.3952115949944925],[127.64139175415039,-1.3967560888450095],[127.64182090759277,-1.3960696472589262],[127.64104843139648,-1.395898036831099],[127.64096260070801,-1.394696763485598],[127.64190673828125,-1.393752905426794],[127.6420783996582,-1.392637436324108],[127.64285087585449,-1.3918651881745063],[127.64533996582031,-1.3917793828089344],[127.64491081237793,-1.3953832054724273],[127.64654159545898,-1.3951257897508214],[127.6472282409668,-1.3966702836577127],[127.64628410339355,-1.3972709199029651],[127.64662742614746,-1.3969276992101953],[127.64542579650879,-1.3965844784672896],[127.64267921447754,-1.3976999456984203],[127.64293670654297,-1.3989012175085946],[127.64473915100098,-1.39915863281648],[127.64482498168945,-1.4006173190275177],[127.64336585998535,-1.4009605391805309],[127.64216423034668,-1.4022476143064466],[127.6435375213623,-1.403448883785444],[127.64456748962402,-1.403363078843114],[127.64628410339355,-1.402419224269778],[127.64619827270508,-1.4000166836387677],[127.64688491821289,-1.398815412399685],[127.64628410339355,-1.3976999456984203],[127.64748573303223,-1.3968418940291656],[127.64817237854004,-1.3975283353896373],[127.64800071716309,-1.4000166836387677],[127.64834403991699,-1.397442530230549],[127.64765739440918,-1.3967560888450095],[127.64765739440918,-1.3953832054724273],[127.64911651611328,-1.3940103212985377],[127.64885902404785,-1.393066462964569],[127.65134811401367,-1.3927232416584445],[127.65186309814453,-1.3902348856949942],[127.6512622833252,-1.389119414928686],[127.65315055847168,-1.3874033050292809],[127.65297889709473,-1.3867168607208669],[127.6545238494873,-1.3848291378464808],[127.6545238494873,-1.3841426927919969],[127.65641212463379,-1.3822549678678513],[127.65769958496094,-1.3789085427244174],[127.65975952148438,-1.3780504842370505],[127.6600170135498,-1.3775356489962292],[127.6706600189209,-1.3746182471982138]],[[127.71649360656738,-1.386373638491989],[127.7149486541748,-1.3869742773598546],[127.7146053314209,-1.3890336094632971],[127.71709442138672,-1.3922084096055585],[127.71795272827148,-1.3922084096055585],[127.71649360656738,-1.386373638491989]]]}},{"type":"Feature","id":"pmtiles:10/875/515:landcover:175932020:4","properties":{"subclass":"wood","class":"wood","kind":"green","verification":"verified","source":"OpenMapTiles/OpenStreetMap national PMTiles","sourceId":"10/875/515:landcover:175932020:4","sourceLayer":"landcover","archive":"https://its.hanifahseptiani45.workers.dev/v1/map/archive/indonesia.pmtiles","updatedAt":"2026-07-26T09:42:10.500Z"},"geometry":{"type":"Polygon","coordinates":[[[127.6706600189209,-1.3746182471982138],[127.66164779663086,-1.3770208136441653],[127.6625919342041,-1.3750472770981332],[127.65984535217285,-1.373588575123918],[127.65778541564941,-1.3733311570360058],[127.65761375427246,-1.3729879328756596],[127.65872955322266,-1.372558902605931],[127.65933036804199,-1.3705853623741007],[127.65632629394531,-1.370499556240162],[127.65615463256836,-1.3698131070579223],[127.65993118286133,-1.3690408514928265],[127.66130447387695,-1.3707569746327835],[127.66190528869629,-1.3684402081035785],[127.66345024108887,-1.3690408514928265],[127.66302108764648,-1.368354401892816],[127.66130447387695,-1.3678395645638801],[127.66053199768066,-1.3686976267173918],[127.65666961669922,-1.368096983242168],[127.65581130981445,-1.3693840762191485],[127.65383720397949,-1.3686976267173918],[127.65315055847168,-1.3678395645638801],[127.65426635742188,-1.3657802141439106],[127.65615463256836,-1.3648363446114757],[127.65632629394531,-1.3634634428121615],[127.65400886535645,-1.3611466692507008],[127.64817237854004,-1.3618331209085568],[127.64791488647461,-1.3614898951040715],[127.64817237854004,-1.3589157000136538],[127.64954566955566,-1.3566847287158765],[127.65066146850586,-1.3556550489612533],[127.65443801879883,-1.3546253687687368],[127.65349388122559,-1.3534240746577666],[127.65177726745605,-1.3537673016073626],[127.65100479125977,-1.353166654413684],[127.65117645263672,-1.3522227799517168],[127.65254974365234,-1.3511072914780158],[127.64997482299805,-1.3493911543645964],[127.64954566955566,-1.348876312994392],[127.65091896057129,-1.3487046991801037],[127.65091896057129,-1.3481040507348467],[127.65023231506348,-1.3481898576646643],[127.64894485473633,-1.3466453324652576],[127.65074729919434,-1.3441569286968615],[127.65220642089844,-1.3444143498940235],[127.65246391296387,-1.3466453324652576],[127.6541805267334,-1.3474175951873804],[127.65581130981445,-1.3494769612490387],[127.65684127807617,-1.3502492230727512],[127.65761375427246,-1.349562768130454],[127.6582145690918,-1.3501634162155653],[127.65735626220703,-1.3509356778212123],[127.65847206115723,-1.3519653595801913],[127.66473770141602,-1.3524802002959433],[127.66533851623535,-1.353166654413684],[127.66842842102051,-1.3535956881386255],[127.66988754272461,-1.3575427948432832],[127.66911506652832,-1.3578860212089836],[127.66799926757812,-1.3573711816421508],[127.66714096069336,-1.3554834356262404],[127.66645431518555,-1.3571995684288396],[127.6655101776123,-1.3573711816421508],[127.66396522521973,-1.3556550489612533],[127.66276359558105,-1.3556550489612533],[127.66216278076172,-1.3561698888933194],[127.66276359558105,-1.3571137618176294],[127.66173362731934,-1.358572473794183],[127.6600170135498,-1.3582292475259692],[127.65933036804199,-1.3574569882442376],[127.65752792358398,-1.358744086910022],[127.65752792358398,-1.3593447327193786],[127.65993118286133,-1.3593447327193786],[127.65924453735352,-1.3612324757186371],[127.6600170135498,-1.3631202172399526],[127.6625919342041,-1.3620905402298433],[127.66267776489258,-1.362948604435502],[127.66336441040039,-1.363034410839262],[127.66336441040039,-1.3638066683354282],[127.66216278076172,-1.3651795699388742],[127.66267776489258,-1.3658660204466457],[127.66216278076172,-1.3670673083633602],[127.66353607177734,-1.3674963396165367],[127.66465187072754,-1.3664666644801144],[127.66525268554688,-1.3669815021035134],[127.66611099243164,-1.3663808581988093],[127.6662826538086,-1.3651795699388742],[127.66705513000488,-1.3650079572812928],[127.66928672790527,-1.3674105333720377],[127.66877174377441,-1.3686118205158522],[127.66937255859375,-1.3693840762191485],[127.67083168029785,-1.369469882393048],[127.6724624633789,-1.370499556240162],[127.67237663269043,-1.3719582600989924],[127.6735782623291,-1.3729021268278814],[127.67297744750977,-1.3690408514928265],[127.67374992370605,-1.3684402081035785],[127.67529487609863,-1.368783432915862],[127.67623901367188,-1.3693840762191485],[127.67572402954102,-1.3702421378198721],[127.6761531829834,-1.371014392997722],[127.67838478088379,-1.370499556240162],[127.6790714263916,-1.3715292296445512],[127.67735481262207,-1.3723872904764676],[127.67632484436035,-1.3737601871671217],[127.6706600189209,-1.3746182471982138]]]}},{"type":"Feature","id":"pmtiles:10/875/515:landcover:175932020:5","properties":{"subclass":"wood","class":"wood","kind":"green","verification":"verified","source":"OpenMapTiles/OpenStreetMap national PMTiles","sourceId":"10/875/515:landcover:175932020:5","sourceLayer":"landcover","archive":"https://its.hanifahseptiani45.workers.dev/v1/map/archive/indonesia.pmtiles","updatedAt":"2026-07-26T09:42:10.500Z"},"geometry":{"type":"Polygon","coordinates":[[[127.67040252685547,-1.3464737184937832],[127.66911506652832,-1.3420117509989353],[127.6695442199707,-1.3411536793927752],[127.66911506652832,-1.3403814146899862],[127.66851425170898,-1.3403814146899862],[127.6669692993164,-1.341496908071349],[127.66585350036621,-1.3400381858549935],[127.66559600830078,-1.3370349314986072],[127.66671180725098,-1.3361768581501536],[127.66842842102051,-1.3326587542897386],[127.66945838928223,-1.333259406524462],[127.67091751098633,-1.332744561760805],[127.67374992370605,-1.3329161766939848],[127.6761531829834,-1.337292353444667],[127.67744064331055,-1.3416685223925953],[127.67632484436035,-1.3424407866891386],[127.67658233642578,-1.3443285428313203],[127.67555236816406,-1.3481898576646643],[127.67735481262207,-1.351364711940505],[127.67623901367188,-1.3517079391813667],[127.67563819885254,-1.3507640641522727],[127.67495155334473,-1.351364711940505],[127.67529487609863,-1.3529092341422881],[127.67460823059082,-1.353166654413684],[127.672119140625,-1.350849870988256],[127.67091751098633,-1.3507640641522727],[127.67074584960938,-1.3489621198969814],[127.66988754272461,-1.3478466299272185],[127.67040252685547,-1.3464737184937832]]]}},{"type":"Feature","id":"pmtiles:10/875/515:landcover:175932020:6","properties":{"subclass":"wood","class":"wood","kind":"green","verification":"verified","source":"OpenMapTiles/OpenStreetMap national PMTiles","sourceId":"10/875/515:landcover:175932020:6","sourceLayer":"landcover","archive":"https://its.hanifahseptiani45.workers.dev/v1/map/archive/indonesia.pmtiles","updatedAt":"2026-07-26T09:42:10.500Z"},"geometry":{"type":"Polygon","coordinates":[[[127.71580696105957,-1.3458730694984524],[127.71563529968262,-1.3454440344112157],[127.71743774414062,-1.3438137003917632],[127.71838188171387,-1.3444143498940235],[127.7186393737793,-1.345529841434697],[127.72018432617188,-1.3460446835122184],[127.71958351135254,-1.3481898576646643],[127.71992683410645,-1.348533085353722],[127.72078514099121,-1.347932436866131],[127.7215576171875,-1.3490479267965583],[127.7226734161377,-1.3476750160403554],[127.72336006164551,-1.3493053474771273],[127.72404670715332,-1.3493053474771273],[127.7241325378418,-1.3470743673411079],[127.72533416748047,-1.3467311394464758],[127.72516250610352,-1.3458730694984524],[127.72576332092285,-1.345186613322653],[127.72627830505371,-1.3452724203551867],[127.72550582885742,-1.3489621198969814],[127.72387504577637,-1.3502492230727512],[127.7244758605957,-1.351879552783629],[127.72730827331543,-1.3529950409024565],[127.72730827331543,-1.3540247217876669],[127.72439002990723,-1.3555692422952745],[127.72524833679199,-1.357027955203364],[127.7241325378418,-1.3576286014392736],[127.7255916595459,-1.3590873131050785],[127.72567749023438,-1.3599453783793223],[127.72310256958008,-1.358744086910022],[127.72250175476074,-1.3557408556242052],[127.72061347961426,-1.355826662284116],[127.7200984954834,-1.3569421485860573],[127.7189826965332,-1.3575427948432832],[127.71846771240234,-1.3569421485860573],[127.71984100341797,-1.3542821419406437],[127.7186393737793,-1.353166654413684],[127.72027015686035,-1.3498201887565244],[127.7189826965332,-1.3494769612490387],[127.71838188171387,-1.3498201887565244],[127.71821022033691,-1.3509356778212123],[127.71743774414062,-1.3505924504712112],[127.71649360656738,-1.3517937459840255],[127.71589279174805,-1.3517079391813667],[127.7157211303711,-1.3510214846511275],[127.71443367004395,-1.350506643626133],[127.71426200866699,-1.3497343818841898],[127.71580696105957,-1.3478466299272185],[127.7157211303711,-1.3470743673411079],[127.7149486541748,-1.3470743673411079],[127.7120304107666,-1.3487046991801037],[127.71134376525879,-1.3499918024920987],[127.7105712890625,-1.3494769612490387],[127.71134376525879,-1.3480182438020023],[127.71580696105957,-1.3458730694984524]]]}},{"type":"Feature","id":"pmtiles:10/875/515:landuse:1967497450:0","properties":{"class":"residential","kind":"green","verification":"verified","source":"OpenMapTiles/OpenStreetMap national PMTiles","sourceId":"10/875/515:landuse:1967497450:0","sourceLayer":"landuse","archive":"https://its.hanifahseptiani45.workers.dev/v1/map/archive/indonesia.pmtiles","updatedAt":"2026-07-26T09:42:10.500Z"},"geometry":{"type":"Polygon","coordinates":[[[127.65186309814453,-1.2261694400510947],[127.65100479125977,-1.226512684166849],[127.64602661132812,-1.2254829516875532],[127.64482498168945,-1.2242815966280318],[127.64216423034668,-1.2234234855416162],[127.64216423034668,-1.2220505072325523],[127.64662742614746,-1.2208491506363544],[127.64800071716309,-1.2211065842378872],[127.65632629394531,-1.2251397074397943],[127.65615463256836,-1.228057282142757],[127.6545238494873,-1.2277998492087363],[127.65469551086426,-1.2271991722662676],[127.65186309814453,-1.2261694400510947]]]}},{"type":"Feature","id":"pmtiles:10/875/515:landuse:1967497450:1","properties":{"class":"residential","kind":"green","verification":"verified","source":"OpenMapTiles/OpenStreetMap national PMTiles","sourceId":"10/875/515:landuse:1967497450:1","sourceLayer":"landuse","archive":"https://its.hanifahseptiani45.workers.dev/v1/map/archive/indonesia.pmtiles","updatedAt":"2026-07-26T09:42:10.500Z"},"geometry":{"type":"Polygon","coordinates":[[[127.6556396484375,-1.344071121625106],[127.65469551086426,-1.3437278933079426],[127.65426635742188,-1.3450149992485194],[127.65254974365234,-1.3438137003917632],[127.65220642089844,-1.3444143498940235],[127.65074729919434,-1.3441569286968615],[127.650146484375,-1.3425265938181496],[127.64697074890137,-1.3411536793927752],[127.64739990234375,-1.3404672218912168],[127.64602661132812,-1.3397807641971866],[127.64602661132812,-1.339094306310841],[127.64697074890137,-1.338751077295555],[127.64748573303223,-1.3399523786387277],[127.64954566955566,-1.3406388362846542],[127.64911651611328,-1.3399523786387277],[127.64945983886719,-1.3395233425123507],[127.650146484375,-1.340209800278501],[127.65194892883301,-1.3385794627698857],[127.65383720397949,-1.338751077295555],[127.65349388122559,-1.3399523786387277],[127.65426635742188,-1.3415827152334856],[127.65804290771484,-1.3441569286968615],[127.6596736907959,-1.3463021045102153],[127.66087532043457,-1.3467311394464758],[127.66362190246582,-1.3457872624870504],[127.66379356384277,-1.3463021045102153],[127.66310691833496,-1.3472459812702908],[127.66199111938477,-1.347331788230349],[127.66199111938477,-1.347932436866131],[127.66036033630371,-1.3478466299272185],[127.66018867492676,-1.348361471515247],[127.65795707702637,-1.346816946424667],[127.65701293945312,-1.3446717710640428],[127.6556396484375,-1.344071121625106]]]}},{"type":"Feature","id":"pmtiles:10/875/515:landuse:1967497450:2","properties":{"class":"residential","kind":"green","verification":"verified","source":"OpenMapTiles/OpenStreetMap national PMTiles","sourceId":"10/875/515:landuse:1967497450:2","sourceLayer":"landuse","archive":"https://its.hanifahseptiani45.workers.dev/v1/map/archive/indonesia.pmtiles","updatedAt":"2026-07-26T09:42:10.500Z"},"geometry":{"type":"Polygon","coordinates":[[[127.62577056884766,-1.3472459812702908],[127.62920379638672,-1.3411536793927752],[127.6325511932373,-1.3371207388169637],[127.63564109802246,-1.334889747565498],[127.63684272766113,-1.3355762066278771],[127.64104843139648,-1.33111421929938],[127.64156341552734,-1.3318864869155647],[127.64113426208496,-1.3330019841560983],[127.64233589172363,-1.3345465179624512],[127.64096260070801,-1.3359194360871527],[127.64147758483887,-1.3366058948618615],[127.64216423034668,-1.3363484728438237],[127.64242172241211,-1.3366917021952105],[127.64199256896973,-1.3374639680603764],[127.64250755310059,-1.3384936555025462],[127.64336585998535,-1.3383220409588716],[127.64388084411621,-1.339094306310841],[127.64551162719727,-1.3395233425123507],[127.64533996582031,-1.3401239930682465],[127.64413833618164,-1.3404672218912168],[127.64413833618164,-1.3429556294180145],[127.6435375213623,-1.3431272436368715],[127.6431941986084,-1.3424407866891386],[127.64044761657715,-1.3436420862211094],[127.63984680175781,-1.3420975581429957],[127.63667106628418,-1.342869822304067],[127.63615608215332,-1.3408962578522505],[127.63735771179199,-1.340209800278501],[127.63718605041504,-1.3391801135571484],[127.63598442077637,-1.339094306310841],[127.63529777526855,-1.3366917021952105],[127.63315200805664,-1.338922691809202],[127.63263702392578,-1.3405530290894347],[127.6336669921875,-1.3420117509989353],[127.63169288635254,-1.3432988578436635],[127.63195037841797,-1.3443285428313203],[127.63134956359863,-1.3446717710640428],[127.63195037841797,-1.3463879115035127],[127.63057708740234,-1.346816946424667],[127.62997627258301,-1.3454440344112157],[127.62937545776367,-1.3457872624870504],[127.62980461120605,-1.3465595254810268],[127.62946128845215,-1.3470743673411079],[127.62834548950195,-1.347503402141399],[127.62808799743652,-1.3472459812702908],[127.62697219848633,-1.348533085353722],[127.62577056884766,-1.3472459812702908]]]}},{"type":"Feature","id":"pmtiles:10/875/515:landuse:1967497450:3","properties":{"class":"residential","kind":"green","verification":"verified","source":"OpenMapTiles/OpenStreetMap national PMTiles","sourceId":"10/875/515:landuse:1967497450:3","sourceLayer":"landuse","archive":"https://its.hanifahseptiani45.workers.dev/v1/map/archive/indonesia.pmtiles","updatedAt":"2026-07-26T09:42:10.500Z"},"geometry":{"type":"Polygon","coordinates":[[[127.71331787109375,-1.3384936555025462],[127.70773887634277,-1.337292353444667],[127.70782470703125,-1.336863316852913],[127.70954132080078,-1.336863316852913],[127.71340370178223,-1.3381504264031747],[127.716064453125,-1.3403814146899862],[127.72318840026855,-1.3433846649425476],[127.73211479187012,-1.3439853145503378],[127.73297309875488,-1.3456156484551656],[127.73571968078613,-1.3481040507348467],[127.73709297180176,-1.350506643626133],[127.73623466491699,-1.350849870988256],[127.7351188659668,-1.349562768130454],[127.73494720458984,-1.3510214846511275],[127.73391723632812,-1.3507640641522727],[127.73323059082031,-1.3499918024920987],[127.73417472839355,-1.3490479267965583],[127.73280143737793,-1.3475892090923907],[127.73202896118164,-1.3477608229852933],[127.73134231567383,-1.3472459812702908],[127.73194313049316,-1.3463879115035127],[127.73031234741211,-1.3451008062870926],[127.72936820983887,-1.3452724203551867],[127.72893905639648,-1.3465595254810268],[127.72576332092285,-1.345186613322653],[127.72567749023438,-1.3457872624870504],[127.7244758605957,-1.3457872624870504],[127.72490501403809,-1.3443285428313203],[127.7226734161377,-1.3441569286968615],[127.72224426269531,-1.3449291922069335],[127.72147178649902,-1.3445859640103919],[127.72095680236816,-1.3457014554726072],[127.72035598754883,-1.3453582273847076],[127.72078514099121,-1.344500156953714],[127.7200984954834,-1.3439853145503378],[127.71512031555176,-1.3416685223925953],[127.71383285522461,-1.3401239930682465],[127.71331787109375,-1.3384936555025462]]]}},{"type":"Feature","id":"pmtiles:10/875/515:landuse:1967497450:4","properties":{"class":"residential","kind":"green","verification":"verified","source":"OpenMapTiles/OpenStreetMap national PMTiles","sourceId":"10/875/515:landuse:1967497450:4","sourceLayer":"landuse","archive":"https://its.hanifahseptiani45.workers.dev/v1/map/archive/indonesia.pmtiles","updatedAt":"2026-07-26T09:42:10.500Z"},"geometry":{"type":"Polygon","coordinates":[[[127.74782180786133,-1.3582292475259692],[127.74807929992676,-1.3572853750370228],[127.75151252746582,-1.3575427948432832],[127.75288581848145,-1.356427308818283],[127.75357246398926,-1.357027955203364],[127.75168418884277,-1.358744086910022],[127.75108337402344,-1.3580576343735657],[127.7501392364502,-1.3598595718656412],[127.74919509887695,-1.3593447327193786],[127.74876594543457,-1.360202797902133],[127.7479076385498,-1.3598595718656412],[127.74893760681152,-1.358744086910022],[127.74782180786133,-1.3582292475259692]]]}},{"type":"Feature","id":"pmtiles:10/875/515:landuse:1967497450:5","properties":{"class":"residential","kind":"green","verification":"verified","source":"OpenMapTiles/OpenStreetMap national PMTiles","sourceId":"10/875/515:landuse:1967497450:5","sourceLayer":"landuse","archive":"https://its.hanifahseptiani45.workers.dev/v1/map/archive/indonesia.pmtiles","updatedAt":"2026-07-26T09:42:10.500Z"},"geometry":{"type":"Polygon","coordinates":[[[127.7244758605957,-1.36277699161883],[127.72481918334961,-1.362262153095429],[127.7241325378418,-1.361318282183504],[127.72490501403809,-1.3614898951040715],[127.72516250610352,-1.360889249828631],[127.72353172302246,-1.3605460238897962],[127.72293090820312,-1.3612324757186371],[127.72207260131836,-1.360202797902133],[127.72310256958008,-1.358744086910022],[127.72584915161133,-1.3600311848899764],[127.72636413574219,-1.359516345780321],[127.72679328918457,-1.3603744109020681],[127.72833824157715,-1.3601169913975752],[127.72885322570801,-1.362262153095429],[127.73005485534668,-1.3612324757186371],[127.73237228393555,-1.3614040886453154],[127.73134231567383,-1.3628627980286865],[127.73048400878906,-1.3624337659487793],[127.73005485534668,-1.363034410839262],[127.72876739501953,-1.3668956958406255],[127.72644996643066,-1.361661508012432],[127.72636413574219,-1.363034410839262],[127.72507667541504,-1.3635492491975754],[127.7244758605957,-1.36277699161883]]]}},{"type":"Feature","id":"pmtiles:10/875/515:transportation:11356081820:0","properties":{"class":"ferry","highway":"ferry","kind":"road","verification":"verified","source":"OpenMapTiles/OpenStreetMap national PMTiles","sourceId":"10/875/515:transportation:11356081820:0","sourceLayer":"transportation","archive":"https://its.hanifahseptiani45.workers.dev/v1/map/archive/indonesia.pmtiles","updatedAt":"2026-07-26T09:42:10.500Z"},"geometry":{"type":"LineString","coordinates":[[127.6116943359375,-1.1928745535033158],[127.67143249511719,-1.137181954036521],[127.74104118347168,-1.0491357039128246]]}},{"type":"Feature","id":"pmtiles:10/875/515:transportation:11356081820:1","properties":{"class":"ferry","highway":"ferry","kind":"road","verification":"verified","source":"OpenMapTiles/OpenStreetMap national PMTiles","sourceId":"10/875/515:transportation:11356081820:1","sourceLayer":"transportation","archive":"https://its.hanifahseptiani45.workers.dev/v1/map/archive/indonesia.pmtiles","updatedAt":"2026-07-26T09:42:10.500Z"},"geometry":{"type":"LineString","coordinates":[[127.6116943359375,-1.3155830083070867],[127.64594078063965,-1.3135236139293482],[127.65838623046875,-1.3285399921660428],[127.66130447387695,-1.340209800278501],[127.66593933105469,-1.3467311394464758],[127.66585350036621,-1.3462162975139051],[127.66156196594238,-1.3401239930682465],[127.65898704528809,-1.3285399921660428],[127.68147468566895,-1.3113784096477872],[127.71366119384766,-1.301939489006287],[127.72130012512207,-1.2957612672524448],[127.72275924682617,-1.2862364792176635],[127.71692276000977,-1.2417870025674347],[127.71520614624023,-1.2264268731420316],[127.70997047424316,-1.2165585869857694],[127.6995849609375,-1.2114957131040427],[127.6215648651123,-1.1933894259787365],[127.6116943359375,-1.1958779749171242]]}},{"type":"Feature","id":"pmtiles:10/875/515:water:1690:0","properties":{"class":"ocean","water":"ocean","kind":"waterway","verification":"verified","source":"OpenMapTiles/OpenStreetMap national PMTiles","sourceId":"10/875/515:water:1690:0","sourceLayer":"water","archive":"https://its.hanifahseptiani45.workers.dev/v1/map/archive/indonesia.pmtiles","updatedAt":"2026-07-26T09:42:10.500Z"},"geometry":{"type":"Polygon","coordinates":[[[127.6116943359375,-1.2096078594023538],[127.6116943359375,-1.0491357039128246],[127.9742431640625,-1.0491357039128246],[127.9742431640625,-1.4116003389233214],[127.79983520507812,-1.4116003389233214],[127.79863357543945,-1.4101416595722185],[127.79786109924316,-1.4083397602882428],[127.7981185913086,-1.406280445114973],[127.79494285583496,-1.3989012175085946],[127.79434204101562,-1.3964986732737117],[127.79382705688477,-1.3925516309866595],[127.79305458068848,-1.3902348856949942],[127.79279708862305,-1.3898916639768686],[127.79211044311523,-1.389634247655522],[127.79082298278809,-1.3899774694110647],[127.78987884521484,-1.3895484422088344],[127.78919219970703,-1.389720053099083],[127.7889347076416,-1.3895484422088344],[127.78979301452637,-1.3871458884369616],[127.79356956481934,-1.3815685220686902],[127.79365539550781,-1.3758195307236463],[127.79296875,-1.3737601871671217],[127.79176712036133,-1.372473096542734],[127.79047966003418,-1.3717866479264416],[127.78884887695312,-1.371271811334978],[127.78644561767578,-1.3709285868791596],[127.78584480285645,-1.371014392997722],[127.78532981872559,-1.3715292296445512],[127.78524398803711,-1.3723872904764676],[127.78498649597168,-1.3730737389203682],[127.78395652770996,-1.374275023222765],[127.78206825256348,-1.3760769485432718],[127.77983665466309,-1.3777072607555283],[127.77889251708984,-1.3789943485561622],[127.77769088745117,-1.3796807950985936],[127.77717590332031,-1.3796807950985936],[127.77691841125488,-1.3792517660327661],[127.77709007263184,-1.3787369310516908],[127.77837753295898,-1.3777072607555283],[127.77975082397461,-1.3753905009625527],[127.78017997741699,-1.3735027690976978],[127.77992248535156,-1.372473096542734],[127.7794075012207,-1.3720440661806492],[127.77829170227051,-1.371872454014266],[127.77666091918945,-1.3709285868791596],[127.77511596679688,-1.3705853623741007],[127.77477264404297,-1.3696414947316242],[127.77477264404297,-1.3681827894621108],[127.77408599853516,-1.3668098895746397],[127.77365684509277,-1.3661234393365191],[127.77236938476562,-1.3658660204466457],[127.77108192443848,-1.3641498938097385],[127.7698802947998,-1.3636350555799197],[127.76910781860352,-1.3637208619591945],[127.76893615722656,-1.362948604435502],[127.76859283447266,-1.3626911852059038],[127.76782035827637,-1.3628627980286865],[127.76679039001465,-1.3634634428121615],[127.7658462524414,-1.3633776364236923],[127.76430130004883,-1.360202797902133],[127.76284217834473,-1.3596879588290847],[127.76249885559082,-1.3593447327193786],[127.76181221008301,-1.357027955203364],[127.7611255645752,-1.3565131154538506],[127.76121139526367,-1.3562556955380103],[127.76164054870605,-1.3560840822455873],[127.76164054870605,-1.3559124689409856],[127.76078224182129,-1.3550544022354956],[127.76009559631348,-1.3535956881386255],[127.7596664428711,-1.353166654413684],[127.75846481323242,-1.352651813843579],[127.75769233703613,-1.3527376206128565],[127.75649070739746,-1.3534240746577666],[127.75211334228516,-1.3568563419656954],[127.75125503540039,-1.3571137618176294],[127.75039672851562,-1.3571137618176294],[127.74876594543457,-1.3557408556242052],[127.74516105651855,-1.3535956881386255],[127.74258613586426,-1.3529092341422881],[127.73717880249023,-1.3506782573132625],[127.73571968078613,-1.3481040507348467],[127.73460388183594,-1.3469027533998315],[127.73297309875488,-1.3456156484551656],[127.73262977600098,-1.3444143498940235],[127.73211479187012,-1.3439853145503378],[127.73065567016602,-1.3436420862211094],[127.72868156433105,-1.3438137003917632],[127.72318840026855,-1.3433846649425476],[127.7189826965332,-1.3414111009062282],[127.716064453125,-1.3403814146899862],[127.71340370178223,-1.3381504264031747],[127.71151542663574,-1.3377213899614446],[127.70954132080078,-1.336863316852913],[127.70756721496582,-1.336777509525561],[127.70679473876953,-1.3360052434444896],[127.70550727844238,-1.3366058948618615],[127.70233154296875,-1.3390084990615065],[127.69984245300293,-1.3391801135571484],[127.69941329956055,-1.3406388362846542],[127.69804000854492,-1.3415827152334856],[127.69838333129883,-1.3427840151871067],[127.69967079162598,-1.3442427357656044],[127.70001411437988,-1.3442427357656044],[127.70112991333008,-1.343470472038419],[127.70190238952637,-1.3437278933079426],[127.70164489746094,-1.3445859640103919],[127.70181655883789,-1.3469027533998315],[127.7021598815918,-1.3472459812702908],[127.70327568054199,-1.347331788230349],[127.70387649536133,-1.3480182438020023],[127.7039623260498,-1.348533085353722],[127.70370483398438,-1.3487905060887613],[127.70310401916504,-1.3490479267965583],[127.7025032043457,-1.3487905060887613],[127.70233154296875,-1.3490479267965583],[127.70258903503418,-1.3498201887565244],[127.70181655883789,-1.350849870988256],[127.70241737365723,-1.3521369731642494],[127.70207405090332,-1.3527376206128565],[127.70061492919922,-1.3532524611647432],[127.69949913024902,-1.3523943935175566],[127.69864082336426,-1.3523085867361573],[127.69786834716797,-1.3516221323757094],[127.69675254821777,-1.3497343818841898],[127.69640922546387,-1.349562768130454],[127.69598007202148,-1.3498201887565244],[127.69572257995605,-1.3512789051226974],[127.69477844238281,-1.350849870988256],[127.69434928894043,-1.3498201887565244],[127.69340515136719,-1.3496485750088283],[127.69314765930176,-1.3506782573132625],[127.69237518310547,-1.351364711940505],[127.69246101379395,-1.3524802002959433],[127.69177436828613,-1.3527376206128565],[127.69100189208984,-1.352651813843579],[127.69074440002441,-1.3523943935175566],[127.69108772277832,-1.3517937459840255],[127.69083023071289,-1.3512789051226974],[127.69186019897461,-1.3509356778212123],[127.69186019897461,-1.3505924504712112],[127.69057273864746,-1.349905995625818],[127.69014358520508,-1.3489621198969814],[127.69040107727051,-1.3484472784360122],[127.69100189208984,-1.3481898576646643],[127.69100189208984,-1.3476750160403554],[127.69022941589355,-1.3474175951873804],[127.68997192382812,-1.3481040507348467],[127.68962860107422,-1.3481898576646643],[127.68791198730469,-1.347331788230349],[127.6874828338623,-1.347331788230349],[127.68688201904297,-1.3477608229852933],[127.68662452697754,-1.3476750160403554],[127.68516540527344,-1.3461304905145681],[127.68525123596191,-1.3452724203551867],[127.6842212677002,-1.3448433851623207],[127.68404960632324,-1.3449291922069335],[127.68387794494629,-1.3457872624870504],[127.68404960632324,-1.3467311394464758],[127.68370628356934,-1.3470743673411079],[127.68327713012695,-1.3470743673411079],[127.68293380737305,-1.346816946424667],[127.68250465393066,-1.3457014554726072],[127.68070220947266,-1.344500156953714],[127.6801872253418,-1.343470472038419],[127.68010139465332,-1.3430414365289494],[127.68121719360352,-1.3420975581429957],[127.68138885498047,-1.3413252937380804],[127.68078804016113,-1.3394375352780656],[127.6790714263916,-1.3372065461323217],[127.67735481262207,-1.336520087525514],[127.67641067504883,-1.3347181327699644],[127.67426490783691,-1.3319722944135322],[127.67263412475586,-1.3317148719106484],[127.66834259033203,-1.3325729468156737],[127.66722679138184,-1.334889747565498],[127.66559600830078,-1.336863316852913],[127.66542434692383,-1.3384936555025462],[127.66576766967773,-1.3400381858549935],[127.6695442199707,-1.345529841434697],[127.6695442199707,-1.3459588765068418],[127.66894340515137,-1.3466453324652576],[127.66911506652832,-1.348361471515247],[127.66902923583984,-1.3487046991801037],[127.66868591308594,-1.3487905060887613],[127.6680850982666,-1.3475892090923907],[127.66688346862793,-1.3474175951873804],[127.66619682312012,-1.3469885603719831],[127.66593933105469,-1.3471601743072057],[127.66508102416992,-1.3463021045102153],[127.66387939453125,-1.3457872624870504],[127.66104698181152,-1.3467311394464758],[127.66018867492676,-1.3466453324652576],[127.65958786010742,-1.3462162975139051],[127.65838623046875,-1.3444143498940235],[127.65778541564941,-1.3438995074725568],[127.65589714050293,-1.342869822304067],[127.65469551086426,-1.3416685223925953],[127.65443801879883,-1.3418401367017907],[127.65375137329102,-1.3407246434768467],[127.65349388122559,-1.3395233425123507],[127.65375137329102,-1.3390084990615065],[127.65486717224121,-1.338836884553885],[127.65512466430664,-1.3371207388169637],[127.65426635742188,-1.336520087525514],[127.65400886535645,-1.3344607105541968],[127.65254974365234,-1.3331735990713298],[127.65169143676758,-1.3317148719106484],[127.65023231506348,-1.3314574493808777],[127.6486873626709,-1.3319722944135322],[127.64748573303223,-1.3320581019085296],[127.6449966430664,-1.3308567967068967],[127.6417350769043,-1.3307709891701052],[127.64070510864258,-1.3314574493808777],[127.64010429382324,-1.332401331858577],[127.63864517211914,-1.3335168288659105],[127.63727188110352,-1.334889747565498],[127.63598442077637,-1.3347181327699644],[127.63555526733398,-1.334889747565498],[127.63418197631836,-1.3360910507988137],[127.63246536254883,-1.3371207388169637],[127.63031959533691,-1.3397807641971866],[127.62946128845215,-1.3404672218912168],[127.628173828125,-1.342354979557129],[127.62765884399414,-1.3436420862211094],[127.62568473815918,-1.3472459812702908],[127.62388229370117,-1.348275664591469],[127.6215648651123,-1.3510214846511275],[127.62044906616211,-1.3519653595801913],[127.61924743652344,-1.3521369731642494],[127.6168441772461,-1.3529950409024565],[127.61598587036133,-1.3529092341422881],[127.61478424072266,-1.3524802002959433],[127.61298179626465,-1.3541963352260211],[127.6116943359375,-1.3546253687687368],[127.6116943359375,-1.2634111673132224],[127.6128101348877,-1.2640118360011172],[127.6175308227539,-1.2673584161454414],[127.62285232543945,-1.2704475632099133],[127.62680053710938,-1.2741373729175507],[127.62843132019043,-1.2767116556311322],[127.62989044189453,-1.2779987960216062],[127.6336669921875,-1.2803156470984334],[127.63649940490723,-1.2824608777101645],[127.63830184936523,-1.2831473511262885],[127.64147758483887,-1.2836622060674898],[127.65478134155273,-1.2842628700345244],[127.65993118286133,-1.2847777247510663],[127.66473770141602,-1.2871803787223115],[127.66877174377441,-1.2905269286944332],[127.66997337341309,-1.2912992088323278],[127.67306327819824,-1.292414724172744],[127.67529487609863,-1.2925863418739567],[127.67778396606445,-1.2921572975992035],[127.67847061157227,-1.2915566354928103],[127.67855644226074,-1.2906127376102319],[127.67804145812988,-1.2897546483220736],[127.67718315124512,-1.2896688393773275],[127.6761531829834,-1.288553322832584],[127.67580986022949,-1.2876952328503393],[127.67495155334473,-1.2871803787223115],[127.67452239990234,-1.2866655244903455],[127.67117500305176,-1.2868371425792162],[127.66997337341309,-1.28657971544159],[127.66817092895508,-1.2856358157147127],[127.6680850982666,-1.2851209611711312],[127.6695442199707,-1.284520297405777],[127.67117500305176,-1.2843486791611554],[127.67203330993652,-1.2846919156388594],[127.67306327819824,-1.285807433872833],[127.67400741577148,-1.285979052019428],[127.67452239990234,-1.285807433872833],[127.67477989196777,-1.285035152070435],[127.67435073852539,-1.2836622060674898],[127.67460823059082,-1.2825466868972484],[127.67495155334473,-1.2822892593273565],[127.67692565917969,-1.2818602133200017],[127.67975807189941,-1.2821176409330377],[127.68095970153809,-1.2830615419593414],[127.68241882324219,-1.2835763969178373],[127.68550872802734,-1.2836622060674898],[127.68851280212402,-1.2809163118508025],[127.69134521484375,-1.2796291729234213],[127.6915168762207,-1.2791143171715902],[127.69091606140137,-1.2771407024995796],[127.6911735534668,-1.2763684180848003],[127.69220352172852,-1.2749954674414994],[127.69203186035156,-1.2739657539784588],[127.69271850585938,-1.2725928020542767],[127.69460678100586,-1.266586128803226],[127.6970100402832,-1.2568896126335005],[127.69675254821777,-1.2543153102456444],[127.69692420959473,-1.2502822314149142],[127.69675254821777,-1.2468498190181663],[127.69589424133301,-1.2435032126222296],[127.69460678100586,-1.2406714654341755],[127.694091796875,-1.2373248512137849],[127.69417762756348,-1.2359518800552252],[127.69495010375977,-1.234235665108912],[127.69632339477539,-1.2290012026886927],[127.69615173339844,-1.2278856601895],[127.69529342651367,-1.2268559282385638],[127.69331932067871,-1.226512684166849],[127.68808364868164,-1.226512684166849],[127.67563819885254,-1.223938352226412],[127.67143249511719,-1.223938352226412],[127.66757011413574,-1.2249680852994231],[127.66559600830078,-1.2251397074397943],[127.66327857971191,-1.2247106520682678],[127.65538215637207,-1.2242815966280318],[127.65375137329102,-1.2238525411191432],[127.65220642089844,-1.2229086187580123],[127.64774322509766,-1.220763339430377],[127.64636993408203,-1.2205917170101799],[127.64345169067383,-1.2211065842378872],[127.64019012451172,-1.2205917170101799],[127.63564109802246,-1.218703869665461],[127.63057708740234,-1.2150997937890509],[127.62465476989746,-1.21192477058014],[127.62104988098145,-1.2111524670742426],[127.61710166931152,-1.2115815246046964],[127.6160717010498,-1.2113240900945783],[127.6116943359375,-1.2096078594023538]],[[127.70979881286621,-1.33334521397461],[127.70997047424316,-1.3325729468156737],[127.70971298217773,-1.3318864869155647],[127.70876884460449,-1.3319722944135322],[127.70825386047363,-1.3325729468156737],[127.70816802978516,-1.33334521397461],[127.70833969116211,-1.3336026363070914],[127.7091121673584,-1.3337742511804436],[127.70979881286621,-1.33334521397461]],[[127.70035743713379,-1.2831473511262885],[127.7010440826416,-1.2834905877652716],[127.70138740539551,-1.2854641975450534],[127.70327568054199,-1.2874378057993283],[127.7047348022461,-1.2883817048592618],[127.70610809326172,-1.2875236148192215],[127.70636558532715,-1.2864939063899214],[127.70696640014648,-1.2862364792176635],[127.70696640014648,-1.2852925793638548],[127.70602226257324,-1.2854641975450534],[127.70533561706543,-1.2851209611711312],[127.70387649536133,-1.2852067702689283],[127.70284652709961,-1.2844344882849157],[127.70267486572266,-1.2836622060674898],[127.70078659057617,-1.2826324960814475],[127.70035743713379,-1.2828899236168354],[127.70035743713379,-1.2831473511262885]],[[127.6995849609375,-1.2707049919653457],[127.6992416381836,-1.2707908015447913],[127.69881248474121,-1.2708766111213805],[127.6984691619873,-1.2722495639589937],[127.69718170166016,-1.2735367065806997],[127.69735336303711,-1.2737941350279272],[127.69769668579102,-1.2735367065806997],[127.6981258392334,-1.273879944504614],[127.6984691619873,-1.2755103240185832],[127.69932746887207,-1.275767752268493],[127.69932746887207,-1.2773123212269155],[127.69881248474121,-1.2773123212269155],[127.6992416381836,-1.2795433636386093],[127.69984245300293,-1.2802298378366146],[127.7007007598877,-1.2802298378366146],[127.70078659057617,-1.2816027856810734],[127.7010440826416,-1.28168859489692],[127.70155906677246,-1.2814311672407541],[127.70224571228027,-1.2784278426751143],[127.70224571228027,-1.2769690837607897],[127.70198822021484,-1.2760251804926668],[127.70310401916504,-1.2752528957429092],[127.70327568054199,-1.2749096580019597],[127.70310401916504,-1.2746522296662306],[127.70173072814941,-1.274223182382812],[127.70155906677246,-1.2737941350279272],[127.70207405090332,-1.2727644210847728],[127.70336151123047,-1.2720779448942352],[127.70353317260742,-1.2713914685210597],[127.70310401916504,-1.2709624206951133],[127.70233154296875,-1.2712198493992304],[127.70155906677246,-1.2709624206951133],[127.6995849609375,-1.2707049919653457]],[[127.69967079162598,-1.2662428899105862],[127.70035743713379,-1.2671009870569492],[127.6999282836914,-1.26727260645211],[127.69967079162598,-1.2681307032573557],[127.69915580749512,-1.2687313708517394],[127.69906997680664,-1.2693320383066862],[127.69932746887207,-1.2697610864033635],[127.7010440826416,-1.2695036575538978],[127.70130157470703,-1.2684739418997992],[127.70121574401855,-1.2674442258359164],[127.70009994506836,-1.2642692653962513],[127.69984245300293,-1.2639260261970549],[127.6992416381836,-1.264440884978825],[127.69967079162598,-1.2652989827215038],[127.69967079162598,-1.2662428899105862]]]}},{"type":"Feature","id":"pmtiles:10/875/515:waterway:3506794552:0","properties":{"name":"Ake Buton","name_int":"Ake Buton","class":"river","name:latin":"Ake Buton","name_de":"Ake Buton","name_en":"Ake Buton","waterway":"river","kind":"waterway","verification":"verified","source":"OpenMapTiles/OpenStreetMap national PMTiles","sourceId":"10/875/515:waterway:3506794552:0","sourceLayer":"waterway","archive":"https://its.hanifahseptiani45.workers.dev/v1/map/archive/indonesia.pmtiles","updatedAt":"2026-07-26T09:42:10.501Z"},"geometry":{"type":"LineString","coordinates":[[127.64739990234375,-1.3966702836577127],[127.64731407165527,-1.3955548159378424],[127.64748573303223,-1.3948683740010779],[127.6486873626709,-1.392980657642724],[127.64851570129395,-1.3920367988962852],[127.64860153198242,-1.390492301950843],[127.64842987060547,-1.389634247655522],[127.64765739440918,-1.3886903875706196],[127.6472282409668,-1.3867168607208669],[127.64654159545898,-1.3868884718166328],[127.64525413513184,-1.3864594440538696],[127.6449966430664,-1.3851723602991655],[127.64619827270508,-1.3845717209743498],[127.64662742614746,-1.3825981906930167],[127.64628410339355,-1.3813111048428794],[127.6457691192627,-1.3807962703075702],[127.6449966430664,-1.3807104645408401],[127.64448165893555,-1.3802814356607485],[127.64559745788574,-1.3791659602103152],[127.64679908752441,-1.3787369310516908],[127.64731407165527,-1.3786511252106806],[127.64731407165527,-1.3791659602103152],[127.6475715637207,-1.379337571852119],[127.64808654785156,-1.3792517660327661],[127.64842987060547,-1.378307901815731],[127.6490306854248,-1.3777072607555283],[127.65006065368652,-1.3771924254405548],[127.64988899230957,-1.376420172259543],[127.65091896057129,-1.3765059781809015],[127.65289306640625,-1.3760769485432718],[127.65297889709473,-1.3749614711243083],[127.65349388122559,-1.373588575123918],[127.65469551086426,-1.3729021268278814],[127.65495300292969,-1.372473096542734],[127.65435218811035,-1.3708427807574992],[127.65383720397949,-1.370671168504984],[127.65315055847168,-1.371872454014266],[127.65323638916016,-1.3729879328756596],[127.6527214050293,-1.3729879328756596],[127.65177726745605,-1.3723872904764676],[127.65169143676758,-1.3721298722592223],[127.65203475952148,-1.3717008418355618],[127.65117645263672,-1.3707569746327835],[127.65220642089844,-1.3698131070579223],[127.65220642089844,-1.369555688563878],[127.65151977539062,-1.369727300896301],[127.6512622833252,-1.3693840762191485],[127.65194892883301,-1.3671531146201374],[127.65366554260254,-1.364235700170667],[127.6530647277832,-1.3638066683354282],[127.65237808227539,-1.3640640874457546],[127.65220642089844,-1.3638066683354282],[127.65237808227539,-1.363034410839262],[127.65297889709473,-1.3621763466641568],[127.65289306640625,-1.361747314462022],[127.65134811401367,-1.3614898951040715],[127.65143394470215,-1.3611466692507008],[127.65117645263672,-1.360889249828631],[127.64851570129395,-1.361747314462022],[127.64774322509766,-1.3614898951040715],[127.64774322509766,-1.360889249828631],[127.64825820922852,-1.3598595718656412],[127.64825820922852,-1.3593447327193786],[127.64791488647461,-1.3589157000136538],[127.64808654785156,-1.3579718277927952],[127.64748573303223,-1.3577144080322228],[127.64800071716309,-1.356427308818283],[127.64860153198242,-1.3560840822455873],[127.64920234680176,-1.3562556955380103],[127.64945983886719,-1.355826662284116],[127.64911651611328,-1.3533382679127754],[127.6486873626709,-1.352823427379093],[127.64894485473633,-1.3521369731642494],[127.64765739440918,-1.3522227799517168],[127.64731407165527,-1.3512789051226974],[127.64671325683594,-1.350849870988256],[127.64654159545898,-1.3503350299269101],[127.64705657958984,-1.3499918024920987],[127.64774322509766,-1.3501634162155653],[127.64731407165527,-1.3489621198969814],[127.64765739440918,-1.348361471515247],[127.64731407165527,-1.3481040507348467],[127.64688491821289,-1.348275664591469],[127.64671325683594,-1.3481040507348467],[127.64671325683594,-1.3453582273847076],[127.64568328857422,-1.3445859640103919],[127.64516830444336,-1.3451008062870926],[127.64456748962402,-1.3451008062870926],[127.64473915100098,-1.3446717710640428],[127.64585494995117,-1.3437278933079426],[127.64654159545898,-1.3426982080671337],[127.64688491821289,-1.3414111009062282],[127.64654159545898,-1.3407246434768467],[127.6457691192627,-1.3402956074857428],[127.64602661132812,-1.3392659208004432],[127.64542579650879,-1.3379788118354838],[127.64508247375488,-1.3358336287268315],[127.64551162719727,-1.3324871393386246],[127.64516830444336,-1.332229716889529],[127.64439582824707,-1.3326587542897386],[127.64413833618164,-1.332401331858577],[127.64448165893555,-1.3308567967068967]]}},{"type":"Feature","id":"pmtiles:10/875/515:waterway:12779030022:0","properties":{"name":"Sungai Anggai","name_int":"Sungai Anggai","class":"river","name:latin":"Sungai Anggai","name_de":"Sungai Anggai","name_en":"Sungai Anggai","waterway":"river","kind":"waterway","verification":"verified","source":"OpenMapTiles/OpenStreetMap national PMTiles","sourceId":"10/875/515:waterway:12779030022:0","sourceLayer":"waterway","archive":"https://its.hanifahseptiani45.workers.dev/v1/map/archive/indonesia.pmtiles","updatedAt":"2026-07-26T09:42:10.501Z"},"geometry":{"type":"LineString","coordinates":[[127.6952075958252,-1.3947825687449011],[127.69632339477539,-1.3951257897508214],[127.69718170166016,-1.3947825687449011],[127.70009994506836,-1.3945251529575984],[127.70293235778809,-1.395469010706691],[127.70379066467285,-1.3953832054724273],[127.70490646362305,-1.3948683740010779],[127.70576477050781,-1.3934954895268845],[127.70662307739258,-1.393066462964569],[127.70679473876953,-1.392637436324108],[127.7065372467041,-1.3916935774402361],[127.70705223083496,-1.389462636759049],[127.70730972290039,-1.3889478039948102],[127.70825386047363,-1.3886903875706196],[127.7091121673584,-1.3878323326209028],[127.70894050598145,-1.38731749950162],[127.7102279663086,-1.3845717209743498],[127.7105712890625,-1.3843143040742518],[127.71288871765137,-1.3847433322255256],[127.71409034729004,-1.3842284984346804],[127.71512031555176,-1.3846575266015009],[127.71580696105957,-1.3844001097107252],[127.716064453125,-1.38388527584533],[127.71597862243652,-1.3832846361944746],[127.71735191345215,-1.3818259392666334],[127.71932601928711,-1.3787369310516908],[127.71958351135254,-1.376935007741352],[127.71949768066406,-1.3740176052088202],[127.72087097167969,-1.3736743811470689],[127.72112846374512,-1.3734169630683795],[127.72052764892578,-1.3723872904764676],[127.72130012512207,-1.371872454014266],[127.7230167388916,-1.3715292296445512],[127.72499084472656,-1.3722156783347117],[127.72550582885742,-1.3717866479264416],[127.72541999816895,-1.370499556240162],[127.72696495056152,-1.3711860052256384],[127.72885322570801,-1.3702421378198721],[127.72919654846191,-1.369555688563878],[127.72911071777344,-1.3684402081035785],[127.73082733154297,-1.3674963396165367],[127.73151397705078,-1.3665524707583359],[127.73228645324707,-1.3662950519144346],[127.73211479187012,-1.3656944078380917],[127.73151397705078,-1.364922150947919],[127.7322006225586,-1.3644073128833583],[127.73237228393555,-1.3631202172399526],[127.7354621887207,-1.3623479595236319],[127.73752212524414,-1.3631202172399526],[127.73812294006348,-1.3626053787899224],[127.73829460144043,-1.361747314462022],[127.73795127868652,-1.360889249828631],[127.73855209350586,-1.3606318303790772],[127.73880958557129,-1.3610608627797376],[127.73906707763672,-1.360889249828631],[127.7391529083252,-1.3604602173974598],[127.73855209350586,-1.3599453783793223],[127.73872375488281,-1.3596879588290847],[127.73941040039062,-1.3596879588290847],[127.73992538452148,-1.3590015065608867],[127.73966789245605,-1.3580576343735657],[127.73992538452148,-1.3575427948432832],[127.7394962310791,-1.3567705353423065],[127.74001121520996,-1.3563415021796743],[127.7406120300293,-1.3565989220863912],[127.74052619934082,-1.3559124689409856],[127.74086952209473,-1.355311822279063],[127.74121284484863,-1.355311822279063],[127.74121284484863,-1.3559124689409856],[127.74164199829102,-1.3561698888933194],[127.7424144744873,-1.3556550489612533],[127.74344444274902,-1.3554834356262404],[127.7438735961914,-1.3537673016073626],[127.74438858032227,-1.3535956881386255],[127.74739265441895,-1.3548827888578927]]}},{"type":"Feature","id":"pmtiles:8/218/128:landcover:12838866552:0","properties":{"subclass":"orchard","class":"farmland","kind":"green","verification":"verified","source":"OpenMapTiles/OpenStreetMap national PMTiles","sourceId":"8/218/128:landcover:12838866552:0","sourceLayer":"landcover","archive":"https://its.hanifahseptiani45.workers.dev/v1/map/archive/indonesia.pmtiles","updatedAt":"2026-07-26T09:35:33.438Z"},"geometry":{"type":"Polygon","coordinates":[[[127.7490234375,-1.3786511252106806],[127.74456024169922,-1.3807104645408401],[127.7435302734375,-1.3862020273589053],[127.73872375488281,-1.3899774694110647],[127.73906707763672,-1.3789943485561622],[127.73529052734375,-1.3776214548774277],[127.74524688720703,-1.3542821419406437],[127.74971008300781,-1.357027955203364],[127.74730682373047,-1.3597737653488764],[127.75005340576172,-1.3597737653488764],[127.7486801147461,-1.3628627980286865],[127.75142669677734,-1.3656086015292033],[127.7490234375,-1.3786511252106806]]]}},{"type":"Feature","id":"pmtiles:8/218/128:landcover:12838892952:0","properties":{"subclass":"orchard","class":"farmland","kind":"green","verification":"verified","source":"OpenMapTiles/OpenStreetMap national PMTiles","sourceId":"8/218/128:landcover:12838892952:0","sourceLayer":"landcover","archive":"https://its.hanifahseptiani45.workers.dev/v1/map/archive/indonesia.pmtiles","updatedAt":"2026-07-26T09:35:33.438Z"},"geometry":{"type":"Polygon","coordinates":[[[127.73872375488281,-1.3807104645408401],[127.73700714111328,-1.3831130248377121],[127.73597717285156,-1.3813969105879096],[127.72842407226562,-1.3807104645408401],[127.72567749023438,-1.3831130248377121],[127.72361755371094,-1.3807104645408401],[127.7273941040039,-1.3776214548774277],[127.72979736328125,-1.3635492491975754],[127.74009704589844,-1.351879552783629],[127.74421691894531,-1.3535956881386255],[127.73529052734375,-1.3776214548774277],[127.73872375488281,-1.3807104645408401]]]}},{"type":"Feature","id":"pmtiles:8/218/128:landcover:12840968982:0","properties":{"subclass":"orchard","class":"farmland","kind":"green","verification":"verified","source":"OpenMapTiles/OpenStreetMap national PMTiles","sourceId":"8/218/128:landcover:12840968982:0","sourceLayer":"landcover","archive":"https://its.hanifahseptiani45.workers.dev/v1/map/archive/indonesia.pmtiles","updatedAt":"2026-07-26T09:35:33.439Z"},"geometry":{"type":"Polygon","coordinates":[[[127.7328872680664,-1.3608034433485017],[127.72567749023438,-1.3597737653488764],[127.72430419921875,-1.3577144080322228],[127.7273941040039,-1.3539389150639352],[127.72396087646484,-1.3501634162155653],[127.72636413574219,-1.3457014554726072],[127.73185729980469,-1.3463879115035127],[127.73357391357422,-1.3484472784360122],[127.73014068603516,-1.3491337336931082],[127.73117065429688,-1.351536325567011],[127.73323059082031,-1.3498201887565244],[127.7383804321289,-1.3522227799517168],[127.7328872680664,-1.3608034433485017]]]}},{"type":"Feature","id":"pmtiles:8/218/128:landcover:12840969122:0","properties":{"subclass":"orchard","class":"farmland","kind":"green","verification":"verified","source":"OpenMapTiles/OpenStreetMap national PMTiles","sourceId":"8/218/128:landcover:12840969122:0","sourceLayer":"landcover","archive":"https://its.hanifahseptiani45.workers.dev/v1/map/archive/indonesia.pmtiles","updatedAt":"2026-07-26T09:35:33.439Z"},"geometry":{"type":"Polygon","coordinates":[[[127.72705078125,-1.3735027690976978],[127.72499084472656,-1.3735027690976978],[127.72430419921875,-1.376935007741352],[127.7212142944336,-1.3741892172212005],[127.71881103515625,-1.377964678371299],[127.71881103515625,-1.3748756651474139],[127.71469116210938,-1.3762485604075891],[127.70885467529297,-1.3721298722592223],[127.71331787109375,-1.3652653762630678],[127.7102279663086,-1.3614898951040715],[127.70988464355469,-1.355311822279063],[127.70576477050781,-1.3559982755948],[127.70198822021484,-1.3529092341422881],[127.7047348022461,-1.3511930983018772],[127.70370483398438,-1.3498201887565244],[127.70679473876953,-1.351536325567011],[127.70439147949219,-1.3474175951873804],[127.70679473876953,-1.3453582273847076],[127.70336151123047,-1.3439853145503378],[127.70610809326172,-1.3378071972557848],[127.7102279663086,-1.3398665714194635],[127.7102279663086,-1.3457014554726072],[127.71263122558594,-1.3422691724221067],[127.7157211303711,-1.3460446835122184],[127.7105712890625,-1.3494769612490387],[127.71503448486328,-1.3470743673411079],[127.716064453125,-1.351879552783629],[127.72018432617188,-1.3498201887565244],[127.71846771240234,-1.357027955203364],[127.72258758544922,-1.3556550489612533],[127.72224426269531,-1.3608034433485017],[127.72533416748047,-1.3608034433485017],[127.72464752197266,-1.3632060236375878],[127.72808074951172,-1.3652653762630678],[127.72705078125,-1.3735027690976978]]]}},{"type":"Feature","id":"pmtiles:8/218/128:landcover:12840969352:0","properties":{"subclass":"orchard","class":"farmland","kind":"green","verification":"verified","source":"OpenMapTiles/OpenStreetMap national PMTiles","sourceId":"8/218/128:landcover:12840969352:0","sourceLayer":"landcover","archive":"https://its.hanifahseptiani45.workers.dev/v1/map/archive/indonesia.pmtiles","updatedAt":"2026-07-26T09:35:33.439Z"},"geometry":{"type":"Polygon","coordinates":[[[127.70816802978516,-1.3693840762191485],[127.705078125,-1.3686976267173918],[127.70576477050781,-1.372473096542734],[127.70267486572266,-1.373845993184105],[127.70027160644531,-1.3717866479264416],[127.69512176513672,-1.373159544961993],[127.69615173339844,-1.3707569746327835],[127.69237518310547,-1.366638277033502],[127.69203186035156,-1.372473096542734],[127.6889419555664,-1.373159544961993],[127.68310546875,-1.3707569746327835],[127.68035888671875,-1.368354401892816],[127.6834487915039,-1.3563415021796743],[127.68104553222656,-1.3474175951873804],[127.68447875976562,-1.3491337336931082],[127.68516540527344,-1.3470743673411079],[127.68688201904297,-1.351536325567011],[127.69340515136719,-1.3563415021796743],[127.69615173339844,-1.3535956881386255],[127.69821166992188,-1.3559982755948],[127.70198822021484,-1.3529092341422881],[127.70919799804688,-1.3625195723708856],[127.70816802978516,-1.3693840762191485]]]}},{"type":"Feature","id":"pmtiles:8/218/128:landcover:12840969422:0","properties":{"subclass":"orchard","class":"farmland","kind":"green","verification":"verified","source":"OpenMapTiles/OpenStreetMap national PMTiles","sourceId":"8/218/128:landcover:12840969422:0","sourceLayer":"landcover","archive":"https://its.hanifahseptiani45.workers.dev/v1/map/archive/indonesia.pmtiles","updatedAt":"2026-07-26T09:35:33.439Z"},"geometry":{"type":"Polygon","coordinates":[[[127.6772689819336,-1.3415827152334856],[127.67898559570312,-1.3470743673411079],[127.68104553222656,-1.3474175951873804],[127.68035888671875,-1.3511930983018772],[127.68241882324219,-1.3525660070712746],[127.68310546875,-1.3580576343735657],[127.68035888671875,-1.368354401892816],[127.67692565917969,-1.3656086015292033],[127.67520904541016,-1.3601169913975752],[127.67005920410156,-1.3584008606661655],[127.66834259033203,-1.3535956881386255],[127.66456604003906,-1.3525660070712746],[127.66765594482422,-1.3487905060887613],[127.66868591308594,-1.3511930983018772],[127.672119140625,-1.350849870988256],[127.67452239990234,-1.3532524611647432],[127.67555236816406,-1.350849870988256],[127.6772689819336,-1.3511930983018772],[127.67555236816406,-1.3481040507348467],[127.6772689819336,-1.3415827152334856]]]}},{"type":"Feature","id":"pmtiles:8/218/128:landcover:12851024422:0","properties":{"subclass":"orchard","class":"farmland","kind":"green","verification":"verified","source":"OpenMapTiles/OpenStreetMap national PMTiles","sourceId":"8/218/128:landcover:12851024422:0","sourceLayer":"landcover","archive":"https://its.hanifahseptiani45.workers.dev/v1/map/archive/indonesia.pmtiles","updatedAt":"2026-07-26T09:35:33.439Z"},"geometry":{"type":"Polygon","coordinates":[[[127.65666961669922,-1.3728163207770052],[127.65220642089844,-1.3700705255243122],[127.64842987060547,-1.3741892172212005],[127.63744354248047,-1.3721298722592223],[127.63984680175781,-1.366638277033502],[127.63916015625,-1.3625195723708856],[127.64808654785156,-1.3590873131050785],[127.64774322509766,-1.3618331209085568],[127.65392303466797,-1.3611466692507008],[127.65632629394531,-1.3635492491975754],[127.65392303466797,-1.3686976267173918],[127.66353607177734,-1.3690408514928265],[127.6611328125,-1.3707569746327835],[127.65975952148438,-1.3690408514928265],[127.6559829711914,-1.369727300896301],[127.65941619873047,-1.3704137501031255],[127.65666961669922,-1.3728163207770052]]]}},{"type":"Feature","id":"pmtiles:8/218/128:landcover:12851024442:0","properties":{"subclass":"orchard","class":"farmland","kind":"green","verification":"verified","source":"OpenMapTiles/OpenStreetMap national PMTiles","sourceId":"8/218/128:landcover:12851024442:0","sourceLayer":"landcover","archive":"https://its.hanifahseptiani45.workers.dev/v1/map/archive/indonesia.pmtiles","updatedAt":"2026-07-26T09:35:33.439Z"},"geometry":{"type":"Polygon","coordinates":[[[127.67040252685547,-1.3597737653488764],[127.67829895019531,-1.3704137501031255],[127.67383575439453,-1.368354401892816],[127.67349243164062,-1.3728163207770052],[127.6669692993164,-1.364922150947919],[127.66216278076172,-1.3669815021035134],[127.66319274902344,-1.3628627980286865],[127.66010284423828,-1.3632060236375878],[127.65975952148438,-1.3594305392513633],[127.65735626220703,-1.358744086910022],[127.66181945800781,-1.3584008606661655],[127.66284942626953,-1.3556550489612533],[127.6666259765625,-1.3573711816421508],[127.6669692993164,-1.355311822279063],[127.67040252685547,-1.3597737653488764]]]}},{"type":"Feature","id":"pmtiles:8/218/128:landcover:12851288042:0","properties":{"subclass":"orchard","class":"farmland","kind":"green","verification":"verified","source":"OpenMapTiles/OpenStreetMap national PMTiles","sourceId":"8/218/128:landcover:12851288042:0","sourceLayer":"landcover","archive":"https://its.hanifahseptiani45.workers.dev/v1/map/archive/indonesia.pmtiles","updatedAt":"2026-07-26T09:35:33.439Z"},"geometry":{"type":"Polygon","coordinates":[[[127.64396667480469,-1.3443285428313203],[127.6449966430664,-1.3463879115035127],[127.64671325683594,-1.3453582273847076],[127.64636993408203,-1.350506643626133],[127.64911651611328,-1.3532524611647432],[127.64808654785156,-1.3590873131050785],[127.63744354248047,-1.3628627980286865],[127.63607025146484,-1.3693840762191485],[127.63298034667969,-1.3704137501031255],[127.63298034667969,-1.3656086015292033],[127.63195037841797,-1.3680111770191274],[127.62645721435547,-1.3676679520963546],[127.62611389160156,-1.3659518267463397],[127.63126373291016,-1.3659518267463397],[127.63641357421875,-1.3621763466641568],[127.6333236694336,-1.3625195723708856],[127.6340103149414,-1.3608034433485017],[127.63126373291016,-1.3601169913975752],[127.63435363769531,-1.3601169913975752],[127.63504028320312,-1.3546253687687368],[127.64259338378906,-1.3559982755948],[127.6449966430664,-1.3546253687687368],[127.64259338378906,-1.351536325567011],[127.64293670654297,-1.3491337336931082],[127.64568328857422,-1.3487905060887613],[127.64396667480469,-1.3443285428313203]]]}},{"type":"Feature","id":"pmtiles:8/218/128:landcover:175932020:1","properties":{"subclass":"wood","class":"wood","kind":"green","verification":"verified","source":"OpenMapTiles/OpenStreetMap national PMTiles","sourceId":"8/218/128:landcover:175932020:1","sourceLayer":"landcover","archive":"https://its.hanifahseptiani45.workers.dev/v1/map/archive/indonesia.pmtiles","updatedAt":"2026-07-26T09:35:33.439Z"},"geometry":{"type":"Polygon","coordinates":[[[127.63916015625,-1.3467311394464758],[127.64362335205078,-1.3494769612490387],[127.6449966430664,-1.3546253687687368],[127.6395034790039,-1.3559982755948],[127.63572692871094,-1.3542821419406437],[127.63435363769531,-1.3601169913975752],[127.63126373291016,-1.3601169913975752],[127.62920379638672,-1.3559982755948],[127.63675689697266,-1.351879552783629],[127.63435363769531,-1.350849870988256],[127.62748718261719,-1.355311822279063],[127.62954711914062,-1.3457014554726072],[127.63057708740234,-1.3501634162155653],[127.63195037841797,-1.3453582273847076],[127.63469696044922,-1.3463879115035127],[127.6336669921875,-1.3446717710640428],[127.63572692871094,-1.3463879115035127],[127.6388168334961,-1.3446717710640428],[127.63916015625,-1.3467311394464758]]]}},{"type":"Feature","id":"pmtiles:8/218/128:landcover:175932020:2","properties":{"subclass":"wood","class":"wood","kind":"green","verification":"verified","source":"OpenMapTiles/OpenStreetMap national PMTiles","sourceId":"8/218/128:landcover:175932020:2","sourceLayer":"landcover","archive":"https://its.hanifahseptiani45.workers.dev/v1/map/archive/indonesia.pmtiles","updatedAt":"2026-07-26T09:35:33.439Z"},"geometry":{"type":"Polygon","coordinates":[[[127.67040252685547,-1.3463879115035127],[127.66937255859375,-1.3412394865669341],[127.6669692993164,-1.3415827152334856],[127.66559600830078,-1.3371207388169637],[127.66834259033203,-1.3326587542897386],[127.67383575439453,-1.3330019841560983],[127.6772689819336,-1.3415827152334856],[127.67555236816406,-1.3481040507348467],[127.6772689819336,-1.3511930983018772],[127.67555236816406,-1.350849870988256],[127.67452239990234,-1.3532524611647432],[127.67108917236328,-1.350849870988256],[127.67040252685547,-1.3463879115035127]]]}},{"type":"Feature","id":"pmtiles:8/218/128:landcover:175932020:5","properties":{"subclass":"wood","class":"wood","kind":"green","verification":"verified","source":"OpenMapTiles/OpenStreetMap national PMTiles","sourceId":"8/218/128:landcover:175932020:5","sourceLayer":"landcover","archive":"https://its.hanifahseptiani45.workers.dev/v1/map/archive/indonesia.pmtiles","updatedAt":"2026-07-26T09:35:33.439Z"},"geometry":{"type":"Polygon","coordinates":[[[127.55195617675781,-1.428074771366937],[127.53753662109375,-1.4071384933248083],[127.5406265258789,-1.403019859042331],[127.54680633544922,-1.4023334192896897],[127.5457763671875,-1.3995876582668814],[127.55195617675781,-1.397871555994655],[127.54989624023438,-1.393752905426794],[127.55813598632812,-1.3903206911167274],[127.56156921386719,-1.3810536875891586],[127.56294250488281,-1.3834562475388168],[127.56843566894531,-1.3851723602991655],[127.56843566894531,-1.3824265792866441],[127.56156921386719,-1.3800240182955577],[127.56946563720703,-1.3759053366666052],[127.58354187011719,-1.3735027690976978],[127.59246826171875,-1.3855155827021406],[127.5893783569336,-1.389634247655522],[127.58628845214844,-1.389291025850099],[127.58525848388672,-1.3906639127724958],[127.58766174316406,-1.3916935774402361],[127.58594512939453,-1.3951257897508214],[127.59212493896484,-1.3868884718166328],[127.59796142578125,-1.3855155827021406],[127.60139465332031,-1.3910071343783414],[127.59521484375,-1.389291025850099],[127.59830474853516,-1.3916935774402361],[127.59658813476562,-1.3944393476889019],[127.59830474853516,-1.3951257897508214],[127.59830474853516,-1.397871555994655],[127.59864807128906,-1.3951257897508214],[127.60139465332031,-1.3944393476889019],[127.60208129882812,-1.3889478039948102],[127.606201171875,-1.3923800203023546],[127.60379791259766,-1.3899774694110647],[127.60551452636719,-1.3841426927919969],[127.6003646850586,-1.3820833564366524],[127.59967803955078,-1.3789943485561622],[127.60448455810547,-1.369727300896301],[127.61066436767578,-1.3693840762191485],[127.61238098144531,-1.3652653762630678],[127.60791778564453,-1.364922150947919],[127.61100769042969,-1.3601169913975752],[127.61409759521484,-1.3604602173974598],[127.61375427246094,-1.3549685955482147],[127.6171875,-1.3542821419406437],[127.61787414550781,-1.3594305392513633],[127.62027740478516,-1.3601169913975752],[127.62336730957031,-1.3532524611647432],[127.62680053710938,-1.3594305392513633],[127.62920379638672,-1.3573711816421508],[127.63160705566406,-1.3608034433485017],[127.6340103149414,-1.3608034433485017],[127.6333236694336,-1.3625195723708856],[127.63641357421875,-1.3618331209085568],[127.63126373291016,-1.3659518267463397],[127.62611389160156,-1.3659518267463397],[127.62645721435547,-1.3676679520963546],[127.63195037841797,-1.3680111770191274],[127.63298034667969,-1.3656086015292033],[127.63298034667969,-1.3704137501031255],[127.63607025146484,-1.3693840762191485],[127.63916015625,-1.3625195723708856],[127.63984680175781,-1.366638277033502],[127.63744354248047,-1.3721298722592223],[127.64842987060547,-1.3741892172212005],[127.64705657958984,-1.3755621128762385],[127.64945983886719,-1.3772782313341025],[127.64328002929688,-1.3803672414429684],[127.64225006103516,-1.389634247655522],[127.63744354248047,-1.3947825687449011],[127.63847351074219,-1.4225833069396288],[127.63778686523438,-1.3958122316124673],[127.64156341552734,-1.3968418940291656],[127.64225006103516,-1.3927232416584445],[127.64533996582031,-1.3916935774402361],[127.6449966430664,-1.395469010706691],[127.64739990234375,-1.3968418940291656],[127.64259338378906,-1.3975283353896373],[127.6446533203125,-1.4006173190275177],[127.64225006103516,-1.4023334192896897],[127.64636993408203,-1.4023334192896897],[127.64636993408203,-1.3975283353896373],[127.64774322509766,-1.3975283353896373],[127.64774322509766,-1.395469010706691],[127.65151977539062,-1.3927232416584445],[127.65117645263672,-1.3889478039948102],[127.66010284423828,-1.3776214548774277],[127.67074584960938,-1.3745324412089701],[127.6772689819336,-1.373845993184105],[127.67898559570312,-1.376935007741352],[127.68035888671875,-1.3748756651474139],[127.67829895019531,-1.3717866479264416],[127.66181945800781,-1.376935007741352],[127.66250610351562,-1.3752188890365034],[127.65769958496094,-1.3735027690976978],[127.65941619873047,-1.3704137501031255],[127.6559829711914,-1.369727300896301],[127.65975952148438,-1.3690408514928265],[127.6611328125,-1.3707569746327835],[127.66284942626953,-1.368354401892816],[127.65392303466797,-1.3686976267173918],[127.65632629394531,-1.3635492491975754],[127.65392303466797,-1.3611466692507008],[127.64774322509766,-1.3614898951040715],[127.64945983886719,-1.3566847287158765],[127.65426635742188,-1.3546253687687368],[127.65117645263672,-1.3532524611647432],[127.65254974365234,-1.3511930983018772],[127.64877319335938,-1.3467311394464758],[127.65083312988281,-1.3443285428313203],[127.65838623046875,-1.351879552783629],[127.66834259033203,-1.3535956881386255],[127.66971588134766,-1.3577144080322228],[127.66284942626953,-1.3556550489612533],[127.66181945800781,-1.3584008606661655],[127.65941619873047,-1.3573711816421508],[127.65769958496094,-1.3594305392513633],[127.65975952148438,-1.3594305392513633],[127.66010284423828,-1.3632060236375878],[127.66319274902344,-1.3628627980286865],[127.66216278076172,-1.3669815021035134],[127.6669692993164,-1.364922150947919],[127.67349243164062,-1.3728163207770052],[127.67280578613281,-1.3690408514928265],[127.6779556274414,-1.371100199113215],[127.67005920410156,-1.3584008606661655],[127.67383575439453,-1.3590873131050785],[127.67692565917969,-1.3656086015292033],[127.68482208251953,-1.3721298722592223],[127.69203186035156,-1.372473096542734],[127.69237518310547,-1.366638277033502],[127.69615173339844,-1.3707569746327835],[127.69512176513672,-1.373159544961993],[127.70027160644531,-1.3717866479264416],[127.70267486572266,-1.373845993184105],[127.70576477050781,-1.372473096542734],[127.705078125,-1.3686976267173918],[127.70816802978516,-1.3693840762191485],[127.70919799804688,-1.3632060236375878],[127.70576477050781,-1.3559982755948],[127.70988464355469,-1.355311822279063],[127.7102279663086,-1.3614898951040715],[127.71331787109375,-1.3652653762630678],[127.70885467529297,-1.3721298722592223],[127.7102279663086,-1.373845993184105],[127.71469116210938,-1.3762485604075891],[127.71881103515625,-1.3748756651474139],[127.71469116210938,-1.3889478039948102],[127.71709442138672,-1.3920367988962852],[127.71675109863281,-1.3841426927919969],[127.7212142944336,-1.3813969105879096],[127.73872375488281,-1.3899774694110647],[127.7435302734375,-1.3862020273589053],[127.74456024169922,-1.3807104645408401],[127.74971008300781,-1.3834562475388168],[127.7541732788086,-1.3848291378464808],[127.75348663330078,-1.3813969105879096],[127.7490234375,-1.3786511252106806],[127.75142669677734,-1.3656086015292033],[127.7486801147461,-1.3628627980286865],[127.75108337402344,-1.3580576343735657],[127.75760650634766,-1.3529092341422881],[127.760009765625,-1.3535956881386255],[127.76481628417969,-1.3614898951040715],[127.76309967041016,-1.3652653762630678],[127.7655029296875,-1.3669815021035134],[127.76859283447266,-1.3638924747085923],[127.77339935302734,-1.3714434235444344],[127.77889251708984,-1.3735027690976978],[127.77717590332031,-1.377964678371299],[127.77305603027344,-1.377964678371299],[127.77305603027344,-1.3807104645408401],[127.77786254882812,-1.3813969105879096],[127.78472900390625,-1.3741892172212005],[127.7871322631836,-1.3772782313341025],[127.78816223144531,-1.373845993184105],[127.78987884521484,-1.3789943485561622],[127.79365539550781,-1.376935007741352],[127.78816223144531,-1.3889478039948102],[127.7933120727539,-1.3923800203023546],[127.79296875,-1.3975283353896373],[127.7981185913086,-1.4088545887973254],[127.803955078125,-1.4157189580307374],[127.8091049194336,-1.4177782648419566],[127.81631469726562,-1.414346085806855],[127.8204345703125,-1.4174350471672312],[127.8207778930664,-1.4208672216232259],[127.82524108886719,-1.4194943524520767],[127.825927734375,-1.4225833069396288],[127.83004760742188,-1.4225833069396288],[127.82936096191406,-1.424985824237865],[127.83416748046875,-1.4273883390300455],[127.83794403076172,-1.4260154737416144],[127.83828735351562,-1.428074771366937],[127.77202606201172,-1.428074771366937],[127.61306762695312,-1.428074771366937],[127.55195617675781,-1.428074771366937]],[[127.59830474853516,-1.397871555994655],[127.59796142578125,-1.4006173190275177],[127.6003646850586,-1.4050791770912952],[127.59830474853516,-1.397871555994655]],[[127.58285522460938,-1.3886045820896697],[127.58079528808594,-1.3882613601346918],[127.5783920288086,-1.3903206911167274],[127.58113861083984,-1.4061088354351625],[127.57667541503906,-1.4116003389233214],[127.58148193359375,-1.4102274642652475],[127.61444091796875,-1.424985824237865],[127.58148193359375,-1.4095410266324535],[127.58251190185547,-1.4067952740787462],[127.57942199707031,-1.3944393476889019],[127.58216857910156,-1.3920367988962852],[127.58216857910156,-1.3886045820896697],[127.58285522460938,-1.3886045820896697]],[[127.71743774414062,-1.414346085806855],[127.7486801147461,-1.411257120334767],[127.74833679199219,-1.411257120334767],[127.71743774414062,-1.414346085806855]]]}},{"type":"Feature","id":"pmtiles:8/218/128:landuse:1504910750:0","properties":{"class":"residential","kind":"green","verification":"verified","source":"OpenMapTiles/OpenStreetMap national PMTiles","sourceId":"8/218/128:landuse:1504910750:0","sourceLayer":"landuse","archive":"https://its.hanifahseptiani45.workers.dev/v1/map/archive/indonesia.pmtiles","updatedAt":"2026-07-26T09:35:33.439Z"},"geometry":{"type":"Polygon","coordinates":[[[127.65186309814453,-1.2262552510841545],[127.64602661132812,-1.2255687627426113],[127.64225006103516,-1.222136318397446],[127.64808654785156,-1.2211065842378872],[127.65632629394531,-1.2252255185058516],[127.6559829711914,-1.227971471167507],[127.65186309814453,-1.2262552510841545]]]}},{"type":"Feature","id":"pmtiles:8/218/128:landuse:1504910750:1","properties":{"class":"residential","kind":"green","verification":"verified","source":"OpenMapTiles/OpenStreetMap national PMTiles","sourceId":"8/218/128:landuse:1504910750:1","sourceLayer":"landuse","archive":"https://its.hanifahseptiani45.workers.dev/v1/map/archive/indonesia.pmtiles","updatedAt":"2026-07-26T09:35:33.439Z"},"geometry":{"type":"Polygon","coordinates":[[[127.64602661132812,-1.3391801135571484],[127.64945983886719,-1.3405530290894347],[127.65392303466797,-1.338836884553885],[127.65426635742188,-1.3415827152334856],[127.65975952148438,-1.3463879115035127],[127.66387939453125,-1.3463879115035127],[127.66010284423828,-1.3484472784360122],[127.6556396484375,-1.3439853145503378],[127.65083312988281,-1.3443285428313203],[127.64602661132812,-1.3391801135571484]]]}},{"type":"Feature","id":"pmtiles:8/218/128:landuse:1504910750:2","properties":{"class":"residential","kind":"green","verification":"verified","source":"OpenMapTiles/OpenStreetMap national PMTiles","sourceId":"8/218/128:landuse:1504910750:2","sourceLayer":"landuse","archive":"https://its.hanifahseptiani45.workers.dev/v1/map/archive/indonesia.pmtiles","updatedAt":"2026-07-26T09:35:33.439Z"},"geometry":{"type":"Polygon","coordinates":[[[127.62577056884766,-1.3474175951873804],[127.63263702392578,-1.3371207388169637],[127.64087677001953,-1.3312858343461045],[127.64087677001953,-1.3357478213634977],[127.6443099975586,-1.3384936555025462],[127.64568328857422,-1.3391801135571484],[127.6443099975586,-1.3429556294180145],[127.63675689697266,-1.3429556294180145],[127.63538360595703,-1.336777509525561],[127.63195037841797,-1.3463879115035127],[127.62989044189453,-1.3453582273847076],[127.62680053710938,-1.3484472784360122],[127.62577056884766,-1.3474175951873804]]]}},{"type":"Feature","id":"pmtiles:8/218/128:landuse:1504910750:3","properties":{"class":"residential","kind":"green","verification":"verified","source":"OpenMapTiles/OpenStreetMap national PMTiles","sourceId":"8/218/128:landuse:1504910750:3","sourceLayer":"landuse","archive":"https://its.hanifahseptiani45.workers.dev/v1/map/archive/indonesia.pmtiles","updatedAt":"2026-07-26T09:35:33.439Z"},"geometry":{"type":"Polygon","coordinates":[[[127.71469116210938,-1.3398665714194635],[127.72327423095703,-1.3432988578436635],[127.7322006225586,-1.3439853145503378],[127.73700714111328,-1.350506643626133],[127.73391723632812,-1.350849870988256],[127.73048400878906,-1.3450149992485194],[127.72876739501953,-1.3467311394464758],[127.72258758544922,-1.3439853145503378],[127.72087097167969,-1.3457014554726072],[127.71469116210938,-1.3398665714194635]]]}},{"type":"Feature","id":"pmtiles:8/218/129:landcover:12838866552:0","properties":{"subclass":"orchard","class":"farmland","kind":"green","verification":"verified","source":"OpenMapTiles/OpenStreetMap national PMTiles","sourceId":"8/218/129:landcover:12838866552:0","sourceLayer":"landcover","archive":"https://its.hanifahseptiani45.workers.dev/v1/map/archive/indonesia.pmtiles","updatedAt":"2026-07-26T09:35:36.206Z"},"geometry":{"type":"Polygon","coordinates":[[[127.7438735961914,-1.3841426927919969],[127.7435302734375,-1.3862020273589053],[127.73872375488281,-1.3899774694110647],[127.73872375488281,-1.3841426927919969],[127.7438735961914,-1.3841426927919969]]]}}]}