{"type":"FeatureCollection","features":[{"type":"Feature","id":"pmtiles:10/854/509:mountain_peak:10701938681:0","properties":{"name_int":"Buyule Ngesdong","name_de":"Buyule Ngesdong","name":"Buyule Ngesdong","rank":3,"class":"peak","name:latin":"Buyule Ngesdong","name_en":"Buyule Ngesdong","kind":"poi","verification":"verified","source":"OpenMapTiles/OpenStreetMap national PMTiles","sourceId":"10/854/509:mountain_peak:10701938681:0","sourceLayer":"mountain_peak","archive":"https://its.hanifahseptiani45.workers.dev/v1/map/archive/indonesia.pmtiles","updatedAt":"2026-07-26T09:40:55.995Z"},"geometry":{"type":"Point","coordinates":[120.66910743713379,0.6861999495639282]}},{"type":"Feature","id":"pmtiles:10/854/509:mountain_peak:10701617591:0","properties":{"name_int":"Buluye Bauleles","name_de":"Buluye Bauleles","name":"Buluye Bauleles","rank":2,"class":"peak","name:latin":"Buluye Bauleles","name_en":"Buluye Bauleles","kind":"poi","verification":"verified","source":"OpenMapTiles/OpenStreetMap national PMTiles","sourceId":"10/854/509:mountain_peak:10701617591:0","sourceLayer":"mountain_peak","archive":"https://its.hanifahseptiani45.workers.dev/v1/map/archive/indonesia.pmtiles","updatedAt":"2026-07-26T09:40:55.995Z"},"geometry":{"type":"Point","coordinates":[120.66043853759766,0.6165099383589308]}},{"type":"Feature","id":"pmtiles:10/854/509:mountain_peak:10701740241:0","properties":{"name_int":"Buyule Ponyuliapan","name_de":"Buyule Ponyuliapan","name":"Buyule Ponyuliapan","rank":5,"class":"peak","name:latin":"Buyule Ponyuliapan","name_en":"Buyule Ponyuliapan","kind":"poi","verification":"verified","source":"OpenMapTiles/OpenStreetMap national PMTiles","sourceId":"10/854/509:mountain_peak:10701740241:0","sourceLayer":"mountain_peak","archive":"https://its.hanifahseptiani45.workers.dev/v1/map/archive/indonesia.pmtiles","updatedAt":"2026-07-26T09:40:55.995Z"},"geometry":{"type":"Point","coordinates":[120.6163215637207,0.6452614756497042]}},{"type":"Feature","id":"pmtiles:10/854/509:park:107591413:0","properties":{"name_int":"Parigi Marine Conservation Area","name_de":"Kawasan Konservasi Perairan Parigi","name":"Kawasan Konservasi Perairan Parigi","rank":1,"name:en":"Parigi Marine Conservation Area","class":"protected_area","name:latin":"Kawasan Konservasi Perairan Parigi","name_en":"Parigi Marine Conservation Area","kind":"green","verification":"verified","source":"OpenMapTiles/OpenStreetMap national PMTiles","sourceId":"10/854/509:park:107591413:0","sourceLayer":"park","archive":"https://its.hanifahseptiani45.workers.dev/v1/map/archive/indonesia.pmtiles","updatedAt":"2026-07-26T09:40:55.995Z"},"geometry":{"type":"Point","coordinates":[120.69683074951172,0.38168624854500877]}},{"type":"Feature","id":"pmtiles:10/855/509:mountain_peak:10701938681:0","properties":{"name_int":"Buyule Ngesdong","name_de":"Buyule Ngesdong","name":"Buyule Ngesdong","rank":4,"class":"peak","name:latin":"Buyule Ngesdong","name_en":"Buyule Ngesdong","kind":"poi","verification":"verified","source":"OpenMapTiles/OpenStreetMap national PMTiles","sourceId":"10/855/509:mountain_peak:10701938681:0","sourceLayer":"mountain_peak","archive":"https://its.hanifahseptiani45.workers.dev/v1/map/archive/indonesia.pmtiles","updatedAt":"2026-07-26T09:40:56.075Z"},"geometry":{"type":"Point","coordinates":[120.66910743713379,0.6861999495639282]}},{"type":"Feature","id":"pmtiles:10/855/509:mountain_peak:10701617591:0","properties":{"name_int":"Buluye Bauleles","name_de":"Buluye Bauleles","name":"Buluye Bauleles","rank":2,"class":"peak","name:latin":"Buluye Bauleles","name_en":"Buluye Bauleles","kind":"poi","verification":"verified","source":"OpenMapTiles/OpenStreetMap national PMTiles","sourceId":"10/855/509:mountain_peak:10701617591:0","sourceLayer":"mountain_peak","archive":"https://its.hanifahseptiani45.workers.dev/v1/map/archive/indonesia.pmtiles","updatedAt":"2026-07-26T09:40:56.075Z"},"geometry":{"type":"Point","coordinates":[120.66043853759766,0.6165099383589308]}},{"type":"Feature","id":"pmtiles:10/855/509:mountain_peak:10701623341:0","properties":{"name_int":"Buluye Bosagon","name_de":"Buluye Bosagon","name":"Buluye Bosagon","rank":3,"class":"peak","name:latin":"Buluye Bosagon","name_en":"Buluye Bosagon","kind":"poi","verification":"verified","source":"OpenMapTiles/OpenStreetMap national PMTiles","sourceId":"10/855/509:mountain_peak:10701623341:0","sourceLayer":"mountain_peak","archive":"https://its.hanifahseptiani45.workers.dev/v1/map/archive/indonesia.pmtiles","updatedAt":"2026-07-26T09:40:56.075Z"},"geometry":{"type":"Point","coordinates":[120.71700096130371,0.6193421863569313]}},{"type":"Feature","id":"pmtiles:10/855/509:mountain_peak:10701740241:0","properties":{"name_int":"Buyule Ponyuliapan","name_de":"Buyule Ponyuliapan","name":"Buyule Ponyuliapan","rank":5,"class":"peak","name:latin":"Buyule Ponyuliapan","name_en":"Buyule Ponyuliapan","kind":"poi","verification":"verified","source":"OpenMapTiles/OpenStreetMap national PMTiles","sourceId":"10/855/509:mountain_peak:10701740241:0","sourceLayer":"mountain_peak","archive":"https://its.hanifahseptiani45.workers.dev/v1/map/archive/indonesia.pmtiles","updatedAt":"2026-07-26T09:40:56.075Z"},"geometry":{"type":"Point","coordinates":[120.6163215637207,0.6452614756497042]}},{"type":"Feature","id":"pmtiles:10/855/509:mountain_peak:10701573451:0","properties":{"name_int":"Buyule Tinombala","name_de":"Buyule Tinombala","name":"Buyule Tinombala","rank":2,"class":"peak","name:latin":"Buyule Tinombala","name_en":"Buyule Tinombala","kind":"poi","verification":"verified","source":"OpenMapTiles/OpenStreetMap national PMTiles","sourceId":"10/855/509:mountain_peak:10701573451:0","sourceLayer":"mountain_peak","archive":"https://its.hanifahseptiani45.workers.dev/v1/map/archive/indonesia.pmtiles","updatedAt":"2026-07-26T09:40:56.075Z"},"geometry":{"type":"Point","coordinates":[120.83733558654785,0.6878306154122953]}},{"type":"Feature","id":"pmtiles:10/855/509:mountain_peak:10701661041:0","properties":{"name_int":"Buyule Tongkou","name_de":"Buyule Tongkou","name":"Buyule Tongkou","rank":3,"class":"peak","name:latin":"Buyule Tongkou","name_en":"Buyule Tongkou","kind":"poi","verification":"verified","source":"OpenMapTiles/OpenStreetMap national PMTiles","sourceId":"10/855/509:mountain_peak:10701661041:0","sourceLayer":"mountain_peak","archive":"https://its.hanifahseptiani45.workers.dev/v1/map/archive/indonesia.pmtiles","updatedAt":"2026-07-26T09:40:56.075Z"},"geometry":{"type":"Point","coordinates":[120.81270217895508,0.6753002215246795]}},{"type":"Feature","id":"pmtiles:10/855/509:mountain_peak:10701791771:0","properties":{"name_int":"Buyule Simongoloyo","name_de":"Buyule Simongoloyo","name":"Buyule Simongoloyo","rank":4,"class":"peak","name:latin":"Buyule Simongoloyo","name_en":"Buyule Simongoloyo","kind":"poi","verification":"verified","source":"OpenMapTiles/OpenStreetMap national PMTiles","sourceId":"10/855/509:mountain_peak:10701791771:0","sourceLayer":"mountain_peak","archive":"https://its.hanifahseptiani45.workers.dev/v1/map/archive/indonesia.pmtiles","updatedAt":"2026-07-26T09:40:56.075Z"},"geometry":{"type":"Point","coordinates":[120.75253486633301,0.6565045703180203]}},{"type":"Feature","id":"pmtiles:10/855/509:mountain_peak:10701833011:0","properties":{"name_int":"Buyule Galege","name_de":"Buyule Galege","name":"Buyule Galege","rank":2,"class":"peak","name:latin":"Buyule Galege","name_en":"Buyule Galege","kind":"poi","verification":"verified","source":"OpenMapTiles/OpenStreetMap national PMTiles","sourceId":"10/855/509:mountain_peak:10701833011:0","sourceLayer":"mountain_peak","archive":"https://its.hanifahseptiani45.workers.dev/v1/map/archive/indonesia.pmtiles","updatedAt":"2026-07-26T09:40:56.075Z"},"geometry":{"type":"Point","coordinates":[120.93698501586914,0.6899762275215977]}},{"type":"Feature","id":"pmtiles:10/855/509:mountain_peak:10701917521:0","properties":{"name_int":"Buyule Kukusan","name_de":"Buyule Kukusan","name":"Buyule Kukusan","rank":3,"class":"peak","name:latin":"Buyule Kukusan","name_en":"Buyule Kukusan","kind":"poi","verification":"verified","source":"OpenMapTiles/OpenStreetMap national PMTiles","sourceId":"10/855/509:mountain_peak:10701917521:0","sourceLayer":"mountain_peak","archive":"https://its.hanifahseptiani45.workers.dev/v1/map/archive/indonesia.pmtiles","updatedAt":"2026-07-26T09:40:56.075Z"},"geometry":{"type":"Point","coordinates":[120.90831756591797,0.6977004230814146]}},{"type":"Feature","id":"pmtiles:10/855/509:park:107591413:0","properties":{"name_int":"Parigi Marine Conservation Area","name_de":"Kawasan Konservasi Perairan Parigi","name":"Kawasan Konservasi Perairan Parigi","rank":1,"name:en":"Parigi Marine Conservation Area","class":"protected_area","name:latin":"Kawasan Konservasi Perairan Parigi","name_en":"Parigi Marine Conservation Area","kind":"green","verification":"verified","source":"OpenMapTiles/OpenStreetMap national PMTiles","sourceId":"10/855/509:park:107591413:0","sourceLayer":"park","archive":"https://its.hanifahseptiani45.workers.dev/v1/map/archive/indonesia.pmtiles","updatedAt":"2026-07-26T09:40:56.075Z"},"geometry":{"type":"Point","coordinates":[120.69683074951172,0.38168624854500877]}},{"type":"Feature","id":"pmtiles:10/856/509:mountain_peak:10701833011:0","properties":{"name_int":"Buyule Galege","name_de":"Buyule Galege","name":"Buyule Galege","rank":2,"class":"peak","name:latin":"Buyule Galege","name_en":"Buyule Galege","kind":"poi","verification":"verified","source":"OpenMapTiles/OpenStreetMap national PMTiles","sourceId":"10/856/509:mountain_peak:10701833011:0","sourceLayer":"mountain_peak","archive":"https://its.hanifahseptiani45.workers.dev/v1/map/archive/indonesia.pmtiles","updatedAt":"2026-07-26T09:40:56.143Z"},"geometry":{"type":"Point","coordinates":[120.93698501586914,0.6899762275215977]}},{"type":"Feature","id":"pmtiles:10/856/509:mountain_peak:10701917521:0","properties":{"name_int":"Buyule Kukusan","name_de":"Buyule Kukusan","name":"Buyule Kukusan","rank":3,"class":"peak","name:latin":"Buyule Kukusan","name_en":"Buyule Kukusan","kind":"poi","verification":"verified","source":"OpenMapTiles/OpenStreetMap national PMTiles","sourceId":"10/856/509:mountain_peak:10701917521:0","sourceLayer":"mountain_peak","archive":"https://its.hanifahseptiani45.workers.dev/v1/map/archive/indonesia.pmtiles","updatedAt":"2026-07-26T09:40:56.143Z"},"geometry":{"type":"Point","coordinates":[120.90831756591797,0.6977004230814146]}},{"type":"Feature","id":"pmtiles:10/856/509:park:107591413:0","properties":{"name_int":"Parigi Marine Conservation Area","name_de":"Kawasan Konservasi Perairan Parigi","name":"Kawasan Konservasi Perairan Parigi","rank":1,"name:en":"Parigi Marine Conservation Area","class":"protected_area","name:latin":"Kawasan Konservasi Perairan Parigi","name_en":"Parigi Marine Conservation Area","kind":"green","verification":"verified","source":"OpenMapTiles/OpenStreetMap national PMTiles","sourceId":"10/856/509:park:107591413:0","sourceLayer":"park","archive":"https://its.hanifahseptiani45.workers.dev/v1/map/archive/indonesia.pmtiles","updatedAt":"2026-07-26T09:40:56.143Z"},"geometry":{"type":"Point","coordinates":[120.69683074951172,0.38168624854500877]}},{"type":"Feature","id":"pmtiles:10/854/510:mountain_peak:10701938681:0","properties":{"name_int":"Buyule Ngesdong","name_de":"Buyule Ngesdong","name":"Buyule Ngesdong","rank":3,"class":"peak","name:latin":"Buyule Ngesdong","name_en":"Buyule Ngesdong","kind":"poi","verification":"verified","source":"OpenMapTiles/OpenStreetMap national PMTiles","sourceId":"10/854/510:mountain_peak:10701938681:0","sourceLayer":"mountain_peak","archive":"https://its.hanifahseptiani45.workers.dev/v1/map/archive/indonesia.pmtiles","updatedAt":"2026-07-26T09:41:06.389Z"},"geometry":{"type":"Point","coordinates":[120.66910743713379,0.6861999495639282]}},{"type":"Feature","id":"pmtiles:10/854/510:mountain_peak:10701568771:0","properties":{"name_int":"Buluye Tagala","name_de":"Buluye Tagala","name":"Buluye Tagala","rank":1,"class":"peak","name:latin":"Buluye Tagala","name_en":"Buluye Tagala","kind":"poi","verification":"verified","source":"OpenMapTiles/OpenStreetMap national PMTiles","sourceId":"10/854/510:mountain_peak:10701568771:0","sourceLayer":"mountain_peak","archive":"https://its.hanifahseptiani45.workers.dev/v1/map/archive/indonesia.pmtiles","updatedAt":"2026-07-26T09:41:06.389Z"},"geometry":{"type":"Point","coordinates":[120.61537742614746,0.5754850897717745]}},{"type":"Feature","id":"pmtiles:10/854/510:mountain_peak:10701617591:0","properties":{"name_int":"Buluye Bauleles","name_de":"Buluye Bauleles","name":"Buluye Bauleles","rank":2,"class":"peak","name:latin":"Buluye Bauleles","name_en":"Buluye Bauleles","kind":"poi","verification":"verified","source":"OpenMapTiles/OpenStreetMap national PMTiles","sourceId":"10/854/510:mountain_peak:10701617591:0","sourceLayer":"mountain_peak","archive":"https://its.hanifahseptiani45.workers.dev/v1/map/archive/indonesia.pmtiles","updatedAt":"2026-07-26T09:41:06.389Z"},"geometry":{"type":"Point","coordinates":[120.66043853759766,0.6165099383589308]}},{"type":"Feature","id":"pmtiles:10/854/510:mountain_peak:10701685971:0","properties":{"name_int":"Buluye Tinombali","name_de":"Buluye Tinombali","name":"Buluye Tinombali","rank":4,"class":"peak","name:latin":"Buluye Tinombali","name_en":"Buluye Tinombali","kind":"poi","verification":"verified","source":"OpenMapTiles/OpenStreetMap national PMTiles","sourceId":"10/854/510:mountain_peak:10701685971:0","sourceLayer":"mountain_peak","archive":"https://its.hanifahseptiani45.workers.dev/v1/map/archive/indonesia.pmtiles","updatedAt":"2026-07-26T09:41:06.389Z"},"geometry":{"type":"Point","coordinates":[120.63692092895508,0.6030352834294916]}},{"type":"Feature","id":"pmtiles:10/854/510:mountain_peak:10701740241:0","properties":{"name_int":"Buyule Ponyuliapan","name_de":"Buyule Ponyuliapan","name":"Buyule Ponyuliapan","rank":5,"class":"peak","name:latin":"Buyule Ponyuliapan","name_en":"Buyule Ponyuliapan","kind":"poi","verification":"verified","source":"OpenMapTiles/OpenStreetMap national PMTiles","sourceId":"10/854/510:mountain_peak:10701740241:0","sourceLayer":"mountain_peak","archive":"https://its.hanifahseptiani45.workers.dev/v1/map/archive/indonesia.pmtiles","updatedAt":"2026-07-26T09:41:06.389Z"},"geometry":{"type":"Point","coordinates":[120.6163215637207,0.6452614756497042]}},{"type":"Feature","id":"pmtiles:10/855/510:landcover:9486907172:0","properties":{"subclass":"wood","class":"wood","kind":"green","verification":"verified","source":"OpenMapTiles/OpenStreetMap national PMTiles","sourceId":"10/855/510:landcover:9486907172:0","sourceLayer":"landcover","archive":"https://its.hanifahseptiani45.workers.dev/v1/map/archive/indonesia.pmtiles","updatedAt":"2026-07-26T09:41:06.462Z"},"geometry":{"type":"Polygon","coordinates":[[[120.9429931640625,0.5790897957099048],[120.9363842010498,0.5784890115456847],[120.9360408782959,0.576600832330044],[120.9426498413086,0.5678465387258456],[120.9429931640625,0.567503232822844],[120.9429931640625,0.5434717696847997],[120.94016075134277,0.5369489273010117],[120.93415260314941,0.5358331772465164],[120.9323501586914,0.5371205811374864],[120.93132019042969,0.5456174399860458],[120.92745780944824,0.5485355503671485],[120.91466903686523,0.5389229461290768],[120.90934753417969,0.5378071964351534],[120.90239524841309,0.5290528456382475],[120.87201118469238,0.5251906281126679],[120.8649730682373,0.5210709267887665],[120.85536003112793,0.5091409432511398],[120.83630561828613,0.5087976340431197],[120.83184242248535,0.5113724526570991],[120.82737922668457,0.5185819392653883],[120.82952499389648,0.5298252888554202],[120.83561897277832,0.5375497157075699],[120.83501815795898,0.5439009038061045],[120.83184242248535,0.5471623221292958],[120.82523345947266,0.5495654713388092],[120.82137107849121,0.555830820078171],[120.8210277557373,0.5596071914551572],[120.8261775970459,0.5657867030024448],[120.82669258117676,0.5702496794753245],[120.81278800964355,0.5744551733704242],[120.80334663391113,0.5840677191864643],[120.81047058105469,0.5953109438594453],[120.8111572265625,0.6020053721170342],[120.81450462341309,0.6093863988712087],[120.81493377685547,0.6135918630883879],[120.8122730255127,0.6169390669404748],[120.80755233764648,0.6150509009230802],[120.8016300201416,0.6079273594969976],[120.79776763916016,0.6061250161964153],[120.78592300415039,0.6153942038850744],[120.77485084533691,0.6162524611933975],[120.76652526855469,0.6140209919046384],[120.75639724731445,0.6046659759422539],[120.74592590332031,0.5990014630125131],[120.72446823120117,0.5835527617892637],[120.71245193481445,0.5845826765364848],[120.70481300354004,0.5891314644060515],[120.69803237915039,0.5959975522614371],[120.69425582885742,0.596684160577837],[120.67837715148926,0.7043088914445121],[120.68696022033691,0.706197023545343],[120.68696022033691,0.708600099655115],[120.9429931640625,0.708600099655115],[120.9429931640625,0.5790897957099048]]]}},{"type":"Feature","id":"pmtiles:10/855/510:landuse:2568168800:0","properties":{"class":"residential","kind":"green","verification":"verified","source":"OpenMapTiles/OpenStreetMap national PMTiles","sourceId":"10/855/510:landuse:2568168800:0","sourceLayer":"landuse","archive":"https://its.hanifahseptiani45.workers.dev/v1/map/archive/indonesia.pmtiles","updatedAt":"2026-07-26T09:41:06.462Z"},"geometry":{"type":"Polygon","coordinates":[[[120.71957588195801,0.5383221578577206],[120.72052001953125,0.5410686180426438],[120.72137832641602,0.5409827911806531],[120.72257995605469,0.5420985402917893],[120.7203483581543,0.5425276745105947],[120.72009086608887,0.5409827911806531],[120.7192325592041,0.5411544449034125],[120.71949005126953,0.5428709818637287],[120.71837425231934,0.5433001160277229],[120.71863174438477,0.5438150769842878],[120.72052001953125,0.5434717696847997],[120.72112083435059,0.5449308255727487],[120.72197914123535,0.544759171957196],[120.72172164916992,0.5439009038061045],[120.72266578674316,0.5435575965114907],[120.72463989257812,0.5449308255727487],[120.7232666015625,0.5469906685774504],[120.72137832641602,0.5480205898148256],[120.72120666503906,0.549393817855858],[120.72240829467773,0.5481922433371977],[120.72300910949707,0.5496512980784303],[120.72489738464355,0.5481064165766298],[120.72592735290527,0.5490505108751478],[120.72481155395508,0.5503379119510186],[120.72549819946289,0.5508528723035937],[120.72712898254395,0.550767045581253],[120.7284164428711,0.5531701933389428],[120.73253631591797,0.549393817855858],[120.73485374450684,0.550767045581253],[120.73605537414551,0.5496512980784303],[120.73451042175293,0.5478489362875649],[120.73605537414551,0.5461324007445825],[120.73562622070312,0.5453599595902432],[120.73657035827637,0.544587518336769],[120.73588371276855,0.5438150769842878],[120.73639869689941,0.5434717696847997],[120.73519706726074,0.5419268865957605],[120.73657035827637,0.5409827911806531],[120.73554039001465,0.5391804267986942],[120.73596954345703,0.5387512923433064],[120.73287963867188,0.53471742698882],[120.73348045349121,0.5338591574218157],[120.73159217834473,0.5332583686536339],[120.73408126831055,0.5311126940033262],[120.73382377624512,0.5295678077937112],[120.72996139526367,0.5328292337833034],[120.72833061218262,0.5305119049676392],[120.72669982910156,0.531026867001799],[120.72772979736328,0.5322284449146366],[120.72738647460938,0.532657579826818],[120.72790145874023,0.5366914465372616],[120.72738647460938,0.5373780618831603],[120.72592735290527,0.5357473503108281],[120.72669982910156,0.5351465617273448],[120.72566986083984,0.5334300225933788],[120.7243824005127,0.5344599461313067],[120.72309494018555,0.5330867147090856],[120.72172164916992,0.5336016765283489],[120.72017669677734,0.5358331772465164],[120.7203483581543,0.5377213695271621],[120.71957588195801,0.5383221578577206]]]}},{"type":"Feature","id":"pmtiles:10/855/510:landuse:2568168800:1","properties":{"class":"residential","kind":"green","verification":"verified","source":"OpenMapTiles/OpenStreetMap national PMTiles","sourceId":"10/855/510:landuse:2568168800:1","sourceLayer":"landuse","archive":"https://its.hanifahseptiani45.workers.dev/v1/map/archive/indonesia.pmtiles","updatedAt":"2026-07-26T09:41:06.462Z"},"geometry":{"type":"Polygon","coordinates":[[[120.77759742736816,0.4979833847040993],[120.77725410461426,0.5051928862584276],[120.78060150146484,0.5155779875032209],[120.78369140625,0.5230449506772743],[120.78000068664551,0.5251048010293999],[120.78025817871094,0.5255339364340728],[120.7840347290039,0.5238173946386979],[120.78566551208496,0.5283662293644369],[120.78240394592285,0.5291386726671163],[120.78060150146484,0.5313701750007453],[120.78094482421875,0.5317993099726124],[120.78300476074219,0.5299969428906195],[120.78583717346191,0.5291386726671163],[120.78643798828125,0.5320567909413967],[120.78746795654297,0.5316276559874495],[120.78377723693848,0.520126828188495],[120.78738212585449,0.5187535936088068],[120.78738212585449,0.5180669762071517],[120.78609466552734,0.5178094946623588],[120.78309059143066,0.5190969022817029],[120.77836990356445,0.5035621663647021],[120.77939987182617,0.49832669448161937],[120.77759742736816,0.4979833847040993]]]}},{"type":"Feature","id":"pmtiles:10/855/510:landuse:2568168800:2","properties":{"class":"residential","kind":"green","verification":"verified","source":"OpenMapTiles/OpenStreetMap national PMTiles","sourceId":"10/855/510:landuse:2568168800:2","sourceLayer":"landuse","archive":"https://its.hanifahseptiani45.workers.dev/v1/map/archive/indonesia.pmtiles","updatedAt":"2026-07-26T09:41:06.462Z"},"geometry":{"type":"Polygon","coordinates":[[[120.8122730255127,0.5300827699064286],[120.81055641174316,0.5307693859900837],[120.81175804138184,0.5314560019975119],[120.81253051757812,0.5311126940033262],[120.81338882446289,0.5318851369633961],[120.81304550170898,0.5306835589837959],[120.8122730255127,0.5300827699064286]]]}},{"type":"Feature","id":"pmtiles:10/855/510:landuse:2568168800:3","properties":{"class":"residential","kind":"green","verification":"verified","source":"OpenMapTiles/OpenStreetMap national PMTiles","sourceId":"10/855/510:landuse:2568168800:3","sourceLayer":"landuse","archive":"https://its.hanifahseptiani45.workers.dev/v1/map/archive/indonesia.pmtiles","updatedAt":"2026-07-26T09:41:06.462Z"},"geometry":{"type":"Polygon","coordinates":[[[120.8060073852539,0.5356615233739319],[120.80489158630371,0.5352323886714458],[120.80523490905762,0.539523734341202],[120.81029891967773,0.5394379074573976],[120.80995559692383,0.5372064080539047],[120.81124305725098,0.5371205811374864],[120.81132888793945,0.5361764849772612],[120.81235885620117,0.5360048311142833],[120.81235885620117,0.535575696435842],[120.81072807312012,0.5356615233739319],[120.81072807312012,0.5364339657626829],[120.81012725830078,0.5364339657626829],[120.80961227416992,0.5375497157075699],[120.80909729003906,0.5375497157075699],[120.80909729003906,0.5386654654486165],[120.80583572387695,0.5388371192368027],[120.8060073852539,0.5356615233739319]]]}},{"type":"Feature","id":"pmtiles:10/855/510:mountain_peak:10701938681:0","properties":{"name_int":"Buyule Ngesdong","name_de":"Buyule Ngesdong","name":"Buyule Ngesdong","rank":4,"class":"peak","name:latin":"Buyule Ngesdong","name_en":"Buyule Ngesdong","kind":"poi","verification":"verified","source":"OpenMapTiles/OpenStreetMap national PMTiles","sourceId":"10/855/510:mountain_peak:10701938681:0","sourceLayer":"mountain_peak","archive":"https://its.hanifahseptiani45.workers.dev/v1/map/archive/indonesia.pmtiles","updatedAt":"2026-07-26T09:41:06.463Z"},"geometry":{"type":"Point","coordinates":[120.66910743713379,0.6861999495639282]}},{"type":"Feature","id":"pmtiles:10/855/510:mountain_peak:10701568771:0","properties":{"name_int":"Buluye Tagala","name_de":"Buluye Tagala","name":"Buluye Tagala","rank":1,"class":"peak","name:latin":"Buluye Tagala","name_en":"Buluye Tagala","kind":"poi","verification":"verified","source":"OpenMapTiles/OpenStreetMap national PMTiles","sourceId":"10/855/510:mountain_peak:10701568771:0","sourceLayer":"mountain_peak","archive":"https://its.hanifahseptiani45.workers.dev/v1/map/archive/indonesia.pmtiles","updatedAt":"2026-07-26T09:41:06.463Z"},"geometry":{"type":"Point","coordinates":[120.61537742614746,0.5754850897717745]}},{"type":"Feature","id":"pmtiles:10/855/510:mountain_peak:10701617591:0","properties":{"name_int":"Buluye Bauleles","name_de":"Buluye Bauleles","name":"Buluye Bauleles","rank":2,"class":"peak","name:latin":"Buluye Bauleles","name_en":"Buluye Bauleles","kind":"poi","verification":"verified","source":"OpenMapTiles/OpenStreetMap national PMTiles","sourceId":"10/855/510:mountain_peak:10701617591:0","sourceLayer":"mountain_peak","archive":"https://its.hanifahseptiani45.workers.dev/v1/map/archive/indonesia.pmtiles","updatedAt":"2026-07-26T09:41:06.463Z"},"geometry":{"type":"Point","coordinates":[120.66043853759766,0.6165099383589308]}},{"type":"Feature","id":"pmtiles:10/855/510:mountain_peak:10701623341:0","properties":{"name_int":"Buluye Bosagon","name_de":"Buluye Bosagon","name":"Buluye Bosagon","rank":3,"class":"peak","name:latin":"Buluye Bosagon","name_en":"Buluye Bosagon","kind":"poi","verification":"verified","source":"OpenMapTiles/OpenStreetMap national PMTiles","sourceId":"10/855/510:mountain_peak:10701623341:0","sourceLayer":"mountain_peak","archive":"https://its.hanifahseptiani45.workers.dev/v1/map/archive/indonesia.pmtiles","updatedAt":"2026-07-26T09:41:06.463Z"},"geometry":{"type":"Point","coordinates":[120.71700096130371,0.6193421863569313]}},{"type":"Feature","id":"pmtiles:10/855/510:mountain_peak:10701685971:0","properties":{"name_int":"Buluye Tinombali","name_de":"Buluye Tinombali","name":"Buluye Tinombali","rank":4,"class":"peak","name:latin":"Buluye Tinombali","name_en":"Buluye Tinombali","kind":"poi","verification":"verified","source":"OpenMapTiles/OpenStreetMap national PMTiles","sourceId":"10/855/510:mountain_peak:10701685971:0","sourceLayer":"mountain_peak","archive":"https://its.hanifahseptiani45.workers.dev/v1/map/archive/indonesia.pmtiles","updatedAt":"2026-07-26T09:41:06.463Z"},"geometry":{"type":"Point","coordinates":[120.63692092895508,0.6030352834294916]}},{"type":"Feature","id":"pmtiles:10/855/510:mountain_peak:10701740241:0","properties":{"name_int":"Buyule Ponyuliapan","name_de":"Buyule Ponyuliapan","name":"Buyule Ponyuliapan","rank":5,"class":"peak","name:latin":"Buyule Ponyuliapan","name_en":"Buyule Ponyuliapan","kind":"poi","verification":"verified","source":"OpenMapTiles/OpenStreetMap national PMTiles","sourceId":"10/855/510:mountain_peak:10701740241:0","sourceLayer":"mountain_peak","archive":"https://its.hanifahseptiani45.workers.dev/v1/map/archive/indonesia.pmtiles","updatedAt":"2026-07-26T09:41:06.463Z"},"geometry":{"type":"Point","coordinates":[120.6163215637207,0.6452614756497042]}},{"type":"Feature","id":"pmtiles:10/855/510:mountain_peak:10701573451:0","properties":{"name_int":"Buyule Tinombala","name_de":"Buyule Tinombala","name":"Buyule Tinombala","rank":2,"class":"peak","name:latin":"Buyule Tinombala","name_en":"Buyule Tinombala","kind":"poi","verification":"verified","source":"OpenMapTiles/OpenStreetMap national PMTiles","sourceId":"10/855/510:mountain_peak:10701573451:0","sourceLayer":"mountain_peak","archive":"https://its.hanifahseptiani45.workers.dev/v1/map/archive/indonesia.pmtiles","updatedAt":"2026-07-26T09:41:06.463Z"},"geometry":{"type":"Point","coordinates":[120.83733558654785,0.6878306154122953]}},{"type":"Feature","id":"pmtiles:10/855/510:mountain_peak:10701661041:0","properties":{"name_int":"Buyule Tongkou","name_de":"Buyule Tongkou","name":"Buyule Tongkou","rank":3,"class":"peak","name:latin":"Buyule Tongkou","name_en":"Buyule Tongkou","kind":"poi","verification":"verified","source":"OpenMapTiles/OpenStreetMap national PMTiles","sourceId":"10/855/510:mountain_peak:10701661041:0","sourceLayer":"mountain_peak","archive":"https://its.hanifahseptiani45.workers.dev/v1/map/archive/indonesia.pmtiles","updatedAt":"2026-07-26T09:41:06.463Z"},"geometry":{"type":"Point","coordinates":[120.81270217895508,0.6753002215246795]}},{"type":"Feature","id":"pmtiles:10/855/510:mountain_peak:10701791771:0","properties":{"name_int":"Buyule Simongoloyo","name_de":"Buyule Simongoloyo","name":"Buyule Simongoloyo","rank":4,"class":"peak","name:latin":"Buyule Simongoloyo","name_en":"Buyule Simongoloyo","kind":"poi","verification":"verified","source":"OpenMapTiles/OpenStreetMap national PMTiles","sourceId":"10/855/510:mountain_peak:10701791771:0","sourceLayer":"mountain_peak","archive":"https://its.hanifahseptiani45.workers.dev/v1/map/archive/indonesia.pmtiles","updatedAt":"2026-07-26T09:41:06.463Z"},"geometry":{"type":"Point","coordinates":[120.75253486633301,0.6565045703180203]}},{"type":"Feature","id":"pmtiles:10/855/510:mountain_peak:10701632891:0","properties":{"name_int":"Buluye Malinobesar","name_de":"Buluye Malinobesar","name":"Buluye Malinobesar","rank":1,"class":"peak","name:latin":"Buluye Malinobesar","name_en":"Buluye Malinobesar","kind":"poi","verification":"verified","source":"OpenMapTiles/OpenStreetMap national PMTiles","sourceId":"10/855/510:mountain_peak:10701632891:0","sourceLayer":"mountain_peak","archive":"https://its.hanifahseptiani45.workers.dev/v1/map/archive/indonesia.pmtiles","updatedAt":"2026-07-26T09:41:06.463Z"},"geometry":{"type":"Point","coordinates":[120.83587646484375,0.5939377267990551]}},{"type":"Feature","id":"pmtiles:10/855/510:mountain_peak:10701643481:0","properties":{"name_int":"Buluye Sangkabaulang","name_de":"Buluye Sangkabaulang","name":"Buluye Sangkabaulang","rank":2,"class":"peak","name:latin":"Buluye Sangkabaulang","name_en":"Buluye Sangkabaulang","kind":"poi","verification":"verified","source":"OpenMapTiles/OpenStreetMap national PMTiles","sourceId":"10/855/510:mountain_peak:10701643481:0","sourceLayer":"mountain_peak","archive":"https://its.hanifahseptiani45.workers.dev/v1/map/archive/indonesia.pmtiles","updatedAt":"2026-07-26T09:41:06.463Z"},"geometry":{"type":"Point","coordinates":[120.83072662353516,0.5202126553398045]}},{"type":"Feature","id":"pmtiles:10/855/510:mountain_peak:10701780311:0","properties":{"name_int":"Buluye Godangsoda","name_de":"Buluye Godangsoda","name":"Buluye Godangsoda","rank":3,"class":"peak","name:latin":"Buluye Godangsoda","name_en":"Buluye Godangsoda","kind":"poi","verification":"verified","source":"OpenMapTiles/OpenStreetMap national PMTiles","sourceId":"10/855/510:mountain_peak:10701780311:0","sourceLayer":"mountain_peak","archive":"https://its.hanifahseptiani45.workers.dev/v1/map/archive/indonesia.pmtiles","updatedAt":"2026-07-26T09:41:06.463Z"},"geometry":{"type":"Point","coordinates":[120.82969665527344,0.5420985402917893]}},{"type":"Feature","id":"pmtiles:10/855/510:mountain_peak:10701862951:0","properties":{"name_int":"Buluye Salumedi","name_de":"Buluye Salumedi","name":"Buluye Salumedi","rank":4,"class":"peak","name:latin":"Buluye Salumedi","name_en":"Buluye Salumedi","kind":"poi","verification":"verified","source":"OpenMapTiles/OpenStreetMap national PMTiles","sourceId":"10/855/510:mountain_peak:10701862951:0","sourceLayer":"mountain_peak","archive":"https://its.hanifahseptiani45.workers.dev/v1/map/archive/indonesia.pmtiles","updatedAt":"2026-07-26T09:41:06.463Z"},"geometry":{"type":"Point","coordinates":[120.86420059204102,0.5592638850665566]}},{"type":"Feature","id":"pmtiles:10/855/510:mountain_peak:10701621341:0","properties":{"name_int":"Buluye Sikota","name_de":"Buluye Sikota","name":"Buluye Sikota","rank":1,"class":"peak","name:latin":"Buluye Sikota","name_en":"Buluye Sikota","kind":"poi","verification":"verified","source":"OpenMapTiles/OpenStreetMap national PMTiles","sourceId":"10/855/510:mountain_peak:10701621341:0","sourceLayer":"mountain_peak","archive":"https://its.hanifahseptiani45.workers.dev/v1/map/archive/indonesia.pmtiles","updatedAt":"2026-07-26T09:41:06.463Z"},"geometry":{"type":"Point","coordinates":[120.87149620056152,0.4367881428589726]}},{"type":"Feature","id":"pmtiles:10/855/510:mountain_peak:10701688761:0","properties":{"name_int":"Buluye Batudako","name_de":"Buluye Batudako","name":"Buluye Batudako","rank":2,"class":"peak","name:latin":"Buluye Batudako","name_en":"Buluye Batudako","kind":"poi","verification":"verified","source":"OpenMapTiles/OpenStreetMap national PMTiles","sourceId":"10/855/510:mountain_peak:10701688761:0","sourceLayer":"mountain_peak","archive":"https://its.hanifahseptiani45.workers.dev/v1/map/archive/indonesia.pmtiles","updatedAt":"2026-07-26T09:41:06.463Z"},"geometry":{"type":"Point","coordinates":[120.88033676147461,0.4708618567934906]}},{"type":"Feature","id":"pmtiles:10/855/510:mountain_peak:10701882021:0","properties":{"name_int":"Buluye Tabuluo","name_de":"Buluye Tabuluo","name":"Buluye Tabuluo","rank":3,"class":"peak","name:latin":"Buluye Tabuluo","name_en":"Buluye Tabuluo","kind":"poi","verification":"verified","source":"OpenMapTiles/OpenStreetMap national PMTiles","sourceId":"10/855/510:mountain_peak:10701882021:0","sourceLayer":"mountain_peak","archive":"https://its.hanifahseptiani45.workers.dev/v1/map/archive/indonesia.pmtiles","updatedAt":"2026-07-26T09:41:06.463Z"},"geometry":{"type":"Point","coordinates":[120.82154273986816,0.46614132674416453]}},{"type":"Feature","id":"pmtiles:10/855/510:mountain_peak:10701833011:0","properties":{"name_int":"Buyule Galege","name_de":"Buyule Galege","name":"Buyule Galege","rank":2,"class":"peak","name:latin":"Buyule Galege","name_en":"Buyule Galege","kind":"poi","verification":"verified","source":"OpenMapTiles/OpenStreetMap national PMTiles","sourceId":"10/855/510:mountain_peak:10701833011:0","sourceLayer":"mountain_peak","archive":"https://its.hanifahseptiani45.workers.dev/v1/map/archive/indonesia.pmtiles","updatedAt":"2026-07-26T09:41:06.463Z"},"geometry":{"type":"Point","coordinates":[120.93698501586914,0.6899762275215977]}},{"type":"Feature","id":"pmtiles:10/855/510:mountain_peak:10701917521:0","properties":{"name_int":"Buyule Kukusan","name_de":"Buyule Kukusan","name":"Buyule Kukusan","rank":3,"class":"peak","name:latin":"Buyule Kukusan","name_en":"Buyule Kukusan","kind":"poi","verification":"verified","source":"OpenMapTiles/OpenStreetMap national PMTiles","sourceId":"10/855/510:mountain_peak:10701917521:0","sourceLayer":"mountain_peak","archive":"https://its.hanifahseptiani45.workers.dev/v1/map/archive/indonesia.pmtiles","updatedAt":"2026-07-26T09:41:06.463Z"},"geometry":{"type":"Point","coordinates":[120.90831756591797,0.6977004230814146]}},{"type":"Feature","id":"pmtiles:10/855/510:mountain_peak:10701616311:0","properties":{"name_int":"Buluye Santigi","name_de":"Buluye Santigi","name":"Buluye Santigi","rank":1,"class":"peak","name:latin":"Buluye Santigi","name_en":"Buluye Santigi","kind":"poi","verification":"verified","source":"OpenMapTiles/OpenStreetMap national PMTiles","sourceId":"10/855/510:mountain_peak:10701616311:0","sourceLayer":"mountain_peak","archive":"https://its.hanifahseptiani45.workers.dev/v1/map/archive/indonesia.pmtiles","updatedAt":"2026-07-26T09:41:06.463Z"},"geometry":{"type":"Point","coordinates":[120.90402603149414,0.40425918852741916]}},{"type":"Feature","id":"pmtiles:10/855/510:mountain_peak:10701738911:0","properties":{"name_int":"Buluye Maramba","name_de":"Buluye Maramba","name":"Buluye Maramba","rank":2,"class":"peak","name:latin":"Buluye Maramba","name_en":"Buluye Maramba","kind":"poi","verification":"verified","source":"OpenMapTiles/OpenStreetMap national PMTiles","sourceId":"10/855/510:mountain_peak:10701738911:0","sourceLayer":"mountain_peak","archive":"https://its.hanifahseptiani45.workers.dev/v1/map/archive/indonesia.pmtiles","updatedAt":"2026-07-26T09:41:06.463Z"},"geometry":{"type":"Point","coordinates":[120.92977523803711,0.4250296711082058]}},{"type":"Feature","id":"pmtiles:10/855/510:mountain_peak:10701799131:0","properties":{"name_int":"Buluye Sologi","name_de":"Buluye Sologi","name":"Buluye Sologi","rank":4,"class":"peak","name:latin":"Buluye Sologi","name_en":"Buluye Sologi","kind":"poi","verification":"verified","source":"OpenMapTiles/OpenStreetMap national PMTiles","sourceId":"10/855/510:mountain_peak:10701799131:0","sourceLayer":"mountain_peak","archive":"https://its.hanifahseptiani45.workers.dev/v1/map/archive/indonesia.pmtiles","updatedAt":"2026-07-26T09:41:06.463Z"},"geometry":{"type":"Point","coordinates":[120.93338012695312,0.4106963273672193]}},{"type":"Feature","id":"pmtiles:10/855/510:park:107591413:0","properties":{"name":"Kawasan Konservasi Perairan Parigi","name_int":"Parigi Marine Conservation Area","class":"protected_area","name:latin":"Kawasan Konservasi Perairan Parigi","name_de":"Kawasan Konservasi Perairan Parigi","name_en":"Parigi Marine Conservation Area","kind":"green","verification":"verified","source":"OpenMapTiles/OpenStreetMap national PMTiles","sourceId":"10/855/510:park:107591413:0","sourceLayer":"park","archive":"https://its.hanifahseptiani45.workers.dev/v1/map/archive/indonesia.pmtiles","updatedAt":"2026-07-26T09:41:06.463Z"},"geometry":{"type":"Polygon","coordinates":[[[120.65211296081543,0.5176378402933466],[120.6570053100586,0.5146338880848873],[120.66000938415527,0.5138614430022983],[120.66447257995605,0.512316552557067],[120.66842079162598,0.5100850434788669],[120.67082405090332,0.5094842524408563],[120.67434310913086,0.5093984251451502],[120.67803382873535,0.5098275616122976],[120.67957878112793,0.5095700797354539],[120.68035125732422,0.5098275616122976],[120.6818962097168,0.5098275616122976],[120.68352699279785,0.5104283526182627],[120.68421363830566,0.5111149708420868],[120.6844711303711,0.5116299344617659],[120.68507194519043,0.5122307252991618],[120.68670272827148,0.5128315160802401],[120.68764686584473,0.513432306804944],[120.6877326965332,0.5129173433300878],[120.68816184997559,0.5131748250726957],[120.68841934204102,0.5120590707799408],[120.68953514099121,0.5112007981148992],[120.69013595581055,0.5117157617277002],[120.69047927856445,0.5115441071946947],[120.69116592407227,0.5116299344617659],[120.69202423095703,0.510600007181111],[120.69399833679199,0.510771661739355],[120.69382667541504,0.5101708707654495],[120.69399833679199,0.5099992161911615],[120.69494247436523,0.5100850434788669],[120.69528579711914,0.5105141799002695],[120.69743156433105,0.5087976340431197],[120.69760322570801,0.5083684975074192],[120.69820404052734,0.5081968428851553],[120.6987190246582,0.507510224350483],[120.69923400878906,0.5073385697054107],[120.69974899291992,0.5067377784118605],[120.69957733154297,0.5065661237463104],[120.69966316223145,0.5059653323811091],[120.69923400878906,0.5060511597224178],[120.69906234741211,0.5054503683095533],[120.69931983947754,0.5042487853171167],[120.69880485534668,0.5035621663647021],[120.69897651672363,0.5027038925724838],[120.7012939453125,0.5013306542704044],[120.70575714111328,0.49944245113495356],[120.70721626281738,0.49858417680302125],[120.70876121520996,0.49815503959509044],[120.69314002990723,0.42726120728441686],[120.91475486755371,0.37885389820824855],[120.9429931640625,0.37533491619788606],[120.9429931640625,0.34606723172845477],[120.5804443359375,0.34606723172845477],[120.5804443359375,0.5125740343238334],[120.58250427246094,0.5136039612873446],[120.58473587036133,0.5140330974731739],[120.58834075927734,0.5172945315413955],[120.5914306640625,0.5185819392653883],[120.59623718261719,0.5196118652560813],[120.59906959533691,0.5184102849172945],[120.60104370117188,0.517895321845117],[120.60164451599121,0.5186677664376731],[120.60164451599121,0.5190110751152162],[120.60070037841797,0.5187535936088068],[120.60044288635254,0.5189252479475925],[120.60044288635254,0.5194402109359402],[120.60121536254883,0.5206417910788872],[120.60173034667969,0.5211567539272153],[120.60258865356445,0.5209850996491099],[120.60293197631836,0.5202126553398045],[120.60327529907227,0.520126828188495],[120.60370445251465,0.5212425810645271],[120.60430526733398,0.521585889602008],[120.60567855834961,0.5206417910788872],[120.60662269592285,0.5208992725083164],[120.60730934143066,0.5206417910788872],[120.60876846313477,0.5208134453663433],[120.6093692779541,0.5205559639334041],[120.61065673828125,0.5212425810645271],[120.61091423034668,0.5210709267887665],[120.61091423034668,0.5202984824899488],[120.6119441986084,0.5196118652560813],[120.61211585998535,0.5196976924143968],[120.61203002929688,0.5197835195715612],[120.6137466430664,0.5196976924143968],[120.6159782409668,0.518839420778761],[120.6159782409668,0.5190110751152162],[120.6163215637207,0.5190110751152162],[120.61692237854004,0.518496112091924],[120.61846733093262,0.5190969022817029],[120.61872482299805,0.5196118652560813],[120.6203556060791,0.5196118652560813],[120.62044143676758,0.5197835195715612],[120.62009811401367,0.5199551738823516],[120.62087059020996,0.5199551738823516],[120.62344551086426,0.5189252479475925],[120.62370300292969,0.5190110751152162],[120.6240463256836,0.5186677664376731],[120.62790870666504,0.5176378402933466],[120.63185691833496,0.5157496419278971],[120.6324577331543,0.5162646051741149],[120.63271522521973,0.5171228771584424],[120.6350326538086,0.517380358731117],[120.63700675964355,0.5171228771584424],[120.63820838928223,0.5174661859196732],[120.64035415649414,0.5176378402933466],[120.64215660095215,0.5187535936088068],[120.64413070678711,0.5205559639334041],[120.64653396606445,0.5216717167334508],[120.64756393432617,0.5212425810645271],[120.64816474914551,0.5206417910788872],[120.64970970153809,0.5200410010360059],[120.65211296081543,0.5176378402933466]],[[120.81433296203613,0.362546408775259],[120.81493377685547,0.36400550115094177],[120.81493377685547,0.3646921327755166],[120.81467628479004,0.3656362511737683],[120.81390380859375,0.3668378562642829],[120.81398963928223,0.36709534304841895],[120.81416130065918,0.3669236851931572],[120.8140754699707,0.3671811719748206],[120.81381797790527,0.3674386587490801],[120.81218719482422,0.3662370537391695],[120.81132888793945,0.3651212775142767],[120.81192970275879,0.3607440002219704],[120.8126163482666,0.3604865132566033],[120.81433296203613,0.362546408775259]],[[120.68816184997559,0.3868359740355203],[120.68756103515625,0.3858060291860852],[120.6877326965332,0.38529105671460684],[120.68799018859863,0.3855485429542398],[120.68816184997559,0.3861493441497572],[120.68859100341797,0.38640683036342693],[120.68987846374512,0.3859776866696478],[120.69047927856445,0.38537688546200854],[120.69073677062988,0.38469025545853697],[120.6903076171875,0.384261111678299],[120.69022178649902,0.3838319678765032],[120.69047927856445,0.38314533774884296],[120.6914234161377,0.3834028240531637],[120.69211006164551,0.3844327691929692],[120.69279670715332,0.38503357046718634],[120.69262504577637,0.3854627142085434],[120.6917667388916,0.38606351541015727],[120.68979263305664,0.3870076314982782],[120.68816184997559,0.3868359740355203]]]}},{"type":"Feature","id":"pmtiles:10/855/510:park:7768934812:0","properties":{"name":"Cagar Alam Gunung Tinombala","name_int":"Gunung Tinombala Nature Reserve","class":"protected_area","name:latin":"Cagar Alam Gunung Tinombala","name_de":"Cagar Alam Gunung Tinombala","name_en":"Gunung Tinombala Nature Reserve","kind":"green","verification":"verified","source":"OpenMapTiles/OpenStreetMap national PMTiles","sourceId":"10/855/510:park:7768934812:0","sourceLayer":"park","archive":"https://its.hanifahseptiani45.workers.dev/v1/map/archive/indonesia.pmtiles","updatedAt":"2026-07-26T09:41:06.463Z"},"geometry":{"type":"Polygon","coordinates":[[[120.94127655029297,0.708600099655115],[120.94136238098145,0.7078276824698548],[120.9378433227539,0.6927226096090919],[120.93672752380371,0.6857708268798319],[120.89896202087402,0.667919289422187],[120.89664459228516,0.6673185153894678],[120.8891773223877,0.6668893910354683],[120.86986541748047,0.6648295936159059],[120.86617469787598,0.6641429942849726],[120.86454391479492,0.6648295936159059],[120.86033821105957,0.6695499614263127],[120.85166931152344,0.6680051142780172],[120.85081100463867,0.668434238534644],[120.8510684967041,0.6733262524039816],[120.84360122680664,0.6804497024083531],[120.81845283508301,0.6701507351859277],[120.81459045410156,0.6683484136863029],[120.81132888793945,0.6631989200492256],[120.80514907836914,0.6577919459652009],[120.7975959777832,0.6516125398414232],[120.79313278198242,0.6480937079625875],[120.79184532165527,0.6473212811249454],[120.78360557556152,0.6445748736391721],[120.76815605163574,0.6401119583187267],[120.76626777648926,0.6392537049263751],[120.75021743774414,0.6347049595568137],[120.73957443237305,0.6274956190894585],[120.73554039001465,0.6244917242892711],[120.72953224182129,0.6205437456568461],[120.72524070739746,0.6171107183634064],[120.72189331054688,0.6153083781466506],[120.70558547973633,0.60784153363916],[120.69331169128418,0.6017478942585228],[120.6749439239502,0.5951392917455678],[120.67254066467285,0.5941093789502787],[120.66601753234863,0.593079465963001],[120.66455841064453,0.5945385093049964],[120.66224098205566,0.594710161437547],[120.66035270690918,0.5943668571671026],[120.6588077545166,0.594710161437547],[120.6562328338623,0.596340856430345],[120.6547737121582,0.5996880709532917],[120.65374374389648,0.6006321567312227],[120.65425872802734,0.6018337202126958],[120.6533145904541,0.6046659759422539],[120.65202713012695,0.6115320442916357],[120.65271377563477,0.6117895216845],[120.65279960632324,0.6141068176637674],[120.65340042114258,0.6174540211926711],[120.65520286560059,0.6193421863569313],[120.65468788146973,0.6214020021325837],[120.65803527832031,0.6252641545450359],[120.65777778625488,0.6266373636078981],[120.65949440002441,0.6287830020477259],[120.66121101379395,0.6303278611785288],[120.66473007202148,0.6344474832839069],[120.66670417785645,0.6359065153274344],[120.6679916381836,0.6373655469585771],[120.66824913024902,0.6401977836500521],[120.66910743713379,0.6410560368843932],[120.6697940826416,0.6414851634476264],[120.66996574401855,0.6422575911707469],[120.67065238952637,0.6427725429213211],[120.66987991333008,0.6432016693404705],[120.66884994506836,0.6432874946199689],[120.66807746887207,0.6439740968040013],[120.6679916381836,0.6461197280325592],[120.66764831542969,0.6472354559134885],[120.6679916381836,0.6476645819562066],[120.66859245300293,0.6476645819562066],[120.66962242126465,0.6469779802704352],[120.66953659057617,0.6470638054862263],[120.67073822021484,0.6470638054862263],[120.67151069641113,0.6462055532628597],[120.6723690032959,0.6456906018592434],[120.67374229431152,0.6461197280325592],[120.67502975463867,0.6462055532628597],[120.67554473876953,0.6459480775675814],[120.67605972290039,0.6463772037191404],[120.67811965942383,0.6457764270967914],[120.67983627319336,0.6475787567505762],[120.68181037902832,0.6478362323631188],[120.68241119384766,0.6490377850486482],[120.6862735748291,0.6504968129258231],[120.68721771240234,0.6519558403811487],[120.68730354309082,0.6534148674137015],[120.6888484954834,0.6532432171965468],[120.69125175476074,0.6537581678304178],[120.69236755371094,0.6516983649785573],[120.69331169128418,0.6514408895627923],[120.69399833679199,0.6534148674137015],[120.69580078125,0.6537581678304178],[120.69923400878906,0.6557321447705675],[120.69940567016602,0.6576202958980986],[120.70052146911621,0.6582210711071639],[120.7009506225586,0.6597659213122995],[120.70155143737793,0.6607099962015894],[120.70687294006348,0.6630272701688114],[120.71073532104492,0.661482420977606],[120.71356773376465,0.6643146441266339],[120.71296691894531,0.6650012434337214],[120.71133613586426,0.6651728932455825],[120.70961952209473,0.6663744417612634],[120.7093620300293,0.6688633627537683],[120.71022033691406,0.6704082096317734],[120.7133960723877,0.6722963551540033],[120.71545600891113,0.6722963551540033],[120.71768760681152,0.6729829533448282],[120.7181167602539,0.6736695514389623],[120.71682929992676,0.6750427473369598],[120.71717262268066,0.6787332093891507],[120.72352409362793,0.6807071763086014],[120.72481155395508,0.6813937733086988],[120.72386741638184,0.682852791608866],[120.7221508026123,0.6831960899681206],[120.7218074798584,0.684311809466223],[120.72163581848145,0.6864574231559288],[120.72300910949707,0.6885172113923659],[120.72566986083984,0.6901478764485773],[120.72712898254395,0.6897187541194967],[120.7284164428711,0.6898045785884079],[120.72970390319824,0.6902337009097437],[120.73116302490234,0.6928084340237177],[120.73073387145996,0.6940958000563597],[120.72944641113281,0.6941816244460881],[120.7276439666748,0.6971854771037158],[120.7284164428711,0.7002751521236377],[120.72953224182129,0.7032790008851464],[120.73056221008301,0.7041372430337276],[120.73442459106445,0.7055104301427519],[120.73493957519531,0.7063686718801563],[120.73545455932617,0.708600099655115],[120.94127655029297,0.708600099655115]]]}},{"type":"Feature","id":"pmtiles:10/855/510:park:7768934622:0","properties":{"name":"Suaka Margasatwa Tanjung Santigi","name_int":"Tanjung Santigi Wildlife Reserve","class":"protected_area","name:latin":"Suaka Margasatwa Tanjung Santigi","name_de":"Suaka Margasatwa Tanjung Santigi","name_en":"Tanjung Santigi Wildlife Reserve","kind":"green","verification":"verified","source":"OpenMapTiles/OpenStreetMap national PMTiles","sourceId":"10/855/510:park:7768934622:0","sourceLayer":"park","archive":"https://its.hanifahseptiani45.workers.dev/v1/map/archive/indonesia.pmtiles","updatedAt":"2026-07-26T09:41:06.463Z"},"geometry":{"type":"Polygon","coordinates":[[[120.8884048461914,0.4486324242710822],[120.88943481445312,0.4485465962132622],[120.89158058166504,0.4476883155796827],[120.8920955657959,0.44734500329811056],[120.8924388885498,0.4462292382721387],[120.89561462402344,0.4442551920426894],[120.89595794677734,0.44365439525938655],[120.89750289916992,0.4367881428589726],[120.89741706848145,0.4361015172722915],[120.89518547058105,0.43258256015967333],[120.8950138092041,0.4312951364173898],[120.89432716369629,0.4299218841856032],[120.89295387268066,0.4283769751296802],[120.89235305786133,0.4267462374550064],[120.8909797668457,0.42460052946184135],[120.88763236999512,0.42271230593516407],[120.88677406311035,0.4206524252006858],[120.88651657104492,0.41936499946537253],[120.88677406311035,0.41807757351831754],[120.88849067687988,0.4169618041934342],[120.89115142822266,0.4136144952717302],[120.89303970336914,0.4127562107049698],[120.89484214782715,0.41284203916580964],[120.89733123779297,0.41498775038540714],[120.89836120605469,0.41747677467074595],[120.89561462402344,0.4187642007164101],[120.89518547058105,0.4201374549320178],[120.89570045471191,0.4215107089062826],[120.89896202087402,0.42262647758209937],[120.90033531188965,0.4239139027781249],[120.9019660949707,0.42451470112970924],[120.90291023254395,0.4252871560845932],[120.90608596801758,0.42537298440812776],[120.9071159362793,0.42605961096217015],[120.90900421142578,0.42382807443836157],[120.90986251831055,0.42193985072363205],[120.90977668762207,0.41661849052319155],[120.91054916381836,0.41490192194777364],[120.9129524230957,0.41412946596723543],[120.91192245483398,0.41284203916580964],[120.90934753417969,0.4122412399204478],[120.90926170349121,0.41043884191262237],[120.91012001037598,0.4094947285082071],[120.91561317443848,0.40915141451537806],[120.91870307922363,0.4126703822431921],[120.9213638305664,0.40983804248632794],[120.92308044433594,0.4094947285082071],[120.92419624328613,0.4100955279602658],[120.92514038085938,0.40975221399318684],[120.92659950256348,0.41000969946986743],[120.92771530151367,0.40958055700411933],[120.92951774597168,0.40958055700411933],[120.92986106872559,0.40906558601488996],[120.93157768249512,0.40863644349862227],[120.93243598937988,0.40812147244884045],[120.93449592590332,0.405718273781261],[120.93535423278809,0.405031645459232],[120.9360408782959,0.4040875314214958],[120.93518257141113,0.40237096016285534],[120.93406677246094,0.4018559887147717],[120.93406677246094,0.4012551886509641],[120.93355178833008,0.40091187430898856],[120.9334659576416,0.4004827313612651],[120.93226432800293,0.3999677597943503],[120.92917442321777,0.4005685599526032],[120.92694282531738,0.400654388543046],[120.92445373535156,0.4004827313612651],[120.92411041259766,0.40013941698691724],[120.92205047607422,0.399796102598188],[120.92007637023926,0.3999677597943503],[120.91827392578125,0.40074021713259356],[120.91561317443848,0.4012551886509641],[120.91415405273438,0.40091187430898856],[120.91157913208008,0.40091187430898856],[120.90900421142578,0.3995386167972299],[120.90797424316406,0.39928113098818585],[120.90763092041016,0.3995386167972299],[120.9071159362793,0.3989378165636026],[120.9060001373291,0.39842284489989765],[120.90325355529785,0.397736215964855],[120.90291023254395,0.3973929014759108],[120.90102195739746,0.39687792971574254],[120.90024948120117,0.3963629579235146],[120.89990615844727,0.3967062724552335],[120.89964866638184,0.3961054720154067],[120.89836120605469,0.3961054720154067],[120.89767456054688,0.3957621574587904],[120.89707374572754,0.3963629579235146],[120.8950138092041,0.39756455872216634],[120.89364051818848,0.40013941698691724],[120.89123725891113,0.4030575887097285],[120.89037895202637,0.4036583886407641],[120.88977813720703,0.40340090296147935],[120.88909149169922,0.4036583886407641],[120.88874816894531,0.4041733599749051],[120.88874816894531,0.4047741598234609],[120.8884048461914,0.40537495962752246],[120.88728904724121,0.4066623876288844],[120.8836841583252,0.40915141451537806],[120.88282585144043,0.4101813564497263],[120.88213920593262,0.41164044062973915],[120.88136672973633,0.4124987253168655],[120.88171005249023,0.41284203916580964],[120.88171005249023,0.41309952454278687],[120.88093757629395,0.41335700991143653],[120.87982177734375,0.41292786762573996],[120.87913513183594,0.4144727797456653],[120.87733268737793,0.4167901473601745],[120.87733268737793,0.4182492303234824],[120.87544441223145,0.42039494007059375],[120.87484359741211,0.4206524252006858],[120.87295532226562,0.42193985072363205],[120.87201118469238,0.4220256790842427],[120.87115287780762,0.4239997311169077],[120.86926460266113,0.4250296711082058],[120.86814880371094,0.42597378264625263],[120.86694717407227,0.4262312675911204],[120.86565971374512,0.4255446410523689],[120.8646297454834,0.42537298440812776],[120.8635139465332,0.4258021260115612],[120.8635139465332,0.42605961096217015],[120.86480140686035,0.4271753789819144],[120.86531639099121,0.42872028828017505],[120.86445808410645,0.43138096467365017],[120.86256980895996,0.43395581191069255],[120.86686134338379,0.43816139384405517],[120.86660385131836,0.43996378537984526],[120.8672046661377,0.4409937232049401],[120.8672046661377,0.44168034834251557],[120.86874961853027,0.4445126763634448],[120.86960792541504,0.4445126763634448],[120.87055206298828,0.44502764497802616],[120.87226867675781,0.44519930117488116],[120.87329864501953,0.44502764497802616],[120.87810516357422,0.44562844164958904],[120.87982177734375,0.44562844164958904],[120.88136672973633,0.4453709573677713],[120.88231086730957,0.4455426135566398],[120.88376998901367,0.44588592592238285],[120.88437080383301,0.4474308313700135],[120.8854866027832,0.44880408038370945],[120.88737487792969,0.44897573649231504],[120.8884048461914,0.4486324242710822]]]}},{"type":"Feature","id":"pmtiles:10/855/510:transportation:4018070110:1","properties":{"class":"secondary","highway":"secondary","kind":"road","verification":"verified","source":"OpenMapTiles/OpenStreetMap national PMTiles","sourceId":"10/855/510:transportation:4018070110:1","sourceLayer":"transportation","archive":"https://its.hanifahseptiani45.workers.dev/v1/map/archive/indonesia.pmtiles","updatedAt":"2026-07-26T09:41:06.464Z"},"geometry":{"type":"LineString","coordinates":[[120.62490463256836,0.708600099655115],[120.62516212463379,0.7081709790125217],[120.62499046325684,0.7077418583302091],[120.62284469604492,0.7063686718801563],[120.6247329711914,0.7053387817762768],[120.62567710876465,0.7044805398489444],[120.62610626220703,0.7037081219791759],[120.62610626220703,0.7029357039815096],[120.62687873840332,0.702334934339433],[120.62679290771484,0.7015625161147483],[120.62773704528809,0.7004468006762323],[120.62782287597656,0.6987303148676745],[120.62653541564941,0.6977004230814146],[120.62747955322266,0.6962414093317193],[120.62885284423828,0.6950398682576235],[120.6302261352539,0.6943532732208553],[120.6313419342041,0.6920360142361943],[120.6313419342041,0.6910919454361846],[120.63228607177734,0.6898045785884079],[120.63194274902344,0.6887746848594105],[120.63305854797363,0.6878306154122953],[120.63451766967773,0.687315668362416],[120.6364917755127,0.685513353250883],[120.6379508972168,0.6848267568393851],[120.63863754272461,0.68422598489866],[120.64043998718262,0.6835393883028473],[120.6412124633789,0.6826811424200514],[120.64739227294922,0.6816512471585128],[120.64799308776855,0.6813079486890246],[120.65237045288086,0.6732404276414456],[120.65400123596191,0.6713522824840368],[120.65460205078125,0.6676618148457294],[120.65468788146973,0.6653445430514608],[120.65606117248535,0.6646579437921218],[120.65709114074707,0.6631130951097646],[120.65812110900879,0.6625981454417911],[120.6588077545166,0.6630272701688114],[120.66103935241699,0.6629414452263944],[120.6643009185791,0.6604525212495673],[120.66558837890625,0.6599375713055053],[120.66704750061035,0.6597659213122995],[120.66919326782227,0.6603666962625994],[120.66996574401855,0.6599375713055053],[120.66996574401855,0.6597659213122995],[120.66953659057617,0.6596800963134797],[120.66953659057617,0.6592509712971548],[120.66893577575684,0.6590793212802879],[120.6686782836914,0.6580494210548125],[120.6679916381836,0.6577061209323887],[120.66756248474121,0.6580494210548125],[120.6672191619873,0.6577061209323887],[120.66713333129883,0.6562470951487853],[120.66464424133301,0.6559037949025424],[120.66447257995605,0.6547880689396379],[120.66481590270996,0.6540156431275221],[120.66558837890625,0.653329042305856],[120.66567420959473,0.6528140916280307],[120.6643009185791,0.6525566162693366],[120.66412925720215,0.6517841901142134],[120.66241264343262,0.6509259386917989],[120.6631851196289,0.6499818619584659],[120.662841796875,0.6496385612843767],[120.66387176513672,0.6490377850486482],[120.66370010375977,0.6483511835489679],[120.66412925720215,0.6478362323631188],[120.6643009185791,0.6468921550531661],[120.66481590270996,0.6481795331595066],[120.66550254821777,0.6486944843104538],[120.66747665405273,0.6494669109385995],[120.6679916381836,0.6501535122867494],[120.66816329956055,0.6501535122867494],[120.66807746887207,0.6491236102295375],[120.66773414611816,0.6483511835489679],[120.6672191619873,0.6483511835489679],[120.66670417785645,0.6478362323631188],[120.66653251647949,0.6475787567505762],[120.66670417785645,0.6472354559134885],[120.66816329956055,0.6473212811249454],[120.66884994506836,0.6477504071603875],[120.67065238952637,0.648265358354962],[120.67099571228027,0.6481795331595066],[120.67082405090332,0.6479220575644007],[120.6712532043457,0.6465488541696232],[120.67219734191895,0.6454331261378456],[120.67202568054199,0.6449181746560129],[120.67099571228027,0.644145747335557],[120.67142486572266,0.643544970449824],[120.67116737365723,0.6425150670525426],[120.67142486572266,0.6422575911707469],[120.67211151123047,0.6427725429213211],[120.67262649536133,0.6427725429213211],[120.67211151123047,0.6415709887559586],[120.67022323608398,0.6401119583187267],[120.66996574401855,0.6394253556163392],[120.66790580749512,0.6380521499361578],[120.6679916381836,0.634533308709635],[120.66627502441406,0.6329884508289467],[120.66739082336426,0.6307569886335926],[120.66739082336426,0.6300703846885227],[120.66679000854492,0.6287830020477259],[120.66584587097168,0.6279247467774383],[120.66584587097168,0.6263798869360073],[120.66558837890625,0.6262082358143886],[120.66455841064453,0.6265515380520128],[120.66309928894043,0.6246633754670228],[120.6631851196289,0.6243200731059062],[120.66404342651367,0.6240625963203428],[120.66292762756348,0.6235476427114293],[120.66301345825195,0.6215736534109908],[120.66352844238281,0.6202862686869679],[120.66421508789062,0.6205437456568461],[120.66490173339844,0.6215736534109908],[120.66558837890625,0.6216594790481054],[120.66618919372559,0.6209728739121232],[120.66679000854492,0.6214020021325837],[120.66730499267578,0.6193421863569313],[120.6657600402832,0.6183122781687729],[120.66567420959473,0.617883149698045],[120.66481590270996,0.6173681954874297],[120.66455841064453,0.6163382869166298],[120.66524505615234,0.6156516810920749],[120.66404342651367,0.6136776888543949],[120.66507339477539,0.6134202115522385],[120.66584587097168,0.6123903022198078],[120.66636085510254,0.6121328248557774],[120.66713333129883,0.6129910826878131],[120.66807746887207,0.6129052569107927],[120.66816329956055,0.6123044764331809],[120.66842079162598,0.612046999065015],[120.6679916381836,0.6113603926895195],[120.66747665405273,0.6113603926895195],[120.6672191619873,0.6111029152760636],[120.66679000854492,0.6100730054988759],[120.66670417785645,0.6081848370623106],[120.66747665405273,0.6068116232388832],[120.66816329956055,0.6067257973633247],[120.6686782836914,0.6062966679651964],[120.66910743713379,0.6062966679651964],[120.6694507598877,0.606897449113049],[120.66996574401855,0.6066399714864303],[120.67039489746094,0.606897449113049],[120.67099571228027,0.6056958867506523],[120.67022323608398,0.6041510204647551],[120.67056655883789,0.6038077167859797],[120.67185401916504,0.6038935427077092],[120.67176818847656,0.6032927612271806],[120.67219734191895,0.6030352834294916],[120.67262649536133,0.6019195461655471],[120.67228317260742,0.6014045904282597],[120.67254066467285,0.6001172008725604],[120.67305564880371,0.5991731150057831],[120.67314147949219,0.5983148549856878],[120.67357063293457,0.5979715509400592],[120.67623138427734,0.5977140728917618],[120.67691802978516,0.5972849427844125],[120.67743301391602,0.5972849427844125],[120.67760467529297,0.5969416386744228],[120.67794799804688,0.5969416386744228],[120.67829132080078,0.5973707688085597],[120.67811965942383,0.596684160577837],[120.67760467529297,0.5964266824692288],[120.67760467529297,0.5937660746425166],[120.68000793457031,0.5959117262158742],[120.68052291870117,0.5959117262158742],[120.6807804107666,0.5962550303901253],[120.68163871765137,0.5965983345429748],[120.68163871765137,0.5959117262158742],[120.68249702453613,0.5952251178031815],[120.6822395324707,0.5936802485622223],[120.68258285522461,0.5929936398720912],[120.68249702453613,0.5918779005690169],[120.68292617797852,0.5911912916555337],[120.6836986541748,0.5915345961228695],[120.6844711303711,0.5903330303942909],[120.68498611450195,0.5900755519900969],[120.68618774414062,0.590504682657155],[120.68713188171387,0.5902472042608764],[120.68696022033691,0.5893031167059775],[120.6862735748291,0.5891314644060515],[120.68524360656738,0.5882732028272386],[120.6859302520752,0.5880157243278461],[120.68635940551758,0.5884448551535684],[120.68704605102539,0.588530681314765],[120.68781852722168,0.5881015504956224],[120.68876266479492,0.588530681314765],[120.68876266479492,0.5879298981587198],[120.68807601928711,0.5875007672934203],[120.6888484954834,0.5874149411164069],[120.6891918182373,0.5869858102115444],[120.68970680236816,0.5880157243278461],[120.69005012512207,0.5880157243278461],[120.69013595581055,0.5867283316528216],[120.69082260131836,0.5862133744998346],[120.6906509399414,0.5856125910948293],[120.69005012512207,0.5851834600518231],[120.68893432617188,0.5851834600518231],[120.68893432617188,0.5850118076254489],[120.69116592407227,0.5845826765364848],[120.69236755371094,0.5853551124729677],[120.69271087646484,0.5859558959055704],[120.69296836853027,0.585698417299497],[120.69253921508789,0.5839818929568708],[120.69356918334961,0.582866151852997],[120.69451332092285,0.5830378043448974],[120.6954574584961,0.5826944993558385],[120.69683074951172,0.5833811093130379],[120.69760322570801,0.5831236305889007],[120.69794654846191,0.5824370206003238],[120.69897651672363,0.5814071054606131],[120.70009231567383,0.5816645842631658],[120.70043563842773,0.5814929317294428],[120.70206642150879,0.5797764061053385],[120.70198059082031,0.5790039694046385],[120.70249557495117,0.5784890115456847],[120.70369720458984,0.5781457062804236],[120.70412635803223,0.5771157903601534],[120.70395469665527,0.57702996402503],[120.70335388183594,0.5777165746696653],[120.70206642150879,0.5780598799608612],[120.70112228393555,0.5773732693577074],[120.70086479187012,0.5769441376886277],[120.70215225219727,0.57702996402503],[120.70283889770508,0.575570916130161],[120.70472717285156,0.5735110831727752],[120.70867538452148,0.5762575269507693],[120.70893287658691,0.5766866586716333],[120.70901870727539,0.5759142215508035],[120.70867538452148,0.5744551733704242],[120.70919036865234,0.5742835206188204],[120.71056365966797,0.5759142215508035],[120.71133613586426,0.5756567424872685],[120.71202278137207,0.5759142215508035],[120.71322441101074,0.5759142215508035],[120.71425437927246,0.5772874430264778],[120.7148551940918,0.5773732693577074],[120.71459770202637,0.5766866586716333],[120.71537017822266,0.5760000479027383],[120.71554183959961,0.5754850897717745],[120.71537017822266,0.5749701315943128],[120.71571350097656,0.5746268261168836],[120.71528434753418,0.5741976942410787],[120.7148551940918,0.5729102984204673],[120.71416854858398,0.5732536040009393],[120.71236610412598,0.573596909560834],[120.7122802734375,0.573339430392835],[120.71305274963379,0.5724811664159546],[120.71365356445312,0.5712795966325359],[120.71296691894531,0.5705929852149012],[120.7126235961914,0.5695630679348085],[120.71185111999512,0.5684473240070389],[120.71210861206055,0.5681898446084688],[120.7126235961914,0.5687048033941409],[120.71348190307617,0.5686189769330383],[120.71313858032227,0.5678465387258456],[120.71425437927246,0.5661300090071961],[120.71597099304199,0.5621819887284261],[120.7166576385498,0.5597788446419258],[120.71682929992676,0.5584056190072175],[120.71640014648438,0.5537709801264583],[120.71734428405762,0.5513678326116747],[120.71734428405762,0.5483638968546387],[120.71622848510742,0.5462182275333873],[120.71494102478027,0.5443300378969269],[120.7137393951416,0.5432142891973655],[120.7126235961914,0.5410686180426438],[120.71159362792969,0.5402103493681096],[120.71022033691406,0.5385796385527044],[120.70944786071777,0.5370347542198459],[120.7093620300293,0.5354898694965442],[120.70695877075195,0.5324000988830875],[120.70635795593262,0.5295678077937112],[120.70034980773926,0.5164362595802601],[120.69923400878906,0.5154921602891562],[120.69803237915039,0.5148913697583026],[120.69751739501953,0.513775615765141]]}},{"type":"Feature","id":"pmtiles:10/855/510:transportation:4018070110:2","properties":{"class":"secondary","highway":"secondary","kind":"road","verification":"verified","source":"OpenMapTiles/OpenStreetMap national PMTiles","sourceId":"10/855/510:transportation:4018070110:2","sourceLayer":"transportation","archive":"https://its.hanifahseptiani45.workers.dev/v1/map/archive/indonesia.pmtiles","updatedAt":"2026-07-26T09:41:06.464Z"},"geometry":{"type":"LineString","coordinates":[[120.9250545501709,0.4487182523278932],[120.92496871948242,0.44974818893112456],[120.92574119567871,0.45378210589133516],[120.92728614807129,0.45575614954273647],[120.92780113220215,0.4571293969813013],[120.9253978729248,0.46253655621040934],[120.92419624328613,0.46365231871477874],[120.92325210571289,0.4639098023446877],[120.92222213745117,0.46476808104334566],[120.92170715332031,0.46639881028326613],[120.9206771850586,0.4670854330081795],[120.92041969299316,0.46794371131997536],[120.9221363067627,0.47180596242084505],[120.92350959777832,0.4728358956863872],[120.92471122741699,0.47266424015272435],[120.92668533325195,0.4710335123716334],[120.92780113220215,0.4705185456245715],[120.93157768249512,0.47523907271120436],[120.93320846557617,0.47558238364661065],[120.93209266662598,0.5045062674056027],[120.93217849731445,0.5100850434788669],[120.93707084655762,0.5162646051741149],[120.9429931640625,0.5167795683786096]]}},{"type":"Feature","id":"pmtiles:10/855/510:transportation:1550538830:0","properties":{"class":"trunk","highway":"trunk","kind":"road","verification":"verified","source":"OpenMapTiles/OpenStreetMap national PMTiles","sourceId":"10/855/510:transportation:1550538830:0","sourceLayer":"transportation","archive":"https://its.hanifahseptiani45.workers.dev/v1/map/archive/indonesia.pmtiles","updatedAt":"2026-07-26T09:41:06.464Z"},"geometry":{"type":"LineString","coordinates":[[120.5804443359375,0.5144622336301694],[120.58070182800293,0.5145480608581039],[120.58095932006836,0.5151488514213298],[120.58276176452637,0.5157496419278971],[120.58516502380371,0.5175520131070925],[120.58653831481934,0.519182729446996],[120.58988571166992,0.5215000624694],[120.59211730957031,0.5221008523731285],[120.59349060058594,0.5228732964507117],[120.5940055847168,0.5227016422194737],[120.5943489074707,0.5215000624694],[120.59821128845215,0.5205559639334041],[120.59992790222168,0.5203843096389562],[120.60027122497559,0.5205559639334041],[120.60267448425293,0.5245898385048946],[120.6035327911377,0.5278512671092983],[120.60379028320312,0.5280229211990815],[120.61005592346191,0.5280229211990815],[120.61443328857422,0.5286237104760119],[120.61623573303223,0.5291386726671163],[120.61958312988281,0.528709537510835],[120.62232971191406,0.5265638612849699],[120.64001083374023,0.5227874693356682],[120.64249992370605,0.5227016422194737],[120.64455986022949,0.5238173946386979],[120.64576148986816,0.5240748759380125],[120.64730644226074,0.5231307777887935],[120.64902305603027,0.5208134453663433],[120.65202713012695,0.5195260380966147],[120.65794944763184,0.5186677664376731],[120.66601753234863,0.5169512227708566],[120.67168235778809,0.5166079139817441],[120.6804370880127,0.5198693467275461],[120.68970680236816,0.5187535936088068],[120.69159507751465,0.5180669762071517],[120.69348335266113,0.5161787779693014],[120.6972599029541,0.5139472702383188],[120.69863319396973,0.513432306804944],[120.69966316223145,0.5135181340467199],[120.70043563842773,0.5131748250726957],[120.70249557495117,0.5099133889023193],[120.70335388183594,0.5064802964118229],[120.70369720458984,0.505879505038692],[120.7053279876709,0.5044204400439156],[120.70687294006348,0.500558207598857],[120.70884704589844,0.499614105987888],[120.71030616760254,0.49832669448161937],[120.71331024169922,0.4946361134381334],[120.71502685546875,0.49206128823800555],[120.71562767028809,0.48965811715453356],[120.71622848510742,0.4889714966865455],[120.7166576385498,0.48888566912310694],[120.71768760681152,0.48974394470808136],[120.71966171264648,0.4927479083887647],[120.72421073913574,0.4943786309629985],[120.72566986083984,0.49403532098060055],[120.72712898254395,0.4933487009626276],[120.72858810424805,0.4930912184376126],[120.73081970214844,0.49412114847785915],[120.73176383972168,0.49583769818998746],[120.73262214660645,0.49635266301689285],[120.73493957519531,0.49626683554855333],[120.73665618896484,0.49583769818998746],[120.7386302947998,0.4943786309629985],[120.74644088745117,0.49180380566325255],[120.76360702514648,0.48691163486167],[120.76446533203125,0.48725494520959955],[120.7668685913086,0.4901730824593642],[120.76807022094727,0.4900872549113018],[120.76927185058594,0.48974394470808136],[120.77004432678223,0.4892289793702673],[120.77296257019043,0.48596753131477044],[120.77476501464844,0.48528091047050737],[120.78858375549316,0.48287773696738157],[120.79253196716309,0.4829635646071324],[120.79682350158691,0.48270608168459717],[120.80077171325684,0.48365018568622986],[120.80265998840332,0.48356435805514764],[120.80446243286133,0.48450846193740915],[120.8071231842041,0.484422634317184],[120.80952644348145,0.48562422090135726],[120.81047058105469,0.48639666930701253],[120.81132888793945,0.4857958761102452],[120.81244468688965,0.48613918651494714],[120.81330299377441,0.48613918651494714],[120.8137321472168,0.48639666930701253],[120.81450462341309,0.4857958761102452],[120.8151912689209,0.4860533589153988],[120.81570625305176,0.486654152089244],[120.81673622131348,0.4865683244962611],[120.81965446472168,0.48562422090135726],[120.82188606262207,0.48553839329527193],[120.82308769226074,0.484765944791576],[120.82428932189941,0.484422634317184],[120.82489013671875,0.48450846193740915],[120.82540512084961,0.484079323825398],[120.82660675048828,0.4814186669257481],[120.8261775970459,0.480646217953705],[120.82695007324219,0.48056039028476505],[120.82712173461914,0.4802170795981624],[120.82463264465332,0.47721311035633107],[120.82411766052246,0.4762690054661505],[120.8250617980957,0.47583986683694945],[120.8250617980957,0.47498158949846925],[120.8265209197998,0.4748099340179692],[120.82695007324219,0.4740374843030395],[120.82755088806152,0.47360834553528264],[120.82609176635742,0.47249258461481247],[120.82334518432617,0.4692311285907351],[120.82437515258789,0.4668279494942027],[120.82428932189941,0.46631298243795527],[120.82343101501465,0.4649397367705461],[120.82411766052246,0.4633090071936721],[120.82514762878418,0.46210741673891675],[120.82643508911133,0.46133496562491416],[120.82712173461914,0.46150662143527654],[120.82789421081543,0.461249137718184],[120.82901000976562,0.46167827724150357],[120.83029747009277,0.46073417025606034],[120.83261489868164,0.45996171899307114],[120.8345890045166,0.46073417025606034],[120.83690643310547,0.4601333748365306],[120.83948135375977,0.4567860851462484],[120.84059715270996,0.4562711173629168],[120.8441162109375,0.45618528939544944],[120.84488868713379,0.4563569453293752],[120.8455753326416,0.45575614954273647],[120.8499526977539,0.45541283764214313],[120.85012435913086,0.45429707385241613],[120.84918022155762,0.4536962778942524],[120.849609375,0.4514647496133648],[120.85287094116211,0.45258051383962083],[120.85536003112793,0.4529238258747341],[120.85630416870117,0.45386793388738056],[120.85690498352051,0.4552411816857358],[120.85741996765137,0.45489786976064295],[120.85819244384766,0.4552411816857358],[120.85870742797852,0.4548120417768047],[120.8591365814209,0.45515535370600446],[120.8609390258789,0.45549866561884755],[120.86153984069824,0.45489786976064295],[120.86274147033691,0.45472621379195743],[120.86385726928711,0.45549866561884755],[120.86437225341797,0.4549836977434438],[120.86471557617188,0.45567032156913],[120.86583137512207,0.45575614954273647],[120.8664321899414,0.4560994614269447],[120.86797714233398,0.4564427732947962],[120.86832046508789,0.45618528939544944],[120.86892127990723,0.4567860851462484],[120.86960792541504,0.4562711173629168],[120.87003707885742,0.45549866561884755],[120.87226867675781,0.45506952572523574],[120.87312698364258,0.4542112458614582],[120.87587356567383,0.4530954818861943],[120.87698936462402,0.4518080617012572],[120.87767601013184,0.45155057763686557],[120.87844848632812,0.45086395342060825],[120.87982177734375,0.4509497814511718],[120.8814525604248,0.4488899084385167],[120.88299751281738,0.4482891120337342],[120.88471412658691,0.44837494009459533],[120.88540077209473,0.4488899084385167],[120.88720321655273,0.44957653284066623],[120.89046478271484,0.4496623608863928],[120.89166641235352,0.45009150109991936],[120.89312553405762,0.44974818893112456],[120.89449882507324,0.4499198450175328],[120.89535713195801,0.4504348132525422],[120.89604377746582,0.45009150109991936],[120.89673042297363,0.4501773291395921],[120.89776039123535,0.45086395342060825],[120.89810371398926,0.4518080617012572],[120.89982032775879,0.45232302980262773],[120.90127944946289,0.45318130989039673],[120.90325355529785,0.4539537618824454],[120.90394020080566,0.45446872983130504],[120.90531349182129,0.45429707385241613],[120.90625762939453,0.45335296589574625],[120.90788841247559,0.45275216985920963],[120.91089248657227,0.4506064693228069],[120.9129524230957,0.44983401697483316],[120.9140682220459,0.4499198450175328],[120.91750144958496,0.44914739259688474],[120.91861724853516,0.44923322064765614],[120.92239379882812,0.44846076815443325],[120.9276294708252,0.4488899084385167],[120.93157768249512,0.44811745590904195],[120.9345817565918,0.44700169100048015],[120.93664169311523,0.44700169100048015],[120.93913078308105,0.4462292382721387],[120.93990325927734,0.4462292382721387],[120.94119071960449,0.4455426135566398],[120.9429931640625,0.4449418168780852]]}},{"type":"Feature","id":"pmtiles:10/855/510:water:100:0","properties":{"class":"ocean","water":"ocean","kind":"waterway","verification":"verified","source":"OpenMapTiles/OpenStreetMap national PMTiles","sourceId":"10/855/510:water:100:0","sourceLayer":"water","archive":"https://its.hanifahseptiani45.workers.dev/v1/map/archive/indonesia.pmtiles","updatedAt":"2026-07-26T09:41:06.464Z"},"geometry":{"type":"Polygon","coordinates":[[[120.5804443359375,0.34606723172845477],[120.5804443359375,0.5126598615771201],[120.58250427246094,0.5136039612873446],[120.58473587036133,0.5140330974731739],[120.58834075927734,0.5172945315413955],[120.5914306640625,0.5185819392653883],[120.59623718261719,0.5196118652560813],[120.59906959533691,0.5184102849172945],[120.60104370117188,0.517895321845117],[120.60164451599121,0.5186677664376731],[120.60164451599121,0.5190110751152162],[120.60070037841797,0.5187535936088068],[120.60044288635254,0.5189252479475925],[120.60044288635254,0.5194402109359402],[120.60173034667969,0.5211567539272153],[120.60267448425293,0.5209850996491099],[120.6027603149414,0.5203843096389562],[120.60310363769531,0.520126828188495],[120.60344696044922,0.5202984824899488],[120.60370445251465,0.5212425810645271],[120.60430526733398,0.521585889602008],[120.60567855834961,0.5206417910788872],[120.60662269592285,0.5208992725083164],[120.60730934143066,0.5206417910788872],[120.60876846313477,0.5208134453663433],[120.6093692779541,0.5205559639334041],[120.61065673828125,0.5212425810645271],[120.61091423034668,0.5210709267887665],[120.61091423034668,0.5202984824899488],[120.6119441986084,0.5196118652560813],[120.61211585998535,0.5196976924143968],[120.61203002929688,0.5197835195715612],[120.6137466430664,0.5196976924143968],[120.6159782409668,0.518839420778761],[120.6159782409668,0.5190110751152162],[120.6163215637207,0.5190110751152162],[120.61692237854004,0.518496112091924],[120.61846733093262,0.5190969022817029],[120.61872482299805,0.5196118652560813],[120.6203556060791,0.5196118652560813],[120.62044143676758,0.5197835195715612],[120.62009811401367,0.5199551738823516],[120.62087059020996,0.5199551738823516],[120.62344551086426,0.5189252479475925],[120.62370300292969,0.5190110751152162],[120.6240463256836,0.5186677664376731],[120.62790870666504,0.5176378402933466],[120.63185691833496,0.5157496419278971],[120.6324577331543,0.5162646051741149],[120.63271522521973,0.5171228771584424],[120.6350326538086,0.517380358731117],[120.63700675964355,0.5171228771584424],[120.63820838928223,0.5174661859196732],[120.64035415649414,0.5176378402933466],[120.64215660095215,0.5187535936088068],[120.64413070678711,0.5205559639334041],[120.64653396606445,0.5216717167334508],[120.64756393432617,0.5212425810645271],[120.64816474914551,0.5206417910788872],[120.64953804016113,0.5202126553398045],[120.65211296081543,0.5176378402933466],[120.65657615661621,0.5148055425350009],[120.66447257995605,0.512316552557067],[120.66756248474121,0.5105141799002695],[120.66902160644531,0.5098275616122976],[120.67142486572266,0.5093984251451502],[120.67468643188477,0.5094842524408563],[120.67803382873535,0.5098275616122976],[120.67957878112793,0.5095700797354539],[120.68035125732422,0.5098275616122976],[120.6818962097168,0.5098275616122976],[120.68352699279785,0.5104283526182627],[120.68421363830566,0.5111149708420868],[120.6844711303711,0.5116299344617659],[120.68507194519043,0.5122307252991618],[120.68670272827148,0.5128315160802401],[120.68756103515625,0.513432306804944],[120.6877326965332,0.5129173433300878],[120.68816184997559,0.5131748250726957],[120.68841934204102,0.5120590707799408],[120.68953514099121,0.5112007981148992],[120.69013595581055,0.5117157617277002],[120.69047927856445,0.5115441071946947],[120.69116592407227,0.5116299344617659],[120.69202423095703,0.510600007181111],[120.69399833679199,0.510771661739355],[120.69382667541504,0.5101708707654495],[120.69399833679199,0.5099992161911615],[120.69494247436523,0.5100850434788669],[120.69528579711914,0.5105141799002695],[120.69743156433105,0.5087976340431197],[120.69760322570801,0.5083684975074192],[120.69820404052734,0.5081968428851553],[120.6987190246582,0.507510224350483],[120.69923400878906,0.5073385697054107],[120.69974899291992,0.5067377784118605],[120.69957733154297,0.5065661237463104],[120.69966316223145,0.5059653323811091],[120.69923400878906,0.5060511597224178],[120.69906234741211,0.5054503683095533],[120.69931983947754,0.5042487853171167],[120.69880485534668,0.5035621663647021],[120.69897651672363,0.5027038925724838],[120.7012939453125,0.5013306542704044],[120.70575714111328,0.49944245113495356],[120.70721626281738,0.49858417680302125],[120.70876121520996,0.49815503959509044],[120.7097053527832,0.4971251101820968],[120.71142196655273,0.493863665982758],[120.71305274963379,0.48965811715453356],[120.72283744812012,0.4793588028062601],[120.72481155395508,0.47867218129528055],[120.72566986083984,0.4770414549313813],[120.72893142700195,0.4751532449746918],[120.73227882385254,0.47412331205340763],[120.73631286621094,0.47154847908062436],[120.73820114135742,0.4696602676283703],[120.73785781860352,0.4705185456245715],[120.73811531066895,0.4708618567934906],[120.73983192443848,0.4702610622368013],[120.74069023132324,0.4707760290028489],[120.74197769165039,0.46957443982294933],[120.74875831604004,0.46614132674416453],[120.75021743774414,0.46631298243795527],[120.75116157531738,0.4671712608440828],[120.75150489807129,0.4668279494942027],[120.75193405151367,0.46562635963768173],[120.75373649597168,0.46614132674416453],[120.75468063354492,0.46579801534402065],[120.7565689086914,0.46373814659246193],[120.75845718383789,0.4629656956559529],[120.7602596282959,0.46373814659246193],[120.76120376586914,0.46167827724150357],[120.7646369934082,0.45876012797343435],[120.76652526855469,0.4579018485501365],[120.77073097229004,0.4566144292225687],[120.77244758605957,0.4573010528926744],[120.7752799987793,0.45979006314550475],[120.77845573425293,0.46107748190161146],[120.77939987182617,0.461764105143061],[120.78042984008789,0.4618499330435668],[120.78042984008789,0.46245072831818845],[120.78085899353027,0.46322317931083035],[120.78240394592285,0.46253655621040934],[120.78454971313477,0.4622790725306345],[120.78678131103516,0.46133496562491416],[120.78712463378906,0.4609916539917691],[120.78798294067383,0.4611633098104022],[120.78824043273926,0.46159244933890875],[120.78815460205078,0.46279403988084766],[120.78755378723145,0.46322317931083035],[120.78763961791992,0.46339483507553325],[120.78832626342773,0.4629656956559529],[120.78866958618164,0.4611633098104022],[120.78944206237793,0.46081999816898644],[120.7903003692627,0.4611633098104022],[120.79098701477051,0.46210741673891675],[120.79124450683594,0.46476808104334566],[120.79313278198242,0.4676862278374614],[120.79407691955566,0.4688019895267672],[120.7950210571289,0.46931695640036253],[120.7950210571289,0.46991775103830946],[120.79407691955566,0.4708618567934906],[120.79407691955566,0.4712909957308824],[120.79493522644043,0.4705185456245715],[120.79562187194824,0.47069020121115557],[120.79639434814453,0.47060437341839645],[120.7972526550293,0.4714626512984239],[120.7987117767334,0.47180596242084505],[120.80111503601074,0.47172013464184204],[120.80368995666504,0.4710335123716334],[120.80429077148438,0.47120516794552714],[120.80506324768066,0.47197761797569626],[120.8053207397461,0.47000357883950983],[120.80609321594238,0.4696602676283703],[120.80695152282715,0.4696602676283703],[120.80763816833496,0.4698319232360433],[120.80806732177734,0.47034689003378105],[120.80798149108887,0.4710335123716334],[120.80815315246582,0.47189179019879646],[120.80763816833496,0.4734366900207334],[120.80617904663086,0.47352251777854804],[120.80609321594238,0.47412331205340763],[120.80643653869629,0.4751532449746918],[120.80961227416992,0.47489576175874504],[120.80986976623535,0.47523907271120436],[120.81089973449707,0.4748099340179692],[120.81132888793945,0.47429496755093226],[120.81192970275879,0.47292172345160566],[120.81184387207031,0.47240675684429334],[120.8122730255127,0.47214927352631264],[120.81201553344727,0.47111934015909185],[120.81167221069336,0.47069020121115557],[120.81184387207031,0.47017523443875575],[120.81167221069336,0.4697460954327397],[120.81210136413574,0.4689736451555291],[120.81192970275879,0.4685445060757729],[120.81218719482422,0.46665629381297435],[120.81192970275879,0.465712187491377],[120.81089973449707,0.46519722035355926],[120.81064224243164,0.464682253178168],[120.80883979797363,0.4635664908360724],[120.80815315246582,0.46365231871477874],[120.80772399902344,0.462879867768919],[120.80729484558105,0.46270821199175316],[120.80729484558105,0.46245072831818845],[120.80780982971191,0.4618499330435668],[120.8085823059082,0.46150662143527654],[120.81072807312012,0.45764436470308567],[120.81047058105469,0.4571293969813013],[120.81047058105469,0.45575614954273647],[120.80944061279297,0.45532700966445816],[120.80909729003906,0.4536104498961464],[120.80926895141602,0.45335296589574625],[120.81012725830078,0.4530954818861943],[120.81141471862793,0.4521513737728924],[120.81356048583984,0.4494907047939307],[120.81759452819824,0.4471733471513062],[120.81793785095215,0.44725917522519865],[120.81905364990234,0.44923322064765614],[120.8224868774414,0.44923322064765614],[120.82420349121094,0.44880408038370945],[120.82600593566895,0.44648672252394306],[120.8261775970459,0.44588592592238285],[120.82755088806152,0.4452851292718236],[120.82952499389648,0.44331108278986164],[120.83012580871582,0.440564582461775],[120.83046913146973,0.4403070980040269],[120.83184242248535,0.4413370357816575],[120.83244323730469,0.442366973416668],[120.8331298828125,0.4429677703044348],[120.83287239074707,0.4435685671434868],[120.8331298828125,0.44399770771295266],[120.8375072479248,0.4460575820992716],[120.83930969238281,0.4464008944410125],[120.84076881408691,0.44631506635707296],[120.84342956542969,0.44562844164958904],[120.84385871887207,0.4457142697415293],[120.84420204162598,0.4462292382721387],[120.84454536437988,0.4461434101861954],[120.85149765014648,0.4434827390266065],[120.8525276184082,0.4432252546700113],[120.8539867401123,0.4426244578030918],[120.85415840148926,0.4427961140557528],[120.8547592163086,0.4426244578030918],[120.85578918457031,0.441594520203779],[120.85724830627441,0.4397921290618285],[120.8576774597168,0.43953464457742086],[120.8576774597168,0.43867636289859036],[120.85827827453613,0.4376464247540923],[120.85844993591309,0.43627317367486285],[120.85896492004395,0.43584403266113725],[120.85956573486328,0.43558654804117225],[120.86145401000977,0.43524323520088615],[120.86299896240234,0.4335266707652323],[120.86437225341797,0.4315526211832861],[120.86540222167969,0.42863445999400085],[120.8649730682373,0.4278620053751041],[120.8649730682373,0.4274328638865512],[120.86377143859863,0.4264029242162337],[120.8635139465332,0.42597378264625263],[120.86359977722168,0.4258021260115612],[120.86480140686035,0.4255446410523689],[120.86565971374512,0.42563046937306126],[120.86660385131836,0.4263170959041531],[120.86780548095703,0.4262312675911204],[120.86960792541504,0.4248580144525107],[120.87106704711914,0.42425721612760015],[120.87183952331543,0.4225406492281252],[120.87226867675781,0.4221973358026645],[120.87321281433105,0.4222831641604614],[120.87535858154297,0.4205665968249406],[120.8770751953125,0.41850671552415974],[120.87930679321289,0.4143011228583191],[120.8796501159668,0.41327118145616737],[120.88016510009766,0.41284203916580964],[120.88093757629395,0.4127562107049698],[120.88196754455566,0.41172626910261556],[120.88376998901367,0.4092372430149709],[120.88737487792969,0.4064907305738785],[120.88797569274902,0.4056324452441942],[120.88909149169922,0.40340090296147935],[120.89037895202637,0.4033150743998988],[120.8932113647461,0.4003969027690175],[120.8938980102539,0.39936695959210056],[120.89432716369629,0.3983370162861206],[120.89544296264648,0.3971354155998341],[120.89707374572754,0.39627712928836445],[120.89784622192383,0.3961054720154067],[120.89930534362793,0.3963629579235146],[120.90205192565918,0.397736215964855],[120.90479850769043,0.3982511876714909],[120.91269493103027,0.4011693600668167],[120.91372489929199,0.40091187430898856],[120.91655731201172,0.4011693600668167],[120.91835975646973,0.40074021713259356],[120.91999053955078,0.39988193119670257],[120.92290878295898,0.399796102598188],[120.92608451843262,0.40074021713259356],[120.92831611633301,0.400654388543046],[120.93252182006836,0.3999677597943503],[120.9331226348877,0.4000535883910885],[120.93380928039551,0.4005685599526032],[120.93432426452637,0.4012551886509641],[120.93432426452637,0.4024567887343693],[120.93483924865723,0.40314341727402336],[120.93501091003418,0.4048599883696511],[120.93707084655762,0.4070057017279254],[120.93707084655762,0.4070915302504119],[120.9378433227539,0.407863986911579],[120.94170570373535,0.4103530134259046],[120.9429931640625,0.4108679843323415],[120.9429931640625,0.34606723172845477],[120.93792915344238,0.34606723172845477],[120.93707084655762,0.34606723172845477],[120.5804443359375,0.34606723172845477]],[[120.81270217895508,0.36057234224585955],[120.81433296203613,0.362546408775259],[120.81493377685547,0.36400550115094177],[120.81467628479004,0.3656362511737683],[120.81390380859375,0.3668378562642829],[120.81398963928223,0.36709534304841895],[120.81416130065918,0.3669236851931572],[120.81381797790527,0.3674386587490801],[120.81218719482422,0.3662370537391695],[120.81132888793945,0.3651212775142767],[120.81184387207031,0.36100148718006153],[120.8122730255127,0.36057234224585955],[120.81270217895508,0.36057234224585955]],[[120.70816040039062,0.3743907988317261],[120.70755958557129,0.3752490873506247],[120.70695877075195,0.37533491619788606],[120.70652961730957,0.3749916008037957],[120.70627212524414,0.3745624565422361],[120.70661544799805,0.37353251022879874],[120.70730209350586,0.37327502363157805],[120.70798873901367,0.3737899968184877],[120.70816040039062,0.3743907988317261]],[[120.70137977600098,0.3811712758256647],[120.70009231567383,0.38125710461436313],[120.70026397705078,0.38082796066234437],[120.70120811462402,0.380141330294677],[120.70137977600098,0.3795405286781772],[120.70395469665527,0.38074213186936845],[120.70481300354004,0.38082796066234437],[120.70549964904785,0.3803988166889667],[120.70610046386719,0.37962635748310447],[120.70730209350586,0.3791972134500128],[120.70738792419434,0.37945469987241154],[120.7064437866211,0.3803129878917275],[120.70455551147461,0.38125710461436313],[120.70137977600098,0.3811712758256647]],[[120.70618629455566,0.46579801534402065],[120.70438385009766,0.46614132674416453],[120.7038688659668,0.4651113924936112],[120.70464134216309,0.4641672859652175],[120.70627212524414,0.4639956302192445],[120.70652961730957,0.4640814580927639],[120.70670127868652,0.4648539089074717],[120.70618629455566,0.46579801534402065]],[[120.70292472839355,0.3669236851931572],[120.70292472839355,0.36649454054058594],[120.7038688659668,0.3658079090537001],[120.70575714111328,0.3656362511737683],[120.70601463317871,0.3658079090537001],[120.70429801940918,0.3668378562642829],[120.70292472839355,0.3669236851931572]],[[120.69211006164551,0.3844327691929692],[120.69279670715332,0.38503357046718634],[120.69262504577637,0.3854627142085434],[120.6917667388916,0.38606351541015727],[120.68979263305664,0.3870076314982782],[120.68816184997559,0.3868359740355203],[120.68756103515625,0.3858060291860852],[120.6877326965332,0.38529105671460684],[120.68799018859863,0.3855485429542398],[120.68816184997559,0.3861493441497572],[120.68859100341797,0.38640683036342693],[120.68987846374512,0.3859776866696478],[120.69047927856445,0.38537688546200854],[120.69073677062988,0.38469025545853697],[120.6903076171875,0.384261111678299],[120.69022178649902,0.3838319678765032],[120.69047927856445,0.38314533774884296],[120.6914234161377,0.3834028240531637],[120.69211006164551,0.3844327691929692]],[[120.68438529968262,0.3682111190272934],[120.68490028381348,0.3679536322753023],[120.68532943725586,0.3679536322753023],[120.68532943725586,0.3686402635973707],[120.68378448486328,0.3705284994597662],[120.68241119384766,0.37147261724018676],[120.68206787109375,0.371386788355224],[120.68206787109375,0.3704426705656516],[120.68284034729004,0.37018518387829147],[120.68438529968262,0.3682111190272934]],[[120.63305854797363,0.384261111678299],[120.63202857971191,0.3845185979490111],[120.63177108764648,0.3840894541601614],[120.63185691833496,0.3834028240531637],[120.63262939453125,0.382372878789468],[120.63400268554688,0.38211539245422443],[120.63417434692383,0.382372878789468],[120.63400268554688,0.38314533774884296],[120.63305854797363,0.384261111678299]],[[120.61520576477051,0.3989378165636026],[120.61417579650879,0.39945278819512],[120.61348915100098,0.39936695959210056],[120.61383247375488,0.39919530238339007],[120.61417579650879,0.397736215964855],[120.61529159545898,0.39627712928836445],[120.61692237854004,0.39516135695055254],[120.6174373626709,0.3952471855972419],[120.61752319335938,0.3955046715320236],[120.61717987060547,0.3963629579235146],[120.61520576477051,0.3989378165636026]]]}},{"type":"Feature","id":"pmtiles:10/855/510:water:1550538812:0","properties":{"intermittent":0,"class":"lake","id":155053881,"water":"lake","kind":"waterway","verification":"verified","source":"OpenMapTiles/OpenStreetMap national PMTiles","sourceId":"10/855/510:water:1550538812:0","sourceLayer":"water","archive":"https://its.hanifahseptiani45.workers.dev/v1/map/archive/indonesia.pmtiles","updatedAt":"2026-07-26T09:41:06.465Z"},"geometry":{"type":"Polygon","coordinates":[[[120.8964729309082,0.4397063009013493],[120.89578628540039,0.4400496135373828],[120.89544296264648,0.44142286392334995],[120.8950138092041,0.4417661764802432],[120.89484214782715,0.4438260514881591],[120.89544296264648,0.4448559887771495],[120.89750289916992,0.4455426135566398],[120.8993911743164,0.44545678546271006],[120.90024948120117,0.44519930117488116],[120.90033531188965,0.4448559887771495],[120.89956283569336,0.44416936393376716],[120.8987045288086,0.4445985044683738],[120.89733123779297,0.4442551920426894],[120.89638710021973,0.4438260514881591],[120.89664459228516,0.44305359842726943],[120.89767456054688,0.442366973416668],[120.89741706848145,0.4398779572213414],[120.89724540710449,0.43953464457742086],[120.8964729309082,0.4397063009013493]]]}},{"type":"Feature","id":"pmtiles:10/855/510:water:1550538862:0","properties":{"intermittent":0,"class":"lake","id":155053886,"water":"lake","kind":"waterway","verification":"verified","source":"OpenMapTiles/OpenStreetMap national PMTiles","sourceId":"10/855/510:water:1550538862:0","sourceLayer":"water","archive":"https://its.hanifahseptiani45.workers.dev/v1/map/archive/indonesia.pmtiles","updatedAt":"2026-07-26T09:41:06.465Z"},"geometry":{"type":"Polygon","coordinates":[[[120.8877182006836,0.42262647758209937],[120.88891983032227,0.42322727603350074],[120.88977813720703,0.42339893272536244],[120.89055061340332,0.4239997311169077],[120.89158058166504,0.4254588127307244],[120.89252471923828,0.4278620053751041],[120.8946704864502,0.4310376516427681],[120.8950138092041,0.4326683884014102],[120.89621543884277,0.4340416401368685],[120.89664459228516,0.4335266707652323],[120.89784622192383,0.4333550143002469],[120.89853286743164,0.4329258731207517],[120.8993911743164,0.43206759068893064],[120.9019660949707,0.43138096467365017],[120.90351104736328,0.43138096467365017],[120.90445518493652,0.4316384494366474],[120.90522766113281,0.4312951364173898],[120.9074592590332,0.43215341893647974],[120.90831756591797,0.4316384494366474],[120.91020584106445,0.43206759068893064],[120.91235160827637,0.4315526211832861],[120.9129524230957,0.4306085103324193],[120.91252326965332,0.43000771245732494],[120.91140747070312,0.4294069145349795],[120.91132164001465,0.42872028828017505],[120.91140747070312,0.42683206576229793],[120.91166496276855,0.4262312675911204],[120.91132164001465,0.4254588127307244],[120.91132164001465,0.42339893272536244],[120.91157913208008,0.42288396263839445],[120.9114933013916,0.4198799697849438],[120.91166496276855,0.41945082785431964],[120.9129524230957,0.4186783723199312],[120.91423988342285,0.41747677467074595],[120.91355323791504,0.41524523569269434],[120.91509819030762,0.4138719806236679],[120.91827392578125,0.4136144952717302],[120.92084884643555,0.413786152173941],[120.92316627502441,0.41610351998976114],[120.92308044433594,0.41644683368245694],[120.92556953430176,0.416704318942152],[120.92711448669434,0.41618934841432065],[120.93011856079102,0.41756260308036985],[120.93149185180664,0.4168759757772733],[120.93286514282227,0.416704318942152],[120.9334659576416,0.4168759757772733],[120.93415260314941,0.4165326621032932],[120.93483924865723,0.41730511784874125],[120.93526840209961,0.41730511784874125],[120.93629837036133,0.416704318942152],[120.93792915344238,0.41636100526066855],[120.93964576721191,0.41713346102295645],[120.94170570373535,0.41730511784874125],[120.94290733337402,0.4170476326086714],[120.9429931640625,0.4169618041934342],[120.9429931640625,0.41438695130246117],[120.94222068786621,0.41481609350920223],[120.94144821166992,0.4160176915642495],[120.94076156616211,0.41636100526066855],[120.9389591217041,0.41524523569269434],[120.93672752380371,0.41550272099161134],[120.93432426452637,0.4162751768379849],[120.93363761901855,0.4162751768379849],[120.93226432800293,0.4153310641266046],[120.93114852905273,0.4158460347104409],[120.92977523803711,0.41610351998976114],[120.9279727935791,0.4150735788220885],[120.92419624328613,0.4153310641266046],[120.92256546020508,0.41370032372330456],[120.91715812683105,0.41206958298486995],[120.9144115447998,0.41206958298486995],[120.91346740722656,0.41258455378050485],[120.91303825378418,0.41370032372330456],[120.91243743896484,0.41455860818793155],[120.91097831726074,0.41404363752030804],[120.91020584106445,0.41498775038540714],[120.90986251831055,0.4162751768379849],[120.90934753417969,0.4172192894363036],[120.90926170349121,0.41842088712488135],[120.90960502624512,0.4206524252006858],[120.90900421142578,0.4214248805399734],[120.9089183807373,0.4227981342872482],[120.90806007385254,0.4239139027781249],[120.90763092041016,0.42520132776007813],[120.90694427490234,0.4263170959041531],[120.90642929077148,0.4262312675911204],[120.90608596801758,0.4255446410523689],[120.90351104736328,0.4254588127307244],[120.90179443359375,0.4249438427808485],[120.90110778808594,0.42460052946184135],[120.8993911743164,0.4227981342872482],[120.8979320526123,0.42185402236205505],[120.89655876159668,0.42193985072363205],[120.89484214782715,0.4204807684482432],[120.8946704864502,0.42005162655060246],[120.8950138092041,0.4192791710754875],[120.89715957641602,0.41756260308036985],[120.89784622192383,0.41756260308036985],[120.8979320526123,0.4170476326086714],[120.8979320526123,0.41644683368245694],[120.89673042297363,0.4144727797456653],[120.89484214782715,0.4131853529999461],[120.89338302612305,0.41292786762573996],[120.89132308959961,0.413442838365782],[120.89046478271484,0.4142152944132391],[120.88943481445312,0.41644683368245694],[120.88788986206055,0.4170476326086714],[120.8869457244873,0.4178200883035714],[120.88643074035645,0.41970831301551925],[120.88677406311035,0.42108156706530053],[120.8877182006836,0.42262647758209937]]]}},{"type":"Feature","id":"pmtiles:10/855/510:water:1550538872:0","properties":{"intermittent":0,"class":"lake","id":155053887,"water":"lake","kind":"waterway","verification":"verified","source":"OpenMapTiles/OpenStreetMap national PMTiles","sourceId":"10/855/510:water:1550538872:0","sourceLayer":"water","archive":"https://its.hanifahseptiani45.workers.dev/v1/map/archive/indonesia.pmtiles","updatedAt":"2026-07-26T09:41:06.465Z"},"geometry":{"type":"Polygon","coordinates":[[[120.88205337524414,0.4512072655368371],[120.88213920593262,0.45197971773910695],[120.88153839111328,0.45232302980262773],[120.88171005249023,0.452494685828313],[120.88153839111328,0.4529238258747341],[120.88119506835938,0.45318130989039673],[120.88093757629395,0.4529238258747341],[120.88153839111328,0.45446872983130504],[120.88248252868652,0.4548120417768047],[120.88394165039062,0.45489786976064295],[120.88591575622559,0.45549866561884755],[120.88651657104492,0.45584197751533395],[120.88737487792969,0.45670025718492013],[120.89166641235352,0.4579876764970834],[120.89252471923828,0.4579876764970834],[120.89372634887695,0.45721522493749944],[120.8938980102539,0.4560994614269447],[120.89475631713867,0.45446872983130504],[120.89518547058105,0.45429707385241613],[120.89630126953125,0.45446872983130504],[120.89707374572754,0.45429707385241613],[120.89741706848145,0.4536962778942524],[120.89733123779297,0.4521513737728924],[120.89681625366211,0.45163640565934315],[120.89535713195801,0.45206554575649704],[120.89441299438477,0.45172223368079756],[120.89372634887695,0.45197971773910695],[120.89381217956543,0.45352462189703147],[120.89338302612305,0.4539537618824454],[120.8920955657959,0.4530954818861943],[120.89158058166504,0.45189388972067945],[120.8906364440918,0.45086395342060825],[120.88746070861816,0.4512072655368371],[120.88651657104492,0.4510356094807406],[120.88488578796387,0.4513789215888693],[120.88351249694824,0.4509497814511718],[120.88205337524414,0.4512072655368371]]]}},{"type":"Feature","id":"pmtiles:10/856/510:mountain_peak:10701862951:0","properties":{"name_int":"Buluye Salumedi","name_de":"Buluye Salumedi","name":"Buluye Salumedi","rank":4,"class":"peak","name:latin":"Buluye Salumedi","name_en":"Buluye Salumedi","kind":"poi","verification":"verified","source":"OpenMapTiles/OpenStreetMap national PMTiles","sourceId":"10/856/510:mountain_peak:10701862951:0","sourceLayer":"mountain_peak","archive":"https://its.hanifahseptiani45.workers.dev/v1/map/archive/indonesia.pmtiles","updatedAt":"2026-07-26T09:41:06.540Z"},"geometry":{"type":"Point","coordinates":[120.86420059204102,0.5592638850665566]}},{"type":"Feature","id":"pmtiles:10/856/510:mountain_peak:10701621341:0","properties":{"name_int":"Buluye Sikota","name_de":"Buluye Sikota","name":"Buluye Sikota","rank":1,"class":"peak","name:latin":"Buluye Sikota","name_en":"Buluye Sikota","kind":"poi","verification":"verified","source":"OpenMapTiles/OpenStreetMap national PMTiles","sourceId":"10/856/510:mountain_peak:10701621341:0","sourceLayer":"mountain_peak","archive":"https://its.hanifahseptiani45.workers.dev/v1/map/archive/indonesia.pmtiles","updatedAt":"2026-07-26T09:41:06.540Z"},"geometry":{"type":"Point","coordinates":[120.87149620056152,0.4367881428589726]}},{"type":"Feature","id":"pmtiles:10/856/510:mountain_peak:10701688761:0","properties":{"name_int":"Buluye Batudako","name_de":"Buluye Batudako","name":"Buluye Batudako","rank":2,"class":"peak","name:latin":"Buluye Batudako","name_en":"Buluye Batudako","kind":"poi","verification":"verified","source":"OpenMapTiles/OpenStreetMap national PMTiles","sourceId":"10/856/510:mountain_peak:10701688761:0","sourceLayer":"mountain_peak","archive":"https://its.hanifahseptiani45.workers.dev/v1/map/archive/indonesia.pmtiles","updatedAt":"2026-07-26T09:41:06.540Z"},"geometry":{"type":"Point","coordinates":[120.88033676147461,0.4708618567934906]}},{"type":"Feature","id":"pmtiles:10/856/510:mountain_peak:10701833011:0","properties":{"name_int":"Buyule Galege","name_de":"Buyule Galege","name":"Buyule Galege","rank":2,"class":"peak","name:latin":"Buyule Galege","name_en":"Buyule Galege","kind":"poi","verification":"verified","source":"OpenMapTiles/OpenStreetMap national PMTiles","sourceId":"10/856/510:mountain_peak:10701833011:0","sourceLayer":"mountain_peak","archive":"https://its.hanifahseptiani45.workers.dev/v1/map/archive/indonesia.pmtiles","updatedAt":"2026-07-26T09:41:06.540Z"},"geometry":{"type":"Point","coordinates":[120.93698501586914,0.6899762275215977]}},{"type":"Feature","id":"pmtiles:10/856/510:mountain_peak:10701917521:0","properties":{"name_int":"Buyule Kukusan","name_de":"Buyule Kukusan","name":"Buyule Kukusan","rank":3,"class":"peak","name:latin":"Buyule Kukusan","name_en":"Buyule Kukusan","kind":"poi","verification":"verified","source":"OpenMapTiles/OpenStreetMap national PMTiles","sourceId":"10/856/510:mountain_peak:10701917521:0","sourceLayer":"mountain_peak","archive":"https://its.hanifahseptiani45.workers.dev/v1/map/archive/indonesia.pmtiles","updatedAt":"2026-07-26T09:41:06.540Z"},"geometry":{"type":"Point","coordinates":[120.90831756591797,0.6977004230814146]}},{"type":"Feature","id":"pmtiles:10/856/510:mountain_peak:10701616311:0","properties":{"name_int":"Buluye Santigi","name_de":"Buluye Santigi","name":"Buluye Santigi","rank":1,"class":"peak","name:latin":"Buluye Santigi","name_en":"Buluye Santigi","kind":"poi","verification":"verified","source":"OpenMapTiles/OpenStreetMap national PMTiles","sourceId":"10/856/510:mountain_peak:10701616311:0","sourceLayer":"mountain_peak","archive":"https://its.hanifahseptiani45.workers.dev/v1/map/archive/indonesia.pmtiles","updatedAt":"2026-07-26T09:41:06.540Z"},"geometry":{"type":"Point","coordinates":[120.90402603149414,0.40425918852741916]}},{"type":"Feature","id":"pmtiles:10/856/510:mountain_peak:10701738911:0","properties":{"name_int":"Buluye Maramba","name_de":"Buluye Maramba","name":"Buluye Maramba","rank":2,"class":"peak","name:latin":"Buluye Maramba","name_en":"Buluye Maramba","kind":"poi","verification":"verified","source":"OpenMapTiles/OpenStreetMap national PMTiles","sourceId":"10/856/510:mountain_peak:10701738911:0","sourceLayer":"mountain_peak","archive":"https://its.hanifahseptiani45.workers.dev/v1/map/archive/indonesia.pmtiles","updatedAt":"2026-07-26T09:41:06.540Z"},"geometry":{"type":"Point","coordinates":[120.92977523803711,0.4250296711082058]}},{"type":"Feature","id":"pmtiles:10/856/510:mountain_peak:10701799131:0","properties":{"name_int":"Buluye Sologi","name_de":"Buluye Sologi","name":"Buluye Sologi","rank":4,"class":"peak","name:latin":"Buluye Sologi","name_en":"Buluye Sologi","kind":"poi","verification":"verified","source":"OpenMapTiles/OpenStreetMap national PMTiles","sourceId":"10/856/510:mountain_peak:10701799131:0","sourceLayer":"mountain_peak","archive":"https://its.hanifahseptiani45.workers.dev/v1/map/archive/indonesia.pmtiles","updatedAt":"2026-07-26T09:41:06.540Z"},"geometry":{"type":"Point","coordinates":[120.93338012695312,0.4106963273672193]}},{"type":"Feature","id":"pmtiles:10/856/510:park:7768934812:0","properties":{"name":"Cagar Alam Gunung Tinombala","name_int":"Gunung Tinombala Nature Reserve","class":"protected_area","name:latin":"Cagar Alam Gunung Tinombala","name_de":"Cagar Alam Gunung Tinombala","name_en":"Gunung Tinombala Nature Reserve","kind":"green","verification":"verified","source":"OpenMapTiles/OpenStreetMap national PMTiles","sourceId":"10/856/510:park:7768934812:0","sourceLayer":"park","archive":"https://its.hanifahseptiani45.workers.dev/v1/map/archive/indonesia.pmtiles","updatedAt":"2026-07-26T09:41:06.540Z"},"geometry":{"type":"Polygon","coordinates":[[[120.94127655029297,0.708600099655115],[120.94136238098145,0.7078276824698548],[120.9378433227539,0.6927226096090919],[120.93672752380371,0.6857708268798319],[120.9320068359375,0.6835393883028473],[120.9320068359375,0.708600099655115],[120.94127655029297,0.708600099655115]]]}},{"type":"Feature","id":"pmtiles:10/856/510:park:7768934622:0","properties":{"name":"Suaka Margasatwa Tanjung Santigi","name_int":"Tanjung Santigi Wildlife Reserve","class":"protected_area","name:latin":"Suaka Margasatwa Tanjung Santigi","name_de":"Suaka Margasatwa Tanjung Santigi","name_en":"Tanjung Santigi Wildlife Reserve","kind":"green","verification":"verified","source":"OpenMapTiles/OpenStreetMap national PMTiles","sourceId":"10/856/510:park:7768934622:0","sourceLayer":"park","archive":"https://its.hanifahseptiani45.workers.dev/v1/map/archive/indonesia.pmtiles","updatedAt":"2026-07-26T09:41:06.540Z"},"geometry":{"type":"Polygon","coordinates":[[[120.9320068359375,0.4083789579778454],[120.93243598937988,0.40812147244884045],[120.93449592590332,0.405718273781261],[120.93535423278809,0.405031645459232],[120.9360408782959,0.4040875314214958],[120.93518257141113,0.40237096016285534],[120.93406677246094,0.4018559887147717],[120.93406677246094,0.4012551886509641],[120.93355178833008,0.40091187430898856],[120.9334659576416,0.4004827313612651],[120.93226432800293,0.3999677597943503],[120.9320068359375,0.4000535883910885],[120.9320068359375,0.4083789579778454]]]}},{"type":"Feature","id":"pmtiles:10/855/511:mountain_peak:10701621341:0","properties":{"name_int":"Buluye Sikota","name_de":"Buluye Sikota","name":"Buluye Sikota","rank":1,"class":"peak","name:latin":"Buluye Sikota","name_en":"Buluye Sikota","kind":"poi","verification":"verified","source":"OpenMapTiles/OpenStreetMap national PMTiles","sourceId":"10/855/511:mountain_peak:10701621341:0","sourceLayer":"mountain_peak","archive":"https://its.hanifahseptiani45.workers.dev/v1/map/archive/indonesia.pmtiles","updatedAt":"2026-07-26T09:41:15.817Z"},"geometry":{"type":"Point","coordinates":[120.87149620056152,0.4367881428589726]}},{"type":"Feature","id":"pmtiles:10/855/511:mountain_peak:10701616311:0","properties":{"name_int":"Buluye Santigi","name_de":"Buluye Santigi","name":"Buluye Santigi","rank":1,"class":"peak","name:latin":"Buluye Santigi","name_en":"Buluye Santigi","kind":"poi","verification":"verified","source":"OpenMapTiles/OpenStreetMap national PMTiles","sourceId":"10/855/511:mountain_peak:10701616311:0","sourceLayer":"mountain_peak","archive":"https://its.hanifahseptiani45.workers.dev/v1/map/archive/indonesia.pmtiles","updatedAt":"2026-07-26T09:41:15.817Z"},"geometry":{"type":"Point","coordinates":[120.90402603149414,0.40425918852741916]}},{"type":"Feature","id":"pmtiles:10/855/511:mountain_peak:10701738911:0","properties":{"name_int":"Buluye Maramba","name_de":"Buluye Maramba","name":"Buluye Maramba","rank":2,"class":"peak","name:latin":"Buluye Maramba","name_en":"Buluye Maramba","kind":"poi","verification":"verified","source":"OpenMapTiles/OpenStreetMap national PMTiles","sourceId":"10/855/511:mountain_peak:10701738911:0","sourceLayer":"mountain_peak","archive":"https://its.hanifahseptiani45.workers.dev/v1/map/archive/indonesia.pmtiles","updatedAt":"2026-07-26T09:41:15.817Z"},"geometry":{"type":"Point","coordinates":[120.92977523803711,0.4250296711082058]}},{"type":"Feature","id":"pmtiles:10/855/511:mountain_peak:10701799131:0","properties":{"name_int":"Buluye Sologi","name_de":"Buluye Sologi","name":"Buluye Sologi","rank":4,"class":"peak","name:latin":"Buluye Sologi","name_en":"Buluye Sologi","kind":"poi","verification":"verified","source":"OpenMapTiles/OpenStreetMap national PMTiles","sourceId":"10/855/511:mountain_peak:10701799131:0","sourceLayer":"mountain_peak","archive":"https://its.hanifahseptiani45.workers.dev/v1/map/archive/indonesia.pmtiles","updatedAt":"2026-07-26T09:41:15.817Z"},"geometry":{"type":"Point","coordinates":[120.93338012695312,0.4106963273672193]}},{"type":"Feature","id":"pmtiles:10/856/511:mountain_peak:10701621341:0","properties":{"name_int":"Buluye Sikota","name_de":"Buluye Sikota","name":"Buluye Sikota","rank":1,"class":"peak","name:latin":"Buluye Sikota","name_en":"Buluye Sikota","kind":"poi","verification":"verified","source":"OpenMapTiles/OpenStreetMap national PMTiles","sourceId":"10/856/511:mountain_peak:10701621341:0","sourceLayer":"mountain_peak","archive":"https://its.hanifahseptiani45.workers.dev/v1/map/archive/indonesia.pmtiles","updatedAt":"2026-07-26T09:41:15.880Z"},"geometry":{"type":"Point","coordinates":[120.87149620056152,0.4367881428589726]}},{"type":"Feature","id":"pmtiles:10/856/511:mountain_peak:10701616311:0","properties":{"name_int":"Buluye Santigi","name_de":"Buluye Santigi","name":"Buluye Santigi","rank":1,"class":"peak","name:latin":"Buluye Santigi","name_en":"Buluye Santigi","kind":"poi","verification":"verified","source":"OpenMapTiles/OpenStreetMap national PMTiles","sourceId":"10/856/511:mountain_peak:10701616311:0","sourceLayer":"mountain_peak","archive":"https://its.hanifahseptiani45.workers.dev/v1/map/archive/indonesia.pmtiles","updatedAt":"2026-07-26T09:41:15.880Z"},"geometry":{"type":"Point","coordinates":[120.90402603149414,0.40425918852741916]}},{"type":"Feature","id":"pmtiles:10/856/511:mountain_peak:10701738911:0","properties":{"name_int":"Buluye Maramba","name_de":"Buluye Maramba","name":"Buluye Maramba","rank":2,"class":"peak","name:latin":"Buluye Maramba","name_en":"Buluye Maramba","kind":"poi","verification":"verified","source":"OpenMapTiles/OpenStreetMap national PMTiles","sourceId":"10/856/511:mountain_peak:10701738911:0","sourceLayer":"mountain_peak","archive":"https://its.hanifahseptiani45.workers.dev/v1/map/archive/indonesia.pmtiles","updatedAt":"2026-07-26T09:41:15.880Z"},"geometry":{"type":"Point","coordinates":[120.92977523803711,0.4250296711082058]}},{"type":"Feature","id":"pmtiles:10/856/511:mountain_peak:10701799131:0","properties":{"name_int":"Buluye Sologi","name_de":"Buluye Sologi","name":"Buluye Sologi","rank":4,"class":"peak","name:latin":"Buluye Sologi","name_en":"Buluye Sologi","kind":"poi","verification":"verified","source":"OpenMapTiles/OpenStreetMap national PMTiles","sourceId":"10/856/511:mountain_peak:10701799131:0","sourceLayer":"mountain_peak","archive":"https://its.hanifahseptiani45.workers.dev/v1/map/archive/indonesia.pmtiles","updatedAt":"2026-07-26T09:41:15.880Z"},"geometry":{"type":"Point","coordinates":[120.93338012695312,0.4106963273672193]}},{"type":"Feature","id":"pmtiles:8/212/126:park:107591413:0","properties":{"name_int":"Parigi Marine Conservation Area","name_de":"Kawasan Konservasi Perairan Parigi","name":"Kawasan Konservasi Perairan Parigi","rank":1,"name:en":"Parigi Marine Conservation Area","class":"protected_area","name:latin":"Kawasan Konservasi Perairan Parigi","name_en":"Parigi Marine Conservation Area","kind":"green","verification":"verified","source":"OpenMapTiles/OpenStreetMap national PMTiles","sourceId":"8/212/126:park:107591413:0","sourceLayer":"park","archive":"https://its.hanifahseptiani45.workers.dev/v1/map/archive/indonesia.pmtiles","updatedAt":"2026-07-26T09:35:24.188Z"},"geometry":{"type":"Point","coordinates":[120.69683074951172,0.3817720773285629]}},{"type":"Feature","id":"pmtiles:8/213/126:park:107591413:0","properties":{"name_int":"Parigi Marine Conservation Area","name_de":"Kawasan Konservasi Perairan Parigi","name":"Kawasan Konservasi Perairan Parigi","rank":1,"name:en":"Parigi Marine Conservation Area","class":"protected_area","name:latin":"Kawasan Konservasi Perairan Parigi","name_en":"Parigi Marine Conservation Area","kind":"green","verification":"verified","source":"OpenMapTiles/OpenStreetMap national PMTiles","sourceId":"8/213/126:park:107591413:0","sourceLayer":"park","archive":"https://its.hanifahseptiani45.workers.dev/v1/map/archive/indonesia.pmtiles","updatedAt":"2026-07-26T09:35:24.246Z"},"geometry":{"type":"Point","coordinates":[120.69683074951172,0.3817720773285629]}},{"type":"Feature","id":"pmtiles:8/214/126:park:107591413:0","properties":{"name_int":"Parigi Marine Conservation Area","name_de":"Kawasan Konservasi Perairan Parigi","name":"Kawasan Konservasi Perairan Parigi","rank":1,"name:en":"Parigi Marine Conservation Area","class":"protected_area","name:latin":"Kawasan Konservasi Perairan Parigi","name_en":"Parigi Marine Conservation Area","kind":"green","verification":"verified","source":"OpenMapTiles/OpenStreetMap national PMTiles","sourceId":"8/214/126:park:107591413:0","sourceLayer":"park","archive":"https://its.hanifahseptiani45.workers.dev/v1/map/archive/indonesia.pmtiles","updatedAt":"2026-07-26T09:35:24.313Z"},"geometry":{"type":"Point","coordinates":[120.69683074951172,0.3817720773285629]}},{"type":"Feature","id":"pmtiles:8/212/127:park:107591413:0","properties":{"name_int":"Parigi Marine Conservation Area","name_de":"Kawasan Konservasi Perairan Parigi","name":"Kawasan Konservasi Perairan Parigi","rank":1,"name:en":"Parigi Marine Conservation Area","class":"protected_area","name:latin":"Kawasan Konservasi Perairan Parigi","name_en":"Parigi Marine Conservation Area","kind":"green","verification":"verified","source":"OpenMapTiles/OpenStreetMap national PMTiles","sourceId":"8/212/127:park:107591413:0","sourceLayer":"park","archive":"https://its.hanifahseptiani45.workers.dev/v1/map/archive/indonesia.pmtiles","updatedAt":"2026-07-26T09:35:30.302Z"},"geometry":{"type":"Point","coordinates":[120.69683074951172,0.3817720773285629]}},{"type":"Feature","id":"pmtiles:8/213/127:landuse:2568168800:0","properties":{"class":"residential","kind":"green","verification":"verified","source":"OpenMapTiles/OpenStreetMap national PMTiles","sourceId":"8/213/127:landuse:2568168800:0","sourceLayer":"landuse","archive":"https://its.hanifahseptiani45.workers.dev/v1/map/archive/indonesia.pmtiles","updatedAt":"2026-07-26T09:35:30.383Z"},"geometry":{"type":"Polygon","coordinates":[[[120.77957153320312,0.4984983493636719],[120.77751159667969,0.49781172980863175],[120.77716827392578,0.5053645409603007],[120.78369140625,0.5232166048991473],[120.77991485595703,0.5249331468592544],[120.7840347290039,0.5239032217396442],[120.78540802001953,0.5276796130147829],[120.78369140625,0.520126828188495],[120.78746795654297,0.5180669762071517],[120.78300476074219,0.5190969022817029],[120.7781982421875,0.503647993737701],[120.77957153320312,0.4984983493636719]]]}},{"type":"Feature","id":"pmtiles:8/213/127:landuse:2568168800:1","properties":{"class":"residential","kind":"green","verification":"verified","source":"OpenMapTiles/OpenStreetMap national PMTiles","sourceId":"8/213/127:landuse:2568168800:1","sourceLayer":"landuse","archive":"https://its.hanifahseptiani45.workers.dev/v1/map/archive/indonesia.pmtiles","updatedAt":"2026-07-26T09:35:30.383Z"},"geometry":{"type":"Polygon","coordinates":[[[120.71949005126953,0.5383221578577206],[120.72257995605469,0.5420985402917893],[120.71914672851562,0.5410686180426438],[120.71846008300781,0.5438150769842878],[120.72463989257812,0.5448449987655835],[120.72120666503906,0.5493079911125136],[120.72498321533203,0.5479347630518134],[120.7284164428711,0.553084366650026],[120.73253631591797,0.5493079911125136],[120.73596954345703,0.5496512980784303],[120.7345962524414,0.5479347630518134],[120.73665618896484,0.5410686180426438],[120.73150634765625,0.5331725416819495],[120.7339096069336,0.5293961537466316],[120.73013305664062,0.5328292337833034],[120.72669982910156,0.5311126940033262],[120.72738647460938,0.5372922349691294],[120.72566986083984,0.5335158495614678],[120.7232666015625,0.5331725416819495],[120.71949005126953,0.5383221578577206]]]}},{"type":"Feature","id":"pmtiles:8/213/127:mountain_peak:10701568771:0","properties":{"name_int":"Buluye Tagala","name_de":"Buluye Tagala","name":"Buluye Tagala","rank":4,"class":"peak","name:latin":"Buluye Tagala","name_en":"Buluye Tagala","kind":"poi","verification":"verified","source":"OpenMapTiles/OpenStreetMap national PMTiles","sourceId":"8/213/127:mountain_peak:10701568771:0","sourceLayer":"mountain_peak","archive":"https://its.hanifahseptiani45.workers.dev/v1/map/archive/indonesia.pmtiles","updatedAt":"2026-07-26T09:35:30.383Z"},"geometry":{"type":"Point","coordinates":[120.61546325683594,0.5753992634120948]}},{"type":"Feature","id":"pmtiles:8/213/127:mountain_peak:10701573451:0","properties":{"name_int":"Buyule Tinombala","name_de":"Buyule Tinombala","name":"Buyule Tinombala","rank":5,"class":"peak","name:latin":"Buyule Tinombala","name_en":"Buyule Tinombala","kind":"poi","verification":"verified","source":"OpenMapTiles/OpenStreetMap national PMTiles","sourceId":"8/213/127:mountain_peak:10701573451:0","sourceLayer":"mountain_peak","archive":"https://its.hanifahseptiani45.workers.dev/v1/map/archive/indonesia.pmtiles","updatedAt":"2026-07-26T09:35:30.383Z"},"geometry":{"type":"Point","coordinates":[120.83724975585938,0.6876589664018411]}},{"type":"Feature","id":"pmtiles:8/213/127:park:107591413:0","properties":{"name":"Kawasan Konservasi Perairan Parigi","name_int":"Parigi Marine Conservation Area","class":"protected_area","name:latin":"Kawasan Konservasi Perairan Parigi","name_de":"Kawasan Konservasi Perairan Parigi","name_en":"Parigi Marine Conservation Area","kind":"green","verification":"verified","source":"OpenMapTiles/OpenStreetMap national PMTiles","sourceId":"8/213/127:park:107591413:0","sourceLayer":"park","archive":"https://its.hanifahseptiani45.workers.dev/v1/map/archive/indonesia.pmtiles","updatedAt":"2026-07-26T09:35:30.383Z"},"geometry":{"type":"Polygon","coordinates":[[[120.6521987915039,0.5177236674784353],[120.6570053100586,0.5146338880848873],[120.67073822021484,0.5094842524408563],[120.68206787109375,0.5098275616122976],[120.68756103515625,0.5136039612873446],[120.68962097167969,0.5112007981148992],[120.69133758544922,0.5115441071946947],[120.69202423095703,0.5105141799002695],[120.69408416748047,0.5108574890167432],[120.69408416748047,0.5101708707654495],[120.6954574584961,0.5105141799002695],[120.69992065429688,0.5067377784118605],[120.69889068603516,0.5026180651870646],[120.70884704589844,0.49815503959509044],[120.69305419921875,0.4274328638865512],[120.91484069824219,0.37902555583082176],[120.95947265625,0.3731891947641657],[120.95947265625,0.2767170638922778],[120.84892272949219,0.3302746601771531],[120.63365936279297,0.2880465771541765],[120.4874038696289,0.3738758256800452],[120.56602478027344,0.5112007981148992],[120.57048797607422,0.5091409432511398],[120.57289123535156,0.5091409432511398],[120.57254791259766,0.5098275616122976],[120.57392120361328,0.5108574890167432],[120.58490753173828,0.5139472702383188],[120.58834075927734,0.517380358731117],[120.5914306640625,0.5187535936088068],[120.59623718261719,0.5194402109359402],[120.60104370117188,0.5177236674784353],[120.60173034667969,0.5190969022817029],[120.60070037841797,0.5187535936088068],[120.60035705566406,0.5194402109359402],[120.60104370117188,0.5208134453663433],[120.6024169921875,0.5211567539272153],[120.60344696044922,0.520126828188495],[120.60413360595703,0.5215000624694],[120.60550689697266,0.5208134453663433],[120.61065673828125,0.5211567539272153],[120.61203002929688,0.5197835195715612],[120.61683654785156,0.5184102849172945],[120.62095642089844,0.5197835195715612],[120.63194274902344,0.5156638147161487],[120.63262939453125,0.517037049965225],[120.64018249511719,0.5177236674784353],[120.6467056274414,0.5215000624694],[120.64979553222656,0.520126828188495],[120.6521987915039,0.5177236674784353]]]}},{"type":"Feature","id":"pmtiles:8/213/127:park:7768934622:0","properties":{"name":"Suaka Margasatwa Tanjung Santigi","name_int":"Tanjung Santigi Wildlife Reserve","class":"protected_area","name:latin":"Suaka Margasatwa Tanjung Santigi","name_de":"Suaka Margasatwa Tanjung Santigi","name_en":"Tanjung Santigi Wildlife Reserve","kind":"green","verification":"verified","source":"OpenMapTiles/OpenStreetMap national PMTiles","sourceId":"8/213/127:park:7768934622:0","sourceLayer":"park","archive":"https://its.hanifahseptiani45.workers.dev/v1/map/archive/indonesia.pmtiles","updatedAt":"2026-07-26T09:35:30.384Z"},"geometry":{"type":"Polygon","coordinates":[[[120.8884048461914,0.4487182523278932],[120.89149475097656,0.4476883155796827],[120.89252471923828,0.44631506635707296],[120.89561462402344,0.4442551920426894],[120.89733123779297,0.4367023146640747],[120.89080810546875,0.42468635779302133],[120.8877182006836,0.42262647758209937],[120.88668823242188,0.418163401921376],[120.89115142822266,0.41370032372330456],[120.89492797851562,0.4126703822431921],[120.89733123779297,0.4150735788220885],[120.89836120605469,0.41747677467074595],[120.89561462402344,0.4188500291119368],[120.89561462402344,0.4215965372716539],[120.8990478515625,0.42262647758209937],[120.90282440185547,0.42537298440812776],[120.90728759765625,0.42605961096217015],[120.9096908569336,0.42193985072363205],[120.9096908569336,0.4167901473601745],[120.9103775024414,0.4150735788220885],[120.91312408447266,0.41404363752030804],[120.91209411621094,0.4126703822431921],[120.90934753417969,0.4123270683868441],[120.90934753417969,0.4102671849382773],[120.9100341796875,0.40958055700411933],[120.91552734375,0.4092372430149709],[120.91861724853516,0.4126703822431921],[120.9213638305664,0.40992387097855953],[120.92960357666016,0.40958055700411933],[120.9323501586914,0.40820730095941826],[120.93612670898438,0.4040875314214958],[120.93338012695312,0.400654388543046],[120.9268569946289,0.400654388543046],[120.92205047607422,0.39962444539844455],[120.91552734375,0.4013410172342162],[120.91140747070312,0.4009977028958218],[120.89767456054688,0.39584798609926963],[120.89492797851562,0.39756455872216634],[120.89115142822266,0.4030575887097285],[120.88909149169922,0.4037442171987209],[120.88737487792969,0.4068340446802381],[120.88359832763672,0.4092372430149709],[120.88119506835938,0.4123270683868441],[120.88153839111328,0.4130136960847466],[120.87982177734375,0.4130136960847466],[120.87535858154297,0.4205665968249406],[120.8719253540039,0.42193985072363205],[120.8712387084961,0.4239997311169077],[120.86814880371094,0.42605961096217015],[120.86368560791016,0.4257162976928015],[120.86540222167969,0.42880611656539713],[120.86265563964844,0.43395581191069255],[120.86677551269531,0.43807556566484607],[120.86677551269531,0.4397921290618285],[120.86883544921875,0.4445985044683738],[120.8822250366211,0.44562844164958904],[120.88359832763672,0.4459717540113388],[120.88531494140625,0.4487182523278932],[120.8884048461914,0.4487182523278932]]]}},{"type":"Feature","id":"pmtiles:8/213/127:water:1550538862:0","properties":{"intermittent":0,"class":"lake","id":155053886,"water":"lake","kind":"waterway","verification":"verified","source":"OpenMapTiles/OpenStreetMap national PMTiles","sourceId":"8/213/127:water:1550538862:0","sourceLayer":"water","archive":"https://its.hanifahseptiani45.workers.dev/v1/map/archive/indonesia.pmtiles","updatedAt":"2026-07-26T09:35:30.386Z"},"geometry":{"type":"Polygon","coordinates":[[[120.88874816894531,0.42331310437991476],[120.89149475097656,0.42537298440812776],[120.89630126953125,0.43395581191069255],[120.90179443359375,0.4312093081601631],[120.90728759765625,0.4322392471830625],[120.91243743896484,0.4315526211832861],[120.91312408447266,0.4305226820674477],[120.91140747070312,0.42880611656539713],[120.91140747070312,0.4198799697849438],[120.91415405273438,0.41747677467074595],[120.91346740722656,0.4154168925595769],[120.9151840209961,0.41370032372330456],[120.9210205078125,0.41370032372330456],[120.92308044433594,0.41644683368245694],[120.92720031738281,0.41610351998976114],[120.93029022216797,0.41747677467074595],[120.9378433227539,0.41644683368245694],[120.94161987304688,0.41747677467074595],[120.94402313232422,0.41610351998976114],[120.94127655029297,0.42022328331249525],[120.9429931640625,0.42193985072363205],[120.94436645507812,0.42193985072363205],[120.94642639160156,0.42022328331249525],[120.9488296508789,0.4205665968249406],[120.95020294189453,0.42331310437991476],[120.95123291015625,0.42331310437991476],[120.95157623291016,0.4222831641604614],[120.9488296508789,0.41953665624234304],[120.9429931640625,0.42022328331249525],[120.9426498413086,0.41953665624234304],[120.94573974609375,0.41713346102295645],[120.94573974609375,0.4154168925595769],[120.94402313232422,0.41438695130246117],[120.94093322753906,0.41644683368245694],[120.93887329101562,0.4154168925595769],[120.93441009521484,0.41644683368245694],[120.9323501586914,0.4154168925595769],[120.92994689941406,0.41610351998976114],[120.92788696289062,0.4150735788220885],[120.92411041259766,0.4154168925595769],[120.92273712158203,0.41370032372330456],[120.91449737548828,0.41198375451568836],[120.91243743896484,0.41438695130246117],[120.91106414794922,0.41404363752030804],[120.9100341796875,0.4150735788220885],[120.90934753417969,0.41713346102295645],[120.9096908569336,0.4205665968249406],[120.90694427490234,0.4264029242162337],[120.90179443359375,0.4250296711082058],[120.89492797851562,0.4205665968249406],[120.89492797851562,0.41919334268465036],[120.89801788330078,0.41713346102295645],[120.89664459228516,0.41438695130246117],[120.89492797851562,0.4130136960847466],[120.89149475097656,0.41335700991143653],[120.88943481445312,0.41644683368245694],[120.88703155517578,0.4178200883035714],[120.88668823242188,0.42090991032227976],[120.88874816894531,0.42331310437991476]]]}},{"type":"Feature","id":"pmtiles:8/214/127:mountain_peak:10701568771:0","properties":{"name_int":"Buluye Tagala","name_de":"Buluye Tagala","name":"Buluye Tagala","rank":4,"class":"peak","name:latin":"Buluye Tagala","name_en":"Buluye Tagala","kind":"poi","verification":"verified","source":"OpenMapTiles/OpenStreetMap national PMTiles","sourceId":"8/214/127:mountain_peak:10701568771:0","sourceLayer":"mountain_peak","archive":"https://its.hanifahseptiani45.workers.dev/v1/map/archive/indonesia.pmtiles","updatedAt":"2026-07-26T09:35:30.459Z"},"geometry":{"type":"Point","coordinates":[120.61546325683594,0.5753992634120948]}},{"type":"Feature","id":"pmtiles:8/214/127:mountain_peak:10701573451:0","properties":{"name_int":"Buyule Tinombala","name_de":"Buyule Tinombala","name":"Buyule Tinombala","rank":5,"class":"peak","name:latin":"Buyule Tinombala","name_en":"Buyule Tinombala","kind":"poi","verification":"verified","source":"OpenMapTiles/OpenStreetMap national PMTiles","sourceId":"8/214/127:mountain_peak:10701573451:0","sourceLayer":"mountain_peak","archive":"https://its.hanifahseptiani45.workers.dev/v1/map/archive/indonesia.pmtiles","updatedAt":"2026-07-26T09:35:30.459Z"},"geometry":{"type":"Point","coordinates":[120.83724975585938,0.6876589664018411]}},{"type":"Feature","id":"pmtiles:8/214/127:park:7768934622:0","properties":{"name":"Suaka Margasatwa Tanjung Santigi","name_int":"Tanjung Santigi Wildlife Reserve","class":"protected_area","name:latin":"Suaka Margasatwa Tanjung Santigi","name_de":"Suaka Margasatwa Tanjung Santigi","name_en":"Tanjung Santigi Wildlife Reserve","kind":"green","verification":"verified","source":"OpenMapTiles/OpenStreetMap national PMTiles","sourceId":"8/214/127:park:7768934622:0","sourceLayer":"park","archive":"https://its.hanifahseptiani45.workers.dev/v1/map/archive/indonesia.pmtiles","updatedAt":"2026-07-26T09:35:30.460Z"},"geometry":{"type":"Polygon","coordinates":[[[120.91552734375,0.4092372430149709],[120.91861724853516,0.4126703822431921],[120.9213638305664,0.40992387097855953],[120.92960357666016,0.40958055700411933],[120.9323501586914,0.40820730095941826],[120.93612670898438,0.4040875314214958],[120.93338012695312,0.400654388543046],[120.9268569946289,0.400654388543046],[120.92205047607422,0.39962444539844455],[120.91552734375,0.4013410172342162],[120.91552734375,0.4092372430149709]]]}},{"type":"Feature","id":"pmtiles:8/214/127:water:1550538862:0","properties":{"intermittent":0,"class":"lake","id":155053886,"water":"lake","kind":"waterway","verification":"verified","source":"OpenMapTiles/OpenStreetMap national PMTiles","sourceId":"8/214/127:water:1550538862:0","sourceLayer":"water","archive":"https://its.hanifahseptiani45.workers.dev/v1/map/archive/indonesia.pmtiles","updatedAt":"2026-07-26T09:35:30.463Z"},"geometry":{"type":"Polygon","coordinates":[[[120.91552734375,0.41370032372330456],[120.9210205078125,0.41370032372330456],[120.92308044433594,0.41644683368245694],[120.92720031738281,0.41610351998976114],[120.93029022216797,0.41747677467074595],[120.9378433227539,0.41644683368245694],[120.94161987304688,0.41747677467074595],[120.94402313232422,0.41610351998976114],[120.94127655029297,0.42022328331249525],[120.9429931640625,0.42193985072363205],[120.94436645507812,0.42193985072363205],[120.94642639160156,0.42022328331249525],[120.9488296508789,0.4205665968249406],[120.95020294189453,0.42331310437991476],[120.95123291015625,0.42331310437991476],[120.95157623291016,0.4222831641604614],[120.9488296508789,0.41953665624234304],[120.9429931640625,0.42022328331249525],[120.9426498413086,0.41953665624234304],[120.94573974609375,0.41713346102295645],[120.94573974609375,0.4154168925595769],[120.94402313232422,0.41438695130246117],[120.94093322753906,0.41644683368245694],[120.93887329101562,0.4154168925595769],[120.93441009521484,0.41644683368245694],[120.9323501586914,0.4154168925595769],[120.92994689941406,0.41610351998976114],[120.92788696289062,0.4150735788220885],[120.92411041259766,0.4154168925595769],[120.92273712158203,0.41370032372330456],[120.91552734375,0.4123270683868441],[120.91552734375,0.41370032372330456]]]}},{"type":"Feature","id":"pmtiles:8/212/128:park:107591413:0","properties":{"name_int":"Parigi Marine Conservation Area","name_de":"Kawasan Konservasi Perairan Parigi","name":"Kawasan Konservasi Perairan Parigi","rank":1,"name:en":"Parigi Marine Conservation Area","class":"protected_area","name:latin":"Kawasan Konservasi Perairan Parigi","name_en":"Parigi Marine Conservation Area","kind":"green","verification":"verified","source":"OpenMapTiles/OpenStreetMap national PMTiles","sourceId":"8/212/128:park:107591413:0","sourceLayer":"park","archive":"https://its.hanifahseptiani45.workers.dev/v1/map/archive/indonesia.pmtiles","updatedAt":"2026-07-26T09:35:33.042Z"},"geometry":{"type":"Point","coordinates":[120.69683074951172,0.3817720773285629]}},{"type":"Feature","id":"pmtiles:8/213/128:park:107591413:0","properties":{"name_int":"Parigi Marine Conservation Area","name_de":"Kawasan Konservasi Perairan Parigi","name":"Kawasan Konservasi Perairan Parigi","rank":1,"name:en":"Parigi Marine Conservation Area","class":"protected_area","name:latin":"Kawasan Konservasi Perairan Parigi","name_en":"Parigi Marine Conservation Area","kind":"green","verification":"verified","source":"OpenMapTiles/OpenStreetMap national PMTiles","sourceId":"8/213/128:park:107591413:0","sourceLayer":"park","archive":"https://its.hanifahseptiani45.workers.dev/v1/map/archive/indonesia.pmtiles","updatedAt":"2026-07-26T09:35:33.100Z"},"geometry":{"type":"Point","coordinates":[120.69683074951172,0.3817720773285629]}},{"type":"Feature","id":"pmtiles:8/214/128:park:107591413:0","properties":{"name_int":"Parigi Marine Conservation Area","name_de":"Kawasan Konservasi Perairan Parigi","name":"Kawasan Konservasi Perairan Parigi","rank":1,"name:en":"Parigi Marine Conservation Area","class":"protected_area","name:latin":"Kawasan Konservasi Perairan Parigi","name_en":"Parigi Marine Conservation Area","kind":"green","verification":"verified","source":"OpenMapTiles/OpenStreetMap national PMTiles","sourceId":"8/214/128:park:107591413:0","sourceLayer":"park","archive":"https://its.hanifahseptiani45.workers.dev/v1/map/archive/indonesia.pmtiles","updatedAt":"2026-07-26T09:35:33.167Z"},"geometry":{"type":"Point","coordinates":[120.69683074951172,0.3817720773285629]}}]}