{"type":"FeatureCollection","features":[{"type":"Feature","id":"pmtiles:10/840/513:landcover:206055753:0","properties":{"subclass":"orchard","class":"farmland","kind":"green","verification":"verified","source":"OpenMapTiles/OpenStreetMap national PMTiles","sourceId":"10/840/513:landcover:206055753:0","sourceLayer":"landcover","archive":"https://its.hanifahseptiani45.workers.dev/v1/map/archive/indonesia.pmtiles","updatedAt":"2026-07-26T09:41:47.836Z"},"geometry":{"type":"Polygon","coordinates":[[[115.54055213928223,-0.7086000996551007],[115.48733711242676,-0.7086000996551007],[115.48622131347656,-0.7077418583302233],[115.48613548278809,-0.7054246059603031],[115.48510551452637,-0.7050813092146768],[115.48295974731445,-0.7054246059603031],[115.48158645629883,-0.7048238366388517],[115.48158645629883,-0.7037081219791759],[115.48295974731445,-0.701648340368223],[115.48270225524902,-0.7009617462962723],[115.48038482666016,-0.7010475705607604],[115.477294921875,-0.6984728419422623],[115.47703742980957,-0.6972713014372403],[115.47815322875977,-0.6944390976058941],[115.47961235046387,-0.6941816244460739],[115.47780990600586,-0.6900620519858478],[115.47660827636719,-0.6901478764485631],[115.47626495361328,-0.6881739134146869],[115.47137260437012,-0.6866290722095414],[115.46974182128906,-0.6868865457784352],[115.46982765197754,-0.6860283004948968],[115.47163009643555,-0.6849984059514895],[115.47308921813965,-0.6832819145540867],[115.47283172607422,-0.6824236686253187],[115.47137260437012,-0.6812221240678298],[115.47128677368164,-0.6786473847221686],[115.47360420227051,-0.6793339820152511],[115.47274589538574,-0.6809646501950937],[115.47446250915527,-0.6810504748208643],[115.47532081604004,-0.6829386162009712],[115.4761791229248,-0.6831102653806056],[115.4787540435791,-0.6810504748208643],[115.48124313354492,-0.6810504748208643],[115.48089981079102,-0.6787332093891507],[115.48235893249512,-0.6769308910633356],[115.48253059387207,-0.6757293451405673],[115.48459053039551,-0.6763301181391341],[115.48613548278809,-0.6755576956987568],[115.48604965209961,-0.675128572067706],[115.4824447631836,-0.6740986751986924],[115.48029899597168,-0.6749569226046646],[115.47944068908691,-0.674699448398755],[115.477294921875,-0.6718672312357086],[115.47660827636719,-0.6720388808075626],[115.47669410705566,-0.6728971285762384],[115.47609329223633,-0.6731546028774034],[115.47369003295898,-0.6698932607265391],[115.47394752502441,-0.6692924869353618],[115.47480583190918,-0.6694641365974974],[115.47669410705566,-0.6686917130706149],[115.47772407531738,-0.6666319164050947],[115.47995567321777,-0.6663744417612634],[115.4798698425293,-0.667747639706036],[115.48158645629883,-0.6686917130706149],[115.48150062561035,-0.6704940344440473],[115.48253059387207,-0.6712664576868121],[115.48416137695312,-0.671180632888067],[115.48467636108398,-0.671953056022403],[115.48398971557617,-0.672982953344814],[115.4857063293457,-0.6744419741792456],[115.48699378967285,-0.6741844999460938],[115.48742294311523,-0.6712664576868121],[115.49059867858887,-0.6686058882267787],[115.49094200134277,-0.6673185153894678],[115.49068450927734,-0.6668035661601692],[115.48802375793457,-0.6661169671039886],[115.48613548278809,-0.6662027919912532],[115.4853630065918,-0.665602017749066],[115.48690795898438,-0.663456394858656],[115.48991203308105,-0.6639713444373285],[115.49042701721191,-0.6646579437921076],[115.48982620239258,-0.665773667540023],[115.49308776855469,-0.6680909391323269],[115.49386024475098,-0.6704082096317734],[115.49325942993164,-0.6724680047107654],[115.49454689025879,-0.6722963551540033],[115.49574851989746,-0.6728971285762384],[115.49600601196289,-0.6700649103676284],[115.49540519714355,-0.667919289422187],[115.49592018127441,-0.6674043402557714],[115.49755096435547,-0.6705798592548149],[115.49823760986328,-0.6708373336781079],[115.49832344055176,-0.6690350124308964],[115.49737930297852,-0.6671468656523558],[115.49755096435547,-0.6660311422152319],[115.49592018127441,-0.665773667540023],[115.49583435058594,-0.6617398958762379],[115.49514770507812,-0.6606241712190837],[115.49592018127441,-0.6601092212927853],[115.49772262573242,-0.6606241712190837],[115.499267578125,-0.6584785461746065],[115.50046920776367,-0.6584785461746065],[115.50124168395996,-0.6569336955706007],[115.49901008605957,-0.6553030194149301],[115.49798011779785,-0.6553888444889964],[115.4978084564209,-0.654444768593379],[115.49652099609375,-0.6540156431275221],[115.49617767333984,-0.653329042305856],[115.50012588500977,-0.6527282665099392],[115.50124168395996,-0.6538439929309021],[115.50227165222168,-0.6532432171965468],[115.50201416015625,-0.6502393374486957],[115.49823760986328,-0.6453473008944997],[115.49858093261719,-0.644489048381331],[115.49763679504395,-0.6408843862490272],[115.49574851989746,-0.64079856092917],[115.49145698547363,-0.6392537049263751],[115.48982620239258,-0.6381379753019161],[115.48991203308105,-0.6351340866497992],[115.4911994934082,-0.6353057374770401],[115.49162864685059,-0.6347907849782501],[115.4908561706543,-0.633160101727313],[115.49102783203125,-0.631529417963506],[115.49016952514648,-0.6310144650896348],[115.49008369445801,-0.6302420356832812],[115.49051284790039,-0.6297270826820522],[115.4911994934082,-0.6302420356832812],[115.49240112304688,-0.6300703846885369],[115.49497604370117,-0.6274956190894585],[115.49454689025879,-0.6252641545450217],[115.49308776855469,-0.6240625963203428],[115.49248695373535,-0.6208870482638531],[115.49428939819336,-0.6202862686869537],[115.49531936645508,-0.6214878277724694],[115.49737930297852,-0.6221744328415042],[115.49798011779785,-0.6242342475121063],[115.50081253051758,-0.6226893865846534],[115.5007266998291,-0.6212303508485633],[115.50141334533691,-0.6212303508485633],[115.50192832946777,-0.6200287917045557],[115.50458908081055,-0.6190847093286465],[115.50570487976074,-0.6167674155120011],[115.50682067871094,-0.6162524611933833],[115.50647735595703,-0.6154800296221197],[115.50750732421875,-0.6141068176637532],[115.50793647766113,-0.6123044764331809],[115.50544738769531,-0.6078415336391458],[115.50682067871094,-0.605095105469502],[115.50810813903809,-0.6057817126425107],[115.50836563110352,-0.6074124043295654],[115.51042556762695,-0.6079273594969834],[115.51248550415039,-0.6071549267274321],[115.5128288269043,-0.6076698819194064],[115.51239967346191,-0.6092147472006246],[115.51325798034668,-0.6099871796752012],[115.51231384277344,-0.6119611732728885],[115.50896644592285,-0.6129910826877989],[115.51016807556152,-0.6155658553578007],[115.51222801208496,-0.6167674155120011],[115.51403045654297,-0.6153083781466506],[115.51600456237793,-0.612046999065015],[115.51677703857422,-0.612046999065015],[115.51712036132812,-0.6126477795714749],[115.51643371582031,-0.6138493403822736],[115.5172061920166,-0.6141068176637532],[115.51849365234375,-0.6135060373210024],[115.51900863647461,-0.6139351661441452],[115.51892280578613,-0.6145359464386786],[115.51806449890137,-0.6147934236870896],[115.51875114440918,-0.6164241126384553],[115.5186653137207,-0.6186555809203753],[115.521240234375,-0.6187414066047978],[115.5238151550293,-0.6171107183634064],[115.52372932434082,-0.6156516810920749],[115.52201271057129,-0.6148792494337982],[115.52209854125977,-0.6139351661441452],[115.52518844604492,-0.6141068176637532],[115.52690505981445,-0.6134202115522385],[115.52699089050293,-0.6124761280050848],[115.52621841430664,-0.6111029152760494],[115.52656173706055,-0.6091289213632649],[115.53239822387695,-0.6105021345966719],[115.53359985351562,-0.6128194311323938],[115.53342819213867,-0.6147075979390024],[115.53428649902344,-0.6149650751791285],[115.53557395935059,-0.6132485600105895],[115.53402900695801,-0.610673786226215],[115.53540229797363,-0.6086997921560453],[115.53531646728516,-0.6074982301941958],[115.53454399108887,-0.606811623238869],[115.53565979003906,-0.6070691008573306],[115.5366039276123,-0.6087856180002262],[115.53600311279297,-0.6116178700906261],[115.53703308105469,-0.6133343857820961],[115.53711891174316,-0.6144501206864561],[115.5366039276123,-0.6153942038850744],[115.5351448059082,-0.6160808097427832],[115.53471565246582,-0.6180548010904943],[115.53505897521973,-0.6190847093286465],[115.53763389587402,-0.6197713147096238],[115.53703308105469,-0.6210586995589864],[115.53703308105469,-0.6240625963203428],[115.53651809692383,-0.6252641545450217],[115.53402900695801,-0.6258649335542827],[115.53325653076172,-0.62371929391999],[115.53214073181152,-0.6230326890521383],[115.52947998046875,-0.6234618171050386],[115.52922248840332,-0.6216594790481054],[115.52630424499512,-0.6227752122036208],[115.52724838256836,-0.6233759914972552],[115.5278491973877,-0.6249208522231555],[115.5293083190918,-0.6256932824157957],[115.52913665771484,-0.6263798869360073],[115.52742004394531,-0.6268948402671555],[115.52827835083008,-0.6278389212426703],[115.5281925201416,-0.6289546530848469],[115.53282737731934,-0.6303278611785288],[115.53523063659668,-0.6318727198510885],[115.53574562072754,-0.634190006998196],[115.53565979003906,-0.6347907849782501],[115.53394317626953,-0.6342758324281874],[115.53351402282715,-0.6352199120641444],[115.53291320800781,-0.6352199120641444],[115.5325698852539,-0.6374513723357893],[115.5318832397461,-0.6373655469585771],[115.53136825561523,-0.636335642320617],[115.53102493286133,-0.6373655469585771],[115.52922248840332,-0.6383954513905934],[115.52853584289551,-0.6398544823160819],[115.53068161010742,-0.6413135128266418],[115.53008079528809,-0.6428583682080387],[115.52853584289551,-0.6440599220704968],[115.52973747253418,-0.6455189513797706],[115.52793502807617,-0.6463772037191404],[115.5278491973877,-0.6476645819562066],[115.5267333984375,-0.6480937079625875],[115.52896499633789,-0.6480937079625875],[115.53042411804199,-0.6498102116243416],[115.53248405456543,-0.6498102116243416],[115.53317070007324,-0.6487803094971696],[115.53557395935059,-0.6478362323631046],[115.53651809692383,-0.6444032231220405],[115.5391788482666,-0.6436307957235243],[115.53952217102051,-0.644489048381331],[115.5402946472168,-0.6432874946199689],[115.54226875305176,-0.6451756504034307],[115.54226875305176,-0.6436307957235243],[115.5435562133789,-0.6438024462666476],[115.54458618164062,-0.6426008923435518],[115.54407119750977,-0.6401977836500521],[115.5472469329834,-0.6382238006662391],[115.5457878112793,-0.6380521499361436],[115.54527282714844,-0.6372797215799437],[115.54415702819824,-0.6373655469585771],[115.54364204406738,-0.6366789438894642],[115.54372787475586,-0.636078166128982],[115.54587364196777,-0.6347907849782501],[115.54801940917969,-0.6347907849782501],[115.54956436157227,-0.6359923407289187],[115.54767608642578,-0.6370222454354604],[115.54853439331055,-0.6383096260291268],[115.55025100708008,-0.6379663245689642],[115.55282592773438,-0.639425355616325],[115.55445671081543,-0.6392537049263751],[115.55608749389648,-0.6372797215799437],[115.55685997009277,-0.6379663245689642],[115.5567741394043,-0.639425355616325],[115.55557250976562,-0.641056036884379],[115.55771827697754,-0.6405410849610433],[115.55909156799316,-0.6412276875139895],[115.55814743041992,-0.6453473008944997],[115.55720329284668,-0.6463772037191404],[115.55342674255371,-0.6480937079625875],[115.5530834197998,-0.6514408895627781],[115.55179595947266,-0.6526424413903555],[115.55359840393066,-0.6528999167446585],[115.55411338806152,-0.6520416655124137],[115.55514335632324,-0.6520416655124137],[115.55617332458496,-0.653672342728413],[115.55831909179688,-0.6528999167446585],[115.55952072143555,-0.6529857418598368],[115.55771827697754,-0.6514408895627781],[115.55788993835449,-0.6498102116243416],[115.55952072143555,-0.648522833932617],[115.56140899658203,-0.6506684632365847],[115.5608081817627,-0.6518700152484058],[115.56149482727051,-0.6527282665099392],[115.56123733520508,-0.6537581678304036],[115.56389808654785,-0.6528140916280307],[115.5640697479248,-0.6553888444889964],[115.56192398071289,-0.6567620454739824],[115.56346893310547,-0.6589076712574808],[115.56183815002441,-0.6593367963033643],[115.56166648864746,-0.6622548456333988],[115.56106567382812,-0.6631989200492114],[115.56200981140137,-0.6655161928513564],[115.56200981140137,-0.6665460915253192],[115.56123733520508,-0.6673185153894678],[115.56175231933594,-0.6685200633814503],[115.56037902832031,-0.6688633627537541],[115.55926322937012,-0.6698074359037491],[115.5593490600586,-0.6727254790345825],[115.55763244628906,-0.6727254790345825],[115.55625915527344,-0.6740128504497704],[115.55651664733887,-0.675214396796946],[115.55480003356934,-0.6754718709755707],[115.55411338806152,-0.6766734169620747],[115.55411338806152,-0.678475735383671],[115.5527400970459,-0.678475735383671],[115.55231094360352,-0.6793339820152511],[115.54990768432617,-0.678475735383671],[115.55085182189941,-0.6808788255677882],[115.55007934570312,-0.6836252128826885],[115.55196762084961,-0.6847409322810307],[115.54947853088379,-0.685427528704821],[115.54990768432617,-0.6874873173852052],[115.54698944091797,-0.6884313869002483],[115.54656028747559,-0.6894612807034832],[115.54492950439453,-0.6900620519858478],[115.54424285888672,-0.6916068920776439],[115.54218292236328,-0.691950189807585],[115.53986549377441,-0.6974429500995996],[115.5377197265625,-0.6984728419422623],[115.53754806518555,-0.7021632858560878],[115.5388355255127,-0.7022491100985491],[115.53969383239746,-0.7055104301427519],[115.53926467895508,-0.7067119685307404],[115.54003715515137,-0.7079135066078948],[115.54115295410156,-0.7081709790125217],[115.54055213928223,-0.7086000996551007]]]}},{"type":"Feature","id":"pmtiles:10/840/513:landcover:206055753:1","properties":{"subclass":"orchard","class":"farmland","kind":"green","verification":"verified","source":"OpenMapTiles/OpenStreetMap national PMTiles","sourceId":"10/840/513:landcover:206055753:1","sourceLayer":"landcover","archive":"https://its.hanifahseptiani45.workers.dev/v1/map/archive/indonesia.pmtiles","updatedAt":"2026-07-26T09:41:47.836Z"},"geometry":{"type":"Polygon","coordinates":[[[115.57797431945801,-0.7086000996551007],[115.5435562133789,-0.7086000996551007],[115.5435562133789,-0.7080851548792424],[115.54415702819824,-0.7065403202086031],[115.54329872131348,-0.706111199375556],[115.54183959960938,-0.7071410893082799],[115.54046630859375,-0.7065403202086031],[115.54183959960938,-0.7054246059603031],[115.54046630859375,-0.704738012443741],[115.54201126098633,-0.7026782312872228],[115.54132461547852,-0.701476691859682],[115.54020881652832,-0.701476691859682],[115.53969383239746,-0.7001035035647476],[115.54080963134766,-0.6995027335592141],[115.54269790649414,-0.7000176792829507],[115.54372787475586,-0.6967563554126173],[115.54269790649414,-0.6955548144696877],[115.54407119750977,-0.6939241512722276],[115.54527282714844,-0.6940958000563597],[115.54450035095215,-0.6958122875546593],[115.5457878112793,-0.6962414093317051],[115.54604530334473,-0.6949540438834845],[115.5475902557373,-0.6935808536853045],[115.5472469329834,-0.6923793119350705],[115.54595947265625,-0.6923793119350705],[115.5461311340332,-0.6909202965432968],[115.54767608642578,-0.691349418763906],[115.54819107055664,-0.6927226096090919],[115.54939270019531,-0.6922076630887233],[115.54922103881836,-0.6890321583125285],[115.55068016052246,-0.6878306154122953],[115.5501651763916,-0.6858566514197122],[115.55213928222656,-0.685427528704821],[115.55265426635742,-0.6847409322810307],[115.55239677429199,-0.6838826866130177],[115.55085182189941,-0.6829386162009712],[115.55093765258789,-0.6824236686253187],[115.55171012878418,-0.6825094932250977],[115.55196762084961,-0.6809646501950937],[115.55068016052246,-0.6790765080417742],[115.55316925048828,-0.6805355270432898],[115.55402755737305,-0.6802780531338897],[115.55505752563477,-0.6769308910633356],[115.5571174621582,-0.6762442934296047],[115.55831909179688,-0.6734979019244918],[115.5611515045166,-0.6746136236604485],[115.56166648864746,-0.6768450663644359],[115.56235313415527,-0.6771883651509398],[115.5626106262207,-0.6768450663644359],[115.56183815002441,-0.6753002215246653],[115.5622673034668,-0.6744419741792456],[115.56449890136719,-0.6740986751986924],[115.5666446685791,-0.6766734169620747],[115.56767463684082,-0.6753002215246653],[115.5706787109375,-0.6746136236604485],[115.57085037231445,-0.6731546028774034],[115.57205200195312,-0.6732404276414314],[115.57239532470703,-0.6747852731355835],[115.57127952575684,-0.6755576956987568],[115.57136535644531,-0.6762442934296047],[115.57248115539551,-0.6762442934296047],[115.57265281677246,-0.6774458392248732],[115.57411193847656,-0.6771883651509398],[115.57514190673828,-0.6776174885998785],[115.57531356811523,-0.6782182613645062],[115.57316780090332,-0.6791623327011109],[115.57376861572266,-0.6799347545666592],[115.5735969543457,-0.6821661948168156],[115.57265281677246,-0.6819945456035015],[115.57196617126465,-0.6809646501950937],[115.56973457336426,-0.6813937733086846],[115.5703353881836,-0.6847409322810307],[115.5717945098877,-0.6849984059514895],[115.57514190673828,-0.6870581948166432],[115.57660102844238,-0.6897187541194825],[115.57557106018066,-0.6912635943228764],[115.57600021362305,-0.6942674488342391],[115.5776309967041,-0.6946107463713247],[115.57823181152344,-0.6934092048824994],[115.57951927185059,-0.6935808536853045],[115.57900428771973,-0.6976145987557061],[115.58115005493164,-0.6993310849720729],[115.58355331420898,-0.7000176792829507],[115.58072090148926,-0.7040514188259834],[115.58072090148926,-0.7048238366388517],[115.58226585388184,-0.706197023545343],[115.57797431945801,-0.7086000996551007]]]}},{"type":"Feature","id":"pmtiles:10/840/513:landcover:206055753:2","properties":{"subclass":"orchard","class":"farmland","kind":"green","verification":"verified","source":"OpenMapTiles/OpenStreetMap national PMTiles","sourceId":"10/840/513:landcover:206055753:2","sourceLayer":"landcover","archive":"https://its.hanifahseptiani45.workers.dev/v1/map/archive/indonesia.pmtiles","updatedAt":"2026-07-26T09:41:47.836Z"},"geometry":{"type":"Polygon","coordinates":[[[115.46939849853516,-0.6755576956987568],[115.47283172607422,-0.6721247055912016],[115.47429084777832,-0.6728113038061707],[115.47317504882812,-0.673412077164997],[115.47377586364746,-0.6747852731355835],[115.4732608795166,-0.6762442934296047],[115.47231674194336,-0.6766734169620747],[115.47223091125488,-0.6776174885998785],[115.46811103820801,-0.6773600145350684],[115.46793937683105,-0.6781324366884149],[115.46948432922363,-0.6788190340545697],[115.46905517578125,-0.6792481573589413],[115.46682357788086,-0.6786473847221686],[115.46527862548828,-0.6798489299210217],[115.46364784240723,-0.6805355270432898],[115.46321868896484,-0.6800205792107477],[115.46107292175293,-0.681479597926824],[115.45609474182129,-0.6801064038533156],[115.4549789428711,-0.6810504748208643],[115.45343399047852,-0.6813937733086846],[115.44897079467773,-0.6809646501950937],[115.44897079467773,-0.6801922284943629],[115.4501724243164,-0.6788190340545697],[115.44991493225098,-0.6781324366884149],[115.4472541809082,-0.6794198066700119],[115.44596672058105,-0.6806213516767059],[115.44201850891113,-0.6787332093891507],[115.43944358825684,-0.6800205792107477],[115.43729782104492,-0.6792481573589413],[115.43712615966797,-0.6789048587184965],[115.43927192687988,-0.6768450663644359],[115.4414176940918,-0.6760726440059983],[115.44124603271484,-0.6747852731355835],[115.44339179992676,-0.6723821799331375],[115.44347763061523,-0.6716097568666584],[115.4399585723877,-0.6697216110794386],[115.43807029724121,-0.6710948080878438],[115.43712615966797,-0.6707515088718594],[115.43652534484863,-0.6680909391323269],[115.4359245300293,-0.6674901651205971],[115.43317794799805,-0.6668893910354683],[115.43197631835938,-0.6672326905216579],[115.4307746887207,-0.665602017749066],[115.42708396911621,-0.6650012434337214],[115.42613983154297,-0.665773667540023],[115.4252815246582,-0.665602017749066],[115.42562484741211,-0.6640571693618824],[115.42880058288574,-0.6631989200492114],[115.42759895324707,-0.6613965960084442],[115.42811393737793,-0.6587360212287479],[115.42004585266113,-0.6473212811249311],[115.41704177856445,-0.6415709887559586],[115.4157543182373,-0.6368505946653187],[115.41584014892578,-0.6326451490151612],[115.4172134399414,-0.6299845591890261],[115.42047500610352,-0.627667270168871],[115.42193412780762,-0.6230326890521383],[115.42227745056152,-0.6194280120302409],[115.42356491088867,-0.6169390669404748],[115.42407989501953,-0.6131627342377044],[115.42502403259277,-0.6116178700906261],[115.43128967285156,-0.6062108420814667],[115.43729782104492,-0.6037218908628859],[115.4472541809082,-0.5972849427844125],[115.4501724243164,-0.5946243353719325],[115.45197486877441,-0.5915345961228837],[115.45600891113281,-0.5887023336331652],[115.4556655883789,-0.6185697552345601],[115.45549392700195,-0.6203720943449724],[115.45412063598633,-0.6227752122036208],[115.45549392700195,-0.6258649335542827],[115.45549392700195,-0.6280105723108136],[115.45454978942871,-0.6329026253776249],[115.4542064666748,-0.6334175780642397],[115.4527473449707,-0.6335892289484093],[115.45248985290527,-0.6351340866497992],[115.45360565185547,-0.6362498169248312],[115.45763969421387,-0.6378804992003495],[115.45781135559082,-0.6386529274663673],[115.45703887939453,-0.639682831640485],[115.45437812805176,-0.6400261329859376],[115.45206069946289,-0.6389962288806856],[115.45111656188965,-0.6376230230858937],[115.45000076293945,-0.6372797215799437],[115.44785499572754,-0.6382238006662391],[115.44759750366211,-0.6395111809591469],[115.44631004333496,-0.6406269102851923],[115.44699668884277,-0.6420001152760051],[115.44699668884277,-0.6438024462666476],[115.45077323913574,-0.6456906018592292],[115.45180320739746,-0.6470638054862263],[115.45875549316406,-0.6468063298344475],[115.46030044555664,-0.648265358354962],[115.46072959899902,-0.6501535122867352],[115.46167373657227,-0.6505826380819286],[115.45961380004883,-0.6553030194149301],[115.45523643493652,-0.6566762204234635],[115.45557975769043,-0.6578777709965493],[115.4564380645752,-0.6581352460817129],[115.45927047729492,-0.6571053456613214],[115.46004295349121,-0.6576202958980701],[115.45901298522949,-0.658993496269602],[115.45806884765625,-0.6619115458012317],[115.4582405090332,-0.6630272701688114],[115.45489311218262,-0.6625123204919134],[115.45540809631348,-0.6610532961168758],[115.45103073120117,-0.6612249460656301],[115.45137405395508,-0.6601950462842012],[115.4542064666748,-0.65942262130811],[115.45489311218262,-0.6577061209323745],[115.45360565185547,-0.6577061209323745],[115.45257568359375,-0.6588218462438533],[115.45060157775879,-0.6583068961311227],[115.45042991638184,-0.6552171943393859],[115.45171737670898,-0.6541872933182731],[115.45145988464355,-0.6526424413903555],[115.44716835021973,-0.6524707911468397],[115.44639587402344,-0.6528140916280307],[115.44622421264648,-0.6542731184114388],[115.44742584228516,-0.6553030194149301],[115.44708251953125,-0.6576202958980701],[115.44759750366211,-0.6602808712741393],[115.4494857788086,-0.6610532961168758],[115.44965744018555,-0.6617398958762379],[115.45111656188965,-0.6631130951097646],[115.4524040222168,-0.663456394858656],[115.4524040222168,-0.6639713444373285],[115.45154571533203,-0.6649154185255526],[115.4483699798584,-0.6658594924332562],[115.44768333435059,-0.6655161928513564],[115.44716835021973,-0.6635422197921486],[115.44390678405762,-0.6651728932455683],[115.4454517364502,-0.665945317324983],[115.44622421264648,-0.6675759899839022],[115.44699668884277,-0.667919289422187],[115.44897079467773,-0.6671468656523558],[115.44939994812012,-0.6660311422152319],[115.45085906982422,-0.665602017749066],[115.45248985290527,-0.665945317324983],[115.45223236083984,-0.6668893910354683],[115.45077323913574,-0.6668035661601692],[115.44991493225098,-0.6674043402557714],[115.45000076293945,-0.6684342385346298],[115.45077323913574,-0.6689491875930855],[115.45575141906738,-0.6675759899839022],[115.45575141906738,-0.6653445430514466],[115.45403480529785,-0.6642288192065422],[115.45454978942871,-0.663456394858656],[115.45523643493652,-0.6636280447241631],[115.4556655883789,-0.6648295936158917],[115.45618057250977,-0.6640571693618824],[115.45721054077148,-0.6647437687047528],[115.45798301696777,-0.6669752159092468],[115.45952796936035,-0.6668893910354683],[115.45987129211426,-0.6658594924332562],[115.45909881591797,-0.6642288192065422],[115.46021461486816,-0.6641429942849584],[115.46150207519531,-0.6658594924332562],[115.46124458312988,-0.6668893910354683],[115.45987129211426,-0.667747639706036],[115.46038627624512,-0.6692924869353618],[115.46184539794922,-0.6680909391323269],[115.46253204345703,-0.6704940344440473],[115.46390533447266,-0.6704940344440473],[115.46502113342285,-0.6689491875930855],[115.46536445617676,-0.6693783117671899],[115.46493530273438,-0.6704082096317734],[115.46527862548828,-0.6716955816578434],[115.46433448791504,-0.6722105303733628],[115.46278953552246,-0.6718672312357086],[115.46158790588379,-0.6722963551540033],[115.45927047729492,-0.6704082096317734],[115.45875549316406,-0.6708373336781079],[115.4567813873291,-0.6703223848179931],[115.45738220214844,-0.671180632888067],[115.45901298522949,-0.671953056022403],[115.45884132385254,-0.6728113038061707],[115.4604721069336,-0.6738412009473933],[115.4611587524414,-0.6757293451405673],[115.46175956726074,-0.675128572067706],[115.4611587524414,-0.6740128504497704],[115.46167373657227,-0.6733262524039816],[115.46321868896484,-0.6745277989206073],[115.46682357788086,-0.6755576956987568],[115.46656608581543,-0.672982953344814],[115.46768188476562,-0.6724680047107654],[115.46939849853516,-0.673412077164997],[115.47008514404297,-0.6721247055912016],[115.47042846679688,-0.672982953344814],[115.46914100646973,-0.675214396796946],[115.46939849853516,-0.6755576956987568]]]}},{"type":"Feature","id":"pmtiles:10/840/513:landuse:206054173:0","properties":{"class":"quarry","kind":"green","verification":"verified","source":"OpenMapTiles/OpenStreetMap national PMTiles","sourceId":"10/840/513:landuse:206054173:0","sourceLayer":"landuse","archive":"https://its.hanifahseptiani45.workers.dev/v1/map/archive/indonesia.pmtiles","updatedAt":"2026-07-26T09:41:47.836Z"},"geometry":{"type":"Polygon","coordinates":[[[115.34082412719727,-0.4617641051430468],[115.3428840637207,-0.4606483423420684],[115.34528732299805,-0.45987589106979954],[115.34640312194824,-0.4591892676464795],[115.34700393676758,-0.4591892676464795],[115.34760475158691,-0.459532579366396],[115.34743309020996,-0.4601333748365306],[115.34614562988281,-0.46133496562489995],[115.34554481506348,-0.46236490042491596],[115.34554481506348,-0.46339483507551904],[115.34605979919434,-0.4639956302192303],[115.34820556640625,-0.4640814580927497],[115.34906387329102,-0.4639098023446877],[115.35103797912598,-0.46253655621040934],[115.35404205322266,-0.46236490042491596],[115.35507202148438,-0.4617641051430468],[115.35721778869629,-0.46262238410159284],[115.3579044342041,-0.4638239744690935],[115.35850524902344,-0.4639956302192303],[115.36150932312012,-0.4632231793108019],[115.36477088928223,-0.46142079353060694],[115.36605834960938,-0.4611633098104022],[115.36717414855957,-0.4611633098104022],[115.367431640625,-0.46142079353060694],[115.36725997924805,-0.46253655621040934],[115.36940574645996,-0.46245072831818845],[115.37009239196777,-0.46270821199173895],[115.36983489990234,-0.4639956302192303],[115.3700065612793,-0.4646822531781538],[115.37189483642578,-0.4648539089074575],[115.37335395812988,-0.465712187491377],[115.3743839263916,-0.4658838431956269],[115.37515640258789,-0.4665704659707899],[115.37567138671875,-0.46820119479305333],[115.37610054016113,-0.4685445060757729],[115.37738800048828,-0.4685445060757729],[115.37755966186523,-0.46957443982294933],[115.37704467773438,-0.47103351237161917],[115.37738800048828,-0.47154847908062436],[115.3780746459961,-0.47197761797569626],[115.3780746459961,-0.4725784123842942],[115.37790298461914,-0.473093378978902],[115.37721633911133,-0.4734366900207334],[115.37661552429199,-0.4733508622618672],[115.37627220153809,-0.47300755121577254],[115.37541389465332,-0.473093378978902],[115.37515640258789,-0.4744666230441936],[115.37455558776855,-0.47480993401798344],[115.37421226501465,-0.47480993401798344],[115.37240982055664,-0.47326503450193513],[115.37120819091797,-0.4712051679455129],[115.36923408508301,-0.4717201346418278],[115.3670883178711,-0.470432717829695],[115.36571502685547,-0.47077602900283466],[115.36520004272461,-0.47069020121114136],[115.36511421203613,-0.46991775103829525],[115.36528587341309,-0.468716161710816],[115.36502838134766,-0.46777205566600344],[115.36399841308594,-0.46665629381297435],[115.36365509033203,-0.4659696710461674],[115.36296844482422,-0.46562635963768173],[115.36245346069336,-0.46579801534402065],[115.36142349243164,-0.46794371131997536],[115.36005020141602,-0.4697460954327255],[115.35979270935059,-0.47069020121114136],[115.36013603210449,-0.4728358956863872],[115.35979270935059,-0.4736083455352684],[115.35807609558105,-0.47429496755093226],[115.35575866699219,-0.4741233120533934],[115.35515785217285,-0.47463827853320595],[115.35472869873047,-0.4756682113777799],[115.35378456115723,-0.47626900546613626],[115.3512954711914,-0.47626900546613626],[115.34992218017578,-0.4760115222918273],[115.34914970397949,-0.4744666230441936],[115.34794807434082,-0.47292172345160566],[115.3465747833252,-0.4722351013000292],[115.34597396850586,-0.4722351013000292],[115.34537315368652,-0.4725784123842942],[115.34537315368652,-0.4731792067409515],[115.34614562988281,-0.4751532449746776],[115.34597396850586,-0.4761831777424419],[115.34485816955566,-0.47644066091034176],[115.34082412719727,-0.47644066091034176],[115.34013748168945,-0.4760115222918273],[115.3396224975586,-0.4751532449746776],[115.33979415893555,-0.4741233120533934],[115.3396224975586,-0.47077602900283466],[115.34039497375488,-0.4683728504365092],[115.34048080444336,-0.4676004000078535],[115.34005165100098,-0.46665629381297435],[115.33910751342773,-0.4655405317829491],[115.3388500213623,-0.4639098023446877],[115.33893585205078,-0.4633090071936863],[115.33953666687012,-0.46245072831818845],[115.34082412719727,-0.4617641051430468]]]}},{"type":"Feature","id":"pmtiles:10/840/513:landuse:206054273:0","properties":{"class":"quarry","kind":"green","verification":"verified","source":"OpenMapTiles/OpenStreetMap national PMTiles","sourceId":"10/840/513:landuse:206054273:0","sourceLayer":"landuse","archive":"https://its.hanifahseptiani45.workers.dev/v1/map/archive/indonesia.pmtiles","updatedAt":"2026-07-26T09:41:47.836Z"},"geometry":{"type":"Polygon","coordinates":[[[115.35198211669922,-0.4252013277600639],[115.34846305847168,-0.4254588127307244],[115.34614562988281,-0.4250296711082058],[115.34048080444336,-0.4251154994346109],[115.33730506896973,-0.42563046937304705],[115.33018112182617,-0.42769034878254786],[115.32657623291016,-0.42777617707930915],[115.32563209533691,-0.42760452048484865],[115.3249454498291,-0.42726120728441686],[115.32417297363281,-0.42605961096215594],[115.32262802124023,-0.4214248805399734],[115.32254219055176,-0.4197941414007005],[115.32279968261719,-0.41824923032346817],[115.32365798950195,-0.41661849052317734],[115.32477378845215,-0.4154168925595627],[115.32777786254883,-0.413614495271716],[115.32992362976074,-0.41189792604558306],[115.33352851867676,-0.40812147244882624],[115.33644676208496,-0.4059757593870046],[115.3388500213623,-0.4046025027284088],[115.34236907958984,-0.4036583886407641],[115.34820556640625,-0.4036583886407641],[115.35593032836914,-0.40485998836962267],[115.35876274108887,-0.4047741598234751],[115.3604793548584,-0.4041733599749051],[115.36288261413574,-0.4018559887147575],[115.36425590515137,-0.4009977028958218],[115.36648750305176,-0.4000535883910743],[115.36751747131348,-0.4000535883910743],[115.36983489990234,-0.4009977028958218],[115.37541389465332,-0.40485998836962267],[115.37910461425781,-0.4068340446802239],[115.38064956665039,-0.4079498154248995],[115.39215087890625,-0.41747677467074595],[115.39867401123047,-0.42211150744392967],[115.39978981018066,-0.42331310437990055],[115.4000473022461,-0.42408555945475257],[115.39987564086914,-0.4255446410523689],[115.39901733398438,-0.42691789406863734],[115.39850234985352,-0.4274328638865512],[115.39704322814941,-0.42777617707930915],[115.38991928100586,-0.4278620053750899],[115.38734436035156,-0.42760452048484865],[115.37850379943848,-0.42760452048484865],[115.3769588470459,-0.42777617707930915],[115.3743839263916,-0.42906360141526534],[115.37361145019531,-0.4291494296966505],[115.36992073059082,-0.4291494296966505],[115.3663158416748,-0.42872028828017505],[115.35893440246582,-0.4264887525273622],[115.35472869873047,-0.4255446410523689],[115.35198211669922,-0.4252013277600639]]]}},{"type":"Feature","id":"pmtiles:10/840/513:landuse:5208781880:0","properties":{"class":"residential","kind":"green","verification":"verified","source":"OpenMapTiles/OpenStreetMap national PMTiles","sourceId":"10/840/513:landuse:5208781880:0","sourceLayer":"landuse","archive":"https://its.hanifahseptiani45.workers.dev/v1/map/archive/indonesia.pmtiles","updatedAt":"2026-07-26T09:41:47.836Z"},"geometry":{"type":"Polygon","coordinates":[[[115.57445526123047,-0.5419268865957463],[115.57445526123047,-0.5423560208267304],[115.57110786437988,-0.542270193982958],[115.56999206542969,-0.5433859428568582],[115.56939125061035,-0.5426993281895847],[115.56947708129883,-0.5413260986213402],[115.56853294372559,-0.5415835791890942],[115.56784629821777,-0.5410686180426438],[115.56913375854492,-0.540038695618648],[115.5703353881836,-0.5405536568524667],[115.57093620300293,-0.5402103493680954],[115.57188034057617,-0.5415835791890942],[115.57385444641113,-0.5411544449034125],[115.57445526123047,-0.5419268865957463]]]}},{"type":"Feature","id":"pmtiles:10/840/513:landuse:5208781880:1","properties":{"class":"residential","kind":"green","verification":"verified","source":"OpenMapTiles/OpenStreetMap national PMTiles","sourceId":"10/840/513:landuse:5208781880:1","sourceLayer":"landuse","archive":"https://its.hanifahseptiani45.workers.dev/v1/map/archive/indonesia.pmtiles","updatedAt":"2026-07-26T09:41:47.836Z"},"geometry":{"type":"Polygon","coordinates":[[[115.56715965270996,-0.5501662584902647],[115.56527137756348,-0.5516253127490103],[115.56492805480957,-0.5531701933389286],[115.5648422241211,-0.5542859401815861],[115.56604385375977,-0.5576331794466682],[115.56475639343262,-0.5584914456187988],[115.5637264251709,-0.5571182196833178],[115.5585765838623,-0.5569465664188726],[115.5593490600586,-0.5544575935233524],[115.55814743041992,-0.5534276733981756],[115.55883407592773,-0.5523977530941693],[115.55986404418945,-0.552311926394097],[115.56072235107422,-0.5533418467129962],[115.56303977966309,-0.5537709801264441],[115.56441307067871,-0.5487930306266833],[115.56570053100586,-0.5485355503671485],[115.56715965270996,-0.5501662584902647]]]}},{"type":"Feature","id":"pmtiles:10/840/513:landuse:5208781880:2","properties":{"class":"residential","kind":"green","verification":"verified","source":"OpenMapTiles/OpenStreetMap national PMTiles","sourceId":"10/840/513:landuse:5208781880:2","sourceLayer":"landuse","archive":"https://its.hanifahseptiani45.workers.dev/v1/map/archive/indonesia.pmtiles","updatedAt":"2026-07-26T09:41:47.836Z"},"geometry":{"type":"Polygon","coordinates":[[[115.63685417175293,-0.4394488164139574],[115.63891410827637,-0.43996378537984526],[115.63848495483398,-0.4409937232049259],[115.6369400024414,-0.4413370357816433],[115.6362533569336,-0.44228114528586104],[115.63410758972168,-0.4409937232049259],[115.6340217590332,-0.4403929261575996],[115.63591003417969,-0.44073623876201395],[115.63685417175293,-0.4394488164139574]]]}},{"type":"Feature","id":"pmtiles:10/840/513:landuse:5208781880:3","properties":{"class":"residential","kind":"green","verification":"verified","source":"OpenMapTiles/OpenStreetMap national PMTiles","sourceId":"10/840/513:landuse:5208781880:3","sourceLayer":"landuse","archive":"https://its.hanifahseptiani45.workers.dev/v1/map/archive/indonesia.pmtiles","updatedAt":"2026-07-26T09:41:47.836Z"},"geometry":{"type":"Polygon","coordinates":[[[115.61779975891113,-0.46940278420895254],[115.61814308166504,-0.4700894066396444],[115.61737060546875,-0.4712909957308824],[115.61771392822266,-0.47240675684429334],[115.61848640441895,-0.4735225177785338],[115.61985969543457,-0.47395165655160554],[115.61985969543457,-0.4745524507892469],[115.61745643615723,-0.4740374843030395],[115.61659812927246,-0.4731792067409515],[115.61676979064941,-0.47034689003376684],[115.61779975891113,-0.46940278420895254]]]}},{"type":"Feature","id":"pmtiles:10/840/513:landuse:5208781880:4","properties":{"class":"residential","kind":"green","verification":"verified","source":"OpenMapTiles/OpenStreetMap national PMTiles","sourceId":"10/840/513:landuse:5208781880:4","sourceLayer":"landuse","archive":"https://its.hanifahseptiani45.workers.dev/v1/map/archive/indonesia.pmtiles","updatedAt":"2026-07-26T09:41:47.836Z"},"geometry":{"type":"Polygon","coordinates":[[[115.54132461547852,-0.3908699234890918],[115.54080963134766,-0.3914707243062594],[115.5391788482666,-0.39061243741143414],[115.5377197265625,-0.38846671979133873],[115.53634643554688,-0.387608432590568],[115.53643226623535,-0.3868359740355203],[115.53943634033203,-0.3883808910751867],[115.54132461547852,-0.3908699234890918]]]}},{"type":"Feature","id":"pmtiles:10/840/513:landuse:5208781880:5","properties":{"class":"residential","kind":"green","verification":"verified","source":"OpenMapTiles/OpenStreetMap national PMTiles","sourceId":"10/840/513:landuse:5208781880:5","sourceLayer":"landuse","archive":"https://its.hanifahseptiani45.workers.dev/v1/map/archive/indonesia.pmtiles","updatedAt":"2026-07-26T09:41:47.836Z"},"geometry":{"type":"Polygon","coordinates":[[[115.59016227722168,-0.3862351728885187],[115.59076309204102,-0.38640683036342693],[115.59162139892578,-0.3882950623581536],[115.59316635131836,-0.3875226038657047],[115.59273719787598,-0.3915565529909202],[115.58896064758301,-0.390097465232472],[115.58732986450195,-0.39026912262896474],[115.58621406555176,-0.389582493021976],[115.58707237243652,-0.38846671979133873],[115.58904647827148,-0.387780090037694],[115.59016227722168,-0.3862351728885187]]]}},{"type":"Feature","id":"pmtiles:10/840/513:landuse:5208781880:6","properties":{"class":"residential","kind":"green","verification":"verified","source":"OpenMapTiles/OpenStreetMap national PMTiles","sourceId":"10/840/513:landuse:5208781880:6","sourceLayer":"landuse","archive":"https://its.hanifahseptiani45.workers.dev/v1/map/archive/indonesia.pmtiles","updatedAt":"2026-07-26T09:41:47.836Z"},"geometry":{"type":"Polygon","coordinates":[[[115.6285285949707,-0.4035725600818978],[115.6296443939209,-0.4041733599749051],[115.63024520874023,-0.4059757593870046],[115.62921524047852,-0.41078215585022804],[115.62878608703613,-0.4100955279602516],[115.62938690185547,-0.4057182737812468],[115.62775611877441,-0.4046025027284088],[115.62758445739746,-0.4039158743119202],[115.62767028808594,-0.40314341727400915],[115.6285285949707,-0.4035725600818978]]]}},{"type":"Feature","id":"pmtiles:10/840/513:landuse:5208781880:7","properties":{"class":"residential","kind":"green","verification":"verified","source":"OpenMapTiles/OpenStreetMap national PMTiles","sourceId":"10/840/513:landuse:5208781880:7","sourceLayer":"landuse","archive":"https://its.hanifahseptiani45.workers.dev/v1/map/archive/indonesia.pmtiles","updatedAt":"2026-07-26T09:41:47.836Z"},"geometry":{"type":"Polygon","coordinates":[[[115.63307762145996,-0.3997102739987497],[115.63556671142578,-0.3989378165636026],[115.63496589660645,-0.4002252455818365],[115.63324928283691,-0.40159850297854405],[115.63204765319824,-0.4017701601369197],[115.63161849975586,-0.4008260457212174],[115.63307762145996,-0.3997102739987497]]]}},{"type":"Feature","id":"pmtiles:10/840/513:transportation:3649162380:0","properties":{"class":"secondary","highway":"secondary","kind":"road","verification":"verified","source":"OpenMapTiles/OpenStreetMap national PMTiles","sourceId":"10/840/513:transportation:3649162380:0","sourceLayer":"transportation","archive":"https://its.hanifahseptiani45.workers.dev/v1/map/archive/indonesia.pmtiles","updatedAt":"2026-07-26T09:41:47.836Z"},"geometry":{"type":"LineString","coordinates":[[115.54501533508301,-0.5484497236115118],[115.54604530334473,-0.5489646841269007],[115.54716110229492,-0.5481922433371977],[115.54844856262207,-0.548878857377403],[115.55033683776855,-0.5493079911125136],[115.55248260498047,-0.5487930306266833],[115.55480003356934,-0.5505095654067986],[115.55591583251953,-0.5498229515539776],[115.55746078491211,-0.5505095654067986],[115.55952072143555,-0.5535993267647967],[115.56183815002441,-0.5539426334831319],[115.56312561035156,-0.5549725535187662],[115.5637264251709,-0.5548867268559832],[115.56449890136719,-0.5500804317580474],[115.56595802307129,-0.5482780700965293],[115.5663013458252,-0.5473339756762385],[115.56707382202148,-0.5467331882404665],[115.56818962097168,-0.5467331882404665],[115.56904792785645,-0.5463040543209701],[115.56861877441406,-0.5441583842642501],[115.56930541992188,-0.5432142891973513],[115.57007789611816,-0.5426135013507007],[115.57016372680664,-0.5420127134443788],[115.56990623474121,-0.5414119254784566],[115.56947708129883,-0.5410686180426438],[115.56801795959473,-0.5409827911806389],[115.5677604675293,-0.5401245224939828],[115.56707382202148,-0.5393520805723568],[115.56724548339844,-0.5380646771518656],[115.56655883789062,-0.5347174269888058],[115.56527137756348,-0.5344599461313067],[115.5648422241211,-0.5335158495614536],[115.56303977966309,-0.5330008877350281],[115.56235313415527,-0.532485925865501],[115.5622673034668,-0.5318851369633961],[115.56269645690918,-0.5302544239344655],[115.56441307067871,-0.5290528456382333],[115.56432723999023,-0.5278512671092983],[115.56338310241699,-0.5273363048114987],[115.56209564208984,-0.5258772447365772],[115.56012153625488,-0.5251048010293857],[115.55994987487793,-0.5243323572267258],[115.55917739868164,-0.5236457404332668],[115.55943489074707,-0.5227874693356682],[115.55926322937012,-0.5222725066207943],[115.55840492248535,-0.521585889602008],[115.55720329284668,-0.519783519571547],[115.55685997009277,-0.5190110751152162],[115.55703163146973,-0.5184961120919098],[115.55943489074707,-0.5183244577414996],[115.56029319763184,-0.5171228771584282],[115.55977821350098,-0.5156638147161345],[115.55994987487793,-0.5150630242014671],[115.56089401245117,-0.5146338880848731],[115.56175231933594,-0.5138614430022983],[115.5622673034668,-0.5129173433300735],[115.56346893310547,-0.5118874162561156],[115.56381225585938,-0.5111149708420726],[115.5666446685791,-0.5115441071946805],[115.5677604675293,-0.5105141799002553],[115.56930541992188,-0.5106000071810968],[115.57265281677246,-0.5088834613468265],[115.57351112365723,-0.5077677063095081],[115.57565689086914,-0.5069094330728348],[115.57608604431152,-0.5046779221255946],[115.5776309967041,-0.5033905116152937],[115.57831764221191,-0.5021031008508174],[115.57840347290039,-0.500987344649829],[115.57883262634277,-0.500558207598857],[115.57943344116211,-0.500558207598857],[115.58072090148926,-0.5015023090739135],[115.58140754699707,-0.5015023090739135],[115.58218002319336,-0.5004723801852862],[115.58372497558594,-0.49978576083633186],[115.5845832824707,-0.49841252192321406],[115.58621406555176,-0.498240867038902],[115.5875015258789,-0.497554247457046],[115.58947563171387,-0.49738259255040873],[115.59041976928711,-0.496009353136742],[115.5915355682373,-0.49497942338946643],[115.59273719787598,-0.49429280346906523],[115.5937671661377,-0.49412114847785915],[115.59488296508789,-0.4931770459470499],[115.59608459472656,-0.4931770459470499],[115.59797286987305,-0.49231877080282516],[115.59831619262695,-0.49137466801659],[115.59865951538086,-0.49103135787940744],[115.60295104980469,-0.4905163926405862],[115.60423851013184,-0.4900014273621309],[115.60526847839355,-0.4900872549113018],[115.60672760009766,-0.4906880477246034],[115.60775756835938,-0.49043056509692917],[115.6094741821289,-0.48862818642621164],[115.61136245727539,-0.4875124279590466],[115.6120491027832,-0.48682580727195557],[115.61273574829102,-0.4851092552485454],[115.61402320861816,-0.48382184094515424],[115.61393737792969,-0.48193363285848534],[115.61256408691406,-0.4798737688943078],[115.61239242553711,-0.4777280766054588],[115.61367988586426,-0.47558238364661065],[115.61479568481445,-0.47498158949846925],[115.61582565307617,-0.4737800010455686],[115.61522483825684,-0.47240675684429334],[115.6149673461914,-0.47103351237161917],[115.61436653137207,-0.4700035788394956],[115.61342239379883,-0.46991775103829525],[115.61196327209473,-0.4688019895267672],[115.6120491027832,-0.4676004000078535],[115.61256408691406,-0.46665629381297435],[115.61213493347168,-0.4646822531781538],[115.61222076416016,-0.46262238410159284],[115.61144828796387,-0.4618499330435668],[115.61136245727539,-0.4606483423420684],[115.6105899810791,-0.46021920275669004],[115.61033248901367,-0.45979006314549054],[115.61093330383301,-0.458245160331785],[115.61076164245605,-0.45558449359448616],[115.61093330383301,-0.454640385806087],[115.60981750488281,-0.45206554575649704],[115.60904502868652,-0.45129309356335057],[115.60689926147461,-0.4510356094807264],[115.6050968170166,-0.45112143750930045],[115.60355186462402,-0.4502631571782558],[115.60320854187012,-0.4494907047939307],[115.60346603393555,-0.44674420676670934],[115.6032943725586,-0.4462292382721387],[115.60011863708496,-0.44399770771295266],[115.59874534606934,-0.44365439525937234],[115.59745788574219,-0.44399770771295266],[115.59574127197266,-0.4426244578030918],[115.5926513671875,-0.4417661764802432],[115.59162139892578,-0.440564582461775],[115.5911922454834,-0.4393629882495276],[115.59050559997559,-0.4387621910709072],[115.59024810791016,-0.4375605965689999],[115.58758735656738,-0.4359298608658264],[115.5845832824707,-0.4346424376927729],[115.58466911315918,-0.4336124989962826],[115.58578491210938,-0.4318959341909192],[115.58629989624023,-0.4305226820674335],[115.58775901794434,-0.42906360141526534],[115.5886173248291,-0.4275186921861831],[115.59033393859863,-0.4264887525273622],[115.59110641479492,-0.4257162976927873],[115.5929946899414,-0.4248580144525107],[115.59333801269531,-0.42339893272536244],[115.59402465820312,-0.4227981342872482],[115.59471130371094,-0.4216823656360589],[115.5984878540039,-0.4190216859001765],[115.59977531433105,-0.4188500291119226],[115.60243606567383,-0.41713346102295645],[115.60295104980469,-0.41644683368244273],[115.60295104980469,-0.41395780907244273],[115.60432434082031,-0.4112112982515157],[115.60604095458984,-0.41043884191260815],[115.60758590698242,-0.41112546977311126],[115.6087875366211,-0.4121554114530994],[115.61007499694824,-0.4127562107049556],[115.6117057800293,-0.4123270683868441],[115.61359405517578,-0.4123270683868441],[115.61599731445312,-0.41318535299993187],[115.61934471130371,-0.41301369608471816],[115.62217712402344,-0.4113829552055819],[115.62406539916992,-0.4108679843323273],[115.6244945526123,-0.4098380424863137],[115.62492370605469,-0.4094947285082071],[115.62629699707031,-0.4089797575134497],[115.62887191772461,-0.40915141451537806],[115.62955856323242,-0.4088081005078692],[115.6299877166748,-0.40631907351522045],[115.62990188598633,-0.4051174740026653],[115.62930107116699,-0.4038300457557682],[115.6307601928711,-0.402027645867733],[115.6336784362793,-0.4002252455818365],[115.63565254211426,-0.3983370162861206],[115.63599586486816,-0.39773621596484077],[115.63582420349121,-0.3956763288174159],[115.63745498657227,-0.39292981182573783],[115.63814163208008,-0.39232901111323315],[115.64071655273438,-0.3914707243062594],[115.64208984375,-0.3899258078324692],[115.64372062683105,-0.3889816920699616],[115.64457893371582,-0.3875226038657047],[115.64595222473145,-0.3865784878348535],[115.64715385437012,-0.3865784878348535],[115.64801216125488,-0.38632100162639915],[115.64964294433594,-0.3844327691929692],[115.64972877502441,-0.3826303651169809],[115.65324783325195,-0.377308979452053],[115.65324783325195,-0.37627903346212577],[115.65393447875977,-0.3747341142493781],[115.65376281738281,-0.3724167349197245],[115.65393447875977,-0.37198759053245567],[115.65513610839844,-0.3707001572455084],[115.65805435180664,-0.3694127237714042],[115.65934181213379,-0.36915523705417286],[115.66071510314941,-0.36803946119344744],[115.66131591796875,-0.366322882673785],[115.66208839416504,-0.3656362511737541],[115.66251754760742,-0.3654645932905538],[115.66346168518066,-0.36555042223257317],[115.66629409790039,-0.3647779617248972],[115.66732406616211,-0.36391967219418575],[115.66826820373535,-0.3624605798046474],[115.6695556640625,-0.3616881190326069]]}},{"type":"Feature","id":"pmtiles:10/840/513:waterway:566337300:0","properties":{"name":"Sungai Kedang Pahu","name_int":"Sungai Kedang Pahu","class":"river","name:latin":"Sungai Kedang Pahu","name_de":"Sungai Kedang Pahu","name_en":"Sungai Kedang Pahu","waterway":"river","kind":"waterway","verification":"verified","source":"OpenMapTiles/OpenStreetMap national PMTiles","sourceId":"10/840/513:waterway:566337300:0","sourceLayer":"waterway","archive":"https://its.hanifahseptiani45.workers.dev/v1/map/archive/indonesia.pmtiles","updatedAt":"2026-07-26T09:41:47.837Z"},"geometry":{"type":"LineString","coordinates":[[115.46236038208008,-0.7098016372427907],[115.46527862548828,-0.7056820785029032],[115.46562194824219,-0.7055104301427519],[115.4666519165039,-0.7057679026806056],[115.4666519165039,-0.7050813092146768],[115.46579360961914,-0.7034506493274932],[115.46622276306152,-0.7028498797516676],[115.4677677154541,-0.7027640555202339],[115.4703426361084,-0.7041372430337276],[115.4706859588623,-0.7049954850243267],[115.4706859588623,-0.7057679026806056],[115.4692268371582,-0.7078276824698548],[115.46957015991211,-0.7084284514028241],[115.47060012817383,-0.7086859237788445],[115.47163009643555,-0.7084284514028241],[115.47377586364746,-0.7067977926894145],[115.47738075256348,-0.7079993307443573],[115.47961235046387,-0.7059395510312498],[115.48098564147949,-0.7041372430337276],[115.48107147216797,-0.7030215282097885],[115.48064231872559,-0.7017341646201487],[115.47815322875977,-0.7003609764007166],[115.477294921875,-0.6993310849720729],[115.47574996948242,-0.6987303148676602],[115.47489166259766,-0.6987303148676602],[115.47308921813965,-0.7000176792829507],[115.47257423400879,-0.6992452606761503],[115.47283172607422,-0.6979578960491182],[115.47274589538574,-0.6971854771037158],[115.47111511230469,-0.6966705310696995],[115.47008514404297,-0.6967563554126173],[115.46991348266602,-0.6962414093317051],[115.47008514404297,-0.6953831657385763],[115.47102928161621,-0.6941816244460739],[115.47120094299316,-0.6934950292846906],[115.46974182128906,-0.692636785192903],[115.46768188476562,-0.6925509607751792],[115.46656608581543,-0.6918643653774268],[115.46639442443848,-0.6910061209905223],[115.46716690063477,-0.6880880889163876],[115.46708106994629,-0.6869723702983066],[115.46682357788086,-0.6864574231559288],[115.46579360961914,-0.686114125030187],[115.46502113342285,-0.686371598626792],[115.46459197998047,-0.6874014928745851],[115.46459197998047,-0.6891179827938032],[115.46364784240723,-0.6900620519858478],[115.46321868896484,-0.6902337009097295],[115.46064376831055,-0.6890321583125285],[115.46021461486816,-0.6885172113923517],[115.45995712280273,-0.6876589664018269],[115.46030044555664,-0.686199949563914],[115.46218872070312,-0.684311809466223],[115.46304702758789,-0.6826811424200514],[115.46381950378418,-0.6824236686253187],[115.46527862548828,-0.6836252128826885],[115.46751022338867,-0.6836252128826885],[115.46828269958496,-0.6825094932250977],[115.46793937683105,-0.6806213516767059],[115.46811103820801,-0.6800205792107477],[115.47163009643555,-0.6783899107121556],[115.47300338745117,-0.6773600145350684],[115.47394752502441,-0.675214396796946],[115.47463417053223,-0.6723821799331375],[115.47369003295898,-0.671953056022403],[115.47257423400879,-0.6718672312357086],[115.47111511230469,-0.6703223848179931],[115.46957015991211,-0.6698932607265391],[115.4692268371582,-0.6693783117671899],[115.46939849853516,-0.6683484136863029],[115.47060012817383,-0.6668035661601692],[115.47369003295898,-0.6651728932455683],[115.47386169433594,-0.6637996945837301],[115.47480583190918,-0.6624264955405579],[115.4761791229248,-0.66165407091151],[115.47969818115234,-0.6603666962625994],[115.47944068908691,-0.6597659213122853],[115.47866821289062,-0.6590793212802737],[115.47609329223633,-0.6577061209323745],[115.47600746154785,-0.6571911707044649],[115.47738075256348,-0.6565903953714809],[115.47815322875977,-0.6571911707044649],[115.47909736633301,-0.6573628207863464],[115.47978401184082,-0.6567620454739824],[115.48064231872559,-0.6565903953714809],[115.48089981079102,-0.6561612700894273],[115.48098564147949,-0.654873894022515],[115.4824447631836,-0.652213315770581],[115.4831314086914,-0.6514408895627781],[115.48330307006836,-0.650754288389777],[115.48373222351074,-0.6504109877682254],[115.48441886901855,-0.6503251626091924],[115.48501968383789,-0.6495527361122129],[115.48493385314941,-0.648608659122246],[115.48510551452637,-0.6483511835489679],[115.48673629760742,-0.6473212811249311],[115.4868221282959,-0.6466346793926903],[115.48725128173828,-0.6458622523329041],[115.48630714416504,-0.6454331261378599],[115.48553466796875,-0.644489048381331],[115.48639297485352,-0.6444032231220405],[115.48673629760742,-0.6437166209958178],[115.48587799072266,-0.6421717658739396],[115.48562049865723,-0.6411418621999161],[115.48356056213379,-0.6395970063005336],[115.48295974731445,-0.6387387528221069],[115.48347473144531,-0.6374513723357893],[115.48295974731445,-0.6369364200511001],[115.48270225524902,-0.6358206899245005],[115.48047065734863,-0.6342758324281874],[115.48089981079102,-0.633503403507035],[115.48201560974121,-0.6323876726398936],[115.48192977905273,-0.6306711631454078],[115.48338890075684,-0.6278389212426703],[115.48613548278809,-0.6261224102514689],[115.48665046691895,-0.6252641545450217],[115.4857063293457,-0.624405898698285],[115.48450469970703,-0.6242342475121063],[115.4824447631836,-0.6244917242892711],[115.48150062561035,-0.6249208522231555],[115.48064231872559,-0.6244917242892711],[115.48038482666016,-0.623890945122966],[115.48081398010254,-0.623547642711415],[115.4827880859375,-0.623547642711415],[115.48304557800293,-0.6232901658880792],[115.4831314086914,-0.6217453046838273],[115.48467636108398,-0.6202004430275565],[115.48381805419922,-0.6174540211926569],[115.48613548278809,-0.6165099383589165],[115.4879379272461,-0.6149650751791285],[115.48956871032715,-0.612390302219822],[115.4893970489502,-0.611703695888238],[115.48828125,-0.6102446571421041],[115.48836708068848,-0.6096438763668459],[115.48982620239258,-0.6087856180002262],[115.49102783203125,-0.6066399714864161],[115.49291610717773,-0.6061250161964011],[115.49154281616211,-0.6014045904282597],[115.49162864685059,-0.5998597229250322],[115.49240112304688,-0.5990872890098018],[115.49308776855469,-0.5978857249253053],[115.49308776855469,-0.596340856430345],[115.49351692199707,-0.5940235528753277],[115.49437522888184,-0.5938519007214325],[115.49609184265137,-0.595396769914359],[115.4978084564209,-0.5960833783056643],[115.49840927124023,-0.5955684220202073],[115.49849510192871,-0.5948818135647542],[115.49918174743652,-0.5945385093049964],[115.50004005432129,-0.5946243353719325],[115.50098419189453,-0.5939377267990409],[115.50124168395996,-0.5927361615913185],[115.50209999084473,-0.5911912916555195],[115.50175666809082,-0.5905046826571265],[115.5018424987793,-0.5902472042608622],[115.50493240356445,-0.588873985946293],[115.5051040649414,-0.5885306813147508],[115.50433158874512,-0.5872432887584011],[115.5044174194336,-0.5850976338392826],[115.50536155700684,-0.5842393716417149],[115.50664901733398,-0.5822653680900913],[115.50793647766113,-0.5815787579969509],[115.50888061523438,-0.580205537560218],[115.51076889038086,-0.5789181430980506],[115.51094055175781,-0.5779740536400055],[115.51068305969238,-0.576257526950755],[115.51162719726562,-0.5751417843253108],[115.51197052001953,-0.5741976942410645],[115.51239967346191,-0.5741976942410645],[115.51257133483887,-0.5748843052268882],[115.51291465759277,-0.5752276106888559],[115.51454544067383,-0.5760000479027241],[115.51480293273926,-0.5758283951975756],[115.5154037475586,-0.5738543887172227],[115.51626205444336,-0.5720520343793254],[115.51677703857422,-0.5718803815556868],[115.51754951477051,-0.5729102984204673],[115.51823616027832,-0.5726528192216023],[115.51840782165527,-0.5723953400111981],[115.51815032958984,-0.5710221173605277],[115.5183219909668,-0.5706788116465731],[115.51857948303223,-0.5704213323476779],[115.51960945129395,-0.5704213323476779],[115.51986694335938,-0.5701638530372435],[115.5197811126709,-0.5699063737152983],[115.5183219909668,-0.5691339356804264],[115.51772117614746,-0.5693914150368897],[115.51737785339355,-0.5702496794753245],[115.51712036132812,-0.5699922001572304],[115.51669120788574,-0.5681040181397208],[115.51677703857422,-0.5672457533822097],[115.51849365234375,-0.567503232822844],[115.51969528198242,-0.5683614975421136],[115.5201244354248,-0.5679323651984021],[115.5201244354248,-0.5673315798636906],[115.52063941955566,-0.5672457533822097],[115.52098274230957,-0.5674174063439068],[115.52149772644043,-0.5689622827697463],[115.52209854125977,-0.5689622827697463],[115.52218437194824,-0.5683614975421136],[115.52115440368652,-0.566387488497412],[115.5208969116211,-0.565443396977372],[115.52106857299805,-0.5652717439572115],[115.52347183227539,-0.5648426113846483],[115.52390098571777,-0.5668166209557199],[115.52433013916016,-0.5673315798636906],[115.52467346191406,-0.5670741004154252],[115.52578926086426,-0.5644993053037837],[115.52424430847168,-0.5641559992026401],[115.52424430847168,-0.5635552134769171],[115.5270767211914,-0.5613237230965495],[115.52845001220703,-0.5613237230965495],[115.52982330322266,-0.5620961621709029],[115.53008079528809,-0.5620103356121291],[115.53033828735352,-0.5609804168085333],[115.53093910217285,-0.560808763656965],[115.53145408630371,-0.561409549665413],[115.53119659423828,-0.5626111214970564],[115.53162574768066,-0.5628686011430801],[115.5322265625,-0.5612378965264355],[115.53214073181152,-0.5600363244126498],[115.5325698852539,-0.5598646712334272],[115.53437232971191,-0.5609804168085333],[115.53531646728516,-0.5628686011430801],[115.5362606048584,-0.5631260807777494],[115.53703308105469,-0.5638126930812462],[115.53780555725098,-0.56338356040105],[115.53797721862793,-0.5630402542341244],[115.5380630493164,-0.5622678152846703],[115.53754806518555,-0.5607229370792908],[115.5377197265625,-0.5601221510003853],[115.53960800170898,-0.5611520699550567],[115.53969383239746,-0.561667029364429],[115.53926467895508,-0.5620103356121291],[115.53935050964355,-0.5622678152846703],[115.54080963134766,-0.562353641839664],[115.54201126098633,-0.5614953762329975],[115.5428695678711,-0.5603796307560316],[115.54381370544434,-0.5597788446419258],[115.54372787475586,-0.5581481391649561],[115.54398536682129,-0.5574615261972298],[115.54450035095215,-0.5578048326911045],[115.54484367370605,-0.5595213648598758],[115.54518699645996,-0.5601221510003853],[115.54595947265625,-0.560808763656965],[115.54638862609863,-0.560808763656965],[115.5472469329834,-0.5602938041720762],[115.5472469329834,-0.5584056190072175],[115.54750442504883,-0.5582339657803033],[115.54965019226074,-0.5587489254459967],[115.55076599121094,-0.5586630988381813],[115.55188179016113,-0.5582339657803033],[115.55213928222656,-0.5579764859305385],[115.55213928222656,-0.5575473528225672],[115.55153846740723,-0.5567749131494253],[115.5530834197998,-0.5560024733750737],[115.55497169494629,-0.5560024733750737],[115.55600166320801,-0.5555733401234306],[115.55668830871582,-0.5549725535187662],[115.55651664733887,-0.5538568068054133],[115.55668830871582,-0.5535135000821043],[115.55874824523926,-0.5542001135088412],[115.55917739868164,-0.554543420192374],[115.5582332611084,-0.5562599533110983],[115.55831909179688,-0.5567749131494253],[115.55883407592773,-0.5574615261972298],[115.55977821350098,-0.5572898729427749],[115.56175231933594,-0.5574615261972298],[115.56364059448242,-0.5572040463136716],[115.5640697479248,-0.5574615261972298],[115.56441307067871,-0.5585772722291011],[115.56467056274414,-0.5587489254459967],[115.56595802307129,-0.5582339657803033],[115.56681632995605,-0.5571182196833178],[115.56681632995605,-0.5564316065955239],[115.56527137756348,-0.5548867268559832],[115.56501388549805,-0.5538568068054133],[115.56527137756348,-0.5521402729902718],[115.56570053100586,-0.5515394860378109],[115.56638717651367,-0.5511103524631977],[115.56836128234863,-0.5511103524631977],[115.56913375854492,-0.550767045581253],[115.5695629119873,-0.5487930306266833],[115.57050704956055,-0.5480205898148398],[115.57188034057617,-0.5475056292182501],[115.57205200195312,-0.5469906685774504],[115.57136535644531,-0.5464757078924549],[115.5695629119873,-0.5458749203708209],[115.56939125061035,-0.5450166523786919],[115.56982040405273,-0.5441583842642501],[115.57162284851074,-0.5428709818637145],[115.57291030883789,-0.542270193982958],[115.57497024536133,-0.5426993281895847],[115.57797431945801,-0.5419268865957463],[115.5790901184082,-0.5421843671379776],[115.57951927185059,-0.5415835791890942],[115.57951927185059,-0.5410686180426438],[115.57866096496582,-0.5405536568524667],[115.57806015014648,-0.539523734341202],[115.5776309967041,-0.53918042679868],[115.57720184326172,-0.5396095612237986],[115.57694435119629,-0.5404678299832],[115.576171875,-0.5408111374530193],[115.57497024536133,-0.5406394837205397],[115.5732536315918,-0.5408111374530193],[115.57282447814941,-0.5402103493680954],[115.57308197021484,-0.5396095612237986],[115.57462692260742,-0.5390945999100296],[115.5765151977539,-0.5366056196135958],[115.57737350463867,-0.5363481388354074],[115.58003425598145,-0.5366914465372616],[115.58046340942383,-0.5364339657626687],[115.58029174804688,-0.5358331772465021],[115.57969093322754,-0.5351465617273448],[115.57926177978516,-0.5335158495614536],[115.57883262634277,-0.5328292337833034],[115.57891845703125,-0.5305977319763002],[115.57917594909668,-0.5298252888554202],[115.57969093322754,-0.52973946183603],[115.58072090148926,-0.5309410399990924],[115.58157920837402,-0.5312843480027993],[115.5827808380127,-0.5312843480027993],[115.58381080627441,-0.5305977319763002],[115.58415412902832,-0.5293961537466316],[115.58484077453613,-0.5291386726671163],[115.58544158935547,-0.5296536348154604],[115.58595657348633,-0.52973946183603],[115.58595657348633,-0.5281087482422038],[115.58544158935547,-0.5277654400626233],[115.58509826660156,-0.5268213424711234],[115.58544158935547,-0.5263063800881866],[115.5860424041748,-0.5261347259510814],[115.58664321899414,-0.5263922071549558],[115.58775901794434,-0.5262205530202237],[115.58956146240234,-0.5273363048114987],[115.5900764465332,-0.5274221318641139],[115.59136390686035,-0.5268213424711234],[115.59222221374512,-0.527078823646633],[115.5929946899414,-0.5269929965893283],[115.5929946899414,-0.5265638612849699],[115.59247970581055,-0.5258772447365772],[115.5923080444336,-0.5227016422194595],[115.59179306030273,-0.5222725066207943],[115.59059143066406,-0.5227874693356682],[115.59024810791016,-0.5221008523731285],[115.59016227722168,-0.5209850996491099],[115.59041976928711,-0.5202984824899488],[115.59471130371094,-0.5171228771584282],[115.59625625610352,-0.517037049965225],[115.59694290161133,-0.5165220867815634],[115.59720039367676,-0.5154921602891562],[115.59814453125,-0.5144622336301694],[115.60003280639648,-0.514204751939431],[115.6007194519043,-0.5147197153105196],[115.60149192810059,-0.5160929507633369],[115.60209274291992,-0.5161787779692872],[115.60286521911621,-0.5158354691384801],[115.60346603393555,-0.5161787779692872],[115.6036376953125,-0.5168653955753086],[115.60492515563965,-0.517895321845117],[115.60526847839355,-0.5184102849172803],[115.60380935668945,-0.5200410010360059],[115.60406684875488,-0.5205559639334041],[115.60569763183594,-0.5208134453663433],[115.60672760009766,-0.5207276182231908],[115.60775756835938,-0.5202126553398045],[115.60887336730957,-0.5201268281884808],[115.60964584350586,-0.5196118652560813],[115.61101913452148,-0.5172087043504803],[115.61179161071777,-0.5166937411807595],[115.61299324035645,-0.5168653955753086],[115.6157398223877,-0.5166079139817441],[115.61634063720703,-0.5163504323777488],[115.61651229858398,-0.5147197153105196],[115.61634063720703,-0.514204751939431],[115.61488151550293,-0.5130031705787701],[115.61505317687988,-0.5124023798138069],[115.6157398223877,-0.5124023798138069],[115.61642646789551,-0.5127456888292556],[115.61822891235352,-0.5125740343238334],[115.61831474304199,-0.5110291435681233],[115.61908721923828,-0.5090551159508294],[115.61908721923828,-0.508368497507405],[115.61857223510742,-0.5077677063095081],[115.61531066894531,-0.506823605742909],[115.61445236206055,-0.5059653323811091],[115.61325073242188,-0.5059653323811091],[115.61307907104492,-0.5052787136099255],[115.61333656311035,-0.5044204400439014],[115.61470985412598,-0.5023605830240001],[115.6157398223877,-0.499614105987888],[115.6160831451416,-0.4993566237067881],[115.6171989440918,-0.4999574156803135],[115.61797142028809,-0.4999574156803135],[115.61814308166504,-0.4977259023592211],[115.61797142028809,-0.496953455264304],[115.6175422668457,-0.49643849048415234],[115.61685562133789,-0.4962668355485391],[115.6157398223877,-0.496781800342049],[115.61513900756836,-0.4965243179503034],[115.61445236206055,-0.4957518707149404],[115.61385154724121,-0.4957518707149404],[115.61273574829102,-0.496953455264304],[115.61230659484863,-0.49686762780373783],[115.61119079589844,-0.49515107835846095],[115.61093330383301,-0.4945502859475255],[115.61101913452148,-0.4939494934822335],[115.61282157897949,-0.49206128823800555],[115.61325073242188,-0.4912030129501943],[115.61196327209473,-0.4894864620441126],[115.61161994934082,-0.48862818642621164],[115.6120491027832,-0.4880273934284389],[115.61359405517578,-0.48725494520958534],[115.6160831451416,-0.4869116348616558],[115.61848640441895,-0.48596753131477044],[115.62140464782715,-0.4841651514499574],[115.62277793884277,-0.48270608168459717],[115.62475204467773,-0.48193363285848534],[115.62509536743164,-0.4814186669257339],[115.62483787536621,-0.4807320456215791],[115.62346458435059,-0.48030290727142244],[115.61685562133789,-0.48038873494361667],[115.61651229858398,-0.48004542424838803],[115.61651229858398,-0.4793588028062459],[115.61822891235352,-0.476612316350284],[115.61943054199219,-0.47644066091034176],[115.6201171875,-0.47583986683693524],[115.61925888061523,-0.4745524507892469],[115.61676979064941,-0.4738658287991342],[115.61634063720703,-0.47326503450193513],[115.61651229858398,-0.4700894066396444],[115.61702728271484,-0.46931695640036253],[115.61779975891113,-0.4691453007800419],[115.61874389648438,-0.46957443982294933],[115.61925888061523,-0.4702610622367871],[115.61934471130371,-0.47137682351517185],[115.62071800231934,-0.4723209290726942],[115.62114715576172,-0.471634306861759],[115.62080383300781,-0.47069020121114136],[115.6197738647461,-0.4690594729683113],[115.61960220336914,-0.4685445060757729],[115.61985969543457,-0.4680295391453768],[115.62149047851562,-0.4680295391453768],[115.62406539916992,-0.4691453007800419],[115.62492370605469,-0.4688019895267672],[115.62518119812012,-0.4683728504365092],[115.62483787536621,-0.4671712608440828],[115.62509536743164,-0.46639881028326613],[115.62578201293945,-0.4658838431956269],[115.62646865844727,-0.465712187491377],[115.62809944152832,-0.46639881028326613],[115.62861442565918,-0.4661413267441503],[115.62887191772461,-0.46562635963768173],[115.62784194946289,-0.4646822531781538],[115.62767028808594,-0.4640814580927497],[115.62861442565918,-0.46339483507551904],[115.63058853149414,-0.46373814659246193],[115.63084602355957,-0.4659696710461674],[115.63050270080566,-0.4668279494941885],[115.6296443939209,-0.4676862278374614],[115.62981605529785,-0.4683728504365092],[115.63324928283691,-0.4688019895267672],[115.63307762145996,-0.4670854330081795],[115.63204765319824,-0.4652830482124699],[115.6322193145752,-0.4646822531781538],[115.63496589660645,-0.4634806629563144],[115.63522338867188,-0.46270821199173895],[115.6351375579834,-0.46142079353060694],[115.63539505004883,-0.46047668651101503],[115.63788414001465,-0.46142079353060694],[115.63942909240723,-0.46107748190161146],[115.64303398132324,-0.46142079353060694],[115.64406394958496,-0.4611633098104022],[115.64440727233887,-0.46081999816898644],[115.6450080871582,-0.45987589106979954],[115.6450080871582,-0.4590176117803537],[115.64578056335449,-0.4585884720969915],[115.64672470092773,-0.4592750955780218],[115.64620971679688,-0.46159244933889454],[115.64638137817383,-0.46245072831818845],[115.6472396850586,-0.4632231793108019],[115.64878463745117,-0.4631373514268944],[115.65118789672852,-0.46253655621040934],[115.65170288085938,-0.4618499330435668],[115.6505012512207,-0.4609058260809036],[115.65007209777832,-0.46004754691531957],[115.64998626708984,-0.4592750955780218],[115.6505012512207,-0.458245160331785],[115.65101623535156,-0.4579018485501223],[115.65693855285645,-0.4584168162164559],[115.65917015075684,-0.459532579366396],[115.6600284576416,-0.4596184072937888],[115.66080093383789,-0.4592750955780218],[115.66174507141113,-0.458245160331785],[115.66234588623047,-0.45618528939543523],[115.6629467010498,-0.45575614954273647],[115.66354751586914,-0.4562711173629168],[115.66329002380371,-0.4577301926531163],[115.66217422485352,-0.4592750955780218],[115.66217422485352,-0.4606483423420684],[115.66449165344238,-0.46339483507551904],[115.66500663757324,-0.4645964253119246],[115.66560745239258,-0.46476808104333145],[115.66620826721191,-0.46476808104333145],[115.66646575927734,-0.4631373514268944],[115.66740989685059,-0.4621932446352872],[115.66835403442383,-0.4621932446352872],[115.66929817199707,-0.46356649083605816],[115.66981315612793,-0.465111392493597],[115.66981315612793,-0.46631298243794106],[115.66938400268555,-0.4673429165127345],[115.66946983337402,-0.46820119479305333],[115.67007064819336,-0.46820119479305333]]}},{"type":"Feature","id":"pmtiles:10/840/513:waterway:3724217992:0","properties":{"name_int":"Nyuatan River","name_de":"Sungai Nyuatan","name":"Sungai Nyuatan","name:en":"Nyuatan River","class":"river","name:latin":"Sungai Nyuatan","name_en":"Nyuatan River","waterway":"river","kind":"waterway","verification":"verified","source":"OpenMapTiles/OpenStreetMap national PMTiles","sourceId":"10/840/513:waterway:3724217992:0","sourceLayer":"waterway","archive":"https://its.hanifahseptiani45.workers.dev/v1/map/archive/indonesia.pmtiles","updatedAt":"2026-07-26T09:41:47.837Z"},"geometry":{"type":"LineString","coordinates":[[115.50724983215332,-0.3458097443563872],[115.50613403320312,-0.3470971811467365],[115.50639152526855,-0.34752632670459604],[115.50690650939941,-0.34744049759457596],[115.50862312316895,-0.34615306085090936],[115.50965309143066,-0.34606723172845477],[115.51016807556152,-0.3463247190935306],[115.51042556762695,-0.34744049759457596],[115.51033973693848,-0.3522469265490855],[115.51094055175781,-0.3537060205641893],[115.5117130279541,-0.35387767866855313],[115.51291465759277,-0.35293355905528756],[115.51497459411621,-0.355250943388981],[115.5146312713623,-0.3563667208240986],[115.51523208618164,-0.35825495925232076],[115.51737785339355,-0.35773998517403527],[115.51772117614746,-0.358083301229442],[115.51780700683594,-0.35988571030910066],[115.51815032958984,-0.36022902628394604],[115.51960945129395,-0.3600573682981292],[115.52003860473633,-0.3611731451480438],[115.51969528198242,-0.3617739480105371],[115.51772117614746,-0.3626322377450606],[115.5172061920166,-0.3633188694740852],[115.5172061920166,-0.3641771590619811],[115.51797866821289,-0.3651212775142909],[115.51815032958984,-0.3657220801141392],[115.51789283752441,-0.366322882673785],[115.51514625549316,-0.3672670009003838],[115.51471710205078,-0.36778197443652516],[115.51480293273926,-0.36855443468500937],[115.51651954650879,-0.36872609250890775],[115.51660537719727,-0.36924106596075035],[115.5157470703125,-0.36958438157873275],[115.5146312713623,-0.36958438157873275],[115.51351547241211,-0.36915523705417286],[115.5128288269043,-0.36915523705417286],[115.51111221313477,-0.3700135260825732],[115.51102638244629,-0.3706143283530565],[115.51197052001953,-0.3707001572455084],[115.51239967346191,-0.3710434728070311],[115.51248550415039,-0.3719017616524951],[115.51291465759277,-0.3723309060439419],[115.51411628723145,-0.3723309060439419],[115.51445960998535,-0.37284587928610335],[115.5146312713623,-0.37353251022879874],[115.51351547241211,-0.3755065738898793],[115.51385879516602,-0.37645069113557383],[115.51497459411621,-0.3767940064723092],[115.51557540893555,-0.37636486229928323],[115.5160903930664,-0.376536519971026],[115.5168628692627,-0.3779097812232237],[115.51849365234375,-0.3783389253200511],[115.51875114440918,-0.37859641176795833],[115.51892280578613,-0.3795405286781772],[115.51875114440918,-0.3800555014948799],[115.5197811126709,-0.3806563030755399],[115.52063941955566,-0.3822012212334869],[115.52166938781738,-0.3830595089790165],[115.52184104919434,-0.3834028240531637],[115.5215835571289,-0.383831967876489],[115.52029609680176,-0.38348865281955113],[115.51960945129395,-0.383831967876489],[115.51943778991699,-0.3841752829196423],[115.5208969116211,-0.3847760842119925],[115.52132606506348,-0.38537688546200854],[115.52166938781738,-0.38735094641337753],[115.52209854125977,-0.38735094641337753],[115.5226993560791,-0.38537688546200854],[115.52338600158691,-0.38486191296456695],[115.52407264709473,-0.38520522796632406],[115.52553176879883,-0.3876942613145644],[115.52613258361816,-0.3879517474813383],[115.52724838256836,-0.3867501453028268],[115.53068161010742,-0.3855485429542256],[115.5311107635498,-0.38589185792829994],[115.53145408630371,-0.3871792889575545],[115.53299903869629,-0.387780090037694],[115.5333423614502,-0.38915334948919167],[115.53385734558105,-0.3892391781974993],[115.53428649902344,-0.38915334948919167],[115.53445816040039,-0.38872420593457946],[115.53445816040039,-0.38692180276731847],[115.5348014831543,-0.38649265909957364],[115.53548812866211,-0.38649265909957364],[115.53600311279297,-0.3878659187599425],[115.53488731384277,-0.39069826610487723],[115.53523063659668,-0.39138489562073175],[115.53583145141602,-0.3912990669343088],[115.53686141967773,-0.3899258078324692],[115.53694725036621,-0.3882092336402536],[115.53754806518555,-0.3883808910751867],[115.53874969482422,-0.39061243741143414],[115.54046630859375,-0.39138489562073175],[115.54055213928223,-0.3927581544837011],[115.54003715515137,-0.3943888990903872],[115.54038047790527,-0.3948180423548848],[115.54080963134766,-0.39473221370376166],[115.54192543029785,-0.39378809848291496],[115.54415702819824,-0.3924148397890832],[115.54450035095215,-0.3917282103575843],[115.54441452026367,-0.3912990669343088],[115.54183959960938,-0.3919856964009938],[115.54123878479004,-0.39189986772073837],[115.54141044616699,-0.3912990669343088],[115.54201126098633,-0.39095575217989165],[115.54458618164062,-0.3905266087171384],[115.54630279541016,-0.388638377221028],[115.54716110229492,-0.38881003464724984],[115.54810523986816,-0.39069826610487723],[115.54879188537598,-0.39138489562073175],[115.54947853088379,-0.3916423816746857],[115.54999351501465,-0.39104158086982466],[115.54999351501465,-0.3904407800219474],[115.55050849914551,-0.390097465232472],[115.55213928222656,-0.39069826610487723],[115.55265426635742,-0.39026912262896474],[115.5530834197998,-0.38872420593457946],[115.55368423461914,-0.387780090037694],[115.55368423461914,-0.3871792889575545],[115.55402755737305,-0.3867501453028268],[115.5545425415039,-0.38692180276731847],[115.55497169494629,-0.3880375762018389],[115.5553150177002,-0.3880375762018389],[115.55574417114258,-0.3866643165692807],[115.55488586425781,-0.3847760842119925],[115.55522918701172,-0.3844327691929692],[115.55583000183105,-0.3842611116782848],[115.55651664733887,-0.3847760842119925],[115.5567741394043,-0.38537688546200854],[115.55643081665039,-0.3862351728885187],[115.55651664733887,-0.3870076314982782],[115.55694580078125,-0.3871792889575545],[115.55986404418945,-0.3862351728885187],[115.5608081817627,-0.38649265909957364],[115.56140899658203,-0.38632100162639915],[115.56209564208984,-0.38511939921718863],[115.56278228759766,-0.3856343716990551],[115.56303977966309,-0.38640683036342693],[115.56424140930176,-0.3868359740355203],[115.56501388549805,-0.38649265909957364],[115.56527137756348,-0.38529105671459263],[115.56587219238281,-0.38529105671459263],[115.56612968444824,-0.38735094641337753],[115.56715965270996,-0.3879517474813383],[115.56793212890625,-0.387780090037694],[115.56793212890625,-0.38529105671459263],[115.56836128234863,-0.3849477417163172],[115.56887626647949,-0.38503357046718634],[115.5692195892334,-0.3862351728885187],[115.56990623474121,-0.3870934602283569],[115.57136535644531,-0.3882950623581536],[115.57342529296875,-0.3875226038657047],[115.57402610778809,-0.387780090037694],[115.57411193847656,-0.389582493021976],[115.57445526123047,-0.3899258078324692],[115.57497024536133,-0.3899258078324692],[115.57531356811523,-0.38975415042897055],[115.57625770568848,-0.387608432590568],[115.57771682739258,-0.3862351728885187],[115.57754516601562,-0.3859776866696478],[115.5758285522461,-0.38640683036342693],[115.57497024536133,-0.3861493441497572],[115.5747127532959,-0.3856343716990551],[115.5750560760498,-0.38537688546200854],[115.576171875,-0.3856343716990551],[115.57737350463867,-0.38529105671459263],[115.57814598083496,-0.38460442670420036],[115.57900428771973,-0.3830595089790165],[115.57917594909668,-0.3834028240531637],[115.57900428771973,-0.3847760842119925],[115.57951927185059,-0.38589185792829994],[115.57960510253906,-0.3875226038657047],[115.58012008666992,-0.387780090037694],[115.58157920837402,-0.38537688546200854],[115.58235168457031,-0.38503357046718634],[115.58406829833984,-0.3854627142085434],[115.58475494384766,-0.3861493441497572],[115.58509826660156,-0.38726511768589944],[115.58578491210938,-0.38812340492147257],[115.58612823486328,-0.3882092336402536],[115.587158203125,-0.3880375762018389],[115.58793067932129,-0.387608432590568],[115.58870315551758,-0.387608432590568],[115.58964729309082,-0.38632100162639915],[115.59084892272949,-0.38589185792829994],[115.59110641479492,-0.3862351728885187],[115.59127807617188,-0.3875226038657047],[115.59170722961426,-0.3879517474813383],[115.59222221374512,-0.387780090037694],[115.59282302856445,-0.38649265909957364],[115.59350967407227,-0.38589185792829994],[115.59436798095703,-0.3859776866696478],[115.59479713439941,-0.3889816920699616],[115.59599876403809,-0.39061243741143414],[115.59677124023438,-0.3912990669343088],[115.59728622436523,-0.39104158086982466],[115.59771537780762,-0.3901832939311447],[115.59805870056152,-0.390097465232472],[115.59840202331543,-0.3904407800219474],[115.59840202331543,-0.3917282103575843],[115.59951782226562,-0.39335895516536823],[115.6007194519043,-0.39284398315516],[115.60089111328125,-0.3921573537588614],[115.59883117675781,-0.39001163653290405],[115.59883117675781,-0.3892391781974993],[115.59943199157715,-0.388638377221028],[115.5996036529541,-0.38649265909957364],[115.60003280639648,-0.3862351728885187],[115.60192108154297,-0.387608432590568],[115.6032943725586,-0.38915334948919167],[115.60423851013184,-0.3896683217259209],[115.60492515563965,-0.3892391781974993],[115.6050968170166,-0.3879517474813383],[115.60552597045898,-0.3883808910751867],[115.60561180114746,-0.3894108356114856],[115.60595512390137,-0.3896683217259209],[115.60647010803223,-0.38949666431716423],[115.60758590698242,-0.387780090037694],[115.60844421386719,-0.3878659187599425],[115.60870170593262,-0.3882950623581536],[115.60861587524414,-0.389582493021976],[115.60904502868652,-0.3905266087171384],[115.61110496520996,-0.39104158086982466],[115.61161994934082,-0.3915565529909202],[115.61136245727539,-0.3925864971381685],[115.61033248901367,-0.39430307043483026],[115.61076164245605,-0.395333014243036],[115.61256408691406,-0.39473221370376166],[115.6135082244873,-0.3957621574587904],[115.61385154724121,-0.3957621574587904],[115.61402320861816,-0.39541884288796325],[115.61342239379883,-0.3935306124950415],[115.61359405517578,-0.39232901111323315],[115.61445236206055,-0.39232901111323315],[115.61694145202637,-0.39404558446285876],[115.61960220336914,-0.3948180423548848],[115.6197738647461,-0.395333014243036],[115.61874389648438,-0.3957621574587904],[115.61668395996094,-0.39507552830295367],[115.61625480651855,-0.395333014243036],[115.61625480651855,-0.3960196433775707],[115.61891555786133,-0.39739290147589656],[115.61917304992676,-0.39782204458485637],[115.61934471130371,-0.39928113098818585],[115.61968803405762,-0.3997102739987497],[115.62028884887695,-0.39962444539844455],[115.62080383300781,-0.3987661593459393],[115.6212329864502,-0.39859450212470904],[115.62131881713867,-0.3997961025981738],[115.62174797058105,-0.40031107417587464],[115.62312126159668,-0.40091187430897435],[115.62337875366211,-0.4012551886509641],[115.62234878540039,-0.40271427444352526],[115.62234878540039,-0.40314341727400915],[115.62294960021973,-0.4036583886407641],[115.62475204467773,-0.4046025027284088],[115.62629699707031,-0.40408753142148157],[115.62681198120117,-0.4041733599749051],[115.62801361083984,-0.4051174740026653],[115.62912940979004,-0.4055466167062036],[115.62921524047852,-0.40580410231741837],[115.62887191772461,-0.4070057017279254],[115.62749862670898,-0.4087222720037005],[115.62732696533203,-0.4095805570041051],[115.62749862670898,-0.41069632736720507],[115.62878608703613,-0.41164044062972494],[115.62861442565918,-0.4123270683868441],[115.62698364257812,-0.41284203916580964],[115.62586784362793,-0.41206958298485574],[115.6252670288086,-0.41198375451568836],[115.62492370605469,-0.4124987253168655],[115.62569618225098,-0.41627517683797066],[115.62698364257812,-0.41747677467074595],[115.62664031982422,-0.4190216859001765],[115.62689781188965,-0.41919334268465036],[115.6281852722168,-0.4188500291119226],[115.62930107116699,-0.4190216859001765],[115.63007354736328,-0.41945082785433385],[115.63050270080566,-0.42022328331248104],[115.63101768493652,-0.42039494007059375],[115.63187599182129,-0.42005162655060246],[115.63273429870605,-0.4190216859001765],[115.63290596008301,-0.4192791710754875],[115.63273429870605,-0.42005162655060246],[115.6314468383789,-0.42133905217272627],[115.63179016113281,-0.42305561933785896],[115.6314468383789,-0.42408555945475257],[115.63179016113281,-0.424428872796625],[115.6336784362793,-0.42339893272536244],[115.63470840454102,-0.42339893272536244],[115.6354808807373,-0.4250296711082058],[115.63419342041016,-0.4257162976927873],[115.63282012939453,-0.4270037223740104],[115.63230514526367,-0.4280336619638092],[115.63264846801758,-0.42897777313292806],[115.63333511352539,-0.4295785710890385],[115.63376426696777,-0.43043685380149554],[115.63350677490234,-0.43138096467365017],[115.63316345214844,-0.4317242776890282],[115.63324928283691,-0.4325825601596591],[115.63359260559082,-0.4327542166421523],[115.63419342041016,-0.4325825601596591],[115.63556671142578,-0.43138096467365017],[115.63582420349121,-0.43138096467365017],[115.63591003417969,-0.4318101059404711],[115.63316345214844,-0.43395581191069255],[115.63264846801758,-0.4346424376927729],[115.6325626373291,-0.43558654804117225],[115.63264846801758,-0.4365306582713231],[115.63307762145996,-0.43695979924584094],[115.63350677490234,-0.43695979924584094],[115.63453674316406,-0.43644483007346935],[115.63522338867188,-0.4371314556288013],[115.63530921936035,-0.43850470655101503],[115.6351375579834,-0.4391913319177121],[115.63385009765625,-0.4391913319177121],[115.63350677490234,-0.4397063009013493],[115.63359260559082,-0.440564582461775],[115.63410758972168,-0.4413370357816433],[115.63582420349121,-0.4420236608875143],[115.63591003417969,-0.4426244578030918],[115.63462257385254,-0.4429677703044206],[115.63324928283691,-0.44219531715407356],[115.63273429870605,-0.44253862967526914],[115.63264846801758,-0.44331108278984743],[115.63290596008301,-0.4438260514881591],[115.63359260559082,-0.44416936393376716],[115.63530921936035,-0.4437402233742489],[115.63599586486816,-0.4440835358238644],[115.63608169555664,-0.4446843325722938],[115.63505172729492,-0.44571426974151507],[115.63496589660645,-0.4462292382721387],[115.63556671142578,-0.4464008944410125],[115.63676834106445,-0.4453709573677571],[115.63745498657227,-0.44545678546269585],[115.63814163208008,-0.44588592592239706],[115.63822746276855,-0.44648672252392885],[115.63796997070312,-0.44708751907639055],[115.63702583312988,-0.4476883155796827],[115.6365966796875,-0.4482891120337342],[115.63676834106445,-0.44897573649231504],[115.6380558013916,-0.4494907047939307],[115.63831329345703,-0.45017732913957786],[115.63788414001465,-0.45352462189703147],[115.63857078552246,-0.45403958987644444],[115.63831329345703,-0.45575614954273647],[115.63857078552246,-0.45764436470308567],[115.6391716003418,-0.45764436470308567],[115.63977241516113,-0.45601363345743096],[115.6406307220459,-0.45558449359448616],[115.64157485961914,-0.4560994614269447],[115.64191818237305,-0.4568719131065251],[115.64140319824219,-0.4574727087999264],[115.63925743103027,-0.4584168162164559],[115.63814163208008,-0.46004754691531957],[115.63788414001465,-0.46142079353060694]]}},{"type":"Feature","id":"pmtiles:10/840/513:waterway:10523969422:0","properties":{"name":"Sungai Nyahing","name_int":"Sungai Nyahing","class":"river","name:latin":"Sungai Nyahing","name_de":"Sungai Nyahing","name_en":"Sungai Nyahing","waterway":"river","kind":"waterway","verification":"verified","source":"OpenMapTiles/OpenStreetMap national PMTiles","sourceId":"10/840/513:waterway:10523969422:0","sourceLayer":"waterway","archive":"https://its.hanifahseptiani45.workers.dev/v1/map/archive/indonesia.pmtiles","updatedAt":"2026-07-26T09:41:47.837Z"},"geometry":{"type":"LineString","coordinates":[[115.41506767272949,-0.4875124279590466],[115.41678428649902,-0.48759825554000713],[115.41772842407227,-0.486997462450276],[115.41772842407227,-0.48622501411338703],[115.41824340820312,-0.4860533589153846],[115.41901588439941,-0.4865683244962611],[115.41953086853027,-0.48622501411338703],[115.41901588439941,-0.48425097907345105],[115.41927337646484,-0.48373601331623206],[115.41996002197266,-0.48365018568622986],[115.42081832885742,-0.48313521988340824],[115.42081832885742,-0.4814186669257339],[115.42159080505371,-0.4815044945838878],[115.42236328125,-0.4821911158102523],[115.42262077331543,-0.4820194605101449],[115.42244911193848,-0.4810753562823038],[115.42133331298828,-0.4807320456215791],[115.42098999023438,-0.47961628585512983],[115.42227745056152,-0.4761831777424419],[115.42262077331543,-0.4760115222918273],[115.42313575744629,-0.47626900546613626],[115.42579650878906,-0.4761831777424419],[115.42596817016602,-0.4765264886308387],[115.42476654052734,-0.4771272826443891],[115.42476654052734,-0.4776422488999543],[115.42553901672363,-0.4781572151169229],[115.42656898498535,-0.4780713874167759],[115.42734146118164,-0.47755642119336983],[115.42871475219727,-0.4756682113777799],[115.43034553527832,-0.4747241062761276],[115.43086051940918,-0.4736941732909514],[115.43137550354004,-0.47395165655160554],[115.43128967285156,-0.47463827853320595],[115.43171882629395,-0.4751532449746776],[115.43231964111328,-0.4753249004466511],[115.43283462524414,-0.47498158949846925],[115.43352127075195,-0.4750674172370992],[115.43403625488281,-0.47480993401798344],[115.43455123901367,-0.4728358956863872],[115.43669700622559,-0.47197761797569626],[115.43652534484863,-0.47111934015909185],[115.43686866760254,-0.4698319232360433],[115.4373836517334,-0.4700035788394956],[115.43755531311035,-0.47214927352631264],[115.43789863586426,-0.47266424015272435],[115.43832778930664,-0.4728358956863872],[115.43970108032227,-0.4717201346418278],[115.4399585723877,-0.47111934015909185],[115.43978691101074,-0.4698319232360433],[115.44330596923828,-0.4685445060757729],[115.44364929199219,-0.46888781734168106],[115.44339179992676,-0.46948861201647674],[115.44270515441895,-0.46991775103829525],[115.44227600097656,-0.4708618567935048],[115.44201850891113,-0.4728358956863872],[115.44098854064941,-0.4740374843030395],[115.4403018951416,-0.4761831777424419],[115.44004440307617,-0.4781572151169229],[115.44047355651855,-0.4785863536015853],[115.44167518615723,-0.4785005259067816],[115.44261932373047,-0.4780713874167759],[115.44296264648438,-0.4770414549313813],[115.44244766235352,-0.475410728181032],[115.44356346130371,-0.47429496755093226],[115.44459342956543,-0.47420913980269574],[115.44570922851562,-0.47438079529808874],[115.44682502746582,-0.4751532449746776],[115.44776916503906,-0.4751532449746776],[115.44905662536621,-0.47583986683693524],[115.45025825500488,-0.4757540391078976],[115.4501724243164,-0.4766981440686351],[115.45042991638184,-0.47729893806719303],[115.45120239257812,-0.4784146982109263],[115.45266151428223,-0.4795304581732438],[115.45197486877441,-0.4820194605101449],[115.45051574707031,-0.4829635646071324],[115.45042991638184,-0.48330687515534976],[115.45111656188965,-0.484079323825398],[115.45326232910156,-0.4833927027897005],[115.45472145080566,-0.48176197755189776],[115.45540809631348,-0.48176197755189776],[115.45592308044434,-0.4821052881607528],[115.45660972595215,-0.48193363285848534],[115.45712471008301,-0.48133283926649995],[115.45798301696777,-0.4809037009540873],[115.45901298522949,-0.47944463049027775],[115.45978546142578,-0.47875800898791],[115.46072959899902,-0.4784146982109263],[115.4622745513916,-0.4791871474349563],[115.46364784240723,-0.4815044945838878],[115.46442031860352,-0.4812470116061718],[115.46510696411133,-0.4798737688943078],[115.46656608581543,-0.4785005259067816],[115.46639442443848,-0.4780713874167759],[115.46459197998047,-0.47781390430989745],[115.46347618103027,-0.4771272826443891],[115.46098709106445,-0.4741233120533934],[115.4611587524414,-0.4736083455352684],[115.46175956726074,-0.47326503450193513],[115.46278953552246,-0.4745524507892469],[115.46313285827637,-0.4744666230441936],[115.46390533447266,-0.4733508622618672],[115.46407699584961,-0.47137682351517185],[115.46433448791504,-0.4709476845830807],[115.4648494720459,-0.4709476845830807],[115.46510696411133,-0.47111934015909185],[115.46459197998047,-0.47266424015272435],[115.4659652709961,-0.4747241062761276],[115.4666519165039,-0.4741233120533934],[115.46725273132324,-0.473093378978902],[115.46733856201172,-0.4724925846148267],[115.46708106994629,-0.47206344575153025],[115.46725273132324,-0.47137682351517185],[115.4677677154541,-0.47069020121114136],[115.46939849853516,-0.4702610622367871],[115.47051429748535,-0.4712051679455129],[115.47102928161621,-0.4705185456245715],[115.47051429748535,-0.4698319232360433],[115.47060012817383,-0.46948861201647674],[115.47111511230469,-0.4692311285907209],[115.4718017578125,-0.4697460954327255],[115.47231674194336,-0.4696602676283561],[115.47317504882812,-0.46863033389382736],[115.47369003295898,-0.46845867825666687],[115.47386169433594,-0.46863033389382736],[115.47343254089355,-0.46957443982294933],[115.47377586364746,-0.46991775103829525],[115.4747200012207,-0.4689736451555149],[115.47489166259766,-0.46845867825666687],[115.4747200012207,-0.46820119479305333],[115.47497749328613,-0.4676004000078535],[115.47549247741699,-0.4676004000078535],[115.47574996948242,-0.4680295391453768],[115.47532081604004,-0.4691453007800419],[115.47532081604004,-0.4697460954327255],[115.47635078430176,-0.46991775103829525],[115.47677993774414,-0.4697460954327255],[115.47712326049805,-0.4685445060757729],[115.47849655151367,-0.4682870226153],[115.47892570495605,-0.46777205566600344],[115.47995567321777,-0.46725708867893445],[115.47935485839844,-0.46665629381297435],[115.47866821289062,-0.46699960517123884],[115.47823905944824,-0.4667421216541072],[115.47849655151367,-0.46579801534402065],[115.47995567321777,-0.46519722035354505],[115.48089981079102,-0.46605549889568465],[115.4813289642334,-0.467428744345483],[115.4816722869873,-0.46751457217719405],[115.48201560974121,-0.4673429165127345],[115.48175811767578,-0.465712187491377],[115.48235893249512,-0.46536887607034316],[115.4831314086914,-0.4654547039271648],[115.48416137695312,-0.46605549889568465],[115.48416137695312,-0.4667421216541072],[115.48364639282227,-0.4681153669697409],[115.48416137695312,-0.4689736451555149],[115.48407554626465,-0.46940278420895254],[115.4831314086914,-0.470432717829695],[115.48321723937988,-0.47077602900283466],[115.48501968383789,-0.47034689003376684],[115.48441886901855,-0.4689736451555149],[115.48510551452637,-0.4685445060757729],[115.48544883728027,-0.46888781734168106],[115.48562049865723,-0.47034689003376684],[115.48596382141113,-0.47077602900283466],[115.48759460449219,-0.471634306861759],[115.48810958862305,-0.47154847908062436],[115.48828125,-0.4712909957308824],[115.48690795898438,-0.4700894066396444],[115.48699378967285,-0.4698319232360433],[115.48888206481934,-0.4700035788394956],[115.4893970489502,-0.470432717829695],[115.48991203308105,-0.4700894066396444],[115.49016952514648,-0.46957443982294933],[115.49094200134277,-0.4690594729683113],[115.49171447753906,-0.46888781734168106],[115.49188613891602,-0.4692311285907209],[115.49094200134277,-0.4700894066396444],[115.4908561706543,-0.47069020121114136],[115.49162864685059,-0.4712051679455129],[115.49308776855469,-0.4708618567935048],[115.49317359924316,-0.47034689003376684],[115.49283027648926,-0.46991775103829525],[115.49300193786621,-0.46940278420895254],[115.4937744140625,-0.46991775103829525],[115.49446105957031,-0.47060437341838224],[115.49471855163574,-0.4725784123842942],[115.49540519714355,-0.4734366900207334],[115.4941177368164,-0.47480993401798344],[115.4941177368164,-0.4751532449746776],[115.49437522888184,-0.475410728181032],[115.49574851989746,-0.4753249004466511],[115.49609184265137,-0.4757540391078976],[115.49583435058594,-0.4766981440686351],[115.49609184265137,-0.4771272826443891],[115.4963493347168,-0.47721311035631686],[115.49737930297852,-0.47678397178592036],[115.49832344055176,-0.4778997320132703],[115.49909591674805,-0.4781572151169229],[115.50004005432129,-0.47781390430989745],[115.50107002258301,-0.47875800898791],[115.50201416015625,-0.47867218129528055],[115.50373077392578,-0.4797879412156618],[115.50458908081055,-0.47961628585512983],[115.50467491149902,-0.47867218129528055],[115.50433158874512,-0.47824304281600405],[115.50484657287598,-0.47824304281600405],[115.50536155700684,-0.47867218129528055],[115.50596237182617,-0.4799595965719021],[115.50656318664551,-0.48013125192382233],[115.50785064697266,-0.4797879412156618],[115.50776481628418,-0.4790154920593608],[115.50707817077637,-0.4790154920593608],[115.5076789855957,-0.4781572151169229],[115.50845146179199,-0.4780713874167759],[115.50939559936523,-0.4783288705140194],[115.51016807556152,-0.4789296643699572],[115.5091381072998,-0.4789296643699572],[115.5087947845459,-0.4792729751211482],[115.50888061523438,-0.47970211353593584],[115.50948143005371,-0.4799595965719021],[115.51033973693848,-0.47961628585512983],[115.51179885864258,-0.47970211353593584],[115.51214218139648,-0.4785005259067816],[115.51265716552734,-0.4785863536015853],[115.51274299621582,-0.4792729751211482],[115.51231384277344,-0.4808178732883732],[115.51197052001953,-0.48098952861873556],[115.5117130279541,-0.480646217953705],[115.51076889038086,-0.48038873494361667],[115.51051139831543,-0.480646217953705],[115.51051139831543,-0.4812470116061718],[115.51076889038086,-0.482276943458686],[115.51145553588867,-0.48304939224581744],[115.51162719726562,-0.48450846193739494],[115.51257133483887,-0.48553839329527193],[115.51308631896973,-0.4857958761102452],[115.51342964172363,-0.48562422090134305],[115.51368713378906,-0.48476594479154755],[115.51403045654297,-0.48485177240742416],[115.51445960998535,-0.4854525656881066],[115.51677703857422,-0.48553839329527193],[115.51669120788574,-0.48493760002222075],[115.51591873168945,-0.48425097907345105],[115.51729202270508,-0.48365018568622986],[115.51815032958984,-0.48433680669585044],[115.51900863647461,-0.48459428955654005],[115.51883697509766,-0.48493760002222075],[115.51806449890137,-0.4850234276359373],[115.51789283752441,-0.485366738079847],[115.5183219909668,-0.48571004850633415],[115.51892280578613,-0.48562422090134305],[115.52055358886719,-0.4839934961997159],[115.52029609680176,-0.4829635646071324],[115.52046775817871,-0.48279190932650806],[115.52132606506348,-0.4833927027897005],[115.52192687988281,-0.48304939224581744],[115.52209854125977,-0.48253442639747846],[115.52244186401367,-0.48253442639747846],[115.52261352539062,-0.48279190932650806],[115.52209854125977,-0.48390766857296796],[115.5223560333252,-0.48433680669585044],[115.52304267883301,-0.48476594479154755],[115.52330017089844,-0.48476594479154755],[115.52407264709473,-0.48390766857296796],[115.52570343017578,-0.48382184094515424],[115.52536010742188,-0.48270608168459717],[115.52776336669922,-0.4829635646071324],[115.52939414978027,-0.48253442639747846],[115.52982330322266,-0.48270608168459717],[115.52905082702637,-0.48390766857296796],[115.52913665771484,-0.48433680669585044],[115.52947998046875,-0.48450846193739494],[115.53008079528809,-0.4841651514499574],[115.53059577941895,-0.48193363285848534],[115.53119659423828,-0.4815044945838878],[115.53153991699219,-0.4815044945838878],[115.53248405456543,-0.4829635646071324],[115.53274154663086,-0.48433680669585044],[115.53437232971191,-0.48287773696736735],[115.53454399108887,-0.4821911158102523],[115.53471565246582,-0.4821052881607528],[115.5351448059082,-0.48279190932650806],[115.5362606048584,-0.4821911158102523],[115.53746223449707,-0.48193363285848534],[115.53703308105469,-0.4812470116061718],[115.53703308105469,-0.48098952861873556],[115.5373764038086,-0.4809037009540873],[115.54080963134766,-0.48390766857296796],[115.54098129272461,-0.48382184094515424],[115.54080963134766,-0.48270608168459717],[115.54183959960938,-0.48236277110602543],[115.54218292236328,-0.48279190932650806],[115.54183959960938,-0.48373601331623206],[115.54192543029785,-0.484079323825398],[115.54458618164062,-0.48433680669585044],[115.54527282714844,-0.4850234276359373],[115.5457878112793,-0.4851092552485454],[115.54604530334473,-0.4850234276359373],[115.54604530334473,-0.48347853042295696],[115.54630279541016,-0.4832210475199332],[115.54664611816406,-0.48330687515534976],[115.54681777954102,-0.4844226343171698],[115.54716110229492,-0.48493760002222075],[115.54776191711426,-0.4851950828600735],[115.5475902557373,-0.4860533589153846],[115.54707527160645,-0.4863108417107469],[115.54698944091797,-0.486654152089244],[115.54716110229492,-0.4869116348616558],[115.54776191711426,-0.48708329003781614],[115.5483627319336,-0.48811322100283405],[115.54827690124512,-0.4882848761483416],[115.54784774780273,-0.4880273934284389],[115.54673194885254,-0.4882848761483416],[115.54681777954102,-0.4888856691230927],[115.54767608642578,-0.4892289793702673],[115.55102348327637,-0.48862818642621164],[115.55119514465332,-0.4889714966865313],[115.55042266845703,-0.4895722895998489],[115.55050849914551,-0.48991559981188004],[115.55213928222656,-0.49060222018314903],[115.55188179016113,-0.4911171854153622],[115.55196762084961,-0.4921471157607158],[115.5516242980957,-0.49257625335769717],[115.55205345153809,-0.49291956341538423],[115.55265426635742,-0.49300539092705264],[115.55368423461914,-0.49257625335769717],[115.55445671081543,-0.4912030129501943],[115.5556583404541,-0.4912030129501943],[115.55591583251953,-0.49103135787940744],[115.55600166320801,-0.49043056509692917],[115.55522918701172,-0.48974394470806715],[115.55522918701172,-0.4893148069293147],[115.55591583251953,-0.4891431518101115],[115.55866241455078,-0.49025891000631816],[115.55943489074707,-0.4900872549113018],[115.55926322937012,-0.49103135787940744],[115.55977821350098,-0.49163215060788445],[115.56012153625488,-0.49163215060788445],[115.56037902832031,-0.4911171854153622],[115.5600357055664,-0.48991559981188004],[115.56055068969727,-0.4889714966865313],[115.56106567382812,-0.4893148069293147],[115.56140899658203,-0.48991559981188004],[115.56295394897461,-0.4908597028042152],[115.56346893310547,-0.49060222018314903],[115.56355476379395,-0.4890573242488756],[115.56415557861328,-0.4889714966865313],[115.56535720825195,-0.48965811715451935],[115.56535720825195,-0.4898297722605207],[115.56458473205566,-0.4901730824593642],[115.56475639343262,-0.49043056509692917],[115.56570053100586,-0.4907738752649635],[115.56733131408691,-0.4908597028042152],[115.56767463684082,-0.4905163926405862],[115.56741714477539,-0.4889714966865313],[115.56750297546387,-0.48811322100283405],[115.56818962097168,-0.4880273934284389],[115.56853294372559,-0.4882848761483416],[115.56879043579102,-0.4891431518101115],[115.5695629119873,-0.4894006344872679],[115.56964874267578,-0.48854235885839614],[115.56939125061035,-0.48811322100283405],[115.56982040405273,-0.4874266003769918],[115.57016372680664,-0.4873407727938286],[115.57127952575684,-0.48768408311988765],[115.57196617126465,-0.48682580727195557],[115.57265281677246,-0.48759825554000713],[115.57308197021484,-0.4875124279590466],[115.57333946228027,-0.486997462450276],[115.57342529296875,-0.48553839329527193],[115.57454109191895,-0.4839934961997159],[115.57479858398438,-0.48390766857296796],[115.57557106018066,-0.4850234276359373],[115.57720184326172,-0.48390766857296796],[115.57720184326172,-0.4835643580551334],[115.57668685913086,-0.48304939224581744],[115.5765151977539,-0.48236277110602543],[115.57780265808105,-0.4821052881607528],[115.57857513427734,-0.4812470116061718],[115.57943344116211,-0.48253442639747846],[115.57926177978516,-0.4833927027897005],[115.57866096496582,-0.48425097907345105],[115.58046340942383,-0.48382184094515424],[115.58140754699707,-0.482276943458686],[115.58106422424316,-0.48159032224097587],[115.58037757873535,-0.4809037009540873],[115.58046340942383,-0.480646217953705],[115.58080673217773,-0.4807320456215791],[115.58157920837402,-0.48030290727142244],[115.58192253112793,-0.48047456261471666],[115.5820083618164,-0.48098952861873556],[115.58260917663574,-0.4811611839447778],[115.5831241607666,-0.4792729751211482],[115.58484077453613,-0.47875800898791],[115.58501243591309,-0.47910131974769854],[115.58466911315918,-0.4797879412156618],[115.58509826660156,-0.48013125192382233],[115.58664321899414,-0.48030290727142244],[115.58698654174805,-0.48013125192382233],[115.587158203125,-0.47961628585512983],[115.58844566345215,-0.47910131974769854],[115.58913230895996,-0.4791871474349563],[115.58981895446777,-0.47961628585512983],[115.59033393859863,-0.47944463049027775],[115.59093475341797,-0.47970211353593584],[115.59033393859863,-0.48038873494361667],[115.59041976928711,-0.4810753562823038],[115.59144973754883,-0.4808178732883732],[115.59213638305664,-0.48098952861873556],[115.59273719787598,-0.4808178732883732],[115.5929946899414,-0.47970211353593584],[115.59385299682617,-0.47910131974769854],[115.59419631958008,-0.4777280766054588],[115.59453964233398,-0.47729893806719303],[115.59505462646484,-0.47721311035631686],[115.59634208679199,-0.4788438366794736],[115.59642791748047,-0.47961628585512983],[115.5966854095459,-0.4799595965719021],[115.59711456298828,-0.47961628585512983],[115.59883117675781,-0.4791871474349563],[115.59900283813477,-0.4793588028062459],[115.59883117675781,-0.48030290727142244],[115.5992603302002,-0.4812470116061718],[115.59951782226562,-0.4811611839447778],[115.59986114501953,-0.4808178732883732],[115.60037612915039,-0.4773847657769892],[115.60080528259277,-0.4771272826443891],[115.60114860534668,-0.47729893806719303],[115.60132026672363,-0.4784146982109263],[115.60209274291992,-0.4785863536015853],[115.60260772705078,-0.4781572151169229],[115.60346603393555,-0.4765264886308387],[115.60458183288574,-0.47678397178592036],[115.60518264770508,-0.47583986683693524],[115.60578346252441,-0.4756682113777799],[115.6065559387207,-0.47626900546613626],[115.60698509216309,-0.4760115222918273],[115.60647010803223,-0.47420913980269574],[115.60604095458984,-0.4738658287991342],[115.60552597045898,-0.4741233120533934],[115.60526847839355,-0.47395165655160554],[115.60544013977051,-0.4735225177785338],[115.60784339904785,-0.4731792067409515],[115.6076717376709,-0.47292172345160566],[115.60586929321289,-0.47275006792007446],[115.60595512390137,-0.4723209290726942],[115.60707092285156,-0.4714626512984239],[115.60870170593262,-0.47214927352631264],[115.60956001281738,-0.47292172345160566],[115.60990333557129,-0.47292172345160566],[115.6102466583252,-0.47240675684429334],[115.60981750488281,-0.47189179019879646],[115.60973167419434,-0.47137682351517185],[115.61007499694824,-0.47111934015909185],[115.61041831970215,-0.47111934015909185],[115.61050415039062,-0.47197761797569626],[115.61084747314453,-0.4725784123842942],[115.61144828796387,-0.47266424015272435],[115.61256408691406,-0.47197761797569626],[115.61393737792969,-0.47180596242084505],[115.61531066894531,-0.4705185456245715],[115.6157398223877,-0.47060437341838224],[115.61599731445312,-0.4712909957308824],[115.61556816101074,-0.4723209290726942],[115.61591148376465,-0.47266424015272435],[115.61642646789551,-0.4724925846148267]]}},{"type":"Feature","id":"pmtiles:10/840/513:waterway:10523969432:0","properties":{"name":"Sungai Piraq","name_int":"Sungai Piraq","class":"river","name:latin":"Sungai Piraq","name_de":"Sungai Piraq","name_en":"Sungai Piraq","waterway":"river","kind":"waterway","verification":"verified","source":"OpenMapTiles/OpenStreetMap national PMTiles","sourceId":"10/840/513:waterway:10523969432:0","sourceLayer":"waterway","archive":"https://its.hanifahseptiani45.workers.dev/v1/map/archive/indonesia.pmtiles","updatedAt":"2026-07-26T09:41:47.838Z"},"geometry":{"type":"LineString","coordinates":[[115.5915355682373,-0.7098016372427907],[115.59033393859863,-0.7086000996551007],[115.58878898620605,-0.7086859237788445],[115.5886173248291,-0.7084284514028241],[115.58878898620605,-0.7078276824698548],[115.59024810791016,-0.7077418583302233],[115.59059143066406,-0.7072269134590385],[115.58981895446777,-0.7068836168465111],[115.58921813964844,-0.7070552651559581],[115.58801651000977,-0.7069694410020304],[115.5875015258789,-0.7076560341889859],[115.58672904968262,-0.7079135066078948],[115.58638572692871,-0.7072269134590385],[115.58647155761719,-0.7069694410020304],[115.587158203125,-0.7066261443704605],[115.58724403381348,-0.7063686718801421],[115.58698654174805,-0.706111199375556],[115.58578491210938,-0.7062828477135383],[115.58492660522461,-0.7067119685307404],[115.58449745178223,-0.7058537268567306],[115.58286666870117,-0.7060253752041916],[115.58303833007812,-0.7020774616120633],[115.58389663696289,-0.6999318549995905],[115.58338165283203,-0.6996743821400742],[115.58226585388184,-0.6995885578504328],[115.58072090148926,-0.6979578960491182],[115.58029174804688,-0.697099652768614],[115.58080673217773,-0.6942674488342391],[115.57926177978516,-0.6916068920776439],[115.57994842529297,-0.6908344720945223],[115.58046340942383,-0.6909202965432968],[115.58063507080078,-0.6910919454361988],[115.58063507080078,-0.6922934875126714],[115.58123588562012,-0.6928084340237035],[115.58175086975098,-0.6914352432033581],[115.58183670043945,-0.6902337009097295],[115.5805492401123,-0.6892896317517341],[115.58063507080078,-0.6890321583125285],[115.58123588562012,-0.6889463338296906],[115.58235168457031,-0.6898045785883937],[115.58252334594727,-0.6895471051770414],[115.58218002319336,-0.6884313869002483],[115.58012008666992,-0.686199949563914],[115.57986259460449,-0.6848267568393851],[115.5790901184082,-0.6845692831597177],[115.57969093322754,-0.6821661948168156],[115.58080673217773,-0.6811362994451144],[115.58329582214355,-0.6813937733086846],[115.58466911315918,-0.6820803702109259],[115.58672904968262,-0.6824236686253187],[115.58741569519043,-0.6817370717720479],[115.5868148803711,-0.6813079486890246],[115.58509826660156,-0.6813937733086846],[115.58432579040527,-0.6807071763086014],[115.58441162109375,-0.6799347545666592],[115.5856990814209,-0.6788190340545697],[115.58449745178223,-0.6779607873316564],[115.58432579040527,-0.6776174885998785],[115.5845832824707,-0.677016715760729],[115.58526992797852,-0.6765875922586133],[115.58544158935547,-0.6754718709755707],[115.58269500732422,-0.6737553761939381],[115.58286666870117,-0.6723821799331375],[115.58363914489746,-0.6708373336781079],[115.58389663696289,-0.6692066621020416],[115.58561325073242,-0.668005114278003],[115.58621406555176,-0.667919289422187],[115.58647155761719,-0.6674043402557714],[115.58432579040527,-0.6653445430514466],[115.58338165283203,-0.6648295936158917],[115.58355331420898,-0.6637138696546856],[115.58235168457031,-0.6629414452263802],[115.58046340942383,-0.6625981454417769],[115.5802059173584,-0.6615682459453041],[115.58046340942383,-0.6601092212927853],[115.57960510253906,-0.659508446311392],[115.57943344116211,-0.6588218462438533],[115.57660102844238,-0.6597659213122853],[115.57548522949219,-0.6604525212495673],[115.57497024536133,-0.6592509712971548],[115.57514190673828,-0.6588218462438533],[115.5765151977539,-0.6573628207863464],[115.57642936706543,-0.6567620454739824],[115.5747127532959,-0.6555604946327236],[115.57291030883789,-0.6570195206166858],[115.57265281677246,-0.6570195206166858],[115.57256698608398,-0.6561612700894273],[115.5735969543457,-0.6553030194149301],[115.57351112365723,-0.654873894022515],[115.57239532470703,-0.6521274906422434],[115.57145118713379,-0.6512692392782924],[115.57085037231445,-0.6511834141338682],[115.57042121887207,-0.6516125398414232],[115.5692195892334,-0.6518700152484058],[115.56827545166016,-0.6543589435031407],[115.56827545166016,-0.6557321447705675],[115.56715965270996,-0.6553888444889964],[115.56673049926758,-0.655045544183892],[115.56509971618652,-0.6547880689396237],[115.56441307067871,-0.653329042305856],[115.56509971618652,-0.6512692392782924],[115.56432723999023,-0.6510117638406143],[115.56364059448242,-0.6512692392782924],[115.56303977966309,-0.6511834141338682],[115.56295394897461,-0.6508401135415198],[115.56329727172852,-0.6499818619584516],[115.56312561035156,-0.6496385612843767],[115.56243896484375,-0.6500676871233253],[115.56158065795898,-0.6497243864550768],[115.56063652038574,-0.648522833932617],[115.5600357055664,-0.646977980270421],[115.56020736694336,-0.6463772037191404],[115.56158065795898,-0.6464630289451065],[115.56209564208984,-0.6459480775675814],[115.56209564208984,-0.6456047766202317],[115.56140899658203,-0.6449181746559987],[115.56158065795898,-0.644489048381331],[115.56235313415527,-0.6442315725991676],[115.56252479553223,-0.6438024462666476],[115.56183815002441,-0.6431158440595226],[115.56029319763184,-0.6426008923435518],[115.56175231933594,-0.6412276875139895],[115.56278228759766,-0.6411418621999161],[115.56295394897461,-0.6406269102851923],[115.56123733520508,-0.6383096260291268],[115.56063652038574,-0.6365931184993912],[115.56012153625488,-0.636507293107897],[115.55866241455078,-0.6370222454354604],[115.55737495422363,-0.636764769278102],[115.55625915527344,-0.6362498169248312],[115.55462837219238,-0.6343616578567577],[115.55471420288086,-0.6336750543883483],[115.55522918701172,-0.6333317526200233],[115.55591583251953,-0.6334175780642397],[115.55643081665039,-0.633160101727313],[115.5567741394043,-0.6323876726398936],[115.5556583404541,-0.6316152434375226],[115.55557250976562,-0.631271941532944],[115.5567741394043,-0.6298987336881225],[115.55694580078125,-0.6288688275669898],[115.55643081665039,-0.628096397842782],[115.55591583251953,-0.6279247467774383],[115.55522918701172,-0.628096397842782],[115.55514335632324,-0.627667270168871],[115.55548667907715,-0.6272381424597597],[115.55617332458496,-0.6273239680044043],[115.55728912353516,-0.6268948402671555],[115.55806159973145,-0.6251783289666548],[115.55746078491211,-0.6240625963203428],[115.55771827697754,-0.6219169559510789],[115.55720329284668,-0.6219169559510789],[115.55600166320801,-0.6228610378211812],[115.55402755737305,-0.6198571403759843],[115.55445671081543,-0.619256360682229],[115.55651664733887,-0.6190847093286465],[115.55703163146973,-0.6188272322878419],[115.55728912353516,-0.6152225524068484],[115.55437088012695,-0.6147934236870896],[115.55325508117676,-0.6141068176637532],[115.55316925048828,-0.6097297021959918],[115.55359840393066,-0.6096438763668459],[115.5545425415039,-0.6104163087798611],[115.5571174621582,-0.6101588313211721],[115.55806159973145,-0.6094722247044615],[115.55840492248535,-0.6083564887656792],[115.56055068969727,-0.6077557077799725],[115.56055068969727,-0.6058675385330332],[115.5608081817627,-0.605095105469502],[115.55891990661621,-0.6044943241218448],[115.55840492248535,-0.6036360649384704],[115.55883407592773,-0.6030352834294916],[115.55943489074707,-0.6028636315575966],[115.56055068969727,-0.6030352834294916],[115.56286811828613,-0.6046659759422539],[115.56415557861328,-0.603893542707695],[115.5655288696289,-0.6035502390126766],[115.56655883789062,-0.6026919796803014],[115.56758880615234,-0.6030352834294916],[115.5677604675293,-0.6028636315575966],[115.56750297546387,-0.6021770240159583],[115.56638717651367,-0.6012329385050208],[115.5663013458252,-0.6008896346423711],[115.5666446685791,-0.5996022449653964],[115.56647300720215,-0.5993447669936529],[115.56544303894043,-0.6008038086733336],[115.5637264251709,-0.6002030268523555],[115.56364059448242,-0.5999455489088774],[115.56389808654785,-0.5996022449653964],[115.56595802307129,-0.5986581590098439],[115.56647300720215,-0.5979715509400592],[115.5655288696289,-0.596684160577837],[115.56492805480957,-0.5971132907320822],[115.56381225585938,-0.5971991167589152],[115.56295394897461,-0.5964266824692288],[115.56312561035156,-0.5941093789502645],[115.56398391723633,-0.5933369442278007],[115.56424140930176,-0.592307031096766],[115.565185546875,-0.591362943891852],[115.5648422241211,-0.5908479871669385],[115.5640697479248,-0.5910196394138723],[115.5637264251709,-0.5908479871669385],[115.56346893310547,-0.5901613781261403],[115.56269645690918,-0.5898180735739658],[115.56295394897461,-0.5883590289910643],[115.56252479553223,-0.5873291149380577],[115.56269645690918,-0.5869858102115302],[115.56338310241699,-0.5871574625774372],[115.56449890136719,-0.5868999840266156],[115.5648422241211,-0.5867283316528074],[115.5648422241211,-0.5864708530822469],[115.56424140930176,-0.5862992006952936],[115.5637264251709,-0.5865566792737411],[115.56321144104004,-0.5859558959055704],[115.56243896484375,-0.5855267648888542],[115.56209564208984,-0.5848401551938025],[115.5622673034668,-0.5844968503147641],[115.56398391723633,-0.5845826765364848],[115.56424140930176,-0.5844110240917217],[115.56441307067871,-0.5837244142602316],[115.56501388549805,-0.5834669355518116],[115.56647300720215,-0.5836385880253943],[115.5666446685791,-0.5828661518529827],[115.56578636169434,-0.5814929317294286],[115.56570053100586,-0.5808921478202933],[115.56621551513672,-0.5800338849821571],[115.56612968444824,-0.579604753514289],[115.56509971618652,-0.5788323167901694],[115.56501388549805,-0.5783173589156547],[115.56535720825195,-0.5778882273178567],[115.565185546875,-0.5774590956876295],[115.5648422241211,-0.5773732693576932],[115.56424140930176,-0.5776307483436085],[115.56381225585938,-0.5773732693576932],[115.56389808654785,-0.576858311350918],[115.56595802307129,-0.5763433532975171],[115.56655883789062,-0.5756567424872543],[115.5677604675293,-0.5750559579604584],[115.56784629821777,-0.5747126524881736],[115.56758880615234,-0.5744551733704242],[115.56698799133301,-0.5746268261168836],[115.56655883789062,-0.5744551733704242],[115.5663013458252,-0.5739402151001229],[115.56690216064453,-0.5725669928194321],[115.56673049926758,-0.5717945551419348],[115.5663013458252,-0.5711937702098169],[115.56673049926758,-0.5702496794753245],[115.56647300720215,-0.5694772414864815],[115.56715965270996,-0.5678465387258314],[115.5648422241211,-0.5658725295055262],[115.5648422241211,-0.5653575704679241],[115.5663013458252,-0.5653575704679241],[115.5666446685791,-0.5648426113846483],[115.56715965270996,-0.5645851318259076],[115.56784629821777,-0.565185917445234],[115.56844711303711,-0.5642418257298232],[115.56870460510254,-0.562525294945857],[115.5666446685791,-0.560808763656965],[115.56647300720215,-0.5598646712334272],[115.56535720825195,-0.5595213648598758],[115.56570053100586,-0.5582339657803033]]}},{"type":"Feature","id":"pmtiles:8/210/128:landcover:206055753:0","properties":{"subclass":"orchard","class":"farmland","kind":"green","verification":"verified","source":"OpenMapTiles/OpenStreetMap national PMTiles","sourceId":"8/210/128:landcover:206055753:0","sourceLayer":"landcover","archive":"https://its.hanifahseptiani45.workers.dev/v1/map/archive/indonesia.pmtiles","updatedAt":"2026-07-26T09:35:32.895Z"},"geometry":{"type":"Polygon","coordinates":[[[115.55007934570312,-0.6835393883028331],[115.55179595947266,-0.6849125813962047],[115.55282592773438,-0.6849125813962047],[115.55076599121094,-0.6790765080417742],[115.5538558959961,-0.6801064038533156],[115.55831909179688,-0.6735837266824802],[115.56243896484375,-0.6773600145350684],[115.56209564208984,-0.674270324692003],[115.56655883789062,-0.6766734169620747],[115.57205200195312,-0.6732404276414314],[115.57136535644531,-0.6763301181391341],[115.57548522949219,-0.6783899107121556],[115.57308197021484,-0.6790765080417742],[115.57342529296875,-0.6821661948168156],[115.56964874267578,-0.681479597926824],[115.5703353881836,-0.6845692831597177],[115.57514190673828,-0.6869723702983066],[115.576171875,-0.6941816244460739],[115.57960510253906,-0.6934950292846906],[115.57891845703125,-0.6976145987557061],[115.58338165283203,-0.7000176792829507],[115.58063507080078,-0.7041372430337276],[115.58235168457031,-0.706197023545343],[115.576171875,-0.709629989035065],[115.57685852050781,-0.7120330633627532],[115.57411193847656,-0.7137495442587181],[115.58097839355469,-0.7195855745039523],[115.58235168457031,-0.7250783020332534],[115.58063507080078,-0.7271380731413757],[115.57720184326172,-0.7271380731413757],[115.57823181152344,-0.7188989830967358],[115.57136535644531,-0.7171825041272513],[115.5710220336914,-0.7185556873544101],[115.57479858398438,-0.7206154614209908],[115.56930541992188,-0.7264514828762856],[115.53016662597656,-0.7240484161276015],[115.52570343017578,-0.7233618253938374],[115.52398681640625,-0.7199288701688147],[115.52604675292969,-0.7206154614209908],[115.52982330322266,-0.7164959123591359],[115.52192687988281,-0.7195855745039523],[115.4996109008789,-0.7110031745182965],[115.49240112304688,-0.713406248130724],[115.49102783203125,-0.7099732854441214],[115.48622131347656,-0.7079135066078948],[115.48622131347656,-0.7055104301427519],[115.48141479492188,-0.7048238366388517],[115.4827880859375,-0.7010475705607604],[115.477294921875,-0.6986444905607669],[115.47969818115234,-0.6941816244460739],[115.47626495361328,-0.6880022644165678],[115.46974182128906,-0.6869723702983066],[115.47317504882812,-0.6831960899681064],[115.4714584350586,-0.6787332093891507],[115.47626495361328,-0.6831960899681064],[115.48141479492188,-0.6811362994451144],[115.4824447631836,-0.6756435204204223],[115.48622131347656,-0.6756435204204223],[115.47935485839844,-0.6746136236604485],[115.477294921875,-0.6718672312357086],[115.47626495361328,-0.6732404276414314],[115.47386169433594,-0.6698074359037491],[115.4776382446289,-0.666717741283378],[115.48004150390625,-0.6663744417612634],[115.48553466796875,-0.674270324692003],[115.49102783203125,-0.6674043402557714],[115.48553466796875,-0.6656878426452977],[115.48690795898438,-0.6636280447241631],[115.48999786376953,-0.6639713444373285],[115.49308776855469,-0.6680909391323269],[115.49308776855469,-0.6725538294868869],[115.49583435058594,-0.6728971285762384],[115.49583435058594,-0.6674043402557714],[115.49823760986328,-0.6708373336781079],[115.49514770507812,-0.6605383462350574],[115.50132751464844,-0.6567620454739824],[115.49617767333984,-0.653329042305856],[115.50132751464844,-0.653672342728413],[115.50201416015625,-0.6502393374486957],[115.49755096435547,-0.6409702115674207],[115.48999786376953,-0.6382238006662391],[115.49171447753906,-0.6347907849782501],[115.48999786376953,-0.6303278611785288],[115.49514770507812,-0.6275814446298682],[115.49240112304688,-0.6207153969631207],[115.49446105957031,-0.6203720943449724],[115.49789428710938,-0.624148421916928],[115.50682067871094,-0.6162524611933833],[115.50785064697266,-0.6124761280050848],[115.50544738769531,-0.6076698819194064],[115.50682067871094,-0.6049234536626784],[115.50853729248047,-0.6073265784635424],[115.51300048828125,-0.6076698819194064],[115.51231384277344,-0.6117895216845],[115.50888061523438,-0.6131627342377044],[115.51025390625,-0.6155658553578007],[115.51231384277344,-0.6169390669404748],[115.51677703857422,-0.6121328248557774],[115.51643371582031,-0.6138493403822736],[115.51883697509766,-0.6138493403822736],[115.51883697509766,-0.6186555809203753],[115.52364349365234,-0.6169390669404748],[115.52192687988281,-0.6138493403822736],[115.5267333984375,-0.6135060373210024],[115.5267333984375,-0.6090430955245694],[115.5322265625,-0.6104163087798611],[115.53428649902344,-0.6148792494337982],[115.53462982177734,-0.6066399714864161],[115.53668975830078,-0.6086997921560453],[115.53703308105469,-0.6145359464386786],[115.53462982177734,-0.6179689753949589],[115.5377197265625,-0.6196854890418706],[115.53634643554688,-0.6251783289666548],[115.53394317626953,-0.6258649335542827],[115.52913665771484,-0.6217453046838273],[115.5263900756836,-0.6227752122036208],[115.52913665771484,-0.6258649335542827],[115.52742004394531,-0.6268948402671555],[115.52810668945312,-0.6289546530848469],[115.53531646728516,-0.6320443707863603],[115.53565979003906,-0.6341041815667836],[115.52913665771484,-0.6382238006662391],[115.52982330322266,-0.6454331261378599],[115.5267333984375,-0.6481795331595066],[115.5325698852539,-0.6498960367921143],[115.53668975830078,-0.6444032231220405],[115.54046630859375,-0.643373319898032],[115.54218292236328,-0.6450898251557504],[115.54424285888672,-0.6402836089799564],[115.54733276367188,-0.6382238006662391],[115.5435562133789,-0.6368505946653187],[115.54595947265625,-0.6347907849782501],[115.54939270019531,-0.6361639915276243],[115.5487060546875,-0.6382238006662391],[115.55282592773438,-0.6395970063005336],[115.55625915527344,-0.6371938961998751],[115.55557250976562,-0.6409702115674207],[115.55900573730469,-0.6413135128266418],[115.55797576904297,-0.6454331261378599],[115.55351257324219,-0.6481795331595066],[115.55179595947266,-0.6526424413903555],[115.5593490600586,-0.6529857418598368],[115.55763244628906,-0.6512692392782924],[115.5596923828125,-0.648522833932617],[115.56106567382812,-0.653672342728413],[115.56381225585938,-0.6526424413903555],[115.56175231933594,-0.6567620454739824],[115.56346893310547,-0.6588218462438533],[115.56106567382812,-0.6632847449871804],[115.56175231933594,-0.6684342385346298],[115.55419921875,-0.6783899107121556],[115.54973602294922,-0.6783899107121556],[115.55007934570312,-0.6835393883028331]],[[115.54939270019531,-0.6921218386632404],[115.55007934570312,-0.6859424759580719],[115.54218292236328,-0.6917785409457196],[115.5377197265625,-0.6986444905607669],[115.5377197265625,-0.7020774616120633],[115.54046630859375,-0.7065403202086031],[115.54183959960938,-0.7027640555202339],[115.53977966308594,-0.7000176792829507],[115.54252624511719,-0.7000176792829507],[115.54424285888672,-0.6938383268778381],[115.54561614990234,-0.6962414093317051],[115.54767608642578,-0.6934950292846906],[115.54630279541016,-0.6907486476441989],[115.54939270019531,-0.6921218386632404]],[[115.54424285888672,-0.7065403202086031],[115.54046630859375,-0.7065403202086031],[115.54115295410156,-0.7082568031442094],[115.5380630493164,-0.7103165818276977],[115.53565979003906,-0.7092866926005428],[115.53531646728516,-0.7130629519771219],[115.5428695678711,-0.713406248130724],[115.54424285888672,-0.7065403202086031]]]}},{"type":"Feature","id":"pmtiles:8/210/128:landcover:206055753:1","properties":{"subclass":"orchard","class":"farmland","kind":"green","verification":"verified","source":"OpenMapTiles/OpenStreetMap national PMTiles","sourceId":"8/210/128:landcover:206055753:1","sourceLayer":"landcover","archive":"https://its.hanifahseptiani45.workers.dev/v1/map/archive/indonesia.pmtiles","updatedAt":"2026-07-26T09:35:32.895Z"},"geometry":{"type":"Polygon","coordinates":[[[115.46939849853516,-0.6756435204204223],[115.47283172607422,-0.6722105303733628],[115.47420501708984,-0.6728971285762384],[115.4721450805664,-0.6777033132851074],[115.46802520751953,-0.6773600145350684],[115.46905517578125,-0.6790765080417742],[115.4611587524414,-0.681479597926824],[115.44914245605469,-0.680793000938948],[115.4498291015625,-0.6780466120108031],[115.44605255126953,-0.6804497024083531],[115.43746948242188,-0.6790765080417742],[115.44330596923828,-0.6715239320739528],[115.43987274169922,-0.6698074359037491],[115.43712615966797,-0.6708373336781079],[115.43609619140625,-0.6674043402557714],[115.43060302734375,-0.6656878426452977],[115.42510986328125,-0.6656878426452977],[115.42888641357422,-0.6632847449871804],[115.4281997680664,-0.6588218462438533],[115.41996002197266,-0.6474929315434679],[115.41584014892578,-0.6368505946653187],[115.41584014892578,-0.6327309744707321],[115.42030334472656,-0.6275814446298682],[115.42510986328125,-0.6117895216845],[115.44708251953125,-0.5973707688085597],[115.45600891113281,-0.5887881597903828],[115.45429229736328,-0.6227752122036208],[115.4556655883789,-0.6279247467774383],[115.45257568359375,-0.6351340866497992],[115.45772552490234,-0.6385671021092065],[115.45429229736328,-0.6399403076517274],[115.4501724243164,-0.6371938961998751],[115.44639587402344,-0.6406269102851923],[115.44708251953125,-0.6437166209958178],[115.45188903808594,-0.6471496307005822],[115.45875549316406,-0.6468063298344475],[115.46150207519531,-0.6505826380819286],[115.45978546142578,-0.6553888444889964],[115.455322265625,-0.6567620454739824],[115.46012878417969,-0.6574486458250561],[115.45806884765625,-0.6629414452263802],[115.45120239257812,-0.6612249460656301],[115.4549789428711,-0.6577919459652009],[115.45051574707031,-0.6584785461746065],[115.45154571533203,-0.6526424413903555],[115.44639587402344,-0.6529857418598368],[115.44742584228516,-0.6601950462842012],[115.45257568359375,-0.6639713444373285],[115.4439926147461,-0.6653445430514466],[115.44708251953125,-0.6680909391323269],[115.45257568359375,-0.6660311422152319],[115.4498291015625,-0.6674043402557714],[115.45085906982422,-0.6687775379129306],[115.4556655883789,-0.667747639706036],[115.45463562011719,-0.6632847449871804],[115.45806884765625,-0.6670610407815616],[115.46012878417969,-0.6643146441266481],[115.4604721069336,-0.6691208372672293],[115.46527862548828,-0.6694641365974974],[115.46424865722656,-0.6722105303733628],[115.45669555664062,-0.6701507351859135],[115.4611587524414,-0.6756435204204223],[115.46184539794922,-0.6732404276414314],[115.4666519165039,-0.6756435204204223],[115.4666519165039,-0.6728971285762384],[115.47008514404297,-0.6722105303733628],[115.46939849853516,-0.6756435204204223]]]}},{"type":"Feature","id":"pmtiles:8/210/128:landuse:139252410:13","properties":{"class":"residential","kind":"green","verification":"verified","source":"OpenMapTiles/OpenStreetMap national PMTiles","sourceId":"8/210/128:landuse:139252410:13","sourceLayer":"landuse","archive":"https://its.hanifahseptiani45.workers.dev/v1/map/archive/indonesia.pmtiles","updatedAt":"2026-07-26T09:35:32.897Z"},"geometry":{"type":"Polygon","coordinates":[[[115.56724548339844,-0.5503379119510043],[115.5648422241211,-0.553084366650026],[115.56621551513672,-0.5575473528225672],[115.55866241455078,-0.5568607397847671],[115.55900573730469,-0.5523977530941693],[115.56312561035156,-0.5537709801264441],[115.56449890136719,-0.5486213771215631],[115.56724548339844,-0.5503379119510043]]]}}]}