{"type":"FeatureCollection","features":[{"type":"Feature","id":"pmtiles:10/801/516:landcover:115463423:1","properties":{"subclass":"forest","class":"wood","kind":"green","verification":"verified","source":"OpenMapTiles/OpenStreetMap national PMTiles","sourceId":"10/801/516:landcover:115463423:1","sourceLayer":"landcover","archive":"https://its.hanifahseptiani45.workers.dev/v1/map/archive/indonesia.pmtiles","updatedAt":"2026-07-26T09:42:14.889Z"},"geometry":{"type":"Polygon","coordinates":[[[101.92686080932617,-1.7630273831138652],[101.91947937011719,-1.7630273831138652],[101.92428588867188,-1.7602820992323416],[101.92686080932617,-1.7630273831138652]]]}},{"type":"Feature","id":"pmtiles:10/801/516:mountain_peak:10701815281:0","properties":{"name_int":"Bukit Temiang","ele_ft":5751,"name_de":"Bukit Temiang","name":"Bukit Temiang","rank":1,"class":"peak","ele":1753,"name:latin":"Bukit Temiang","name_en":"Bukit Temiang","kind":"poi","verification":"verified","source":"OpenMapTiles/OpenStreetMap national PMTiles","sourceId":"10/801/516:mountain_peak:10701815281:0","sourceLayer":"mountain_peak","archive":"https://its.hanifahseptiani45.workers.dev/v1/map/archive/indonesia.pmtiles","updatedAt":"2026-07-26T09:42:14.889Z"},"geometry":{"type":"Point","coordinates":[101.71872138977051,-1.8014609294680355]}},{"type":"Feature","id":"pmtiles:10/801/516:mountain_peak:86422148731:0","properties":{"name_int":"Bukit Singgirik","ele_ft":4177,"name_de":"Bukit Singgirik","name":"Bukit Singgirik","rank":2,"class":"peak","ele":1273,"name:latin":"Bukit Singgirik","name_en":"Bukit Singgirik","kind":"poi","verification":"verified","source":"OpenMapTiles/OpenStreetMap national PMTiles","sourceId":"10/801/516:mountain_peak:86422148731:0","sourceLayer":"mountain_peak","archive":"https://its.hanifahseptiani45.workers.dev/v1/map/archive/indonesia.pmtiles","updatedAt":"2026-07-26T09:42:14.889Z"},"geometry":{"type":"Point","coordinates":[101.8238639831543,-1.7772684781300256]}},{"type":"Feature","id":"pmtiles:10/801/516:mountain_peak:10701608371:0","properties":{"name_int":"Bukit Rantau Bayur","ele_ft":3891,"name_de":"Bukit Rantau Bayur","name":"Bukit Rantau Bayur","rank":3,"class":"peak","ele":1186,"name:latin":"Bukit Rantau Bayur","name_en":"Bukit Rantau Bayur","kind":"poi","verification":"verified","source":"OpenMapTiles/OpenStreetMap national PMTiles","sourceId":"10/801/516:mountain_peak:10701608371:0","sourceLayer":"mountain_peak","archive":"https://its.hanifahseptiani45.workers.dev/v1/map/archive/indonesia.pmtiles","updatedAt":"2026-07-26T09:42:14.889Z"},"geometry":{"type":"Point","coordinates":[101.8967342376709,-1.7868768657825598]}},{"type":"Feature","id":"pmtiles:10/801/516:mountain_peak:86422148741:0","properties":{"name_int":"Gunung Gedang","ele_ft":3724,"name_de":"Gunung Gedang","name":"Gunung Gedang","rank":4,"class":"peak","ele":1135,"name:latin":"Gunung Gedang","name_en":"Gunung Gedang","kind":"poi","verification":"verified","source":"OpenMapTiles/OpenStreetMap national PMTiles","sourceId":"10/801/516:mountain_peak:86422148741:0","sourceLayer":"mountain_peak","archive":"https://its.hanifahseptiani45.workers.dev/v1/map/archive/indonesia.pmtiles","updatedAt":"2026-07-26T09:42:14.889Z"},"geometry":{"type":"Point","coordinates":[101.87124252319336,-1.7706626826000047]}},{"type":"Feature","id":"pmtiles:10/801/516:mountain_peak:130040283661:0","properties":{"name_int":"Bukit Telago Besar","ele_ft":3576,"name_de":"Bukit Telago Besar","name":"Bukit Telago Besar","rank":5,"class":"peak","ele":1090,"name:latin":"Bukit Telago Besar","name_en":"Bukit Telago Besar","kind":"poi","verification":"verified","source":"OpenMapTiles/OpenStreetMap national PMTiles","sourceId":"10/801/516:mountain_peak:130040283661:0","sourceLayer":"mountain_peak","archive":"https://its.hanifahseptiani45.workers.dev/v1/map/archive/indonesia.pmtiles","updatedAt":"2026-07-26T09:42:14.889Z"},"geometry":{"type":"Point","coordinates":[101.92265510559082,-1.7777832144527395]}},{"type":"Feature","id":"pmtiles:10/802/516:mountain_peak:10701608371:0","properties":{"name_int":"Bukit Rantau Bayur","ele_ft":3891,"name_de":"Bukit Rantau Bayur","name":"Bukit Rantau Bayur","rank":2,"class":"peak","ele":1186,"name:latin":"Bukit Rantau Bayur","name_en":"Bukit Rantau Bayur","kind":"poi","verification":"verified","source":"OpenMapTiles/OpenStreetMap national PMTiles","sourceId":"10/802/516:mountain_peak:10701608371:0","sourceLayer":"mountain_peak","archive":"https://its.hanifahseptiani45.workers.dev/v1/map/archive/indonesia.pmtiles","updatedAt":"2026-07-26T09:42:14.966Z"},"geometry":{"type":"Point","coordinates":[101.8967342376709,-1.7868768657825598]}},{"type":"Feature","id":"pmtiles:10/802/516:mountain_peak:86422148741:0","properties":{"name_int":"Gunung Gedang","ele_ft":3724,"name_de":"Gunung Gedang","name":"Gunung Gedang","rank":3,"class":"peak","ele":1135,"name:latin":"Gunung Gedang","name_en":"Gunung Gedang","kind":"poi","verification":"verified","source":"OpenMapTiles/OpenStreetMap national PMTiles","sourceId":"10/802/516:mountain_peak:86422148741:0","sourceLayer":"mountain_peak","archive":"https://its.hanifahseptiani45.workers.dev/v1/map/archive/indonesia.pmtiles","updatedAt":"2026-07-26T09:42:14.966Z"},"geometry":{"type":"Point","coordinates":[101.87124252319336,-1.7706626826000047]}},{"type":"Feature","id":"pmtiles:10/802/516:mountain_peak:130040283661:0","properties":{"name_int":"Bukit Telago Besar","ele_ft":3576,"name_de":"Bukit Telago Besar","name":"Bukit Telago Besar","rank":4,"class":"peak","ele":1090,"name:latin":"Bukit Telago Besar","name_en":"Bukit Telago Besar","kind":"poi","verification":"verified","source":"OpenMapTiles/OpenStreetMap national PMTiles","sourceId":"10/802/516:mountain_peak:130040283661:0","sourceLayer":"mountain_peak","archive":"https://its.hanifahseptiani45.workers.dev/v1/map/archive/indonesia.pmtiles","updatedAt":"2026-07-26T09:42:14.967Z"},"geometry":{"type":"Point","coordinates":[101.92265510559082,-1.7777832144527395]}},{"type":"Feature","id":"pmtiles:10/800/517:mountain_peak:86422148681:0","properties":{"name_int":"Gunung Hulu Air Liki","ele_ft":6316,"name_de":"Gunung Hulu Air Liki","name":"Gunung Hulu Air Liki","rank":2,"class":"peak","ele":1925,"name:latin":"Gunung Hulu Air Liki","name_en":"Gunung Hulu Air Liki","kind":"poi","verification":"verified","source":"OpenMapTiles/OpenStreetMap national PMTiles","sourceId":"10/800/517:mountain_peak:86422148681:0","sourceLayer":"mountain_peak","archive":"https://its.hanifahseptiani45.workers.dev/v1/map/archive/indonesia.pmtiles","updatedAt":"2026-07-26T09:42:23.659Z"},"geometry":{"type":"Point","coordinates":[101.64233207702637,-1.9198448075246688]}},{"type":"Feature","id":"pmtiles:10/800/517:mountain_peak:86422148661:0","properties":{"name_int":"Bukit Panikam Sari","ele_ft":5469,"name_de":"Bukit Panikam Sari","name":"Bukit Panikam Sari","rank":1,"class":"peak","ele":1667,"name:latin":"Bukit Panikam Sari","name_en":"Bukit Panikam Sari","kind":"poi","verification":"verified","source":"OpenMapTiles/OpenStreetMap national PMTiles","sourceId":"10/800/517:mountain_peak:86422148661:0","sourceLayer":"mountain_peak","archive":"https://its.hanifahseptiani45.workers.dev/v1/map/archive/indonesia.pmtiles","updatedAt":"2026-07-26T09:42:23.660Z"},"geometry":{"type":"Point","coordinates":[101.68627738952637,-1.9708846317908666]}},{"type":"Feature","id":"pmtiles:10/800/517:mountain_peak:60057121931:0","properties":{"name_int":"Bukit Gedang","ele_ft":5397,"name_de":"Bukit Gedang","name":"Bukit Gedang","rank":3,"class":"peak","ele":1645,"name:latin":"Bukit Gedang","name_en":"Bukit Gedang","kind":"poi","verification":"verified","source":"OpenMapTiles/OpenStreetMap national PMTiles","sourceId":"10/800/517:mountain_peak:60057121931:0","sourceLayer":"mountain_peak","archive":"https://its.hanifahseptiani45.workers.dev/v1/map/archive/indonesia.pmtiles","updatedAt":"2026-07-26T09:42:23.660Z"},"geometry":{"type":"Point","coordinates":[101.63683891296387,-2.094746123523862]}},{"type":"Feature","id":"pmtiles:10/800/517:mountain_peak:60057121921:0","properties":{"name_int":"Bukit Sangko","ele_ft":4757,"name_de":"Bukit Sangko","name":"Bukit Sangko","rank":4,"class":"peak","ele":1450,"name:latin":"Bukit Sangko","name_en":"Bukit Sangko","kind":"poi","verification":"verified","source":"OpenMapTiles/OpenStreetMap national PMTiles","sourceId":"10/800/517:mountain_peak:60057121921:0","sourceLayer":"mountain_peak","archive":"https://its.hanifahseptiani45.workers.dev/v1/map/archive/indonesia.pmtiles","updatedAt":"2026-07-26T09:42:23.660Z"},"geometry":{"type":"Point","coordinates":[101.61083221435547,-2.0873695996160535]}},{"type":"Feature","id":"pmtiles:10/800/517:mountain_peak:81330959991:0","properties":{"name_int":"Bukit Tanggo Kambing","ele_ft":4180,"name_de":"Bukit Tanggo Kambing","name":"Bukit Tanggo Kambing","rank":2,"class":"peak","ele":1274,"name:latin":"Bukit Tanggo Kambing","name_en":"Bukit Tanggo Kambing","kind":"poi","verification":"verified","source":"OpenMapTiles/OpenStreetMap national PMTiles","sourceId":"10/800/517:mountain_peak:81330959991:0","sourceLayer":"mountain_peak","archive":"https://its.hanifahseptiani45.workers.dev/v1/map/archive/indonesia.pmtiles","updatedAt":"2026-07-26T09:42:23.660Z"},"geometry":{"type":"Point","coordinates":[101.66902542114258,-2.045854567191725]}},{"type":"Feature","id":"pmtiles:10/800/517:mountain_peak:10701814981:0","properties":{"name_int":"Gunung Sengiri","name_de":"Gunung Sengiri","name":"Gunung Sengiri","rank":5,"class":"peak","name:latin":"Gunung Sengiri","name_en":"Gunung Sengiri","kind":"poi","verification":"verified","source":"OpenMapTiles/OpenStreetMap national PMTiles","sourceId":"10/800/517:mountain_peak:10701814981:0","sourceLayer":"mountain_peak","archive":"https://its.hanifahseptiani45.workers.dev/v1/map/archive/indonesia.pmtiles","updatedAt":"2026-07-26T09:42:23.660Z"},"geometry":{"type":"Point","coordinates":[101.64104461669922,-1.9106660544193375]}},{"type":"Feature","id":"pmtiles:10/800/517:waterway:8733431580:0","properties":{"name":"Batang Tabir","name_int":"Batang Tabir","class":"river","name:latin":"Batang Tabir","name_de":"Batang Tabir","name_en":"Batang Tabir","waterway":"river","kind":"waterway","verification":"verified","source":"OpenMapTiles/OpenStreetMap national PMTiles","sourceId":"10/800/517:waterway:8733431580:0","sourceLayer":"waterway","archive":"https://its.hanifahseptiani45.workers.dev/v1/map/archive/indonesia.pmtiles","updatedAt":"2026-07-26T09:42:23.665Z"},"geometry":{"type":"LineString","coordinates":[[101.60284996032715,-1.964536906080312],[101.60362243652344,-1.9650515874430141],[101.60568237304688,-1.9657378290132073],[101.60611152648926,-1.966938751082182],[101.60654067993164,-1.9673676516116245],[101.60808563232422,-1.9671960914130864]]}},{"type":"Feature","id":"pmtiles:10/801/517:landcover:115463423:0","properties":{"subclass":"forest","class":"wood","kind":"green","verification":"verified","source":"OpenMapTiles/OpenStreetMap national PMTiles","sourceId":"10/801/517:landcover:115463423:0","sourceLayer":"landcover","archive":"https://its.hanifahseptiani45.workers.dev/v1/map/archive/indonesia.pmtiles","updatedAt":"2026-07-26T09:42:23.720Z"},"geometry":{"type":"Polygon","coordinates":[[[101.84386253356934,-1.7520462233579792],[101.84669494628906,-1.7582231336679683],[101.85733795166016,-1.7602820992323416],[101.87278747558594,-1.7544483575695864],[101.90162658691406,-1.773322161558724],[101.92428588867188,-1.7602820992323416],[101.94007873535156,-1.777096899323908],[101.9586181640625,-1.7835310936299038],[101.9586181640625,-1.8308860662590973],[101.94522857666016,-1.8282266713038666],[101.93733215332031,-1.8398936649835065],[101.90051078796387,-1.8517321540901293],[101.90119743347168,-1.85310472743096],[101.92462921142578,-1.860911218051811],[101.92926406860352,-1.8618548574369669],[101.93132400512695,-1.8633132082202195],[101.9314956665039,-1.8652004839117353],[101.93398475646973,-1.8657151951126991],[101.93887710571289,-1.8705191590529893],[101.9392204284668,-1.8734358450297037],[101.93870544433594,-1.8753231098389307],[101.93604469299316,-1.8774677264695754],[101.93527221679688,-1.882271658168989],[101.93432807922363,-1.8830437173869257],[101.93492889404297,-1.8839873448554556],[101.93424224853516,-1.887075576631517],[101.93647384643555,-1.8877618496150603],[101.93793296813965,-1.8873329290320981],[101.93784713745117,-1.8835584233422225],[101.94093704223633,-1.8825290112796296],[101.94385528564453,-1.8837299919601946],[101.9435977935791,-1.885016756056288],[101.94419860839844,-1.8860461666484127],[101.94557189941406,-1.8859603824556643],[101.94643020629883,-1.8852741087613936],[101.94780349731445,-1.8881049860052457],[101.94565773010254,-1.8930804560439043],[101.94497108459473,-1.8931662398849767],[101.94488525390625,-1.8923941851626296],[101.94402694702148,-1.892051049620136],[101.94342613220215,-1.8925657529084106],[101.93982124328613,-1.8891343947692718],[101.93836212158203,-1.889820666939741],[101.93638801574707,-1.8929088883490692],[101.93750381469727,-1.894281429432354],[101.93904876708984,-1.8950534833138732],[101.94085121154785,-1.8948819158143948],[101.94548606872559,-1.898484829731899],[101.94771766662598,-1.8977985609928396],[101.94943428039551,-1.8959971042571624],[101.9534683227539,-1.894796132058275],[101.95106506347656,-1.8965975900441379],[101.9505500793457,-1.8987421804388163],[101.95338249206543,-1.8996857993696068],[101.95321083068848,-1.897884344600115],[101.95484161376953,-1.8965975900441379],[101.95655822753906,-1.897712777381301],[101.9575023651123,-1.9025166530682185],[101.95406913757324,-1.903631836583358],[101.95406913757324,-1.905175935643996],[101.9556999206543,-1.9066342501525213],[101.9586181640625,-1.9052617188845602],[101.9586181640625,-1.9111807521555448],[101.9582748413086,-1.911009186260614],[101.95664405822754,-1.9113523180333232],[101.95544242858887,-1.9125532786977288],[101.95398330688477,-1.9120385813730252],[101.95363998413086,-1.910751837386087],[101.95406913757324,-1.909293526368785],[101.95329666137695,-1.9085214788586455],[101.95218086242676,-1.9087788280672129],[101.9487476348877,-1.9077494310018324],[101.94685935974121,-1.9094650924350702],[101.94462776184082,-1.9095508754617754],[101.94239616394043,-1.908693045001968],[101.94170951843262,-1.9095508754617754],[101.94222450256348,-1.9113523180333232],[101.94316864013672,-1.9123817129399896],[101.94256782531738,-1.9136684557048653],[101.94093704223633,-1.913325324395288],[101.93758964538574,-1.910237139521314],[101.93475723266602,-1.9090361772372688],[101.92952156066895,-1.9087788280672129],[101.92720413208008,-1.9080067803259482],[101.9172477722168,-1.9074920816392336],[101.9161319732666,-1.9063769006231297],[101.91544532775879,-1.9042323197157884],[101.91123962402344,-1.9001147168950325],[101.90969467163086,-1.8989995311074068],[101.9077205657959,-1.8985706133051252],[101.90669059753418,-1.899171098198508],[101.90463066101074,-1.905433285352899],[101.90274238586426,-1.9067200333204397],[101.9025707244873,-1.9081783465206428],[101.9036865234375,-1.9093793094040592],[101.90583229064941,-1.9097224415023533],[101.90694808959961,-1.9104087054933814],[101.90711975097656,-1.9118670155638284],[101.90643310546875,-1.9125532786977288],[101.90299987792969,-1.9128106273021928],[101.90179824829102,-1.913840021333911],[101.90119743347168,-1.915555676679972],[101.89939498901367,-1.9159845902480868],[101.89536094665527,-1.9146978492216107],[101.89424514770508,-1.9127248444383298],[101.89373016357422,-1.910237139521314],[101.89458847045898,-1.9095508754617754],[101.89287185668945,-1.9077494310018324],[101.89149856567383,-1.9104087054933814],[101.89312934875488,-1.9132395415571466],[101.89330101013184,-1.9150409802564923],[101.89115524291992,-1.9151267630044657],[101.88420295715332,-1.9136684557048653],[101.88351631164551,-1.9212173271230455],[101.88471794128418,-1.9224182808669354],[101.88437461853027,-1.9236192337659048],[101.8817138671875,-1.9244770567475769],[101.87355995178223,-1.9308249333867877],[101.86883926391602,-1.9324547897828097],[101.86849594116211,-1.9354571527321838],[101.86506271362305,-1.9383737287922145],[101.85965538024902,-1.9404324853392296],[101.85450553894043,-1.9446357721711536],[101.85416221618652,-1.9486674864380262],[101.85476303100586,-1.9514982587736256],[101.85579299926758,-1.9526991910524458],[101.86162948608398,-1.9563877633977285],[101.86300277709961,-1.9590469616855302],[101.86592102050781,-1.9596474252309974],[101.86866760253906,-1.963679103456741],[101.86883926391602,-1.965566268647109],[101.87021255493164,-1.9668529709630604],[101.87381744384766,-1.9738869260666547],[101.87639236450195,-1.9732864676449964],[101.8813705444336,-1.978090128942057],[101.88729286193848,-1.9852098156255948],[101.8875503540039,-1.990270779085364],[101.8912410736084,-1.9938734893732146],[101.8927001953125,-1.9964468490368716],[101.89244270324707,-1.9978193058771012],[101.89312934875488,-1.9992775400132956],[101.89621925354004,-2.002880230558162],[101.89347267150879,-2.004595794700748],[101.89630508422852,-2.00699758147951],[101.89733505249023,-2.0061398008919014],[101.89879417419434,-2.0075122496160844],[101.89802169799805,-2.0086273633560268],[101.89621925354004,-2.0089704751228936],[101.89647674560547,-2.010257143606637],[101.90085411071777,-2.0126589220623003],[101.90196990966797,-2.0113722554722244],[101.90463066101074,-2.0131735884140625],[101.90385818481445,-2.0144602535824134],[101.90231323242188,-2.014031365305854],[101.90179824829102,-2.0154038073933123],[101.90385818481445,-2.0156611401559417],[101.90505981445312,-2.0178913557276417],[101.90360069274902,-2.018920684960108],[101.90463066101074,-2.019606904086274],[101.90566062927246,-2.018749130133287],[101.90566062927246,-2.021236673349236],[101.90754890441895,-2.0224375549171896],[101.90832138061523,-2.0246677611849435],[101.91012382507324,-2.0254397549474135],[101.9120979309082,-2.0247535382878254],[101.91493034362793,-2.0261259713163327],[101.91535949707031,-2.0280130648313843],[101.91733360290527,-2.0312725848087325],[101.91699028015137,-2.032988118997963],[101.91570281982422,-2.0341889918456246],[101.91784858703613,-2.0371911700524805],[101.91716194152832,-2.0382204870071234],[101.91407203674316,-2.03993601380229],[101.9157886505127,-2.0412226576981],[101.91535949707031,-2.043624390214518],[101.91553115844727,-2.0448252551258292],[101.91664695739746,-2.0455972392371535],[101.91647529602051,-2.0474843099450197],[101.9146728515625,-2.047312758154277],[101.91261291503906,-2.0483420686232563],[101.91201210021973,-2.05082956619232],[101.91252708435059,-2.0509153419016144],[101.91278457641602,-2.049542930001195],[101.91390037536621,-2.049285602638875],[101.91424369812012,-2.0479131893415428],[101.91518783569336,-2.0486851719659853],[101.91561698913574,-2.0503149118399904],[101.91656112670898,-2.0504864633091557],[101.91836357116699,-2.0491140510410304],[101.91913604736328,-2.0493713784309193],[101.9190502166748,-2.0506580147599323],[101.92111015319824,-2.050743790478421],[101.9205093383789,-2.0522877526248067],[101.92119598388672,-2.052973957544694],[101.92205429077148,-2.0521162013488095],[101.92394256591797,-2.0520304257039044],[101.92445755004883,-2.0527166307342526],[101.92583084106445,-2.051687323078312],[101.92668914794922,-2.051773098741606],[101.92574501037598,-2.0535743866079486],[101.92402839660645,-2.05366016216999],[101.92359924316406,-2.054260590975389],[101.92462921142578,-2.055461447909039],[101.92608833312988,-2.0540032643721275],[101.9285774230957,-2.0558903251664447],[101.92643165588379,-2.0590640132880367],[101.92917823791504,-2.063781646109831],[101.9296932220459,-2.0709867310307857],[101.92892074584961,-2.072016026204693],[101.93415641784668,-2.0864260882447496],[101.93286895751953,-2.094917670178674],[101.93218231201172,-2.09483189685362],[101.9300365447998,-2.0926875622014194],[101.92720413208008,-2.09174405402527],[101.92291259765625,-2.085053707057895],[101.92102432250977,-2.0859972192524623],[101.9198226928711,-2.087455373349016],[101.91767692565918,-2.0881415630441325],[101.91887855529785,-2.0922586949189963],[101.92411422729492,-2.09483189685362],[101.9253158569336,-2.0977481872691186],[101.92505836486816,-2.1001498341173885],[101.92385673522949,-2.1025514772740337],[101.92008018493652,-2.101350656157436],[101.91741943359375,-2.106153935077984],[101.9157886505127,-2.1077836156346166],[101.91098213195801,-2.1077836156346166],[101.91390037536621,-2.1101852470292073],[101.91390037536621,-2.1122437852724687],[101.91218376159668,-2.113187281055829],[101.91072463989258,-2.1137019148778506],[101.90677642822266,-2.1137019148778506],[101.90591812133789,-2.114388093041839],[101.87939643859863,-2.114388093041839],[101.87613487243652,-2.1114718337507696],[101.87210083007812,-2.112415330002989],[101.86695098876953,-2.114388093041839],[101.63151741027832,-2.114388093041839],[101.63065910339355,-2.1111287440624835],[101.63040161132812,-2.10606816236988],[101.6275691986084,-2.104867343960649],[101.62688255310059,-2.103237660354438],[101.62748336791992,-2.1009217912491067],[101.62662506103516,-2.100064061079209],[101.62482261657715,-2.099120557348499],[101.62310600280762,-2.0989490111544455],[101.62293434143066,-2.0977481872691186],[101.6246509552002,-2.0962042694906557],[101.62422180175781,-2.0956896298927177],[101.62156105041504,-2.09586117644416],[101.6206169128418,-2.09972096887941],[101.6165828704834,-2.104438480018871],[101.60860061645508,-2.103494978931778],[101.6096305847168,-2.1011791102082356],[101.60825729370117,-2.100321380179622],[101.60551071166992,-2.0999782880363256],[101.60465240478516,-2.1015222020877786],[101.5960693359375,-2.099292103523723],[101.5960693359375,-1.7520462233579792],[101.84386253356934,-1.7520462233579792]],[[101.73580169677734,-1.9689974726175024],[101.7330551147461,-1.9709704117024813],[101.73030853271484,-1.969254812630652],[101.73056602478027,-1.972171330001018],[101.72636032104492,-1.9759456390083159],[101.7253303527832,-1.9776612311769952],[101.72601699829102,-1.9792910420942604],[101.7293643951416,-1.9804061749566984],[101.73099517822266,-1.9798914983441875],[101.73236846923828,-1.978604806113779],[101.7359733581543,-1.9777470107388808],[101.73691749572754,-1.9758598593533492],[101.73803329467773,-1.9750020625600229],[101.7400074005127,-1.9744873842714412],[101.7403507232666,-1.972600229183314],[101.7414665222168,-1.9713993111942898],[101.7429256439209,-1.972600229183314],[101.74249649047852,-1.976031418658863],[101.74120903015137,-1.9789479241395185],[101.74241065979004,-1.9827222177340929],[101.7414665222168,-1.984180465227709],[101.73442840576172,-1.9845235820982055],[101.73391342163086,-1.985295594796483],[101.73425674438477,-1.9870969563566376],[101.7330551147461,-1.9880405259135898],[101.73142433166504,-1.9876974097734461],[101.7279052734375,-1.9856387114355414],[101.72584533691406,-1.9853813739629373],[101.72447204589844,-1.9855529322824594],[101.72412872314453,-1.9873542935620208],[101.72687530517578,-1.9910427890959568],[101.73005104064941,-1.9922436928380591],[101.73211097717285,-1.9964468490368716],[101.73331260681152,-1.9971330776002816],[101.73683166503906,-1.9959321774262833],[101.73708915710449,-1.9916432410764315],[101.73914909362793,-1.9875258516766507],[101.74395561218262,-1.9843520236718604],[101.74610137939453,-1.9802346161036155],[101.74670219421387,-1.9799772777907094],[101.74936294555664,-1.9809208514093513],[101.75004959106445,-1.9796341599779907],[101.75228118896484,-1.9779185698493364],[101.75168037414551,-1.9759456390083159],[101.75176620483398,-1.9707130719543784],[101.75013542175293,-1.968482792471974],[101.75494194030762,-1.9593900837378726],[101.75657272338867,-1.9580175951068384],[101.75906181335449,-1.9607625712441177],[101.76095008850098,-1.9607625712441177],[101.76318168640137,-1.9566451053518676],[101.76558494567871,-1.9542432455783967],[101.77090644836426,-1.9524418484934927],[101.77433967590332,-1.9502115446659616],[101.77854537963867,-1.9494395157290256],[101.78000450134277,-1.948067018966995],[101.77923202514648,-1.947294989046867],[101.77863121032715,-1.9448073346767387],[101.77863121032715,-1.9415476440892547],[101.77742958068848,-1.940260922389328],[101.77373886108398,-1.9399177964373422],[101.77305221557617,-1.9345135535205884],[101.77133560180664,-1.9334841719638547],[101.76970481872559,-1.9345135535205884],[101.76704406738281,-1.937773257660936],[101.76438331604004,-1.936829659738791],[101.7619800567627,-1.9350282440647106],[101.75854682922363,-1.9339130810217284],[101.75803184509277,-1.9319400984582558],[101.75434112548828,-1.9302244595836413],[101.75348281860352,-1.9283372548219404],[101.7550277709961,-1.9243912744688174],[101.75382614135742,-1.918214939070225],[101.7524528503418,-1.918300721659179],[101.75065040588379,-1.9204452849846092],[101.75073623657227,-1.921903586508705],[101.74936294555664,-1.9223324984846641],[101.74601554870605,-1.9219893689125058],[101.7447280883789,-1.9225040632448867],[101.74318313598633,-1.925163314822214],[101.7429256439209,-1.9267073944798057],[101.74386978149414,-1.9273936516561463],[101.7469596862793,-1.9273078695242276],[101.74910545349121,-1.9279083443568794],[101.75039291381836,-1.9312538431162665],[101.75210952758789,-1.9326263535229913],[101.75219535827637,-1.9358860612911286],[101.75159454345703,-1.9369154413898002],[101.75150871276855,-1.9395746704157375],[101.74910545349121,-1.9424912393799758],[101.74833297729492,-1.9423196766390447],[101.74773216247559,-1.940689829731454],[101.74678802490234,-1.9400893594220463],[101.74352645874023,-1.9412902998276138],[101.73983573913574,-1.9411187369647536],[101.74009323120117,-1.9424912393799758],[101.74138069152832,-1.9435206154596756],[101.74249649047852,-1.9497826397447113],[101.74086570739746,-1.9625639593878361],[101.7363166809082,-1.965394708263375],[101.73580169677734,-1.9689974726175024]]]}},{"type":"Feature","id":"pmtiles:10/801/517:landuse:6365022600:0","properties":{"class":"residential","kind":"green","verification":"verified","source":"OpenMapTiles/OpenStreetMap national PMTiles","sourceId":"10/801/517:landuse:6365022600:0","sourceLayer":"landuse","archive":"https://its.hanifahseptiani45.workers.dev/v1/map/archive/indonesia.pmtiles","updatedAt":"2026-07-26T09:42:23.721Z"},"geometry":{"type":"Polygon","coordinates":[[[101.92651748657227,-1.853619442159527],[101.92866325378418,-1.8539625852287855],[101.92900657653809,-1.8555067282170512],[101.92866325378418,-1.8558498709202809],[101.92874908447266,-1.855935656585686],[101.92668914794922,-1.8543057282315232],[101.92789077758789,-1.8550777997443788],[101.92797660827637,-1.8549062283261861],[101.92651748657227,-1.853619442159527]]]}},{"type":"Feature","id":"pmtiles:10/801/517:mountain_peak:86422148681:0","properties":{"name_int":"Gunung Hulu Air Liki","ele_ft":6316,"name_de":"Gunung Hulu Air Liki","name":"Gunung Hulu Air Liki","rank":2,"class":"peak","ele":1925,"name:latin":"Gunung Hulu Air Liki","name_en":"Gunung Hulu Air Liki","kind":"poi","verification":"verified","source":"OpenMapTiles/OpenStreetMap national PMTiles","sourceId":"10/801/517:mountain_peak:86422148681:0","sourceLayer":"mountain_peak","archive":"https://its.hanifahseptiani45.workers.dev/v1/map/archive/indonesia.pmtiles","updatedAt":"2026-07-26T09:42:23.721Z"},"geometry":{"type":"Point","coordinates":[101.64233207702637,-1.9198448075246688]}},{"type":"Feature","id":"pmtiles:10/801/517:mountain_peak:10701838231:0","properties":{"name_int":"Gunung Patah Sembilan","ele_ft":5961,"name_de":"Gunung Patah Sembilan","name":"Gunung Patah Sembilan","rank":1,"class":"peak","ele":1817,"name:latin":"Gunung Patah Sembilan","name_en":"Gunung Patah Sembilan","kind":"poi","verification":"verified","source":"OpenMapTiles/OpenStreetMap national PMTiles","sourceId":"10/801/517:mountain_peak:10701838231:0","sourceLayer":"mountain_peak","archive":"https://its.hanifahseptiani45.workers.dev/v1/map/archive/indonesia.pmtiles","updatedAt":"2026-07-26T09:42:23.721Z"},"geometry":{"type":"Point","coordinates":[101.77339553833008,-1.8974554265211623]}},{"type":"Feature","id":"pmtiles:10/801/517:mountain_peak:10701815281:0","properties":{"name_int":"Bukit Temiang","ele_ft":5751,"name_de":"Bukit Temiang","name":"Bukit Temiang","rank":1,"class":"peak","ele":1753,"name:latin":"Bukit Temiang","name_en":"Bukit Temiang","kind":"poi","verification":"verified","source":"OpenMapTiles/OpenStreetMap national PMTiles","sourceId":"10/801/517:mountain_peak:10701815281:0","sourceLayer":"mountain_peak","archive":"https://its.hanifahseptiani45.workers.dev/v1/map/archive/indonesia.pmtiles","updatedAt":"2026-07-26T09:42:23.721Z"},"geometry":{"type":"Point","coordinates":[101.71872138977051,-1.8014609294680355]}},{"type":"Feature","id":"pmtiles:10/801/517:mountain_peak:10701633981:0","properties":{"name_int":"Gunung Mandiurai","ele_ft":5564,"name_de":"Gunung Mandiurai","name":"Gunung Mandiurai","rank":1,"class":"peak","ele":1696,"name:latin":"Gunung Mandiurai","name_en":"Gunung Mandiurai","kind":"poi","verification":"verified","source":"OpenMapTiles/OpenStreetMap national PMTiles","sourceId":"10/801/517:mountain_peak:10701633981:0","sourceLayer":"mountain_peak","archive":"https://its.hanifahseptiani45.workers.dev/v1/map/archive/indonesia.pmtiles","updatedAt":"2026-07-26T09:42:23.721Z"},"geometry":{"type":"Point","coordinates":[101.76189422607422,-2.0423377482414935]}},{"type":"Feature","id":"pmtiles:10/801/517:mountain_peak:86422148661:0","properties":{"name_int":"Bukit Panikam Sari","ele_ft":5469,"name_de":"Bukit Panikam Sari","name":"Bukit Panikam Sari","rank":2,"class":"peak","ele":1667,"name:latin":"Bukit Panikam Sari","name_en":"Bukit Panikam Sari","kind":"poi","verification":"verified","source":"OpenMapTiles/OpenStreetMap national PMTiles","sourceId":"10/801/517:mountain_peak:86422148661:0","sourceLayer":"mountain_peak","archive":"https://its.hanifahseptiani45.workers.dev/v1/map/archive/indonesia.pmtiles","updatedAt":"2026-07-26T09:42:23.721Z"},"geometry":{"type":"Point","coordinates":[101.68627738952637,-1.9708846317908666]}},{"type":"Feature","id":"pmtiles:10/801/517:mountain_peak:60057121931:0","properties":{"name_int":"Bukit Gedang","ele_ft":5397,"name_de":"Bukit Gedang","name":"Bukit Gedang","rank":3,"class":"peak","ele":1645,"name:latin":"Bukit Gedang","name_en":"Bukit Gedang","kind":"poi","verification":"verified","source":"OpenMapTiles/OpenStreetMap national PMTiles","sourceId":"10/801/517:mountain_peak:60057121931:0","sourceLayer":"mountain_peak","archive":"https://its.hanifahseptiani45.workers.dev/v1/map/archive/indonesia.pmtiles","updatedAt":"2026-07-26T09:42:23.721Z"},"geometry":{"type":"Point","coordinates":[101.63683891296387,-2.094746123523862]}},{"type":"Feature","id":"pmtiles:10/801/517:mountain_peak:81330958341:0","properties":{"name_int":"Bukit Tengah Jati","ele_ft":5036,"name_de":"Bukit Tengah Jati","name":"Bukit Tengah Jati","rank":2,"class":"peak","ele":1535,"name:latin":"Bukit Tengah Jati","name_en":"Bukit Tengah Jati","kind":"poi","verification":"verified","source":"OpenMapTiles/OpenStreetMap national PMTiles","sourceId":"10/801/517:mountain_peak:81330958341:0","sourceLayer":"mountain_peak","archive":"https://its.hanifahseptiani45.workers.dev/v1/map/archive/indonesia.pmtiles","updatedAt":"2026-07-26T09:42:23.721Z"},"geometry":{"type":"Point","coordinates":[101.79253578186035,-1.9236192337659048]}},{"type":"Feature","id":"pmtiles:10/801/517:mountain_peak:60057121921:0","properties":{"name_int":"Bukit Sangko","ele_ft":4757,"name_de":"Bukit Sangko","name":"Bukit Sangko","rank":4,"class":"peak","ele":1450,"name:latin":"Bukit Sangko","name_en":"Bukit Sangko","kind":"poi","verification":"verified","source":"OpenMapTiles/OpenStreetMap national PMTiles","sourceId":"10/801/517:mountain_peak:60057121921:0","sourceLayer":"mountain_peak","archive":"https://its.hanifahseptiani45.workers.dev/v1/map/archive/indonesia.pmtiles","updatedAt":"2026-07-26T09:42:23.721Z"},"geometry":{"type":"Point","coordinates":[101.61083221435547,-2.0873695996160535]}},{"type":"Feature","id":"pmtiles:10/801/517:mountain_peak:81330959991:0","properties":{"name_int":"Bukit Tanggo Kambing","ele_ft":4180,"name_de":"Bukit Tanggo Kambing","name":"Bukit Tanggo Kambing","rank":3,"class":"peak","ele":1274,"name:latin":"Bukit Tanggo Kambing","name_en":"Bukit Tanggo Kambing","kind":"poi","verification":"verified","source":"OpenMapTiles/OpenStreetMap national PMTiles","sourceId":"10/801/517:mountain_peak:81330959991:0","sourceLayer":"mountain_peak","archive":"https://its.hanifahseptiani45.workers.dev/v1/map/archive/indonesia.pmtiles","updatedAt":"2026-07-26T09:42:23.721Z"},"geometry":{"type":"Point","coordinates":[101.66902542114258,-2.045854567191725]}},{"type":"Feature","id":"pmtiles:10/801/517:mountain_peak:86422148731:0","properties":{"name_int":"Bukit Singgirik","ele_ft":4177,"name_de":"Bukit Singgirik","name":"Bukit Singgirik","rank":2,"class":"peak","ele":1273,"name:latin":"Bukit Singgirik","name_en":"Bukit Singgirik","kind":"poi","verification":"verified","source":"OpenMapTiles/OpenStreetMap national PMTiles","sourceId":"10/801/517:mountain_peak:86422148731:0","sourceLayer":"mountain_peak","archive":"https://its.hanifahseptiani45.workers.dev/v1/map/archive/indonesia.pmtiles","updatedAt":"2026-07-26T09:42:23.721Z"},"geometry":{"type":"Point","coordinates":[101.8238639831543,-1.7772684781300256]}},{"type":"Feature","id":"pmtiles:10/801/517:mountain_peak:10701608371:0","properties":{"name_int":"Bukit Rantau Bayur","ele_ft":3891,"name_de":"Bukit Rantau Bayur","name":"Bukit Rantau Bayur","rank":3,"class":"peak","ele":1186,"name:latin":"Bukit Rantau Bayur","name_en":"Bukit Rantau Bayur","kind":"poi","verification":"verified","source":"OpenMapTiles/OpenStreetMap national PMTiles","sourceId":"10/801/517:mountain_peak:10701608371:0","sourceLayer":"mountain_peak","archive":"https://its.hanifahseptiani45.workers.dev/v1/map/archive/indonesia.pmtiles","updatedAt":"2026-07-26T09:42:23.721Z"},"geometry":{"type":"Point","coordinates":[101.8967342376709,-1.7868768657825598]}},{"type":"Feature","id":"pmtiles:10/801/517:mountain_peak:86422148741:0","properties":{"name_int":"Gunung Gedang","ele_ft":3724,"name_de":"Gunung Gedang","name":"Gunung Gedang","rank":4,"class":"peak","ele":1135,"name:latin":"Gunung Gedang","name_en":"Gunung Gedang","kind":"poi","verification":"verified","source":"OpenMapTiles/OpenStreetMap national PMTiles","sourceId":"10/801/517:mountain_peak:86422148741:0","sourceLayer":"mountain_peak","archive":"https://its.hanifahseptiani45.workers.dev/v1/map/archive/indonesia.pmtiles","updatedAt":"2026-07-26T09:42:23.721Z"},"geometry":{"type":"Point","coordinates":[101.87124252319336,-1.7706626826000047]}},{"type":"Feature","id":"pmtiles:10/801/517:mountain_peak:130040283661:0","properties":{"name_int":"Bukit Telago Besar","ele_ft":3576,"name_de":"Bukit Telago Besar","name":"Bukit Telago Besar","rank":5,"class":"peak","ele":1090,"name:latin":"Bukit Telago Besar","name_en":"Bukit Telago Besar","kind":"poi","verification":"verified","source":"OpenMapTiles/OpenStreetMap national PMTiles","sourceId":"10/801/517:mountain_peak:130040283661:0","sourceLayer":"mountain_peak","archive":"https://its.hanifahseptiani45.workers.dev/v1/map/archive/indonesia.pmtiles","updatedAt":"2026-07-26T09:42:23.721Z"},"geometry":{"type":"Point","coordinates":[101.92265510559082,-1.7777832144527395]}},{"type":"Feature","id":"pmtiles:10/801/517:mountain_peak:10701893821:0","properties":{"name_int":"Bukit Nagan","ele_ft":3573,"name_de":"Bukit Nagan","name":"Bukit Nagan","rank":1,"class":"peak","ele":1089,"name:latin":"Bukit Nagan","name_en":"Bukit Nagan","kind":"poi","verification":"verified","source":"OpenMapTiles/OpenStreetMap national PMTiles","sourceId":"10/801/517:mountain_peak:10701893821:0","sourceLayer":"mountain_peak","archive":"https://its.hanifahseptiani45.workers.dev/v1/map/archive/indonesia.pmtiles","updatedAt":"2026-07-26T09:42:23.721Z"},"geometry":{"type":"Point","coordinates":[101.89802169799805,-2.08805578934863]}},{"type":"Feature","id":"pmtiles:10/801/517:mountain_peak:130040283671:0","properties":{"name_int":"Bukit Kabut","ele_ft":3566,"name_de":"Bukit Kabut","name":"Bukit Kabut","rank":1,"class":"peak","ele":1087,"name:latin":"Bukit Kabut","name_en":"Bukit Kabut","kind":"poi","verification":"verified","source":"OpenMapTiles/OpenStreetMap national PMTiles","sourceId":"10/801/517:mountain_peak:130040283671:0","sourceLayer":"mountain_peak","archive":"https://its.hanifahseptiani45.workers.dev/v1/map/archive/indonesia.pmtiles","updatedAt":"2026-07-26T09:42:23.721Z"},"geometry":{"type":"Point","coordinates":[101.82472229003906,-1.8846736190569686]}},{"type":"Feature","id":"pmtiles:10/801/517:mountain_peak:60057121941:0","properties":{"name_int":"Bukit Telasih","ele_ft":3527,"name_de":"Bukit Telasih","name":"Bukit Telasih","rank":2,"class":"peak","ele":1075,"name:latin":"Bukit Telasih","name_en":"Bukit Telasih","kind":"poi","verification":"verified","source":"OpenMapTiles/OpenStreetMap national PMTiles","sourceId":"10/801/517:mountain_peak:60057121941:0","sourceLayer":"mountain_peak","archive":"https://its.hanifahseptiani45.workers.dev/v1/map/archive/indonesia.pmtiles","updatedAt":"2026-07-26T09:42:23.721Z"},"geometry":{"type":"Point","coordinates":[101.83201789855957,-2.0450825832042057]}},{"type":"Feature","id":"pmtiles:10/801/517:mountain_peak:81330958331:0","properties":{"name_int":"Bukit Hulu Sengajo","ele_ft":3209,"name_de":"Bukit Hulu Sengajo","name":"Bukit Hulu Sengajo","rank":3,"class":"peak","ele":978,"name:latin":"Bukit Hulu Sengajo","name_en":"Bukit Hulu Sengajo","kind":"poi","verification":"verified","source":"OpenMapTiles/OpenStreetMap national PMTiles","sourceId":"10/801/517:mountain_peak:81330958331:0","sourceLayer":"mountain_peak","archive":"https://its.hanifahseptiani45.workers.dev/v1/map/archive/indonesia.pmtiles","updatedAt":"2026-07-26T09:42:23.721Z"},"geometry":{"type":"Point","coordinates":[101.86540603637695,-1.9951601697083277]}},{"type":"Feature","id":"pmtiles:10/801/517:mountain_peak:10701814981:0","properties":{"name_int":"Gunung Sengiri","name_de":"Gunung Sengiri","name":"Gunung Sengiri","rank":5,"class":"peak","name:latin":"Gunung Sengiri","name_en":"Gunung Sengiri","kind":"poi","verification":"verified","source":"OpenMapTiles/OpenStreetMap national PMTiles","sourceId":"10/801/517:mountain_peak:10701814981:0","sourceLayer":"mountain_peak","archive":"https://its.hanifahseptiani45.workers.dev/v1/map/archive/indonesia.pmtiles","updatedAt":"2026-07-26T09:42:23.721Z"},"geometry":{"type":"Point","coordinates":[101.64104461669922,-1.9106660544193375]}},{"type":"Feature","id":"pmtiles:10/801/517:park:84652543:0","properties":{"name":"Taman Nasional Kerinci Seblat","name_int":"Kerinci Seblat National Park","class":"national_park","name:latin":"Taman Nasional Kerinci Seblat","name_de":"Taman Nasional Kerinci Seblat","name_en":"Kerinci Seblat National Park","kind":"green","verification":"verified","source":"OpenMapTiles/OpenStreetMap national PMTiles","sourceId":"10/801/517:park:84652543:0","sourceLayer":"park","archive":"https://its.hanifahseptiani45.workers.dev/v1/map/archive/indonesia.pmtiles","updatedAt":"2026-07-26T09:42:23.721Z"},"geometry":{"type":"Polygon","coordinates":[[[101.59984588623047,-1.7869626547320223],[101.5960693359375,-1.78893579946309],[101.5960693359375,-1.7520462233579792],[101.68730735778809,-1.7520462233579792],[101.689453125,-1.7544483575695864],[101.69340133666992,-1.7520462233579792],[101.75399780273438,-1.7520462233579792],[101.74901962280273,-1.7602820992323416],[101.75906181335449,-1.7644858135295465],[101.74893379211426,-1.7786411080049191],[101.74120903015137,-1.778812686667493],[101.74138069152832,-1.771863738086509],[101.73468589782715,-1.771863738086509],[101.72584533691406,-1.7699763648296596],[101.69005393981934,-1.77889847599279],[101.67614936828613,-1.7798421583078152],[101.64533615112305,-1.783702671837105],[101.59984588623047,-1.7869626547320223]]]}},{"type":"Feature","id":"pmtiles:10/801/517:park:84652543:1","properties":{"name":"Taman Nasional Kerinci Seblat","name_int":"Kerinci Seblat National Park","class":"national_park","name:latin":"Taman Nasional Kerinci Seblat","name_de":"Taman Nasional Kerinci Seblat","name_en":"Kerinci Seblat National Park","kind":"green","verification":"verified","source":"OpenMapTiles/OpenStreetMap national PMTiles","sourceId":"10/801/517:park:84652543:1","sourceLayer":"park","archive":"https://its.hanifahseptiani45.workers.dev/v1/map/archive/indonesia.pmtiles","updatedAt":"2026-07-26T09:42:23.722Z"},"geometry":{"type":"Polygon","coordinates":[[[101.5960693359375,-2.102208385620685],[101.5960693359375,-1.8241946778907447],[101.60422325134277,-1.8248809752806352],[101.60945892333984,-1.8285698192615598],[101.60971641540527,-1.8360332710873735],[101.63125991821289,-1.8377490027382635],[101.64979934692383,-1.8251383367343266],[101.66293144226074,-1.8094392208435437],[101.67228698730469,-1.8071229463109546],[101.68722152709961,-1.822564720540612],[101.72284126281738,-1.8239373163020218],[101.75674438476562,-1.8111549778495828],[101.75854682922363,-1.817503264633416],[101.75313949584961,-1.8333738837742573],[101.7400074005127,-1.839378946279723],[101.7429256439209,-1.8464134223606976],[101.76017761230469,-1.8416093929231039],[101.76258087158203,-1.849158576211451],[101.73348426818848,-1.8568792986304032],[101.73734664916992,-1.8634847788212454],[101.75030708312988,-1.8644284168279626],[101.7634391784668,-1.85893815225144],[101.76833152770996,-1.8508742952122361],[101.7842960357666,-1.8469281390308794],[101.79536819458008,-1.8519037258158875],[101.81004524230957,-1.847957571923871],[101.82480812072754,-1.852075297525019],[101.82352066040039,-1.8561930135569327],[101.82317733764648,-1.8596244362583292],[101.82326316833496,-1.8614259305063143],[101.82506561279297,-1.8654578395310466],[101.82506561279297,-1.8664014764796946],[101.82352066040039,-1.8693181692998309],[101.82309150695801,-1.8718917177641714],[101.82309150695801,-1.8727495664129918],[101.82394981384277,-1.8742936929224498],[101.82377815246582,-1.8751515403948957],[101.82283401489258,-1.8784971415177978],[101.8212890625,-1.8794407714458004],[101.82085990905762,-1.8802986163923663],[101.82043075561523,-1.8849309718127927],[101.82068824768066,-1.886646655879261],[101.81931495666504,-1.8888770426354284],[101.81931495666504,-1.8910216425853719],[101.81811332702637,-1.894281429432354],[101.81768417358398,-1.8968549410319042],[101.81965827941895,-1.903460269935664],[101.81845664978027,-1.9059479846553131],[101.81922912597656,-1.9074062985098124],[101.81879997253418,-1.910751837386087],[101.8183708190918,-1.9114381009657961],[101.81674003601074,-1.9119527984705798],[101.81605339050293,-1.9125532786977288],[101.81588172912598,-1.9134968900586529],[101.81708335876465,-1.9147836319867793],[101.81716918945312,-1.9156414594021811],[101.81682586669922,-1.9164135037087675],[101.81596755981445,-1.9165850690629753],[101.81296348571777,-1.9146120664521646],[101.81124687194824,-1.9143547181180338],[101.80850028991699,-1.9146978492216107],[101.80704116821289,-1.9156414594021811],[101.80609703063965,-1.9157272421200986],[101.8044662475586,-1.9150409802564923],[101.80317878723145,-1.916241938337393],[101.79871559143066,-1.9161561556452398],[101.79596900939941,-1.9157272421200986],[101.79425239562988,-1.916327721025226],[101.79433822631836,-1.9171855476672732],[101.7949390411377,-1.9177860260609094],[101.79794311523438,-1.9194158949241142],[101.79905891418457,-1.9207026324028504],[101.79991722106934,-1.9257637904108549],[101.79871559143066,-1.9291950754277423],[101.79845809936523,-1.9343419899711591],[101.79734230041504,-1.935714497880582],[101.79717063903809,-1.9365723147597151],[101.79605484008789,-1.9380306024575589],[101.79596900939941,-1.9388884181637849],[101.79725646972656,-1.9400893594220463],[101.79717063903809,-1.940947174084485],[101.79562568664551,-1.9441210845497068],[101.79210662841797,-1.9447215534261346],[101.79133415222168,-1.9452362408644035],[101.78970336914062,-1.9445499909117956],[101.78918838500977,-1.9437779593815492],[101.78918838500977,-1.942920146156112],[101.78712844848633,-1.9400035779318614],[101.7872142791748,-1.9382879472150591],[101.7854118347168,-1.9345135535205884],[101.78326606750488,-1.932969480951357],[101.77974700927734,-1.9319400984582558],[101.77906036376953,-1.9313396250491763],[101.77906036376953,-1.9287661651788994],[101.77811622619629,-1.9273078695242276],[101.77760124206543,-1.9246486212921212],[101.77708625793457,-1.9238765807057092],[101.7762279510498,-1.9239623630103466],[101.77597045898438,-1.9248201858194136],[101.77511215209961,-1.925077532577987],[101.77451133728027,-1.9242197098983809],[101.77468299865723,-1.921903586508705],[101.77416801452637,-1.9210457622335468],[101.7733097076416,-1.921131544680449],[101.77279472351074,-1.9203595025032598],[101.77279472351074,-1.9177860260609094],[101.7715072631836,-1.9164992863880173],[101.77004814147949,-1.9153841112226644],[101.76918983459473,-1.9156414594021811],[101.76790237426758,-1.9169281997197913],[101.7652416229248,-1.9170997650223995],[101.76455497741699,-1.9166708517336275],[101.76506996154785,-1.9123817129399896],[101.76446914672852,-1.911609666817867],[101.76275253295898,-1.910751837386087],[101.76301002502441,-1.9089503941848562],[101.76446914672852,-1.9067200333204397],[101.76609992980957,-1.902602436441157],[101.76609992980957,-1.9008867681723558],[101.76678657531738,-1.8983990461544238],[101.76661491394043,-1.8965975900441379],[101.76403999328613,-1.8953108345312444],[101.76137924194336,-1.8950534833138732],[101.74507141113281,-1.8987421804388163],[101.74412727355957,-1.8989137475554685],[101.74361228942871,-1.8981416953964185],[101.74275398254395,-1.8981416953964185],[101.74095153808594,-1.900028933398474],[101.74095153808594,-1.9008867681723558],[101.73966407775879,-1.90311713658906],[101.73966407775879,-1.9040607531278795],[101.74026489257812,-1.9057764182382755],[101.74215316772461,-1.9075778647643773],[101.74241065979004,-1.9092077433292332],[101.74206733703613,-1.9099797905311107],[101.74060821533203,-1.911009186260614],[101.73932075500488,-1.913325324395288],[101.7385482788086,-1.9136684557048653],[101.73829078674316,-1.9153841112226644],[101.73666000366211,-1.9161561556452398],[101.73623085021973,-1.9169281997197913],[101.7359733581543,-1.91872963453946],[101.73640251159668,-1.9195874599772509],[101.7337417602539,-1.922160933707218],[101.7330551147461,-1.9246486212921212],[101.73314094543457,-1.9273078695242276],[101.73185348510742,-1.9305675874971229],[101.73288345336914,-1.9319400984582558],[101.73331260681152,-1.933569953784101],[101.73545837402344,-1.9348566805673642],[101.73717498779297,-1.934685117052652],[101.73880577087402,-1.9354571527321838],[101.73957824707031,-1.9352855892782088],[101.7418098449707,-1.9366580964237556],[101.74258232116699,-1.9382021656335837],[101.74172401428223,-1.939746233435244],[101.7414665222168,-1.9414618626730658],[101.7418098449707,-1.9422338952620493],[101.74129486083984,-1.942920146156112],[101.7388916015625,-1.9441210845497068],[101.73803329467773,-1.9438637406801291],[101.73734664916992,-1.9474665512819058],[101.73837661743164,-1.9488390485332872],[101.73803329467773,-1.9496968587473589],[101.7363166809082,-1.9498684207377153],[101.73571586608887,-1.949182172671371],[101.7348575592041,-1.9489248295743522],[101.73357009887695,-1.9502115446659616],[101.73296928405762,-1.9518413823693948],[101.73279762268066,-1.9545005878613892],[101.73417091369629,-1.9561304214041115],[101.73322677612305,-1.9587038395629008],[101.73271179199219,-1.9621350576248204],[101.73296928405762,-1.9638506640166753],[101.7337417602539,-1.9654804884574446],[101.73382759094238,-1.9662525100057309],[101.73314094543457,-1.9668529709630604],[101.73314094543457,-1.9677107719557796],[101.73434257507324,-1.9700268324316426],[101.7359733581543,-1.970627292029505],[101.73588752746582,-1.9722571098463249],[101.73666000366211,-1.9738869260666547],[101.7374324798584,-1.9743158248064958],[101.73940658569336,-1.978090128942057],[101.73897743225098,-1.9787763651355164],[101.73983573913574,-1.9812639689556164],[101.74043655395508,-1.9819502038348844],[101.74206733703613,-1.9820359831748107],[101.74283981323242,-1.9824648798076794],[101.74266815185547,-1.9833226727400586],[101.74309730529785,-1.9840946859989685],[101.74378395080566,-1.9834942312731698],[101.74412727355957,-1.9816928657884887],[101.74481391906738,-1.9800630572327833],[101.74567222595215,-1.9797199394378282],[101.74910545349121,-1.9797199394378282],[101.74944877624512,-1.9789479241395185],[101.74962043762207,-1.978090128942057],[101.74833297729492,-1.9756883000301286],[101.74661636352539,-1.975087842259299],[101.74618721008301,-1.9743158248064958],[101.74747467041016,-1.9732006878527528],[101.74850463867188,-1.9718282105755804],[101.74859046936035,-1.970112612387453],[101.74781799316406,-1.968482792471974],[101.74824714660645,-1.9677965520307765],[101.74996376037598,-1.9677107719557796],[101.75159454345703,-1.9671960914130864],[101.7524528503418,-1.9662525100057309],[101.75296783447266,-1.9646226863184495],[101.75477027893066,-1.9626497397272402],[101.75442695617676,-1.9618777165142092],[101.75519943237305,-1.958360717370013],[101.75777435302734,-1.9575029115804057],[101.75949096679688,-1.957674472773462],[101.76017761230469,-1.9570740085209906],[101.75992012023926,-1.955358395186451],[101.76060676574707,-1.9537285608941346],[101.76146507263184,-1.9535569992976463],[101.76403999328613,-1.9539859032559832],[101.7652416229248,-1.9526991910524458],[101.76678657531738,-1.9520987250202637],[101.7692756652832,-1.9528707527365299],[101.77142143249512,-1.9503831066038373],[101.7758846282959,-1.9476381134994796],[101.77674293518066,-1.9476381134994796],[101.77828788757324,-1.9483243621950805],[101.78094863891602,-1.948067018966995],[101.7813777923584,-1.9488390485332872],[101.78120613098145,-1.9497826397447113],[101.78180694580078,-1.9503831066038373],[101.78498268127441,-1.951584039679119],[101.78824424743652,-1.9542432455783967],[101.7897891998291,-1.95492949157871],[101.79167747497559,-1.9567308859944603],[101.7941665649414,-1.957159789141656],[101.7967414855957,-1.9566451053518676],[101.79759979248047,-1.9567308859944603],[101.79751396179199,-1.9584464979248253],[101.7982006072998,-1.958875400633005],[101.80026054382324,-1.9586180590212763],[101.80232048034668,-1.9614488145752063],[101.80489540100098,-1.9635933231701586],[101.80523872375488,-1.9652231478620052],[101.80824279785156,-1.967624991876363],[101.81056022644043,-1.9688259125866523],[101.81236267089844,-1.970627292029505],[101.81485176086426,-1.971485091079387],[101.81528091430664,-1.9723428896872122],[101.81596755981445,-1.9726860090065088],[101.81931495666504,-1.972171330001018],[101.82231903076172,-1.970455732166485],[101.82291984558105,-1.9698552725067913],[101.82291984558105,-1.9689974726175024],[101.82437896728516,-1.9681396722866822],[101.82515144348145,-1.9665098504424634],[101.82661056518555,-1.9656520488323679],[101.83012962341309,-1.9650515874430141],[101.83098793029785,-1.9652231478620052],[101.83236122131348,-1.9663382901557185],[101.83399200439453,-1.9667671908395192],[101.83424949645996,-1.967624991876363],[101.83218955993652,-1.969254812630652],[101.8333911895752,-1.9705415121001977],[101.83218955993652,-1.9729433484495473],[101.83218955993652,-1.9755167406891871],[101.83296203613281,-1.9771465537125579],[101.8348503112793,-1.9787763651355164],[101.83656692504883,-1.9789479241395185],[101.83794021606445,-1.9800630572327833],[101.84042930603027,-1.9810066308025824],[101.84309005737305,-1.9831511141891554],[101.84489250183105,-1.986153386260554],[101.84635162353516,-1.9871827354295561],[101.8472957611084,-1.9895845476613658],[101.84678077697754,-1.9919863563955857],[101.84746742248535,-1.9936161531854566],[101.84720993041992,-1.994473940321484],[101.84755325317383,-1.99533172701031],[101.85004234313965,-1.9977335273581787],[101.84978485107422,-1.9985913123458232],[101.85012817382812,-2.001164664619182],[101.85364723205566,-2.0051962417259688],[101.85441970825195,-2.007769583623599],[101.85527801513672,-2.0093135868176972],[101.85699462890625,-2.009142030979291],[101.85733795166016,-2.010857588552014],[101.85699462890625,-2.011715366662159],[101.85750961303711,-2.0124873665756127],[101.85896873474121,-2.0134309215290074],[101.85948371887207,-2.0141171429701927],[101.86145782470703,-2.0157469177344467],[101.8623161315918,-2.0157469177344467],[101.86291694641113,-2.01634736065742],[101.8655776977539,-2.0158326953084327],[101.86729431152344,-2.0160042504428475],[101.86798095703125,-2.0154895849853744],[101.86883926391602,-2.0154895849853744],[101.87004089355469,-2.0142029206300265],[101.87012672424316,-2.0133451438285306],[101.86901092529297,-2.0118869222300617],[101.86901092529297,-2.010171365739282],[101.86952590942383,-2.009399364730129],[101.87081336975098,-2.0082842515170967],[101.87175750732422,-2.0080269175906125],[101.87244415283203,-2.0085415854030515],[101.87776565551758,-2.0074264716045747],[101.87819480895996,-2.0057109104293858],[101.87896728515625,-2.0055393542128996],[101.87973976135254,-2.005882466627881],[101.8813705444336,-2.0054535760979206],[101.88188552856445,-2.0062255789708985],[101.88188552856445,-2.00708335951353],[101.88257217407227,-2.0075980276230894],[101.88334465026855,-2.00734069358856],[101.88394546508789,-2.0079411396061175],[101.88506126403809,-2.010342921469501],[101.8857479095459,-2.010857588552014],[101.88488960266113,-2.013259366123549],[101.88652038574219,-2.0133451438285306],[101.88763618469238,-2.0154895849853744],[101.88926696777344,-2.016175805559172],[101.8901252746582,-2.018920684960108],[101.89021110534668,-2.02235177769181],[101.88935279846191,-2.0226948865661427],[101.88892364501953,-2.0234668812680496],[101.89029693603516,-2.035561416862521],[101.8912410736084,-2.038820921593441],[101.89149856567383,-2.0418230911637494],[101.87484741210938,-2.0576058330434535],[101.86875343322754,-2.062409245276683],[101.86274528503418,-2.068327715404209],[101.86154365539551,-2.0704720831930956],[101.86102867126465,-2.0721875753353203],[101.86051368713379,-2.07295954619309],[101.86051368713379,-2.073817291149055],[101.86394691467285,-2.0740746145451823],[101.86514854431152,-2.076390523226351],[101.86600685119629,-2.0767336205202014],[101.86738014221191,-2.0788779769183208],[101.86901092529297,-2.078963751113662],[101.86952590942383,-2.0797357186620644],[101.87029838562012,-2.0822231670812386],[101.87021255493164,-2.0830809070053107],[101.86832427978516,-2.0848821593253746],[101.86686515808105,-2.0881415630441325],[101.86763763427734,-2.0924302418460456],[101.86849594116211,-2.0926875622014194],[101.86892509460449,-2.0934595230142037],[101.86712265014648,-2.0953465367334587],[101.86695098876953,-2.0970620017778714],[101.86532020568848,-2.0990347842538313],[101.86446189880371,-2.0994636496801036],[101.8641185760498,-2.100321380179622],[101.86463356018066,-2.1010075642401915],[101.86446189880371,-2.101865293891933],[101.86386108398438,-2.1025514772740337],[101.86368942260742,-2.103409206077373],[101.86506271362305,-2.105553526022078],[101.86403274536133,-2.111386061335793],[101.86437606811523,-2.1122437852724687],[101.86317443847656,-2.1134445979881633],[101.86360359191895,-2.114388093041839],[101.63289070129395,-2.114388093041839],[101.63366317749023,-2.1134445979881633],[101.6341781616211,-2.1119006957546276],[101.63572311401367,-2.1097563845520853],[101.63589477539062,-2.107955160857159],[101.63520812988281,-2.1073547524956098],[101.63443565368652,-2.1070116618993353],[101.63091659545898,-2.107955160857159],[101.6293716430664,-2.1057250714902267],[101.62799835205078,-2.1045242528166597],[101.6275691986084,-2.1028087959645347],[101.62559509277344,-2.1057250714902267],[101.62482261657715,-2.10623970778137],[101.62121772766113,-2.106925889238454],[101.6195011138916,-2.106325480480038],[101.6183853149414,-2.105124662269077],[101.61709785461426,-2.106325480480038],[101.61272048950195,-2.1072689798536146],[101.61117553710938,-2.106411253173988],[101.60842895507812,-2.106497025863206],[101.60576820373535,-2.10606816236988],[101.6015625,-2.104266934409125],[101.59847259521484,-2.102294158541099],[101.5960693359375,-2.102208385620685]]]}},{"type":"Feature","id":"pmtiles:10/801/517:water:83427623:0","properties":{"intermittent":0,"class":"river","id":8342762,"water":"river","kind":"waterway","verification":"verified","source":"OpenMapTiles/OpenStreetMap national PMTiles","sourceId":"10/801/517:water:83427623:0","sourceLayer":"water","archive":"https://its.hanifahseptiani45.workers.dev/v1/map/archive/indonesia.pmtiles","updatedAt":"2026-07-26T09:42:23.722Z"},"geometry":{"type":"Polygon","coordinates":[[[101.9586181640625,-1.8435824780113137],[101.95793151855469,-1.8432393329356245],[101.95741653442383,-1.842553042585834],[101.95698738098145,-1.8418667519715939],[101.9571590423584,-1.841094674714597],[101.95810317993164,-1.839636305650174],[101.95801734924316,-1.8383495084267025],[101.95775985717773,-1.837920575812717],[101.95724487304688,-1.838006362343748],[101.95552825927734,-1.83997945141968],[101.95406913757324,-1.8398936649835065],[101.9527816772461,-1.8386926544436903],[101.9502067565918,-1.8370627102756458],[101.9479751586914,-1.8352611913070689],[101.94771766662598,-1.8338886042078997],[101.9487476348877,-1.8320870820426478],[101.94840431213379,-1.8314007874077731],[101.9476318359375,-1.8309718531274797],[101.94557189941406,-1.8311434268519236],[101.9435977935791,-1.8308002793866223],[101.93982124328613,-1.828912967153613],[101.9395637512207,-1.8280550973004352],[101.94033622741699,-1.826510930531768],[101.94136619567871,-1.8253956981511834],[101.94136619567871,-1.8249667624359631],[101.94093704223633,-1.8247094009577154],[101.93930625915527,-1.8246236137901235],[101.93767547607422,-1.8255672724086196],[101.93733215332031,-1.8255672724086196],[101.9369888305664,-1.8250525495871983],[101.93733215332031,-1.8241088906985965],[101.93741798400879,-1.8227362950680117],[101.93784713745117,-1.8220499968602581],[101.93990707397461,-1.821792634964936],[101.94016456604004,-1.8215352730328362],[101.93999290466309,-1.8211921237328283],[101.93853378295898,-1.8208489743675074],[101.93595886230469,-1.8211063363976336],[101.93467140197754,-1.8208489743675074],[101.9326114654541,-1.822564720540612],[101.93243980407715,-1.822564720540612],[101.93209648132324,-1.8220499968602581],[101.93123817443848,-1.821792634964936],[101.93115234375,-1.8215352730328362],[101.93183898925781,-1.8192190139901498],[101.93183898925781,-1.8187042893544003],[101.93132400512695,-1.8184469269814656],[101.93012237548828,-1.818790076803893],[101.92909240722656,-1.8187042893544003],[101.92668914794922,-1.8205058249368307],[101.92608833312988,-1.820763187015956],[101.92540168762207,-1.8206773996603403],[101.92480087280273,-1.819390588836086],[101.92471504211426,-1.8181895645718242],[101.92471504211426,-1.817417477122774],[101.9253158569336,-1.8163022391135684],[101.92514419555664,-1.8144149116838548],[101.92488670349121,-1.8137286103119266],[101.92445755004883,-1.8133854595283339],[101.92196846008301,-1.8138143979976604],[101.92171096801758,-1.8142433363652657],[101.92188262939453,-1.8156159384580235],[101.92145347595215,-1.8162164515458699],[101.92102432250977,-1.81595908881836],[101.92008018493652,-1.814672274631178],[101.91913604736328,-1.8142433363652657],[101.91844940185547,-1.815272788032516],[101.91784858703613,-1.8169027519733163],[101.91699028015137,-1.816816964434139],[101.91621780395508,-1.8185327144431938],[101.91561698913574,-1.8192190139901498],[101.91535949707031,-1.8190474391278855],[101.91450119018555,-1.81604487639828],[101.91390037536621,-1.815101212795355],[101.9132137298584,-1.8148438499090673],[101.91278457641602,-1.81595908881836],[101.91226959228516,-1.8162164515458699],[101.91081047058105,-1.8153585756449928],[101.9106388092041,-1.814672274631178],[101.91081047058105,-1.8141575486998818],[101.9106388092041,-1.8139859733569068],[101.9095230102539,-1.8141575486998818],[101.90840721130371,-1.814586486986144],[101.90669059753418,-1.8150154251706567],[101.90566062927246,-1.8156159384580235],[101.90342903137207,-1.8162164515458699],[101.90205574035645,-1.816130663974107],[101.90068244934082,-1.815101212795355],[101.90008163452148,-1.8149296375418942],[101.89939498901367,-1.815101212795355],[101.89879417419434,-1.814758062272162],[101.8985366821289,-1.8140717610304335],[101.89682006835938,-1.8154443632534196],[101.89604759216309,-1.8157017260542148],[101.89501762390137,-1.8157875136463417],[101.89330101013184,-1.8150154251706567],[101.89098358154297,-1.8135570349282801],[101.88935279846191,-1.8107260387503317],[101.88875198364258,-1.810297099549544],[101.88789367675781,-1.8104686752420491],[101.88660621643066,-1.8110691900378555],[101.88557624816895,-1.8111549778495828],[101.88300132751465,-1.8122702190323992],[101.88145637512207,-1.8120128557434612],[101.87965393066406,-1.81124076565726],[101.87759399414062,-1.810983402222078],[101.87725067138672,-1.810039735980368],[101.87725067138672,-1.8085813417317524],[101.87793731689453,-1.8076376742403113],[101.87948226928711,-1.8076376742403113],[101.8802547454834,-1.8069513703020732],[101.8805980682373,-1.8055787616476664],[101.8805980682373,-1.8050640331349825],[101.88008308410645,-1.8041203638165797],[101.87862396240234,-1.804206151956663],[101.87793731689453,-1.8040345756724463],[101.87544822692871,-1.8024046001654312],[101.87433242797852,-1.8019756589999503],[101.87278747558594,-1.8017182942521686],[101.87124252319336,-1.7999167399997873],[101.8703842163086,-1.799402009886336],[101.86875343322754,-1.7989730680141776],[101.86686515808105,-1.7963136261564472],[101.86643600463867,-1.7939973349323566],[101.86549186706543,-1.7929678712244197],[101.86429023742676,-1.7905657869880969],[101.8637752532959,-1.7905657869880969],[101.86334609985352,-1.7909089420718374],[101.86283111572266,-1.7922815617641135],[101.86283111572266,-1.7915094633137727],[101.86326026916504,-1.7906515757650396],[101.86386108398438,-1.7903084206331101],[101.86463356018066,-1.7904799982071182],[101.86506271362305,-1.790994730832736],[101.86583518981934,-1.7928820825559626],[101.86652183532715,-1.79365418042741],[101.86695098876953,-1.795627317951599],[101.8681526184082,-1.7976004533455665],[101.86969757080078,-1.7980293955404107],[101.87210083007812,-1.7992304331495887],[101.87261581420898,-1.7998309516576256],[101.87261581420898,-1.80086041149697],[101.87295913696289,-1.8012893529250675],[101.87493324279785,-1.8017182942521686],[101.87613487243652,-1.8024903883864027],[101.8776798248291,-1.8030909058199995],[101.87862396240234,-1.8038629993720434],[101.87982559204102,-1.8036914230554544],[101.8805980682373,-1.8042919400926962],[101.88076972961426,-1.805750337786165],[101.88034057617188,-1.8070371583085318],[101.87956809997559,-1.8078092501843344],[101.8787956237793,-1.8081524020237225],[101.87819480895996,-1.8078092501843344],[101.87776565551758,-1.8082381899734372],[101.87750816345215,-1.81012552384081],[101.8776798248291,-1.8105544630821981],[101.87819480895996,-1.810811826578302],[101.87965393066406,-1.810897614402208],[101.88240051269531,-1.8119270679723627],[101.88351631164551,-1.8116697046346673],[101.88403129577637,-1.81124076565726],[101.88523292541504,-1.810897614402208],[101.88634872436523,-1.810983402222078],[101.88797950744629,-1.81012552384081],[101.88883781433105,-1.810039735980368],[101.8897819519043,-1.8107260387503317],[101.8930435180664,-1.814758062272162],[101.89518928527832,-1.8155301508577537],[101.89630508422852,-1.8153585756449928],[101.89767837524414,-1.8140717610304335],[101.8985366821289,-1.8137286103119266],[101.89939498901367,-1.8149296375418942],[101.89990997314453,-1.814672274631178],[101.90051078796387,-1.814672274631178],[101.90231323242188,-1.8157017260542148],[101.90325736999512,-1.8157875136463417],[101.90608978271484,-1.815101212795355],[101.90978050231934,-1.8138143979976604],[101.9106388092041,-1.8137286103119266],[101.91098213195801,-1.8139859733569068],[101.91089630126953,-1.815101212795355],[101.91226959228516,-1.81595908881836],[101.91244125366211,-1.8158733012343902],[101.91261291503906,-1.814758062272162],[101.91287040710449,-1.814586486986144],[101.91347122192383,-1.814586486986144],[101.91424369812012,-1.8149296375418942],[101.91484451293945,-1.81604487639828],[101.91561698913574,-1.818790076803893],[101.91699028015137,-1.8166453893435772],[101.91776275634766,-1.8165596017921928],[101.91844940185547,-1.8145006993370316],[101.91887855529785,-1.8140717610304335],[101.91939353942871,-1.8140717610304335],[101.920166015625,-1.8145006993370316],[101.92111015319824,-1.8158733012343902],[101.92136764526367,-1.81595908881836],[101.92153930664062,-1.8157017260542148],[101.92145347595215,-1.8141575486998818],[101.92205429077148,-1.8133854595283339],[101.92359924316406,-1.812956520957357],[101.92445755004883,-1.812956520957357],[101.92505836486816,-1.8132138841121588],[101.92540168762207,-1.8140717610304335],[101.92548751831055,-1.816130663974107],[101.92505836486816,-1.817503264633416],[101.92505836486816,-1.818790076803893],[101.92523002624512,-1.819390588836086],[101.9256591796875,-1.8199053132759815],[101.92634582519531,-1.8201626754408409],[101.9285774230957,-1.8187042893544003],[101.93037986755371,-1.8181895645718242],[101.93132400512695,-1.8181037770937962],[101.93192481994629,-1.818361139515659],[101.93209648132324,-1.8187042893544003],[101.93201065063477,-1.8199911006683465],[101.93158149719238,-1.8210205490583462],[101.93183898925781,-1.8217068476583194],[101.93329811096191,-1.82162106034761],[101.93467140197754,-1.8205916123006318],[101.9363021850586,-1.820934761714966],[101.9392204284668,-1.8205916123006318],[101.94016456604004,-1.8210205490583462],[101.94042205810547,-1.8213636983909964],[101.94042205810547,-1.8220499968602581],[101.94016456604004,-1.822564720540612],[101.93879127502441,-1.8221357841505323],[101.93784713745117,-1.8223931459968412],[101.93767547607422,-1.8229078695790832],[101.93784713745117,-1.823336805785189],[101.93733215332031,-1.8249667624359631],[101.9377613067627,-1.8252241238773905],[101.93939208984375,-1.824366252262763],[101.94170951843262,-1.8247094009577154],[101.94153785705566,-1.8256530595312057],[101.94050788879395,-1.8266825046827364],[101.93982124328613,-1.8277977362645288],[101.93973541259766,-1.8282266713038666],[101.93999290466309,-1.8287413932157932],[101.94376945495605,-1.830628705629337],[101.94531440734863,-1.8308860662590973],[101.94754600524902,-1.8307144925100403],[101.94866180419922,-1.8312292137079709],[101.94917678833008,-1.8321728688535188],[101.94806098937988,-1.8338028174792527],[101.94788932800293,-1.8344891111933919],[101.94806098937988,-1.83500383130621],[101.9502067565918,-1.8368053505341777],[101.95269584655762,-1.838263721912142],[101.95321083068848,-1.838864227427436],[101.9545841217041,-1.8398078785431693],[101.95527076721191,-1.8398936649835065],[101.95707321166992,-1.8378347892775366],[101.95775985717773,-1.837663216194855],[101.95818901062012,-1.838263721912142],[101.95836067199707,-1.839636305650174],[101.95741653442383,-1.841094674714597],[101.95733070373535,-1.8422098973117755],[101.9586181640625,-1.8432393329356245],[101.9586181640625,-1.8435824780113137]]]}},{"type":"Feature","id":"pmtiles:10/801/517:waterway:3079014080:0","properties":{"name":"Batang Kibul","name_int":"Batang Kibul","class":"river","name:latin":"Batang Kibul","name_de":"Batang Kibul","name_en":"Batang Kibul","waterway":"river","kind":"waterway","verification":"verified","source":"OpenMapTiles/OpenStreetMap national PMTiles","sourceId":"10/801/517:waterway:3079014080:0","sourceLayer":"waterway","archive":"https://its.hanifahseptiani45.workers.dev/v1/map/archive/indonesia.pmtiles","updatedAt":"2026-07-26T09:42:23.722Z"},"geometry":{"type":"LineString","coordinates":[[101.87862396240234,-1.8532762990237757],[101.87896728515625,-1.8542199424870631],[101.88008308410645,-1.8549062283261861],[101.88119888305664,-1.856364584850283],[101.8817138671875,-1.8575655834373919],[101.88308715820312,-1.8585950101479511],[101.88480377197266,-1.8578229401712747],[101.88694953918457,-1.8580802968676693],[101.88677787780762,-1.8561930135569327],[101.88694953918457,-1.8554209425308414],[101.8875503540039,-1.8544772997079377],[101.89021110534668,-1.8530189416283207],[101.89407348632812,-1.8519037258158875],[101.89604759216309,-1.8506169374679189],[101.89845085144043,-1.8513890105888038],[101.9007682800293,-1.851474796470356],[101.90119743347168,-1.8510458670210284],[101.90239906311035,-1.8481291440146919],[101.90351486206055,-1.8483007160889429],[101.90445899963379,-1.848043357971349],[101.90497398376465,-1.8482149300538993],[101.90523147583008,-1.8493301481861977],[101.90497398376465,-1.8517321540901293],[101.90729141235352,-1.8519895116725422],[101.90866470336914,-1.8527615841954628],[101.90926551818848,-1.8526757983761826],[101.90986633300781,-1.8516463682210258],[101.91046714782715,-1.851131652919193],[101.91244125366211,-1.8501880078110702],[101.91441535949707,-1.8502737937507447],[101.91570281982422,-1.8499306499671633],[101.91741943359375,-1.8507885093016228],[101.91862106323242,-1.849587506117203],[101.92008018493652,-1.8498448640108904],[101.92085266113281,-1.8510458670210284],[101.92256927490234,-1.8525042267251877],[101.92351341247559,-1.8527615841954628],[101.92488670349121,-1.8523326550575945],[101.92583084106445,-1.8523326550575945],[101.92617416381836,-1.8525900125527812],[101.9267749786377,-1.8541341567384677],[101.92866325378418,-1.8556782995769936],[101.92943572998047,-1.8567077273870183],[101.92977905273438,-1.8566219417590872],[101.93037986755371,-1.8556782995769936],[101.93072319030762,-1.8556782995769936],[101.93252563476562,-1.8567077273870183],[101.93475723266602,-1.8588523667318242],[101.93570137023926,-1.8593670797870345],[101.93913459777832,-1.8591097232781806],[101.9392204284668,-1.8600533636271166],[101.93879127502441,-1.8617690720591753],[101.93999290466309,-1.8622837842632123],[101.94162368774414,-1.8646857725601933],[101.9447135925293,-1.8670877575788154],[101.94514274597168,-1.8680313936525579],[101.94522857666016,-1.8694039543094618],[101.94634437561035,-1.8708622988314971],[101.94754600524902,-1.8706907289506347],[101.94771766662598,-1.869747094306021],[101.94849014282227,-1.8690608142458132],[101.94952011108398,-1.8688892441888356],[101.95003509521484,-1.8691465992680065],[101.94969177246094,-1.8714627932823191],[101.9505500793457,-1.8723206421410623],[101.95158004760742,-1.8724064270038525],[101.9520092010498,-1.8732642754007145],[101.95518493652344,-1.8766956647855153],[101.95544242858887,-1.8772103726127654],[101.9556999206543,-1.8796123404688387],[101.95638656616211,-1.8817569518337365],[101.95638656616211,-1.8838157762628356],[101.95578575134277,-1.8841589134311931],[101.95552825927734,-1.8840731291454347],[101.95578575134277,-1.8824432269136366],[101.95527076721191,-1.8817569518337365],[101.95475578308105,-1.8820143050203626],[101.9534683227539,-1.8819285206290317],[101.95286750793457,-1.8821000894074444],[101.95243835449219,-1.8826147956413877],[101.9527816772461,-1.8861319508369405],[101.95303916931152,-1.886646655879261],[101.95406913757324,-1.8869040083433077],[101.95793151855469,-1.8865608717161138],[101.9586181640625,-1.8879334178186156],[101.9586181640625,-1.8891343947692718],[101.95878982543945,-1.8892201788054024]]}},{"type":"Feature","id":"pmtiles:10/801/517:waterway:5422095090:0","properties":{"name":"Batang Tabir","name_int":"Batang Tabir","class":"river","name:latin":"Batang Tabir","name_de":"Batang Tabir","name_en":"Batang Tabir","waterway":"river","kind":"waterway","verification":"verified","source":"OpenMapTiles/OpenStreetMap national PMTiles","sourceId":"10/801/517:waterway:5422095090:0","sourceLayer":"waterway","archive":"https://its.hanifahseptiani45.workers.dev/v1/map/archive/indonesia.pmtiles","updatedAt":"2026-07-26T09:42:23.722Z"},"geometry":{"type":"LineString","coordinates":[[101.60284996032715,-1.964536906080312],[101.60362243652344,-1.9650515874430141],[101.60568237304688,-1.9657378290132073],[101.60611152648926,-1.966938751082182],[101.60654067993164,-1.9673676516116245],[101.60808563232422,-1.9671960914130864],[101.60885810852051,-1.9673676516116245],[101.60988807678223,-1.969169032630674],[101.61134719848633,-1.9695979325863675],[101.61426544189453,-1.969169032630674],[101.61555290222168,-1.968482792471974],[101.61778450012207,-1.9686543525381381],[101.61924362182617,-1.969340592626196],[101.62035942077637,-1.969083252626291],[101.62233352661133,-1.969083252626291],[101.62362098693848,-1.9677965520307765],[101.62602424621582,-1.9672818715145581],[101.62679672241211,-1.968740132564605],[101.62971496582031,-1.969169032630674],[101.6301441192627,-1.9694263726173347],[101.6301441192627,-1.9708846317908666],[101.63125991821289,-1.971485091079387],[101.63177490234375,-1.9728575686396397],[101.63357734680176,-1.9736295867696327],[101.63374900817871,-1.9740584855758811],[101.63228988647461,-1.9768892149205044],[101.63263320922852,-1.9788621446397343],[101.6334056854248,-1.9793768215718472],[101.63314819335938,-1.9806635132030124],[101.63203239440918,-1.9814355277020894],[101.63203239440918,-1.9825506591209319],[101.63177490234375,-1.9829795556204601],[101.63022994995117,-1.9829795556204601],[101.62962913513184,-1.9835800105330605],[101.63125991821289,-1.9846951405067585],[101.63134574890137,-1.9853813739629373],[101.63057327270508,-1.985896048868085],[101.63040161132812,-1.9864107236129342],[101.63220405578613,-1.9870111772792711],[101.63125991821289,-1.9886409789871777],[101.63091659545898,-1.9900992212561448],[101.63143157958984,-1.9910427890959568],[101.63117408752441,-1.9931014806892335],[101.62962913513184,-1.994473940321484],[101.63065910339355,-1.9957606201869424],[101.63065910339355,-1.99670418478172],[101.63168907165527,-1.9971330776002816],[101.63220405578613,-1.998248198404525],[101.63280487060547,-1.9988486477547411],[101.634521484375,-1.999706432159769],[101.63503646850586,-2.0003068809765097],[101.63503646850586,-2.001850891210225],[101.63460731506348,-2.0027086740450812],[101.63477897644043,-2.0037380128541002],[101.6359806060791,-2.003480678212483],[101.63675308227539,-2.004338460193935],[101.6370964050293,-2.0059682447203926],[101.63761138916016,-2.0069118034409996],[101.6385555267334,-2.006397135115421],[101.63924217224121,-2.0057109104293858],[101.6403579711914,-2.0055393542128996],[101.64078712463379,-2.005882466627881],[101.64173126220703,-2.0075980276230894],[101.64241790771484,-2.00734069358856],[101.64336204528809,-2.0078553616171178],[101.64361953735352,-2.0086273633560268],[101.64353370666504,-2.009914032110103],[101.64396286010742,-2.0106860328758813],[101.64447784423828,-2.011029144210127],[101.6455078125,-2.010514477181715],[101.64610862731934,-2.0106860328758813],[101.64688110351562,-2.011629588871429],[101.64773941040039,-2.0136882546033235],[101.6495418548584,-2.0156611401559417],[101.6513442993164,-2.0191780171663822],[101.65177345275879,-2.0194353493319],[101.65417671203613,-2.019263794559407],[101.65494918823242,-2.0194353493319],[101.65529251098633,-2.019606904086274],[101.65512084960938,-2.020207345583941],[101.65546417236328,-2.020807786859649],[101.65958404541016,-2.020979341469072],[101.6608715057373,-2.020550454911529],[101.66147232055664,-2.020636232232107],[101.66370391845703,-2.0238957670547677],[101.66404724121094,-2.0240673213376965],[101.66473388671875,-2.0237242127536916],[101.66507720947266,-2.0238099899064963],[101.66593551635742,-2.0245819840775283],[101.66627883911133,-2.0244104298490697],[101.66679382324219,-2.0226948865661427],[101.66808128356934,-2.0220944459884436],[101.66868209838867,-2.020807786859649],[101.66919708251953,-2.020550454911529],[101.66971206665039,-2.020979341469072],[101.67031288146973,-2.0203789002568016],[101.67211532592773,-2.0202931229226238],[101.6726303100586,-2.020035790892976],[101.6740894317627,-2.018834907548964],[101.67417526245117,-2.0177198007922073],[101.67657852172852,-2.0156611401559417],[101.67923927307129,-2.0156611401559417],[101.6813850402832,-2.014717586494143],[101.68258666992188,-2.0148891417460533],[101.68327331542969,-2.0146318088614095],[101.6839599609375,-2.014031365305854],[101.68644905090332,-2.0134309215290074],[101.68679237365723,-2.0128304775309402],[101.68765068054199,-2.0126589220623003],[101.6879940032959,-2.012230033311738],[101.69022560119629,-2.011458033276469],[101.69177055358887,-2.0104286993278606],[101.69477462768555,-2.009656698440395],[101.69623374938965,-2.010514477181715],[101.69631958007812,-2.0124873665756127],[101.69760704040527,-2.0136024769163896],[101.69812202453613,-2.0136024769163896],[101.69966697692871,-2.0126589220623003],[101.7000961303711,-2.0126589220623003],[101.70052528381348,-2.0121442555480797],[101.70181274414062,-2.0113722554722244],[101.70249938964844,-2.0118869222300617],[101.70327186584473,-2.013087810700057],[101.70413017272949,-2.013087810700057],[101.7055892944336,-2.0141171429701927],[101.70782089233398,-2.0138598099636056],[101.70833587646484,-2.0142029206300265],[101.70859336853027,-2.0148891417460533],[101.70893669128418,-2.0149749193652156],[101.71048164367676,-2.0138598099636056],[101.71082496643066,-2.013774032285724],[101.7117691040039,-2.0143744759361226],[101.71236991882324,-2.0138598099636056],[101.71365737915039,-2.0134309215290074],[101.71554565429688,-2.013774032285724],[101.71666145324707,-2.012315811070863],[101.71777725219727,-2.0127446997988727],[101.71820640563965,-2.0126589220623003],[101.71872138977051,-2.011629588871429],[101.71906471252441,-2.009999809991001],[101.71940803527832,-2.009828254224715],[101.71992301940918,-2.010085587867394],[101.72060966491699,-2.009570920541492],[101.72060966491699,-2.0085415854030515],[101.72121047973633,-2.0066544692984536],[101.7227554321289,-2.00708335951353],[101.72421455383301,-2.0041669038335925],[101.72593116760254,-2.00468157286069],[101.72661781311035,-2.004510016536315],[101.72979354858398,-2.0017651129020493],[101.73151016235352,-2.0009073295734794],[101.73176765441895,-1.9996206537394414],[101.73279762268066,-1.9988486477547411],[101.7337417602539,-1.9977335273581787],[101.73417091369629,-1.99670418478172],[101.73417091369629,-1.996017956039239],[101.73365592956543,-1.9949028337218095],[101.73382759094238,-1.9941308255207275],[101.7348575592041,-1.9939592680935192],[101.73605918884277,-1.9925010292403158]]}},{"type":"Feature","id":"pmtiles:10/801/517:waterway:5422095090:1","properties":{"name":"Batang Tabir","name_int":"Batang Tabir","class":"river","name:latin":"Batang Tabir","name_de":"Batang Tabir","name_en":"Batang Tabir","waterway":"river","kind":"waterway","verification":"verified","source":"OpenMapTiles/OpenStreetMap national PMTiles","sourceId":"10/801/517:waterway:5422095090:1","sourceLayer":"waterway","archive":"https://its.hanifahseptiani45.workers.dev/v1/map/archive/indonesia.pmtiles","updatedAt":"2026-07-26T09:42:23.722Z"},"geometry":{"type":"LineString","coordinates":[[101.77030563354492,-1.9532138760521178],[101.77167892456055,-1.9516698205802498],[101.77227973937988,-1.950039982710578],[101.77399635314941,-1.950297325637095],[101.77614212036133,-1.9478954567931055],[101.77665710449219,-1.9479812378822174],[101.77803039550781,-1.9496110777456295],[101.78189277648926,-1.948495924325286],[101.78206443786621,-1.949182172671371],[101.78120613098145,-1.9506404494778593],[101.78120613098145,-1.9511551351078253],[101.78421020507812,-1.9516698205802498],[101.78515434265137,-1.9528707527365299],[101.78566932678223,-1.9530423144030777],[101.78661346435547,-1.9527849718966763],[101.78712844848633,-1.9530423144030777],[101.78755760192871,-1.9539001224730868],[101.78747177124023,-1.9543290263437854],[101.79004669189453,-1.955186833756514],[101.79227828979492,-1.9577602533633893],[101.79408073425293,-1.9581891562472151],[101.79476737976074,-1.9580175951068384],[101.79511070251465,-1.957674472773462],[101.79545402526855,-1.9566451053518676],[101.79588317871094,-1.9563877633977285],[101.79708480834961,-1.9564735440534946],[101.79802894592285,-1.9569024472665006],[101.79837226867676,-1.957417130977305],[101.79828643798828,-1.9595616447376756],[101.79845809936523,-1.9599047666845593],[101.79948806762695,-1.9598189862044393],[101.80017471313477,-1.9594758642399768],[101.80094718933105,-1.9587038395629008],[101.8018913269043,-1.9590469616855302],[101.8022346496582,-1.959733205719914],[101.8022346496582,-1.9604194494730507],[101.80154800415039,-1.9620492772590126],[101.80180549621582,-1.9623066183432343],[101.80343627929688,-1.9626497397272402],[101.8044662475586,-1.9635075428791708],[101.80566787719727,-1.9647942467814943],[101.80609703063965,-1.9664240703013007],[101.8073844909668,-1.967110311307195],[101.80978775024414,-1.969169032630674],[101.81038856506348,-1.969340592626196],[101.8114185333252,-1.969169032630674],[101.81193351745605,-1.969769492537722],[101.81227684020996,-1.9708846317908666],[101.81347846984863,-1.9719997702971312],[101.81390762329102,-1.9719997702971312],[101.81519508361816,-1.971313531304773],[101.81562423706055,-1.9713993111942898],[101.81596755981445,-1.9720855501512915],[101.81528091430664,-1.9730291282550496],[101.81510925292969,-1.9736295867696327],[101.81656837463379,-1.9738869260666547],[101.81802749633789,-1.9725144493557139],[101.81845664978027,-1.972771788825284],[101.81854248046875,-1.973458027216168],[101.81965827941895,-1.9737153665397358],[101.82060241699219,-1.972771788825284],[101.82085990905762,-1.9715708709600648],[101.8212890625,-1.9712277514108365],[101.82317733764648,-1.9718282105755804],[101.82369232177734,-1.9710561916096907],[101.82317733764648,-1.9700268324316426],[101.82326316833496,-1.9695121526040538],[101.82352066040039,-1.969169032630674],[101.82497978210449,-1.9688259125866523],[101.82549476623535,-1.9680538922293351],[101.82575225830078,-1.9670245311968841],[101.82755470275879,-1.9667671908395192],[101.82995796203613,-1.9659093893616841],[101.8319320678711,-1.9662525100057309],[101.83313369750977,-1.9674534317042855],[101.83364868164062,-1.967624991876363],[101.83467864990234,-1.9671960914130864],[101.83570861816406,-1.9673676516116245],[101.83613777160645,-1.9677965520307765],[101.83605194091797,-1.9686543525381381],[101.83330535888672,-1.9698552725067913],[101.83296203613281,-1.9708846317908666],[101.83330535888672,-1.9711419715124663],[101.8351936340332,-1.971485091079387],[101.83502197265625,-1.9725144493557139],[101.8333911895752,-1.9735438069951101],[101.83321952819824,-1.9740584855758811],[101.8333911895752,-1.9748305031482118],[101.83296203613281,-1.9764603168450776],[101.8333911895752,-1.9772323333010604],[101.83442115783691,-1.978090128942057],[101.83502197265625,-1.9797199394378282],[101.83562278747559,-1.9799772777907094],[101.83605194091797,-1.9796341599779907],[101.83725357055664,-1.9793768215718472],[101.83836936950684,-1.9786905856268646],[101.83897018432617,-1.9779185698493364],[101.84077262878418,-1.977318112885115],[101.84369087219238,-1.9753451813305105],[101.84403419494629,-1.9747447234356628],[101.84403419494629,-1.973372247432792],[101.84480667114258,-1.972600229183314],[101.84660911560059,-1.972171330001018],[101.84798240661621,-1.9711419715124663],[101.84926986694336,-1.9712277514108365],[101.85047149658203,-1.9696837125642617],[101.85124397277832,-1.9680538922293351],[101.85261726379395,-1.9686543525381381],[101.8539047241211,-1.9681396722866822],[101.85467720031738,-1.9683112323881602],[101.85519218444824,-1.9681396722866822],[101.85639381408691,-1.966166729851338],[101.85733795166016,-1.9666814107115869],[101.8571662902832,-1.9680538922293351],[101.85673713684082,-1.968568572507266],[101.85587882995605,-1.96891169260428],[101.85587882995605,-1.9695979325863675],[101.85630798339844,-1.970112612387453],[101.85776710510254,-1.970455732166485],[101.8582820892334,-1.9709704117024813],[101.85888290405273,-1.9710561916096907],[101.86042785644531,-1.9702841722858153],[101.86094284057617,-1.9708846317908666],[101.86188697814941,-1.9709704117024813],[101.86437606811523,-1.9700268324316426],[101.86471939086914,-1.9695979325863675],[101.8648910522461,-1.9683970124322627],[101.86540603637695,-1.9677965520307765],[101.86600685119629,-1.9675392117925128],[101.8678092956543,-1.9677965520307765],[101.86883926391602,-1.9673676516116245],[101.87012672424316,-1.9674534317042855],[101.87055587768555,-1.9672818715145581],[101.87055587768555,-1.9665098504424634],[101.86944007873535,-1.9659093893616841],[101.86909675598145,-1.9651373676547337],[101.86883926391602,-1.9640222245590166],[101.86909675598145,-1.9632502019798181],[101.87004089355469,-1.9617919361351994],[101.87201499938965,-1.9605910103673807],[101.87287330627441,-1.9593043032313773],[101.87261581420898,-1.9575886921791152],[101.87278747558594,-1.9573313503697989],[101.87458992004395,-1.9563877633977285],[101.87690734863281,-1.9545863686136329],[101.87699317932129,-1.9537285608941346],[101.87630653381348,-1.9528707527365299],[101.87647819519043,-1.952184505895147],[101.87982559204102,-1.947552332392874],[101.88085556030273,-1.9466945210866697],[101.88076972961426,-1.9455793657360374],[101.87836647033691,-1.9438637406801291],[101.87896728515625,-1.9420623324949702],[101.87905311584473,-1.9411187369647536],[101.87870979309082,-1.9407756111868224],[101.87793731689453,-1.9405182668076577],[101.87596321105957,-1.940260922389328],[101.87579154968262,-1.9395746704157375],[101.87716484069824,-1.9388026366127349],[101.8776798248291,-1.9380306024575589],[101.87785148620605,-1.9358002795880225],[101.87828063964844,-1.9356287161687789],[101.87862396240234,-1.9358002795880225],[101.87991142272949,-1.937344349579675],[101.88222885131836,-1.9393173258538638],[101.88334465026855,-1.9394888888994615],[101.88403129577637,-1.938716855057308],[101.88411712646484,-1.9375159128252193],[101.88240051269531,-1.9344277717480338],[101.88222885131836,-1.933055262797609],[101.88240051269531,-1.932283226025291],[101.88274383544922,-1.9318543165556719],[101.88360214233398,-1.9318543165556719],[101.88411712646484,-1.932283226025291],[101.8857479095459,-1.9354571527321838],[101.8860912322998,-1.935714497880582],[101.88677787780762,-1.9354571527321838],[101.8875503540039,-1.9339130810217284],[101.8886661529541,-1.9341704264044068],[101.8901252746582,-1.9339130810217284],[101.89175605773926,-1.934084644614515],[101.89218521118164,-1.9338272992188195],[101.8923568725586,-1.933569953784101],[101.89227104187012,-1.9328836991007563],[101.89132690429688,-1.9316827527375011],[101.89038276672363,-1.9310822792374722],[101.88995361328125,-1.9302244595836413],[101.8901252746582,-1.9290235113411853],[101.89167022705078,-1.9253348792976936],[101.89244270324707,-1.9249059680765868],[101.89433097839355,-1.9257637904108549],[101.8956184387207,-1.9255064437559213],[101.89621925354004,-1.9246486212921212],[101.89579010009766,-1.923447669117806],[101.89664840698242,-1.921903586508705],[101.89759254455566,-1.9213031095613218],[101.89999580383301,-1.9209599797823387],[101.90196990966797,-1.9193301123910942],[101.90291404724121,-1.9191585473121506],[101.90437316894531,-1.9177002434461485],[101.90505981445312,-1.9173571129440887],[101.90591812133789,-1.9173571129440887],[101.90634727478027,-1.917614460827096],[101.90711975097656,-1.91872963453946],[101.90780639648438,-1.9192443298537682],[101.91055297851562,-1.9201021550333337],[101.91123962402344,-1.9201021550333337],[101.91235542297363,-1.9196732424973675],[101.91424369812012,-1.9198448075246688],[101.9146728515625,-1.9195874599772509],[101.91510200500488,-1.918300721659179],[101.91561698913574,-1.9180433738794136],[101.91776275634766,-1.91872963453946],[101.91947937011719,-1.9189869822159835],[101.92171096801758,-1.91872963453946],[101.92402839660645,-1.917614460827096],[101.92591667175293,-1.9177860260609094],[101.93046569824219,-1.9199305900318535],[101.93132400512695,-1.9201021550333337],[101.93415641784668,-1.9198448075246688],[101.93587303161621,-1.9204452849846092],[101.9366455078125,-1.9201021550333337],[101.9377613067627,-1.9191585473121506],[101.93896293640137,-1.9189869822159835],[101.94016456604004,-1.919759025013164],[101.94016456604004,-1.9206168499344187],[101.94042205810547,-1.9209599797823387],[101.94145202636719,-1.9210457622335468],[101.9435977935791,-1.9219893689125058],[101.94479942321777,-1.9216462392713964],[101.94625854492188,-1.9208741973268246],[101.94720268249512,-1.9208741973268246],[101.9479751586914,-1.9210457622335468],[101.95003509521484,-1.9224182808669354],[101.9505500793457,-1.922246716098087],[101.95183753967285,-1.920531067461667],[101.95261001586914,-1.920187937527615],[101.95484161376953,-1.9212173271230455],[101.95621490478516,-1.9225040632448867],[101.95767402648926,-1.9226756279878572],[101.96136474609375,-1.9208741973268246]]}},{"type":"Feature","id":"pmtiles:10/801/517:waterway:5422146432:0","properties":{"name_int":"Batang Tabir","name_de":"Batang Tabir","name":"Batang Tabir","name:id":"Batang Tabir","class":"river","name:latin":"Batang Tabir","name_en":"Batang Tabir","waterway":"river","kind":"waterway","verification":"verified","source":"OpenMapTiles/OpenStreetMap national PMTiles","sourceId":"10/801/517:waterway:5422146432:0","sourceLayer":"waterway","archive":"https://its.hanifahseptiani45.workers.dev/v1/map/archive/indonesia.pmtiles","updatedAt":"2026-07-26T09:42:23.723Z"},"geometry":{"type":"LineString","coordinates":[[101.73605918884277,-1.9925010292403158],[101.73640251159668,-1.9923294716432878],[101.73657417297363,-1.9915574622354768],[101.73605918884277,-1.9901850001729855],[101.73614501953125,-1.989241431842288],[101.73657417297363,-1.9888983159518432],[101.7377758026123,-1.9887267579798618],[101.73820495605469,-1.9884694209884515],[101.73871994018555,-1.9873542935620208],[101.7392349243164,-1.9869253981974424],[101.74077987670898,-1.986324944499927],[101.74266815185547,-1.9840089067657658],[101.7440414428711,-1.983236893466838],[101.74421310424805,-1.9828079970339871],[101.74386978149414,-1.9817786451417305],[101.7440414428711,-1.9812639689556164],[101.74455642700195,-1.980835072011672],[101.74481391906738,-1.9798914983441875],[101.7440414428711,-1.9777470107388808],[101.74429893493652,-1.9765460964690362],[101.74515724182129,-1.976031418658863],[101.74653053283691,-1.9764603168450776],[101.74756050109863,-1.9764603168450776],[101.74867630004883,-1.9761171983049763],[101.74859046936035,-1.9756883000301286],[101.7473030090332,-1.97465894371868],[101.74489974975586,-1.9744873842714412],[101.7447280883789,-1.9740584855758811],[101.7455005645752,-1.9726860090065088],[101.74627304077148,-1.9719997702971312],[101.7473030090332,-1.9717424307081615],[101.74781799316406,-1.969254812630652],[101.74687385559082,-1.967110311307195],[101.74678802490234,-1.9664240703013007],[101.74738883972168,-1.9652231478620052],[101.7487621307373,-1.9646226863184495],[101.7513370513916,-1.9659093893616841],[101.75185203552246,-1.9659093893616841],[101.75193786621094,-1.9635075428791708],[101.75236701965332,-1.9605910103673807],[101.75459861755371,-1.9593900837378726],[101.75468444824219,-1.959132742205199],[101.75468444824219,-1.9587896201001485],[101.75331115722656,-1.9575029115804057],[101.75331115722656,-1.9569024472665006],[101.75382614135742,-1.9561304214041115],[101.75459861755371,-1.9560446407308092],[101.75622940063477,-1.9566451053518676],[101.75811767578125,-1.9581033756792294],[101.75914764404297,-1.958360717370013],[101.75957679748535,-1.957674472773462],[101.75957679748535,-1.9548437108440169],[101.76017761230469,-1.9542432455783967],[101.76137924194336,-1.9540716840345027],[101.76395416259766,-1.955358395186451],[101.76464080810547,-1.9541574648086453],[101.76395416259766,-1.9532138760521178],[101.76395416259766,-1.9526991910524458],[101.7660140991211,-1.9519271632573947],[101.76652908325195,-1.952184505895147],[101.76730155944824,-1.953642780098079],[101.76901817321777,-1.9542432455783967],[101.76953315734863,-1.9541574648086453],[101.77030563354492,-1.9532138760521178]]}},{"type":"Feature","id":"pmtiles:10/801/517:waterway:6342158800:0","properties":{"name":"Batang Seringek","name_int":"Batang Seringek","class":"river","name:latin":"Batang Seringek","name_de":"Batang Seringek","name_en":"Batang Seringek","waterway":"river","kind":"waterway","verification":"verified","source":"OpenMapTiles/OpenStreetMap national PMTiles","sourceId":"10/801/517:waterway:6342158800:0","sourceLayer":"waterway","archive":"https://its.hanifahseptiani45.workers.dev/v1/map/archive/indonesia.pmtiles","updatedAt":"2026-07-26T09:42:23.723Z"},"geometry":{"type":"LineString","coordinates":[[101.79253578186035,-2.003480678212483],[101.79459571838379,-2.002451339241773],[101.79468154907227,-2.0020224478131325],[101.79562568664551,-2.0010788862750957],[101.79717063903809,-2.0012504429587636],[101.79948806762695,-2.000735772853915],[101.80120468139648,-2.0012504429587636],[101.80197715759277,-2.000735772853915],[101.80283546447754,-2.000735772853915],[101.80326461791992,-2.000478437740938],[101.80395126342773,-1.9995348753146374],[101.80420875549316,-1.9983339768965749],[101.8048095703125,-1.9977335273581787],[101.80609703063965,-1.9978193058771012],[101.80644035339355,-1.9973904132376816],[101.80669784545898,-1.9964468490368716],[101.80789947509766,-1.996017956039239],[101.80781364440918,-1.995245948361557],[101.80901527404785,-1.9955890629297244],[101.80944442749023,-1.9955032842943865],[101.81038856506348,-1.994988612388454],[101.81210517883301,-1.9935303744472606],[101.81330680847168,-1.9938734893732146],[101.81399345397949,-1.9929299231547617],[101.81442260742188,-1.9927583656023842],[101.81519508361816,-1.9929299231547617],[101.8172550201416,-1.992672586819495],[101.81759834289551,-1.9919863563955857],[101.8183708190918,-1.9915574622354768],[101.8187141418457,-1.9917290199129098],[101.81845664978027,-1.9921579140283683],[101.81862831115723,-1.9925868080321578],[101.81974411010742,-1.9919863563955857],[101.82000160217285,-1.9920721352142152],[101.81948661804199,-1.9929299231547617],[101.82000160217285,-1.9938734893732146],[101.82171821594238,-1.9943881616280095],[101.82352066040039,-1.9957606201869424],[101.82437896728516,-1.99533172701031],[101.82618141174316,-1.9964468490368716],[101.82738304138184,-1.9962752918512479],[101.82832717895508,-1.9973046346963628],[101.82841300964355,-1.9980766414069961],[101.82927131652832,-1.9976477488347655],[101.83038711547852,-1.9975619703068759],[101.83090209960938,-1.997990862901517],[101.8308162689209,-1.9986770908199532],[101.83107376098633,-1.9987628692895782],[101.83158874511719,-1.9983339768965749],[101.83236122131348,-1.998248198404525],[101.83321952819824,-1.9985913123458232],[101.83364868164062,-1.9993633184515573],[101.83459281921387,-1.9992775400132956],[101.83467864990234,-1.9997922105756203],[101.83450698852539,-2.0000495457962444],[101.83356285095215,-2.000649994487418],[101.83476448059082,-2.001336221293869],[101.83493614196777,-2.0016793345893973],[101.83450698852539,-2.0021940043980493],[101.83527946472168,-2.002451339241773],[101.83596611022949,-2.002108226107822],[101.8366527557373,-2.0023655609650035],[101.83699607849121,-2.0031375652940966],[101.83673858642578,-2.005110463592999],[101.83845520019531,-2.0055393542128996],[101.8392276763916,-2.0059682447203926],[101.83974266052246,-2.0066544692984536],[101.84171676635742,-2.0064829131809176],[101.84223175048828,-2.00708335951353],[101.84266090393066,-2.0071691375430447],[101.8429183959961,-2.0064829131809176],[101.84369087219238,-2.006054022808385],[101.84420585632324,-2.0061398008919014],[101.8443775177002,-2.006568691241938],[101.84514999389648,-2.0061398008919014],[101.84652328491211,-2.0066544692984536],[101.84652328491211,-2.0061398008919014],[101.84678077697754,-2.0059682447203926],[101.84746742248535,-2.0067402473504643],[101.84789657592773,-2.006397135115421],[101.84806823730469,-2.0056251323234022],[101.84892654418945,-2.006311357045419],[101.84926986694336,-2.0061398008919014],[101.84952735900879,-2.006397135115421],[101.84952735900879,-2.0068260253979844],[101.84858322143555,-2.00699758147951],[101.84858322143555,-2.00734069358856],[101.85090065002441,-2.007254915568055],[101.85107231140137,-2.0074264716045747],[101.85072898864746,-2.0080269175906125],[101.85081481933594,-2.0082842515170967],[101.85296058654785,-2.0092278089007465],[101.8539047241211,-2.0088846971879377],[101.854248046875,-2.009570920541492],[101.85493469238281,-2.0094851426380558],[101.85742378234863,-2.009914032110103],[101.85750961303711,-2.010771810716207],[101.85690879821777,-2.0118869222300617],[101.85699462890625,-2.0124015888254974],[101.85785293579102,-2.0129162552584887],[101.85811042785645,-2.0126589220623003],[101.8586254119873,-2.0126589220623003],[101.85845375061035,-2.014288698285327],[101.85991287231445,-2.014031365305854],[101.86017036437988,-2.0151464745900114],[101.86059951782227,-2.015575362572932],[101.86154365539551,-2.0158326953084327],[101.8623161315918,-2.017033580869551],[101.86326026916504,-2.017033580869551],[101.86334609985352,-2.0164331381997584],[101.8637752532959,-2.0162615831105626],[101.86617851257324,-2.0167762483239073],[101.86677932739258,-2.0172909133744668],[101.86712265014648,-2.0172051358773473],[101.86695098876953,-2.016518915737578],[101.86763763427734,-2.0156611401559417],[101.86883926391602,-2.015318029796731],[101.86883926391602,-2.014546031224171],[101.86901092529297,-2.0144602535824134],[101.86952590942383,-2.0149749193652156],[101.86986923217773,-2.0146318088614095],[101.86952590942383,-2.0136024769163896],[101.86858177185059,-2.0124015888254974],[101.86866760253906,-2.0119727000072487],[101.86935424804688,-2.0115438110762085],[101.86866760253906,-2.011286477663461],[101.86909675598145,-2.0097424763348073],[101.87012672424316,-2.009656698440395],[101.87141418457031,-2.008713141304497],[101.8718433380127,-2.008713141304497],[101.87270164489746,-2.0094851426380558],[101.87373161315918,-2.0085415854030515],[101.87527656555176,-2.008198473546102],[101.87647819519043,-2.0083700294835864],[101.87836647033691,-2.0069118034409996],[101.87819480895996,-2.006568691241938],[101.87836647033691,-2.0061398008919014],[101.87888145446777,-2.0061398008919014],[101.87956809997559,-2.0066544692984536],[101.87982559204102,-2.0066544692984536],[101.87999725341797,-2.0061398008919014],[101.88085556030273,-2.006054022808385],[101.8817138671875,-2.006311357045419],[101.88240051269531,-2.0069118034409996],[101.88222885131836,-2.0071691375430447],[101.88119888305664,-2.007254915568055],[101.88111305236816,-2.0079411396061175],[101.88214302062988,-2.008713141304497],[101.88351631164551,-2.0082842515170967],[101.88351631164551,-2.0090562530533305],[101.88446044921875,-2.010171365739282],[101.88437461853027,-2.011029144210127],[101.88583374023438,-2.0112006998501926],[101.8860912322998,-2.011458033276469],[101.88617706298828,-2.0118869222300617],[101.88591957092285,-2.0126589220623003],[101.88497543334961,-2.0136882546033235],[101.88497543334961,-2.014288698285327],[101.88540458679199,-2.0143744759361226],[101.88669204711914,-2.0138598099636056],[101.88660621643066,-2.014546031224171],[101.8860912322998,-2.015060696979873],[101.88617706298828,-2.0152322521956307],[101.88746452331543,-2.0154895849853744],[101.88712120056152,-2.0162615831105626],[101.88737869262695,-2.016604693270878],[101.88780784606934,-2.0167762483239073],[101.88892364501953,-2.016518915737578],[101.88943862915039,-2.0168620258436363],[101.88943862915039,-2.0174624683551343],[101.88995361328125,-2.017805578262198],[101.88961029052734,-2.0180629106449715],[101.88892364501953,-2.0178913557276417],[101.88883781433105,-2.0180629106449715],[101.88900947570801,-2.0184060204253313],[101.89003944396973,-2.018834907548964],[101.88986778259277,-2.019606904086274],[101.8901252746582,-2.020121568240725],[101.89029693603516,-2.022952218174268],[101.89081192016602,-2.024238875602464],[101.89132690429688,-2.0244104298490697],[101.89218521118164,-2.0238957670547677],[101.8930435180664,-2.0238099899064963],[101.89355850219727,-2.022609109354363],[101.89424514770508,-2.0220944459884436],[101.8956184387207,-2.022008668744917],[101.89587593078613,-2.02235177769181],[101.8956184387207,-2.0236384355963537],[101.89579010009766,-2.0241530984723397],[101.89733505249023,-2.0239815441984916],[101.89793586730957,-2.0244962069655656],[101.89982414245605,-2.0246677611849435],[101.90085411071777,-2.0238957670547677],[101.90162658691406,-2.0239815441984916],[101.90179824829102,-2.0244962069655656],[101.90154075622559,-2.025268200809762],[101.90162658691406,-2.02569708611982],[101.90265655517578,-2.0261259713163327],[101.90385818481445,-2.025782863168203],[101.9040298461914,-2.026040194286125],[101.90325736999512,-2.0274984031818377],[101.90411567687988,-2.028441949414301],[101.90411567687988,-2.029557048797699],[101.9036865234375,-2.030414817030845],[101.90308570861816,-2.0306721474120337],[101.90308570861816,-2.032044575419434],[101.90385818481445,-2.032130352131162],[101.90471649169922,-2.0318730219822783],[101.90497398376465,-2.0314441383096664],[101.90548896789551,-2.0312725848087325],[101.90574645996094,-2.03170146852689],[101.90523147583008,-2.032216128838357],[101.90523147583008,-2.0326450123059345],[101.90583229064941,-2.033417002260421],[101.90608978271484,-2.033417002260421],[101.90669059753418,-2.0327307889857735],[101.90711975097656,-2.032816565661051],[101.90746307373047,-2.0339316620249264],[101.90960884094238,-2.0340174386363827],[101.91003799438477,-2.03461787478885],[101.91003799438477,-2.035218310717795],[101.90969467163086,-2.0358187464231463],[101.9091796875,-2.036076075942688],[101.90909385681152,-2.0365049583839294],[101.90943717956543,-2.0371053936098917],[101.91055297851562,-2.0371911700524805],[101.91081047058105,-2.0375342757771193],[101.91072463989258,-2.038306263390311],[101.90969467163086,-2.0385635925124603],[101.9095230102539,-2.0389924742912626],[101.91055297851562,-2.0408795527598755],[101.91106796264648,-2.0410511052381395],[101.9120979309082,-2.0409653290012955],[101.91329956054688,-2.0423377482414935],[101.91424369812012,-2.0424235244050806],[101.91390037536621,-2.043367061902373],[101.91415786743164,-2.0437101663093813],[101.91561698913574,-2.0432812857891633],[101.91587448120117,-2.044653703050642],[101.91673278808594,-2.045339911241328],[101.91750526428223,-2.045339911241328],[101.91767692565918,-2.045940343167416],[101.91707611083984,-2.046369222976992],[101.91673278808594,-2.048170516924344],[101.91707611083984,-2.0489424994247827],[101.91741943359375,-2.0491140510410304],[101.9187068939209,-2.048599396137206],[101.91956520080566,-2.0491140510410304],[101.91922187805176,-2.049971808846493],[101.91956520080566,-2.050572239036839],[101.92008018493652,-2.050572239036839],[101.920166015625,-2.0502291360985083],[101.92068099975586,-2.0500575846017597],[101.92171096801758,-2.0503149118399904],[101.92171096801758,-2.050743790478421],[101.92111015319824,-2.05082956619232],[101.92093849182129,-2.0511726690019145],[101.92119598388672,-2.0520304257039044],[101.92248344421387,-2.051687323078312],[101.92334175109863,-2.0518588744003097],[101.92514419555664,-2.051515771737897],[101.92746162414551,-2.051687323078312],[101.92754745483398,-2.0521162013488095],[101.92668914794922,-2.0522877526248067],[101.9267749786377,-2.0531455087286474],[101.92840576171875,-2.0537459377274416],[101.92892074584961,-2.0534886110413026],[101.92926406860352,-2.0537459377274416],[101.92952156066895,-2.054946795048039],[101.93020820617676,-2.0558045497241864],[101.9308090209961,-2.0558903251664447],[101.93243980407715,-2.0548610195550907],[101.93295478820801,-2.0547752440575238],[101.93346977233887,-2.0550325705363974],[101.93381309509277,-2.0563192023086145],[101.93424224853516,-2.056919630114024],[101.93604469299316,-2.057777383729686],[101.9369888305664,-2.0593213390750833],[101.93870544433594,-2.061036843259757],[101.93964958190918,-2.061637269287772],[101.94007873535156,-2.061637269287772],[101.94085121154785,-2.061036843259757],[101.94162368774414,-2.060951068094411],[101.94239616394043,-2.062409245276683],[101.94265365600586,-2.0644678460822092],[101.9424819946289,-2.067041093339455],[101.94316864013672,-2.0674699674769386],[101.94462776184082,-2.067555742290523],[101.94522857666016,-2.068070391074727],[101.94608688354492,-2.068327715404209],[101.94685935974121,-2.0693570123047778],[101.94788932800293,-2.069871660504546],[101.94857597351074,-2.0705578578443067],[101.94943428039551,-2.0708151817701435],[101.95080757141113,-2.0724448989963946],[101.95089340209961,-2.07295954619309],[101.94977760314941,-2.0734741932224523],[101.94823265075684,-2.0737315166743855],[101.94720268249512,-2.0748465844824437],[101.94737434387207,-2.0757901027829035],[101.94685935974121,-2.0767336205202014],[101.94703102111816,-2.0773340406051375],[101.94883346557617,-2.0767336205202014],[101.95072174072266,-2.076905169139181],[101.95089340209961,-2.0792210736717607],[101.95149421691895,-2.0803361376052294],[101.95158004760742,-2.080936556319841],[101.95072174072266,-2.082566263106898],[101.95235252380371,-2.0835955507355806],[101.95406913757324,-2.085311028621618],[101.95561408996582,-2.08565412397445],[101.95853233337402,-2.0844532899122754],[101.95930480957031,-2.085311028621618]]}},{"type":"Feature","id":"pmtiles:10/801/517:waterway:6353011060:0","properties":{"name":"Batang Pelepat","name_int":"Batang Pelepat","class":"river","name:latin":"Batang Pelepat","name_de":"Batang Pelepat","name_en":"Batang Pelepat","waterway":"river","kind":"waterway","verification":"verified","source":"OpenMapTiles/OpenStreetMap national PMTiles","sourceId":"10/801/517:waterway:6353011060:0","sourceLayer":"waterway","archive":"https://its.hanifahseptiani45.workers.dev/v1/map/archive/indonesia.pmtiles","updatedAt":"2026-07-26T09:42:23.723Z"},"geometry":{"type":"LineString","coordinates":[[101.66662216186523,-1.855764085250712],[101.6671371459961,-1.8550777997443788],[101.6685962677002,-1.8545630854399064],[101.66885375976562,-1.853619442159527],[101.66928291320801,-1.853619442159527],[101.66945457458496,-1.8543915139718052],[101.67014122009277,-1.8541341567384677],[101.6703987121582,-1.8530189416283207],[101.67082786560059,-1.85310472743096],[101.67142868041992,-1.8538767994676988],[101.67202949523926,-1.8538767994676988],[101.67245864868164,-1.853619442159527],[101.6729736328125,-1.8526757983761826],[101.67357444763184,-1.8524184408934872],[101.67383193969727,-1.8527615841954628],[101.67391777038574,-1.8538767994676988],[101.67426109313965,-1.8541341567384677],[101.67494773864746,-1.8541341567384677],[101.67537689208984,-1.8539625852287855],[101.67683601379395,-1.8524184408934872],[101.678466796875,-1.851131652919193],[101.67923927307129,-1.8513032247030878],[101.678466796875,-1.8519895116725422],[101.678466796875,-1.8534478705999646],[101.67932510375977,-1.8526757983761826],[101.6799259185791,-1.8531905132294355],[101.6810417175293,-1.8526757983761826],[101.68147087097168,-1.8535336563818134],[101.68232917785645,-1.853619442159527],[101.6825008392334,-1.8529331558215176],[101.68310165405273,-1.8531905132294355],[101.6836166381836,-1.8529331558215176],[101.68370246887207,-1.8525900125527812],[101.68327331542969,-1.852075297525019],[101.68335914611816,-1.8518179399550831],[101.68464660644531,-1.8518179399550831],[101.68576240539551,-1.8525042267251877],[101.68601989746094,-1.8516463682210258],[101.68636322021484,-1.851474796470356],[101.68747901916504,-1.8523326550575945],[101.68773651123047,-1.852075297525019],[101.68816566467285,-1.8506169374679189],[101.69022560119629,-1.8500164359192866],[101.69074058532715,-1.8494159341673395],[101.69159889221191,-1.8496732920859245],[101.69159889221191,-1.8487296462020026],[101.69228553771973,-1.8483865021198511],[101.69194221496582,-1.847271283394818],[101.69194221496582,-1.8466707807144047],[101.69228553771973,-1.8465849946006472],[101.69297218322754,-1.8470997112211336],[101.69425964355469,-1.847271283394818],[101.69468879699707,-1.8483865021198511],[101.6949462890625,-1.8484722881465956],[101.69571876525879,-1.8473570694754642],[101.69666290283203,-1.8481291440146919],[101.69726371765137,-1.8481291440146919],[101.69872283935547,-1.847271283394818],[101.69983863830566,-1.8470139251280813],[101.70069694519043,-1.84649920848274],[101.70198440551758,-1.8471854973100363],[101.70241355895996,-1.8471854973100363],[101.70292854309082,-1.8470139251280813],[101.70378684997559,-1.846070277831089],[101.70464515686035,-1.846070277831089],[101.70533180236816,-1.8458129193904114],[101.70679092407227,-1.8466707807144047],[101.7073917388916,-1.846756566824041],[101.70979499816895,-1.8463276362345056],[101.71099662780762,-1.8458129193904114],[101.71236991882324,-1.8458987055414582],[101.71314239501953,-1.8455555609125014],[101.71382904052734,-1.844783485255249],[101.71494483947754,-1.845040843844913],[101.71537399291992,-1.8440114092629187],[101.71614646911621,-1.8446119128414722],[101.7165756225586,-1.8446119128414722],[101.7172622680664,-1.843496691748598],[101.71863555908203,-1.843410905481747],[101.72018051147461,-1.842553042585834],[101.72043800354004,-1.8437540505243675],[101.72163963317871,-1.8432393329356245],[101.72266960144043,-1.8436682642699083],[101.72541618347168,-1.8427246151980796],[101.7264461517334,-1.8419525383128388],[101.72884941101074,-1.8422098973117755],[101.72970771789551,-1.8418667519715939],[101.73022270202637,-1.8423814699570613],[101.72996520996094,-1.8430677603729748],[101.73090934753418,-1.8431535466563673],[101.73133850097656,-1.8430677603729748],[101.73365592956543,-1.8414378202034527],[101.73537254333496,-1.8417809656262278],[101.73571586608887,-1.842981974085447],[101.73648834228516,-1.8426388288940245],[101.73726081848145,-1.842981974085447],[101.73768997192383,-1.8426388288940245],[101.73786163330078,-1.8416951792767264],[101.73880577087402,-1.8420383246499483],[101.73940658569336,-1.8410088883320697],[101.74077987670898,-1.8402368107035016],[101.74189567565918,-1.8402368107035016],[101.7432689666748,-1.8412662474672885],[101.74361228942871,-1.8407515291597036],[101.74378395080566,-1.8385210814434316],[101.744384765625,-1.8384352949371277],[101.74524307250977,-1.8391215868721247],[101.74567222595215,-1.8387784409376167],[101.74592971801758,-1.8377490027382635],[101.74713134765625,-1.8377490027382635],[101.74996376037598,-1.8358616978316888],[101.75047874450684,-1.8346606845807827],[101.75202369689941,-1.833030736736248],[101.75271034240723,-1.8329449499664747],[101.75382614135742,-1.8348322579517173],[101.75442695617676,-1.835432764620407],[101.75580024719238,-1.8359474844615846],[101.75657272338867,-1.8366337773526027],[101.75717353820801,-1.8365479907556477],[101.75743103027344,-1.8362906309400415],[101.75725936889648,-1.8352611913070689],[101.75743103027344,-1.8345748978891407],[101.75906181335449,-1.833288097020926],[101.75992012023926,-1.8331165235019142],[101.76077842712402,-1.8315723610911476],[101.7612075805664,-1.8315723610911476],[101.76215171813965,-1.832258655660297],[101.76301002502441,-1.8321728688535188],[101.7637825012207,-1.8325160160559335],[101.76412582397461,-1.8313150005599255],[101.7652416229248,-1.8303713449626287],[101.76567077636719,-1.8304571318556384],[101.76627159118652,-1.8311434268519236],[101.76678657531738,-1.8311434268519236],[101.76755905151367,-1.8294276888686625],[101.76884651184082,-1.8287413932157932],[101.76884651184082,-1.8271972270373027],[101.76987648010254,-1.825910420874365],[101.7703914642334,-1.8257388466496849],[101.77142143249512,-1.825996207980566],[101.77305221557617,-1.8258246337640713],[101.77356719970703,-1.8255672724086196],[101.77408218383789,-1.8246236137901235],[101.77536964416504,-1.8251383367343266],[101.77639961242676,-1.8247951881212288],[101.77742958068848,-1.8247951881212288],[101.7776870727539,-1.8246236137901235],[101.77785873413086,-1.8237657418890905],[101.77820205688477,-1.8232510185521562],[101.77974700927734,-1.8231652313150164],[101.78163528442383,-1.8245378266184247],[101.7828369140625,-1.824366252262763],[101.78652763366699,-1.8252241238773905],[101.78815841674805,-1.8226505078063582],[101.78858757019043,-1.8223073587188168],[101.78970336914062,-1.8223931459968412],[101.79004669189453,-1.8221357841505323],[101.79004669189453,-1.820934761714966],[101.79039001464844,-1.8206773996603403],[101.79073333740234,-1.820934761714966],[101.7912483215332,-1.8232510185521562],[101.79262161254883,-1.8235083802390193],[101.79579734802246,-1.825996207980566],[101.7963981628418,-1.8261677821806757],[101.79699897766113,-1.8260819950826743],[101.79734230041504,-1.8257388466496849],[101.79854393005371,-1.8258246337640713],[101.80008888244629,-1.8253956981511834],[101.80051803588867,-1.8248809752806352],[101.80026054382324,-1.8232510185521562],[101.8004322052002,-1.8230794440737839],[101.80120468139648,-1.8230794440737839],[101.80197715759277,-1.8235083802390193],[101.80257797241211,-1.8232510185521562],[101.80292129516602,-1.822564720540612],[101.8033504486084,-1.8223073587188168],[101.80429458618164,-1.8223931459968412],[101.80463790893555,-1.82162106034761],[101.80558204650879,-1.8214494857139556],[101.80661201477051,-1.820934761714966],[101.80807113647461,-1.819819525879538],[101.80832862854004,-1.8186185019008434],[101.80832862854004,-1.8170743270394354],[101.8106460571289,-1.817503264633416],[101.81090354919434,-1.8166453893435772],[101.81279182434082,-1.8155301508577537],[101.8146800994873,-1.8125275822847442],[101.81536674499512,-1.8122702190323992],[101.81605339050293,-1.8125275822847442],[101.81656837463379,-1.812870733230966],[101.81785583496094,-1.8145006993370316],[101.81828498840332,-1.814672274631178],[101.82000160217285,-1.812870733230966],[101.82034492492676,-1.812870733230966],[101.82111740112305,-1.8135570349282801],[101.8216323852539,-1.8132138841121588],[101.82334899902344,-1.8104686752420491],[101.82463645935059,-1.8099539481158473],[101.82626724243164,-1.810640250918297],[101.82764053344727,-1.8127849455005105],[101.82798385620117,-1.813042308679698],[101.82841300964355,-1.812956520957357],[101.82875633239746,-1.8119270679723627],[101.82867050170898,-1.8099539481158473],[101.82927131652832,-1.8089244934251383],[101.82952880859375,-1.807723462214355],[101.83004379272461,-1.807723462214355],[101.83047294616699,-1.8081524020237225],[101.83107376098633,-1.81012552384081],[101.8319320678711,-1.8107260387503317],[101.8326187133789,-1.810897614402208],[101.83330535888672,-1.808667129661174],[101.83467864990234,-1.8069513703020732],[101.83527946472168,-1.806608218235695],[101.83768272399902,-1.8063508541433748],[101.83819770812988,-1.8053213974095428],[101.83974266052246,-1.804463516352655],[101.84042930603027,-1.8027477530250593],[101.84154510498047,-1.8024903883864027],[101.84206008911133,-1.8019756589999503],[101.84274673461914,-1.799659374961223],[101.8421459197998,-1.7980293955404107],[101.84223175048828,-1.7975146648945213],[101.84317588806152,-1.7976862417926185],[101.84369087219238,-1.7987157028424576],[101.84420585632324,-1.7989730680141776],[101.8487548828125,-1.7968283571409103],[101.84926986694336,-1.7969141456242141],[101.85012817382812,-1.7976862417926185],[101.85064315795898,-1.797772030235592],[101.85158729553223,-1.7969999341034821],[101.8516731262207,-1.796056260609845],[101.85141563415527,-1.7951983751926974],[101.85175895690918,-1.7948552209130924],[101.85210227966309,-1.7948552209130924],[101.85321807861328,-1.795627317951599],[101.85407638549805,-1.7957988950269765],[101.85605049133301,-1.7939973349323566],[101.85656547546387,-1.7941689121606998],[101.8571662902832,-1.7948552209130924],[101.85768127441406,-1.7948552209130924],[101.85802459716797,-1.7942547007688319],[101.8582820892334,-1.7924531391533094],[101.85871124267578,-1.7919384069374757],[101.85982704162598,-1.7917668295000482],[101.86051368713379,-1.7921099843588308],[101.8612003326416,-1.7929678712244197],[101.86197280883789,-1.7929678712244197],[101.86283111572266,-1.7926247165264186],[101.86326026916504,-1.790823153306917],[101.8637752532959,-1.7904799982071182],[101.86429023742676,-1.7904799982071182],[101.86471939086914,-1.790823153306917],[101.86566352844238,-1.7928820825559626],[101.86643600463867,-1.793739969059672],[101.86677932739258,-1.7957131064913057],[101.8681526184082,-1.7978578186745722],[101.8696117401123,-1.7981151839672833],[101.87192916870117,-1.7992304331495887],[101.87244415283203,-1.7998309516576256],[101.87227249145508,-1.80086041149697],[101.87295913696289,-1.8016325059948315],[101.87493324279785,-1.801889870754735],[101.87699317932129,-1.8031766940086271],[101.87759399414062,-1.8032624821932046],[101.87853813171387,-1.8040345756724463],[101.87948226928711,-1.8038629993720434],[101.8802547454834,-1.8040345756724463],[101.88076972961426,-1.805492973572342],[101.88042640686035,-1.806608218235695],[101.87948226928711,-1.807723462214355],[101.87888145446777,-1.8078950381502636],[101.87819480895996,-1.807723462214355],[101.8776798248291,-1.808066614069972],[101.8773365020752,-1.8090960692475164],[101.87750816345215,-1.8104686752420491],[101.87776565551758,-1.810811826578302],[101.87965393066406,-1.8110691900378555],[101.88214302062988,-1.8120128557434612],[101.88291549682617,-1.8120986435104953],[101.88403129577637,-1.8114981290558916],[101.88540458679199,-1.8110691900378555],[101.88626289367676,-1.8110691900378555],[101.88806533813477,-1.8102113116972163],[101.88875198364258,-1.8102113116972163],[101.88952445983887,-1.810640250918297],[101.89106941223145,-1.8135570349282801],[101.89373016357422,-1.815101212795355],[101.8956184387207,-1.8157017260542148],[101.8985366821289,-1.8139001856793158],[101.8993091583252,-1.8149296375418942],[101.90008163452148,-1.8148438499090673],[101.90102577209473,-1.815101212795355],[101.90196990966797,-1.8158733012343902],[101.90325736999512,-1.81604487639828],[101.90729141235352,-1.814672274631178],[101.9106388092041,-1.8139001856793158],[101.91089630126953,-1.8140717610304335],[101.91081047058105,-1.815101212795355],[101.91226959228516,-1.81595908881836],[101.91269874572754,-1.8157875136463417],[101.91312789916992,-1.814672274631178],[101.91398620605469,-1.8150154251706567],[101.9146728515625,-1.81595908881836],[101.91527366638184,-1.818275352045788],[101.91570281982422,-1.818790076803893],[101.9161319732666,-1.818361139515659],[101.91699028015137,-1.8166453893435772],[101.91793441772461,-1.8164738142367156],[101.91836357116699,-1.815101212795355],[101.91896438598633,-1.8141575486998818],[101.92008018493652,-1.8145006993370316],[101.92102432250977,-1.81595908881836],[101.92145347595215,-1.81604487639828],[101.92171096801758,-1.8157017260542148],[101.92153930664062,-1.8142433363652657],[101.92171096801758,-1.8139001856793158],[101.92231178283691,-1.8134712472303391],[101.92428588867188,-1.8131280963979464],[101.92497253417969,-1.8134712472303391],[101.9253158569336,-1.8143291240265853],[101.92540168762207,-1.8162164515458699],[101.92497253417969,-1.817503264633416],[101.92488670349121,-1.8189616516906142],[101.92505836486816,-1.8199053132759815],[101.92548751831055,-1.8204200375689652],[101.92643165588379,-1.8203342501969928],[101.93012237548828,-1.818275352045788],[101.93132400512695,-1.818275352045788],[101.93183898925781,-1.8185327144431938],[101.93201065063477,-1.8189616516906142],[101.93140983581543,-1.8211063363976336],[101.9314956665039,-1.8217068476583194],[101.9326114654541,-1.8223931459968412],[101.93467140197754,-1.820763187015956],[101.93613052368164,-1.8210205490583462],[101.93913459777832,-1.820763187015956],[101.94007873535156,-1.8211063363976336],[101.94033622741699,-1.8215352730328362],[101.94007873535156,-1.8221357841505323],[101.93844795227051,-1.8219642095659054],[101.93784713745117,-1.8223073587188168],[101.93724632263184,-1.8249667624359631],[101.93750381469727,-1.8253956981511834],[101.93939208984375,-1.8244520394426473],[101.94153785705566,-1.8248809752806352],[101.94145202636719,-1.825481485281955],[101.94042205810547,-1.8265967176092914],[101.93973541259766,-1.8277977362645288],[101.93964958190918,-1.8282266713038666],[101.93990707397461,-1.8288271801867495],[101.94368362426758,-1.8307144925100403],[101.94531440734863,-1.8309718531274797],[101.94754600524902,-1.8308860662590973],[101.94849014282227,-1.8312292137079709],[101.94891929626465,-1.8320870820426478],[101.94780349731445,-1.8339743909324682],[101.9479751586914,-1.8350896179772604],[101.95029258728027,-1.8369769236992823],[101.95261001586914,-1.8383495084267025],[101.95406913757324,-1.839636305650174],[101.95501327514648,-1.83997945141968],[101.95544242858887,-1.8398936649835065],[101.9571590423584,-1.837920575812717],[101.95784568786621,-1.8378347892775366],[101.95818901062012,-1.8383495084267025],[101.9582748413086,-1.839636305650174],[101.95733070373535,-1.841094674714597],[101.9571590423584,-1.8418667519715939],[101.95741653442383,-1.8424672562735225],[101.95939064025879,-1.8439256230208656]]}},{"type":"Feature","id":"pmtiles:10/801/517:waterway:6369280890:0","properties":{"name":"Batang Selajo","name_int":"Batang Selajo","class":"river","name:latin":"Batang Selajo","name_de":"Batang Selajo","name_en":"Batang Selajo","waterway":"river","kind":"waterway","verification":"verified","source":"OpenMapTiles/OpenStreetMap national PMTiles","sourceId":"10/801/517:waterway:6369280890:0","sourceLayer":"waterway","archive":"https://its.hanifahseptiani45.workers.dev/v1/map/archive/indonesia.pmtiles","updatedAt":"2026-07-26T09:42:23.723Z"},"geometry":{"type":"LineString","coordinates":[[101.78455352783203,-1.8592812942882517],[101.78369522094727,-1.8584234390711885],[101.78326606750488,-1.8567935130107998],[101.78232192993164,-1.8551635854472437],[101.7824935913086,-1.8547346568913667],[101.78481101989746,-1.8521610833733746],[101.78498268127441,-1.8510458670210284],[101.78455352783203,-1.8503595796862555],[101.78446769714355,-1.8483007160889429],[101.78524017333984,-1.8474428555519324],[101.78532600402832,-1.8466707807144047],[101.78609848022461,-1.8459844916883412],[101.78661346435547,-1.8443545541897635],[101.78824424743652,-1.8424672562735225],[101.79064750671387,-1.8404083835387297],[101.79167747497559,-1.838263721912142],[101.79210662841797,-1.8380921488706718],[101.7934799194336,-1.8384352949371277],[101.7949390411377,-1.8380921488706718],[101.79631233215332,-1.8373200699800236],[101.79742813110352,-1.8356901245595196],[101.7982006072998,-1.8358616978316888],[101.80060386657715,-1.8353469779657843],[101.80163383483887,-1.8361190577090554],[101.80498123168945,-1.835432764620407],[101.80678367614746,-1.8373200699800236],[101.80832862854004,-1.837663216194855],[101.80892944335938,-1.8383495084267025],[101.80944442749023,-1.8398078785431693],[101.81073188781738,-1.8405799563574732],[101.81262016296387,-1.8422098973117755],[101.81330680847168,-1.8423814699570613],[101.81425094604492,-1.8421241109829225],[101.81510925292969,-1.8426388288940245],[101.8161392211914,-1.8427246151980796],[101.81708335876465,-1.8441829817346047],[101.81845664978027,-1.8446976990504282],[101.82060241699219,-1.8440971955008365],[101.82103157043457,-1.8432393329356245],[101.82137489318848,-1.8430677603729748],[101.82206153869629,-1.8431535466563673],[101.82291984558105,-1.8440114092629187],[101.82446479797363,-1.843496691748598],[101.82523727416992,-1.843496691748598],[101.8264389038086,-1.8449550576524985],[101.8271255493164,-1.8473570694754642],[101.82772636413574,-1.847785999816466],[101.82884216308594,-1.8471854973100363],[101.82918548583984,-1.846756566824041],[101.83030128479004,-1.8440971955008365],[101.83090209960938,-1.843410905481747],[101.83141708374023,-1.8435824780113137],[101.83313369750977,-1.8458129193904114],[101.83390617370605,-1.8458129193904114],[101.83459281921387,-1.8454697747449131],[101.83751106262207,-1.8427246151980796],[101.8388843536377,-1.8424672562735225],[101.84051513671875,-1.8416951792767264],[101.84231758117676,-1.8413520338374383],[101.84446334838867,-1.8398078785431693],[101.84540748596191,-1.8398078785431693],[101.84669494628906,-1.8402368107035016],[101.84755325317383,-1.8387784409376167],[101.85081481933594,-1.837920575812717],[101.85124397277832,-1.8381779353934604],[101.85201644897461,-1.8392073733454453],[101.8531322479248,-1.8417809656262278],[101.85416221618652,-1.8428104014979994],[101.85416221618652,-1.8431535466563673],[101.85270309448242,-1.843839836774677],[101.85253143310547,-1.8444403404111398],[101.85356140136719,-1.8457271332352576],[101.85356140136719,-1.8474428555519324],[101.85484886169434,-1.8487296462020026],[101.85733795166016,-1.8499306499671633],[101.85819625854492,-1.8499306499671633],[101.85956954956055,-1.8493301481861977],[101.86188697814941,-1.8500164359192866],[101.86360359191895,-1.8498448640108904],[101.86806678771973,-1.8501880078110702],[101.86901092529297,-1.8510458670210284],[101.87150001525879,-1.8513890105888038],[101.87244415283203,-1.8522468692175664],[101.8736457824707,-1.8526757983761826],[101.87484741210938,-1.8521610833733746],[101.87759399414062,-1.8519895116725422],[101.87828063964844,-1.8525900125527812],[101.87862396240234,-1.8532762990237757]]}},{"type":"Feature","id":"pmtiles:10/801/517:waterway:6369577030:0","properties":{"name":"Air Penetai","name_int":"Air Penetai","class":"river","name:latin":"Air Penetai","name_de":"Air Penetai","name_en":"Air Penetai","waterway":"river","kind":"waterway","verification":"verified","source":"OpenMapTiles/OpenStreetMap national PMTiles","sourceId":"10/801/517:waterway:6369577030:0","sourceLayer":"waterway","archive":"https://its.hanifahseptiani45.workers.dev/v1/map/archive/indonesia.pmtiles","updatedAt":"2026-07-26T09:42:23.724Z"},"geometry":{"type":"LineString","coordinates":[[101.63005828857422,-2.0654113705605255],[101.6304874420166,-2.0643820711018748],[101.6316032409668,-2.0646393960290226],[101.63271903991699,-2.0652398206970446],[101.63400650024414,-2.064210521127279],[101.63778305053711,-2.062237695089294],[101.6403579711914,-2.062409245276683],[101.64138793945312,-2.062066144883417],[101.6425895690918,-2.062495020363457],[101.64327621459961,-2.062151919988665],[101.64379119873047,-2.0629238957278915],[101.64413452148438,-2.0630954458412845],[101.64464950561523,-2.062838120664253],[101.64542198181152,-2.0615514941547843],[101.64619445800781,-2.060951068094411],[101.6466236114502,-2.060951068094411],[101.6469669342041,-2.062151919988665],[101.64791107177734,-2.061294168728068],[101.64851188659668,-2.0613799438749396],[101.64919853210449,-2.061036843259757],[101.65074348449707,-2.061036843259757],[101.65151596069336,-2.0603506418076165],[101.65185928344727,-2.059407114328195],[101.65177345275879,-2.0582920356776384],[101.65409088134766,-2.0559761006040844],[101.65452003479004,-2.0558903251664447],[101.6550350189209,-2.0565765285385993],[101.65597915649414,-2.056662303939376],[101.65597915649414,-2.0563192023086145],[101.65700912475586,-2.0562334268894062],[101.65735244750977,-2.0558045497241864],[101.65735244750977,-2.0551183460201514],[101.6576099395752,-2.054946795048039],[101.65838241577148,-2.0556329988258284],[101.6594123840332,-2.055461447909039],[101.65966987609863,-2.0558045497241864],[101.65975570678711,-2.0567480793355344],[101.66018486022949,-2.056919630114024],[101.66078567504883,-2.056662303939376],[101.66104316711426,-2.0553756724437164],[101.66172981262207,-2.0547752440575238],[101.66224479675293,-2.054946795048039],[101.6623306274414,-2.0552898969737896],[101.66190147399902,-2.0562334268894062],[101.66138648986816,-2.0565765285385993],[101.66130065917969,-2.0570911808740533],[101.66172981262207,-2.0571769562471474],[101.66241645812988,-2.056490753133218],[101.66336059570312,-2.057777383729686],[101.66378974914551,-2.057777383729686],[101.66464805603027,-2.0571769562471474],[101.66542053222656,-2.057262731615637],[101.6660213470459,-2.0579489343974586],[101.66662216186523,-2.059664440059805],[101.66722297668457,-2.059750215294457],[101.66773796081543,-2.05872091217401],[101.66799545288086,-2.0586351368839644],[101.66851043701172,-2.059492889576674],[101.6685962677002,-2.060436417005306],[101.66911125183105,-2.060522192198377],[101.66962623596191,-2.059492889576674],[101.67022705078125,-2.059492889576674],[101.67125701904297,-2.060007540970659],[101.6718578338623,-2.061036843259757],[101.67211532592773,-2.062151919988665],[101.67288780212402,-2.062237695089294],[101.67340278625488,-2.061637269287772],[101.6740894317627,-2.061294168728068],[101.67572021484375,-2.061637269287772],[101.67726516723633,-2.0630096707868972],[101.67803764343262,-2.0647251709954872],[101.67838096618652,-2.063695871092463],[101.67915344238281,-2.0630954458412845],[101.67889595031738,-2.061637269287772],[101.68052673339844,-2.059750215294457],[101.68095588684082,-2.059750215294457],[101.68129920959473,-2.0601790913983677],[101.6810417175293,-2.061294168728068],[101.68121337890625,-2.061637269287772],[101.68207168579102,-2.0615514941547843],[101.6828441619873,-2.0607795177498645],[101.68353080749512,-2.0615514941547843],[101.68456077575684,-2.0615514941547843],[101.68481826782227,-2.062237695089294],[101.68627738952637,-2.062151919988665],[101.68679237365723,-2.061723044416155],[101.68739318847656,-2.062151919988665],[101.68885231018066,-2.061894594659023],[101.69116973876953,-2.0623234701853193],[101.69159889221191,-2.0629238957278915],[101.6920280456543,-2.062838120664253],[101.69322967529297,-2.063352770976678],[101.69623374938965,-2.062237695089294],[101.69760704040527,-2.061036843259757],[101.69992446899414,-2.0612083935765924],[101.70164108276367,-2.0606937425706633],[101.70610427856445,-2.060951068094411],[101.7070484161377,-2.062237695089294],[101.70842170715332,-2.062838120664253],[101.70859336853027,-2.063781646109831],[101.70919418334961,-2.0647251709954872],[101.70893669128418,-2.0654113705605255],[101.70825004577637,-2.0656686953210084],[101.7085075378418,-2.0664406693523176],[101.70936584472656,-2.066526444221523],[101.71048164367676,-2.066097569829168],[101.71125411987305,-2.0654971454853097],[101.71219825744629,-2.0641247461330465],[101.71262741088867,-2.064038971134181],[101.71279907226562,-2.0642962961168934],[101.71211242675781,-2.066526444221523],[101.71245574951172,-2.0674699674769386],[101.71348571777344,-2.068585039691982],[101.71365737915039,-2.0703863085372234],[101.71339988708496,-2.0708151817701435],[101.71211242675781,-2.0715871532968464],[101.71159744262695,-2.07313109522147],[101.71279907226562,-2.0740746145451823],[101.71262741088867,-2.075618554042876],[101.71374320983887,-2.0778486862106007],[101.71451568603516,-2.0778486862106007],[101.71503067016602,-2.078963751113662],[101.71640396118164,-2.0793926220205066],[101.71666145324707,-2.081880070980887],[101.71700477600098,-2.082566263106898],[101.71880722045898,-2.082909359057851],[101.7198371887207,-2.0843675160156323],[101.72035217285156,-2.0844532899122754],[101.72078132629395,-2.0840244203823346],[101.72069549560547,-2.0835955507355806],[101.72009468078613,-2.0830809070053107],[101.72018051147461,-2.082394715103405],[101.7212963104248,-2.0817085229027015],[101.72215461730957,-2.081965845012988],[101.72198295593262,-2.0829951330339043],[101.72215461730957,-2.0835955507355806],[101.722412109375,-2.0835955507355806],[101.72309875488281,-2.082823585077122],[101.7235279083252,-2.082823585077122],[101.72464370727539,-2.0830809070053107],[101.72593116760254,-2.084195968208334],[101.72807693481445,-2.0844532899122754],[101.72859191894531,-2.085311028621618],[101.72876358032227,-2.08771269451978],[101.7293643951416,-2.08874197878157],[101.73056602478027,-2.08805578934863],[101.73073768615723,-2.0866834095839693],[101.73211097717285,-2.086168766863395],[101.73151016235352,-2.0844532899122754],[101.73254013061523,-2.0833382288914635],[101.7330551147461,-2.0831666809720417],[101.7348575592041,-2.0836813246742736],[101.7348575592041,-2.084281742114314],[101.73425674438477,-2.085396802466832],[101.73442840576172,-2.0864260882447496],[101.73511505126953,-2.0873695996160535],[101.73803329467773,-2.0896854887624414],[101.73949241638184,-2.091829827519277],[101.74086570739746,-2.0932022027855055],[101.74095153808594,-2.0938883899681286],[101.74060821533203,-2.09483189685362],[101.74060821533203,-2.0959469497128396],[101.74112319946289,-2.0968046821410695],[101.74223899841309,-2.0975766409245296],[101.74283981323242,-2.098777464941577],[101.74361228942871,-2.099120557348499],[101.74447059631348,-2.099206330438463],[101.74627304077148,-2.098520145586974],[101.74713134765625,-2.098777464941577],[101.74833297729492,-2.100836018253318],[101.74936294555664,-2.1010075642401915],[101.74859046936035,-2.1025514772740337],[101.75013542175293,-2.103838070302217],[101.74970626831055,-2.104781571181732],[101.75107955932617,-2.1052104350291216],[101.75185203552246,-2.106325480480038],[101.75322532653809,-2.1058966169395035],[101.75356864929199,-2.105124662269077],[101.75416946411133,-2.104781571181732],[101.75674438476562,-2.1052104350291216],[101.75743103027344,-2.105553526022078],[101.75871849060059,-2.104438480018871],[101.75966262817383,-2.1040953887805074],[101.76009178161621,-2.104438480018871],[101.76009178161621,-2.1076120703931878],[101.76077842712402,-2.1085555689871427],[101.76223754882812,-2.108898659243124],[101.76292419433594,-2.1088128866862235],[101.76369667053223,-2.108212478655517],[101.76455497741699,-2.1070974345554703],[101.76541328430176,-2.106925889238454],[101.76661491394043,-2.1074405251328443],[101.76661491394043,-2.1085555689871427],[101.7674732208252,-2.1099279295571307],[101.76807403564453,-2.109842157056974],[101.76858901977539,-2.1089844317953066],[101.76918983459473,-2.108898659243124],[101.76901817321777,-2.110442564458694],[101.76987648010254,-2.111300288916084],[101.76996231079102,-2.1121580129001103],[101.77133560180664,-2.1127584194071716],[101.77167892456055,-2.11327305337133],[101.77116394042969,-2.114388093041839],[101.77116394042969,-2.114731182010061]]}},{"type":"Feature","id":"pmtiles:10/801/517:waterway:6912660740:0","properties":{"name":"Batang Maliki","name_int":"Batang Maliki","class":"river","name:latin":"Batang Maliki","name_de":"Batang Maliki","name_en":"Batang Maliki","waterway":"river","kind":"waterway","verification":"verified","source":"OpenMapTiles/OpenStreetMap national PMTiles","sourceId":"10/801/517:waterway:6912660740:0","sourceLayer":"waterway","archive":"https://its.hanifahseptiani45.workers.dev/v1/map/archive/indonesia.pmtiles","updatedAt":"2026-07-26T09:42:23.724Z"},"geometry":{"type":"LineString","coordinates":[[101.89115524291992,-1.986324944499927],[101.89081192016602,-1.9846951405067585],[101.88943862915039,-1.9816928657884887],[101.88909530639648,-1.9801488366704234],[101.89064025878906,-1.9788621446397343],[101.89149856567383,-1.9790337036348546],[101.89338684082031,-1.9789479241395185],[101.89407348632812,-1.9792910420942604],[101.89407348632812,-1.978604806113779],[101.89518928527832,-1.9781759084817736],[101.89750671386719,-1.9780043493979065],[101.89810752868652,-1.9782616880170423],[101.89999580383301,-1.9783474675478772],[101.90128326416016,-1.9780043493979065],[101.90231323242188,-1.9780043493979065],[101.9033432006836,-1.9772323333010604],[101.90385818481445,-1.9776612311769952],[101.90445899963379,-1.9788621446397343],[101.90634727478027,-1.9787763651355164],[101.9091796875,-1.9805777337920176],[101.91407203674316,-1.9805777337920176],[101.91518783569336,-1.9810924101913656],[101.91621780395508,-1.9820359831748107],[101.9172477722168,-1.9820359831748107],[101.91819190979004,-1.9826364384297364],[101.920166015625,-1.9821217625102747],[101.92196846008301,-1.9828079970339871],[101.92368507385254,-1.9826364384297364],[101.92540168762207,-1.9820359831748107],[101.9271183013916,-1.9805777337920176],[101.92694664001465,-1.9792052626122398],[101.92746162414551,-1.978604806113779],[101.92840576171875,-1.9785190265962456],[101.92934989929199,-1.9776612311769952],[101.93063735961914,-1.9780043493979065],[101.93037986755371,-1.9762029779466417],[101.93140983581543,-1.9759456390083159],[101.93183898925781,-1.9750020625600229],[101.93218231201172,-1.975087842259299],[101.93338394165039,-1.9745731639972774],[101.93415641784668,-1.9758598593533492],[101.93535804748535,-1.976031418658863],[101.93621635437012,-1.9756025203618748],[101.93613052368164,-1.9753451813305105],[101.93510055541992,-1.9749162828563414],[101.93527221679688,-1.9742300450673724],[101.93613052368164,-1.9735438069951101],[101.93638801574707,-1.9735438069951101],[101.93655967712402,-1.9739727058234706],[101.93690299987793,-1.9739727058234706],[101.93681716918945,-1.972600229183314],[101.93861961364746,-1.9703699522283529],[101.9392204284668,-1.9702841722858153],[101.9406795501709,-1.971313531304773],[101.9410228729248,-1.9711419715124663],[101.94188117980957,-1.9686543525381381],[101.94162368774414,-1.9672818715145581],[101.94170951843262,-1.9663382901557185],[101.94188117980957,-1.9659951695293074],[101.9424819946289,-1.966595630579235],[101.94282531738281,-1.9664240703013007],[101.94239616394043,-1.9653089280648999],[101.94136619567871,-1.9647942467814943],[101.94128036499023,-1.9641937850837365],[101.9406795501709,-1.9633359822840077],[101.94059371948242,-1.9623923986958403],[101.94007873535156,-1.9619634968888136],[101.94033622741699,-1.9613630341742265],[101.94119453430176,-1.9613630341742265],[101.94153785705566,-1.9611056929448552],[101.94162368774414,-1.9592185227204908],[101.94231033325195,-1.9587038395629008],[101.94265365600586,-1.9587896201001485],[101.94394111633301,-1.9599905471603023],[101.94445610046387,-1.9599047666845593],[101.94488525390625,-1.9603336690192918],[101.94548606872559,-1.9601621080985723],[101.94608688354492,-1.9596474252309974],[101.94660186767578,-1.9596474252309974],[101.94780349731445,-1.9603336690192918],[101.94849014282227,-1.9611056929448552],[101.9490909576416,-1.9612772537688272],[101.95097923278809,-1.9611056929448552],[101.95192337036133,-1.9607625712441177],[101.9520092010498,-1.959733205719914],[101.9527816772461,-1.9592185227204908],[101.95286750793457,-1.9586180590212763],[101.95321083068848,-1.958360717370013],[101.95544242858887,-1.9593043032313773],[101.95647239685059,-1.9585322784752464],[101.95690155029297,-1.9590469616855302],[101.95741653442383,-1.9605052299224042],[101.95844650268555,-1.961534594971809],[101.95999145507812,-1.9612772537688272]]}},{"type":"Feature","id":"pmtiles:10/801/517:waterway:6912660912:0","properties":{"name":"Sungai Sebiang","name_int":"Sungai Sebiang","class":"river","name:latin":"Sungai Sebiang","name_de":"Sungai Sebiang","name_en":"Sungai Sebiang","waterway":"river","kind":"waterway","verification":"verified","source":"OpenMapTiles/OpenStreetMap national PMTiles","sourceId":"10/801/517:waterway:6912660912:0","sourceLayer":"waterway","archive":"https://its.hanifahseptiani45.workers.dev/v1/map/archive/indonesia.pmtiles","updatedAt":"2026-07-26T09:42:23.724Z"},"geometry":{"type":"LineString","coordinates":[[101.77279472351074,-1.7784695293263724],[101.7707347869873,-1.7777832144527395],[101.7689323425293,-1.776667952238867],[101.76498413085938,-1.7747805838816078],[101.76429748535156,-1.774180057182022],[101.7619800567627,-1.7710058413898793],[101.7594051361084,-1.7692042570343602],[101.75914764404297,-1.7674884607832695],[101.75768852233887,-1.7660300327231369],[101.75725936889648,-1.7643142335399773],[101.75665855407715,-1.7637137034518844],[101.75537109375,-1.7633705433145082],[101.7550277709961,-1.7630273831138652],[101.7550277709961,-1.7625984327741122],[101.75554275512695,-1.7618263219135173],[101.75468444824219,-1.759595777630068],[101.75511360168457,-1.7573652306789853],[101.75468444824219,-1.7569362790366938],[101.75374031066895,-1.7568504886964007],[101.75322532653809,-1.756164165832331],[101.75348281860352,-1.7555636331195075],[101.75459861755371,-1.7548773097828843],[101.75485610961914,-1.754190986194402],[101.7539119720459,-1.7524751761218198],[101.75434112548828,-1.7503304113205331]]}},{"type":"Feature","id":"pmtiles:10/801/517:waterway:6912661710:0","properties":{"name":"Air Liki","name_int":"Air Liki","class":"river","name:latin":"Air Liki","name_de":"Air Liki","name_en":"Air Liki","waterway":"river","kind":"waterway","verification":"verified","source":"OpenMapTiles/OpenStreetMap national PMTiles","sourceId":"10/801/517:waterway:6912661710:0","sourceLayer":"waterway","archive":"https://its.hanifahseptiani45.workers.dev/v1/map/archive/indonesia.pmtiles","updatedAt":"2026-07-26T09:42:23.724Z"},"geometry":{"type":"LineString","coordinates":[[101.68593406677246,-1.912896410161764],[101.68679237365723,-1.9122959300546825],[101.68825149536133,-1.9120385813730252],[101.68876647949219,-1.9101513565288712],[101.69039726257324,-1.9090361772372688],[101.69245719909668,-1.9082641296115668],[101.6934871673584,-1.9073205153761137],[101.6952896118164,-1.9069773827985301],[101.69829368591309,-1.905433285352899],[101.69855117797852,-1.9045754528403904],[101.69795036315918,-1.9035460532616497],[101.69795036315918,-1.90311713658906],[101.69940948486328,-1.9020019527411165],[101.70026779174805,-1.9018303859312908],[101.70275688171387,-1.9019161693383353],[101.70533180236816,-1.9014872522604662],[101.70679092407227,-1.9018303859312908],[101.70782089233398,-1.901573035684578],[101.70825004577637,-1.901744602519969],[101.70902252197266,-1.9028597865343073],[101.71048164367676,-1.9028597865343073],[101.71185493469238,-1.9038034032139706],[101.71262741088867,-1.903631836583358],[101.71382904052734,-1.9022593029238664],[101.71442985534668,-1.9020019527411165],[101.71563148498535,-1.9025166530682185],[101.71769142150879,-1.9020877361396344],[101.71863555908203,-1.9038034032139706],[101.7194938659668,-1.9039749698275017],[101.72060966491699,-1.9022593029238664],[101.72232627868652,-1.9011441185214153],[101.7227554321289,-1.9014872522604662],[101.72292709350586,-1.902602436441157],[101.72327041625977,-1.9028597865343073],[101.72412872314453,-1.9014872522604662],[101.72438621520996,-1.8993426652725844],[101.72490119934082,-1.8990853146550961],[101.72661781311035,-1.8992568817376707],[101.72704696655273,-1.8989995311074068],[101.72704696655273,-1.8983132625726853],[101.7264461517334,-1.897369642892599],[101.72661781311035,-1.8969407246859902],[101.72781944274902,-1.8971122919814007],[101.72876358032227,-1.897884344600115],[101.72953605651855,-1.8972838592597867],[101.73056602478027,-1.897712777381301],[101.73142433166504,-1.8971980756227254],[101.73159599304199,-1.8983132625726853],[101.7319393157959,-1.8983990461544238],[101.73219680786133,-1.8982274789866693],[101.73236846923828,-1.8965975900441379],[101.73262596130371,-1.8963402390180875],[101.7330551147461,-1.8963402390180875],[101.73322677612305,-1.8966833737109852],[101.73279762268066,-1.8983132625726853],[101.73434257507324,-1.8990853146550961],[101.73502922058105,-1.9006294177849412],[101.7374324798584,-1.902774003174187],[101.73768997192383,-1.9038034032139706],[101.73906326293945,-1.9049185858966666],[101.74120903015137,-1.905004369150035],[101.74163818359375,-1.9052617188845602],[101.74163818359375,-1.9068058164840807],[101.74052238464355,-1.908349912698199],[101.74043655395508,-1.9089503941848562],[101.74086570739746,-1.9095508754617754],[101.74232482910156,-1.909293526368785],[101.74275398254395,-1.9095508754617754],[101.74275398254395,-1.911266535096587],[101.74206733703613,-1.9130679758680316],[101.74301147460938,-1.91401158694579],[101.7432689666748,-1.914869414747642],[101.74386978149414,-1.915469893953457],[101.74447059631348,-1.9174428955760732],[101.7440414428711,-1.9195016774528426],[101.7440414428711,-1.920531067461667],[101.74507141113281,-1.9208741973268246],[101.74541473388672,-1.9213888919953064],[101.7458438873291,-1.922932975069969],[101.74738883972168,-1.9252490970621068],[101.74764633178711,-1.9260211370269644],[101.74859046936035,-1.92593535482591],[101.75193786621094,-1.9264500479673927],[101.75296783447266,-1.9273936516561463],[101.7527961730957,-1.9289377292914196],[101.75416946411133,-1.930310241568506],[101.75674438476562,-1.9311680611790365],[101.75820350646973,-1.9341704264044068],[101.75871849060059,-1.9344277717480338],[101.75880432128906,-1.9347708988121752],[101.75837516784668,-1.9355429344526556],[101.75889015197754,-1.936400751418617],[101.75880432128906,-1.9375159128252193],[101.75897598266602,-1.9381163840477456],[101.75983428955078,-1.9388026366127349],[101.76000595092773,-1.9394031073788511],[101.75914764404297,-1.940861392637828],[101.76000595092773,-1.9418049883117163],[101.7612075805664,-1.9420623324949702],[101.76163673400879,-1.9428343648095847],[101.76275253295898,-1.9430059274982625],[101.76266670227051,-1.9442926471076305],[101.76403999328613,-1.9448931159230085],[101.76395416259766,-1.945407803308953],[101.76446914672852,-1.9465229587730448],[101.76472663879395,-1.9466087399320458],[101.76567077636719,-1.9458367093439506],[101.76609992980957,-1.9459224905378534],[101.7660140991211,-1.9466945210866697],[101.76627159118652,-1.9474665512819058],[101.76764488220215,-1.9486674864380262]]}},{"type":"Feature","id":"pmtiles:10/801/517:waterway:6912661772:0","properties":{"name_int":"Orang River","name_de":"Sungai Orang","name":"Sungai Orang","name:id":"Sungai Orang","name:en":"Orang River","class":"river","name:latin":"Sungai Orang","name_en":"Orang River","waterway":"river","kind":"waterway","verification":"verified","source":"OpenMapTiles/OpenStreetMap national PMTiles","sourceId":"10/801/517:waterway:6912661772:0","sourceLayer":"waterway","archive":"https://its.hanifahseptiani45.workers.dev/v1/map/archive/indonesia.pmtiles","updatedAt":"2026-07-26T09:42:23.724Z"},"geometry":{"type":"LineString","coordinates":[[101.65675163269043,-1.955272614473671],[101.65881156921387,-1.9557015179937167],[101.66044235229492,-1.956816666632676],[101.6623306274414,-1.957417130977305],[101.66353225708008,-1.9572455697579159],[101.66430473327637,-1.9567308859944603],[101.66507720947266,-1.9561304214041115],[101.66550636291504,-1.955272614473671],[101.66593551635742,-1.95492949157871],[101.66756629943848,-1.9546721493614712],[101.67031288146973,-1.9559588600531157],[101.67211532592773,-1.955529956598852],[101.67426109313965,-1.9557015179937167],[101.67614936828613,-1.955358395186451],[101.67692184448242,-1.9557872986845695],[101.67795181274414,-1.9575029115804057],[101.67915344238281,-1.9575886921791152],[101.6799259185791,-1.958360717370013],[101.68232917785645,-1.9592185227204908],[101.68584823608398,-1.958961181161456],[101.68670654296875,-1.9582749368108239],[101.68850898742676,-1.9584464979248253],[101.69039726257324,-1.9582749368108239],[101.69159889221191,-1.9592185227204908],[101.69297218322754,-1.959132742205199],[101.69340133666992,-1.9602478885611418],[101.69443130493164,-1.9603336690192918],[101.69726371765137,-1.959132742205199],[101.69863700866699,-1.9587896201001485],[101.69949531555176,-1.958875400633005],[101.70061111450195,-1.9593900837378726],[101.70112609863281,-1.9593043032313773],[101.70370101928711,-1.9575886921791152],[101.70541763305664,-1.9573313503697989],[101.70644760131836,-1.9567308859944603],[101.70833587646484,-1.9543290263437854],[101.70902252197266,-1.9522702867656392],[101.71185493469238,-1.950468887566231],[101.7125415802002,-1.949182172671371],[101.71262741088867,-1.9473807701665748],[101.71305656433105,-1.9469518645243795],[101.7140007019043,-1.9470376456615526],[101.71520233154297,-1.9476381134994796],[101.71606063842773,-1.947552332392874],[101.7169189453125,-1.9481528000473816],[101.71854972839355,-1.9486674864380262],[101.7198371887207,-1.9486674864380262],[101.72052383422852,-1.9490106106110687],[101.72121047973633,-1.9488390485332872],[101.72181129455566,-1.948067018966995],[101.722412109375,-1.9477238946017081],[101.72524452209473,-1.9478096756995882],[101.7264461517334,-1.9486674864380262],[101.72704696655273,-1.9478954567931055],[101.72747611999512,-1.9477238946017081],[101.72842025756836,-1.9481528000473816],[101.72970771789551,-1.9478954567931055],[101.73065185546875,-1.9483243621950805],[101.73245429992676,-1.948495924325286],[101.73460006713867,-1.9492679536949709],[101.73545837402344,-1.9490106106110687],[101.73691749572754,-1.948067018966995],[101.7385482788086,-1.948067018966995],[101.74009323120117,-1.9474665512819058],[101.74086570739746,-1.9476381134994796],[101.74103736877441,-1.946780302236931],[101.74198150634766,-1.947552332392874],[101.74283981323242,-1.947552332392874],[101.7432689666748,-1.9472092079227963],[101.74301147460938,-1.9460940529125992],[101.74318313598633,-1.9456651469430284],[101.74532890319824,-1.9454935845246837],[101.7455005645752,-1.9456651469430284],[101.7455005645752,-1.9466087399320458],[101.74644470214844,-1.9471234267943487],[101.74644470214844,-1.947294989046867],[101.74610137939453,-1.9477238946017081],[101.74498558044434,-1.9483243621950805],[101.74498558044434,-1.9489248295743522],[101.7455005645752,-1.9494395157290256],[101.74850463867188,-1.9496968587473589],[101.7487621307373,-1.9511551351078253],[101.74962043762207,-1.9518413823693948],[101.75047874450684,-1.9517556014770037],[101.75142288208008,-1.9507262304271364],[101.75185203552246,-1.9506404494778593],[101.75322532653809,-1.9509835732486636],[101.75451278686523,-1.9522702867656392],[101.75519943237305,-1.9522702867656392],[101.75605773925781,-1.9526991910524458],[101.75674438476562,-1.9524418484934927],[101.75717353820801,-1.9529565335719923],[101.75803184509277,-1.9523560676317544],[101.75837516784668,-1.9508977923125315],[101.75931930541992,-1.9516698205802498],[101.76000595092773,-1.9513266969494651],[101.76017761230469,-1.9502115446659616],[101.7597484588623,-1.9487532674878452],[101.76043510437012,-1.948495924325286],[101.76180839538574,-1.9490963916434083],[101.76275253295898,-1.9497826397447113],[101.76335334777832,-1.9490963916434083],[101.76412582397461,-1.9490963916434083],[101.76464080810547,-1.950468887566231],[101.76687240600586,-1.9511551351078253],[101.76695823669434,-1.9517556014770037],[101.76652908325195,-1.952184505895147]]}},{"type":"Feature","id":"pmtiles:10/801/517:waterway:6912661890:0","properties":{"name":"Batang Kemumun","name_int":"Batang Kemumun","class":"river","name:latin":"Batang Kemumun","name_de":"Batang Kemumun","name_en":"Batang Kemumun","waterway":"river","kind":"waterway","verification":"verified","source":"OpenMapTiles/OpenStreetMap national PMTiles","sourceId":"10/801/517:waterway:6912661890:0","sourceLayer":"waterway","archive":"https://its.hanifahseptiani45.workers.dev/v1/map/archive/indonesia.pmtiles","updatedAt":"2026-07-26T09:42:23.724Z"},"geometry":{"type":"LineString","coordinates":[[101.78129196166992,-1.7839600391179147],[101.78309440612793,-1.7850752969185493],[101.78584098815918,-1.7842174063626857],[101.78669929504395,-1.7832737262890959],[101.78901672363281,-1.782244256566031],[101.79047584533691,-1.7796705797409942],[101.79116249084473,-1.77889847599279],[101.79133415222168,-1.7781263719214593],[101.79202079772949,-1.777697425075587],[101.79210662841797,-1.7772684781300256],[101.79184913635254,-1.7764105839400202],[101.79056167602539,-1.775295320897456],[101.7897891998291,-1.774180057182022],[101.78953170776367,-1.7720353173781547],[101.78807258605957,-1.7710916310774252],[101.7879867553711,-1.769375836572209],[101.788330078125,-1.7682605692925648],[101.78669929504395,-1.767059511472695],[101.78652763366699,-1.766458982271459],[101.78524017333984,-1.7648289734611922],[101.78455352783203,-1.7619979021324355],[101.78378105163574,-1.7610542107328797],[101.78386688232422,-1.7597673580543187],[101.78455352783203,-1.7581373433867924],[101.78403854370117,-1.755392052308963],[101.78455352783203,-1.753333081354711],[101.78326606750488,-1.7499872487245653]]}},{"type":"Feature","id":"pmtiles:10/801/517:waterway:6912661932:0","properties":{"name":"Air Pelepat","name_int":"Air Pelepat","class":"river","name:latin":"Air Pelepat","name_de":"Air Pelepat","name_en":"Air Pelepat","waterway":"river","kind":"waterway","verification":"verified","source":"OpenMapTiles/OpenStreetMap national PMTiles","sourceId":"10/801/517:waterway:6912661932:0","sourceLayer":"waterway","archive":"https://its.hanifahseptiani45.workers.dev/v1/map/archive/indonesia.pmtiles","updatedAt":"2026-07-26T09:42:23.724Z"},"geometry":{"type":"LineString","coordinates":[[101.69022560119629,-1.8204200375689652],[101.6920280456543,-1.8203342501969928],[101.69305801391602,-1.8194763762529362],[101.6938304901123,-1.8191332265610498],[101.6946029663086,-1.8210205490583462],[101.69511795043945,-1.8214494857139556],[101.69546127319336,-1.8211921237328283],[101.69537544250488,-1.8204200375689652],[101.6960620880127,-1.820248462820956],[101.6960620880127,-1.8196479510744012],[101.69649124145508,-1.819562163665708],[101.69674873352051,-1.8199053132759815],[101.69649124145508,-1.820763187015956],[101.69743537902832,-1.8205916123006318],[101.69777870178223,-1.8211921237328283],[101.69880867004395,-1.8208489743675074],[101.700439453125,-1.8211063363976336],[101.70061111450195,-1.8213636983909964],[101.70035362243652,-1.8223073587188168],[101.70052528381348,-1.822564720540612],[101.70172691345215,-1.8217068476583194],[101.70241355895996,-1.8217068476583194],[101.70361518859863,-1.8230794440737839],[101.70361518859863,-1.8235083802390193],[101.70310020446777,-1.824366252262763],[101.70327186584473,-1.8248809752806352],[101.70413017272949,-1.8248809752806352],[101.7048168182373,-1.8240231035023555],[101.7055892944336,-1.8241088906985965],[101.70644760131836,-1.8238515290976096],[101.70670509338379,-1.8245378266184247],[101.70601844787598,-1.8252241238773905],[101.70773506164551,-1.826510930531768],[101.70773506164551,-1.8278835232805903],[101.70867919921875,-1.8285698192615598],[101.70953750610352,-1.8297708365966514],[101.71091079711914,-1.8300281973495487],[101.71048164367676,-1.8309718531274797],[101.70962333679199,-1.8320012952276699],[101.70962333679199,-1.8323444424629542],[101.71022415161133,-1.8328591631925946],[101.71468734741211,-1.8339743909324682],[101.71528816223145,-1.8344891111933919],[101.71640396118164,-1.8361190577090554],[101.71872138977051,-1.836204844326602],[101.71915054321289,-1.8374058565399167],[101.72060966491699,-1.837663216194855],[101.722412109375,-1.8392073733454453],[101.72335624694824,-1.839378946279723],[101.72318458557129,-1.8406657427606632],[101.72404289245605,-1.8405799563574732],[101.7238712310791,-1.8395505191974735],[101.72404289245605,-1.8391215868721247],[101.72447204589844,-1.8391215868721247],[101.7253303527832,-1.8397220920987252],[101.72601699829102,-1.8398936649835065],[101.72945022583008,-1.8377490027382635],[101.73022270202637,-1.8383495084267025],[101.73108100891113,-1.838006362343748],[101.73331260681152,-1.838263721912142],[101.7333984375,-1.838864227427436],[101.73296928405762,-1.8403225971231905],[101.73365592956543,-1.8409231019454069],[101.73365592956543,-1.8414378202034527]]}},{"type":"Feature","id":"pmtiles:10/801/517:waterway:6912662072:0","properties":{"name":"Batang Telentam","name_int":"Batang Telentam","class":"river","name:latin":"Batang Telentam","name_de":"Batang Telentam","name_en":"Batang Telentam","waterway":"river","kind":"waterway","verification":"verified","source":"OpenMapTiles/OpenStreetMap national PMTiles","sourceId":"10/801/517:waterway:6912662072:0","sourceLayer":"waterway","archive":"https://its.hanifahseptiani45.workers.dev/v1/map/archive/indonesia.pmtiles","updatedAt":"2026-07-26T09:42:23.724Z"},"geometry":{"type":"LineString","coordinates":[[101.79794311523438,-1.8902495869085527],[101.79940223693848,-1.890335370889602],[101.80214881896973,-1.8890486107289064],[101.8044662475586,-1.8884481223276737],[101.80541038513184,-1.8878476337189483],[101.80729866027832,-1.8874187131571603],[101.8088436126709,-1.886646655879261],[101.81073188781738,-1.8871613607692694],[101.81339263916016,-1.8873329290320981],[101.81528091430664,-1.8877618496150603],[101.81596755981445,-1.888019201914048],[101.81674003601074,-1.8891343947692718],[101.81734085083008,-1.8894775308884135],[101.82025909423828,-1.8893917468649875],[101.82137489318848,-1.891107426528265],[101.82317733764648,-1.8918794818234232],[101.82394981384277,-1.89376672665351],[101.82463645935059,-1.894195645646505],[101.82618141174316,-1.8945387807644352],[101.82686805725098,-1.8964260226976961],[101.82686805725098,-1.8983990461544238],[101.82721138000488,-1.899514232329608],[101.82738304138184,-1.8997715828832185],[101.8282413482666,-1.900028933398474],[101.82867050170898,-1.9007152012516713],[101.8308162689209,-1.9021735195338891],[101.83459281921387,-1.9037176199007888],[101.83639526367188,-1.9038034032139706],[101.83819770812988,-1.9032887032709027],[101.8418025970459,-1.9038034032139706],[101.84223175048828,-1.9042323197157884],[101.84266090393066,-1.9052617188845602],[101.84403419494629,-1.9065484669803396],[101.84557914733887,-1.9068915996434441],[101.84643745422363,-1.9077494310018324],[101.84866905212402,-1.9082641296115668],[101.85081481933594,-1.910751837386087],[101.85381889343262,-1.9113523180333232],[101.85613632202148,-1.911266535096587],[101.86162948608398,-1.915469893953457],[101.8623161315918,-1.915555676679972],[101.86351776123047,-1.9151267630044657],[101.865234375,-1.9150409802564923],[101.86643600463867,-1.913840021333911],[101.86695098876953,-1.9136684557048653],[101.8678092956543,-1.9139258041419822],[101.86832427978516,-1.9129821930170436],[101.86952590942383,-1.9120385813730252],[101.87081336975098,-1.9123817129399896],[101.87167167663574,-1.9132395415571466],[101.87235832214355,-1.9130679758680316],[101.87295913696289,-1.9123817129399896],[101.87338829040527,-1.9126390615701752],[101.87373161315918,-1.9134111072291091],[101.87544822692871,-1.913582672883905],[101.87596321105957,-1.9134968900586529],[101.87630653381348,-1.912896410161764],[101.87673568725586,-1.9126390615701752],[101.87750816345215,-1.9127248444383298],[101.87810897827148,-1.913582672883905],[101.87991142272949,-1.912896410161764],[101.88385963439941,-1.912467495821005],[101.8846321105957,-1.913754238521534],[101.8860912322998,-1.914526283678427],[101.88643455505371,-1.914955197504213],[101.88858032226562,-1.9150409802564923],[101.89029693603516,-1.917614460827096],[101.89347267150879,-1.9192443298537682],[101.89450263977051,-1.9204452849846092],[101.89484596252441,-1.9203595025032598],[101.8952751159668,-1.919072764766213],[101.89613342285156,-1.9189869822159835],[101.89724922180176,-1.9193301123910942],[101.89759254455566,-1.9201021550333337],[101.89879417419434,-1.9212173271230455]]}},{"type":"Feature","id":"pmtiles:10/801/517:waterway:6912662212:0","properties":{"name":"Sungai Inum","name_int":"Sungai Inum","class":"river","name:latin":"Sungai Inum","name_de":"Sungai Inum","name_en":"Sungai Inum","waterway":"river","kind":"waterway","verification":"verified","source":"OpenMapTiles/OpenStreetMap national PMTiles","sourceId":"10/801/517:waterway:6912662212:0","sourceLayer":"waterway","archive":"https://its.hanifahseptiani45.workers.dev/v1/map/archive/indonesia.pmtiles","updatedAt":"2026-07-26T09:42:23.724Z"},"geometry":{"type":"LineString","coordinates":[[101.90171241760254,-1.829341901926412],[101.90231323242188,-1.8303713449626287],[101.90317153930664,-1.830285558065512],[101.90437316894531,-1.8308002793866223],[101.90523147583008,-1.8319155084085708],[101.90600395202637,-1.8324302292614902],[101.90797805786133,-1.8325160160559335],[101.90823554992676,-1.8327733764145933],[101.90866470336914,-1.8327733764145933],[101.91003799438477,-1.8320870820426478],[101.91072463989258,-1.8314865742514996],[101.91106796264648,-1.8325160160559335],[101.91149711608887,-1.8328591631925946],[101.91390037536621,-1.8324302292614902],[101.91527366638184,-1.8334596705234816],[101.91621780395508,-1.8326018028462698],[101.91664695739746,-1.8325160160559335],[101.9172477722168,-1.833288097020926],[101.91913604736328,-1.8337170307464703],[101.91973686218262,-1.8352611913070689],[101.91999435424805,-1.835432764620407],[101.92188262939453,-1.8356043379172462],[101.92351341247559,-1.8364622041545715],[101.92402839660645,-1.8361190577090554],[101.9245433807373,-1.8366337773526027],[101.92523002624512,-1.8365479907556477],[101.92557334899902,-1.8367195639454508],[101.92591667175293,-1.8362906309400415],[101.92591667175293,-1.8371484968478882],[101.92505836486816,-1.838263721912142],[101.9253158569336,-1.8385210814434316],[101.92617416381836,-1.8385210814434316],[101.92574501037598,-1.8391215868721247],[101.92514419555664,-1.8390358003946972],[101.92540168762207,-1.839378946279723],[101.92523002624512,-1.8398936649835065],[101.92548751831055,-1.8402368107035016],[101.92643165588379,-1.8403225971231905],[101.9271183013916,-1.8406657427606632],[101.92814826965332,-1.8403225971231905],[101.92874908447266,-1.8404941699501762],[101.92986488342285,-1.8403225971231905],[101.93037986755371,-1.8405799563574732],[101.93106651306152,-1.8403225971231905],[101.93132400512695,-1.8406657427606632],[101.93243980407715,-1.8411804610930176],[101.9326114654541,-1.8420383246499483],[101.93312644958496,-1.8420383246499483],[101.93346977233887,-1.8423814699570613],[101.93424224853516,-1.842295683636479],[101.93484306335449,-1.8431535466563673],[101.93544387817383,-1.8432393329356245],[101.93501472473145,-1.8440114092629187],[101.93535804748535,-1.844783485255249],[101.93621635437012,-1.8443545541897635],[101.93767547607422,-1.8453839885731895],[101.93827629089355,-1.8455555609125014],[101.93896293640137,-1.845212416217322],[101.93879127502441,-1.8448692714559485],[101.93973541259766,-1.843839836774677],[101.94033622741699,-1.8440971955008365],[101.94170951843262,-1.8437540505243675],[101.94188117980957,-1.843410905481747],[101.94170951843262,-1.842295683636479],[101.94291114807129,-1.841094674714597],[101.9435977935791,-1.8411804610930176],[101.94488525390625,-1.8421241109829225],[101.94522857666016,-1.842981974085447],[101.94608688354492,-1.843410905481747],[101.94634437561035,-1.8417809656262278],[101.94677352905273,-1.8412662474672885],[101.94857597351074,-1.8406657427606632],[101.94900512695312,-1.8411804610930176],[101.95029258728027,-1.8411804610930176],[101.9516658782959,-1.8417809656262278],[101.95243835449219,-1.83997945141968],[101.95295333862305,-1.8397220920987252],[101.95406913757324,-1.839636305650174]]}},{"type":"Feature","id":"pmtiles:10/801/517:waterway:6976583402:0","properties":{"name":"Batang Tekulak","name_int":"Batang Tekulak","class":"river","name:latin":"Batang Tekulak","name_de":"Batang Tekulak","name_en":"Batang Tekulak","waterway":"river","kind":"waterway","verification":"verified","source":"OpenMapTiles/OpenStreetMap national PMTiles","sourceId":"10/801/517:waterway:6976583402:0","sourceLayer":"waterway","archive":"https://its.hanifahseptiani45.workers.dev/v1/map/archive/indonesia.pmtiles","updatedAt":"2026-07-26T09:42:23.725Z"},"geometry":{"type":"LineString","coordinates":[[101.78232192993164,-1.7938257576879266],[101.78343772888184,-1.7947694323331405],[101.78438186645508,-1.7944262779730167],[101.78463935852051,-1.7949410094890368],[101.78463935852051,-1.7958846835586257],[101.78506851196289,-1.7957988950269765],[101.78506851196289,-1.7952841637525268],[101.78549766540527,-1.7951125866288322],[101.78704261779785,-1.796656780162209],[101.78790092468262,-1.7969999341034821],[101.78841590881348,-1.7961420491294149],[101.78824424743652,-1.7940831235485462],[101.78841590881348,-1.793739969059672],[101.78910255432129,-1.793739969059672],[101.79030418395996,-1.794597855161129],[101.79081916809082,-1.794597855161129],[101.79099082946777,-1.79365418042741],[101.79150581359863,-1.7928820825559626],[101.79176330566406,-1.7928820825559626],[101.79202079772949,-1.7931394485492973],[101.79219245910645,-1.7941689121606998],[101.79253578186035,-1.7942547007688319],[101.79339408874512,-1.793739969059672],[101.7938232421875,-1.7943404893729422],[101.7941665649414,-1.7944262779730167],[101.79433822631836,-1.7933968145064512],[101.79365158081055,-1.792538927841889],[101.79365158081055,-1.792195773063483],[101.79768562316895,-1.790136843043058],[101.79888725280762,-1.7899652654369334],[101.80034637451172,-1.790222631840095],[101.80232048034668,-1.7893647436890774],[101.80257797241211,-1.78893579946309],[101.80257797241211,-1.7877347550967784],[101.80386543273926,-1.7867910768290898],[101.80489540100098,-1.7867052878716265],[101.80549621582031,-1.7870484436774632],[101.8051528930664,-1.7879063329115183],[101.80541038513184,-1.7882494884928661],[101.8077278137207,-1.7890215883163023],[101.80824279785156,-1.7893647436890774],[101.80858612060547,-1.790222631840095],[101.81253433227539,-1.7916810407753019],[101.81330680847168,-1.792538927841889],[101.81571006774902,-1.7927962938834696],[101.81656837463379,-1.7934826031507924],[101.81905746459961,-1.7941689121606998],[101.82008743286133,-1.7951125866288322],[101.82231903076172,-1.7964852031673928],[101.82300567626953,-1.7965709916668118],[101.82412147521973,-1.796227837644949],[101.82497978210449,-1.7967425686535847],[101.8264389038086,-1.7970857225787285],[101.82764053344727,-1.797772030235592],[101.82927131652832,-1.797772030235592],[101.8297004699707,-1.7987157028424576],[101.82978630065918,-1.8012035646475226],[101.83038711547852,-1.801889870754735],[101.832275390625,-1.8014609294680355],[101.83433532714844,-1.8024903883864027],[101.83510780334473,-1.8026619648162097],[101.83545112609863,-1.8010319880803252],[101.8377685546875,-1.8002598933280183],[101.83871269226074,-1.8017182942521686],[101.84025764465332,-1.8020614472411296],[101.84094429016113,-1.8023188119404239],[101.84103012084961,-1.8025761766033241]]}},{"type":"Feature","id":"pmtiles:10/801/517:waterway:8733431470:0","properties":{"name":"Sungai Maliki Kecil","name_int":"Sungai Maliki Kecil","class":"river","name:latin":"Sungai Maliki Kecil","name_de":"Sungai Maliki Kecil","name_en":"Sungai Maliki Kecil","waterway":"river","kind":"waterway","verification":"verified","source":"OpenMapTiles/OpenStreetMap national PMTiles","sourceId":"10/801/517:waterway:8733431470:0","sourceLayer":"waterway","archive":"https://its.hanifahseptiani45.workers.dev/v1/map/archive/indonesia.pmtiles","updatedAt":"2026-07-26T09:42:23.725Z"},"geometry":{"type":"LineString","coordinates":[[101.91098213195801,-1.962735520062239],[101.9120979309082,-1.9625639593878361],[101.91407203674316,-1.961534594971809],[101.91424369812012,-1.9608483516758923],[101.91458702087402,-1.9607625712441177],[101.91458702087402,-1.9593043032313773],[101.91493034362793,-1.9586180590212763],[101.91638946533203,-1.9586180590212763],[101.9175910949707,-1.958961181161456],[101.91733360290527,-1.9581033756792294],[101.91767692565918,-1.957674472773462],[101.91776275634766,-1.9579318145300846],[101.9198226928711,-1.958875400633005],[101.91990852355957,-1.9593900837378726],[101.9205093383789,-1.9595616447376756],[101.92076683044434,-1.9599047666845593],[101.92102432250977,-1.9599047666845593],[101.92136764526367,-1.9592185227204908],[101.92188262939453,-1.958961181161456],[101.92239761352539,-1.9595616447376756],[101.92342758178711,-1.9599905471603023],[101.92411422729492,-1.9613630341742265],[101.92548751831055,-1.9616203753639923],[101.92668914794922,-1.9628213003928465],[101.9271183013916,-1.9629928610408314],[101.9285774230957,-1.9629070807190487],[101.93218231201172,-1.964536906080312],[101.93278312683105,-1.9649658072269176],[101.93381309509277,-1.9664240703013007],[101.93527221679688,-1.9675392117925128],[101.93604469299316,-1.969340592626196],[101.93724632263184,-1.9695121526040538],[101.93861961364746,-1.969340592626196],[101.93879127502441,-1.9695979325863675],[101.93964958190918,-1.9698552725067913],[101.93982124328613,-1.970627292029505]]}},{"type":"Feature","id":"pmtiles:10/801/517:waterway:9248109272:0","properties":{"name":"Sungai Semantuk","name_int":"Sungai Semantuk","class":"river","name:latin":"Sungai Semantuk","name_de":"Sungai Semantuk","name_en":"Sungai Semantuk","waterway":"river","kind":"waterway","verification":"verified","source":"OpenMapTiles/OpenStreetMap national PMTiles","sourceId":"10/801/517:waterway:9248109272:0","sourceLayer":"waterway","archive":"https://its.hanifahseptiani45.workers.dev/v1/map/archive/indonesia.pmtiles","updatedAt":"2026-07-26T09:42:23.725Z"},"geometry":{"type":"LineString","coordinates":[[101.86703681945801,-2.062066144883417],[101.86978340148926,-2.05914978855499],[101.87150001525879,-2.058377810986144],[101.8733024597168,-2.0582920356776384],[101.87604904174805,-2.0586351368839644],[101.8805980682373,-2.0581204850467856],[101.8828296661377,-2.0568338547270884],[101.88411712646484,-2.0568338547270884],[101.88506126403809,-2.0563192023086145],[101.88660621643066,-2.0560618760371483],[101.88806533813477,-2.0560618760371483],[101.88823699951172,-2.0570054054963407],[101.88961029052734,-2.056662303939376],[101.89038276672363,-2.057691608388879],[101.8915843963623,-2.0579489343974586],[101.89192771911621,-2.057691608388879],[101.8915843963623,-2.0573485069795083],[101.89175605773926,-2.056919630114024],[101.89209938049316,-2.056490753133218],[101.89278602600098,-2.0563192023086145],[101.89433097839355,-2.0570054054963407],[101.89476013183594,-2.057777383729686],[101.89510345458984,-2.057262731615637],[101.89484596252441,-2.0561476514655794],[101.89587593078613,-2.054603693048577],[101.89699172973633,-2.0544321420211844],[101.89759254455566,-2.0535743866079486],[101.89896583557129,-2.0533170598941837],[101.89913749694824,-2.0530597331389657],[101.89879417419434,-2.0528024063423516],[101.89888000488281,-2.052373528255899],[101.89922332763672,-2.052373528255899],[101.89982414245605,-2.052973957544694],[101.90274238586426,-2.051944650054409],[101.90317153930664,-2.0520304257039044],[101.90360069274902,-2.052973957544694],[101.90394401550293,-2.0532312843137106],[101.90420150756836,-2.052888181945832],[101.90608978271484,-2.05220197698911],[101.9066047668457,-2.0514299960608184],[101.90780639648438,-2.051687323078312],[101.90875053405762,-2.0511726690019145],[101.90969467163086,-2.0514299960608184],[101.90995216369629,-2.0527166307342526],[101.91055297851562,-2.051258444692806],[101.91149711608887,-2.050743790478421],[101.91201210021973,-2.0510011176063045],[101.91235542297363,-2.05082956619232],[101.91226959228516,-2.04971448155311],[101.91261291503906,-2.049542930001195],[101.91287040710449,-2.0486851719659853],[101.91372871398926,-2.0490282752352016],[101.91390037536621,-2.047827413471424],[101.91484451293945,-2.047655861717402],[101.91535949707031,-2.047827413471424],[101.91518783569336,-2.0490282752352016],[101.91544532775879,-2.0493713784309193],[101.91621780395508,-2.0490282752352016],[101.91741943359375,-2.0496287057794547],[101.91793441772461,-2.049285602638875],[101.91793441772461,-2.048856723609788]]}},{"type":"Feature","id":"pmtiles:10/801/517:waterway:9248154200:0","properties":{"name":"Sungai Sengajau","name_int":"Sungai Sengajau","class":"river","name:latin":"Sungai Sengajau","name_de":"Sungai Sengajau","name_en":"Sungai Sengajau","waterway":"river","kind":"waterway","verification":"verified","source":"OpenMapTiles/OpenStreetMap national PMTiles","sourceId":"10/801/517:waterway:9248154200:0","sourceLayer":"waterway","archive":"https://its.hanifahseptiani45.workers.dev/v1/map/archive/indonesia.pmtiles","updatedAt":"2026-07-26T09:42:23.725Z"},"geometry":{"type":"LineString","coordinates":[[101.87012672424316,-1.9937877106484194],[101.87089920043945,-1.993444595704588],[101.87167167663574,-1.992672586819495],[101.87192916870117,-1.9916432410764315],[101.87261581420898,-1.9910427890959568],[101.87355995178223,-1.9909570102237524],[101.87381744384766,-1.9912143468269932],[101.87381744384766,-1.9920721352142152],[101.87450408935547,-1.9925868080321578],[101.87596321105957,-1.9919863563955857],[101.87716484069824,-1.99241525044404],[101.87862396240234,-1.991900577572494],[101.88051223754883,-1.9920721352142152],[101.88119888305664,-1.9917290199129098],[101.88240051269531,-1.9930157019242358],[101.88325881958008,-1.9927583656023842],[101.88403129577637,-1.9929299231547617],[101.88488960266113,-1.994988612388454],[101.88497543334961,-1.9959321774262833],[101.88471794128418,-1.9972188561505533],[101.88677787780762,-1.9973904132376816],[101.88660621643066,-1.9977335273581787],[101.8868637084961,-1.998162419908013],[101.88806533813477,-1.9972188561505533],[101.88909530639648,-1.9975619703068759],[101.88918113708496,-1.9989344262154134],[101.8886661529541,-2.000392659360969],[101.89003944396973,-2.000564216116402],[101.89029693603516,-2.0001353241941615],[101.89089775085449,-2.000221102587574],[101.89132690429688,-2.000993107926533],[101.89089775085449,-2.001336221293869],[101.89089775085449,-2.0017651129020493],[101.89055442810059,-2.001936669513924],[101.89055442810059,-2.0023655609650035],[101.8923568725586,-2.0031375652940966],[101.89287185668945,-2.0026228957817978],[101.89338684082031,-2.0027086740450812],[101.89355850219727,-2.0033948999896296],[101.89390182495117,-2.0037380128541002],[101.89347267150879,-2.004081125646678],[101.89347267150879,-2.0044242383673776],[101.89458847045898,-2.00468157286069],[101.89501762390137,-2.0056251323234022],[101.89613342285156,-2.0068260253979844],[101.89639091491699,-2.0068260253979844],[101.89647674560547,-2.0059682447203926],[101.89716339111328,-2.0057109104293858],[101.898193359375,-2.006054022808385],[101.89879417419434,-2.0068260253979844],[101.89990997314453,-2.0061398008919014],[101.9007682800293,-2.006311357045419],[101.90196990966797,-2.007254915568055],[101.90274238586426,-2.00708335951353],[101.90291404724121,-2.007254915568055],[101.90308570861816,-2.0079411396061175],[101.90265655517578,-2.009828254224715],[101.9036865234375,-2.009999809991001],[101.90437316894531,-2.011629588871429],[101.90505981445312,-2.012573144321223],[101.9051456451416,-2.0133451438285306],[101.90428733825684,-2.014546031224171],[101.9048023223877,-2.015060696979873],[101.90505981445312,-2.0166904707996594],[101.90583229064941,-2.0176340233177115],[101.90557479858398,-2.0181486880968578],[101.90694808959961,-2.018834907548964],[101.90823554992676,-2.020035790892976],[101.91020965576172,-2.020979341469072],[101.91012382507324,-2.0222660004618973],[101.91038131713867,-2.022780663773375],[101.91201210021973,-2.0230379953679147],[101.91287040710449,-2.0236384355963537],[101.91329956054688,-2.0233811040970977],[101.91364288330078,-2.0241530984723397],[101.91415786743164,-2.0238099899064963],[101.91630363464355,-2.0249250924799753],[101.91664695739746,-2.0254397549474135],[101.91621780395508,-2.0265548563992724],[101.91716194152832,-2.0265548563992724],[101.91793441772461,-2.0270695183488385],[101.91819190979004,-2.028613503215638],[101.91853523254395,-2.029213941377023],[101.91819190979004,-2.029213941377023],[101.9175910949707,-2.0298143793154395],[101.91707611083984,-2.0299001561455725],[101.91750526428223,-2.030929477752224],[101.9190502166748,-2.032902342331795],[101.9190502166748,-2.033417002260421],[101.92033767700195,-2.0353898637992955],[101.91973686218262,-2.036076075942688],[101.9198226928711,-2.0364191819048045],[101.9212818145752,-2.0367622877938913],[101.92145347595215,-2.0370196171627413],[101.92093849182129,-2.0379631578301485],[101.9212818145752,-2.038906697944654],[101.92042350769043,-2.038906697944654],[101.91913604736328,-2.040708000263308],[101.91922187805176,-2.0411368814704076],[101.91973686218262,-2.041479986353707],[101.9190502166748,-2.041994643541315],[101.91887855529785,-2.0425950767185554],[101.91862106323242,-2.042766629013684],[101.91784858703613,-2.0423377482414935],[101.91767692565918,-2.042509300564106],[101.9175910949707,-2.043624390214518],[101.91707611083984,-2.0442248227824535],[101.91750526428223,-2.045339911241328]]}},{"type":"Feature","id":"pmtiles:10/801/517:waterway:9248221082:0","properties":{"name":"Sungai Daju","name_int":"Sungai Daju","class":"river","name:latin":"Sungai Daju","name_de":"Sungai Daju","name_en":"Sungai Daju","waterway":"river","kind":"waterway","verification":"verified","source":"OpenMapTiles/OpenStreetMap national PMTiles","sourceId":"10/801/517:waterway:9248221082:0","sourceLayer":"waterway","archive":"https://its.hanifahseptiani45.workers.dev/v1/map/archive/indonesia.pmtiles","updatedAt":"2026-07-26T09:42:23.725Z"},"geometry":{"type":"LineString","coordinates":[[101.8476390838623,-2.049886033086622],[101.84815406799316,-2.04971448155311],[101.84935569763184,-2.048599396137206],[101.85115814208984,-2.0484278444658344],[101.85296058654785,-2.0474843099450197],[101.85510635375977,-2.0474843099450197],[101.85630798339844,-2.0472269822520133],[101.85725212097168,-2.047570085833499],[101.8582820892334,-2.0468838785970718],[101.85922622680664,-2.046626550807673],[101.85982704162598,-2.046026119138503],[101.86128616333008,-2.045854567191725],[101.86188697814941,-2.0461976710669205],[101.86291694641113,-2.045854567191725],[101.86334609985352,-2.045339911241328],[101.86420440673828,-2.0450825832042057],[101.86566352844238,-2.045339911241328],[101.86660766601562,-2.0450825832042057],[101.86686515808105,-2.044653703050642],[101.8663501739502,-2.043881718485423],[101.8663501739502,-2.043367061902373],[101.86703681945801,-2.042766629013684],[101.86763763427734,-2.0415657625630814],[101.86789512634277,-2.0402791189418252],[101.86841011047363,-2.039421355955767],[101.86978340148926,-2.0386493688773584],[101.87081336975098,-2.037620052196857],[101.87115669250488,-2.0371053936098917],[101.8710708618164,-2.0359902994407406],[101.87201499938965,-2.0347036513638272],[101.87338829040527,-2.0342747684433817],[101.87373161315918,-2.03195879870313],[101.87536239624023,-2.0308437009767033],[101.8758773803711,-2.0290423876393646],[101.87630653381348,-2.0288708338835306],[101.87639236450195,-2.029385495096463],[101.87664985656738,-2.029557048797699],[101.87699317932129,-2.029385495096463],[101.87664985656738,-2.027669957083205],[101.8776798248291,-2.02569708611982],[101.87870979309082,-2.0249250924799753],[101.87956809997559,-2.0254397549474135],[101.88094139099121,-2.0246677611849435],[101.88257217407227,-2.0251824237341225],[101.88291549682617,-2.024839315386174],[101.88394546508789,-2.024839315386174],[101.88411712646484,-2.0245819840775283],[101.88411712646484,-2.023123772557014],[101.8842887878418,-2.022952218174268],[101.88583374023438,-2.0234668812680496],[101.88746452331543,-2.022780663773375],[101.88806533813477,-2.0222660004618973],[101.88892364501953,-2.0222660004618973],[101.89029693603516,-2.022952218174268]]}},{"type":"Feature","id":"pmtiles:10/801/517:waterway:9248469180:0","properties":{"name":"Sungai Pangkalan Jambu","name_int":"Sungai Pangkalan Jambu","class":"river","name:latin":"Sungai Pangkalan Jambu","name_de":"Sungai Pangkalan Jambu","name_en":"Sungai Pangkalan Jambu","waterway":"river","kind":"waterway","verification":"verified","source":"OpenMapTiles/OpenStreetMap national PMTiles","sourceId":"10/801/517:waterway:9248469180:0","sourceLayer":"waterway","archive":"https://its.hanifahseptiani45.workers.dev/v1/map/archive/indonesia.pmtiles","updatedAt":"2026-07-26T09:42:23.725Z"},"geometry":{"type":"LineString","coordinates":[[101.82394981384277,-2.05872091217401],[101.82455062866211,-2.060093316186837],[101.8264389038086,-2.0606937425706633],[101.82695388793945,-2.0614657190171783],[101.82901382446289,-2.063266995936189],[101.8293571472168,-2.0642962961168934],[101.8297004699707,-2.0645536210579394],[101.83055877685547,-2.0646393960290226],[101.83090209960938,-2.065154045758362],[101.8308162689209,-2.065840245138176],[101.83098793029785,-2.0660117949367987],[101.83296203613281,-2.066955318498046],[101.83433532714844,-2.069099688142259],[101.83562278747559,-2.0689281386773786],[101.83588027954102,-2.069099688142259],[101.83536529541016,-2.070043209867322],[101.83570861816406,-2.070643632490899],[101.83691024780273,-2.071672927887704],[101.83828353881836,-2.0719302516324234],[101.83905601501465,-2.0728737716719223],[101.8377685546875,-2.074503486779065],[101.83682441711426,-2.0767336205202014],[101.83682441711426,-2.0781917831877337],[101.83553695678711,-2.0787922027183043],[101.83562278747559,-2.0798214928107797],[101.83527946472168,-2.080593459939479],[101.83622360229492,-2.0807650081389966],[101.83596611022949,-2.082480489107482],[101.83708190917969,-2.083509776792212],[101.83673858642578,-2.083938646462329],[101.83588027954102,-2.084281742114314],[101.83570861816406,-2.08565412397445],[101.8363094329834,-2.08634031445564],[101.83596611022949,-2.0865118620291696],[101.83493614196777,-2.0864260882447496],[101.8351936340332,-2.0871980521361166],[101.83416366577148,-2.087455373349016],[101.83382034301758,-2.0883131104210975],[101.83296203613281,-2.0883131104210975],[101.83287620544434,-2.0884846577793326],[101.83356285095215,-2.0904574510524014],[101.83442115783691,-2.091486733515083],[101.83510780334473,-2.091829827519277],[101.83510780334473,-2.0922586949189963],[101.83433532714844,-2.0928591090815587],[101.83424949645996,-2.0935452964143764],[101.83467864990234,-2.094145710084149],[101.83390617370605,-2.095260763431895],[101.8337345123291,-2.0959469497128396],[101.83416366577148,-2.0977481872691186],[101.83502197265625,-2.097662414099176],[101.83527946472168,-2.0978339604343716],[101.83467864990234,-2.099635195817683],[101.8351936340332,-2.0999782880363256],[101.83639526367188,-2.099892514988724],[101.8366527557373,-2.1001498341173885],[101.83553695678711,-2.10160797504588],[101.8366527557373,-2.1021226126955668],[101.83682441711426,-2.1024657043677735],[101.83648109436035,-2.1028945688519514],[101.83527946472168,-2.1030661146126164],[101.83536529541016,-2.105296207784434],[101.83639526367188,-2.1068401165728403],[101.83708190917969,-2.1070974345554703],[101.83725357055664,-2.1074405251328443],[101.83716773986816,-2.107869388248261],[101.83648109436035,-2.108126706060787],[101.8363094329834,-2.1084697964113275],[101.83682441711426,-2.1088128866862235],[101.8381118774414,-2.1088128866862235],[101.83836936950684,-2.1097563845520853],[101.83914184570312,-2.109842157056974],[101.83931350708008,-2.1101852470292073],[101.83914184570312,-2.110871426746556],[101.8377685546875,-2.111643378566498],[101.83759689331055,-2.1120722405230197],[101.83785438537598,-2.1137019148778506],[101.83751106262207,-2.1142165485292708],[101.83879852294922,-2.114731182010061]]}},{"type":"Feature","id":"pmtiles:10/801/517:waterway:9248469210:0","properties":{"name":"Sungai Maliki","name_int":"Sungai Maliki","class":"river","name:latin":"Sungai Maliki","name_de":"Sungai Maliki","name_en":"Sungai Maliki","waterway":"river","kind":"waterway","verification":"verified","source":"OpenMapTiles/OpenStreetMap national PMTiles","sourceId":"10/801/517:waterway:9248469210:0","sourceLayer":"waterway","archive":"https://its.hanifahseptiani45.workers.dev/v1/map/archive/indonesia.pmtiles","updatedAt":"2026-07-26T09:42:23.725Z"},"geometry":{"type":"LineString","coordinates":[[101.77468299865723,-2.078963751113662],[101.77708625793457,-2.0807650081389966],[101.77760124206543,-2.082394715103405],[101.77914619445801,-2.0834240028441826],[101.77966117858887,-2.0847963854521083],[101.78094863891602,-2.0859972192524623],[101.78146362304688,-2.08728382587843],[101.78215026855469,-2.087541147077289],[101.78386688232422,-2.087626920800872],[101.78532600402832,-2.089342394289517],[101.7857551574707,-2.090543224616738],[101.78764343261719,-2.091400960002318],[101.78824424743652,-2.092944882514587],[101.79081916809082,-2.0931164293665603],[101.79176330566406,-2.0937168432006388],[101.79227828979492,-2.0966331356930255],[101.79279327392578,-2.097662414099176],[101.79339408874512,-2.0980912799018796],[101.79433822631836,-2.0982628261900373],[101.79502487182617,-2.099549422751238],[101.79708480834961,-2.099806741936419],[101.79725646972656,-2.100664472247587],[101.79691314697266,-2.102379931456781],[101.7982006072998,-2.103409206077373],[101.79845809936523,-2.1045242528166597],[101.79905891418457,-2.104867343960649],[101.79880142211914,-2.1054677532809194],[101.79923057556152,-2.106325480480038],[101.79888725280762,-2.1072689798536146],[101.80060386657715,-2.1071832072069014],[101.80111885070801,-2.1076120703931878],[101.80317878723145,-2.1084697964113275],[101.80343627929688,-2.109155976885475],[101.80541038513184,-2.1101852470292073],[101.80798530578613,-2.1101852470292073],[101.80832862854004,-2.111386061335793],[101.80832862854004,-2.1129299640808483],[101.80875778198242,-2.113787687164944],[101.81090354919434,-2.1138734594472908],[101.81081771850586,-2.1149884986864436],[101.81116104125977,-2.115331587521908],[101.81253433227539,-2.114130776265881],[101.81425094604492,-2.1155031319111828]]}},{"type":"Feature","id":"pmtiles:10/801/517:waterway:9322775860:0","properties":{"name":"Batang Uleh","name_int":"Batang Uleh","class":"river","name:latin":"Batang Uleh","name_de":"Batang Uleh","name_en":"Batang Uleh","waterway":"river","kind":"waterway","verification":"verified","source":"OpenMapTiles/OpenStreetMap national PMTiles","sourceId":"10/801/517:waterway:9322775860:0","sourceLayer":"waterway","archive":"https://its.hanifahseptiani45.workers.dev/v1/map/archive/indonesia.pmtiles","updatedAt":"2026-07-26T09:42:23.725Z"},"geometry":{"type":"LineString","coordinates":[[101.65597915649414,-1.8006030465916467],[101.65597915649414,-1.799659374961223],[101.65486335754395,-1.799402009886336],[101.65486335754395,-1.7983725492237],[101.65589332580566,-1.7968283571409103],[101.65675163269043,-1.7939973349323566],[101.6568374633789,-1.7926247165264186],[101.65778160095215,-1.7910805195896273],[101.6590690612793,-1.7900510542419994],[101.6594123840332,-1.7895363213513917],[101.65924072265625,-1.7888500106058416],[101.65821075439453,-1.7879063329115183],[101.6576099395752,-1.7864479209751494],[101.6568374633789,-1.7856758200694571],[101.65675163269043,-1.785246874981695],[101.65752410888672,-1.784131617285098],[101.65881156921387,-1.7811289970498763],[101.65992736816406,-1.7777832144527395],[101.65966987609863,-1.7757242683011611],[101.65992736816406,-1.773579530287492],[101.65924072265625,-1.7713490001162029],[101.65915489196777,-1.7696332058492175],[101.66061401367188,-1.7685179387242869],[101.66138648986816,-1.767574250633487],[101.66241645812988,-1.7673168810709399],[101.66361808776855,-1.765772662946631],[101.66559219360352,-1.764571603518391],[101.66584968566895,-1.7642284435392526],[101.66593551635742,-1.7629415930538244],[101.66619300842285,-1.762512642694304],[101.66825294494629,-1.7617405317981536],[101.66911125183105,-1.7610542107328797],[101.66988372802734,-1.759938938462767],[101.67108535766602,-1.7590810362626144],[101.67160034179688,-1.757794182222753],[101.67271614074707,-1.7571078597054282],[101.67288780212402,-1.7563357465719918],[101.6726303100586,-1.7553062618978004],[101.67305946350098,-1.7548773097828843],[101.67357444763184,-1.7548773097828843],[101.67494773864746,-1.7555636331195075],[101.67580604553223,-1.7556494235188609],[101.67632102966309,-1.7553062618978004],[101.67666435241699,-1.7541051957281155],[101.67726516723633,-1.7535904528479165],[101.68078422546387,-1.753676243337793],[101.68078422546387,-1.753333081354711],[101.68018341064453,-1.7527325477329754],[101.68009757995605,-1.7523035950280814],[101.68164253234863,-1.7510167363240186]]}},{"type":"Feature","id":"pmtiles:10/801/517:waterway:9322775882:0","properties":{"name":"Batang Ulas Kanan","name_int":"Batang Ulas Kanan","class":"river","name:latin":"Batang Ulas Kanan","name_de":"Batang Ulas Kanan","name_en":"Batang Ulas Kanan","waterway":"river","kind":"waterway","verification":"verified","source":"OpenMapTiles/OpenStreetMap national PMTiles","sourceId":"10/801/517:waterway:9322775882:0","sourceLayer":"waterway","archive":"https://its.hanifahseptiani45.workers.dev/v1/map/archive/indonesia.pmtiles","updatedAt":"2026-07-26T09:42:23.725Z"},"geometry":{"type":"LineString","coordinates":[[101.61091804504395,-1.8210205490583462],[101.61194801330566,-1.8203342501969928],[101.61211967468262,-1.8192190139901498],[101.612548828125,-1.818790076803893],[101.61323547363281,-1.8191332265610498],[101.61383628845215,-1.820934761714966],[101.61443710327148,-1.820934761714966],[101.61426544189453,-1.819304801415143],[101.61641120910645,-1.8181037770937962],[101.61718368530273,-1.816988539508401],[101.61761283874512,-1.8175890521399936],[101.61787033081055,-1.8189616516906142],[101.61829948425293,-1.819390588836086],[101.61872863769531,-1.819390588836086],[101.61890029907227,-1.8191332265610498],[101.61881446838379,-1.8176748396424784],[101.61967277526855,-1.8181037770937962],[101.62001609802246,-1.8187042893544003],[101.62010192871094,-1.8204200375689652],[101.62053108215332,-1.8215352730328362],[101.62104606628418,-1.8221357841505323],[101.62181854248047,-1.8221357841505323],[101.62362098693848,-1.821277911063973],[101.62362098693848,-1.8205916123006318],[101.62302017211914,-1.8194763762529362],[101.62310600280762,-1.8188758642492928],[101.6246509552002,-1.8185327144431938],[101.62559509277344,-1.819562163665708],[101.62636756896973,-1.8186185019008434],[101.62782669067383,-1.8181037770937962],[101.62877082824707,-1.817417477122774],[101.62911415100098,-1.8164738142367156],[101.62971496582031,-1.81604487639828],[101.62954330444336,-1.815101212795355],[101.62988662719727,-1.814758062272162],[101.63125991821289,-1.8150154251706567],[101.6334056854248,-1.8163022391135684],[101.63615226745605,-1.81604487639828],[101.63761138916016,-1.816130663974107],[101.63941383361816,-1.8157875136463417],[101.64061546325684,-1.815101212795355],[101.64121627807617,-1.8138143979976604],[101.64224624633789,-1.8133854595283339],[101.64301872253418,-1.8124417945380316],[101.64422035217285,-1.8120128557434612],[101.64576530456543,-1.8103828873978358],[101.64593696594238,-1.8094392208435437],[101.64542198181152,-1.808667129661174],[101.64576530456543,-1.8082381899734372],[101.6469669342041,-1.8076376742403113],[101.6466236114502,-1.8045493044765664],[101.64756774902344,-1.8031766940086271],[101.64782524108887,-1.8030909058199995],[101.64919853210449,-1.8038629993720434],[101.65048599243164,-1.803777211215774],[101.65203094482422,-1.8025761766033241],[101.6535758972168,-1.8024046001654312],[101.65452003479004,-1.8019756589999503],[101.65555000305176,-1.8012035646475226],[101.65597915649414,-1.8006030465916467]]}},{"type":"Feature","id":"pmtiles:10/801/517:waterway:9322775892:0","properties":{"name":"Batang Ulas Kiri","name_int":"Batang Ulas Kiri","class":"river","name:latin":"Batang Ulas Kiri","name_de":"Batang Ulas Kiri","name_en":"Batang Ulas Kiri","waterway":"river","kind":"waterway","verification":"verified","source":"OpenMapTiles/OpenStreetMap national PMTiles","sourceId":"10/801/517:waterway:9322775892:0","sourceLayer":"waterway","archive":"https://its.hanifahseptiani45.workers.dev/v1/map/archive/indonesia.pmtiles","updatedAt":"2026-07-26T09:42:23.725Z"},"geometry":{"type":"LineString","coordinates":[[101.64095878601074,-1.8398078785431693],[101.64207458496094,-1.8395505191974735],[101.6455078125,-1.83997945141968],[101.6458511352539,-1.8385210814434316],[101.6469669342041,-1.837663216194855],[101.64731025695801,-1.836204844326602],[101.6495418548584,-1.8355185512708942],[101.64997100830078,-1.8341459643692275],[101.65031433105469,-1.8338028174792527],[101.65280342102051,-1.833288097020926],[101.65426254272461,-1.8334596705234816],[101.65486335754395,-1.833030736736248],[101.65529251098633,-1.8314007874077731],[101.65529251098633,-1.8304571318556384],[101.65563583374023,-1.8297708365966514],[101.65494918823242,-1.828998754116384],[101.65494918823242,-1.8281408843042044],[101.65452003479004,-1.8269398658784581],[101.65460586547852,-1.8252241238773905],[101.6550350189209,-1.8244520394426473],[101.65555000305176,-1.8251383367343266],[101.656494140625,-1.8250525495871983],[101.65709495544434,-1.8246236137901235],[101.65752410888672,-1.8237657418890905],[101.65700912475586,-1.82187842226746],[101.65743827819824,-1.8204200375689652],[101.65709495544434,-1.8199053132759815],[101.65597915649414,-1.819304801415143],[101.65623664855957,-1.8190474391278855],[101.65726661682129,-1.818790076803893],[101.65718078613281,-1.8180179896116897],[101.65640830993652,-1.8170743270394354],[101.65709495544434,-1.8167311768908974],[101.65709495544434,-1.8157875136463417],[101.65803909301758,-1.8156159384580235],[101.65692329406738,-1.8141575486998818],[101.65692329406738,-1.8131280963979464],[101.65606498718262,-1.8126991577659766],[101.65580749511719,-1.8122702190323992],[101.65555000305176,-1.8085813417317524],[101.65632247924805,-1.8074660982800737],[101.656494140625,-1.8060077019635656],[101.65769577026367,-1.805750337786165],[101.6579532623291,-1.805235609322068],[101.65752410888672,-1.8041203638165797],[101.65572166442871,-1.8026619648162097],[101.65597915649414,-1.8006030465916467]]}},{"type":"Feature","id":"pmtiles:10/801/517:waterway:9759690522:0","properties":{"name":"Sungai Kuning","name_int":"Sungai Kuning","class":"river","name:latin":"Sungai Kuning","name_de":"Sungai Kuning","name_en":"Sungai Kuning","waterway":"river","kind":"waterway","verification":"verified","source":"OpenMapTiles/OpenStreetMap national PMTiles","sourceId":"10/801/517:waterway:9759690522:0","sourceLayer":"waterway","archive":"https://its.hanifahseptiani45.workers.dev/v1/map/archive/indonesia.pmtiles","updatedAt":"2026-07-26T09:42:23.725Z"},"geometry":{"type":"LineString","coordinates":[[101.68610572814941,-2.0840244203823346],[101.68765068054199,-2.0835955507355806],[101.68842315673828,-2.082480489107482],[101.68971061706543,-2.081965845012988],[101.69065475463867,-2.081108104482027],[101.69322967529297,-2.0807650081389966],[101.69434547424316,-2.0803361376052294],[101.69563293457031,-2.0793926220205066],[101.69674873352051,-2.0797357186620644],[101.69777870178223,-2.0784491058716554],[101.69906616210938,-2.0787922027183043],[101.69906616210938,-2.0797357186620644],[101.6993236541748,-2.079993041094255],[101.70001029968262,-2.0797357186620644],[101.70215606689453,-2.079907266954848],[101.70344352722168,-2.079135299490389],[101.7048168182373,-2.0769909434417],[101.70679092407227,-2.0774198148843652],[101.70893669128418,-2.079993041094255],[101.71065330505371,-2.081536974805843],[101.71133995056152,-2.0817085229027015],[101.71322822570801,-2.081279652625554],[101.7140007019043,-2.0793068478484713],[101.7143440246582,-2.078963751113662],[101.71503067016602,-2.078963751113662]]}},{"type":"Feature","id":"pmtiles:10/802/517:landcover:115463423:1","properties":{"subclass":"forest","class":"wood","kind":"green","verification":"verified","source":"OpenMapTiles/OpenStreetMap national PMTiles","sourceId":"10/802/517:landcover:115463423:1","sourceLayer":"landcover","archive":"https://its.hanifahseptiani45.workers.dev/v1/map/archive/indonesia.pmtiles","updatedAt":"2026-07-26T09:42:23.786Z"},"geometry":{"type":"Polygon","coordinates":[[[101.9476318359375,-1.8885339063976971],[101.9476318359375,-1.8876760655069234],[101.94780349731445,-1.8881049860052457],[101.9476318359375,-1.8885339063976971]]]}},{"type":"Feature","id":"pmtiles:10/802/517:mountain_peak:10701608371:0","properties":{"name_int":"Bukit Rantau Bayur","ele_ft":3891,"name_de":"Bukit Rantau Bayur","name":"Bukit Rantau Bayur","rank":2,"class":"peak","ele":1186,"name:latin":"Bukit Rantau Bayur","name_en":"Bukit Rantau Bayur","kind":"poi","verification":"verified","source":"OpenMapTiles/OpenStreetMap national PMTiles","sourceId":"10/802/517:mountain_peak:10701608371:0","sourceLayer":"mountain_peak","archive":"https://its.hanifahseptiani45.workers.dev/v1/map/archive/indonesia.pmtiles","updatedAt":"2026-07-26T09:42:23.787Z"},"geometry":{"type":"Point","coordinates":[101.8967342376709,-1.7868768657825598]}},{"type":"Feature","id":"pmtiles:10/802/517:mountain_peak:86422148741:0","properties":{"name_int":"Gunung Gedang","ele_ft":3724,"name_de":"Gunung Gedang","name":"Gunung Gedang","rank":3,"class":"peak","ele":1135,"name:latin":"Gunung Gedang","name_en":"Gunung Gedang","kind":"poi","verification":"verified","source":"OpenMapTiles/OpenStreetMap national PMTiles","sourceId":"10/802/517:mountain_peak:86422148741:0","sourceLayer":"mountain_peak","archive":"https://its.hanifahseptiani45.workers.dev/v1/map/archive/indonesia.pmtiles","updatedAt":"2026-07-26T09:42:23.787Z"},"geometry":{"type":"Point","coordinates":[101.87124252319336,-1.7706626826000047]}},{"type":"Feature","id":"pmtiles:10/802/517:mountain_peak:130040283661:0","properties":{"name_int":"Bukit Telago Besar","ele_ft":3576,"name_de":"Bukit Telago Besar","name":"Bukit Telago Besar","rank":4,"class":"peak","ele":1090,"name:latin":"Bukit Telago Besar","name_en":"Bukit Telago Besar","kind":"poi","verification":"verified","source":"OpenMapTiles/OpenStreetMap national PMTiles","sourceId":"10/802/517:mountain_peak:130040283661:0","sourceLayer":"mountain_peak","archive":"https://its.hanifahseptiani45.workers.dev/v1/map/archive/indonesia.pmtiles","updatedAt":"2026-07-26T09:42:23.787Z"},"geometry":{"type":"Point","coordinates":[101.92265510559082,-1.7777832144527395]}},{"type":"Feature","id":"pmtiles:10/802/517:mountain_peak:10701893821:0","properties":{"name_int":"Bukit Nagan","ele_ft":3573,"name_de":"Bukit Nagan","name":"Bukit Nagan","rank":1,"class":"peak","ele":1089,"name:latin":"Bukit Nagan","name_en":"Bukit Nagan","kind":"poi","verification":"verified","source":"OpenMapTiles/OpenStreetMap national PMTiles","sourceId":"10/802/517:mountain_peak:10701893821:0","sourceLayer":"mountain_peak","archive":"https://its.hanifahseptiani45.workers.dev/v1/map/archive/indonesia.pmtiles","updatedAt":"2026-07-26T09:42:23.787Z"},"geometry":{"type":"Point","coordinates":[101.89802169799805,-2.08805578934863]}},{"type":"Feature","id":"pmtiles:10/802/517:mountain_peak:81330958331:0","properties":{"name_int":"Bukit Hulu Sengajo","ele_ft":3209,"name_de":"Bukit Hulu Sengajo","name":"Bukit Hulu Sengajo","rank":3,"class":"peak","ele":978,"name:latin":"Bukit Hulu Sengajo","name_en":"Bukit Hulu Sengajo","kind":"poi","verification":"verified","source":"OpenMapTiles/OpenStreetMap national PMTiles","sourceId":"10/802/517:mountain_peak:81330958331:0","sourceLayer":"mountain_peak","archive":"https://its.hanifahseptiani45.workers.dev/v1/map/archive/indonesia.pmtiles","updatedAt":"2026-07-26T09:42:23.787Z"},"geometry":{"type":"Point","coordinates":[101.86540603637695,-1.9951601697083277]}},{"type":"Feature","id":"pmtiles:10/802/517:waterway:6342158800:0","properties":{"name":"Batang Seringek","name_int":"Batang Seringek","class":"river","name:latin":"Batang Seringek","name_de":"Batang Seringek","name_en":"Batang Seringek","waterway":"river","kind":"waterway","verification":"verified","source":"OpenMapTiles/OpenStreetMap national PMTiles","sourceId":"10/802/517:waterway:6342158800:0","sourceLayer":"waterway","archive":"https://its.hanifahseptiani45.workers.dev/v1/map/archive/indonesia.pmtiles","updatedAt":"2026-07-26T09:42:23.792Z"},"geometry":{"type":"LineString","coordinates":[[101.94685935974121,-2.0693570123047778],[101.94788932800293,-2.069871660504546],[101.94857597351074,-2.0705578578443067],[101.94943428039551,-2.0708151817701435],[101.95080757141113,-2.0724448989963946],[101.95089340209961,-2.07295954619309],[101.94977760314941,-2.0734741932224523],[101.94823265075684,-2.0737315166743855],[101.94720268249512,-2.0748465844824437]]}},{"type":"Feature","id":"pmtiles:10/802/517:waterway:6912662212:0","properties":{"name":"Sungai Inum","name_int":"Sungai Inum","class":"river","name:latin":"Sungai Inum","name_de":"Sungai Inum","name_en":"Sungai Inum","waterway":"river","kind":"waterway","verification":"verified","source":"OpenMapTiles/OpenStreetMap national PMTiles","sourceId":"10/802/517:waterway:6912662212:0","sourceLayer":"waterway","archive":"https://its.hanifahseptiani45.workers.dev/v1/map/archive/indonesia.pmtiles","updatedAt":"2026-07-26T09:42:23.792Z"},"geometry":{"type":"LineString","coordinates":[[101.94677352905273,-1.8412662474672885],[101.94857597351074,-1.8406657427606632],[101.94900512695312,-1.8411804610930176],[101.95029258728027,-1.8411804610930176],[101.9516658782959,-1.8417809656262278],[101.95243835449219,-1.83997945141968],[101.95295333862305,-1.8397220920987252],[101.95406913757324,-1.839636305650174]]}},{"type":"Feature","id":"pmtiles:10/800/518:mountain_peak:60057121931:0","properties":{"name_int":"Bukit Gedang","ele_ft":5397,"name_de":"Bukit Gedang","name":"Bukit Gedang","rank":3,"class":"peak","ele":1645,"name:latin":"Bukit Gedang","name_en":"Bukit Gedang","kind":"poi","verification":"verified","source":"OpenMapTiles/OpenStreetMap national PMTiles","sourceId":"10/800/518:mountain_peak:60057121931:0","sourceLayer":"mountain_peak","archive":"https://its.hanifahseptiani45.workers.dev/v1/map/archive/indonesia.pmtiles","updatedAt":"2026-07-26T09:42:44.694Z"},"geometry":{"type":"Point","coordinates":[101.63683891296387,-2.094746123523862]}},{"type":"Feature","id":"pmtiles:10/800/518:mountain_peak:60057121921:0","properties":{"name_int":"Bukit Sangko","ele_ft":4757,"name_de":"Bukit Sangko","name":"Bukit Sangko","rank":4,"class":"peak","ele":1450,"name:latin":"Bukit Sangko","name_en":"Bukit Sangko","kind":"poi","verification":"verified","source":"OpenMapTiles/OpenStreetMap national PMTiles","sourceId":"10/800/518:mountain_peak:60057121921:0","sourceLayer":"mountain_peak","archive":"https://its.hanifahseptiani45.workers.dev/v1/map/archive/indonesia.pmtiles","updatedAt":"2026-07-26T09:42:44.694Z"},"geometry":{"type":"Point","coordinates":[101.61083221435547,-2.0873695996160535]}},{"type":"Feature","id":"pmtiles:10/800/518:mountain_peak:81330959991:0","properties":{"name_int":"Bukit Tanggo Kambing","ele_ft":4180,"name_de":"Bukit Tanggo Kambing","name":"Bukit Tanggo Kambing","rank":1,"class":"peak","ele":1274,"name:latin":"Bukit Tanggo Kambing","name_en":"Bukit Tanggo Kambing","kind":"poi","verification":"verified","source":"OpenMapTiles/OpenStreetMap national PMTiles","sourceId":"10/800/518:mountain_peak:81330959991:0","sourceLayer":"mountain_peak","archive":"https://its.hanifahseptiani45.workers.dev/v1/map/archive/indonesia.pmtiles","updatedAt":"2026-07-26T09:42:44.694Z"},"geometry":{"type":"Point","coordinates":[101.66902542114258,-2.045854567191725]}},{"type":"Feature","id":"pmtiles:10/800/518:park:84652543:1","properties":{"name":"Taman Nasional Kerinci Seblat","name_int":"Kerinci Seblat National Park","class":"national_park","name:latin":"Taman Nasional Kerinci Seblat","name_de":"Taman Nasional Kerinci Seblat","name_en":"Kerinci Seblat National Park","kind":"green","verification":"verified","source":"OpenMapTiles/OpenStreetMap national PMTiles","sourceId":"10/800/518:park:84652543:1","sourceLayer":"park","archive":"https://its.hanifahseptiani45.workers.dev/v1/map/archive/indonesia.pmtiles","updatedAt":"2026-07-26T09:42:44.694Z"},"geometry":{"type":"Polygon","coordinates":[[[101.6015625,-2.104266934409125],[101.60018920898438,-2.103409206077373],[101.6070556640625,-2.103409206077373],[101.6070556640625,-2.106325480480038],[101.60576820373535,-2.10606816236988],[101.6015625,-2.104266934409125]]]}},{"type":"Feature","id":"pmtiles:10/801/518:landcover:115463423:0","properties":{"subclass":"forest","class":"wood","kind":"green","verification":"verified","source":"OpenMapTiles/OpenStreetMap national PMTiles","sourceId":"10/801/518:landcover:115463423:0","sourceLayer":"landcover","archive":"https://its.hanifahseptiani45.workers.dev/v1/map/archive/indonesia.pmtiles","updatedAt":"2026-07-26T09:42:44.764Z"},"geometry":{"type":"Polygon","coordinates":[[[101.60868644714355,-2.103409206077373],[101.61744117736816,-2.103409206077373],[101.6165828704834,-2.104438480018871],[101.60860061645508,-2.103494978931778],[101.60868644714355,-2.103409206077373]]]}},{"type":"Feature","id":"pmtiles:10/801/518:mountain_peak:10701633981:0","properties":{"name_int":"Gunung Mandiurai","ele_ft":5564,"name_de":"Gunung Mandiurai","name":"Gunung Mandiurai","rank":1,"class":"peak","ele":1696,"name:latin":"Gunung Mandiurai","name_en":"Gunung Mandiurai","kind":"poi","verification":"verified","source":"OpenMapTiles/OpenStreetMap national PMTiles","sourceId":"10/801/518:mountain_peak:10701633981:0","sourceLayer":"mountain_peak","archive":"https://its.hanifahseptiani45.workers.dev/v1/map/archive/indonesia.pmtiles","updatedAt":"2026-07-26T09:42:44.764Z"},"geometry":{"type":"Point","coordinates":[101.76189422607422,-2.0423377482414935]}},{"type":"Feature","id":"pmtiles:10/801/518:mountain_peak:60057121931:0","properties":{"name_int":"Bukit Gedang","ele_ft":5397,"name_de":"Bukit Gedang","name":"Bukit Gedang","rank":3,"class":"peak","ele":1645,"name:latin":"Bukit Gedang","name_en":"Bukit Gedang","kind":"poi","verification":"verified","source":"OpenMapTiles/OpenStreetMap national PMTiles","sourceId":"10/801/518:mountain_peak:60057121931:0","sourceLayer":"mountain_peak","archive":"https://its.hanifahseptiani45.workers.dev/v1/map/archive/indonesia.pmtiles","updatedAt":"2026-07-26T09:42:44.764Z"},"geometry":{"type":"Point","coordinates":[101.63683891296387,-2.094746123523862]}},{"type":"Feature","id":"pmtiles:10/801/518:mountain_peak:60057121921:0","properties":{"name_int":"Bukit Sangko","ele_ft":4757,"name_de":"Bukit Sangko","name":"Bukit Sangko","rank":4,"class":"peak","ele":1450,"name:latin":"Bukit Sangko","name_en":"Bukit Sangko","kind":"poi","verification":"verified","source":"OpenMapTiles/OpenStreetMap national PMTiles","sourceId":"10/801/518:mountain_peak:60057121921:0","sourceLayer":"mountain_peak","archive":"https://its.hanifahseptiani45.workers.dev/v1/map/archive/indonesia.pmtiles","updatedAt":"2026-07-26T09:42:44.764Z"},"geometry":{"type":"Point","coordinates":[101.61083221435547,-2.0873695996160535]}},{"type":"Feature","id":"pmtiles:10/801/518:mountain_peak:81330959991:0","properties":{"name_int":"Bukit Tanggo Kambing","ele_ft":4180,"name_de":"Bukit Tanggo Kambing","name":"Bukit Tanggo Kambing","rank":2,"class":"peak","ele":1274,"name:latin":"Bukit Tanggo Kambing","name_en":"Bukit Tanggo Kambing","kind":"poi","verification":"verified","source":"OpenMapTiles/OpenStreetMap national PMTiles","sourceId":"10/801/518:mountain_peak:81330959991:0","sourceLayer":"mountain_peak","archive":"https://its.hanifahseptiani45.workers.dev/v1/map/archive/indonesia.pmtiles","updatedAt":"2026-07-26T09:42:44.764Z"},"geometry":{"type":"Point","coordinates":[101.66902542114258,-2.045854567191725]}},{"type":"Feature","id":"pmtiles:10/801/518:mountain_peak:10701893821:0","properties":{"name_int":"Bukit Nagan","ele_ft":3573,"name_de":"Bukit Nagan","name":"Bukit Nagan","rank":1,"class":"peak","ele":1089,"name:latin":"Bukit Nagan","name_en":"Bukit Nagan","kind":"poi","verification":"verified","source":"OpenMapTiles/OpenStreetMap national PMTiles","sourceId":"10/801/518:mountain_peak:10701893821:0","sourceLayer":"mountain_peak","archive":"https://its.hanifahseptiani45.workers.dev/v1/map/archive/indonesia.pmtiles","updatedAt":"2026-07-26T09:42:44.764Z"},"geometry":{"type":"Point","coordinates":[101.89802169799805,-2.08805578934863]}},{"type":"Feature","id":"pmtiles:10/801/518:mountain_peak:60057121941:0","properties":{"name_int":"Bukit Telasih","ele_ft":3527,"name_de":"Bukit Telasih","name":"Bukit Telasih","rank":2,"class":"peak","ele":1075,"name:latin":"Bukit Telasih","name_en":"Bukit Telasih","kind":"poi","verification":"verified","source":"OpenMapTiles/OpenStreetMap national PMTiles","sourceId":"10/801/518:mountain_peak:60057121941:0","sourceLayer":"mountain_peak","archive":"https://its.hanifahseptiani45.workers.dev/v1/map/archive/indonesia.pmtiles","updatedAt":"2026-07-26T09:42:44.764Z"},"geometry":{"type":"Point","coordinates":[101.83201789855957,-2.0450825832042057]}},{"type":"Feature","id":"pmtiles:10/801/518:park:84652543:2","properties":{"name":"Taman Nasional Kerinci Seblat","name_int":"Kerinci Seblat National Park","class":"national_park","name:latin":"Taman Nasional Kerinci Seblat","name_de":"Taman Nasional Kerinci Seblat","name_en":"Kerinci Seblat National Park","kind":"green","verification":"verified","source":"OpenMapTiles/OpenStreetMap national PMTiles","sourceId":"10/801/518:park:84652543:2","sourceLayer":"park","archive":"https://its.hanifahseptiani45.workers.dev/v1/map/archive/indonesia.pmtiles","updatedAt":"2026-07-26T09:42:44.765Z"},"geometry":{"type":"Polygon","coordinates":[[[101.6015625,-2.104266934409125],[101.60018920898438,-2.103409206077373],[101.62714004516602,-2.103409206077373],[101.62559509277344,-2.1057250714902267],[101.62482261657715,-2.10623970778137],[101.62121772766113,-2.106925889238454],[101.6195011138916,-2.106325480480038],[101.6183853149414,-2.105124662269077],[101.61709785461426,-2.106325480480038],[101.61272048950195,-2.1072689798536146],[101.61117553710938,-2.106411253173988],[101.60842895507812,-2.106497025863206],[101.60576820373535,-2.10606816236988],[101.6015625,-2.104266934409125]]]}},{"type":"Feature","id":"pmtiles:10/802/518:mountain_peak:10701893821:0","properties":{"name_int":"Bukit Nagan","ele_ft":3573,"name_de":"Bukit Nagan","name":"Bukit Nagan","rank":1,"class":"peak","ele":1089,"name:latin":"Bukit Nagan","name_en":"Bukit Nagan","kind":"poi","verification":"verified","source":"OpenMapTiles/OpenStreetMap national PMTiles","sourceId":"10/802/518:mountain_peak:10701893821:0","sourceLayer":"mountain_peak","archive":"https://its.hanifahseptiani45.workers.dev/v1/map/archive/indonesia.pmtiles","updatedAt":"2026-07-26T09:42:44.820Z"},"geometry":{"type":"Point","coordinates":[101.89802169799805,-2.08805578934863]}},{"type":"Feature","id":"pmtiles:8/200/129:landcover:60395180:3","properties":{"subclass":"forest","class":"wood","kind":"green","verification":"verified","source":"OpenMapTiles/OpenStreetMap national PMTiles","sourceId":"8/200/129:landcover:60395180:3","sourceLayer":"landcover","archive":"https://its.hanifahseptiani45.workers.dev/v1/map/archive/indonesia.pmtiles","updatedAt":"2026-07-26T09:35:34.470Z"},"geometry":{"type":"Polygon","coordinates":[[[101.51538848876953,-1.678264906846735],[101.51779174804688,-1.6803239586595708],[101.5195083618164,-1.6820398335121638],[101.53942108154297,-1.681353483752119],[101.54319763183594,-1.6830693576994946],[101.54766082763672,-1.674489972894179],[101.55143737792969,-1.672430914945366],[101.55315399169922,-1.675176325063191],[101.55555725097656,-1.673117267835167],[101.55315399169922,-1.670028677941275],[101.55590057373047,-1.6679696153146324],[101.55349731445312,-1.6655673728603375],[101.5576171875,-1.6569879116454018],[101.56105041503906,-1.661449236127325],[101.56208038330078,-1.6597333432867742],[101.56002044677734,-1.658360627942173],[101.56379699707031,-1.655272014936628],[101.57135009765625,-1.6556151943972282],[101.57546997070312,-1.646349328147494],[101.57890319824219,-1.6439470594868766],[101.5799331665039,-1.6473788709732275],[101.58164978027344,-1.6470356900904193],[101.58130645751953,-1.64463342225649],[101.58405303955078,-1.6436038780135647],[101.58164978027344,-1.64120160604962],[101.58302307128906,-1.6398288779170969],[101.59229278564453,-1.639142513497717],[101.59263610839844,-1.6439470594868766],[101.58370971679688,-1.6566447324225066],[101.58336639404297,-1.661449236127325],[101.58576965332031,-1.6645378394831312],[101.58267974853516,-1.67037185483602],[101.58302307128906,-1.6645378394831312],[101.58164978027344,-1.6628219493266556],[101.57787322998047,-1.6641946615712584],[101.58027648925781,-1.67037185483602],[101.57958984375,-1.6810103087815804],[101.5737533569336,-1.6892464913969718],[101.57512664794922,-1.6899328383745456],[101.58027648925781,-1.685128404443148],[101.58302307128906,-1.6789512576920345],[101.5854263305664,-1.6796376082963462],[101.58302307128906,-1.6837557068557771],[101.58645629882812,-1.6892464913969718],[101.58782958984375,-1.6885601441769467],[101.58611297607422,-1.68684427506669],[101.58748626708984,-1.6837557068557771],[101.59332275390625,-1.685128404443148],[101.59744262695312,-1.682726183030752],[101.59744262695312,-1.6799807835080998],[101.59984588623047,-1.6779217313337398],[101.59263610839844,-1.6741467967195263],[101.59263610839844,-1.6727740914202798],[101.5964126586914,-1.6717445618155153],[101.59400939941406,-1.66831279256877],[101.59881591796875,-1.670028677941275],[101.61426544189453,-1.6672832606267747],[101.61701202392578,-1.6686559697630656],[101.6183853149414,-1.674489972894179],[101.63005828857422,-1.674489972894179],[101.64173126220703,-1.6617924145166256],[101.6451644897461,-1.6607628791698943],[101.64997100830078,-1.6628219493266556],[101.64756774902344,-1.6635083055683424],[101.6458511352539,-1.6693423239719607],[101.65237426757812,-1.67037185483602],[101.65512084960938,-1.6748331490087338],[101.66061401367188,-1.6727740914202798],[101.66301727294922,-1.6806671337507169],[101.6671371459961,-1.685128404443148],[101.67160034179688,-1.684785230136967],[101.67194366455078,-1.678264906846735],[101.67537689208984,-1.6748331490087338],[101.68498992919922,-1.6796376082963462],[101.69597625732422,-1.6755195010575363],[101.71588897705078,-1.6638514835996574],[101.71932220458984,-1.650810676547863],[101.72447204589844,-1.648408413266921],[101.73099517822266,-1.64120160604962],[101.73751831054688,-1.6487515939131754],[101.7392349243164,-1.6566447324225066],[101.7275619506836,-1.6799807835080998],[101.73065185546875,-1.6957667778801095],[101.7330551147461,-1.69954167054577],[101.73648834228516,-1.7002280138744368],[101.74335479736328,-1.6974826390964495],[101.7557144165039,-1.701943871128222],[101.75125122070312,-1.7094936248854253],[101.75262451171875,-1.7142979981896787],[101.75605773925781,-1.7136116598836253],[101.7557144165039,-1.7208181998109495],[101.7667007446289,-1.7221908709988298],[101.77391052246094,-1.7153275051873749],[101.79519653320312,-1.7307700434898408],[101.80549621582031,-1.7232203737409009],[101.80000305175781,-1.7153275051873749],[101.82231903076172,-1.7208181998109495],[101.82369232177734,-1.7266520455266061],[101.83536529541016,-1.7331722048396898],[101.84669494628906,-1.7582231336679683],[101.85733795166016,-1.7602820992323416],[101.87278747558594,-1.7544483575695864],[101.90162658691406,-1.773322161558724],[101.92428588867188,-1.7602820992323416],[101.94007873535156,-1.777096899323908],[101.96273803710938,-1.7849895078809652],[101.97166442871094,-1.7815579430975248],[101.98848724365234,-1.7942547007688319],[101.99432373046875,-1.8120986435104953],[101.97097778320312,-1.8333738837742573],[101.94522857666016,-1.8282266713038666],[101.93733215332031,-1.8398936649835065],[101.90059661865234,-1.8515605823477728],[101.93115234375,-1.8632274229134538],[101.93904876708984,-1.8704333740978853],[101.93424224853516,-1.8869040083433077],[101.93801879882812,-1.887247144902787],[101.93801879882812,-1.8834726390268912],[101.94110870361328,-1.8824432269136366],[101.9479751586914,-1.8882765541749365],[101.94557189941406,-1.8930804560439043],[101.93836212158203,-1.8899922349399816],[101.93733215332031,-1.894452996991319],[101.94557189941406,-1.8985706133051252],[101.9534683227539,-1.894796132058275],[101.95037841796875,-1.8989137475554685],[101.9534683227539,-1.8996000158517319],[101.95484161376953,-1.8965118063730415],[101.95655822753906,-1.8975412101454623],[101.95758819580078,-1.9026882198098036],[101.95415496826172,-1.9037176199007888],[101.95552825927734,-1.9064626838038805],[101.96205139160156,-1.9057764182382755],[101.96479797363281,-1.9002862838753742],[101.97097778320312,-1.8992568817376707],[101.97441101074219,-1.9040607531278795],[101.9747543334961,-1.911266535096587],[101.95552825927734,-1.9126390615701752],[101.953125,-1.9085214788586455],[101.94866180419922,-1.9078352141141437],[101.9424819946289,-1.9088646111281804],[101.94316864013672,-1.9122959300546825],[101.94076538085938,-1.913325324395288],[101.93492889404297,-1.9092077433292332],[101.91707611083984,-1.9074920816392336],[101.90780639648438,-1.8985706133051252],[101.90265655517578,-1.9081783465206428],[101.90711975097656,-1.9105802714482962],[101.90643310546875,-1.9126390615701752],[101.89956665039062,-1.916070372948809],[101.89544677734375,-1.9146978492216107],[101.8927001953125,-1.9078352141141437],[101.89132690429688,-1.910237139521314],[101.89338684082031,-1.9150409802564923],[101.88411712646484,-1.9136684557048653],[101.88446044921875,-1.9236192337659048],[101.86901092529297,-1.9325405716550677],[101.865234375,-1.9383737287922145],[101.8545913696289,-1.9445499909117956],[101.8545913696289,-1.9514124778637267],[101.86592102050781,-1.9596474252309974],[101.87381744384766,-1.9740584855758811],[101.876220703125,-1.973372247432792],[101.88720703125,-1.9853813739629373],[101.8875503540039,-1.9901850001729855],[101.89613342285156,-2.002880230558162],[101.89338684082031,-2.004595794700748],[101.89888000488281,-2.0076838056255895],[101.89647674560547,-2.0104286993278606],[101.90471649169922,-2.0131735884140625],[101.90196990966797,-2.015575362572932],[101.9040298461914,-2.015575362572932],[101.9036865234375,-2.0190064623667183],[101.90574645996094,-2.018663352713091],[101.90814971923828,-2.0244962069655656],[101.9150161743164,-2.0262117483420212],[101.91776275634766,-2.0371911700524805],[101.91398620605469,-2.03993601380229],[101.91638946533203,-2.0474843099450197],[101.9143295288086,-2.047827413471424],[101.9143295288086,-2.048170516924344],[101.91570281982422,-2.0502291360985083],[101.91844940185547,-2.049199826842255],[101.92119598388672,-2.050572239036839],[101.92119598388672,-2.052973957544694],[101.92668914794922,-2.051944650054409],[101.92359924316406,-2.054346366500596],[101.92840576171875,-2.0557187742773095],[101.92634582519531,-2.05914978855499],[101.92909240722656,-2.063953196130697],[101.92874908447266,-2.0721875753353203],[101.93424224853516,-2.086597635808914],[101.93286895751953,-2.09483189685362],[101.92703247070312,-2.09174405402527],[101.92291259765625,-2.0852252547717143],[101.91776275634766,-2.0883131104210975],[101.91879272460938,-2.0920871479731886],[101.92394256591797,-2.09483189685362],[101.92497253417969,-2.0999782880363256],[101.92394256591797,-2.102379931456781],[101.920166015625,-2.101350656157436],[101.91570281982422,-2.107869388248261],[101.91089630126953,-2.107869388248261],[101.91398620605469,-2.110271019510435],[101.91226959228516,-2.113015736410574],[101.89064025878906,-2.118505155650979],[101.88480377197266,-2.12193603279988],[101.876220703125,-2.111300288916084],[101.87210083007812,-2.112329557640095],[101.8648910522461,-2.1150742709024257],[101.8648910522461,-2.1178189793088507],[101.85150146484375,-2.1298270213348616],[101.84806823730469,-2.1274254204002006],[101.84154510498047,-2.1346302119689256],[101.84188842773438,-2.1387472205681632],[101.85081481933594,-2.1342871274209756],[101.85596466064453,-2.138404136939897],[101.86180114746094,-2.139090304119705],[101.86283111572266,-2.1425211354127214],[101.86042785644531,-2.1449227127456254],[101.86695098876953,-2.1500689371866457],[101.8655776977539,-2.144579630500232],[101.86935424804688,-2.1442365481779007],[101.87210083007812,-2.1486966123641196],[101.87244415283203,-2.155215144274166],[101.87828063964844,-2.151441260775144],[101.88823699951172,-2.151441260775144],[101.88858032226562,-2.1545289843332966],[101.88343048095703,-2.1579597809442106],[101.88823699951172,-2.165164428615782],[101.88411712646484,-2.1675659702338805],[101.88583374023438,-2.170653661001168],[101.88480377197266,-2.1768290236059613],[101.87244415283203,-2.1768290236059613],[101.87210083007812,-2.17408442112297],[101.87416076660156,-2.1730551939047302],[101.87141418457031,-2.173741345461522],[101.87141418457031,-2.171339813648828],[101.86592102050781,-2.1723690420361237],[101.86386108398438,-2.17099673736395],[101.8655776977539,-2.168595201189845],[101.86248779296875,-2.1675659702338805],[101.85836791992188,-2.173741345461522],[101.85596466064453,-2.17099673736395],[101.8539047241211,-2.173741345461522],[101.84944152832031,-2.1723690420361237],[101.84326171875,-2.180259769681342],[101.84120178222656,-2.1782013229738197],[101.84326171875,-2.1754567229887556],[101.8429183959961,-2.1716828898558447],[101.83605194091797,-2.1716828898558447],[101.83124542236328,-2.1751136476393214],[101.83433532714844,-2.1668798158744096],[101.8319320678711,-2.166193661204062],[101.83158874511719,-2.168595201189845],[101.82987213134766,-2.168595201189845],[101.82918548583984,-2.1631059613425236],[101.82437896728516,-2.1675659702338805],[101.82849884033203,-2.1782013229738197],[101.8216323852539,-2.1665367385781025],[101.81304931640625,-2.1675659702338805],[101.80789947509766,-2.163449039415454],[101.8048095703125,-2.1665367385781025],[101.8048095703125,-2.17408442112297],[101.7938232421875,-2.170653661001168],[101.79141998291016,-2.1679090472969733],[101.79039001464844,-2.160704412660067],[101.79450988769531,-2.158302860179745],[101.7938232421875,-2.154185904246944],[101.77631378173828,-2.155901303905793],[101.7715072631836,-2.1545289843332966],[101.76910400390625,-2.151441260775144],[101.7667007446289,-2.1524705026562287],[101.76910400390625,-2.156587463228064],[101.77734375,-2.165164428615782],[101.77013397216797,-2.1747705722118837],[101.75846099853516,-2.1744274967064143],[101.75262451171875,-2.1655075062228804],[101.75296783447266,-2.15933209742181],[101.7495346069336,-2.1576167016312553],[101.74163818359375,-2.1579597809442106],[101.73957824707031,-2.162762883191988],[101.73648834228516,-2.161733648274975],[101.73442840576172,-2.163449039415454],[101.73271179199219,-2.1730551939047302],[101.72687530517578,-2.1696244314457402],[101.7227554321289,-2.176142873453472],[101.72653198242188,-2.1782013229738197],[101.7282485961914,-2.1871212383575624],[101.73271179199219,-2.1953549593370525],[101.72962188720703,-2.1974133825012245],[101.72618865966797,-2.1946688176522002],[101.72103881835938,-2.196041100706907],[101.7165756225586,-2.1919242477648737],[101.71451568603516,-2.1854058741266584],[101.71554565429688,-2.1799166954255327],[101.71005249023438,-2.1778582482490236],[101.70730590820312,-2.17099673736395],[101.70215606689453,-2.166193661204062],[101.69666290283203,-2.163792117410779],[101.68498992919922,-2.163449039415454],[101.68155670166016,-2.1569305427731678],[101.67366027832031,-2.1562443836056104],[101.67572021484375,-2.1510981799937525],[101.68327331542969,-2.151441260775144],[101.68327331542969,-2.1486966123641196],[101.67743682861328,-2.139090304119705],[101.67057037353516,-2.141491886831261],[101.66576385498047,-2.1404626375584],[101.66404724121094,-2.136688717648198],[101.66919708251953,-2.1318855334422153],[101.66851043701172,-2.1305131923430594],[101.66301727294922,-2.1311993630455532],[101.66439056396484,-2.1294839357161663],[101.6616439819336,-2.1250238157260384],[101.66507720947266,-2.122279120096323],[101.65855407714844,-2.12022059517615],[101.656494140625,-2.1239945554362833],[101.65168762207031,-2.1250238157260384],[101.64722442626953,-2.1181620675179005],[101.63177490234375,-2.1178189793088507],[101.63040161132812,-2.106153935077984],[101.62765502929688,-2.104781571181732],[101.62662506103516,-2.0999782880363256],[101.6231918334961,-2.0989490111544455],[101.62422180175781,-2.0955180833224745],[101.62147521972656,-2.09586117644416],[101.61666870117188,-2.104438480018871],[101.60842895507812,-2.103409206077373],[101.60808563232422,-2.100321380179622],[101.60465240478516,-2.101350656157436],[101.59469604492188,-2.0989490111544455],[101.59366607666016,-2.0962042694906557],[101.57890319824219,-2.0955180833224745],[101.57615661621094,-2.099292103523723],[101.5689468383789,-2.094145710084149],[101.56105041503906,-2.0999782880363256],[101.56482696533203,-2.0900285831603895],[101.56929016113281,-2.085568350143248],[101.56482696533203,-2.085568350143248],[101.56448364257812,-2.0804219117213165],[101.56757354736328,-2.075618554042876],[101.56620025634766,-2.0721875753353203],[101.5634536743164,-2.0694427870163423],[101.55899047851562,-2.069099688142259],[101.55590057373047,-2.0629238957278915],[101.55487060546875,-2.0677272919037932],[101.55075073242188,-2.069785885816188],[101.54491424560547,-2.0660117949367987],[101.53907775878906,-2.068070391074727],[101.54010772705078,-2.0776771376940815],[101.53839111328125,-2.0745892612118837],[101.53564453125,-2.0780202347084753],[101.52740478515625,-2.0773340406051375],[101.51504516601562,-2.057777383729686],[101.50955200195312,-2.05366016216999],[101.49410247802734,-2.0516015474104137],[101.48757934570312,-2.0450825832042057],[101.48380279541016,-2.0365049583839294],[101.48723602294922,-2.0330738956595695],[101.50028228759766,-2.028613503215638],[101.50405883789062,-2.0241530984723397],[101.50131225585938,-2.0183202429870306],[101.49547576904297,-2.0169478033588604],[101.49787902832031,-2.014546031224171],[101.49616241455078,-2.0049389073135586],[101.4865493774414,-2.0131735884140625],[101.48002624511719,-2.010085587867394],[101.48311614990234,-2.019349571947913],[101.47453308105469,-2.0104286993278606],[101.47796630859375,-1.998419755384134],[101.47384643554688,-1.9997922105756203],[101.47109985351562,-1.9980766414069961],[101.46835327148438,-1.9884694209884515],[101.46183013916016,-1.9778327902963184],[101.4642333984375,-1.9744016045411854],[101.46011352539062,-1.9675392117925128],[101.46320343017578,-1.9641080048235864],[101.46526336669922,-1.9572455697579159],[101.46492004394531,-1.938716855057308],[101.46697998046875,-1.9363149697415736],[101.46354675292969,-1.9342562081899501],[101.46800994873047,-1.9328836991007563],[101.46869659423828,-1.9370012230364608],[101.47109985351562,-1.9380306024575589],[101.47178649902344,-1.9345993352887803],[101.48414611816406,-1.9352855892782088],[101.48929595947266,-1.9304818055252468],[101.49307250976562,-1.9332268264771102],[101.49410247802734,-1.9394031073788511],[101.49822235107422,-1.9363149697415736],[101.50096893310547,-1.9404324853392296],[101.50680541992188,-1.938716855057308],[101.50646209716797,-1.929109293386631],[101.51161193847656,-1.924991750329454],[101.51229858398438,-1.9215604568503437],[101.50577545166016,-1.9136684557048653],[101.5085220336914,-1.9030313532417438],[101.51435852050781,-1.8989137475554685],[101.51470184326172,-1.8951392670572602],[101.5188217163086,-1.8893059628373123],[101.51847839355469,-1.8858745982586953],[101.51435852050781,-1.8865608717161138],[101.51538848876953,-1.8824432269136366],[101.52019500732422,-1.8817569518337365],[101.5191650390625,-1.877296157235918],[101.51676177978516,-1.8793549869279502],[101.51573181152344,-1.877296157235918],[101.5195083618164,-1.8728353512547784],[101.51710510253906,-1.8690608142458132],[101.51229858398438,-1.8687176741151035],[101.51298522949219,-1.8670019724560802],[101.50955200195312,-1.8663156913234786],[101.51023864746094,-1.8645999873202896],[101.50611877441406,-1.8635705641154772],[101.50714874267578,-1.8604822908916105],[101.50131225585938,-1.8608254326281042],[101.49650573730469,-1.8525900125527812],[101.48998260498047,-1.8498448640108904],[101.49169921875,-1.846070277831089],[101.48380279541016,-1.8371484968478882],[101.47830963134766,-1.8210205490583462],[101.48723602294922,-1.8189616516906142],[101.49032592773438,-1.8151870004159747],[101.48895263671875,-1.8110691900378555],[101.4858627319336,-1.8076376742403113],[101.4810562133789,-1.8093534329506156],[101.47453308105469,-1.806608218235695],[101.47384643554688,-1.7932252372057036],[101.47075653076172,-1.7873915994191805],[101.46354675292969,-1.7856758200694571],[101.46320343017578,-1.7815579430975248],[101.46697998046875,-1.7777832144527395],[101.46526336669922,-1.7753811103861636],[101.46286010742188,-1.777096899323908],[101.46354675292969,-1.7729790031980457],[101.46148681640625,-1.7760674261524514],[101.458740234375,-1.7764105839400202],[101.45633697509766,-1.7846463516906539],[101.45427703857422,-1.7846463516906539],[101.45084381103516,-1.782244256566031],[101.4474105834961,-1.7839600391179147],[101.44466400146484,-1.7760674261524514],[101.44054412841797,-1.776753741663839],[101.43814086914062,-1.7746947943650326],[101.43608093261719,-1.7757242683011611],[101.43470764160156,-1.7726358447737312],[101.4312744140625,-1.7709200516983685],[101.4364242553711,-1.778812686667493],[101.42681121826172,-1.7863621320016705],[101.43024444580078,-1.8011177763659418],[101.42475128173828,-1.806608218235695],[101.41788482666016,-1.8083239779191018],[101.41788482666016,-1.8158733012343902],[101.42578125,-1.8234225930141434],[101.42749786376953,-1.8323444424629542],[101.42440795898438,-1.8381779353934604],[101.42475128173828,-1.8409231019454069],[101.42749786376953,-1.8409231019454069],[101.42372131347656,-1.842981974085447],[101.42784118652344,-1.8501880078110702],[101.42475128173828,-1.8522468692175664],[101.42475128173828,-1.8597960072183497],[101.42234802246094,-1.8628842816445683],[101.42715454101562,-1.8683745339173612],[101.42646789550781,-1.8718059328761854],[101.42440795898438,-1.872492211862422],[101.4199447631836,-1.8680313936525579],[101.41410827636719,-1.8704333740978853],[101.41307830810547,-1.873864769028586],[101.41033172607422,-1.8718059328761854],[101.40483856201172,-1.8742079081520728],[101.40861511230469,-1.8755804639734492],[101.40724182128906,-1.8786687106335336],[101.41067504882812,-1.8814138141925127],[101.40724182128906,-1.8855314614284566],[101.40827178955078,-1.887247144902787],[101.41101837158203,-1.8838157762628356],[101.41204833984375,-1.8855314614284566],[101.42234802246094,-1.8821000894074444],[101.42475128173828,-1.8834726390268912],[101.42372131347656,-1.903374486605415],[101.42887115478516,-1.9085214788586455],[101.43196105957031,-1.9170997650223995],[101.42715454101562,-1.9328836991007563],[101.42337799072266,-1.933569953784101],[101.41822814941406,-1.9280799085558726],[101.41651153564453,-1.929109293386631],[101.41719818115234,-1.933569953784101],[101.40586853027344,-1.9325405716550677],[101.40380859375,-1.9363149697415736],[101.41273498535156,-1.9438637406801291],[101.40621185302734,-1.9452362408644035],[101.40552520751953,-1.9476381134994796],[101.40792846679688,-1.9490106106110687],[101.41033172607422,-1.9651373676547337],[101.4151382446289,-1.971313531304773],[101.4199447631836,-1.9881263049374667],[101.40998840332031,-1.9867538400204268],[101.4093017578125,-1.9798914983441875],[101.4041519165039,-1.9757740796939487],[101.40106201171875,-1.962735520062239],[101.3924789428711,-1.9586180590212763],[101.39522552490234,-1.9545005878613892],[101.39419555664062,-1.9424912393799758],[101.38870239257812,-1.9311680611790365],[101.38252258300781,-1.9277367801406058],[101.38080596923828,-1.9208741973268246],[101.36878967285156,-1.91401158694579],[101.35814666748047,-1.911266535096587],[101.35505676269531,-1.9074920816392336],[101.34441375732422,-1.9040607531278795],[101.34475708007812,-1.896168671646123],[101.34201049804688,-1.896168671646123],[101.34029388427734,-1.8913647783314929],[101.3437271118164,-1.8848451875650767],[101.34166717529297,-1.8803844008638322],[101.33926391601562,-1.8810706764837732],[101.33892059326172,-1.8793549869279502],[101.34235382080078,-1.8759236027605795],[101.34544372558594,-1.8790118488144572],[101.34750366210938,-1.876266741480407],[101.34956359863281,-1.8766098801329179],[101.35162353515625,-1.8817569518337365],[101.35574340820312,-1.8807275387075464],[101.3543701171875,-1.8728353512547784],[101.34990692138672,-1.870776513893162],[101.3543701171875,-1.8680313936525579],[101.35334014892578,-1.8611685742978494],[101.3547134399414,-1.8525900125527812],[101.36226654052734,-1.8529331558215176],[101.370849609375,-1.8591097232781806],[101.37153625488281,-1.8570508698571473],[101.36741638183594,-1.8488154322122057],[101.37290954589844,-1.8470997112211336],[101.3711929321289,-1.8350896179772604],[101.36329650878906,-1.8368053505341777],[101.35608673095703,-1.830285558065512],[101.34750366210938,-1.8295992627408566],[101.34407043457031,-1.8268540788173198],[101.348876953125,-1.8217068476583194],[101.35093688964844,-1.8151870004159747],[101.36878967285156,-1.8131280963979464],[101.3759994506836,-1.8151870004159747],[101.3759994506836,-1.8138143979976604],[101.370849609375,-1.8131280963979464],[101.36844635009766,-1.8107260387503317],[101.37187957763672,-1.8096965844979565],[101.37256622314453,-1.806608218235695],[101.37016296386719,-1.8028335412298588],[101.3705062866211,-1.8076376742403113],[101.36707305908203,-1.8096965844979565],[101.36226654052734,-1.8083239779191018],[101.35814666748047,-1.80043146996789],[101.35231018066406,-1.802147235478273],[101.35093688964844,-1.799402009886336],[101.3540267944336,-1.7887642217446],[101.35231018066406,-1.7887642217446],[101.35231018066406,-1.7740084780892005],[101.3595199584961,-1.7709200516983685],[101.35986328125,-1.7760674261524514],[101.36638641357422,-1.7805284724153694],[101.3711929321289,-1.777440056920213],[101.37737274169922,-1.7808716293733369],[101.38046264648438,-1.7798421583078152],[101.38355255126953,-1.7712632104405799],[101.39041900634766,-1.7705768928926062],[101.38938903808594,-1.7623410625228075],[101.39419555664062,-1.7558210043057727],[101.39041900634766,-1.7527325477329754],[101.39934539794922,-1.7520462233579792],[101.39419555664062,-1.7465556193132556],[101.39556884765625,-1.7427808197226682],[101.39144897460938,-1.7417513276112828],[101.39694213867188,-1.7328290391190535],[101.3931655883789,-1.7338585360943881],[101.39179229736328,-1.731113209583384],[101.39213562011719,-1.7276815458546935],[101.39694213867188,-1.7266520455266061],[101.39694213867188,-1.7242498759264606],[101.39144897460938,-1.724593043197899],[101.39419555664062,-1.7163570116310893],[101.38629913330078,-1.7136116598836253],[101.3814926147461,-1.7197886957716264],[101.37943267822266,-1.7177296860270843],[101.3818359375,-1.7146411672504485],[101.3763427734375,-1.7167001803225048],[101.3759994506836,-1.714984336249671],[101.37153625488281,-1.7156706740635173],[101.37222290039062,-1.7142979981896787],[101.38114929199219,-1.7125821519633746],[101.37359619140625,-1.7122389825337052],[101.36913299560547,-1.7077777743612046],[101.3766860961914,-1.69919849878994],[101.3653564453125,-1.69954167054577],[101.3711929321289,-1.6933645696218207],[101.36913299560547,-1.694394087811645],[101.3656997680664,-1.691648704756986],[101.36604309082031,-1.6895896649160704],[101.36260986328125,-1.6899328383745456],[101.36638641357422,-1.6878737967145412],[101.36260986328125,-1.6878737967145412],[101.36226654052734,-1.6858147528740517],[101.36329650878906,-1.682726183030752],[101.36913299560547,-1.6803239586595708],[101.36398315429688,-1.6810103087815804],[101.35986328125,-1.678264906846735],[101.3430404663086,-1.6796376082963462],[101.33926391601562,-1.678264906846735],[101.34235382080078,-1.6830693576994946],[101.33583068847656,-1.6810103087815804],[101.337890625,-1.6617924145166256],[101.3375473022461,-1.656301553140196],[101.33411407470703,-1.6545856558372378],[101.33617401123047,-1.6532129369260389],[101.33377075195312,-1.6511538567797004],[101.33480072021484,-1.6470356900904193],[101.33171081542969,-1.6456629659682562],[101.3272476196289,-1.648408413266921],[101.3214111328125,-1.6480652325614926],[101.32621765136719,-1.64120160604962],[101.33136749267578,-1.6398288779170969],[101.33583068847656,-1.634337955979447],[101.34063720703125,-1.63742660142006],[101.34475708007812,-1.6367402361776016],[101.33548736572266,-1.626101544936816],[101.3382339477539,-1.6226696970723538],[101.34475708007812,-1.6298765708473013],[101.35093688964844,-1.6326220397924374],[101.35368347167969,-1.630562938434764],[101.348876953125,-1.6291902030258711],[101.3492202758789,-1.6257583604127603],[101.34098052978516,-1.6188946576962024],[101.33720397949219,-1.6185514719495444],[101.3375473022461,-1.6209537709556798],[101.33342742919922,-1.6144332384626523],[101.34201049804688,-1.617178728382214],[101.36054992675781,-1.6315924893770841],[101.35848999023438,-1.6250719911896425],[101.36089324951172,-1.6106581837702265],[101.36329650878906,-1.6164923562502764],[101.36844635009766,-1.613746865403158],[101.36913299560547,-1.6164923562502764],[101.37393951416016,-1.6110013708496922],[101.37565612792969,-1.6130604921120124],[101.3766860961914,-1.6099718094378943],[101.37943267822266,-1.6151196112904103],[101.38286590576172,-1.6123741185893294],[101.37359619140625,-1.606196746481686],[101.37428283691406,-1.6027648650142368],[101.38320922851562,-1.6003625445639784],[101.38561248779297,-1.591439615429607],[101.38320922851562,-1.5907532346635236],[101.38664245605469,-1.589380472446436],[101.38389587402344,-1.5859485629127619],[101.3924789428711,-1.5835462228520072],[101.39934539794922,-1.5845757975049821],[101.40106201171875,-1.5869781363710302],[101.39968872070312,-1.5897236630862892],[101.39694213867188,-1.5886940909956166],[101.39453887939453,-1.5907532346635236],[101.39728546142578,-1.591439615429607],[101.39625549316406,-1.5941851362084236],[101.3873291015625,-1.6003625445639784],[101.38835906982422,-1.6013921108160645],[101.38561248779297,-1.6017352994518461],[101.38458251953125,-1.6048239945857148],[101.38526916503906,-1.608942247506107],[101.38870239257812,-1.6055103706489433],[101.392822265625,-1.606883122083886],[101.39453887939453,-1.6185514719495444],[101.40003204345703,-1.6161491700973016],[101.40449523925781,-1.608599060079996],[101.40861511230469,-1.606196746481686],[101.41204833984375,-1.6209537709556798],[101.4151382446289,-1.617865100281989],[101.44535064697266,-1.62232651196544],[101.45118713378906,-1.617178728382214],[101.44912719726562,-1.626101544936816],[101.45187377929688,-1.635710687873413],[101.46183013916016,-1.628503834970573],[101.4642333984375,-1.6230128821210599],[101.45977020263672,-1.6199242145875417],[101.46354675292969,-1.6164923562502764],[101.47247314453125,-1.6134036787865398],[101.48311614990234,-1.6175219143611201],[101.48139953613281,-1.655272014936628],[101.49410247802734,-1.6597333432867742],[101.49890899658203,-1.656301553140196],[101.5030288696289,-1.662478771116298],[101.50028228759766,-1.6679696153146324],[101.51092529296875,-1.678264906846735],[101.51126861572266,-1.682726183030752],[101.51538848876953,-1.678264906846735]],[[101.91192626953125,-2.0509153419016144],[101.9143295288086,-2.048170516924344],[101.91261291503906,-2.048513620303808],[101.91192626953125,-2.0509153419016144]],[[101.73648834228516,-1.9654804884574446],[101.73580169677734,-1.96891169260428],[101.7330551147461,-1.9709704117024813],[101.73030853271484,-1.969254812630652],[101.72618865966797,-1.9792052626122398],[101.72927856445312,-1.9802346161036155],[101.73614501953125,-1.9778327902963184],[101.74129486083984,-1.971313531304773],[101.74232482910156,-1.9826364384297364],[101.73442840576172,-1.9846951405067585],[101.7330551147461,-1.9881263049374667],[101.72584533691406,-1.9853813739629373],[101.72412872314453,-1.9874400726215669],[101.7333984375,-1.9970472990455335],[101.73683166503906,-1.996017956039239],[101.7392349243164,-1.9874400726215669],[101.74610137939453,-1.9802346161036155],[101.74919128417969,-1.9809208514093513],[101.75228118896484,-1.9778327902963184],[101.7502212524414,-1.968568572507266],[101.7550277709961,-1.9593043032313773],[101.75640106201172,-1.9579318145300846],[101.7608642578125,-1.9606767908079519],[101.76567077636719,-1.9541574648086453],[101.78009033203125,-1.9479812378822174],[101.77871704101562,-1.9414618626730658],[101.77391052246094,-1.939746233435244],[101.77288055419922,-1.9345993352887803],[101.7715072631836,-1.933569953784101],[101.76704406738281,-1.9376874760533696],[101.75434112548828,-1.9301386775944565],[101.75399780273438,-1.9181291564769651],[101.75090789794922,-1.921903586508705],[101.7447280883789,-1.922589845618532],[101.74301147460938,-1.924991750329454],[101.7440414428711,-1.9273936516561463],[101.74919128417969,-1.9277367801406058],[101.75228118896484,-1.9359718429899004],[101.74919128417969,-1.9424912393799758],[101.74678802490234,-1.9400893594220463],[101.73992156982422,-1.9411187369647536],[101.74266815185547,-1.9496968587473589],[101.74095153808594,-1.962735520062239],[101.73648834228516,-1.9654804884574446]],[[101.40449523925781,-1.7170433489523163],[101.41685485839844,-1.7167001803225048],[101.42303466796875,-1.713268490638356],[101.42990112304688,-1.7029733847477075],[101.42681121826172,-1.6895896649160704],[101.42234802246094,-1.6861579269987885],[101.4151382446289,-1.6854715786888477],[101.40655517578125,-1.6933645696218207],[101.40552520751953,-1.6974826390964495],[101.40277862548828,-1.6964531225493005],[101.3979721069336,-1.7009143569590748],[101.39144897460938,-1.701943871128222],[101.38904571533203,-1.7043460687180954],[101.39385223388672,-1.7112094738760817],[101.40449523925781,-1.7170433489523163]]]}},{"type":"Feature","id":"pmtiles:8/200/129:mountain_peak:86422148731:0","properties":{"name_int":"Bukit Singgirik","ele_ft":4177,"name_de":"Bukit Singgirik","name":"Bukit Singgirik","rank":2,"class":"peak","ele":1273,"name:latin":"Bukit Singgirik","name_en":"Bukit Singgirik","kind":"poi","verification":"verified","source":"OpenMapTiles/OpenStreetMap national PMTiles","sourceId":"8/200/129:mountain_peak:86422148731:0","sourceLayer":"mountain_peak","archive":"https://its.hanifahseptiani45.workers.dev/v1/map/archive/indonesia.pmtiles","updatedAt":"2026-07-26T09:35:34.476Z"},"geometry":{"type":"Point","coordinates":[101.82369232177734,-1.777096899323908]}},{"type":"Feature","id":"pmtiles:8/200/129:mountain_peak:10701608371:0","properties":{"name_int":"Bukit Rantau Bayur","ele_ft":3891,"name_de":"Bukit Rantau Bayur","name":"Bukit Rantau Bayur","rank":3,"class":"peak","ele":1186,"name:latin":"Bukit Rantau Bayur","name_en":"Bukit Rantau Bayur","kind":"poi","verification":"verified","source":"OpenMapTiles/OpenStreetMap national PMTiles","sourceId":"8/200/129:mountain_peak:10701608371:0","sourceLayer":"mountain_peak","archive":"https://its.hanifahseptiani45.workers.dev/v1/map/archive/indonesia.pmtiles","updatedAt":"2026-07-26T09:35:34.476Z"},"geometry":{"type":"Point","coordinates":[101.89682006835938,-1.7870484436774632]}},{"type":"Feature","id":"pmtiles:8/200/129:mountain_peak:86422148741:0","properties":{"name_int":"Gunung Gedang","ele_ft":3724,"name_de":"Gunung Gedang","name":"Gunung Gedang","rank":4,"class":"peak","ele":1135,"name:latin":"Gunung Gedang","name_en":"Gunung Gedang","kind":"poi","verification":"verified","source":"OpenMapTiles/OpenStreetMap national PMTiles","sourceId":"8/200/129:mountain_peak:86422148741:0","sourceLayer":"mountain_peak","archive":"https://its.hanifahseptiani45.workers.dev/v1/map/archive/indonesia.pmtiles","updatedAt":"2026-07-26T09:35:34.476Z"},"geometry":{"type":"Point","coordinates":[101.8710708618164,-1.7705768928926062]}},{"type":"Feature","id":"pmtiles:8/200/129:mountain_peak:130040283661:0","properties":{"name_int":"Bukit Telago Besar","ele_ft":3576,"name_de":"Bukit Telago Besar","name":"Bukit Telago Besar","rank":5,"class":"peak","ele":1090,"name:latin":"Bukit Telago Besar","name_en":"Bukit Telago Besar","kind":"poi","verification":"verified","source":"OpenMapTiles/OpenStreetMap national PMTiles","sourceId":"8/200/129:mountain_peak:130040283661:0","sourceLayer":"mountain_peak","archive":"https://its.hanifahseptiani45.workers.dev/v1/map/archive/indonesia.pmtiles","updatedAt":"2026-07-26T09:35:34.476Z"},"geometry":{"type":"Point","coordinates":[101.92256927490234,-1.7777832144527395]}},{"type":"Feature","id":"pmtiles:8/200/129:mountain_peak:10701893821:0","properties":{"name_int":"Bukit Nagan","ele_ft":3573,"name_de":"Bukit Nagan","name":"Bukit Nagan","rank":1,"class":"peak","ele":1089,"name:latin":"Bukit Nagan","name_en":"Bukit Nagan","kind":"poi","verification":"verified","source":"OpenMapTiles/OpenStreetMap national PMTiles","sourceId":"8/200/129:mountain_peak:10701893821:0","sourceLayer":"mountain_peak","archive":"https://its.hanifahseptiani45.workers.dev/v1/map/archive/indonesia.pmtiles","updatedAt":"2026-07-26T09:35:34.476Z"},"geometry":{"type":"Point","coordinates":[101.898193359375,-2.0879700156484233]}},{"type":"Feature","id":"pmtiles:8/200/129:mountain_peak:130040283671:0","properties":{"name_int":"Bukit Kabut","ele_ft":3566,"name_de":"Bukit Kabut","name":"Bukit Kabut","rank":2,"class":"peak","ele":1087,"name:latin":"Bukit Kabut","name_en":"Bukit Kabut","kind":"poi","verification":"verified","source":"OpenMapTiles/OpenStreetMap national PMTiles","sourceId":"8/200/129:mountain_peak:130040283671:0","sourceLayer":"mountain_peak","archive":"https://its.hanifahseptiani45.workers.dev/v1/map/archive/indonesia.pmtiles","updatedAt":"2026-07-26T09:35:34.476Z"},"geometry":{"type":"Point","coordinates":[101.82472229003906,-1.8845020505319496]}},{"type":"Feature","id":"pmtiles:8/200/129:mountain_peak:60057121941:0","properties":{"name_int":"Bukit Telasih","ele_ft":3527,"name_de":"Bukit Telasih","name":"Bukit Telasih","rank":3,"class":"peak","ele":1075,"name:latin":"Bukit Telasih","name_en":"Bukit Telasih","kind":"poi","verification":"verified","source":"OpenMapTiles/OpenStreetMap national PMTiles","sourceId":"8/200/129:mountain_peak:60057121941:0","sourceLayer":"mountain_peak","archive":"https://its.hanifahseptiani45.workers.dev/v1/map/archive/indonesia.pmtiles","updatedAt":"2026-07-26T09:35:34.476Z"},"geometry":{"type":"Point","coordinates":[101.8319320678711,-2.0450825832042057]}},{"type":"Feature","id":"pmtiles:8/200/129:mountain_peak:81330958331:0","properties":{"name_int":"Bukit Hulu Sengajo","ele_ft":3209,"name_de":"Bukit Hulu Sengajo","name":"Bukit Hulu Sengajo","rank":4,"class":"peak","ele":978,"name:latin":"Bukit Hulu Sengajo","name_en":"Bukit Hulu Sengajo","kind":"poi","verification":"verified","source":"OpenMapTiles/OpenStreetMap national PMTiles","sourceId":"8/200/129:mountain_peak:81330958331:0","sourceLayer":"mountain_peak","archive":"https://its.hanifahseptiani45.workers.dev/v1/map/archive/indonesia.pmtiles","updatedAt":"2026-07-26T09:35:34.476Z"},"geometry":{"type":"Point","coordinates":[101.865234375,-1.994988612388454]}},{"type":"Feature","id":"pmtiles:8/200/129:transportation:448834790:0","properties":{"class":"trunk","highway":"trunk","kind":"road","verification":"verified","source":"OpenMapTiles/OpenStreetMap national PMTiles","sourceId":"8/200/129:transportation:448834790:0","sourceLayer":"transportation","archive":"https://its.hanifahseptiani45.workers.dev/v1/map/archive/indonesia.pmtiles","updatedAt":"2026-07-26T09:35:34.484Z"},"geometry":{"type":"LineString","coordinates":[[101.93973541259766,-1.3841426927919969],[101.95930480957031,-1.389291025850099],[101.99638366699219,-1.3968418940291656],[102.03689575195312,-1.3992444379128415],[102.04788208007812,-1.3985579970541409],[102.05955505371094,-1.3958122316124673],[102.07843780517578,-1.4023334192896897],[102.10830688476562,-1.4363119433900238],[102.12203979492188,-1.4503837101464825],[102.1234130859375,-1.4531294105569827],[102.1237564086914,-1.458964012838976],[102.12203979492188,-1.4665146521435304],[102.12066650390625,-1.47063317194457],[102.11723327636719,-1.479899813675587],[102.11414337158203,-1.483675101071725],[102.11174011230469,-1.4939713066293052],[102.10281372070312,-1.4998058017131228],[102.09835052490234,-1.5094155243826037],[102.09835052490234,-1.5166227885284371],[102.10315704345703,-1.5224572228805755],[102.10281372070312,-1.5293212430739942],[102.0962905883789,-1.5454516039379484],[102.09697723388672,-1.55609071114921],[102.1017837524414,-1.563297817823539],[102.10521697998047,-1.5667297646937897],[102.10933685302734,-1.577368764205147],[102.11311340332031,-1.5828598394658542],[102.11414337158203,-1.5921259959672227],[102.117919921875,-1.6010489221228283],[102.12684631347656,-1.6106581837702265],[102.12787628173828,-1.6168355423452567],[102.12512969970703,-1.6271310981587987],[102.12650299072266,-1.6329652231470817],[102.12993621826172,-1.6367402361776016],[102.13714599609375,-1.6398288779170969],[102.13920593261719,-1.648408413266921],[102.13577270507812,-1.6604197006017642],[102.13680267333984,-1.6696855009865743],[102.14057922363281,-1.6758626769917555],[102.14435577392578,-1.6799807835080998],[102.15877532958984,-1.6913055316018557],[102.17388153076172,-1.7057187517099237],[102.18109130859375,-1.7108663042007208],[102.20684051513672,-1.7372901886328833],[102.21302032470703,-1.7410649992245055],[102.21920013427734,-1.7462124560272372],[102.22126007080078,-1.7499872487245653],[102.22332000732422,-1.7517030610761708],[102.23087310791016,-1.7530757098261347],[102.23258972167969,-1.7578799725196887],[102.23602294921875,-1.7623410625228075],[102.23670959472656,-1.7705768928926062],[102.24700927734375,-1.7853326640072567],[102.24735260009766,-1.7911663083424827],[102.25112915039062,-1.8014609294680355],[102.25627899169922,-1.806608218235695],[102.26829528808594,-1.8237657418890905],[102.28477478027344,-1.8392073733454453],[102.29473114013672,-1.870776513893162],[102.29610443115234,-1.8841589134311931],[102.30194091796875,-1.8923941851626296],[102.30365753173828,-1.9009725516263103],[102.2991943359375,-1.913325324395288],[102.29576110839844,-1.9356287161687789],[102.29576110839844,-1.9545005878613892],[102.2940444946289,-1.9586180590212763],[102.28374481201172,-1.970627292029505],[102.28374481201172,-1.9757740796939487],[102.27893829345703,-1.9836657897885033],[102.27893829345703,-1.9898418844788353],[102.28202819824219,-2.0008215512159495],[102.28065490722656,-2.0059682447203926],[102.28031158447266,-2.015575362572932],[102.2775650024414,-2.0214082279133407],[102.27584838867188,-2.039592908589583],[102.27996826171875,-2.0502291360985083],[102.27893829345703,-2.052973957544694],[102.27481842041016,-2.0567480793355344],[102.27241516113281,-2.062580795445598],[102.27516174316406,-2.0718444770554925],[102.27653503417969,-2.073903065619078],[102.27413177490234,-2.073559967711077],[102.27413177490234,-2.0745892612118837],[102.271728515625,-2.0763047488912605],[102.26898193359375,-2.0763047488912605],[102.26726531982422,-2.079049525304356],[102.26314544677734,-2.0821373930631495],[102.26280212402344,-2.085568350143248],[102.2603988647461,-2.0848821593253746],[102.25353240966797,-2.089342394289517],[102.25112915039062,-2.09586117644416],[102.2494125366211,-2.097233548178906],[102.23636627197266,-2.0979197335949067],[102.23430633544922,-2.100664472247587],[102.23018646240234,-2.0999782880363256],[102.22640991210938,-2.100664472247587],[102.22537994384766,-2.102036839765745],[102.22366333007812,-2.102379931456781],[102.2226333618164,-2.104781571181732],[102.21954345703125,-2.105124662269077],[102.21542358398438,-2.1085555689871427],[102.21370697021484,-2.108212478655517],[102.21233367919922,-2.1099279295571307],[102.21233367919922,-2.1119864681411684],[102.205810546875,-2.1157604484595254],[102.1999740600586,-2.12193603279988],[102.19963073730469,-2.123308381528787],[102.20169067382812,-2.1236514685206345],[102.20100402832031,-2.12536690233685],[102.19654083251953,-2.1277685064770537],[102.19413757324219,-2.126739248017543],[102.19036102294922,-2.1349732964403074],[102.1780014038086,-2.1336009580953714],[102.17697143554688,-2.1322286185258577],[102.17182159423828,-2.132914788463637],[102.16873168945312,-2.1318855334422153],[102.1670150756836,-2.1325717035329887],[102.16495513916016,-2.1360025493949024],[102.16049194335938,-2.13565946515331],[102.15843200683594,-2.137374885594909],[102.15843200683594,-2.138404136939897],[102.15431213378906,-2.139090304119705],[102.15396881103516,-2.1370318016598873],[102.15156555175781,-2.136688717648198],[102.15087890625,-2.1346302119689256],[102.14950561523438,-2.1339440427964433],[102.14744567871094,-2.1308562777325193],[102.14195251464844,-2.1318855334422153],[102.13817596435547,-2.1294839357161663],[102.13542938232422,-2.1301701068771735],[102.12993621826172,-2.1360025493949024],[102.1237564086914,-2.13634563355987],[102.1237564086914,-2.137717969453263],[102.12169647216797,-2.137717969453263],[102.11585998535156,-2.1339440427964433],[102.11071014404297,-2.139090304119705],[102.10830688476562,-2.142864218119527],[102.10453033447266,-2.1435503833024967],[102.10350036621094,-2.145951959020124],[102.09972381591797,-2.147324286308333],[102.0956039428711,-2.1507550991351962],[102.08736419677734,-2.1545289843332966],[102.07157135009766,-2.15555822412864],[102.06985473632812,-2.1545289843332966],[102.06985473632812,-2.1531566635242285],[102.06710815429688,-2.1524705026562287],[102.06676483154297,-2.1510981799937525],[102.06401824951172,-2.1490396936853955],[102.05406188964844,-2.145951959020124],[102.05268859863281,-2.144579630500232],[102.04994201660156,-2.1449227127456254],[102.04032897949219,-2.1397764709925724],[102.0351791381836,-2.1342871274209756],[102.0303726196289,-2.1339440427964433],[102.02831268310547,-2.132914788463637],[102.0296859741211,-2.1294839357161663],[102.0245361328125,-2.126053075329736],[102.02247619628906,-2.1157604484595254],[102.0193862915039,-2.116103537124218],[102.01492309570312,-2.1140450039977594],[102.01011657714844,-2.1174758910238154],[102.00428009033203,-2.1171328026628373],[101.99913024902344,-2.1137019148778506],[101.9912338256836,-2.111300288916084],[101.98848724365234,-2.111300288916084],[101.98402404785156,-2.1154173597189185],[101.9802474975586,-2.1150742709024257],[101.97921752929688,-2.116103537124218],[101.9802474975586,-2.1174758910238154],[101.97956085205078,-2.119191331689123],[101.97612762451172,-2.1209067704538995],[101.97441101074219,-2.12056368285306],[101.97166442871094,-2.1239945554362833],[101.9692611694336,-2.124337642275748],[101.964111328125,-2.1198775074231975],[101.9589614868164,-2.1195344195941743],[101.95518493652344,-2.1178189793088507],[101.953125,-2.1178189793088507],[101.94419860839844,-2.113358825682127],[101.94076538085938,-2.1140450039977594],[101.93939208984375,-2.1178189793088507],[101.942138671875,-2.12056368285306],[101.93870544433594,-2.1274254204002006],[101.93836212158203,-2.1315424482821044],[101.93012237548828,-2.139433387594508],[101.92771911621094,-2.139090304119705],[101.92668914794922,-2.137717969453263],[101.91398620605469,-2.136688717648198],[101.90849304199219,-2.138404136939897],[101.9091796875,-2.14011955431387],[101.90746307373047,-2.1425211354127214],[101.90677642822266,-2.141148803817117],[101.90299987792969,-2.141148803817117],[101.9040298461914,-2.1421780526290775],[101.9036865234375,-2.143893465778646],[101.90196990966797,-2.1456088770055857],[101.9036865234375,-2.145951959020124],[101.9033432006836,-2.1476673679378564],[101.90746307373047,-2.152127422106389],[101.90677642822266,-2.155215144274166],[101.90814971923828,-2.1579597809442106],[101.90677642822266,-2.1620767266582135],[101.90780639648438,-2.163449039415454],[101.91226959228516,-2.163792117410779],[101.90711975097656,-2.1703105845605393],[101.90265655517578,-2.168938278019624],[101.89956665039062,-2.1723690420361237],[101.89407348632812,-2.1754567229887556],[101.88892364501953,-2.1771720985650944],[101.88823699951172,-2.1788874721889897],[101.88377380371094,-2.1806028438589493],[101.88308715820312,-2.1806028438589493],[101.88240051269531,-2.1778582482490236],[101.87725067138672,-2.1771720985650944],[101.87519073486328,-2.1778582482490236],[101.87278747558594,-2.1768290236059613],[101.86626434326172,-2.180259769681342],[101.86317443847656,-2.1768290236059613],[101.85321807861328,-2.1747705722118837],[101.8490982055664,-2.1764859485687538],[101.84326171875,-2.182318213573396],[101.84188842773438,-2.180259769681342],[101.83914184570312,-2.1819751397870277],[101.83605194091797,-2.1806028438589493],[101.83502197265625,-2.1799166954255327],[101.83090209960938,-2.187464310968423],[101.82952880859375,-2.187807383500825],[101.8264389038086,-2.1854058741266584],[101.82300567626953,-2.1847197278854793],[101.81854248046875,-2.1819751397870277],[101.8157958984375,-2.1764859485687538],[101.81133270263672,-2.1768290236059613],[101.80858612060547,-2.1792305466793493],[101.80377960205078,-2.1771720985650944],[101.80034637451172,-2.1771720985650944],[101.79450988769531,-2.181632065922372],[101.79141998291016,-2.1809459179583257],[101.78730010986328,-2.1826612872814906],[101.77871704101562,-2.190208889029577],[101.7770004272461,-2.1895227449854104],[101.77288055419922,-2.1926103907087082],[101.77047729492188,-2.1974133825012245],[101.75880432128906,-2.196384171273678],[101.75846099853516,-2.1984425930193936],[101.7605209350586,-2.2001579423056796],[101.7605209350586,-2.2022163588447086],[101.75605773925781,-2.2077054557054083],[101.75674438476562,-2.209763861804319],[101.75846099853516,-2.2104499965366244],[101.75914764404297,-2.211822265049719],[101.75880432128906,-2.2162821289464034],[101.75365447998047,-2.2224573029255907],[101.75193786621094,-2.2214281090541164],[101.74919128417969,-2.2224573029255907],[101.7498779296875,-2.2262310076468452],[101.74507141113281,-2.230004702705841],[101.73648834228516,-2.228289387968786],[101.7333984375,-2.22931857705089],[101.72653198242188,-2.226574071233543],[101.72584533691406,-2.227603261514375],[101.72378540039062,-2.22520181640769],[101.71588897705078,-2.2245156885158224],[101.7007827758789,-2.22931857705089],[101.69803619384766,-2.227603261514375],[101.69425964355469,-2.2269171347403756],[101.68842315673828,-2.2279463247815414],[101.68704986572266,-2.226574071233543],[101.68292999267578,-2.227260198167315],[101.68190002441406,-2.226574071233543],[101.68155670166016,-2.223829560304779],[101.6781234741211,-2.2224573029255907],[101.67160034179688,-2.213880665438978],[101.66851043701172,-2.2135375989059014],[101.66954040527344,-2.2121653319796764],[101.6678237915039,-2.211822265049719],[101.66645050048828,-2.209763861804319],[101.66610717773438,-2.2056470467556437],[101.66679382324219,-2.2049609098059904],[101.66473388671875,-2.2022163588447086],[101.66301727294922,-2.2063331833888356],[101.66130065917969,-2.2059901151118027],[101.66095733642578,-2.2087346591113857],[101.65752410888672,-2.2077054557054083],[101.65546417236328,-2.200501011926221],[101.65306091308594,-2.1998148726062112],[101.65203094482422,-2.195698030061365],[101.64653778076172,-2.1884935283301843],[101.64104461669922,-2.186092020054275],[101.63761138916016,-2.1809459179583257],[101.63555145263672,-2.180259769681342],[101.63177490234375,-2.185062801045248],[101.62662506103516,-2.187807383500825],[101.62662506103516,-2.1895227449854104],[101.62525177001953,-2.190551960933803],[101.61426544189453,-2.1919242477648737],[101.6128921508789,-2.190895032759471],[101.61186218261719,-2.188150455954741],[101.60568237304688,-2.183347434462789],[101.6012191772461,-2.1723690420361237],[101.59812927246094,-2.170653661001168],[101.5957260131836,-2.166193661204062],[101.59297943115234,-2.1655075062228804],[101.58920288085938,-2.162762883191988],[101.58405303955078,-2.162762883191988],[101.57855987548828,-2.164135195328484],[101.57615661621094,-2.1658505837523165],[101.5744400024414,-2.164821350931007],[101.5740966796875,-2.161390569814202],[101.57238006591797,-2.158302860179745],[101.56654357910156,-2.1545289843332966],[101.56620025634766,-2.151784341479356],[101.5689468383789,-2.1432073007494523],[101.57478332519531,-2.137374885594909],[101.56929016113281,-2.1294839357161663],[101.56208038330078,-2.127082334247021],[101.55933380126953,-2.1281115924775804],[101.55624389648438,-2.126739248017543],[101.55590057373047,-2.1281115924775804],[101.55315399169922,-2.1277685064770537],[101.55281066894531,-2.1287977642495974],[101.54834747314453,-2.1277685064770537],[101.5462875366211,-2.1287977642495974],[101.54319763183594,-2.1336009580953714],[101.53976440429688,-2.141491886831261],[101.53633117675781,-2.142864218119527],[101.53495788574219,-2.1418349697685812],[101.53461456298828,-2.139090304119705],[101.53255462646484,-2.138404136939897],[101.53152465820312,-2.1349732964403074],[101.52809143066406,-2.1325717035329887],[101.52843475341797,-2.1281115924775804],[101.52706146240234,-2.1246807290389995],[101.52568817138672,-2.123308381528787],[101.52328491210938,-2.1229652944607977],[101.52225494384766,-2.12193603279988],[101.52259826660156,-2.12056368285306],[101.51985168457031,-2.1198775074231975],[101.513671875,-2.1150742709024257],[101.49925231933594,-2.1095848395281394],[101.48895263671875,-2.1040953887805074],[101.48723602294922,-2.106153935077984],[101.48757934570312,-2.107869388248261],[101.46903991699219,-2.105124662269077],[101.46217346191406,-2.098605918709879],[101.45565032958984,-2.09483189685362],[101.46011352539062,-2.0886562051188378],[101.44397735595703,-2.0807650081389966],[101.43402099609375,-2.0780202347084753],[101.42749786376953,-2.0745892612118837],[101.42337799072266,-2.0752754565069864],[101.40758514404297,-2.0718444770554925],[101.39556884765625,-2.063953196130697],[101.3931655883789,-2.0656686953210084],[101.39076232910156,-2.0653255956310943],[101.38492584228516,-2.069785885816188],[101.38492584228516,-2.0687565891939528],[101.38252258300781,-2.0687565891939528],[101.37737274169922,-2.071158280272897],[101.37702941894531,-2.0701289845417676],[101.37565612792969,-2.0704720831930956],[101.37359619140625,-2.069099688142259],[101.37256622314453,-2.0701289845417676],[101.36741638183594,-2.0708151817701435],[101.36810302734375,-2.069785885816188],[101.3656997680664,-2.0673841926587073],[101.36810302734375,-2.0684134901714373],[101.36741638183594,-2.067041093339455],[101.36947631835938,-2.0656686953210084],[101.36707305908203,-2.063266995936189],[101.3650131225586,-2.0629238957278915],[101.36295318603516,-2.060865292924447],[101.36295318603516,-2.0598359905244763],[101.36157989501953,-2.0598359905244763],[101.36226654052734,-2.0584635862900313],[101.35986328125,-2.0581204850467856],[101.35848999023438,-2.0560618760371483],[101.36054992675781,-2.0550325705363974],[101.35883331298828,-2.051944650054409],[101.35608673095703,-2.0516015474104137],[101.35608673095703,-2.049542930001195],[101.35780334472656,-2.048856723609788],[101.35746002197266,-2.0474843099450197],[101.35505676269531,-2.0461118951049997],[101.35574340820312,-2.0454256872445313],[101.35505676269531,-2.0430239574220224],[101.35093688964844,-2.041994643541315],[101.35025024414062,-2.0409653290012955],[101.34613037109375,-2.0450825832042057],[101.34647369384766,-2.043367061902373],[101.34510040283203,-2.04165153876788],[101.3430404663086,-2.0430239574220224],[101.34269714355469,-2.041994643541315],[101.34029388427734,-2.045768791211458],[101.33960723876953,-2.044396374903485],[101.33857727050781,-2.0447394790905236],[101.33857727050781,-2.0437101663093813],[101.33686065673828,-2.044396374903485],[101.33411407470703,-2.043367061902373],[101.32862091064453,-2.0358187464231463],[101.32484436035156,-2.0347894279342285],[101.32381439208984,-2.0327307889857735],[101.32038116455078,-2.032044575419434],[101.32072448730469,-2.033760108788343],[101.31969451904297,-2.033760108788343],[101.31935119628906,-2.035475640333189],[101.31729125976562,-2.0344463216252393],[101.3162612915039,-2.035475640333189],[101.31797790527344,-2.0382204870071234],[101.31797790527344,-2.0402791189418252],[101.31729125976562,-2.03993601380229],[101.31866455078125,-2.0409653290012955],[101.31694793701172,-2.0402791189418252],[101.31420135498047,-2.0409653290012955],[101.31660461425781,-2.0454256872445313],[101.31488800048828,-2.0454256872445313],[101.31488800048828,-2.0464549989251424],[101.31385803222656,-2.046798102671872],[101.31385803222656,-2.0450825832042057],[101.31248474121094,-2.0454256872445313],[101.31111145019531,-2.042680852868415],[101.3100814819336,-2.0447394790905236],[101.30870819091797,-2.0450825832042057],[101.30836486816406,-2.048170516924344],[101.304931640625,-2.048170516924344],[101.30664825439453,-2.049199826842255],[101.3052749633789,-2.0509153419016144],[101.30699157714844,-2.0526308551215635],[101.30390167236328,-2.0570911808740533],[101.30321502685547,-2.0560618760371483],[101.30081176757812,-2.057777383729686],[101.29806518554688,-2.0574342823387752],[101.29737854003906,-2.05914978855499],[101.29497528076172,-2.0574342823387752],[101.29119873046875,-2.060522192198377],[101.28948211669922,-2.0601790913983677],[101.28948211669922,-2.0615514941547843],[101.28913879394531,-2.060865292924447],[101.28776550292969,-2.0615514941547843],[101.28707885742188,-2.060865292924447],[101.28433227539062,-2.062237695089294],[101.28433227539062,-2.063953196130697],[101.2826156616211,-2.060865292924447],[101.2778091430664,-2.057777383729686],[101.27540588378906,-2.063266995936189],[101.27471923828125,-2.061894594659023],[101.27334594726562,-2.061894594659023],[101.2716293334961,-2.063953196130697],[101.26853942871094,-2.0642962961168934],[101.2668228149414,-2.0660117949367987],[101.26510620117188,-2.064982495867099],[101.26167297363281,-2.0684134901714373],[101.26235961914062,-2.0708151817701435],[101.25617980957031,-2.0728737716719223],[101.2554931640625,-2.074932358896646],[101.25411987304688,-2.0759616515043007],[101.2551498413086,-2.0783633316483474],[101.25652313232422,-2.0780202347084753],[101.2551498413086,-2.0804219117213165],[101.2551498413086,-2.083509776792212],[101.25308990478516,-2.084539063804243],[101.25377655029297,-2.0859114454399617],[101.25652313232422,-2.086597635808914],[101.25343322753906,-2.0883131104210975],[101.25137329101562,-2.0869407308811105],[101.24656677246094,-2.0883131104210975],[101.24313354492188,-2.0920871479731886],[101.24279022216797,-2.094145710084149],[101.24382019042969,-2.095174990125628],[101.24073028564453,-2.097233548178906],[101.23970031738281,-2.099635195817683],[101.24038696289062,-2.100664472247587],[101.239013671875,-2.101350656157436],[101.2393569946289,-2.102379931456781],[101.23764038085938,-2.104438480018871],[101.23489379882812,-2.105810844217217],[101.23661041259766,-2.1085555689871427],[101.23661041259766,-2.110271019510435],[101.23283386230469,-2.118505155650979],[101.23008728027344,-2.1209067704538995],[101.23146057128906,-2.1181620675179005],[101.23008728027344,-2.1195344195941743],[101.22802734375,-2.1195344195941743]]}}]}