{"type":"FeatureCollection","features":[{"type":"Feature","id":"pmtiles:10/844/509:park:77457633:0","properties":{"name_int":"Kutai National Park","name_de":"Taman Nasional Kutai","name":"Taman Nasional Kutai","rank":1,"name:en":"Kutai National Park","class":"national_park","name:latin":"Taman Nasional Kutai","name_en":"Kutai National Park","kind":"green","verification":"verified","source":"OpenMapTiles/OpenStreetMap national PMTiles","sourceId":"10/844/509:park:77457633:0","sourceLayer":"park","archive":"https://its.hanifahseptiani45.workers.dev/v1/map/archive/indonesia.pmtiles","updatedAt":"2026-07-26T09:40:55.346Z"},"geometry":{"type":"Point","coordinates":[117.26557731628418,0.3566242079053268]}},{"type":"Feature","id":"pmtiles:10/845/509:landuse:6086538570:4","properties":{"class":"residential","kind":"green","verification":"verified","source":"OpenMapTiles/OpenStreetMap national PMTiles","sourceId":"10/845/509:landuse:6086538570:4","sourceLayer":"landuse","archive":"https://its.hanifahseptiani45.workers.dev/v1/map/archive/indonesia.pmtiles","updatedAt":"2026-07-26T09:40:55.414Z"},"geometry":{"type":"Polygon","coordinates":[[[117.29501724243164,0.6976145987557061],[117.29544639587402,0.698387017630651],[117.29458808898926,0.7007900977625354],[117.29578971862793,0.7016483403682372],[117.29690551757812,0.6983011933174765],[117.29647636413574,0.6976145987557061],[117.29501724243164,0.6976145987557061]]]}},{"type":"Feature","id":"pmtiles:10/845/509:park:77457633:0","properties":{"name_int":"Kutai National Park","name_de":"Taman Nasional Kutai","name":"Taman Nasional Kutai","rank":1,"name:en":"Kutai National Park","class":"national_park","name:latin":"Taman Nasional Kutai","name_en":"Kutai National Park","kind":"green","verification":"verified","source":"OpenMapTiles/OpenStreetMap national PMTiles","sourceId":"10/845/509:park:77457633:0","sourceLayer":"park","archive":"https://its.hanifahseptiani45.workers.dev/v1/map/archive/indonesia.pmtiles","updatedAt":"2026-07-26T09:40:55.414Z"},"geometry":{"type":"Point","coordinates":[117.26557731628418,0.3566242079053268]}},{"type":"Feature","id":"pmtiles:10/845/509:transportation:3720004220:0","properties":{"class":"secondary","highway":"secondary","kind":"road","verification":"verified","source":"OpenMapTiles/OpenStreetMap national PMTiles","sourceId":"10/845/509:transportation:3720004220:0","sourceLayer":"transportation","archive":"https://its.hanifahseptiani45.workers.dev/v1/map/archive/indonesia.pmtiles","updatedAt":"2026-07-26T09:40:55.414Z"},"geometry":{"type":"LineString","coordinates":[[117.20695495605469,0.6976145987557061],[117.20807075500488,0.7011333948236995],[117.20978736877441,0.7022491100985633],[117.20952987670898,0.7037939461932581],[117.2102165222168,0.7067977926894145],[117.21047401428223,0.7069694410020304],[117.21141815185547,0.7065403202086173],[117.213134765625,0.7067977926894145],[117.21665382385254,0.706111199375556],[117.2175121307373,0.7062828477135383],[117.21948623657227,0.7055962543236234],[117.22025871276855,0.7044805398489444],[117.22146034240723,0.704909660832385],[117.22188949584961,0.704738012443741],[117.22231864929199,0.7028498797516818],[117.22369194030762,0.7014766918596962],[117.2237777709961,0.7000176792829507],[117.2244644165039,0.6994169092664322],[117.2255802154541,0.698987787778961],[117.22618103027344,0.6982153690027388],[117.22626686096191,0.6976145987557061]]}},{"type":"Feature","id":"pmtiles:10/846/509:park:77457633:0","properties":{"name_int":"Kutai National Park","name_de":"Taman Nasional Kutai","name":"Taman Nasional Kutai","rank":1,"name:en":"Kutai National Park","class":"national_park","name:latin":"Taman Nasional Kutai","name_en":"Kutai National Park","kind":"green","verification":"verified","source":"OpenMapTiles/OpenStreetMap national PMTiles","sourceId":"10/846/509:park:77457633:0","sourceLayer":"park","archive":"https://its.hanifahseptiani45.workers.dev/v1/map/archive/indonesia.pmtiles","updatedAt":"2026-07-26T09:40:55.476Z"},"geometry":{"type":"Point","coordinates":[117.26557731628418,0.3566242079053268]}},{"type":"Feature","id":"pmtiles:10/844/510:waterway:592310932:0","properties":{"name":"Sungai Sengata","name_int":"Sungai Sengata","class":"river","name:latin":"Sungai Sengata","name_de":"Sungai Sengata","name_en":"Sungai Sengata","waterway":"river","kind":"waterway","verification":"verified","source":"OpenMapTiles/OpenStreetMap national PMTiles","sourceId":"10/844/510:waterway:592310932:0","sourceLayer":"waterway","archive":"https://its.hanifahseptiani45.workers.dev/v1/map/archive/indonesia.pmtiles","updatedAt":"2026-07-26T09:41:05.544Z"},"geometry":{"type":"LineString","coordinates":[[117.07074165344238,0.5682756710759378],[117.07194328308105,0.568018191669708],[117.07271575927734,0.567503232822844],[117.07391738891602,0.5646709583467526],[117.07331657409668,0.5642418257298374],[117.07331657409668,0.5639843461444798],[117.07426071166992,0.5634693869396159],[117.07537651062012,0.5633835604010642],[117.07529067993164,0.5620103356121291],[117.07554817199707,0.5616670293644432],[117.07674980163574,0.561409549665413]]}},{"type":"Feature","id":"pmtiles:10/845/510:landuse:6086538642:0","properties":{"class":"quarry","kind":"green","verification":"verified","source":"OpenMapTiles/OpenStreetMap national PMTiles","sourceId":"10/845/510:landuse:6086538642:0","sourceLayer":"landuse","archive":"https://its.hanifahseptiani45.workers.dev/v1/map/archive/indonesia.pmtiles","updatedAt":"2026-07-26T09:41:05.617Z"},"geometry":{"type":"Polygon","coordinates":[[[117.37921714782715,0.6050092795667723],[117.39063262939453,0.6103304829616718],[117.39981651306152,0.6203720943449866],[117.40788459777832,0.6247492010538025],[117.40857124328613,0.6277530957064812],[117.41406440734863,0.6288688275669898],[117.41354942321777,0.6328167999248961],[117.41037368774414,0.6377946738303137],[117.41269111633301,0.6421717658739539],[117.4152660369873,0.6421717658739539],[117.42101669311523,0.6481795331595066],[117.42350578308105,0.6468063298344617],[117.42633819580078,0.6490377850486482],[117.4273681640625,0.6491236102295375],[117.4273681640625,0.6019195461655471],[117.42556571960449,0.6050951054695162],[117.42539405822754,0.6067257973633247],[117.42136001586914,0.6051809313708958],[117.41947174072266,0.6053525831695765],[117.41569519042969,0.6093005730366059],[117.41372108459473,0.6035502390126766],[117.41063117980957,0.5980573769534914],[117.41329193115234,0.5919637266772213],[117.41921424865723,0.5935944224806207],[117.42556571960449,0.5904188565263837],[117.4174976348877,0.5841535454147504],[117.41449356079102,0.5799480586912011],[117.40076065063477,0.5735110831727752],[117.39852905273438,0.5698205472721014],[117.3947525024414,0.5705929852149012],[117.39320755004883,0.5693914150368897],[117.39157676696777,0.5657867030024448],[117.38402366638184,0.5639843461444798],[117.3793888092041,0.5602938041720904],[117.37604141235352,0.5590922318647102],[117.37192153930664,0.5588347520525616],[117.37071990966797,0.5628686011430943],[117.36685752868652,0.5636410400129677],[117.36368179321289,0.5638985196135025],[117.35844612121582,0.5659583560073571],[117.35518455505371,0.559950497823678],[117.35321044921875,0.5608087636569792],[117.3533821105957,0.565443396977372],[117.35200881958008,0.5668166209557199],[117.3519229888916,0.5706788116465873],[117.35406875610352,0.5727386456225219],[117.35458374023438,0.5754850897717745],[117.35432624816895,0.5767724850119151],[117.3530387878418,0.5774590956876438],[117.35218048095703,0.5748843052269024],[117.3508071899414,0.5724811664159546],[117.34926223754883,0.5719662079681598],[117.34814643859863,0.572824472022134],[117.34728813171387,0.5765150059871615],[117.34848976135254,0.5802913638472802],[117.35097885131836,0.584325197867372],[117.35252380371094,0.5844968503147783],[117.35295295715332,0.5869858102115444],[117.3599910736084,0.5943668571671026],[117.36265182495117,0.5941093789502787],[117.36471176147461,0.5935085963976832],[117.36917495727539,0.5967699866113634],[117.37192153930664,0.5968558126435539],[117.3724365234375,0.5981432029655736],[117.37698554992676,0.6006321567312227],[117.37973213195801,0.602777805619624],[117.37921714782715,0.6050092795667723]]]}},{"type":"Feature","id":"pmtiles:10/845/510:landuse:11192757822:0","properties":{"class":"industrial","kind":"green","verification":"verified","source":"OpenMapTiles/OpenStreetMap national PMTiles","sourceId":"10/845/510:landuse:11192757822:0","sourceLayer":"landuse","archive":"https://its.hanifahseptiani45.workers.dev/v1/map/archive/indonesia.pmtiles","updatedAt":"2026-07-26T09:41:05.617Z"},"geometry":{"type":"Polygon","coordinates":[[[117.4273681640625,0.5741976942410787],[117.42496490478516,0.571794555141949],[117.42093086242676,0.5658725295055405],[117.41569519042969,0.5631260807777494],[117.41183280944824,0.5622678152846703],[117.40874290466309,0.5629544276892489],[117.40230560302734,0.5663016620019476],[117.39930152893066,0.5651000909319919],[117.39749908447266,0.5636410400129677],[117.39621162414551,0.5632119073201238],[117.39569664001465,0.5618386824908015],[117.39303588867188,0.561409549665413],[117.39157676696777,0.5616670293644432],[117.39011764526367,0.5611520699550709],[117.38805770874023,0.5617528559282334],[117.38574028015137,0.560722937079305],[117.3830795288086,0.5603796307560458],[117.3819637298584,0.5575473528225814],[117.38076210021973,0.5560883000216705],[117.37947463989258,0.5552300334996687],[117.37887382507324,0.5554875134693731],[117.37844467163086,0.5566032598749899],[117.37775802612305,0.5576331794466682],[117.3753547668457,0.5577190060695187],[117.3738956451416,0.5584914456187988],[117.37338066101074,0.5584914456187988],[117.37303733825684,0.5577190060695187],[117.37235069274902,0.5573756995706276],[117.3709774017334,0.5572898729427749],[117.37046241760254,0.5570323930517418],[117.37003326416016,0.5573756995706276],[117.3695182800293,0.5585772722291011],[117.36943244934082,0.5596071914551572],[117.37011909484863,0.5612378965264355],[117.36934661865234,0.5618386824908015],[117.36891746520996,0.5612378965264355],[117.36797332763672,0.5608087636569792],[117.36625671386719,0.5619245090521048],[117.36608505249023,0.560637110500366],[117.3658275604248,0.5601221510003853],[117.36522674560547,0.5602938041720904],[117.36368179321289,0.5614953762330117],[117.36205101013184,0.5614953762330117],[117.36170768737793,0.5618386824908015],[117.36170768737793,0.5629544276892489],[117.36059188842773,0.5630402542341244],[117.35947608947754,0.5628686011430943],[117.35870361328125,0.5624394683933929],[117.3588752746582,0.5614953762330117],[117.35827445983887,0.5608087636569792],[117.35690116882324,0.5614953762330117],[117.35544204711914,0.55952136485989],[117.35140800476074,0.5604654573387364],[117.35166549682617,0.5629544276892489],[117.35115051269531,0.5658725295055405],[117.35175132751465,0.5667307944665936],[117.35132217407227,0.5701638530372577],[117.35132217407227,0.5719662079681598],[117.34720230102539,0.5715370758930192],[117.34471321105957,0.5743693469952547],[117.34557151794434,0.5780598799608612],[117.34703063964844,0.5826944993558385],[117.35569953918457,0.5915345961228695],[117.35252380371094,0.5945385093049964],[117.3508071899414,0.5971132907320964],[117.35149383544922,0.5986581590098439],[117.35492706298828,0.599773896939837],[117.35801696777344,0.6001172008725604],[117.36359596252441,0.5995164189761653],[117.37380981445312,0.5999455489088916],[117.37895965576172,0.6032069352959581],[117.37810134887695,0.6065541456081576],[117.39046096801758,0.6132485600106037],[117.39938735961914,0.622088607212774],[117.40256309509277,0.6311002905721637],[117.40865707397461,0.6341041815667836],[117.40814208984375,0.6385671021092207],[117.40814208984375,0.6444032231220547],[117.41440773010254,0.6480937079625875],[117.42273330688477,0.6505826380819286],[117.4273681640625,0.6537581678304178],[117.4273681640625,0.5741976942410787]]]}},{"type":"Feature","id":"pmtiles:10/845/510:landuse:6086538550:0","properties":{"class":"residential","kind":"green","verification":"verified","source":"OpenMapTiles/OpenStreetMap national PMTiles","sourceId":"10/845/510:landuse:6086538550:0","sourceLayer":"landuse","archive":"https://its.hanifahseptiani45.workers.dev/v1/map/archive/indonesia.pmtiles","updatedAt":"2026-07-26T09:41:05.617Z"},"geometry":{"type":"Polygon","coordinates":[[[117.24532127380371,0.5922212049938764],[117.24626541137695,0.5949676396263754],[117.24746704101562,0.5943668571671026],[117.24660873413086,0.59325111814087],[117.24712371826172,0.5924786832985802],[117.24652290344238,0.5918779005690169],[117.24532127380371,0.5922212049938764]]]}},{"type":"Feature","id":"pmtiles:10/845/510:landuse:6086538550:2","properties":{"class":"residential","kind":"green","verification":"verified","source":"OpenMapTiles/OpenStreetMap national PMTiles","sourceId":"10/845/510:landuse:6086538550:2","sourceLayer":"landuse","archive":"https://its.hanifahseptiani45.workers.dev/v1/map/archive/indonesia.pmtiles","updatedAt":"2026-07-26T09:41:05.617Z"},"geometry":{"type":"Polygon","coordinates":[[[117.29415893554688,0.6958981119131948],[117.29544639587402,0.698387017630651],[117.29458808898926,0.7007900977625354],[117.29578971862793,0.7016483403682372],[117.29690551757812,0.6983011933174765],[117.29544639587402,0.6958122875546593],[117.29493141174316,0.6954689901049136],[117.29415893554688,0.6958981119131948]]]}},{"type":"Feature","id":"pmtiles:10/845/510:landuse:6086538550:3","properties":{"class":"residential","kind":"green","verification":"verified","source":"OpenMapTiles/OpenStreetMap national PMTiles","sourceId":"10/845/510:landuse:6086538550:3","sourceLayer":"landuse","archive":"https://its.hanifahseptiani45.workers.dev/v1/map/archive/indonesia.pmtiles","updatedAt":"2026-07-26T09:41:05.617Z"},"geometry":{"type":"Polygon","coordinates":[[[117.29484558105469,0.6668035661601834],[117.29475975036621,0.6749569226046788],[117.29424476623535,0.6760726440059983],[117.29922294616699,0.6759009945763097],[117.29922294616699,0.6750427473369598],[117.29621887207031,0.6750427473369598],[117.2955322265625,0.6665460915253192],[117.29484558105469,0.6668035661601834]]]}},{"type":"Feature","id":"pmtiles:10/845/510:park:77457633:0","properties":{"name":"Taman Nasional Kutai","name_int":"Kutai National Park","class":"national_park","name:latin":"Taman Nasional Kutai","name_de":"Taman Nasional Kutai","name_en":"Kutai National Park","kind":"green","verification":"verified","source":"OpenMapTiles/OpenStreetMap national PMTiles","sourceId":"10/845/510:park:77457633:0","sourceLayer":"park","archive":"https://its.hanifahseptiani45.workers.dev/v1/map/archive/indonesia.pmtiles","updatedAt":"2026-07-26T09:41:05.617Z"},"geometry":{"type":"Polygon","coordinates":[[[117.0648193359375,0.34606723172845477],[117.0648193359375,0.5683614975421136],[117.07074165344238,0.5682756710759378],[117.07194328308105,0.568018191669708],[117.07262992858887,0.5675890593005022],[117.07383155822754,0.5650142644174849],[117.07391738891602,0.5646709583467526],[117.07331657409668,0.5642418257298374],[117.07331657409668,0.5639843461444798],[117.07426071166992,0.5634693869396159],[117.07537651062012,0.5633835604010642],[117.07529067993164,0.5620103356121291],[117.07554817199707,0.5616670293644432],[117.07674980163574,0.5614953762330117],[117.07683563232422,0.5627827745956893],[117.0772647857666,0.5634693869396159],[117.07795143127441,0.5635552134769171],[117.07958221435547,0.5630402542341244],[117.08155632019043,0.5610662433824274],[117.08147048950195,0.560637110500366],[117.08009719848633,0.5603796307560458],[117.07923889160156,0.5605512839201907],[117.07777976989746,0.5612378965264355],[117.07743644714355,0.5609804168085475],[117.07743644714355,0.5605512839201907],[117.07795143127441,0.5601221510003853],[117.07829475402832,0.5584056190072175],[117.07863807678223,0.5576331794466682],[117.07906723022461,0.5575473528225814],[117.07966804504395,0.5583197923943999],[117.08052635192871,0.5583197923943999],[117.08292961120605,0.5561741266670168],[117.08310127258301,0.5555733401234448],[117.08172798156738,0.5554016868140508],[117.08147048950195,0.555058380180327],[117.08215713500977,0.5542001135088412],[117.0838737487793,0.5540284601596142],[117.0842170715332,0.5535135000821185],[117.08378791809082,0.5528268865758861],[117.08215713500977,0.5519686195814728],[117.08215713500977,0.5515394860378109],[117.08292961120605,0.550767045581253],[117.08447456359863,0.5499946050245939],[117.08550453186035,0.5500804317580474],[117.08739280700684,0.5495654713388092],[117.08876609802246,0.5496512980784303],[117.09013938903809,0.5492221643679613],[117.0911693572998,0.5458749203708209],[117.09219932556152,0.5451024791834129],[117.09305763244629,0.5451024791834129],[117.0934009552002,0.5452741327891886],[117.09434509277344,0.5477631095220801],[117.09503173828125,0.5481922433371977],[117.09511756896973,0.544759171957196],[117.09546089172363,0.5435575965114907],[117.09614753723145,0.5435575965114907],[117.09709167480469,0.544415864711425],[117.09846496582031,0.5438150769842878],[117.09897994995117,0.5431284623657717],[117.09966659545898,0.5426993281895989],[117.10164070129395,0.542613501350715],[117.10164070129395,0.5411544449034125],[117.10198402404785,0.5406394837205397],[117.1029281616211,0.540038695618648],[117.10301399230957,0.5396095612238128],[117.10275650024414,0.5384938116555844],[117.103271484375,0.537978850247498],[117.10447311401367,0.5382363309569769],[117.10533142089844,0.5394379074573976],[117.10661888122559,0.539352080572371],[117.10747718811035,0.5386654654486165],[117.10782051086426,0.5369489273010117],[117.10893630981445,0.535575696435842],[117.11030960083008,0.534631600037514],[117.11176872253418,0.5330008877350139],[117.11271286010742,0.5324859258655152],[117.1131420135498,0.5317993099726124],[117.1142578125,0.5311126940033262],[117.11580276489258,0.5311126940033262],[117.11657524108887,0.5316276559874495],[117.11743354797363,0.5327434068056505],[117.1182918548584,0.5317993099726124],[117.11915016174316,0.5303402509467219],[117.12018013000488,0.5301685969210581],[117.12095260620117,0.5306835589837959],[117.12138175964355,0.5304260779577845],[117.12138175964355,0.5299111158736025],[117.12095260620117,0.5292244996948057],[117.12103843688965,0.5285378834400092],[117.12172508239746,0.5276796130147829],[117.12335586547852,0.5276796130147829],[117.12352752685547,0.5269071695308298],[117.12404251098633,0.526735515410266],[117.12430000305176,0.5260488988807737],[117.12404251098633,0.5256197635114574],[117.12292671203613,0.5251906281126679],[117.12284088134766,0.5246756655952396],[117.12352752685547,0.5239032217396442],[117.12301254272461,0.5218433709928405],[117.12318420410156,0.5208134453663433],[117.12361335754395,0.5202126553398045],[117.12430000305176,0.5203843096389562],[117.12661743164062,0.5233882591163024],[117.12764739990234,0.523559913328782],[117.12944984436035,0.5233024320083217],[117.12996482849121,0.5227016422194737],[117.12996482849121,0.5219291981207874],[117.1310806274414,0.5210709267887665],[117.13236808776855,0.5210709267887665],[117.13322639465332,0.5202126553398045],[117.13408470153809,0.5196976924143968],[117.13597297668457,0.519182729446996],[117.1365737915039,0.5184102849172945],[117.13640213012695,0.5172945315413955],[117.13459968566895,0.5150630242014671],[117.1347713470459,0.5143764064010838],[117.13605880737305,0.5133464795620171],[117.13691711425781,0.5130889978263156],[117.1376895904541,0.513775615765141],[117.13932037353516,0.5145480608581039],[117.13974952697754,0.5145480608581039],[117.13992118835449,0.5136897885268183],[117.13932037353516,0.5130889978263156],[117.13932037353516,0.5126598615771201],[117.14009284973145,0.512316552557067],[117.14043617248535,0.5124882070693957],[117.14052200317383,0.514204751939431],[117.14120864868164,0.5148055425350009],[117.14223861694336,0.5148913697583026],[117.14258193969727,0.5145480608581039],[117.14241027832031,0.5132606523179248],[117.1428394317627,0.5113724526570991],[117.14361190795898,0.5112866253865604],[117.14447021484375,0.511973243518625],[117.14601516723633,0.5124023798138069],[117.14635848999023,0.512144898040134],[117.14635848999023,0.5115441071946947],[117.14670181274414,0.5110291435681233],[117.14713096618652,0.5111149708420868],[117.147216796875,0.5117157617277002],[117.14773178100586,0.512144898040134],[117.14936256408691,0.5117157617277002],[117.1501350402832,0.5112866253865604],[117.15065002441406,0.510600007181111],[117.14987754821777,0.5095700797354539],[117.14996337890625,0.5091409432511398],[117.15073585510254,0.5087118067382619],[117.15202331542969,0.5089692886494248],[117.15262413024902,0.5088834613468407],[117.15288162231445,0.5082826701968628],[117.1527099609375,0.5069952604016379],[117.1541690826416,0.5065661237463104],[117.15545654296875,0.5063944690762128],[117.1567440032959,0.5051928862584276],[117.15751647949219,0.5051928862584276],[117.16017723083496,0.5061369870625754],[117.16060638427734,0.5059653323811091],[117.16069221496582,0.5055361956576547],[117.16240882873535,0.5045920947661813],[117.16326713562012,0.5045062674056027],[117.16343879699707,0.5048495768410959],[117.16412544250488,0.5050212315520213],[117.16498374938965,0.5050212315520213],[117.16592788696289,0.5041629579520333],[117.16635704040527,0.5027038925724838],[117.16635704040527,0.501845618667474],[117.16592788696289,0.4995282785619679],[117.16704368591309,0.4984983493636719],[117.16824531555176,0.49832669448161937],[117.1688461303711,0.49858417680302125],[117.16970443725586,0.5006440350113195],[117.16987609863281,0.5023605830240001],[117.1703052520752,0.5028755473399542],[117.17116355895996,0.5030472021029198],[117.17262268066406,0.5017597912707714],[117.17330932617188,0.5019314460630397],[117.1735668182373,0.5025322378005086],[117.17348098754883,0.5031330294827114],[117.17202186584473,0.5041629579520333],[117.17202186584473,0.5045920947661813],[117.17391014099121,0.5045920947661813],[117.17494010925293,0.5040771305857987],[117.1757984161377,0.5039054758499475],[117.17777252197266,0.5043346126810775],[117.17863082885742,0.5042487853171167],[117.17931747436523,0.5033905116152937],[117.17940330505371,0.5024464104128157],[117.17931747436523,0.5015881364739982],[117.17828750610352,0.5007298624226308],[117.17811584472656,0.5002148979378518],[117.1787166595459,0.49978576083633186],[117.18008995056152,0.4991849688471177],[117.18103408813477,0.49935662370680234],[117.18111991882324,0.5000432431006203],[117.18180656433105,0.5002148979378518],[117.18292236328125,0.4989274865492348],[117.18403816223145,0.49867000424124797],[117.18618392944336,0.4991849688471177],[117.18652725219727,0.49884165911434764],[117.18721389770508,0.4971251101820968],[117.18798637390137,0.4972967650954274],[117.18841552734375,0.49841252192321406],[117.1900463104248,0.49927079627751425],[117.19038963317871,0.49909914141561273],[117.1908187866211,0.49755424745706023],[117.19141960144043,0.49686762780373783],[117.19305038452148,0.4972967650954274],[117.19339370727539,0.4977259023592211],[117.19347953796387,0.49832669448161937],[117.19399452209473,0.49875583167836623],[117.19485282897949,0.4972967650954274],[117.19476699829102,0.4950652508745179],[117.19528198242188,0.4943786309629985],[117.19691276550293,0.4942069759740093],[117.19871520996094,0.48965811715453356],[117.19871520996094,0.48708329003781614],[117.19794273376465,0.48682580727195557],[117.19768524169922,0.4864824969021839],[117.1977710723877,0.48553839329527193],[117.19828605651855,0.48450846193740915],[117.19880104064941,0.48433680669585044],[117.1992301940918,0.48459428955654005],[117.1995735168457,0.48528091047050737],[117.19940185546875,0.48682580727195557],[117.19991683959961,0.4874266003769918],[117.20137596130371,0.48759825554002134],[117.2021484375,0.4869974624502902],[117.2024917602539,0.4853667380798612],[117.20232009887695,0.484765944791576],[117.2024917602539,0.48382184094515424],[117.20120429992676,0.48270608168459717],[117.2010326385498,0.4821911158102665],[117.20146179199219,0.48038873494361667],[117.20189094543457,0.4802170795981624],[117.20232009887695,0.48038873494361667],[117.20300674438477,0.48193363285848534],[117.20343589782715,0.48244859875229906],[117.20438003540039,0.4829635646071324],[117.20480918884277,0.4827919093265223],[117.20343589782715,0.479530458173258],[117.20377922058105,0.4789296643699572],[117.20369338989258,0.4780713874167901],[117.20386505126953,0.4771272826443891],[117.20429420471191,0.4766981440686493],[117.20626831054688,0.47583986683694945],[117.20738410949707,0.4759256945649213],[117.20892906188965,0.4766981440686493],[117.20961570739746,0.4747241062761276],[117.213134765625,0.47206344575154446],[117.21364974975586,0.47206344575154446],[117.21399307250977,0.4722351013000292],[117.21416473388672,0.47275006792008867],[117.21545219421387,0.47352251777854804],[117.21742630004883,0.47429496755093226],[117.2197437286377,0.4748099340179692],[117.22146034240723,0.4766123163502982],[117.22206115722656,0.47695562721730766],[117.22257614135742,0.4770414549313813],[117.22309112548828,0.4765264886308671],[117.22386360168457,0.4734366900207334],[117.22429275512695,0.47292172345160566],[117.22738265991211,0.47498158949846925],[117.23004341125488,0.47189179019879646],[117.23630905151367,0.47420913980269574],[117.23793983459473,0.47111934015909185],[117.24154472351074,0.47214927352631264],[117.24557876586914,0.46888781734168106],[117.24695205688477,0.47111934015909185],[117.24995613098145,0.47206344575154446],[117.25167274475098,0.47000357883950983],[117.25321769714355,0.47154847908062436],[117.25321769714355,0.47292172345160566],[117.25725173950195,0.4747241062761276],[117.25991249084473,0.4766981440686493],[117.26042747497559,0.4787580089879242],[117.26343154907227,0.4785005259067958],[117.2666072845459,0.4814186669257481],[117.27278709411621,0.47961628585514404],[117.27536201477051,0.48236277110602543],[117.27484703063965,0.48433680669585044],[117.2775936126709,0.4867399796811611],[117.27510452270508,0.4907738752649635],[117.27493286132812,0.49266208087378516],[117.27579116821289,0.4939494934822335],[117.27931022644043,0.49703928272376174],[117.2801685333252,0.49824086703891624],[117.27931022644043,0.4995282785619679],[117.27810859680176,0.5002148979378518],[117.2801685333252,0.501158999462362],[117.28248596191406,0.5002148979378518],[117.2845458984375,0.5009873446498432],[117.28531837463379,0.5025322378005086],[117.28574752807617,0.5051928862584276],[117.28583335876465,0.5124882070693957],[117.28643417358398,0.514118924706878],[117.28926658630371,0.5177236674784353],[117.28918075561523,0.5207276182231908],[117.28806495666504,0.5216717167334508],[117.28926658630371,0.5221866794975369],[117.29398727416992,0.5226158151020712],[117.29338645935059,0.5257055905877053],[117.2951889038086,0.5274221318641139],[117.29836463928223,0.5285378834400092],[117.30093955993652,0.5255339364340728],[117.30111122131348,0.5237315675365579],[117.2995662689209,0.5229591235645898],[117.29973793029785,0.5217575438637425],[117.30308532714844,0.521585889602008],[117.30291366577148,0.5193543837741288],[117.30480194091797,0.5190110751152162],[117.30548858642578,0.5203843096389562],[117.3065185546875,0.519182729446996],[117.30789184570312,0.5203843096389562],[117.30832099914551,0.5221008523731285],[117.31184005737305,0.5227874693356682],[117.31184005737305,0.5197835195715612],[117.31261253356934,0.5183244577414996],[117.31561660766602,0.5182386305645537],[117.31982231140137,0.5190969022817029],[117.32686042785645,0.5216717167334508],[117.32789039611816,0.5207276182231908],[117.32866287231445,0.5207276182231908],[117.33020782470703,0.5233024320083217],[117.33338356018066,0.5271646507028009],[117.3351001739502,0.5278512671092983],[117.33578681945801,0.5264780342205597],[117.33716011047363,0.5251906281126679],[117.34050750732422,0.525276455194799],[117.34042167663574,0.5289670186081707],[117.34557151794434,0.5291386726671163],[117.3464298248291,0.5281945752841324],[117.34548568725586,0.5251048010293999],[117.34411239624023,0.5233024320083217],[117.34411239624023,0.5215000624694],[117.34522819519043,0.5205559639334041],[117.35243797302246,0.5221008523731285],[117.35260963439941,0.5218433709928405],[117.35252380371094,0.5200410010360059],[117.35312461853027,0.5190969022817029],[117.35492706298828,0.5181528033864282],[117.35672950744629,0.5200410010360059],[117.35818862915039,0.5218433709928405],[117.35793113708496,0.5227016422194737],[117.35655784606934,0.5227874693356682],[117.35552787780762,0.523559913328782],[117.35544204711914,0.5247614926844335],[117.35647201538086,0.526735515410266],[117.35612869262695,0.5293103267213155],[117.35733032226562,0.5306835589837959],[117.35861778259277,0.5333441956241103],[117.35964775085449,0.5342024652630073],[117.3614501953125,0.5345457730850285],[117.3617935180664,0.534974907835533],[117.36265182495117,0.5377213695271621],[117.36239433288574,0.5390087730201714],[117.3611068725586,0.5412402717629874],[117.36016273498535,0.5420127134443788],[117.35612869262695,0.5442442110812067],[117.35466957092285,0.5464757078924549],[117.35398292541504,0.5481922433371977],[117.35475540161133,0.5494796445979375],[117.35647201538086,0.551453659325361],[117.35844612121582,0.5527410598820239],[117.35956192016602,0.5521402729902718],[117.35990524291992,0.5515394860378109],[117.36059188842773,0.551196179180593],[117.36385345458984,0.5519686195814728],[117.3640251159668,0.5523119263941112],[117.36376762390137,0.5531701933389428],[117.36213684082031,0.5540284601596142],[117.3603343963623,0.5557449934278367],[117.35990524291992,0.5565174332358822],[117.3599910736084,0.5568607397847813],[117.36213684082031,0.5585772722291011],[117.36316680908203,0.5589205786578617],[117.36393928527832,0.5584914456187988],[117.3658275604248,0.5581481391649703],[117.36634254455566,0.5577190060695187],[117.36651420593262,0.5569465664188868],[117.36565589904785,0.5539426334831461],[117.36591339111328,0.5529985399598871],[117.36677169799805,0.5517969661677284],[117.36788749694824,0.550767045581253],[117.36865997314453,0.550767045581253],[117.37029075622559,0.5526552331869254],[117.37123489379883,0.5523977530941693],[117.37320899963379,0.5511103524631977],[117.3735523223877,0.5511103524631977],[117.37398147583008,0.5515394860378109],[117.37475395202637,0.551196179180593],[117.37638473510742,0.5511103524631977],[117.37741470336914,0.551453659325361],[117.37810134887695,0.5511103524631977],[117.3782730102539,0.5500804317580474],[117.37870216369629,0.549393817855858],[117.3819637298584,0.5494796445979375],[117.38565444946289,0.5532560200265948],[117.38797187805176,0.554886726855969],[117.38977432250977,0.5568607397847813],[117.39200592041016,0.5568607397847813],[117.39252090454102,0.5566032598749899],[117.3940658569336,0.5552300334996687],[117.39483833312988,0.5557449934278367],[117.39612579345703,0.555830820078171],[117.39638328552246,0.5560024733750879],[117.39672660827637,0.5566890865128329],[117.39706993103027,0.5567749131494253],[117.39792823791504,0.5563457799539435],[117.40015983581543,0.5564316065955381],[117.40462303161621,0.5591780584662445],[117.40805625915527,0.5604654573387364],[117.40968704223633,0.5598646712334272],[117.41415023803711,0.5592638850665566],[117.41586685180664,0.5596071914551572],[117.41887092590332,0.5608945902333886],[117.42264747619629,0.5635552134769171],[117.42453575134277,0.5659583560073571],[117.42547988891602,0.5678465387258456],[117.4273681640625,0.568533150470671],[117.4273681640625,0.34606723172845477],[117.0648193359375,0.34606723172845477]]]}},{"type":"Feature","id":"pmtiles:10/845/510:transportation:3720004220:0","properties":{"class":"secondary","highway":"secondary","kind":"road","verification":"verified","source":"OpenMapTiles/OpenStreetMap national PMTiles","sourceId":"10/845/510:transportation:3720004220:0","sourceLayer":"transportation","archive":"https://its.hanifahseptiani45.workers.dev/v1/map/archive/indonesia.pmtiles","updatedAt":"2026-07-26T09:41:05.618Z"},"geometry":{"type":"LineString","coordinates":[[117.08988189697266,0.708600099655115],[117.08885192871094,0.7062828477135383],[117.08662033081055,0.7057679026806198],[117.08438873291016,0.7043947156474957],[117.08438873291016,0.7036222977635305],[117.0853328704834,0.7030215282098027],[117.08438873291016,0.7015625161147483],[117.08507537841797,0.7004468006762323],[117.08498954772949,0.7000176792829507],[117.08430290222168,0.6998460307146672],[117.08301544189453,0.7001893278449955],[117.08258628845215,0.7001035035647618],[117.08104133605957,0.6987303148676745],[117.08086967468262,0.6973571257692157],[117.07992553710938,0.6971854771037158],[117.07820892333984,0.6961555849794365],[117.07786560058594,0.6951256926301852],[117.07786560058594,0.6940099756650824],[117.07743644714355,0.6933233804787875],[117.07752227783203,0.6925509607751934],[117.0758056640625,0.6925509607751934],[117.07460403442383,0.6917785409457338],[117.07357406616211,0.6922076630887375],[117.07185745239258,0.6898045785884079],[117.0706558227539,0.6886888603719399],[117.06936836242676,0.6888605093453322],[117.0677375793457,0.6894612807034974],[117.06687927246094,0.6890321583125427],[117.0659351348877,0.6890321583125427],[117.0651626586914,0.6881739134146727],[117.0648193359375,0.6880880889164018]]}},{"type":"Feature","id":"pmtiles:10/845/510:transportation:3720004220:3","properties":{"class":"secondary","highway":"secondary","kind":"road","verification":"verified","source":"OpenMapTiles/OpenStreetMap national PMTiles","sourceId":"10/845/510:transportation:3720004220:3","sourceLayer":"transportation","archive":"https://its.hanifahseptiani45.workers.dev/v1/map/archive/indonesia.pmtiles","updatedAt":"2026-07-26T09:41:05.618Z"},"geometry":{"type":"LineString","coordinates":[[117.17622756958008,0.708600099655115],[117.17648506164551,0.7077418583302091],[117.17794418334961,0.7056820785029032],[117.17948913574219,0.7046521882470671],[117.18000411987305,0.7033648251071156],[117.18060493469238,0.7028498797516818],[117.18154907226562,0.7025065828164827],[117.18412399291992,0.6995027335592283],[117.1845531463623,0.6995027335592283],[117.18558311462402,0.7005326249501707],[117.1860122680664,0.7014766918596962],[117.1885871887207,0.7029357039815096],[117.18987464904785,0.7025065828164827],[117.19047546386719,0.7029357039815096],[117.19133377075195,0.7031073524364899],[117.19219207763672,0.7020774616120633],[117.19399452209473,0.7009617462962723],[117.19416618347168,0.7003609764007166],[117.19356536865234,0.6993310849720871],[117.19339370727539,0.6982153690027388],[117.19210624694824,0.6971854771037158],[117.19176292419434,0.6966705310697137],[117.1915054321289,0.6940958000563597],[117.19124794006348,0.6934092048825136],[117.1897029876709,0.6923793119350705],[117.18867301940918,0.6906628231923406],[117.19047546386719,0.6898904030557702],[117.19270706176758,0.6900620519858478],[117.19399452209473,0.6898045785884079],[117.19614028930664,0.6903195253693468],[117.19605445861816,0.6908344720945365],[117.19511032104492,0.6917785409457338],[117.19562530517578,0.6923793119350705],[117.19562530517578,0.69315173166666],[117.1969985961914,0.6934950292847049],[117.19802856445312,0.6940958000563597],[117.20111846923828,0.6947823951305168],[117.2018051147461,0.6953831657385763],[117.20395088195801,0.6940099756650824],[117.20712661743164,0.6933233804787875],[117.21047401428223,0.6939241512722418],[117.21141815185547,0.6946965707517023],[117.21322059631348,0.6955548144696877],[117.21339225769043,0.6959839362701814],[117.21330642700195,0.6968421797539719],[117.21261978149414,0.6973571257692157],[117.21150398254395,0.6974429500996138],[117.21047401428223,0.6960697606255764],[117.20772743225098,0.6964130580315953],[117.20721244812012,0.6965847067252469],[117.20695495605469,0.6970996527686282],[117.20695495605469,0.6980437203685597],[117.20755577087402,0.6990736120796157],[117.20807075500488,0.7011333948236995],[117.20978736877441,0.7022491100985633],[117.20952987670898,0.7037939461932581],[117.2102165222168,0.7067977926894145],[117.21047401428223,0.7069694410020304],[117.21141815185547,0.7065403202086173],[117.213134765625,0.7067977926894145],[117.21665382385254,0.706111199375556],[117.2175121307373,0.7062828477135383],[117.21948623657227,0.7055962543236234],[117.22025871276855,0.7044805398489444],[117.22146034240723,0.704909660832385],[117.22188949584961,0.704738012443741],[117.22231864929199,0.7028498797516818],[117.22369194030762,0.7014766918596962],[117.2237777709961,0.7000176792829507],[117.2244644165039,0.6994169092664322],[117.2255802154541,0.698987787778961],[117.22618103027344,0.6982153690027388],[117.22643852233887,0.6967563554126315],[117.22618103027344,0.6939241512722418],[117.22952842712402,0.6934950292847049],[117.22952842712402,0.6890321583125427],[117.23047256469727,0.6885172113923659],[117.2307300567627,0.6876589664018411],[117.25896835327148,0.6867148967340455],[117.25896835327148,0.6848267568393851],[117.2599983215332,0.6845692831597177],[117.25991249084473,0.6797631052738637],[117.25982666015625,0.6793339820152511],[117.25879669189453,0.6786473847221828],[117.25862503051758,0.6782182613645062],[117.25845336914062,0.6713522824840368],[117.26180076599121,0.6682625888364839],[117.26377487182617,0.6627697953370699],[117.26883888244629,0.6562470951487853],[117.25845336914062,0.6480937079625875],[117.2599983215332,0.6458622523329183],[117.25845336914062,0.6443173978613288],[117.25802421569824,0.6426867176331683],[117.25802421569824,0.6411418621999161],[117.25914001464844,0.6375371977115663],[117.25862503051758,0.6326451490151612],[117.25862503051758,0.6303278611785288],[117.25939750671387,0.6296412571769139],[117.26180076599121,0.6286113510049489],[117.26437568664551,0.6286113510049489],[117.2666072845459,0.6276672701688994],[117.26943969726562,0.6245775498788504],[117.27416038513184,0.6210586995590006],[117.27493286132812,0.6199429660409663],[117.28480339050293,0.6140209919046384]]}},{"type":"Feature","id":"pmtiles:10/845/510:transportation:3720004220:4","properties":{"class":"secondary","highway":"secondary","kind":"road","verification":"verified","source":"OpenMapTiles/OpenStreetMap national PMTiles","sourceId":"10/845/510:transportation:3720004220:4","sourceLayer":"transportation","archive":"https://its.hanifahseptiani45.workers.dev/v1/map/archive/indonesia.pmtiles","updatedAt":"2026-07-26T09:41:05.618Z"},"geometry":{"type":"LineString","coordinates":[[117.4273681640625,0.5772016166939551],[117.42711067199707,0.576600832330044],[117.42547988891602,0.5749701315943128],[117.42539405822754,0.5737685623330577],[117.42496490478516,0.5729961248175073],[117.42393493652344,0.5725669928194321],[117.42247581481934,0.572824472022134],[117.42084503173828,0.5723953400111981],[117.42067337036133,0.571708728726918],[117.42093086242676,0.5701638530372577],[117.42024421691895,0.5668166209557199],[117.4189567565918,0.5656150499924308],[117.41689682006836,0.5651000909319919],[117.41440773010254,0.5634693869396159],[117.41269111633301,0.5632977338612193],[117.41045951843262,0.5651859174452483],[117.40985870361328,0.564928437901699],[117.40925788879395,0.5637268665477535],[117.40762710571289,0.5644134787804092],[117.40676879882812,0.5644134787804092],[117.40462303161621,0.5653575704679241],[117.40333557128906,0.5667307944665936],[117.40230560302734,0.5673315798636906],[117.40007400512695,0.5672457533822239],[117.39904403686523,0.5667307944665936],[117.39827156066895,0.5659583560073571],[117.39664077758789,0.5657867030024448],[117.39569664001465,0.565443396977372],[117.39492416381836,0.5642418257298374],[117.39466667175293,0.5629544276892489],[117.3940658569336,0.562525294945857],[117.39312171936035,0.5621819887284261],[117.39174842834473,0.562525294945857],[117.39071846008301,0.5615812027993456],[117.38943099975586,0.5615812027993456],[117.3878002166748,0.560722937079305],[117.38685607910156,0.5589205786578617],[117.38436698913574,0.5578906593114539],[117.38093376159668,0.5554875134693731],[117.3805046081543,0.5535993267647967],[117.37921714782715,0.5529985399598871],[117.37835884094238,0.5535993267647967],[117.37707138061523,0.5560883000216705],[117.37612724304199,0.5569465664188868],[117.37561225891113,0.557118219683332],[117.37071990966797,0.5562599533111126],[117.36926078796387,0.5563457799539435],[117.36865997314453,0.5566890865128329],[117.36754417419434,0.5582339657803175],[117.36574172973633,0.5596930180491739],[117.36411094665527,0.5605512839201907],[117.3625659942627,0.5604654573387364],[117.36059188842773,0.5596930180491739],[117.35956192016602,0.5584056190072175],[117.35844612121582,0.5582339657803175],[117.35784530639648,0.5577190060695187],[117.35681533813477,0.5555733401234448],[117.35672950744629,0.5545434201923598],[117.35552787780762,0.5534276733981756],[117.35363960266113,0.5529985399598871],[117.34943389892578,0.5510245257445803],[117.34823226928711,0.551196179180593],[117.34720230102539,0.5517111394589733],[117.3460865020752,0.5526552331869254],[117.34445571899414,0.5526552331869254],[117.34325408935547,0.5538568068054275],[117.34273910522461,0.5538568068054275],[117.3409366607666,0.5566032598749899],[117.34050750732422,0.5576331794466682],[117.33973503112793,0.5581481391649703],[117.33844757080078,0.5584914456187988],[117.33733177185059,0.5583197923943999],[117.33561515808105,0.5569465664188868],[117.33484268188477,0.5572040463136858],[117.33381271362305,0.5566890865128329],[117.33304023742676,0.5568607397847813],[117.3299503326416,0.5562599533111126],[117.32789039611816,0.5566032598749899],[117.32428550720215,0.5591780584662445],[117.3226547241211,0.561409549665413],[117.32128143310547,0.5619245090521048],[117.3204231262207,0.5626969480470052],[117.3200798034668,0.5634693869396159],[117.31999397277832,0.5664733149916259],[117.31956481933594,0.5673315798636906],[117.3105525970459,0.5712795966325359],[117.30969429016113,0.5721378607892262],[117.30789184570312,0.5754850897717745],[117.30480194091797,0.5833811093130379],[117.30514526367188,0.5884448551535684],[117.30377197265625,0.5887023336331652],[117.30368614196777,0.5951392917455678],[117.2995662689209,0.5980573769534914],[117.29596138000488,0.5988298110138572],[117.29621887207031,0.601061286576396],[117.29244232177734,0.6049234536626926],[117.29089736938477,0.6069832749858932],[117.29055404663086,0.6087856180002262],[117.28995323181152,0.6094722247044615],[117.28943824768066,0.6097297021959918],[117.2885799407959,0.6095580505363358],[117.28652000427246,0.6080990112085516],[117.28549003601074,0.6080990112085516],[117.28480339050293,0.6084423146153171],[117.28437423706055,0.6097297021959918],[117.28437423706055,0.6128194311323938],[117.28480339050293,0.6140209919046384],[117.28643417358398,0.6173681954874297],[117.29244232177734,0.6279247467774383],[117.29630470275879,0.6372797215799295],[117.2958755493164,0.6378804992003637],[117.29433059692383,0.6387387528221069],[117.29312896728516,0.6398544823160819],[117.29321479797363,0.64886613468245],[117.2889232635498,0.6571053456613214],[117.28849411010742,0.6591651462894674],[117.28883743286133,0.6642288192065422],[117.28918075561523,0.6655161928513706],[117.2929573059082,0.6653445430514608],[117.29613304138184,0.6655161928513706],[117.29948043823242,0.6643146441266339],[117.30042457580566,0.6628556202824569],[117.30257034301758,0.6618257208394738],[117.30342864990234,0.6608816461622098],[117.30402946472168,0.6609674711402818],[117.30480194091797,0.6623406705877244],[117.30463027954102,0.6644862939623692],[117.30523109436035,0.6653445430514608],[117.30591773986816,0.6695499614263127],[117.3054027557373,0.6703223848179931],[117.3054027557373,0.6709231584828785],[117.3065185546875,0.675214396796946],[117.30643272399902,0.6786473847221828],[117.30806350708008,0.6793339820152511]]}},{"type":"Feature","id":"pmtiles:10/845/510:transportation:6184829910:0","properties":{"class":"trunk","highway":"trunk","kind":"road","verification":"verified","source":"OpenMapTiles/OpenStreetMap national PMTiles","sourceId":"10/845/510:transportation:6184829910:0","sourceLayer":"transportation","archive":"https://its.hanifahseptiani45.workers.dev/v1/map/archive/indonesia.pmtiles","updatedAt":"2026-07-26T09:41:05.618Z"},"geometry":{"type":"LineString","coordinates":[[117.4273681640625,0.6594226213081242],[117.42633819580078,0.6601092212927853],[117.42556571960449,0.6591651462894674],[117.4233341217041,0.6589076712574808],[117.42170333862305,0.6596800963134797],[117.41955757141113,0.6599375713055053],[117.4174976348877,0.6607099962015894],[117.4167251586914,0.6607099962015894],[117.41500854492188,0.6601950462842012],[117.4138069152832,0.6601092212927853],[117.41269111633301,0.6587360212287763],[117.40857124328613,0.6583068961311227],[117.40565299987793,0.6563329202066797],[117.40470886230469,0.6552171943394001],[117.40402221679688,0.6549597191039425],[117.40161895751953,0.6556463197023987],[117.3984432220459,0.65598961996632],[117.39561080932617,0.6553888444889964],[117.39372253417969,0.6561612700894273],[117.39217758178711,0.65598961996632],[117.39054679870605,0.6567620454739966],[117.38883018493652,0.6570195206167],[117.38428115844727,0.6560754450286055],[117.3830795288086,0.6566762204234777],[117.38187789916992,0.6600233962998914],[117.38187789916992,0.6607099962015894],[117.38273620605469,0.6620831957202995],[117.38273620605469,0.6625123204919134],[117.38144874572754,0.6641429942849726],[117.3805046081543,0.6648295936159059],[117.37913131713867,0.665087068340398],[117.37432479858398,0.6642288192065422],[117.3720932006836,0.6654303679521547],[117.37106323242188,0.6656020177490802],[117.36411094665527,0.6646579437921218],[117.36127853393555,0.666975215909261],[117.36050605773926,0.6670610407815616],[117.35913276672363,0.6667177412833922],[117.35690116882324,0.667747639706036],[117.35638618469238,0.6687775379129448],[117.35638618469238,0.6706656840640903],[117.3570728302002,0.6716955816578576],[117.35664367675781,0.6729829533448282],[117.35552787780762,0.6739270256993422],[117.35372543334961,0.6740128504497704],[117.35312461853027,0.6744419741792598],[117.35166549682617,0.6760726440059983],[117.35166549682617,0.6777891379688157],[117.35106468200684,0.6783899107121556],[117.35020637512207,0.6783899107121556],[117.3493480682373,0.6772741898437715],[117.34848976135254,0.6768450663644501],[117.34565734863281,0.6769308910633498],[117.3438549041748,0.6778749626510034],[117.34085083007812,0.6776174885998785],[117.33904838562012,0.6766734169620747],[117.33793258666992,0.6748710978708914],[117.33724594116211,0.6744419741792598],[117.33647346496582,0.6746994483987692],[117.33501434326172,0.6759009945763097],[117.33329772949219,0.6769308910633498],[117.33226776123047,0.6770167157607432],[117.33003616333008,0.6766734169620747],[117.32522964477539,0.6786473847221828],[117.32419967651367,0.6785615600536943],[117.32368469238281,0.6783040860391054],[117.32282638549805,0.676415942847143],[117.32128143310547,0.6762442934296189],[117.3200798034668,0.6767592416640156],[117.3175048828125,0.6753002215246795],[117.31673240661621,0.6753002215246795],[117.31595993041992,0.6756435204204223],[117.31501579284668,0.677188365150954],[117.31450080871582,0.677188365150954],[117.31355667114258,0.6765017675536598],[117.31209754943848,0.6773600145350684],[117.31098175048828,0.6771025404566018],[117.3090934753418,0.6779607873316564],[117.30806350708008,0.6793339820152511],[117.30780601501465,0.6807071763086014],[117.30746269226074,0.6811362994451287],[117.30591773986816,0.6815654225434287],[117.30420112609863,0.6826811424200514],[117.30317115783691,0.6837968620377808],[117.30008125305176,0.6847409322810449],[117.29913711547852,0.6859424759580861],[117.29647636413574,0.6875731418943047],[117.29578971862793,0.6888605093453322],[117.2958755493164,0.6895471051770414],[117.29630470275879,0.6902337009097437],[117.29724884033203,0.6901478764485773],[117.29802131652832,0.6906628231923406],[117.29930877685547,0.6921218386632404],[117.29930877685547,0.6929800828482939],[117.29896545410156,0.6933233804787875],[117.29853630065918,0.6933233804787875],[117.29707717895508,0.6927226096090919],[117.29647636413574,0.6927226096090919],[117.2958755493164,0.6930659072582444],[117.2951889038086,0.6939241512722418],[117.29458808898926,0.6949540438834845],[117.29458808898926,0.6954689901049136],[117.29621887207031,0.698129544686438],[117.29536056518555,0.7011333948236995],[117.29450225830078,0.7020774616120633],[117.29192733764648,0.7024207585787536],[117.29106903076172,0.7030215282098027],[117.29089736938477,0.7035364735463077],[117.29124069213867,0.7055962543236234],[117.28995323181152,0.708600099655115]]}},{"type":"Feature","id":"pmtiles:10/845/510:transportation_name:6184829910:0","properties":{"name":"Jalan Poros Sangatta-Muara Wahau","name_int":"Jalan Poros Sangatta-Muara Wahau","class":"trunk","name:latin":"Jalan Poros Sangatta-Muara Wahau","name_de":"Jalan Poros Sangatta-Muara Wahau","name_en":"Jalan Poros Sangatta-Muara Wahau","highway":"trunk","kind":"road","verification":"verified","source":"OpenMapTiles/OpenStreetMap national PMTiles","sourceId":"10/845/510:transportation_name:6184829910:0","sourceLayer":"transportation_name","archive":"https://its.hanifahseptiani45.workers.dev/v1/map/archive/indonesia.pmtiles","updatedAt":"2026-07-26T09:41:05.618Z"},"geometry":{"type":"LineString","coordinates":[[117.43346214294434,0.6624264955405721],[117.4314022064209,0.6619115458012459],[117.42779731750488,0.6594226213081242],[117.4273681640625,0.6594226213081242],[117.42633819580078,0.6601092212927853],[117.42556571960449,0.6591651462894674],[117.4244499206543,0.6589076712574808],[117.4233341217041,0.6589076712574808],[117.42170333862305,0.6596800963134797],[117.41955757141113,0.6599375713055053],[117.4174976348877,0.6607099962015894],[117.4138069152832,0.6601092212927853],[117.41269111633301,0.6587360212287763],[117.40857124328613,0.6583068961311227],[117.40565299987793,0.6563329202066797],[117.40470886230469,0.6552171943394001],[117.40402221679688,0.6549597191039425],[117.40161895751953,0.6556463197023987],[117.3984432220459,0.65598961996632],[117.39561080932617,0.6553888444889964],[117.39372253417969,0.6561612700894273],[117.39217758178711,0.65598961996632],[117.39054679870605,0.6567620454739966],[117.38883018493652,0.6570195206167],[117.38428115844727,0.6560754450286055],[117.3830795288086,0.6566762204234777],[117.38187789916992,0.6600233962998914],[117.38187789916992,0.6607099962015894],[117.38273620605469,0.6620831957202995],[117.38273620605469,0.6625123204919134],[117.38144874572754,0.6641429942849726],[117.3805046081543,0.6648295936159059],[117.37913131713867,0.665087068340398],[117.37432479858398,0.6642288192065422],[117.3720932006836,0.6654303679521547],[117.37106323242188,0.6656020177490802],[117.36411094665527,0.6646579437921218],[117.36127853393555,0.666975215909261],[117.36050605773926,0.6670610407815616],[117.35913276672363,0.6667177412833922],[117.35690116882324,0.667747639706036],[117.35638618469238,0.6687775379129448],[117.35638618469238,0.6706656840640903],[117.3570728302002,0.6716955816578576],[117.35664367675781,0.6729829533448282],[117.35552787780762,0.6739270256993422],[117.35372543334961,0.6740128504497704],[117.35312461853027,0.6744419741792598],[117.35166549682617,0.6760726440059983],[117.35166549682617,0.6777891379688157],[117.35106468200684,0.6783899107121556],[117.35020637512207,0.6783899107121556],[117.3493480682373,0.6772741898437715],[117.34848976135254,0.6768450663644501],[117.34565734863281,0.6769308910633498],[117.3438549041748,0.6778749626510034],[117.34085083007812,0.6776174885998785],[117.33904838562012,0.6766734169620747],[117.33793258666992,0.6748710978708914],[117.33724594116211,0.6744419741792598],[117.33647346496582,0.6746994483987692],[117.33501434326172,0.6759009945763097],[117.33329772949219,0.6769308910633498],[117.33226776123047,0.6770167157607432],[117.33003616333008,0.6766734169620747],[117.32522964477539,0.6786473847221828],[117.32419967651367,0.6785615600536943],[117.32368469238281,0.6783040860391054],[117.32282638549805,0.676415942847143],[117.32128143310547,0.6762442934296189],[117.3200798034668,0.6767592416640156],[117.3175048828125,0.6753002215246795],[117.31673240661621,0.6753002215246795],[117.31595993041992,0.6756435204204223],[117.31501579284668,0.677188365150954],[117.31450080871582,0.677188365150954],[117.31355667114258,0.6765017675536598],[117.31209754943848,0.6773600145350684],[117.31098175048828,0.6771025404566018],[117.3090934753418,0.6779607873316564],[117.30806350708008,0.6793339820152511],[117.30780601501465,0.6807071763086014],[117.30746269226074,0.6811362994451287],[117.30591773986816,0.6815654225434287],[117.30420112609863,0.6826811424200514],[117.30317115783691,0.6837968620377808],[117.30008125305176,0.6847409322810449],[117.29913711547852,0.6859424759580861],[117.29647636413574,0.6875731418943047],[117.29578971862793,0.6888605093453322],[117.2958755493164,0.6895471051770414],[117.29630470275879,0.6902337009097437],[117.29724884033203,0.6901478764485773],[117.29802131652832,0.6906628231923406],[117.29930877685547,0.6921218386632404],[117.29930877685547,0.6929800828482939],[117.29896545410156,0.6933233804787875],[117.29853630065918,0.6933233804787875],[117.29707717895508,0.6927226096090919],[117.29647636413574,0.6927226096090919],[117.2958755493164,0.6930659072582444],[117.29458808898926,0.6949540438834845],[117.29458808898926,0.6954689901049136],[117.29621887207031,0.698129544686438],[117.29536056518555,0.7011333948236995],[117.29450225830078,0.7020774616120633],[117.29192733764648,0.7024207585787536],[117.29106903076172,0.7030215282098027],[117.29089736938477,0.7035364735463077],[117.29124069213867,0.7055962543236234],[117.28909492492676,0.7107457022712822],[117.28935241699219,0.7118614152379763],[117.28849411010742,0.7135778961979327],[117.28866577148438,0.7145219604529984]]}},{"type":"Feature","id":"pmtiles:10/845/510:waterway:592310930:0","properties":{"name":"Sungai Sengata","name_int":"Sungai Sengata","class":"river","name:latin":"Sungai Sengata","name_de":"Sungai Sengata","name_en":"Sungai Sengata","waterway":"river","kind":"waterway","verification":"verified","source":"OpenMapTiles/OpenStreetMap national PMTiles","sourceId":"10/845/510:waterway:592310930:0","sourceLayer":"waterway","archive":"https://its.hanifahseptiani45.workers.dev/v1/map/archive/indonesia.pmtiles","updatedAt":"2026-07-26T09:41:05.618Z"},"geometry":{"type":"LineString","coordinates":[[117.16412544250488,0.6221744328415184],[117.16687202453613,0.6222602584688559],[117.16704368591309,0.6214878277724694],[117.16824531555176,0.6202004430275565],[117.1688461303711,0.6202004430275565],[117.16970443725586,0.6210586995590006],[117.17167854309082,0.6198571403759843],[117.17262268066406,0.6188272322878561],[117.1732234954834,0.6195138377022005],[117.17476844787598,0.619256360682229],[117.17717170715332,0.6193421863569313],[117.17837333679199,0.6224319097193671],[117.17854499816895,0.6233759914972552],[117.17940330505371,0.6239767707223649],[117.18069076538086,0.6239767707223649],[117.18086242675781,0.6242342475121205],[117.18094825744629,0.6245775498788504],[117.18008995056152,0.6265515380520128],[117.18026161193848,0.6268948402671413],[117.18077659606934,0.6269806658174133],[117.18111991882324,0.6275814446298824],[117.18154907226562,0.6277530957064812],[117.18249320983887,0.6276672701688994],[117.18343734741211,0.6289546530848611],[117.18403816223145,0.6292121296299626],[117.18498229980469,0.6278389212426703],[117.18489646911621,0.6260365846871565],[117.18446731567383,0.6249208522231697],[117.18635559082031,0.625178328966669],[117.18661308288574,0.6259507591214231],[117.18729972839355,0.6268090147154766],[117.18798637390137,0.6268090147154766],[117.1882438659668,0.6263798869360073],[117.18738555908203,0.6232043402775105],[117.18790054321289,0.6207153969631349],[117.18781471252441,0.6202004430275565],[117.18635559082031,0.6186555809203753],[117.18652725219727,0.6183981038587518],[117.18893051147461,0.6180548010904943],[117.18978881835938,0.6176256725989759],[117.19021797180176,0.6170248926526511],[117.19013214111328,0.6157375068249848],[117.1908187866211,0.6137635146190235],[117.19038963317871,0.6118753474793692],[117.1908187866211,0.6115320442916357],[117.19133377075195,0.6123903022198078],[117.19184875488281,0.6123903022198078],[117.19279289245605,0.6100730054988759],[117.19442367553711,0.6091289213632791],[117.19605445861816,0.6076698819194064],[117.1977710723877,0.6076698819194064],[117.19768524169922,0.6072407525961836],[117.19682693481445,0.6069832749858932],[117.19656944274902,0.6060391903099713],[117.19742774963379,0.6053525831695765],[117.1981143951416,0.6051809313708958],[117.19854354858398,0.6055242349628429],[117.19940185546875,0.6071549267274463],[117.20077514648438,0.6062966679651964],[117.20120429992676,0.6056100608574297],[117.20438003540039,0.6044943241218448],[117.2061824798584,0.6046659759422539],[117.2065258026123,0.6042368463810703],[117.20661163330078,0.6031211093634141],[117.20772743225098,0.6030352834294916],[117.20867156982422,0.6020053721170342],[117.20884323120117,0.60157624234607],[117.20867156982422,0.6009754606100728],[117.20901489257812,0.6011471125413834],[117.20927238464355,0.6023486759094823],[117.20849990844727,0.6032927612271806],[117.20970153808594,0.6034644130855327],[117.20952987670898,0.6042368463810703],[117.2091007232666,0.6046659759422539],[117.20927238464355,0.6050092795667723],[117.21038818359375,0.6046659759422539],[117.21193313598633,0.6025203277976061],[117.21227645874023,0.6023486759094823],[117.2134780883789,0.602777805619624],[117.21776962280273,0.5979715509400592],[117.21845626831055,0.5977140728917618],[117.21888542175293,0.5982290289763057],[117.21948623657227,0.6002030268523697],[117.22068786621094,0.6020053721170342],[117.22206115722656,0.6011471125413834],[117.22274780273438,0.60157624234607],[117.22309112548828,0.601490416387847],[117.22343444824219,0.601061286576396],[117.22386360168457,0.5996880709532917],[117.22626686096191,0.6008038086733336],[117.22721099853516,0.6006321567312227],[117.22772598266602,0.6003746788079525],[117.22781181335449,0.5986581590098439],[117.2266960144043,0.5992589410003859],[117.22661018371582,0.5984006809937483],[117.22789764404297,0.5971991167589152],[117.22952842712402,0.5972849427844125],[117.2307300567627,0.5983148549856878],[117.23133087158203,0.5984865070004588],[117.23150253295898,0.5976282468729579],[117.23244667053223,0.5961692043485698],[117.2339916229248,0.5964266824692288],[117.23467826843262,0.5975424208528466],[117.23605155944824,0.5971991167589152],[117.23682403564453,0.5962550303901253],[117.23630905151367,0.5951392917455678],[117.23690986633301,0.5946243353719467],[117.23811149597168,0.5948818135647684],[117.23957061767578,0.5965125085067626],[117.24042892456055,0.5996880709532917],[117.24085807800293,0.5998597229250322],[117.24231719970703,0.5987439850125185],[117.24231719970703,0.5983148549856878],[117.24154472351074,0.5981432029655736],[117.24283218383789,0.5965983345429748],[117.24437713623047,0.5972849427844125],[117.24454879760742,0.595825900168947],[117.24592208862305,0.5957400741207124],[117.24823951721191,0.5940235528753277],[117.24909782409668,0.5941093789502787],[117.24926948547363,0.5950534656866324],[117.24738121032715,0.5965125085067626],[117.2486686706543,0.5973707688085597],[117.25227355957031,0.5961692043485698],[117.25029945373535,0.5941952050238939],[117.25115776062012,0.59325111814087],[117.25484848022461,0.5940235528753277],[117.25459098815918,0.5919637266772213],[117.25579261779785,0.5921353788896653],[117.25639343261719,0.5917062483486006],[117.2559642791748,0.5905905087865762],[117.25527763366699,0.59067633491469],[117.25536346435547,0.5897322474326074],[117.2559642791748,0.5897322474326074],[117.25682258605957,0.5889598121008675],[117.2596549987793,0.5893031167059775],[117.25974082946777,0.5910196394138865],[117.26016998291016,0.5912771177743679],[117.26085662841797,0.5911912916555337],[117.2611141204834,0.5898180735739658],[117.26171493530273,0.5894747690006028],[117.26119995117188,0.5881015504956224],[117.26497650146484,0.5893889428539438],[117.26574897766113,0.5887023336331652],[117.26652145385742,0.5893889428539438],[117.26720809936523,0.5893889428539438],[117.26720809936523,0.588873985946293],[117.26617813110352,0.5878440719883002],[117.26617813110352,0.5869858102115444],[117.26686477661133,0.5863850268894168],[117.26780891418457,0.5881015504956224],[117.26858139038086,0.5877582458165733],[117.26909637451172,0.5859558959055704],[117.26763725280762,0.5862133744998346],[117.26712226867676,0.5858700697048675],[117.26746559143066,0.5853551124729677],[117.26969718933105,0.5847543289760182],[117.2695255279541,0.5836385880253943],[117.27021217346191,0.5822653680900913],[117.26935386657715,0.5806346689825403],[117.26961135864258,0.5800338849821713],[117.27201461791992,0.5784031852313234],[117.27304458618164,0.5780598799608612],[117.27235794067383,0.5776307483436227],[117.2706413269043,0.5775449220162727],[117.27115631103516,0.5757425688430828],[117.27278709411621,0.5758283951975756],[117.27373123168945,0.5754850897717745],[117.27561950683594,0.5759142215508035],[117.27476119995117,0.5731677776077504],[117.27536201477051,0.571708728726918],[117.27785110473633,0.5702496794753245],[117.27991104125977,0.5705071587819361],[117.2819709777832,0.5691339356804264],[117.28317260742188,0.5697347208276113],[117.28394508361816,0.5694772414864815],[117.28480339050293,0.5701638530372577],[117.28514671325684,0.5700780265978835],[117.28514671325684,0.5690481092257329],[117.28463172912598,0.5681040181397208],[117.28497505187988,0.5676748857768814],[117.28797912597656,0.5686189769330383],[117.28823661804199,0.568533150470671],[117.2885799407959,0.5676748857768814],[117.2889232635498,0.5676748857768814],[117.28926658630371,0.5682756710759378],[117.2896957397461,0.568533150470671],[117.29106903076172,0.5676748857768814],[117.29218482971191,0.5673315798636906],[117.29252815246582,0.5679323651984163],[117.29244232177734,0.568533150470671],[117.29304313659668,0.5683614975421136],[117.29338645935059,0.5676748857768814],[117.29304313659668,0.5668166209557199],[117.29312896728516,0.5665591414845608],[117.29390144348145,0.5662158355052185],[117.29433059692383,0.565443396977372],[117.29570388793945,0.5655292234855409],[117.29604721069336,0.5657867030024448],[117.29596138000488,0.5662158355052185],[117.29647636413574,0.5663874884974263],[117.29656219482422,0.5657008764980702],[117.29570388793945,0.5650142644174849],[117.29510307312012,0.5638126930812604],[117.29656219482422,0.5637268665477535],[117.29681968688965,0.5644134787804092],[117.29750633239746,0.5645851318259076],[117.29742050170898,0.5628686011430943],[117.29879379272461,0.5631260807777494],[117.29965209960938,0.5612378965264355],[117.30033874511719,0.5602938041720904],[117.30145454406738,0.560637110500366],[117.30291366577148,0.5602938041720904],[117.30342864990234,0.5592638850665566],[117.30282783508301,0.5579764859305385],[117.30377197265625,0.5572040463136858],[117.30437278747559,0.5576331794466682],[117.30445861816406,0.5587489254459967],[117.30471611022949,0.5592638850665566],[117.30514526367188,0.5593497116655897],[117.30660438537598,0.5589205786578617],[117.30677604675293,0.5593497116655897],[117.3065185546875,0.5598646712334272],[117.30677604675293,0.5600363244126498],[117.30789184570312,0.5589205786578617],[117.30917930603027,0.5590922318647102],[117.30926513671875,0.5578048326911187],[117.30960845947266,0.5574615261972298],[117.31003761291504,0.5584914456187988],[117.31158256530762,0.5600363244126498],[117.31201171875,0.5600363244126498],[117.31218338012695,0.5593497116655897],[117.31244087219238,0.5591780584662445],[117.31329917907715,0.559435538263358],[117.3131275177002,0.5600363244126498],[117.31329917907715,0.5603796307560458],[117.3149299621582,0.5603796307560458],[117.31501579284668,0.5608087636569792],[117.3145866394043,0.561409549665413],[117.3145866394043,0.5618386824908015],[117.31484413146973,0.5623536418396498],[117.31527328491211,0.5623536418396498],[117.31553077697754,0.561409549665413],[117.31707572937012,0.5603796307560458],[117.3178482055664,0.5603796307560458],[117.31827735900879,0.5597788446419258],[117.31827735900879,0.5588347520525616],[117.31904983520508,0.5559166467272405],[117.3204231262207,0.5554016868140508],[117.32093811035156,0.5542001135088412],[117.3215389251709,0.5542859401816003],[117.32325553894043,0.5553158601574779],[117.32402801513672,0.554886726855969],[117.32377052307129,0.5505095654068128],[117.32497215270996,0.5505953921328626],[117.32660293579102,0.5501662584902789],[117.32677459716797,0.5492221643679613],[117.32797622680664,0.5499946050245939],[117.32943534851074,0.5520544462864905],[117.33098030090332,0.5519686195814728],[117.33149528503418,0.5500804317580474],[117.33158111572266,0.5482780700965293],[117.3325252532959,0.5486213771215773],[117.33269691467285,0.5481064165766298],[117.33226776123047,0.5475056292182501],[117.33226776123047,0.5460465739545697],[117.33192443847656,0.5454457863900615],[117.33020782470703,0.5443300378969269],[117.33020782470703,0.5437292501612347],[117.33072280883789,0.5433001160277229],[117.33098030090332,0.5432142891973655],[117.33166694641113,0.5441583842642501],[117.3325252532959,0.5431284623657717],[117.33312606811523,0.5433001160277229],[117.33329772949219,0.5448449987655835],[117.33355522155762,0.5451883059869118],[117.333984375,0.5449308255727487],[117.3343276977539,0.5453599595902432],[117.33527183532715,0.5483638968546387],[117.33570098876953,0.5484497236115118],[117.33613014221191,0.5480205898148256],[117.33673095703125,0.5483638968546387],[117.33716011047363,0.5479347630518134],[117.3380184173584,0.5475914559874298],[117.33810424804688,0.5471623221292958],[117.33767509460449,0.546819015020688],[117.33776092529297,0.5449308255727487],[117.33853340148926,0.544501691524701],[117.33879089355469,0.5439867306267132],[117.34067916870117,0.5440725574460998],[117.34145164489746,0.5431284623657717],[117.3409366607666,0.5420985402917893],[117.33930587768555,0.54184105974592],[117.33939170837402,0.5403820031127253],[117.34016418457031,0.5390087730201714],[117.33990669250488,0.5384938116555844],[117.33861923217773,0.5388371192368027],[117.33844757080078,0.5385796385527044],[117.33861923217773,0.5373780618831603],[117.33896255493164,0.5369489273010117],[117.3409366607666,0.5380646771518656],[117.34085083007812,0.5384079847572565],[117.34119415283203,0.5388371192368027],[117.34179496765137,0.5388371192368027],[117.34213829040527,0.5399528687421054],[117.34282493591309,0.5396953881052013],[117.34394073486328,0.5398670418643405],[117.34445571899414,0.5390945999100296],[117.34488487243652,0.5389229461290768],[117.34711647033691,0.5388371192368027],[117.34977722167969,0.5380646771518656],[117.3508071899414,0.5373780618831603],[117.35149383544922,0.5373780618831603],[117.35398292541504,0.5396953881052013],[117.35415458679199,0.5420985402917893],[117.35612869262695,0.5442442110812067]]}},{"type":"Feature","id":"pmtiles:10/845/510:waterway:592310930:1","properties":{"name":"Sungai Sengata","name_int":"Sungai Sengata","class":"river","name:latin":"Sungai Sengata","name_de":"Sungai Sengata","name_en":"Sungai Sengata","waterway":"river","kind":"waterway","verification":"verified","source":"OpenMapTiles/OpenStreetMap national PMTiles","sourceId":"10/845/510:waterway:592310930:1","sourceLayer":"waterway","archive":"https://its.hanifahseptiani45.workers.dev/v1/map/archive/indonesia.pmtiles","updatedAt":"2026-07-26T09:41:05.618Z"},"geometry":{"type":"LineString","coordinates":[[117.07074165344238,0.5682756710759378],[117.07194328308105,0.568018191669708],[117.07271575927734,0.567503232822844],[117.07391738891602,0.5646709583467526],[117.07331657409668,0.5642418257298374],[117.07331657409668,0.5639843461444798],[117.07426071166992,0.5634693869396159],[117.07537651062012,0.5633835604010642],[117.07529067993164,0.5620103356121291],[117.07554817199707,0.5616670293644432],[117.07674980163574,0.561409549665413],[117.07683563232422,0.5626969480470052],[117.0772647857666,0.5634693869396159],[117.07795143127441,0.5635552134769171],[117.07958221435547,0.5630402542341244],[117.08155632019043,0.5610662433824274],[117.08147048950195,0.560637110500366],[117.08009719848633,0.5603796307560458],[117.07777976989746,0.5612378965264355],[117.07743644714355,0.5609804168085475],[117.07743644714355,0.5605512839201907],[117.07795143127441,0.5601221510003853],[117.07863807678223,0.5576331794466682],[117.07906723022461,0.5575473528225814],[117.07966804504395,0.5583197923943999],[117.08052635192871,0.5582339657803175],[117.08292961120605,0.5561741266670168],[117.08310127258301,0.5555733401234448],[117.08172798156738,0.5553158601574779],[117.08147048950195,0.555058380180327],[117.08215713500977,0.5542001135088412],[117.0838737487793,0.5540284601596142],[117.0842170715332,0.5535135000821185],[117.0838737487793,0.5528268865758861],[117.08215713500977,0.5519686195814728],[117.08224296569824,0.5515394860378109],[117.08292961120605,0.550767045581253],[117.08447456359863,0.5499946050245939],[117.08559036254883,0.5500804317580474],[117.08739280700684,0.5495654713388092],[117.08876609802246,0.5496512980784303],[117.09022521972656,0.5492221643679613],[117.0911693572998,0.5458749203708209],[117.09219932556152,0.5451024791834129],[117.09305763244629,0.5450166523787061],[117.0934009552002,0.5452741327891886],[117.09434509277344,0.5477631095220801],[117.09503173828125,0.5481922433371977],[117.09511756896973,0.544759171957196],[117.09546089172363,0.5435575965114907],[117.09614753723145,0.5435575965114907],[117.09709167480469,0.544415864711425],[117.09846496582031,0.5438150769842878],[117.09897994995117,0.5431284623657717],[117.09966659545898,0.5426993281895989],[117.10164070129395,0.542613501350715],[117.10164070129395,0.5411544449034125],[117.10198402404785,0.5405536568524809],[117.1029281616211,0.540038695618648],[117.10275650024414,0.5384938116555844],[117.103271484375,0.537978850247498],[117.10447311401367,0.5382363309569769],[117.10533142089844,0.5394379074573976],[117.10661888122559,0.539352080572371],[117.10747718811035,0.5386654654486165],[117.10782051086426,0.5369489273010117],[117.10893630981445,0.535575696435842],[117.11030960083008,0.5345457730850285],[117.11176872253418,0.5330008877350139],[117.11271286010742,0.5324859258655152],[117.1131420135498,0.5317993099726124],[117.1142578125,0.531026867001799],[117.11580276489258,0.5311126940033262],[117.11657524108887,0.5316276559874495],[117.11743354797363,0.5327434068056505],[117.11837768554688,0.5317993099726124],[117.11915016174316,0.5303402509467219],[117.12018013000488,0.5301685969210581],[117.12095260620117,0.5306835589837959],[117.12138175964355,0.5304260779577845],[117.12138175964355,0.5299111158736025],[117.12095260620117,0.5291386726671163],[117.12112426757812,0.5284520564028128],[117.12172508239746,0.5276796130147829],[117.12335586547852,0.5275937859657347],[117.12352752685547,0.5269071695308298],[117.12404251098633,0.526735515410266],[117.12430000305176,0.5259630718092723],[117.12404251098633,0.5255339364340728],[117.12292671203613,0.5251906281126679],[117.12284088134766,0.5246756655952396],[117.12352752685547,0.5239032217396442],[117.12301254272461,0.5218433709928405],[117.12318420410156,0.5207276182231908],[117.12361335754395,0.5202126553398045],[117.12430000305176,0.5203843096389562],[117.12661743164062,0.5233882591163024],[117.12764739990234,0.523559913328782],[117.12944984436035,0.5233024320083217],[117.12996482849121,0.5227016422194737],[117.12996482849121,0.5219291981207874],[117.1310806274414,0.5210709267887665],[117.13245391845703,0.5210709267887665],[117.13322639465332,0.5202126553398045],[117.13417053222656,0.5196118652560813],[117.13597297668457,0.519182729446996],[117.1365737915039,0.5184102849172945],[117.13648796081543,0.5172945315413955],[117.13459968566895,0.5150630242014671],[117.1347713470459,0.5142905791708188],[117.13605880737305,0.5133464795620171],[117.13691711425781,0.5130889978263156],[117.13777542114258,0.513775615765141],[117.13932037353516,0.5145480608581039],[117.13974952697754,0.5144622336301694],[117.13992118835449,0.5136897885268183],[117.13932037353516,0.5130889978263156],[117.13932037353516,0.5126598615771201],[117.14009284973145,0.512316552557067],[117.14043617248535,0.5124882070693957],[117.14052200317383,0.514204751939431],[117.14120864868164,0.5148055425350009],[117.14223861694336,0.5148913697583026],[117.14258193969727,0.5145480608581039],[117.14241027832031,0.5132606523179248],[117.1428394317627,0.5113724526570991],[117.14369773864746,0.5112866253865604],[117.14447021484375,0.511973243518625],[117.14601516723633,0.5124023798138069],[117.14635848999023,0.512144898040134],[117.14635848999023,0.5115441071946947],[117.14670181274414,0.5110291435681233],[117.14713096618652,0.5111149708420868],[117.147216796875,0.5117157617277002],[117.14773178100586,0.512144898040134],[117.14936256408691,0.5116299344617659],[117.1501350402832,0.5112866253865604],[117.15065002441406,0.510600007181111],[117.14987754821777,0.5095700797354539],[117.14996337890625,0.5091409432511398],[117.15073585510254,0.5087118067382619],[117.15202331542969,0.5089692886494248],[117.15262413024902,0.5088834613468407],[117.15288162231445,0.5082826701968628],[117.1527099609375,0.5069952604016379],[117.15545654296875,0.5063944690762128],[117.1567440032959,0.5051928862584276],[117.15751647949219,0.5051070589057929],[117.16017723083496,0.5061369870625754],[117.16060638427734,0.5059653323811091],[117.16069221496582,0.5055361956576547],[117.16240882873535,0.5045920947661813],[117.16326713562012,0.5045062674056027],[117.16352462768555,0.5048495768410959],[117.16498374938965,0.5050212315520213],[117.16592788696289,0.5041629579520333],[117.16635704040527,0.5027038925724838],[117.16592788696289,0.4995282785619679],[117.16704368591309,0.4984983493636719],[117.16833114624023,0.49832669448161937],[117.16893196105957,0.49858417680302125],[117.16970443725586,0.5006440350113195],[117.16987609863281,0.5023605830240001],[117.1703052520752,0.5028755473399542],[117.17116355895996,0.5030472021029198],[117.17262268066406,0.5017597912707714],[117.17330932617188,0.5019314460630397],[117.1735668182373,0.5025322378005086],[117.17348098754883,0.5031330294827114],[117.17202186584473,0.5041629579520333],[117.17202186584473,0.5045920947661813],[117.17399597167969,0.5045920947661813],[117.17494010925293,0.5040771305857987],[117.1757984161377,0.5039054758499475],[117.17777252197266,0.5043346126810775],[117.17863082885742,0.5041629579520333],[117.17931747436523,0.5033046842388842],[117.17940330505371,0.5023605830240001],[117.17931747436523,0.5015881364739982],[117.17828750610352,0.5007298624226308],[117.17811584472656,0.5002148979378518],[117.1787166595459,0.49969993341267127],[117.18008995056152,0.4991849688471177],[117.18103408813477,0.49935662370680234],[117.18111991882324,0.5000432431006203],[117.18180656433105,0.5002148979378518],[117.18292236328125,0.4989274865492348],[117.18403816223145,0.49867000424124797],[117.18618392944336,0.4991849688471177],[117.18652725219727,0.49884165911434764],[117.18721389770508,0.4971251101820968],[117.18798637390137,0.4972967650954274],[117.18841552734375,0.49841252192321406],[117.1900463104248,0.49927079627751425],[117.19038963317871,0.49909914141561273],[117.1908187866211,0.49755424745706023],[117.19141960144043,0.49686762780373783],[117.19305038452148,0.4972967650954274],[117.19339370727539,0.4977259023592211],[117.19347953796387,0.49832669448161937],[117.1940803527832,0.49875583167836623],[117.19485282897949,0.4972967650954274],[117.19476699829102,0.4950652508745179],[117.19528198242188,0.4943786309629985],[117.19691276550293,0.4942069759740093],[117.19871520996094,0.48965811715453356],[117.19871520996094,0.48708329003781614],[117.19794273376465,0.48682580727195557],[117.1977710723877,0.48639666930701253],[117.1977710723877,0.48553839329527193],[117.19828605651855,0.48450846193740915],[117.19880104064941,0.48433680669585044],[117.1992301940918,0.48459428955654005],[117.1995735168457,0.48528091047050737],[117.19940185546875,0.48682580727195557],[117.19991683959961,0.4873407727938428],[117.20137596130371,0.48759825554002134],[117.2021484375,0.4869974624502902],[117.2024917602539,0.4853667380798612],[117.20232009887695,0.484765944791576],[117.2024917602539,0.48382184094515424],[117.20120429992676,0.48270608168459717],[117.2010326385498,0.4821911158102665],[117.20146179199219,0.48038873494361667],[117.20189094543457,0.4802170795981624],[117.20240592956543,0.48038873494361667],[117.20300674438477,0.48193363285848534],[117.20343589782715,0.48244859875229906],[117.20438003540039,0.4829635646071324],[117.20480918884277,0.4827919093265223],[117.20343589782715,0.479530458173258],[117.20377922058105,0.4789296643699572],[117.20386505126953,0.4771272826443891],[117.20429420471191,0.4766981440686493],[117.20626831054688,0.47583986683694945],[117.20738410949707,0.4759256945649213],[117.20892906188965,0.4766981440686493],[117.20961570739746,0.47463827853322016],[117.213134765625,0.47206344575154446],[117.21399307250977,0.4722351013000292],[117.21416473388672,0.47275006792008867],[117.21545219421387,0.47352251777854804],[117.2175121307373,0.47429496755093226],[117.2197437286377,0.4748099340179692],[117.22146034240723,0.4766123163502982],[117.22257614135742,0.4770414549313813],[117.22309112548828,0.4765264886308671],[117.22386360168457,0.4734366900207334],[117.22429275512695,0.47292172345160566],[117.22738265991211,0.47498158949846925],[117.23004341125488,0.47189179019879646],[117.23630905151367,0.47420913980269574],[117.23793983459473,0.47111934015909185],[117.24154472351074,0.47214927352631264],[117.24557876586914,0.46888781734168106],[117.24695205688477,0.47111934015909185],[117.24995613098145,0.47206344575154446],[117.25167274475098,0.47000357883950983],[117.25321769714355,0.47154847908062436],[117.25321769714355,0.47292172345160566],[117.25725173950195,0.4747241062761276],[117.25991249084473,0.4766981440686493],[117.26042747497559,0.4787580089879242],[117.26343154907227,0.4785005259067958],[117.2666072845459,0.4814186669257481],[117.27278709411621,0.47961628585514404],[117.27536201477051,0.48236277110602543],[117.27484703063965,0.48433680669585044],[117.2775936126709,0.4867399796811611],[117.27510452270508,0.4907738752649635],[117.27493286132812,0.49266208087378516],[117.27579116821289,0.4939494934822335],[117.27931022644043,0.49703928272376174],[117.2801685333252,0.49824086703891624],[117.27931022644043,0.4995282785619679],[117.27810859680176,0.5002148979378518],[117.2801685333252,0.501158999462362],[117.28248596191406,0.5002148979378518],[117.2845458984375,0.5009873446498432],[117.28531837463379,0.5025322378005086],[117.28574752807617,0.5051928862584276],[117.28583335876465,0.5124023798138069],[117.28643417358398,0.514118924706878],[117.28926658630371,0.5177236674784353],[117.28918075561523,0.5207276182231908],[117.28806495666504,0.5216717167334508],[117.28926658630371,0.5221866794975369],[117.29398727416992,0.5226158151020712],[117.29338645935059,0.5257055905877053],[117.2951889038086,0.5274221318641139],[117.29836463928223,0.5285378834400092],[117.30093955993652,0.5255339364340728],[117.30111122131348,0.5237315675365579],[117.2995662689209,0.5229591235645898],[117.29973793029785,0.5217575438637425],[117.30308532714844,0.521585889602008],[117.30291366577148,0.5193543837741288],[117.30480194091797,0.5190110751152162],[117.30548858642578,0.5203843096389562],[117.3065185546875,0.519182729446996],[117.30789184570312,0.5203843096389562],[117.30832099914551,0.5221008523731285],[117.31184005737305,0.5227874693356682],[117.31184005737305,0.5197835195715612],[117.31261253356934,0.5183244577414996],[117.31561660766602,0.5182386305645537],[117.31982231140137,0.5190969022817029],[117.32686042785645,0.5216717167334508],[117.32789039611816,0.5207276182231908],[117.32866287231445,0.5207276182231908],[117.33020782470703,0.5233024320083217],[117.33338356018066,0.5271646507028009],[117.3351001739502,0.5278512671092983],[117.33578681945801,0.5264780342205597],[117.33716011047363,0.5251906281126679],[117.34050750732422,0.525276455194799],[117.34042167663574,0.5289670186081707],[117.34557151794434,0.5291386726671163],[117.3464298248291,0.5281945752841324],[117.34548568725586,0.5251048010293999],[117.34411239624023,0.5233024320083217],[117.34411239624023,0.5215000624694],[117.34522819519043,0.5205559639334041],[117.35243797302246,0.5221008523731285],[117.35260963439941,0.5218433709928405],[117.35252380371094,0.5200410010360059],[117.35312461853027,0.5190969022817029],[117.35492706298828,0.5181528033864282],[117.35818862915039,0.5218433709928405],[117.35793113708496,0.5227016422194737],[117.35664367675781,0.5227874693356682],[117.35552787780762,0.523559913328782],[117.35544204711914,0.5247614926844335],[117.35647201538086,0.526735515410266],[117.35612869262695,0.5293103267213155],[117.35733032226562,0.5306835589837959],[117.35861778259277,0.5333441956241103],[117.35964775085449,0.5342024652630073],[117.3614501953125,0.5345457730850285],[117.3617935180664,0.534974907835533],[117.36265182495117,0.5377213695271621],[117.36239433288574,0.5390087730201714],[117.3611068725586,0.5412402717629874],[117.36016273498535,0.5420127134443788],[117.35612869262695,0.5442442110812067],[117.35466957092285,0.5464757078924549],[117.35398292541504,0.5481922433371977],[117.35475540161133,0.5494796445979375],[117.35647201538086,0.551453659325361],[117.3585319519043,0.5527410598820239],[117.35956192016602,0.5521402729902718],[117.36059188842773,0.5511103524631977],[117.36385345458984,0.5519686195814728],[117.3640251159668,0.5523119263941112],[117.36376762390137,0.5531701933389428],[117.36213684082031,0.5540284601596142],[117.35990524291992,0.5565174332358822],[117.3599910736084,0.5568607397847813],[117.36213684082031,0.5585772722291011],[117.36316680908203,0.5588347520525616],[117.36393928527832,0.5584914456187988],[117.3658275604248,0.5581481391649703],[117.36634254455566,0.5577190060695187],[117.36651420593262,0.5569465664188868],[117.36565589904785,0.5539426334831461],[117.36591339111328,0.5529985399598871],[117.36677169799805,0.5517969661677284],[117.36788749694824,0.550767045581253],[117.36865997314453,0.550767045581253],[117.37029075622559,0.5525694064905906],[117.37123489379883,0.5523977530941693],[117.37320899963379,0.5511103524631977],[117.3735523223877,0.5511103524631977],[117.37398147583008,0.5515394860378109],[117.37475395202637,0.551196179180593],[117.37638473510742,0.5511103524631977],[117.37741470336914,0.551453659325361],[117.37810134887695,0.5511103524631977],[117.3782730102539,0.5500804317580474],[117.37870216369629,0.549393817855858],[117.3819637298584,0.5494796445979375],[117.38565444946289,0.5532560200265948],[117.38797187805176,0.554886726855969],[117.38977432250977,0.5568607397847813],[117.39200592041016,0.5568607397847813],[117.3940658569336,0.5552300334996687],[117.39483833312988,0.5557449934278367],[117.39612579345703,0.555830820078171],[117.39672660827637,0.5566890865128329],[117.39706993103027,0.5567749131494253],[117.39792823791504,0.5563457799539435],[117.40015983581543,0.5564316065955381],[117.40462303161621,0.5591780584662445],[117.40805625915527,0.5604654573387364],[117.40968704223633,0.5598646712334272],[117.41415023803711,0.5592638850665566],[117.41586685180664,0.5596071914551572],[117.41887092590332,0.5608945902333886],[117.42264747619629,0.5635552134769171],[117.42453575134277,0.5659583560073571],[117.42547988891602,0.5678465387258456],[117.42805480957031,0.5687906298539502]]}},{"type":"Feature","id":"pmtiles:10/846/510:landuse:6086538642:1","properties":{"class":"quarry","kind":"green","verification":"verified","source":"OpenMapTiles/OpenStreetMap national PMTiles","sourceId":"10/846/510:landuse:6086538642:1","sourceLayer":"landuse","archive":"https://its.hanifahseptiani45.workers.dev/v1/map/archive/indonesia.pmtiles","updatedAt":"2026-07-26T09:41:05.695Z"},"geometry":{"type":"Polygon","coordinates":[[[117.4163818359375,0.5826086731053124],[117.4163818359375,0.5928219876862357],[117.41921424865723,0.5935944224806207],[117.42556571960449,0.5904188565263837],[117.4174976348877,0.5841535454147504],[117.4163818359375,0.5826086731053124]]]}},{"type":"Feature","id":"pmtiles:8/210/126:park:77457633:0","properties":{"name_int":"Kutai National Park","name_de":"Taman Nasional Kutai","name":"Taman Nasional Kutai","rank":1,"name:en":"Kutai National Park","class":"national_park","name:latin":"Taman Nasional Kutai","name_en":"Kutai National Park","kind":"green","verification":"verified","source":"OpenMapTiles/OpenStreetMap national PMTiles","sourceId":"8/210/126:park:77457633:0","sourceLayer":"park","archive":"https://its.hanifahseptiani45.workers.dev/v1/map/archive/indonesia.pmtiles","updatedAt":"2026-07-26T09:35:24.050Z"},"geometry":{"type":"Point","coordinates":[117.26566314697266,0.3567100369308065]}},{"type":"Feature","id":"pmtiles:8/211/126:park:77457633:0","properties":{"name_int":"Kutai National Park","name_de":"Taman Nasional Kutai","name":"Taman Nasional Kutai","rank":1,"name:en":"Kutai National Park","class":"national_park","name:latin":"Taman Nasional Kutai","name_en":"Kutai National Park","kind":"green","verification":"verified","source":"OpenMapTiles/OpenStreetMap national PMTiles","sourceId":"8/211/126:park:77457633:0","sourceLayer":"park","archive":"https://its.hanifahseptiani45.workers.dev/v1/map/archive/indonesia.pmtiles","updatedAt":"2026-07-26T09:35:24.127Z"},"geometry":{"type":"Point","coordinates":[117.26566314697266,0.3567100369308065]}},{"type":"Feature","id":"pmtiles:8/212/126:park:77457633:0","properties":{"name_int":"Kutai National Park","name_de":"Taman Nasional Kutai","name":"Taman Nasional Kutai","rank":1,"name:en":"Kutai National Park","class":"national_park","name:latin":"Taman Nasional Kutai","name_en":"Kutai National Park","kind":"green","verification":"verified","source":"OpenMapTiles/OpenStreetMap national PMTiles","sourceId":"8/212/126:park:77457633:0","sourceLayer":"park","archive":"https://its.hanifahseptiani45.workers.dev/v1/map/archive/indonesia.pmtiles","updatedAt":"2026-07-26T09:35:24.188Z"},"geometry":{"type":"Point","coordinates":[117.26566314697266,0.3567100369308065]}},{"type":"Feature","id":"pmtiles:8/210/127:park:77457633:0","properties":{"name_int":"Kutai National Park","name_de":"Taman Nasional Kutai","name":"Taman Nasional Kutai","rank":1,"name:en":"Kutai National Park","class":"national_park","name:latin":"Taman Nasional Kutai","name_en":"Kutai National Park","kind":"green","verification":"verified","source":"OpenMapTiles/OpenStreetMap national PMTiles","sourceId":"8/210/127:park:77457633:0","sourceLayer":"park","archive":"https://its.hanifahseptiani45.workers.dev/v1/map/archive/indonesia.pmtiles","updatedAt":"2026-07-26T09:35:30.178Z"},"geometry":{"type":"Point","coordinates":[117.26566314697266,0.3567100369308065]}},{"type":"Feature","id":"pmtiles:8/211/127:park:77457633:0","properties":{"name":"Taman Nasional Kutai","name_int":"Kutai National Park","class":"national_park","name:latin":"Taman Nasional Kutai","name_de":"Taman Nasional Kutai","name_en":"Kutai National Park","kind":"green","verification":"verified","source":"OpenMapTiles/OpenStreetMap national PMTiles","sourceId":"8/211/127:park:77457633:0","sourceLayer":"park","archive":"https://its.hanifahseptiani45.workers.dev/v1/map/archive/indonesia.pmtiles","updatedAt":"2026-07-26T09:35:30.236Z"},"geometry":{"type":"Polygon","coordinates":[[[117.53036499023438,0.29559957976572093],[117.53002166748047,0.2938829887094556],[117.53105163574219,0.293539670466501],[117.53105163574219,0.2918230790938594],[117.53276824951172,0.2904498058070857],[117.53173828125,0.28941985073245746],[117.53379821777344,0.28770325873372826],[117.53345489501953,0.2863299849487504],[117.52521514892578,0.28530002950201094],[117.52727508544922,0.2839267554296896],[117.52727508544922,0.28186684401561024],[117.52384185791016,0.27877697621219966],[117.51903533935547,0.2777470200971095],[117.51800537109375,0.27534378881347266],[117.51148223876953,0.2784336575171551],[117.51628875732422,0.2746571512146829],[117.5204086303711,0.2739705135764581],[117.52006530761719,0.2725972381820867],[117.51800537109375,0.27225391930898013],[117.520751953125,0.2715672815334784],[117.520751953125,0.26985068692428626],[117.51766204833984,0.2701940058655481],[117.51594543457031,0.2691640490127156],[117.51903533935547,0.2688207300424068],[117.52143859863281,0.2664174969807789],[117.52212524414062,0.2636709443366527],[117.51903533935547,0.261611029455608],[117.51628875732422,0.2622976677869957],[117.51697540283203,0.26092439108663257],[117.51628875732422,0.2592077950005063],[117.51766204833984,0.26023775268019733],[117.52246856689453,0.25955111423640176],[117.5265884399414,0.26058107188811164],[117.52967834472656,0.2592077950005063],[117.53002166748047,0.25817783723704224],[117.52933502197266,0.2540580053522348],[117.52727508544922,0.25234140834466245],[117.52487182617188,0.25302804717495064],[117.5210952758789,0.2506248111105691],[117.51663208007812,0.24616165725295502],[117.51628875732422,0.24444505921620419],[117.51834869384766,0.2416985019016522],[117.520751953125,0.23998190329760405],[117.52246856689453,0.2396385835508994],[117.52246856689453,0.23860862425920004],[117.5262451171875,0.2365487054448323],[117.5265884399414,0.23448878632470382],[117.52727508544922,0.23448878632470382],[117.5259017944336,0.23174222702682812],[117.52727508544922,0.2310555871189166],[117.52521514892578,0.23139890707702193],[117.52487182617188,0.23002562719484843],[117.52761840820312,0.22624910683983046],[117.52830505371094,0.22109930477485307],[117.52693176269531,0.2193827036875433],[117.5259017944336,0.2193827036875433],[117.52178192138672,0.21663614153888489],[117.520751953125,0.21732278212296308],[117.52143859863281,0.21354625852693232],[117.520751953125,0.21217297698838422],[117.5149154663086,0.21148633617335122],[117.50495910644531,0.21560618060446757],[117.50633239746094,0.21457621960036022],[117.50633239746094,0.21285961777293494],[117.50530242919922,0.21114301575444472],[117.50289916992188,0.21114301575444472],[117.50118255615234,0.20908309308222783],[117.50324249267578,0.2097697340031175],[117.50495910644531,0.20873977261049959],[117.50564575195312,0.20667984962324226],[117.5046157836914,0.20564988802924233],[117.5042724609375,0.2039332852250908],[117.50770568847656,0.20461992636880666],[117.51457214355469,0.20221668223787503],[117.51628875732422,0.20324664405208637],[117.51800537109375,0.19809683433092573],[117.5156021118164,0.19844015502926027],[117.51319885253906,0.19741019291295459],[117.5101089477539,0.1953502684893067],[117.5101089477539,0.19226038138120316],[117.50736236572266,0.19157373972538494],[117.50289916992188,0.1939769853997575],[117.50186920166016,0.195006947727407],[117.49980926513672,0.1953502684893067],[117.49980926513672,0.19947011708143236],[117.49809265136719,0.1953502684893067],[117.49500274658203,0.1960369099920456],[117.49259948730469,0.19775351362549998],[117.4991226196289,0.19260370219878098],[117.50083923339844,0.18779721012916184],[117.49980926513672,0.1867672473697155],[117.49706268310547,0.18882717282791361],[117.4929428100586,0.18848385193508932],[117.49019622802734,0.18985713546564398],[117.4932861328125,0.18024414850545156],[117.49637603759766,0.18161743267386043],[117.4984359741211,0.17852754314941421],[117.50083923339844,0.17955750638238044],[117.50289916992188,0.17921418531116728],[117.5042724609375,0.17578097424708972],[117.50015258789062,0.1737210473049089],[117.4932861328125,0.1737210473049089],[117.49191284179688,0.17440768964405606],[117.49053955078125,0.1788708642335024],[117.48882293701172,0.17990082744714186],[117.4881362915039,0.17852754314941421],[117.48950958251953,0.17784090096203897],[117.48985290527344,0.17509433195813529],[117.48710632324219,0.17681093763313527],[117.48504638671875,0.17955750638238044],[117.48573303222656,0.17749757985878034],[117.48573303222656,0.17234776255187967],[117.49053955078125,0.170631156471444],[117.48950958251953,0.1668546225575369],[117.48710632324219,0.16548133731733117],[117.4874496459961,0.16445137332475213],[117.48676300048828,0.1651380159923974],[117.48573303222656,0.16445137332475213],[117.48504638671875,0.1651380159923974],[117.48538970947266,0.16445137332475213],[117.48367309570312,0.16307808791871992],[117.48435974121094,0.16204812380266276],[117.4822998046875,0.1603315168263606],[117.48058319091797,0.16239144518051774],[117.48332977294922,0.16445137332475213],[117.4822998046875,0.16616797994936405],[117.47955322265625,0.16445137332475213],[117.47749328613281,0.16651130125643476],[117.4771499633789,0.16445137332475213],[117.47611999511719,0.16410805198206901],[117.47749328613281,0.16204812380266276],[117.47920989990234,0.16204812380266276],[117.48023986816406,0.1610181596342386],[117.47817993164062,0.1565549809740645],[117.48092651367188,0.15552501653198192],[117.48401641845703,0.15621165949899307],[117.48470306396484,0.1586149097061309],[117.48710632324219,0.1599881954137885],[117.48779296875,0.1596448739954468],[117.48882293701172,0.15243512290551564],[117.4874496459961,0.14968855042064888],[117.48779296875,0.1490019072454345],[117.49019622802734,0.15071851514312584],[117.48985290527344,0.151748479816888],[117.49053955078125,0.15071851514312584],[117.49053955078125,0.15586833801826572],[117.49156951904297,0.15792826681808947],[117.49500274658203,0.1589582311416251],[117.49603271484375,0.1572416239073675],[117.4936294555664,0.14934522883571333],[117.49431610107422,0.14831526404883277],[117.49946594238281,0.1548383735426455],[117.50804901123047,0.15930155257140655],[117.50907897949219,0.15792826681808947],[117.50770568847656,0.1586149097061309],[117.50736236572266,0.15586833801826572],[117.51079559326172,0.15071851514312584],[117.5101089477539,0.1490019072454345],[117.50736236572266,0.1479719424425383],[117.51251220703125,0.1438520827560552],[117.51182556152344,0.14213547433260487],[117.51594543457031,0.1417921526325756],[117.5152587890625,0.13835893535410548],[117.51628875732422,0.13767229183841323],[116.97761535644531,0.3515602939922644],[116.97795867919922,0.568533150470671],[117.07202911376953,0.5681898446084688],[117.07374572753906,0.5651000909319919],[117.07340240478516,0.5640701726742066],[117.0754623413086,0.5633835604010642],[117.0754623413086,0.5616670293644432],[117.07683563232422,0.5613237230965638],[117.07683563232422,0.5626969480470052],[117.07786560058594,0.5633835604010642],[117.0816421508789,0.5609804168085475],[117.08026885986328,0.5602938041720904],[117.07786560058594,0.5613237230965638],[117.07752227783203,0.560637110500366],[117.07855224609375,0.5575473528225814],[117.08061218261719,0.5582339657803175],[117.08301544189453,0.5561741266670168],[117.08301544189453,0.5554875134693731],[117.0816421508789,0.5551442068406232],[117.08438873291016,0.5534276733981756],[117.08232879638672,0.5520544462864905],[117.08301544189453,0.550681218857676],[117.09022521972656,0.5493079911125136],[117.09125518798828,0.5458749203708209],[117.09228515625,0.5451883059869118],[117.09331512451172,0.5451883059869118],[117.09503173828125,0.5482780700965293],[117.09537506103516,0.5434717696847997],[117.09709167480469,0.544501691524701],[117.09983825683594,0.5427851550272749],[117.10155487060547,0.5427851550272749],[117.103271484375,0.537978850247498],[117.10670471191406,0.539352080572371],[117.1091079711914,0.535575696435842],[117.1142578125,0.5311126940033262],[117.11563110351562,0.5311126940033262],[117.11734771728516,0.5328292337833034],[117.11906433105469,0.5304260779577845],[117.12146759033203,0.5304260779577845],[117.12112426757812,0.5283662293644369],[117.12318420410156,0.5276796130147829],[117.12421417236328,0.5259630718092723],[117.12284088134766,0.525276455194799],[117.12352752685547,0.520126828188495],[117.12661743164062,0.523559913328782],[117.12936401367188,0.5232166048991473],[117.1310806274414,0.5211567539272153],[117.13245391845703,0.5211567539272153],[117.1365737915039,0.5184102849172945],[117.13451385498047,0.5149771969804533],[117.1358871459961,0.5132606523179248],[117.13966369628906,0.5146338880848873],[117.13932037353516,0.5125740343238334],[117.14000701904297,0.5122307252991618],[117.14069366455078,0.5142905791708188],[117.1420669555664,0.5149771969804533],[117.14275360107422,0.5112007981148992],[117.14584350585938,0.5125740343238334],[117.1468734741211,0.5112007981148992],[117.14790344238281,0.5122307252991618],[117.14927673339844,0.5115441071946947],[117.15065002441406,0.5105141799002695],[117.14996337890625,0.5091409432511398],[117.1527099609375,0.5087976340431197],[117.1527099609375,0.5070810877292757],[117.15545654296875,0.5063944690762128],[117.15682983398438,0.5050212315520213],[117.16026306152344,0.5060511597224178],[117.16232299804688,0.5046779221256088],[117.16506958007812,0.5050212315520213],[117.16644287109375,0.5026180651870646],[117.16575622558594,0.4995282785619679],[117.16712951660156,0.4984983493636719],[117.1688461303711,0.4984983493636719],[117.17021942138672,0.5029613747220054],[117.17330932617188,0.5019314460630397],[117.17330932617188,0.5033046842388842],[117.17193603515625,0.5046779221256088],[117.17880249023438,0.5043346126810775],[117.17948913574219,0.5022747556340761],[117.17811584472656,0.5009015172418998],[117.17880249023438,0.499871588258884],[117.18017578125,0.4991849688471177],[117.18189239501953,0.5002148979378518],[117.18395233154297,0.4984983493636719],[117.1860122680664,0.4991849688471177],[117.18704223632812,0.4971251101820968],[117.19013214111328,0.4991849688471177],[117.1915054321289,0.496781800342049],[117.19287872314453,0.4974684200042958],[117.19390869140625,0.49884165911434764],[117.19459533691406,0.4950652508745179],[117.1969985961914,0.49403532098060055],[117.19871520996094,0.4895722895998631],[117.19871520996094,0.48716911762424786],[117.19768524169922,0.4864824969021839],[117.19837188720703,0.484422634317184],[117.19940185546875,0.484765944791576],[117.19974517822266,0.4875124279590466],[117.2021484375,0.48716911762424786],[117.2024917602539,0.48373601331623206],[117.20111846923828,0.48236277110602543],[117.20146179199219,0.48030290727143665],[117.2024917602539,0.48030290727143665],[117.20352172851562,0.48236277110602543],[117.20489501953125,0.48270608168459717],[117.20352172851562,0.47961628585514404],[117.20386505126953,0.47721311035633107],[117.20626831054688,0.47583986683694945],[117.20901489257812,0.476869799502154],[117.20970153808594,0.4748099340179692],[117.213134765625,0.47206344575154446],[117.21965789794922,0.4748099340179692],[117.22240447998047,0.476869799502154],[117.2244644165039,0.473093378978902],[117.22755432128906,0.4751532449746918],[117.2299575805664,0.47206344575154446],[117.23648071289062,0.47412331205340763],[117.23785400390625,0.4710335123716334],[117.24163055419922,0.47206344575154446],[117.24540710449219,0.4689736451555291],[117.24678039550781,0.4710335123716334],[117.24987030029297,0.47206344575154446],[117.2515869140625,0.47000357883950983],[117.25330352783203,0.47172013464184204],[117.25330352783203,0.47275006792008867],[117.25982666015625,0.4765264886308671],[117.26051330566406,0.4785863536015853],[117.26325988769531,0.4785863536015853],[117.26669311523438,0.48133283926649995],[117.27287292480469,0.47961628585514404],[117.27527618408203,0.48236277110602543],[117.27493286132812,0.484422634317184],[117.27767944335938,0.48682580727195557],[117.27493286132812,0.49060222018314903],[117.27493286132812,0.49266208087378516],[117.28008270263672,0.49815503959509044],[117.27802276611328,0.5002148979378518],[117.28008270263672,0.5012448268669374],[117.28248596191406,0.5002148979378518],[117.2845458984375,0.5009015172418998],[117.28591918945312,0.5053645409603007],[117.28591918945312,0.5125740343238334],[117.28935241699219,0.5177236674784353],[117.28935241699219,0.5208134453663433],[117.28797912597656,0.5218433709928405],[117.29381561279297,0.5225299879835177],[117.29347229003906,0.5256197635114574],[117.2951889038086,0.527336304811513],[117.29827880859375,0.528709537510835],[117.301025390625,0.5256197635114574],[117.301025390625,0.523559913328782],[117.29965209960938,0.5228732964507117],[117.29965209960938,0.5218433709928405],[117.30308532714844,0.5215000624694],[117.30308532714844,0.5194402109359402],[117.30480194091797,0.5190969022817029],[117.30548858642578,0.5204701367867557],[117.3065185546875,0.5190969022817029],[117.30823516845703,0.5221866794975369],[117.31201171875,0.5228732964507117],[117.31269836425781,0.5184102849172945],[117.31544494628906,0.5180669762071517],[117.32677459716797,0.5218433709928405],[117.3284912109375,0.5208134453663433],[117.33329772949219,0.5269929965893283],[117.33501434326172,0.5276796130147829],[117.33707427978516,0.525276455194799],[117.34050750732422,0.525276455194799],[117.34050750732422,0.5290528456382475],[117.34565734863281,0.5290528456382475],[117.34634399414062,0.5280229211990815],[117.34394073486328,0.5232166048991473],[117.34394073486328,0.5215000624694],[117.3453140258789,0.5204701367867557],[117.35252380371094,0.5221866794975369],[117.35252380371094,0.520126828188495],[117.35492706298828,0.5180669762071517],[117.35801696777344,0.5218433709928405],[117.35801696777344,0.5225299879835177],[117.3556137084961,0.523559913328782],[117.35664367675781,0.5266496883482148],[117.35595703125,0.5293961537466316],[117.35870361328125,0.5335158495614678],[117.3617935180664,0.5348890808878366],[117.36248016357422,0.5376355426179771],[117.3611068725586,0.5414119254784566],[117.35595703125,0.5441583842642501],[117.35389709472656,0.5482780700965293],[117.35836029052734,0.5527410598820239],[117.36042022705078,0.5510245257445803],[117.36385345458984,0.5520544462864905],[117.36385345458984,0.553084366650026],[117.35973358154297,0.5565174332358822],[117.36213684082031,0.5585772722291011],[117.36625671386719,0.5575473528225814],[117.36557006835938,0.5537709801264583],[117.36797332763672,0.550681218857676],[117.37037658691406,0.5527410598820239],[117.37312316894531,0.5510245257445803],[117.3775863647461,0.5513678326116747],[117.37861633300781,0.5493079911125136],[117.38204956054688,0.5496512980784303],[117.38960266113281,0.5568607397847813],[117.39200592041016,0.5568607397847813],[117.3940658569336,0.5551442068406232],[117.39715576171875,0.5568607397847813],[117.4002456665039,0.5565174332358822],[117.40814208984375,0.560637110500366],[117.41569519042969,0.5596071914551572],[117.42256164550781,0.5633835604010642],[117.42565155029297,0.5678465387258456],[117.42805480957031,0.5688764563124806],[117.42977142333984,0.5681898446084688],[117.43595123291016,0.5681898446084688],[117.4383544921875,0.5726528192216165],[117.43904113769531,0.5760858742533657],[117.44075775146484,0.5757425688430828],[117.44247436523438,0.573339430392835],[117.44281768798828,0.5678465387258456],[117.44213104248047,0.5657867030024448],[117.4435043334961,0.5644134787804092],[117.44659423828125,0.5644134787804092],[117.45208740234375,0.5678465387258456],[117.45655059814453,0.567503232822844],[117.4603271484375,0.5633835604010642],[117.46341705322266,0.5630402542341244],[117.46719360351562,0.559950497823678],[117.4661636352539,0.5568607397847813],[117.46307373046875,0.5561741266670168],[117.46135711669922,0.5544575935233524],[117.4603271484375,0.5486213771215773],[117.45826721191406,0.5472481489033925],[117.45929718017578,0.5451883059869118],[117.46238708496094,0.5434717696847997],[117.46238708496094,0.5417552328948574],[117.4603271484375,0.5403820031127253],[117.46273040771484,0.5362623119069241],[117.46410369873047,0.5362623119069241],[117.46341705322266,0.537978850247498],[117.46444702148438,0.539352080572371],[117.46719360351562,0.5407253105873764],[117.46822357177734,0.539352080572371],[117.4658203125,0.5345457730850285],[117.4654769897461,0.5307693859900837],[117.46788024902344,0.5280229211990815],[117.46994018554688,0.5280229211990815],[117.46925354003906,0.5314560019975119],[117.4716567993164,0.5328292337833034],[117.47337341308594,0.5317993099726124],[117.4771499633789,0.5359190041810109],[117.47886657714844,0.5345457730850285],[117.48161315917969,0.5345457730850285],[117.4826431274414,0.5324859258655152],[117.48607635498047,0.5317993099726124],[117.48573303222656,0.5276796130147829],[117.48676300048828,0.5256197635114574],[117.48470306396484,0.5221866794975369],[117.49122619628906,0.5221866794975369],[117.49122619628906,0.5249331468592544],[117.49397277832031,0.5269929965893283],[117.49534606933594,0.5259630718092723],[117.49500274658203,0.5215000624694],[117.50083923339844,0.520126828188495],[117.50289916992188,0.5204701367867557],[117.50358581542969,0.5208134453663433],[117.50221252441406,0.5266496883482148],[117.50289916992188,0.528709537510835],[117.50564575195312,0.5266496883482148],[117.5042724609375,0.5245898385048946],[117.50530242919922,0.5225299879835177],[117.50701904296875,0.5215000624694],[117.50839233398438,0.5218433709928405],[117.50907897949219,0.5245898385048946],[117.51045227050781,0.5256197635114574],[117.51319885253906,0.523559913328782],[117.51079559326172,0.5215000624694],[117.51251220703125,0.520126828188495],[117.5152587890625,0.5215000624694],[117.51903533935547,0.5204701367867557],[117.520751953125,0.5187535936088068],[117.52212524414062,0.5208134453663433],[117.52418518066406,0.5211567539272153],[117.5262451171875,0.5184102849172945],[117.52555847167969,0.5166937411807737],[117.52693176269531,0.5084543248168245],[117.52864837646484,0.5067377784118605],[117.52761840820312,0.5060511597224178],[117.5259017944336,0.5070810877292757],[117.52521514892578,0.5063944690762128],[117.53002166748047,0.5043346126810775],[117.52796173095703,0.5019314460630397],[117.52761840820312,0.49884165911434764],[117.5262451171875,0.4984983493636719],[117.52452850341797,0.4947219409276471],[117.52315521240234,0.4943786309629985],[117.52246856689453,0.4960951806084637],[117.52178192138672,0.4957518707149404],[117.52178192138672,0.49403532098060055],[117.52487182617188,0.4892289793702673],[117.52521514892578,0.4854525656881066],[117.53242492675781,0.48373601331623206],[117.53379821777344,0.484422634317184],[117.53345489501953,0.48682580727195557],[117.53414154052734,0.48716911762424786],[117.53620147705078,0.484422634317184],[117.5375747680664,0.484422634317184],[117.54341125488281,0.48133283926649995],[117.54341125488281,0.480646217953705],[117.54203796386719,0.4792729751211482],[117.5423812866211,0.4785863536015853],[117.54718780517578,0.4789296643699572],[117.55062103271484,0.48133283926649995],[117.55302429199219,0.4789296643699572],[117.55165100097656,0.47583986683694945],[117.55302429199219,0.47172013464184204],[117.55302429199219,0.4689736451555291],[117.55680084228516,0.47069020121115557],[117.55542755126953,0.4761831777424561],[117.55783081054688,0.4792729751211482],[117.55851745605469,0.4789296643699572],[117.55989074707031,0.47549655591436135],[117.56366729736328,0.476869799502154],[117.564697265625,0.47206344575154446],[117.56710052490234,0.4710335123716334],[117.56641387939453,0.46691377733324657],[117.5643539428711,0.4662271545915786],[117.56744384765625,0.46451059744468637],[117.57293701171875,0.46519722035355926],[117.57396697998047,0.46451059744468637],[117.57362365722656,0.4631373514268944],[117.5701904296875,0.46073417025606034],[117.57122039794922,0.45764436470308567],[117.5701904296875,0.4552411816857358],[117.57156372070312,0.45489786976064295],[117.57465362548828,0.4566144292225687],[117.57877349853516,0.4552411816857358],[117.57843017578125,0.452494685828313],[117.5808334350586,0.4507781253890073],[117.5815200805664,0.44837494009459533],[117.58392333984375,0.44974818893112456],[117.58529663085938,0.4490615645451044],[117.58426666259766,0.4466583786868057],[117.58220672607422,0.4459717540113388],[117.58289337158203,0.4445985044683738],[117.5870132446289,0.44253862967526914],[117.58872985839844,0.44253862967526914],[117.59147644042969,0.4452851292718236],[117.59147644042969,0.4466583786868057],[117.58907318115234,0.4490615645451044],[117.58975982666016,0.4507781253890073],[117.59113311767578,0.4507781253890073],[117.59490966796875,0.44837494009459533],[117.59593963623047,0.4452851292718236],[117.59937286376953,0.4428819421805912],[117.60143280029297,0.4401354416939114],[117.6082992553711,0.43807556566484607],[117.61344909667969,0.4377322529382184],[117.61001586914062,0.4291494296966505],[117.60452270507812,0.42022328331249525],[117.6031494140625,0.4198799697849438],[117.6028060913086,0.4167901473601745],[117.58358001708984,0.4044308456297472],[117.5760269165039,0.4040875314214958],[117.57156372070312,0.4047741598234609],[117.57225036621094,0.40580410231741837],[117.57465362548828,0.4051174740026795],[117.57740020751953,0.4061474164529386],[117.57465362548828,0.40580410231741837],[117.57293701171875,0.4088939290111284],[117.57293701171875,0.4106104988832584],[117.57465362548828,0.41198375451568836],[117.57637023925781,0.41198375451568836],[117.57362365722656,0.41576020628212973],[117.5650405883789,0.42434304446258864],[117.56538391113281,0.422969790988617],[117.56298065185547,0.4239997311169077],[117.55645751953125,0.42193985072363205],[117.55130767822266,0.4222831641604614],[117.55439758300781,0.41919334268465036],[117.55680084228516,0.4178200883035714],[117.5588607788086,0.41747677467074595],[117.56229400634766,0.41919334268465036],[117.564697265625,0.41850671552415974],[117.5643539428711,0.41610351998976114],[117.55783081054688,0.41370032372330456],[117.55714416503906,0.4123270683868441],[117.55989074707031,0.41129712672901064],[117.55680084228516,0.40752067284908833],[117.55748748779297,0.4064907305738785],[117.56092071533203,0.40752067284908833],[117.5643539428711,0.40580410231741837],[117.56538391113281,0.4030575887097285],[117.5650405883789,0.4009977028958218],[117.56195068359375,0.39962444539844455],[117.55989074707031,0.39756455872216634],[117.56160736083984,0.3982511876714909],[117.56401062011719,0.3979078732039625],[117.56538391113281,0.3955046715320236],[117.56641387939453,0.39138489562073175],[117.56538391113281,0.3889816920699758],[117.56332397460938,0.3879517474813241],[117.56401062011719,0.38589185792829994],[117.56126403808594,0.38142876218917365],[117.55611419677734,0.366322882673785],[117.55302429199219,0.36185977698765726],[117.5537109375,0.35533677242723627],[117.55165100097656,0.35087366138498055],[117.55165100097656,0.33714099878794457],[117.55268096923828,0.3354244145853329],[117.54993438720703,0.3285580747794796],[117.5485610961914,0.32821475766448316],[117.54341125488281,0.3189451911459429],[117.54100799560547,0.31722860383025875],[117.53791809082031,0.31722860383025875],[117.53860473632812,0.3165419688241684],[117.53517150878906,0.31722860383025875],[117.53345489501953,0.3230649995325905],[117.53242492675781,0.3237516341018818],[117.53105163574219,0.3237516341018818],[117.52899169921875,0.32134841290658755],[117.52727508544922,0.32237836491690075],[117.52555847167969,0.3220350475916973],[117.5262451171875,0.32031846079243564],[117.53070831298828,0.31722860383025875],[117.53070831298828,0.3161986513040631],[117.52727508544922,0.316885286332905],[117.52452850341797,0.32066177817533514],[117.52212524414062,0.32237836491690075],[117.5210952758789,0.32134841290658755],[117.52349853515625,0.3182585562539373],[117.52315521240234,0.31585533377261754],[117.52418518066406,0.3155120162298317],[117.52349853515625,0.3155120162298317],[117.52418518066406,0.31276547548070255],[117.52727508544922,0.31173552251414094],[117.52933502197266,0.30658575617700023],[117.52967834472656,0.3045258489463265],[117.52864837646484,0.29937607915336173],[117.52899169921875,0.29765948868286785],[117.53070831298828,0.2973161705566554],[117.53036499023438,0.29559957976572093]]]}},{"type":"Feature","id":"pmtiles:8/212/127:park:77457633:0","properties":{"name_int":"Kutai National Park","name_de":"Taman Nasional Kutai","name":"Taman Nasional Kutai","rank":1,"name:en":"Kutai National Park","class":"national_park","name:latin":"Taman Nasional Kutai","name_en":"Kutai National Park","kind":"green","verification":"verified","source":"OpenMapTiles/OpenStreetMap national PMTiles","sourceId":"8/212/127:park:77457633:0","sourceLayer":"park","archive":"https://its.hanifahseptiani45.workers.dev/v1/map/archive/indonesia.pmtiles","updatedAt":"2026-07-26T09:35:30.302Z"},"geometry":{"type":"Point","coordinates":[117.26566314697266,0.3567100369308065]}},{"type":"Feature","id":"pmtiles:8/210/128:park:77457633:0","properties":{"name_int":"Kutai National Park","name_de":"Taman Nasional Kutai","name":"Taman Nasional Kutai","rank":1,"name:en":"Kutai National Park","class":"national_park","name:latin":"Taman Nasional Kutai","name_en":"Kutai National Park","kind":"green","verification":"verified","source":"OpenMapTiles/OpenStreetMap national PMTiles","sourceId":"8/210/128:park:77457633:0","sourceLayer":"park","archive":"https://its.hanifahseptiani45.workers.dev/v1/map/archive/indonesia.pmtiles","updatedAt":"2026-07-26T09:35:32.898Z"},"geometry":{"type":"Point","coordinates":[117.26566314697266,0.3567100369308065]}},{"type":"Feature","id":"pmtiles:8/211/128:park:77457633:0","properties":{"name_int":"Kutai National Park","name_de":"Taman Nasional Kutai","name":"Taman Nasional Kutai","rank":1,"name:en":"Kutai National Park","class":"national_park","name:latin":"Taman Nasional Kutai","name_en":"Kutai National Park","kind":"green","verification":"verified","source":"OpenMapTiles/OpenStreetMap national PMTiles","sourceId":"8/211/128:park:77457633:0","sourceLayer":"park","archive":"https://its.hanifahseptiani45.workers.dev/v1/map/archive/indonesia.pmtiles","updatedAt":"2026-07-26T09:35:32.970Z"},"geometry":{"type":"Point","coordinates":[117.26566314697266,0.3567100369308065]}},{"type":"Feature","id":"pmtiles:8/212/128:park:77457633:0","properties":{"name_int":"Kutai National Park","name_de":"Taman Nasional Kutai","name":"Taman Nasional Kutai","rank":1,"name:en":"Kutai National Park","class":"national_park","name:latin":"Taman Nasional Kutai","name_en":"Kutai National Park","kind":"green","verification":"verified","source":"OpenMapTiles/OpenStreetMap national PMTiles","sourceId":"8/212/128:park:77457633:0","sourceLayer":"park","archive":"https://its.hanifahseptiani45.workers.dev/v1/map/archive/indonesia.pmtiles","updatedAt":"2026-07-26T09:35:33.042Z"},"geometry":{"type":"Point","coordinates":[117.26566314697266,0.3567100369308065]}}]}