{"type":"FeatureCollection","features":[{"type":"Feature","id":"pmtiles:10/833/517:landcover:2567055932:0","properties":{"subclass":"orchard","class":"farmland","kind":"green","verification":"verified","source":"OpenMapTiles/OpenStreetMap national PMTiles","sourceId":"10/833/517:landcover:2567055932:0","sourceLayer":"landcover","archive":"https://its.hanifahseptiani45.workers.dev/v1/map/archive/indonesia.pmtiles","updatedAt":"2026-07-26T09:42:31.461Z"},"geometry":{"type":"Polygon","coordinates":[[[113.20235252380371,-1.9404324853392296],[113.20389747619629,-1.9364865330913403],[113.2086181640625,-1.9375159128252193],[113.2086181640625,-1.9407756111868224],[113.20775985717773,-1.940689829731454],[113.20784568786621,-1.9418907697104828],[113.20733070373535,-1.9420623324949702],[113.20793151855469,-1.9431774901694894],[113.2075023651123,-1.9442926471076305],[113.20638656616211,-1.9446357721711536],[113.203125,-1.9440353032642008],[113.20261001586914,-1.9430917088360502],[113.20363998413086,-1.941976551104915],[113.20355415344238,-1.9410329555267936],[113.20235252380371,-1.9410329555267936],[113.20235252380371,-1.9404324853392296]]]}},{"type":"Feature","id":"pmtiles:10/833/517:landuse:164549723:1","properties":{"class":"quarry","kind":"green","verification":"verified","source":"OpenMapTiles/OpenStreetMap national PMTiles","sourceId":"10/833/517:landuse:164549723:1","sourceLayer":"landuse","archive":"https://its.hanifahseptiani45.workers.dev/v1/map/archive/indonesia.pmtiles","updatedAt":"2026-07-26T09:42:31.462Z"},"geometry":{"type":"Polygon","coordinates":[[[113.20767402648926,-1.897712777381301],[113.2086181640625,-1.8969407246859902],[113.2086181640625,-1.9007152012516713],[113.20844650268555,-1.9003720673591715],[113.20681571960449,-1.8997715828832185],[113.20741653442383,-1.8981416953964185],[113.20767402648926,-1.897712777381301]]]}},{"type":"Feature","id":"pmtiles:10/833/517:landuse:164549723:2","properties":{"class":"quarry","kind":"green","verification":"verified","source":"OpenMapTiles/OpenStreetMap national PMTiles","sourceId":"10/833/517:landuse:164549723:2","sourceLayer":"landuse","archive":"https://its.hanifahseptiani45.workers.dev/v1/map/archive/indonesia.pmtiles","updatedAt":"2026-07-26T09:42:31.462Z"},"geometry":{"type":"Polygon","coordinates":[[[113.20853233337402,-1.9046612361108544],[113.2086181640625,-1.904489669565649],[113.2086181640625,-1.9074920816392336],[113.20844650268555,-1.9075778647643773],[113.20544242858887,-1.9105802714482962],[113.20398330688477,-1.9106660544193375],[113.20363998413086,-1.9104087054933814],[113.20398330688477,-1.9096366584842173],[113.2034683227539,-1.9082641296115668],[113.2027816772461,-1.9078352141141437],[113.20175170898438,-1.9065484669803396],[113.2016658782959,-1.9061195510552693],[113.20243835449219,-1.905604851804128],[113.20321083068848,-1.9056906350233334],[113.20363998413086,-1.9059479846553131],[113.20381164550781,-1.9068058164840807],[113.20415496826172,-1.9070631659493387],[113.20509910583496,-1.9070631659493387],[113.20595741271973,-1.9074062985098124],[113.20733070373535,-1.9072347322381233],[113.2071590423584,-1.9052617188845602],[113.20741653442383,-1.9049185858966666],[113.20775985717773,-1.9046612361108544],[113.20818901062012,-1.9049185858966666],[113.20853233337402,-1.9046612361108544]]]}},{"type":"Feature","id":"pmtiles:10/833/517:landuse:164549723:3","properties":{"class":"quarry","kind":"green","verification":"verified","source":"OpenMapTiles/OpenStreetMap national PMTiles","sourceId":"10/833/517:landuse:164549723:3","sourceLayer":"landuse","archive":"https://its.hanifahseptiani45.workers.dev/v1/map/archive/indonesia.pmtiles","updatedAt":"2026-07-26T09:42:31.463Z"},"geometry":{"type":"Polygon","coordinates":[[[113.20775985717773,-1.9255922259785478],[113.2086181640625,-1.924991750329454],[113.2086181640625,-1.932969480951357],[113.20724487304688,-1.9315969708219143],[113.20544242858887,-1.930310241568506],[113.20441246032715,-1.9283372548219404],[113.20295333862305,-1.926621612313312],[113.20252418518066,-1.9248201858194136],[113.2034683227539,-1.9244770567475769],[113.2045841217041,-1.9246486212921212],[113.20672988891602,-1.9256780081968827],[113.20775985717773,-1.9255922259785478]]]}},{"type":"Feature","id":"pmtiles:10/834/517:landcover:141401373:0","properties":{"subclass":"wood","class":"wood","kind":"green","verification":"verified","source":"OpenMapTiles/OpenStreetMap national PMTiles","sourceId":"10/834/517:landcover:141401373:0","sourceLayer":"landcover","archive":"https://its.hanifahseptiani45.workers.dev/v1/map/archive/indonesia.pmtiles","updatedAt":"2026-07-26T09:42:31.536Z"},"geometry":{"type":"Polygon","coordinates":[[[113.5601806640625,-2.114388093041839],[113.52121353149414,-2.114388093041839],[113.51975440979004,-2.102294158541099],[113.51486206054688,-2.080507685832714],[113.51297378540039,-2.0691854628677504],[113.51099967956543,-2.0646393960290226],[113.50439071655273,-2.0558903251664447],[113.50464820861816,-2.0547752440575238],[113.50404739379883,-2.0553756724437164],[113.5026741027832,-2.05366016216999],[113.4902286529541,-2.0450825832042057],[113.48739624023438,-2.040193342663798],[113.4873104095459,-2.039764461205081],[113.48825454711914,-2.0393355796320094],[113.48791122436523,-2.0385635925124603],[113.4861946105957,-2.0379631578301485],[113.49555015563965,-2.0338458854089083],[113.50293159484863,-2.0324734589325715],[113.50653648376465,-2.037276946490479],[113.5067081451416,-2.040536447748451],[113.50945472717285,-2.0479131893415428],[113.50584983825684,-2.0550325705363974],[113.50593566894531,-2.056662303939376],[113.50713729858398,-2.057691608388879],[113.50868225097656,-2.0571769562471474],[113.51005554199219,-2.0580347097244243],[113.51194381713867,-2.056662303939376],[113.51348876953125,-2.0570911808740533],[113.51374626159668,-2.0578631590658887],[113.51280212402344,-2.060093316186837],[113.51280212402344,-2.061723044416155],[113.5173511505127,-2.065154045758362],[113.5191535949707,-2.0689281386773786],[113.51820945739746,-2.071158280272897],[113.51829528808594,-2.0727022226156464],[113.5213851928711,-2.072787997146108],[113.52250099182129,-2.0739888400844535],[113.52327346801758,-2.0739888400844535],[113.5257625579834,-2.071758702473929],[113.52550506591797,-2.065926020039811],[113.52602005004883,-2.0653255956310943],[113.52919578552246,-2.065068270815047],[113.5297966003418,-2.0644678460822092],[113.52790832519531,-2.062838120664253],[113.53091239929199,-2.0584635862900313],[113.53314399719238,-2.0576058330434535],[113.53460311889648,-2.0556329988258284],[113.53537559509277,-2.0552898969737896],[113.5370922088623,-2.056919630114024],[113.53889465332031,-2.0574342823387752],[113.54447364807129,-2.0561476514655794],[113.54730606079102,-2.051687323078312],[113.55382919311523,-2.047655861717402],[113.55846405029297,-2.0482562927761023],[113.55923652648926,-2.047827413471424],[113.5601806640625,-2.044911031156545],[113.5601806640625,-2.114388093041839]]]}},{"type":"Feature","id":"pmtiles:10/834/517:landcover:141401373:1","properties":{"subclass":"wood","class":"wood","kind":"green","verification":"verified","source":"OpenMapTiles/OpenStreetMap national PMTiles","sourceId":"10/834/517:landcover:141401373:1","sourceLayer":"landcover","archive":"https://its.hanifahseptiani45.workers.dev/v1/map/archive/indonesia.pmtiles","updatedAt":"2026-07-26T09:42:31.536Z"},"geometry":{"type":"Polygon","coordinates":[[[113.5601806640625,-2.0049389073135586],[113.5601806640625,-2.0447394790905236],[113.55803489685059,-2.0434528380109924],[113.55485916137695,-2.042938181290495],[113.55254173278809,-2.038906697944654],[113.55056762695312,-2.0373627229239304],[113.54970932006836,-2.0351325341702164],[113.54833602905273,-2.0341889918456246],[113.5466194152832,-2.0341889918456246],[113.54584693908691,-2.0347036513638272],[113.54052543640137,-2.0418230911637494],[113.53769302368164,-2.0431955096713637],[113.53262901306152,-2.0437101663093813],[113.52988243103027,-2.0415657625630814],[113.52327346801758,-2.0419088673548345],[113.52129936218262,-2.0378773814286717],[113.52129936218262,-2.036076075942688],[113.52250099182129,-2.032902342331795],[113.52258682250977,-2.0274984031818377],[113.52387428283691,-2.0267264104006415],[113.52524757385254,-2.0274984031818377],[113.5275650024414,-2.0314441383096664],[113.52876663208008,-2.0324734589325715],[113.53039741516113,-2.032902342331795],[113.53185653686523,-2.032216128838357],[113.53228569030762,-2.0291281645104675],[113.53752136230469,-2.0253539778808545],[113.54069709777832,-2.0247535382878254],[113.54541778564453,-2.020807786859649],[113.55005264282227,-2.0195211267113535],[113.55022430419922,-2.0178913557276417],[113.54739189147949,-2.016175805559172],[113.5466194152832,-2.0146318088614095],[113.5451602935791,-2.0136882546033235],[113.54378700256348,-2.014546031224171],[113.54507446289062,-2.017376690867067],[113.54352951049805,-2.0171193583756946],[113.54232788085938,-2.014031365305854],[113.54018211364746,-2.0115438110762085],[113.5396671295166,-2.009999809991001],[113.54413032531738,-2.0079411396061175],[113.54619026184082,-2.0055393542128996],[113.54756355285645,-2.004767351016156],[113.54910850524902,-2.0049389073135586],[113.55048179626465,-2.0059682447203926],[113.55528831481934,-2.0050246854555382],[113.55709075927734,-2.005282019854448],[113.5601806640625,-2.0049389073135586]]]}},{"type":"Feature","id":"pmtiles:10/834/517:landcover:141401373:2","properties":{"subclass":"wood","class":"wood","kind":"green","verification":"verified","source":"OpenMapTiles/OpenStreetMap national PMTiles","sourceId":"10/834/517:landcover:141401373:2","sourceLayer":"landcover","archive":"https://its.hanifahseptiani45.workers.dev/v1/map/archive/indonesia.pmtiles","updatedAt":"2026-07-26T09:42:31.537Z"},"geometry":{"type":"Polygon","coordinates":[[[113.5601806640625,-1.9577602533633893],[113.5601806640625,-1.9933588169574676],[113.55751991271973,-1.9919863563955857],[113.54344367980957,-1.988383641982395],[113.54189872741699,-1.9875258516766507],[113.53949546813965,-1.9852098156255948],[113.53846549987793,-1.9821217625102747],[113.53906631469727,-1.9806635132030124],[113.53795051574707,-1.9793768215718472],[113.53297233581543,-1.9779185698493364],[113.52962493896484,-1.9784332470742783],[113.52885246276855,-1.9768892149205044],[113.53039741516113,-1.9660809496925253],[113.54653358459473,-1.9729433484495473],[113.54430198669434,-1.9718282105755804],[113.54473114013672,-1.9705415121001977],[113.54395866394043,-1.9717424307081615],[113.53863716125488,-1.9694263726173347],[113.5370922088623,-1.968568572507266],[113.53717803955078,-1.967882332101368],[113.53597640991211,-1.9674534317042855],[113.5356330871582,-1.9665098504424634],[113.53494644165039,-1.967110311307195],[113.53460311889648,-1.9665098504424634],[113.53374481201172,-1.9671960914130864],[113.53056907653809,-1.9658236091896555],[113.5297966003418,-1.9620492772590126],[113.52902412414551,-1.9617061557518127],[113.52825164794922,-1.9639364442900558],[113.52739334106445,-1.9641937850837365],[113.52361679077148,-1.9630786413582229],[113.52069854736328,-1.9614488145752063],[113.51984024047852,-1.9598189862044393],[113.51451873779297,-1.9563019827375854],[113.51434707641602,-1.9545863686136329],[113.51726531982422,-1.9528707527365299],[113.51760864257812,-1.9522702867656392],[113.51752281188965,-1.9505546685242336],[113.51606369018555,-1.9496110777456295],[113.51614952087402,-1.9487532674878452],[113.52335929870605,-1.9393173258538638],[113.52524757385254,-1.9338272992188195],[113.52507591247559,-1.9302244595836413],[113.52456092834473,-1.9271363052474157],[113.5231876373291,-1.924048145310664],[113.52104187011719,-1.9214746744249709],[113.51949691772461,-1.92181780410057],[113.51855278015137,-1.926793176641965],[113.5165786743164,-1.9295382035489297],[113.5151195526123,-1.9303960235490365],[113.51348876953125,-1.9303960235490365],[113.5118579864502,-1.9301386775944565],[113.51065635681152,-1.929109293386631],[113.50996971130371,-1.9275652159070091],[113.51031303405762,-1.9260211370269644],[113.51391792297363,-1.9206168499344187],[113.51417541503906,-1.919072764766213],[113.51280212402344,-1.916070372948809],[113.51022720336914,-1.913840021333911],[113.51117134094238,-1.912467495821005],[113.51142883300781,-1.9109234033067253],[113.50833892822266,-1.9100655735321368],[113.50610733032227,-1.9076636478852578],[113.50576400756836,-1.9061195510552693],[113.50679397583008,-1.9040607531278795],[113.51348876953125,-1.9038034032139706],[113.51786613464355,-1.902430869691031],[113.52396011352539,-1.9029455698901643],[113.52945327758789,-1.9056906350233334],[113.52902412414551,-1.9068058164840807],[113.53074073791504,-1.9074062985098124],[113.53228569030762,-1.905175935643996],[113.5338306427002,-1.904318103003348],[113.53537559509277,-1.904489669565649],[113.53597640991211,-1.906033767857437],[113.53752136230469,-1.9062911174381156],[113.53666305541992,-1.9076636478852578],[113.53734970092773,-1.9091219602853755],[113.54155540466309,-1.911266535096587],[113.54455947875977,-1.9101513565288712],[113.54825019836426,-1.913153758714742],[113.55013847351074,-1.913582672883905],[113.54610443115234,-1.9244770567475769],[113.5488510131836,-1.9189869822159835],[113.55271339416504,-1.9195874599772509],[113.55915069580078,-1.9195874599772509],[113.5601806640625,-1.9184722868241977],[113.5601806640625,-1.9575029115804057],[113.55623245239258,-1.969340592626196],[113.5601806640625,-1.9577602533633893]]]}},{"type":"Feature","id":"pmtiles:10/834/517:landcover:2567055932:0","properties":{"subclass":"orchard","class":"farmland","kind":"green","verification":"verified","source":"OpenMapTiles/OpenStreetMap national PMTiles","sourceId":"10/834/517:landcover:2567055932:0","sourceLayer":"landcover","archive":"https://its.hanifahseptiani45.workers.dev/v1/map/archive/indonesia.pmtiles","updatedAt":"2026-07-26T09:42:31.537Z"},"geometry":{"type":"Polygon","coordinates":[[[113.20389747619629,-1.9364865330913403],[113.21024894714355,-1.9378590392641684],[113.21222305297852,-1.9389741997105006],[113.21239471435547,-1.9376874760533696],[113.21436882019043,-1.9382879472150591],[113.21479797363281,-1.941204518398365],[113.21608543395996,-1.9407756111868224],[113.21617126464844,-1.9416334255010952],[113.21462631225586,-1.941719206908573],[113.2144546508789,-1.9430059274982625],[113.21539878845215,-1.942920146156112],[113.214111328125,-1.9436063967713437],[113.21574211120605,-1.9439495219743463],[113.21651458740234,-1.9436063967713437],[113.21625709533691,-1.9465229587730448],[113.21548461914062,-1.948067018966995],[113.21351051330566,-1.9477238946017081],[113.21333885192871,-1.9487532674878452],[113.2144546508789,-1.9488390485332872],[113.21308135986328,-1.951069354180433],[113.2129955291748,-1.9535569992976463],[113.21170806884766,-1.9535569992976463],[113.2115364074707,-1.9546721493614712],[113.20930480957031,-1.9557015179937167],[113.20913314819336,-1.9569024472665006],[113.21127891540527,-1.9606767908079519],[113.2111930847168,-1.9638506640166753],[113.20999145507812,-1.9651373676547337],[113.20999145507812,-1.9662525100057309],[113.20844650268555,-1.9677107719557796],[113.20878982543945,-1.9711419715124663],[113.20810317993164,-1.9720855501512915],[113.20793151855469,-1.9754309610120657],[113.20664405822754,-1.9754309610120657],[113.20630073547363,-1.977318112885115],[113.20415496826172,-1.9771465537125579],[113.20484161376953,-1.9778327902963184],[113.20432662963867,-1.9789479241395185],[113.20363998413086,-1.9790337036348546],[113.20363998413086,-1.9796341599779907],[113.2042407989502,-1.9796341599779907],[113.20398330688477,-1.9800630572327833],[113.20080757141113,-1.9798057188932319],[113.20029258728027,-1.981521307068661],[113.19780349731445,-1.9817786451417305],[113.1976318359375,-1.9816070864307989],[113.1976318359375,-1.9547579301049325],[113.19943428039551,-1.9544148071047829],[113.19969177246094,-1.953642780098079],[113.1987476348877,-1.953385437683636],[113.1987476348877,-1.9522702867656392],[113.20037841796875,-1.952184505895147],[113.19977760314941,-1.9505546685242336],[113.20012092590332,-1.9497826397447113],[113.20381164550781,-1.9505546685242336],[113.20389747619629,-1.9520987250202637],[113.20870399475098,-1.952184505895147],[113.20887565612793,-1.9512409160308266],[113.21042060852051,-1.9511551351078253],[113.21076393127441,-1.9498684207377153],[113.20981979370117,-1.9496968587473589],[113.20930480957031,-1.9487532674878452],[113.21145057678223,-1.9460940529125992],[113.20964813232422,-1.9454935845246837],[113.20939064025879,-1.9445499909117956],[113.21179389953613,-1.9440353032642008],[113.20921897888184,-1.9432632714985658],[113.2086181640625,-1.9423196766390447],[113.20887565612793,-1.9407756111868224],[113.20775985717773,-1.940689829731454],[113.20784568786621,-1.9418907697104828],[113.20733070373535,-1.9420623324949702],[113.20793151855469,-1.9431774901694894],[113.2075023651123,-1.9442926471076305],[113.20638656616211,-1.9446357721711536],[113.203125,-1.9440353032642008],[113.20261001586914,-1.9430917088360502],[113.20363998413086,-1.941976551104915],[113.20355415344238,-1.9410329555267936],[113.20235252380371,-1.9410329555267936],[113.20235252380371,-1.9404324853392296],[113.20389747619629,-1.9364865330913403]]]}},{"type":"Feature","id":"pmtiles:10/834/517:landcover:2556596850:0","properties":{"subclass":"wood","class":"wood","kind":"green","verification":"verified","source":"OpenMapTiles/OpenStreetMap national PMTiles","sourceId":"10/834/517:landcover:2556596850:0","sourceLayer":"landcover","archive":"https://its.hanifahseptiani45.workers.dev/v1/map/archive/indonesia.pmtiles","updatedAt":"2026-07-26T09:42:31.537Z"},"geometry":{"type":"Polygon","coordinates":[[[113.30946922302246,-1.9230187574220707],[113.31024169921875,-1.922932975069969],[113.31024169921875,-1.9233618867872906],[113.30955505371094,-1.924991750329454],[113.31101417541504,-1.9255064437559213],[113.31118583679199,-1.924991750329454],[113.31230163574219,-1.9249059680765868],[113.31247329711914,-1.922932975069969],[113.31762313842773,-1.9231903221132995],[113.31873893737793,-1.9271363052474157],[113.31539154052734,-1.9280799085558726],[113.31573486328125,-1.9297955495944024],[113.31891059875488,-1.9309964972915736],[113.32054138183594,-1.9303960235490365],[113.32157135009766,-1.9270505231025368],[113.32337379455566,-1.9268789587998185],[113.3254337310791,-1.9235334514440154],[113.34122657775879,-1.924305492185752],[113.34096908569336,-1.926621612313312],[113.33882331848145,-1.9273936516561463],[113.3389949798584,-1.9333983901392742],[113.31891059875488,-1.9333126083103735],[113.30114364624023,-1.9328836991007563],[113.30217361450195,-1.9308249333867877],[113.29771041870117,-1.930310241568506],[113.29805374145508,-1.9297097675835744],[113.30097198486328,-1.9299671136030838],[113.30122947692871,-1.9282514727375712],[113.30208778381348,-1.9281656906488962],[113.30320358276367,-1.925163314822214],[113.30389022827148,-1.9254206615289604],[113.30431938171387,-1.924991750329454],[113.30586433410645,-1.9258495726205496],[113.30569267272949,-1.9248201858194136],[113.30758094787598,-1.9248201858194136],[113.30818176269531,-1.9239623630103466],[113.30946922302246,-1.9237907983967517],[113.30946922302246,-1.9230187574220707]]]}},{"type":"Feature","id":"pmtiles:10/834/517:landcover:2556596850:1","properties":{"subclass":"wood","class":"wood","kind":"green","verification":"verified","source":"OpenMapTiles/OpenStreetMap national PMTiles","sourceId":"10/834/517:landcover:2556596850:1","sourceLayer":"landcover","archive":"https://its.hanifahseptiani45.workers.dev/v1/map/archive/indonesia.pmtiles","updatedAt":"2026-07-26T09:42:31.537Z"},"geometry":{"type":"Polygon","coordinates":[[[113.29110145568848,-2.038306263390311],[113.29058647155762,-2.0331596723166143],[113.2895565032959,-2.0314441383096664],[113.28998565673828,-2.0302432634206298],[113.29496383666992,-2.027584180134795],[113.29659461975098,-2.0245819840775283],[113.29831123352051,-2.017033580869551],[113.29934120178223,-2.0154895849853744],[113.30792427062988,-2.0148033641223435],[113.30886840820312,-2.0119727000072487],[113.3078384399414,-2.010771810716207],[113.30869674682617,-2.009570920541492],[113.30758094787598,-2.00699758147951],[113.31384658813477,-2.006397135115421],[113.31822395324707,-2.0097424763348073],[113.31856727600098,-2.011029144210127],[113.32208633422852,-2.011629588871429],[113.32165718078613,-2.0127446997988727],[113.32414627075195,-2.0134309215290074],[113.32672119140625,-2.0154895849853744],[113.32809448242188,-2.0168620258436363],[113.32766532897949,-2.0176340233177115],[113.33135604858398,-2.020636232232107],[113.33109855651855,-2.021751336987151],[113.33298683166504,-2.02252333213805],[113.33290100097656,-2.0233811040970977],[113.33659172058105,-2.025611309066889],[113.33264350891113,-2.0294712719493617],[113.32860946655273,-2.027155295324519],[113.3265495300293,-2.028098841757071],[113.32843780517578,-2.03170146852689],[113.32715034484863,-2.033417002260421],[113.32938194274902,-2.0311010312895945],[113.33290100097656,-2.0299859329711722],[113.3375358581543,-2.0266406334022378],[113.34311485290527,-2.0324734589325715],[113.34096908569336,-2.0357329699074995],[113.34362983703613,-2.032902342331795],[113.34465980529785,-2.0339316620249264],[113.34320068359375,-2.035475640333189],[113.34354400634766,-2.0357329699074995],[113.34508895874023,-2.0342747684433817],[113.34663391113281,-2.0359902994407406],[113.3456039428711,-2.0373627229239304],[113.34723472595215,-2.036333405421118],[113.34817886352539,-2.0366765113284657],[113.35375785827637,-2.0409653290012955],[113.29110145568848,-2.038306263390311]]]}},{"type":"Feature","id":"pmtiles:10/834/517:landcover:2556596850:2","properties":{"subclass":"wood","class":"wood","kind":"green","verification":"verified","source":"OpenMapTiles/OpenStreetMap national PMTiles","sourceId":"10/834/517:landcover:2556596850:2","sourceLayer":"landcover","archive":"https://its.hanifahseptiani45.workers.dev/v1/map/archive/indonesia.pmtiles","updatedAt":"2026-07-26T09:42:31.537Z"},"geometry":{"type":"Polygon","coordinates":[[[113.35367202758789,-2.0251824237341225],[113.35375785827637,-2.0404506714841517],[113.34732055664062,-2.036076075942688],[113.34697723388672,-2.0351325341702164],[113.34517478942871,-2.0339316620249264],[113.34551811218262,-2.033674332163187],[113.3448314666748,-2.032988118997963],[113.3444881439209,-2.0332454489691116],[113.3433723449707,-2.0323876822390616],[113.33779335021973,-2.026297525363148],[113.34114074707031,-2.0220944459884436],[113.3404541015625,-2.0215797824593125],[113.33702087402344,-2.025611309066889],[113.33487510681152,-2.0234668812680496],[113.33650588989258,-2.021494005188586],[113.33375930786133,-2.018834907548964],[113.33573341369629,-2.0166904707996594],[113.33745002746582,-2.0106002550310507],[113.33676338195801,-2.009399364730129],[113.33839416503906,-2.008198473546102],[113.33890914916992,-2.006397135115421],[113.3389949798584,-1.965394708263375],[113.34096908569336,-1.9639364442900558],[113.34105491638184,-1.9617919361351994],[113.33908081054688,-1.9605910103673807],[113.3389949798584,-1.9297955495944024],[113.34843635559082,-1.935714497880582],[113.34895133972168,-1.936829659738791],[113.35161209106445,-1.9383737287922145],[113.35358619689941,-1.9376016944414687],[113.35358619689941,-2.0181486880968578],[113.35161209106445,-2.015318029796731],[113.34938049316406,-2.013259366123549],[113.34440231323242,-2.0115438110762085],[113.3433723449707,-2.011715366662159],[113.34294319152832,-2.0124873665756127],[113.34843635559082,-2.014546031224171],[113.35161209106445,-2.01634736065742],[113.35238456726074,-2.017977133188566],[113.35161209106445,-2.020979341469072],[113.35375785827637,-2.021236673349236],[113.35367202758789,-2.0251824237341225]]]}},{"type":"Feature","id":"pmtiles:10/834/517:landuse:164549723:0","properties":{"class":"quarry","kind":"green","verification":"verified","source":"OpenMapTiles/OpenStreetMap national PMTiles","sourceId":"10/834/517:landuse:164549723:0","sourceLayer":"landuse","archive":"https://its.hanifahseptiani45.workers.dev/v1/map/archive/indonesia.pmtiles","updatedAt":"2026-07-26T09:42:31.538Z"},"geometry":{"type":"Polygon","coordinates":[[[113.19891929626465,-1.894195645646505],[113.1976318359375,-1.8945387807644352],[113.1976318359375,-1.8817569518337365],[113.19857597351074,-1.8827005799989394],[113.19849014282227,-1.8838157762628356],[113.1990909576416,-1.884416266263088],[113.19994926452637,-1.8845878347965623],[113.20072174072266,-1.8840731291454347],[113.20072174072266,-1.8834726390268912],[113.20046424865723,-1.8833010703835669],[113.2005500793457,-1.8828721487013809],[113.20132255554199,-1.8826147956413877],[113.20158004760742,-1.882271658168989],[113.20132255554199,-1.8814138141925127],[113.20183753967285,-1.881156460917282],[113.20192337036133,-1.8808133231579234],[113.20123672485352,-1.8808133231579234],[113.20115089416504,-1.8802986163923663],[113.2020092010498,-1.8787544951850776],[113.20158004760742,-1.878154003235764],[113.19994926452637,-1.8779824340694802],[113.19977760314941,-1.8774677264695754],[113.19986343383789,-1.8766956647855153],[113.20097923278809,-1.8756662486765379],[113.2020092010498,-1.8753231098389307],[113.20321083068848,-1.8766956647855153],[113.20321083068848,-1.8769530187180834],[113.20261001586914,-1.8771245879854206],[113.20295333862305,-1.877296157235918],[113.2034683227539,-1.8771245879854206],[113.20432662963867,-1.8772103726127654],[113.20484161376953,-1.8767814494339063],[113.20484161376953,-1.8765240954760998],[113.20415496826172,-1.87575203337542],[113.20518493652344,-1.87575203337542],[113.20561408996582,-1.8766098801329179],[113.20612907409668,-1.8764383108150753],[113.20681571960449,-1.8768672340781052],[113.20621490478516,-1.8770388033538552],[113.2056999206543,-1.8778108648863565],[113.20698738098145,-1.8790976333491614],[113.20853233337402,-1.8786687106335336],[113.20887565612793,-1.8787544951850776],[113.20724487304688,-1.879698124974027],[113.20690155029297,-1.880984892046044],[113.20561408996582,-1.8819285206290317],[113.20406913757324,-1.8823574425434089],[113.20381164550781,-1.8843304819900197],[113.203125,-1.8862177350212335],[113.20261001586914,-1.886475087548746],[113.20235252380371,-1.8869040083433077],[113.20269584655762,-1.8887054745250396],[113.203125,-1.888962826684292],[113.20355415344238,-1.8888770426354284],[113.20441246032715,-1.8884481223276737],[113.20552825927734,-1.887247144902787],[113.20690155029297,-1.8869897924895156],[113.20844650268555,-1.8873329290320981],[113.21024894714355,-1.8885339063976971],[113.2126522064209,-1.8887054745250396],[113.21393966674805,-1.8884481223276737],[113.21514129638672,-1.888962826684292],[113.2181453704834,-1.8890486107289064],[113.21986198425293,-1.889649098922547],[113.22209358215332,-1.8897348829332685],[113.22466850280762,-1.8910216425853719],[113.22492599487305,-1.8916221300965503],[113.22492599487305,-1.8929946721986113],[113.22389602661133,-1.8936809428421668],[113.22406768798828,-1.894109861856407],[113.22732925415039,-1.8935951590265887],[113.22810173034668,-1.894796132058275],[113.23016166687012,-1.896254455334244],[113.23136329650879,-1.8965118063730415],[113.2317066192627,-1.8975412101454623],[113.23368072509766,-1.8977985609928396],[113.23359489440918,-1.8980559118019187],[113.23136329650879,-1.898484829731899],[113.23127746582031,-1.8986563968741024],[113.23144912719727,-1.899171098198508],[113.23265075683594,-1.900028933398474],[113.23428153991699,-1.9006294177849412],[113.23419570922852,-1.9013156853994673],[113.23196411132812,-1.9008009847141523],[113.23041915893555,-1.9002005003873421],[113.22930335998535,-1.9002005003873421],[113.22921752929688,-1.9004578508386913],[113.2294750213623,-1.9013156853994673],[113.2317066192627,-1.901658819104398],[113.23239326477051,-1.902602436441157],[113.23325157165527,-1.9029455698901643],[113.23488235473633,-1.9026882198098036],[113.23539733886719,-1.90311713658906],[113.23616981506348,-1.9028597865343073],[113.23616981506348,-1.901658819104398],[113.2357406616211,-1.9012299019625658],[113.2364273071289,-1.9003720673591715],[113.23616981506348,-1.8992568817376707],[113.23677062988281,-1.8986563968741024],[113.23745727539062,-1.8969407246859902],[113.23831558227539,-1.8964260226976961],[113.2386589050293,-1.8965118063730415],[113.23883056640625,-1.8969407246859902],[113.23814392089844,-1.8977985609928396],[113.23831558227539,-1.8981416953964185],[113.23986053466797,-1.8982274789866693],[113.24063301086426,-1.8992568817376707],[113.24106216430664,-1.9003720673591715],[113.2415771484375,-1.9002005003873421],[113.24174880981445,-1.8993426652725844],[113.2430362701416,-1.8994284488032207],[113.24380874633789,-1.9001147168950325],[113.24492454528809,-1.9001147168950325],[113.24552536010742,-1.8998573663925669],[113.24586868286133,-1.8992568817376707],[113.24586868286133,-1.898827963999267],[113.24535369873047,-1.898484829731899],[113.24569702148438,-1.8977985609928396],[113.24483871459961,-1.896168671646123],[113.24226379394531,-1.896254455334244],[113.24166297912598,-1.8957397531418252],[113.24200630187988,-1.8952250507963697],[113.24312210083008,-1.8954824019882324],[113.24518203735352,-1.8953966182618558],[113.2456111907959,-1.8936809428421668],[113.24543952941895,-1.89333780755436],[113.24492454528809,-1.8930804560439043],[113.24440956115723,-1.8923941851626296],[113.24483871459961,-1.8914505622574183],[113.24423789978027,-1.8909358586382439],[113.24492454528809,-1.8899064509419787],[113.24518203735352,-1.8899064509419787],[113.24526786804199,-1.8905927228073267],[113.24569702148438,-1.890850074686881],[113.24715614318848,-1.891107426528265],[113.2474136352539,-1.8914505622574183],[113.24698448181152,-1.8930804560439043],[113.2459545135498,-1.8949676995662657],[113.24604034423828,-1.8959113205562943],[113.24646949768066,-1.8960828879537672],[113.24689865112305,-1.8959113205562943],[113.24775695800781,-1.8946245645333022],[113.24801445007324,-1.8938525104606043],[113.24878692626953,-1.8936809428421668],[113.24930191040039,-1.8943672132139682],[113.24930191040039,-1.894796132058275],[113.2485294342041,-1.8963402390180875],[113.24835777282715,-1.897626993765499],[113.24930191040039,-1.897369642892599],[113.24955940246582,-1.8965118063730415],[113.25024604797363,-1.8954824019882324],[113.25041770935059,-1.8953966182618558],[113.25101852416992,-1.8957397531418252],[113.25119018554688,-1.896168671646123],[113.25067520141602,-1.8975412101454623],[113.25067520141602,-1.8983990461544238],[113.25101852416992,-1.8989137475554685],[113.25136184692383,-1.9006294177849412],[113.25204849243164,-1.9008009847141523],[113.25213432312012,-1.901573035684578],[113.25350761413574,-1.9025166530682185],[113.25479507446289,-1.9020019527411165],[113.25505256652832,-1.901658819104398],[113.25556755065918,-1.901573035684578],[113.25556755065918,-1.9013156853994673],[113.25505256652832,-1.9010583350759873],[113.25539588928223,-1.900543634313948],[113.25582504272461,-1.900543634313948],[113.25634002685547,-1.8994284488032207],[113.25591087341309,-1.8993426652725844],[113.25539588928223,-1.8983132625726853],[113.2554817199707,-1.8977985609928396],[113.25591087341309,-1.897026508335827],[113.25625419616699,-1.8969407246859902],[113.25762748718262,-1.8971980756227254],[113.25754165649414,-1.8977985609928396],[113.25797080993652,-1.8983132625726853],[113.2591724395752,-1.8982274789866693],[113.25908660888672,-1.897884344600115],[113.25968742370605,-1.897369642892599],[113.25968742370605,-1.897026508335827],[113.25900077819824,-1.8971122919814007],[113.25848579406738,-1.8964260226976961],[113.25942993164062,-1.8957397531418252],[113.25968742370605,-1.8943672132139682],[113.25908660888672,-1.894109861856407],[113.25874328613281,-1.894796132058275],[113.25797080993652,-1.8949676995662657],[113.25745582580566,-1.8954824019882324],[113.25745582580566,-1.8943672132139682],[113.25608253479004,-1.894281429432354],[113.25625419616699,-1.8930804560439043],[113.25676918029785,-1.8929946721986113],[113.25685501098633,-1.8934235913826853],[113.25719833374023,-1.8935951590265887],[113.2583999633789,-1.89333780755436],[113.25848579406738,-1.8929088883490692],[113.2591724395752,-1.8923941851626296],[113.25942993164062,-1.8914505622574183],[113.25960159301758,-1.890335370889602],[113.25925827026367,-1.8902495869085527],[113.2591724395752,-1.8899064509419787],[113.26020240783691,-1.889820666939741],[113.26037406921387,-1.8894775308884135],[113.25994491577148,-1.8887912585823727],[113.25865745544434,-1.8891343947692718],[113.25745582580566,-1.888962826684292],[113.25719833374023,-1.8885339063976971],[113.25719833374023,-1.888019201914048],[113.25754165649414,-1.887247144902787],[113.25848579406738,-1.8871613607692694],[113.25985908508301,-1.8876760655069234],[113.26054573059082,-1.887247144902787],[113.26054573059082,-1.8886196904635],[113.2609748840332,-1.889649098922547],[113.26045989990234,-1.8910216425853719],[113.2606315612793,-1.8911932104669091],[113.26131820678711,-1.8909358586382439],[113.26183319091797,-1.891107426528265],[113.26251983642578,-1.8899064509419787],[113.26294898986816,-1.8899922349399816],[113.26337814331055,-1.8886196904635],[113.26372146606445,-1.8882765541749365],[113.26492309570312,-1.8884481223276737],[113.2646656036377,-1.8894775308884135],[113.2650089263916,-1.889649098922547],[113.26603889465332,-1.8894775308884135],[113.2664680480957,-1.889820666939741],[113.26732635498047,-1.8897348829332685],[113.26784133911133,-1.8892201788054024],[113.26827049255371,-1.8893059628373123],[113.26784133911133,-1.890335370889602],[113.26784133911133,-1.891707914009757],[113.26749801635742,-1.8923084012833726],[113.26569557189941,-1.8926515367749488],[113.26492309570312,-1.89333780755436],[113.26440811157227,-1.894195645646505],[113.26346397399902,-1.8948819158143948],[113.26312065124512,-1.8947103482979202],[113.26303482055664,-1.8936809428421668],[113.26269149780273,-1.8934235913826853],[113.26251983642578,-1.8935951590265887],[113.26277732849121,-1.896168671646123],[113.26363563537598,-1.8967691573735692],[113.26380729675293,-1.8977985609928396],[113.26509475708008,-1.8975412101454623],[113.26432228088379,-1.8971122919814007],[113.26423645019531,-1.8967691573735692],[113.26509475708008,-1.8963402390180875],[113.26560974121094,-1.8963402390180875],[113.26698303222656,-1.8968549410319042],[113.26775550842285,-1.896254455334244],[113.26852798461914,-1.896254455334244],[113.26895713806152,-1.8954824019882324],[113.26861381530762,-1.8953108345312444],[113.26784133911133,-1.8946245645333022],[113.26801300048828,-1.894195645646505],[113.2693862915039,-1.8936809428421668],[113.27033042907715,-1.894281429432354],[113.27101707458496,-1.894195645646505],[113.27101707458496,-1.8939382942634495],[113.27178955078125,-1.8929946721986113],[113.27170372009277,-1.8923941851626296],[113.27075958251953,-1.8922226173998666],[113.27033042907715,-1.8918794818234232],[113.27058792114258,-1.890850074686881],[113.27127456665039,-1.8910216425853719],[113.27144622802734,-1.8914505622574183],[113.27230453491211,-1.8909358586382439],[113.27427864074707,-1.891107426528265],[113.27479362487793,-1.8917936979187004],[113.27616691589355,-1.8917936979187004],[113.27728271484375,-1.8907642907312692],[113.27788352966309,-1.891107426528265],[113.27822685241699,-1.8892201788054024],[113.27754020690918,-1.8879334178186156],[113.27651023864746,-1.8874187131571603],[113.27642440795898,-1.8862177350212335],[113.27839851379395,-1.8855314614284566],[113.27977180480957,-1.884416266263088],[113.27994346618652,-1.8837299919601946],[113.2796859741211,-1.8827005799989394],[113.27977180480957,-1.8821000894074444],[113.28226089477539,-1.8823574425434089],[113.28363418579102,-1.8818427362334944],[113.2840633392334,-1.8819285206290317],[113.28423500061035,-1.8826147956413877],[113.28389167785645,-1.8830437173869257],[113.28123092651367,-1.8834726390268912],[113.28071594238281,-1.885617245642365],[113.280029296875,-1.8858745982586953],[113.27985763549805,-1.8862177350212335],[113.280029296875,-1.8865608717161138],[113.27951431274414,-1.887075576631517],[113.27874183654785,-1.8885339063976971],[113.27899932861328,-1.8907642907312692],[113.27865600585938,-1.8917936979187004],[113.27728271484375,-1.8925657529084106],[113.2771110534668,-1.8932520237217858],[113.27659606933594,-1.8938525104606043],[113.27556610107422,-1.89376672665351],[113.27410697937012,-1.8948819158143948],[113.27393531799316,-1.8958255368511772],[113.27281951904297,-1.8966833737109852],[113.26397895812988,-1.8982274789866693],[113.26329231262207,-1.8981416953964185],[113.26277732849121,-1.897626993765499],[113.26226234436035,-1.8975412101454623],[113.26217651367188,-1.897884344600115],[113.26234817504883,-1.8983132625726853],[113.26183319091797,-1.8998573663925669],[113.26045989990234,-1.8998573663925669],[113.25977325439453,-1.9001147168950325],[113.2595157623291,-1.9004578508386913],[113.26045989990234,-1.9022593029238664],[113.26174736022949,-1.9025166530682185],[113.2646656036377,-1.9010583350759873],[113.26741218566895,-1.9014014688320913],[113.26827049255371,-1.9012299019625658],[113.27084541320801,-1.8989137475554685],[113.27985763549805,-1.894796132058275],[113.28200340270996,-1.889649098922547],[113.28269004821777,-1.8887054745250396],[113.28466415405273,-1.8873329290320981],[113.28509330749512,-1.8875902813945657],[113.28569412231445,-1.8890486107289064],[113.2880973815918,-1.8902495869085527],[113.2884407043457,-1.8905069388389961],[113.2884407043457,-1.890850074686881],[113.28680992126465,-1.8929088883490692],[113.28620910644531,-1.8945387807644352],[113.28569412231445,-1.8946245645333022],[113.28449249267578,-1.894281429432354],[113.28372001647949,-1.8946245645333022],[113.28346252441406,-1.8951392670572602],[113.28286170959473,-1.8964260226976961],[113.28380584716797,-1.8974554265211623],[113.28414916992188,-1.8983132625726853],[113.28208923339844,-1.9013156853994673],[113.28054428100586,-1.9019161693383353],[113.27359199523926,-1.902430869691031],[113.27359199523926,-1.9065484669803396],[113.2748794555664,-1.9065484669803396],[113.27573776245117,-1.9068058164840807],[113.27616691589355,-1.9075778647643773],[113.27608108520508,-1.9079209972221918],[113.27479362487793,-1.9097224415023533],[113.27470779418945,-1.9122959300546825],[113.27427864074707,-1.9125532786977288],[113.27384948730469,-1.9125532786977288],[113.27213287353516,-1.9108376203485307],[113.27067375183105,-1.9120385813730252],[113.27033042907715,-1.9128106273021928],[113.27093124389648,-1.913840021333911],[113.27178955078125,-1.9141831525405024],[113.2730770111084,-1.914268935331421],[113.27316284179688,-1.9151267630044657],[113.27436447143555,-1.9158130248337244],[113.27530860900879,-1.9195874599772509],[113.27256202697754,-1.9196732424973675],[113.27136039733887,-1.9203595025032598],[113.27041625976562,-1.9204452849846092],[113.27007293701172,-1.920187937527615],[113.26972961425781,-1.9184722868241977],[113.26921463012695,-1.9178718086713786],[113.26835632324219,-1.9174428955760732],[113.26844215393066,-1.9170997650223995],[113.26603889465332,-1.9151267630044657],[113.26492309570312,-1.9126390615701752],[113.26423645019531,-1.9121243642712074],[113.26269149780273,-1.9121243642712074],[113.2624340057373,-1.9123817129399896],[113.2624340057373,-1.9132395415571466],[113.26303482055664,-1.9146120664521646],[113.26312065124512,-1.9153841112226644],[113.2638931274414,-1.916241938337393],[113.26277732849121,-1.916756634399988],[113.26166152954102,-1.9169281997197913],[113.2606315612793,-1.917614460827096],[113.25934410095215,-1.9175286782037233],[113.25891494750977,-1.9170139823732484],[113.2591724395752,-1.9161561556452398],[113.26080322265625,-1.915469893953457],[113.26131820678711,-1.914869414747642],[113.26140403747559,-1.9144405009003833],[113.26045989990234,-1.9128106273021928],[113.26071739196777,-1.9105802714482962],[113.26011657714844,-1.9090361772372688],[113.25891494750977,-1.9077494310018324],[113.25797080993652,-1.9077494310018324],[113.25642585754395,-1.9105802714482962],[113.2569408416748,-1.911266535096587],[113.2569408416748,-1.9117812326527996],[113.25625419616699,-1.9122101471650836],[113.25522422790527,-1.9134968900586529],[113.25445175170898,-1.913582672883905],[113.2540225982666,-1.9134111072291091],[113.2540225982666,-1.9130679758680316],[113.24792861938477,-1.912467495821005],[113.2470703125,-1.9125532786977288],[113.24646949768066,-1.913582672883905],[113.24483871459961,-1.9151267630044657],[113.24320793151855,-1.9181291564769651],[113.24252128601074,-1.918643851972007],[113.24097633361816,-1.9208741973268246],[113.2401180267334,-1.923104539769838],[113.23908805847168,-1.9237907983967517],[113.23805809020996,-1.925163314822214],[113.23840141296387,-1.9255064437559213],[113.23848724365234,-1.9261927014160847],[113.23822975158691,-1.9255064437559213],[113.23780059814453,-1.9255064437559213],[113.23694229125977,-1.9271363052474157],[113.23840141296387,-1.9313396250491763],[113.23840141296387,-1.933569953784101],[113.23762893676758,-1.9354571527321838],[113.23762893676758,-1.9364865330913403],[113.23822975158691,-1.93725856795038],[113.23908805847168,-1.936400751418617],[113.24080467224121,-1.933569953784101],[113.2415771484375,-1.9327979172458356],[113.24252128601074,-1.9324547897828097],[113.24355125427246,-1.9324547897828097],[113.24483871459961,-1.934084644614515],[113.24578285217285,-1.9344277717480338],[113.2467269897461,-1.9343419899711591],[113.24758529663086,-1.9338272992188195],[113.25076103210449,-1.9285088189777042],[113.25119018554688,-1.926621612313312],[113.25067520141602,-1.9237050160834883],[113.25076103210449,-1.9217320216881433],[113.25119018554688,-1.9207026324028504],[113.25187683105469,-1.9200163725347466],[113.2529067993164,-1.9199305900318535],[113.25488090515137,-1.9233618867872906],[113.25582504272461,-1.9268789587998185],[113.25591087341309,-1.9310822792374722],[113.25676918029785,-1.932969480951357],[113.25779914855957,-1.9347708988121752],[113.25865745544434,-1.9356287161687789],[113.25977325439453,-1.9358860612911286],[113.2638931274414,-1.9353713710073635],[113.2646656036377,-1.9362291880601674],[113.26560974121094,-1.9358860612911286],[113.26629638671875,-1.9351998075447199],[113.26638221740723,-1.934084644614515],[113.26560974121094,-1.9333983901392742],[113.2646656036377,-1.9328836991007563],[113.26148986816406,-1.9272220873879746],[113.26148986816406,-1.9261927014160847],[113.26183319091797,-1.9252490970621068],[113.26269149780273,-1.9257637904108549],[113.26312065124512,-1.926621612313312],[113.26509475708008,-1.9272220873879746],[113.26638221740723,-1.9244770567475769],[113.26681137084961,-1.9241339276066753],[113.2675838470459,-1.9248201858194136],[113.26861381530762,-1.9244770567475769],[113.26921463012695,-1.922075151312015],[113.26990127563477,-1.9214746744249709],[113.27033042907715,-1.9214746744249709],[113.27110290527344,-1.923447669117806],[113.27153205871582,-1.9236192337659048],[113.2730770111084,-1.923104539769838],[113.27402114868164,-1.923447669117806],[113.27633857727051,-1.9258495726205496],[113.27668190002441,-1.9267073944798057],[113.27754020690918,-1.9272220873879746],[113.27848434448242,-1.926793176641965],[113.2796859741211,-1.925163314822214],[113.2803726196289,-1.9244770567475769],[113.28140258789062,-1.9244770567475769],[113.28337669372559,-1.924991750329454],[113.28492164611816,-1.9261927014160847],[113.28509330749512,-1.9271363052474157],[113.28457832336426,-1.9279083443568794],[113.28372001647949,-1.9282514727375712],[113.28088760375977,-1.9282514727375712],[113.2796859741211,-1.9297955495944024],[113.27728271484375,-1.9313396250491763],[113.2771110534668,-1.9323690079062033],[113.27788352966309,-1.9358002795880225],[113.27874183654785,-1.9364865330913403],[113.27985763549805,-1.9367438780834476],[113.28157424926758,-1.9378590392641684],[113.28886985778809,-1.9331410446395267],[113.28912734985352,-1.9326263535229913],[113.28912734985352,-1.9317685346487536],[113.28895568847656,-1.9315111889019931],[113.28689575195312,-1.9304818055252468],[113.28680992126465,-1.9299671136030838],[113.28706741333008,-1.9295382035489297],[113.2895565032959,-1.9291950754277423],[113.29050064086914,-1.9297097675835744],[113.29153060913086,-1.9298813316009102],[113.29256057739258,-1.9297097675835744],[113.29298973083496,-1.9293666394969904],[113.2921314239502,-1.9282514727375712],[113.29110145568848,-1.9279941264585432],[113.29015731811523,-1.9281656906488962],[113.28981399536133,-1.9278225622508955],[113.2898998260498,-1.9264500479673927],[113.2895565032959,-1.9255064437559213],[113.2895565032959,-1.925077532577987],[113.2898998260498,-1.9246486212921212],[113.2913589477539,-1.9249059680765868],[113.29384803771973,-1.9261069192236846],[113.29530715942383,-1.9258495726205496],[113.29625129699707,-1.9254206615289604],[113.29788208007812,-1.9253348792976936],[113.29839706420898,-1.9254206615289604],[113.29968452453613,-1.9264500479673927],[113.30019950866699,-1.9265358301424982],[113.3016586303711,-1.9262784836041646],[113.30191612243652,-1.9258495726205496],[113.302001953125,-1.9249059680765868],[113.30183029174805,-1.9243912744688174],[113.29985618591309,-1.9237050160834883],[113.29745292663574,-1.9242197098983809],[113.29668045043945,-1.923447669117806],[113.29530715942383,-1.9214746744249709],[113.29513549804688,-1.9210457622335468],[113.29522132873535,-1.9200163725347466],[113.29573631286621,-1.9199305900318535],[113.29728126525879,-1.920187937527615],[113.29771041870117,-1.9201021550333337],[113.29874038696289,-1.918214939070225],[113.29848289489746,-1.9146120664521646],[113.29642295837402,-1.9127248444383298],[113.29625129699707,-1.9122101471650836],[113.29633712768555,-1.9116954497374792],[113.29728126525879,-1.9114381009657961],[113.30002784729004,-1.915555676679972],[113.30526351928711,-1.915298328487566],[113.30586433410645,-1.9161561556452398],[113.30620765686035,-1.9170997650223995],[113.30595016479492,-1.9223324984846641],[113.30337524414062,-1.9258495726205496],[113.30157279968262,-1.9287661651788994],[113.30140113830566,-1.9292808574645193],[113.30148696899414,-1.930310241568506],[113.30217361450195,-1.9310822792374722],[113.3016586303711,-1.9325405716550677],[113.29856872558594,-1.935714497880582],[113.2979679107666,-1.9359718429899004],[113.2979679107666,-1.9365723147597151],[113.29805374145508,-1.9370012230364608],[113.29934120178223,-1.9379448208630237],[113.29874038696289,-1.9393173258538638],[113.29925537109375,-1.9403467038664672],[113.30002784729004,-1.9410329555267936],[113.30243110656738,-1.9420623324949702],[113.30406188964844,-1.9420623324949702],[113.30449104309082,-1.9423196766390447],[113.30449104309082,-1.9428343648095847],[113.30354690551758,-1.9450646784024173],[113.3031177520752,-1.9453220220888596],[113.3008861541748,-1.9447215534261346],[113.29959869384766,-1.9440353032642008],[113.29891204833984,-1.9426628021034986],[113.29856872558594,-1.9424054580116916],[113.29693794250488,-1.9424054580116916],[113.29668045043945,-1.942748583458723],[113.29668045043945,-1.9436921780786207],[113.29719543457031,-1.9445499909117956],[113.29805374145508,-1.9450646784024173],[113.30225944519043,-1.9458367093439506],[113.30363273620605,-1.947294989046867],[113.3045768737793,-1.9476381134994796],[113.30509185791016,-1.948495924325286],[113.3060359954834,-1.9488390485332872],[113.30706596374512,-1.9511551351078253],[113.3074951171875,-1.9542432455783967],[113.30792427062988,-1.9551010530349657],[113.30835342407227,-1.955358395186451],[113.30886840820312,-1.955272614473671],[113.30921173095703,-1.95492949157871],[113.30938339233398,-1.9534712184928367],[113.31135749816895,-1.953642780098079],[113.31290245056152,-1.953385437683636],[113.31315994262695,-1.9529565335719923],[113.31324577331543,-1.9519271632573947],[113.31238746643066,-1.9507262304271364],[113.31247329711914,-1.9496968587473589],[113.31307411193848,-1.9488390485332872],[113.31273078918457,-1.948495924325286],[113.31135749816895,-1.9481528000473816],[113.31118583679199,-1.9476381134994796],[113.31084251403809,-1.9473807701665748],[113.31024169921875,-1.9483243621950805],[113.30981254577637,-1.9496968587473589],[113.30938339233398,-1.950039982710578],[113.3089542388916,-1.9497826397447113],[113.30921173095703,-1.9483243621950805],[113.31032752990723,-1.9466945210866697],[113.31015586853027,-1.9462656152698656],[113.30972671508789,-1.9461798340933996],[113.30929756164551,-1.9464371776096812],[113.3086109161377,-1.9478096756995882],[113.30801010131836,-1.9479812378822174],[113.30792427062988,-1.947552332392874],[113.30809593200684,-1.9465229587730448],[113.30852508544922,-1.9456651469430284],[113.30843925476074,-1.9452362408644035],[113.30698013305664,-1.9452362408644035],[113.30663681030273,-1.9449788971648871],[113.3063793182373,-1.9445499909117956],[113.30672264099121,-1.9436063967713437],[113.30766677856445,-1.9430917088360502],[113.30775260925293,-1.9416334255010952],[113.30818176269531,-1.941376081252514],[113.30869674682617,-1.9414618626730658],[113.3089542388916,-1.9418049883117163],[113.30886840820312,-1.9437779593815492],[113.31058502197266,-1.9450646784024173],[113.31110000610352,-1.9465229587730448],[113.31238746643066,-1.9470376456615526],[113.31290245056152,-1.9478954567931055],[113.31384658813477,-1.9484101432623788],[113.31693649291992,-1.9476381134994796],[113.31719398498535,-1.9496968587473589],[113.31470489501953,-1.950039982710578],[113.31479072570801,-1.9524418484934927],[113.31401824951172,-1.9542432455783967],[113.3141040802002,-1.9559588600531157],[113.31273078918457,-1.957417130977305],[113.31255912780762,-1.9578460339489396],[113.3126449584961,-1.9586180590212763],[113.31624984741211,-1.9599047666845593],[113.31710815429688,-1.9604194494730507],[113.31873893737793,-1.9618777165142092],[113.3195972442627,-1.9621350576248204],[113.32165718078613,-1.962220837986223],[113.32354545593262,-1.9629928610408314],[113.32491874694824,-1.9644511258377833],[113.32723617553711,-1.967882332101368],[113.32740783691406,-1.9688259125866523],[113.32732200622559,-1.9698552725067913],[113.32629203796387,-1.969769492537722],[113.32526206970215,-1.9670245311968841],[113.32371711730957,-1.9657378290132073],[113.32294464111328,-1.9652231478620052],[113.32191467285156,-1.9650515874430141],[113.32097053527832,-1.9654804884574446],[113.31985473632812,-1.967110311307195],[113.31968307495117,-1.9680538922293351],[113.32217216491699,-1.9712277514108365],[113.32225799560547,-1.973114908056118],[113.32200050354004,-1.976031418658863],[113.3225154876709,-1.97706077411965],[113.32577705383301,-1.9775754516106758],[113.32603454589844,-1.9796341599779907],[113.3265495300293,-1.9805777337920176],[113.32921028137207,-1.9821217625102747],[113.33066940307617,-1.9837515690394838],[113.33127021789551,-1.9846951405067585],[113.33144187927246,-1.9868396191111657],[113.33221435546875,-1.9876116307272724],[113.33281517028809,-1.9894987687132897],[113.33230018615723,-1.9904423368967485],[113.33135604858398,-1.9903565579932803],[113.33101272583008,-1.9894987687132897],[113.33066940307617,-1.9865822818255907],[113.32869529724121,-1.9866680609252398],[113.32775115966797,-1.9870969563566376],[113.32783699035645,-1.9880405259135898],[113.32594871520996,-1.9895845476613658],[113.32569122314453,-1.9904423368967485],[113.323974609375,-1.9896703266049798],[113.32320213317871,-1.990270779085364],[113.32277297973633,-1.991300125685811],[113.3228588104248,-1.9922436928380591],[113.32311630249023,-1.9929299231547617],[113.3228588104248,-1.9938734893732146],[113.32208633422852,-1.994473940321484],[113.32122802734375,-1.9940450468093616],[113.32002639770508,-1.9925010292403158],[113.31916809082031,-1.9919863563955857],[113.3181381225586,-1.991900577572494],[113.31719398498535,-1.9921579140283683],[113.31667900085449,-1.9929299231547617],[113.3159065246582,-1.9957606201869424],[113.31496238708496,-1.9961895132517213],[113.31195831298828,-1.9962752918512479],[113.30989837646484,-1.99670418478172],[113.30835342407227,-2.0012504429587636],[113.30886840820312,-2.002108226107822],[113.30981254577637,-2.002451339241773],[113.31049919128418,-2.0032233435304363],[113.31032752990723,-2.0042526820160163],[113.30835342407227,-2.004595794700748],[113.3074951171875,-2.0051962417259688],[113.30706596374512,-2.006054022808385],[113.30689430236816,-2.008198473546102],[113.30792427062988,-2.010085587867394],[113.30818176269531,-2.011029144210127],[113.30758094787598,-2.0118869222300617],[113.30672264099121,-2.012230033311738],[113.3045768737793,-2.0143744759361226],[113.30371856689453,-2.014031365305854],[113.30328941345215,-2.0131735884140625],[113.30337524414062,-2.010257143606637],[113.30406188964844,-2.0094851426380558],[113.30440521240234,-2.0086273633560268],[113.30423355102539,-2.006568691241938],[113.30371856689453,-2.005796688530893],[113.30183029174805,-2.0054535760979206],[113.29985618591309,-2.0054535760979206],[113.29891204833984,-2.0051962417259688],[113.29831123352051,-2.0044242383673776],[113.29736709594727,-2.004338460193935],[113.29513549804688,-2.00468157286069],[113.29298973083496,-2.0066544692984536],[113.29075813293457,-2.0067402473504643],[113.28998565673828,-2.007254915568055],[113.28818321228027,-2.0074264716045747],[113.2796859741211,-2.0121442555480797],[113.27839851379395,-2.0136024769163896],[113.27805519104004,-2.014546031224171],[113.27796936035156,-2.015575362572932],[113.27805519104004,-2.018663352713091],[113.2785701751709,-2.0195211267113535],[113.28054428100586,-2.020207345583941],[113.28243255615234,-2.0199500135406794],[113.28449249267578,-2.020636232232107],[113.28526496887207,-2.0211508960603766],[113.28646659851074,-2.023123772557014],[113.28852653503418,-2.0273268492622663],[113.28878402709961,-2.028356172506818],[113.28869819641113,-2.0325592356215196],[113.28783988952637,-2.033674332163187],[113.28792572021484,-2.0365907348584926],[113.28861236572266,-2.0373627229239304],[113.2895565032959,-2.0378773814286717],[113.29015731811523,-2.0385635925124603],[113.29024314880371,-2.039592908589583],[113.28878402709961,-2.0482562927761023],[113.28895568847656,-2.049199826842255],[113.29015731811523,-2.050743790478421],[113.29118728637695,-2.050743790478421],[113.2921314239502,-2.0510011176063045],[113.29238891601562,-2.0530597331389657],[113.29281806945801,-2.0539174888285174],[113.29256057739258,-2.0548610195550907],[113.2913589477539,-2.0553756724437164],[113.29032897949219,-2.0551183460201514],[113.28861236572266,-2.0538317132802746],[113.28672409057617,-2.0530597331389657],[113.28638076782227,-2.05220197698911],[113.28689575195312,-2.051258444692806],[113.28783988952637,-2.05082956619232],[113.28818321228027,-2.049971808846493],[113.2866382598877,-2.048599396137206],[113.28629493713379,-2.0467123267420675],[113.28569412231445,-2.045940343167416],[113.28303337097168,-2.04705543043373],[113.28200340270996,-2.0467123267420675],[113.28105926513672,-2.0450825832042057],[113.27814102172852,-2.042509300564106],[113.27728271484375,-2.0430239574220224],[113.27754020690918,-2.0439674945665587],[113.27831268310547,-2.0445679270061845],[113.27822685241699,-2.048513620303808],[113.2785701751709,-2.0504864633091557],[113.2785701751709,-2.0525450795042843],[113.27616691589355,-2.0562334268894062],[113.27522277832031,-2.0563192023086145],[113.2745361328125,-2.0556329988258284],[113.27359199523926,-2.0553756724437164],[113.27256202697754,-2.0553756724437164],[113.27178955078125,-2.0559761006040844],[113.26981544494629,-2.0557187742773095],[113.26955795288086,-2.0547752440575238],[113.2701587677002,-2.0540032643721275],[113.27204704284668,-2.052888181945832],[113.27264785766602,-2.0520304257039044],[113.27299118041992,-2.0510868933064046],[113.27230453491211,-2.049285602638875],[113.26784133911133,-2.0479989652070714],[113.26698303222656,-2.047570085833499],[113.2664680480957,-2.0467123267420675],[113.26629638671875,-2.045768791211458],[113.26569557189941,-2.0450825832042057],[113.26106071472168,-2.043795942399697],[113.2595157623291,-2.041308433921202],[113.258056640625,-2.03993601380229],[113.25376510620117,-2.039507132274963],[113.2529067993164,-2.03924980330369],[113.25299263000488,-2.0387351452376805],[113.25488090515137,-2.0386493688773584],[113.25582504272461,-2.038306263390311],[113.25608253479004,-2.037276946490479],[113.25711250305176,-2.035475640333189],[113.25719833374023,-2.035046757618062],[113.25685501098633,-2.0347036513638272],[113.25608253479004,-2.035475640333189],[113.25599670410156,-2.0359902994407406],[113.2554817199707,-2.0361618524400598],[113.2551383972168,-2.0347036513638272],[113.25470924377441,-2.0344463216252393],[113.25393676757812,-2.0345320982093256],[113.25239181518555,-2.035046757618062],[113.24981689453125,-2.0377058286120473],[113.24552536010742,-2.0379631578301485],[113.24372291564941,-2.0393355796320094],[113.24234962463379,-2.0400217900940447],[113.2412338256836,-2.0398502375059735],[113.24114799499512,-2.038306263390311],[113.24131965637207,-2.0378773814286717],[113.24209213256836,-2.0371911700524805],[113.24312210083008,-2.036848064254741],[113.24234962463379,-2.035561416862521],[113.24234962463379,-2.0351325341702164],[113.2430362701416,-2.0340174386363827],[113.24398040771484,-2.0335885555334983],[113.24458122253418,-2.0327307889857735],[113.24440956115723,-2.031787245256865],[113.24406623840332,-2.031358361561473],[113.24260711669922,-2.031015254523183],[113.24166297912598,-2.0311868080514444],[113.24114799499512,-2.03195879870313],[113.24097633361816,-2.033417002260421],[113.2401180267334,-2.03461787478885],[113.2386589050293,-2.034875204500068],[113.23822975158691,-2.0347894279342285],[113.23788642883301,-2.0344463216252393],[113.23814392089844,-2.0340174386363827],[113.24037551879883,-2.0324734589325715],[113.24037551879883,-2.03195879870313],[113.23762893676758,-2.0308437009767033],[113.23745727539062,-2.0312725848087325],[113.23780059814453,-2.031615691792368],[113.23762893676758,-2.032130352131162],[113.23668479919434,-2.032044575419434],[113.23342323303223,-2.0299001561455725],[113.23273658752441,-2.0285277263172503],[113.23222160339355,-2.0285277263172503],[113.23222160339355,-2.0290423876393646],[113.23101997375488,-2.0306721474120337],[113.23007583618164,-2.0311010312895945],[113.22921752929688,-2.030929477752224],[113.22887420654297,-2.0305863706228564],[113.22887420654297,-2.0299859329711722],[113.23050498962402,-2.028098841757071],[113.23050498962402,-2.027669957083205],[113.23007583618164,-2.0273268492622663],[113.22964668273926,-2.025868640212053],[113.22552680969238,-2.022866440976088],[113.22406768798828,-2.0230379953679147],[113.2236385345459,-2.0232953269216125],[113.22355270385742,-2.025268200809762],[113.2225227355957,-2.027584180134795],[113.22209358215332,-2.0273268492622663],[113.22123527526855,-2.0262117483420212],[113.22140693664551,-2.0237242127536916],[113.22054862976074,-2.0232953269216125],[113.21857452392578,-2.0233811040970977],[113.21771621704102,-2.0238957670547677],[113.21754455566406,-2.0244104298490697],[113.21763038635254,-2.0254397549474135],[113.21737289428711,-2.025868640212053],[113.21591377258301,-2.025782863168203],[113.21393966674805,-2.0263833023797275],[113.21359634399414,-2.0267264104006415],[113.21145057678223,-2.0270695183488385],[113.20981979370117,-2.026897964383835],[113.2082748413086,-2.0269837413686105],[113.20690155029297,-2.0277557340270675],[113.20561408996582,-2.0292997182390025],[113.20072174072266,-2.0305863706228564],[113.19934844970703,-2.0311868080514444],[113.19934844970703,-2.032130352131162],[113.19788932800293,-2.0335027788992335],[113.1976318359375,-2.0335885555334983],[113.1976318359375,-2.030157486608701],[113.19849014282227,-2.0298143793154395],[113.19960594177246,-2.028785056998771],[113.20003509521484,-2.0286992801094925],[113.20329666137695,-2.026897964383835],[113.2042407989502,-2.0253539778808545],[113.20724487304688,-2.0245819840775283],[113.20870399475098,-2.0244962069655656],[113.20964813232422,-2.0240673213376965],[113.21050643920898,-2.0233811040970977],[113.21076393127441,-2.0224375549171896],[113.21325302124023,-2.0208935641666272],[113.21333885192871,-2.0199500135406794],[113.21325302124023,-2.0194353493319],[113.21213722229004,-2.0184060204253313],[113.21093559265137,-2.0167762483239073],[113.21042060852051,-2.016518915737578],[113.20990562438965,-2.0156611401559417],[113.21016311645508,-2.0128304775309402],[113.21084976196289,-2.01180114444837],[113.21084976196289,-2.011286477663461],[113.21067810058594,-2.010342921469501],[113.20878982543945,-2.0056251323234022],[113.20913314819336,-2.0041669038335925],[113.20999145507812,-2.0039095692593634],[113.2100772857666,-2.003480678212483],[113.20999145507812,-2.002451339241773],[113.20981979370117,-2.002108226107822],[113.20930480957031,-2.0020224478131325],[113.2089614868164,-2.0016793345893973],[113.2089614868164,-2.001164664619182],[113.20939064025879,-2.000649994487418],[113.2089614868164,-2.0003068809765097],[113.20801734924316,-2.000392659360969],[113.20690155029297,-1.9993633184515573],[113.20630073547363,-1.998419755384134],[113.20638656616211,-1.9974761917745383],[113.20595741271973,-1.9966184062045755],[113.20398330688477,-1.9948170550506887],[113.20115089416504,-1.9938734893732146],[113.20123672485352,-1.9929299231547617],[113.20175170898438,-1.9919863563955857],[113.20252418518066,-1.9914716833900599],[113.20235252380371,-1.9904423368967485],[113.20140838623047,-1.9904423368967485],[113.19900512695312,-1.9921579140283683],[113.1990909576416,-1.9942166042276313],[113.1976318359375,-1.99533172701031],[113.1976318359375,-1.9895845476613658],[113.19771766662598,-1.9894129897607513],[113.19866180419922,-1.98906987390599],[113.19857597351074,-1.9880405259135898],[113.19771766662598,-1.9878689678524353],[113.1976318359375,-1.9878689678524353],[113.1976318359375,-1.981178189575715],[113.19780349731445,-1.9812639689556164],[113.19831848144531,-1.9823791004900073],[113.19960594177246,-1.9816928657884887],[113.20063591003418,-1.9799772777907094],[113.20183753967285,-1.9785190265962456],[113.20355415344238,-1.97706077411965],[113.20518493652344,-1.9759456390083159],[113.21282386779785,-1.971656650836323],[113.21479797363281,-1.9723428896872122],[113.21488380432129,-1.9764603168450776],[113.21514129638672,-1.9783474675478772],[113.21660041809082,-1.9798057188932319],[113.21771621704102,-1.9813497483310698],[113.21969032287598,-1.9822075418412908],[113.22278022766113,-1.9793768215718472],[113.22338104248047,-1.9754309610120657],[113.22526931762695,-1.9747447234356628],[113.22647094726562,-1.9762029779466417],[113.22664260864258,-1.9782616880170423],[113.22724342346191,-1.9804061749566984],[113.2291316986084,-1.9843520236718604],[113.23119163513184,-1.9851240364502445],[113.23290824890137,-1.986153386260554],[113.23419570922852,-1.9876974097734461],[113.236083984375,-1.9885551999900457],[113.23616981506348,-1.9864965027214936],[113.23668479919434,-1.984609361304706],[113.23762893676758,-1.9828937763294476],[113.23977470397949,-1.9819502038348844],[113.23977470397949,-1.9800630572327833],[113.23737144470215,-1.9771465537125579],[113.23677062988281,-1.9753451813305105],[113.23737144470215,-1.971656650836323],[113.23737144470215,-1.9694263726173347],[113.23513984680176,-1.966166729851338],[113.23333740234375,-1.9652231478620052],[113.22741508483887,-1.9670245311968841],[113.22604179382324,-1.968482792471974],[113.22423934936523,-1.9694263726173347],[113.22278022766113,-1.9682254523396239],[113.22269439697266,-1.9608483516758923],[113.22441101074219,-1.9598189862044393],[113.22595596313477,-1.9611914733590368],[113.22724342346191,-1.962735520062239],[113.22938919067383,-1.9630786413582229],[113.23136329650879,-1.9621350576248204],[113.23033332824707,-1.9582749368108239],[113.2294750213623,-1.9565593247048696],[113.22818756103516,-1.9551010530349657],[113.2265567779541,-1.9542432455783967],[113.22054862976074,-1.9524418484934927],[113.21677207946777,-1.950039982710578],[113.21677207946777,-1.9490106106110687],[113.21720123291016,-1.9470376456615526],[113.21763038635254,-1.9405182668076577],[113.21754455566406,-1.9394888888994615],[113.2170295715332,-1.938716855057308],[113.21634292602539,-1.9381163840477456],[113.21428298950195,-1.9376874760533696],[113.21239471435547,-1.9376016944414687],[113.21145057678223,-1.9370012230364608],[113.20878982543945,-1.9331410446395267],[113.20724487304688,-1.9315969708219143],[113.20544242858887,-1.930310241568506],[113.20441246032715,-1.9283372548219404],[113.20295333862305,-1.926621612313312],[113.20252418518066,-1.9248201858194136],[113.2034683227539,-1.9244770567475769],[113.2045841217041,-1.9246486212921212],[113.20672988891602,-1.9256780081968827],[113.20775985717773,-1.9255922259785478],[113.21016311645508,-1.9237050160834883],[113.21213722229004,-1.9228471927135757],[113.21359634399414,-1.9213888919953064],[113.22149276733398,-1.9092077433292332],[113.22260856628418,-1.908693045001968],[113.22372436523438,-1.9086072619324455],[113.2247543334961,-1.9087788280672129],[113.22552680969238,-1.9095508754617754],[113.22569847106934,-1.9118670155638284],[113.22990417480469,-1.9169281997197913],[113.23634147644043,-1.9261927014160847],[113.23616981506348,-1.9245628390220162],[113.23797225952148,-1.9228471927135757],[113.23840141296387,-1.9213031095613218],[113.23908805847168,-1.9198448075246688],[113.2404613494873,-1.918643851972007],[113.24166297912598,-1.9161561556452398],[113.24149131774902,-1.914869414747642],[113.24217796325684,-1.9143547181180338],[113.24217796325684,-1.91401158694579],[113.24174880981445,-1.9127248444383298],[113.24131965637207,-1.9121243642712074],[113.24234962463379,-1.9113523180333232],[113.24260711669922,-1.9109234033067253],[113.24234962463379,-1.9105802714482962],[113.24037551879883,-1.9104087054933814],[113.23960304260254,-1.9105802714482962],[113.23780059814453,-1.9104944884729775],[113.23471069335938,-1.911009186260614],[113.23247909545898,-1.9110949692102253],[113.23162078857422,-1.9106660544193375],[113.23162078857422,-1.910237139521314],[113.23222160339355,-1.9095508754617754],[113.23222160339355,-1.9091219602853755],[113.23076248168945,-1.9082641296115668],[113.23033332824707,-1.9082641296115668],[113.22938919067383,-1.909808224516226],[113.22896003723145,-1.9099797905311107],[113.22810173034668,-1.909894007525807],[113.2276725769043,-1.9090361772372688],[113.22690010070801,-1.9087788280672129],[113.22552680969238,-1.9073205153761137],[113.2254409790039,-1.9065484669803396],[113.22647094726562,-1.905175935643996],[113.22629928588867,-1.9046612361108544],[113.22089195251465,-1.9032887032709027],[113.22020530700684,-1.9022593029238664],[113.21917533874512,-1.901744602519969],[113.21763038635254,-1.8994284488032207],[113.21651458740234,-1.9006294177849412],[113.21454048156738,-1.901744602519969],[113.21359634399414,-1.9026882198098036],[113.21325302124023,-1.903460269935664],[113.21136474609375,-1.9049185858966666],[113.21024894714355,-1.9064626838038805],[113.20844650268555,-1.9075778647643773],[113.20544242858887,-1.9105802714482962],[113.20398330688477,-1.9106660544193375],[113.20363998413086,-1.9104087054933814],[113.20398330688477,-1.9096366584842173],[113.2034683227539,-1.9082641296115668],[113.2027816772461,-1.9078352141141437],[113.20175170898438,-1.9065484669803396],[113.2016658782959,-1.9061195510552693],[113.20243835449219,-1.905604851804128],[113.20321083068848,-1.9056906350233334],[113.20363998413086,-1.9059479846553131],[113.20381164550781,-1.9068058164840807],[113.20415496826172,-1.9070631659493387],[113.20509910583496,-1.9070631659493387],[113.20595741271973,-1.9074062985098124],[113.20733070373535,-1.9072347322381233],[113.2071590423584,-1.9052617188845602],[113.20741653442383,-1.9049185858966666],[113.20775985717773,-1.9046612361108544],[113.20818901062012,-1.9049185858966666],[113.20853233337402,-1.9046612361108544],[113.20956230163574,-1.902774003174187],[113.20999145507812,-1.9026882198098036],[113.21110725402832,-1.9020019527411165],[113.21145057678223,-1.9010583350759873],[113.20870399475098,-1.9008009847141523],[113.20844650268555,-1.9003720673591715],[113.20681571960449,-1.8997715828832185],[113.20741653442383,-1.8981416953964185],[113.20767402648926,-1.897712777381301],[113.20870399475098,-1.8968549410319042],[113.20904731750488,-1.8965975900441379],[113.20947647094727,-1.8967691573735692],[113.20947647094727,-1.897712777381301],[113.20878982543945,-1.8989137475554685],[113.2089614868164,-1.8997715828832185],[113.20939064025879,-1.8997715828832185],[113.21042060852051,-1.8989137475554685],[113.21076393127441,-1.8977985609928396],[113.21213722229004,-1.8971122919814007],[113.21256637573242,-1.896254455334244],[113.21248054504395,-1.8958255368511772],[113.21187973022461,-1.8953966182618558],[113.21127891540527,-1.894281429432354],[113.21042060852051,-1.8934235913826853],[113.20509910583496,-1.8924799690376375],[113.20372581481934,-1.892823104495264],[113.20286750793457,-1.8932520237217858],[113.2020092010498,-1.8947103482979202],[113.20123672485352,-1.8964260226976961],[113.20123672485352,-1.8968549410319042],[113.20252418518066,-1.8969407246859902],[113.20329666137695,-1.8965975900441379],[113.20338249206543,-1.896168671646123],[113.20389747619629,-1.8959113205562943],[113.20475578308105,-1.8959113205562943],[113.20612907409668,-1.8966833737109852],[113.20595741271973,-1.897884344600115],[113.20561408996582,-1.8981416953964185],[113.2045841217041,-1.8982274789866693],[113.20372581481934,-1.8982274789866693],[113.20269584655762,-1.897884344600115],[113.20235252380371,-1.8982274789866693],[113.203125,-1.899171098198508],[113.20295333862305,-1.899514232329608],[113.20080757141113,-1.8992568817376707],[113.20003509521484,-1.8994284488032207],[113.19960594177246,-1.9007152012516713],[113.19891929626465,-1.9011441185214153],[113.1976318359375,-1.9035460532616497],[113.1976318359375,-1.9004578508386913],[113.19780349731445,-1.8994284488032207],[113.19934844970703,-1.897712777381301],[113.20003509521484,-1.8960828879537672],[113.19994926452637,-1.89565396942821],[113.20123672485352,-1.8940240780620456],[113.20149421691895,-1.8936809428421668],[113.20132255554199,-1.89333780755436],[113.20097923278809,-1.89333780755436],[113.19934844970703,-1.8943672132139682],[113.19891929626465,-1.894195645646505]]]}},{"type":"Feature","id":"pmtiles:10/834/517:landuse:12140001532:0","properties":{"class":"quarry","kind":"green","verification":"verified","source":"OpenMapTiles/OpenStreetMap national PMTiles","sourceId":"10/834/517:landuse:12140001532:0","sourceLayer":"landuse","archive":"https://its.hanifahseptiani45.workers.dev/v1/map/archive/indonesia.pmtiles","updatedAt":"2026-07-26T09:42:31.539Z"},"geometry":{"type":"Polygon","coordinates":[[[113.33247184753418,-2.0289566107637143],[113.33255767822266,-2.0294712719493617],[113.3320426940918,-2.0299001561455725],[113.33221435546875,-2.0302432634206298],[113.33367347717285,-2.030329040228011],[113.33410263061523,-2.030929477752224],[113.33410263061523,-2.031358361561473],[113.33178520202637,-2.035475640333189],[113.33152770996094,-2.0367622877938913],[113.33066940307617,-2.0375342757771193],[113.32895278930664,-2.036933840711015],[113.32852363586426,-2.0358187464231463],[113.3268928527832,-2.035304087260826],[113.32629203796387,-2.03461787478885],[113.32612037658691,-2.0342747684433817],[113.3265495300293,-2.0324734589325715],[113.32629203796387,-2.031615691792368],[113.32732200622559,-2.0279272879011643],[113.32757949829102,-2.027584180134795],[113.32921028137207,-2.027155295324519],[113.3298110961914,-2.027669957083205],[113.33187103271484,-2.028356172506818],[113.33247184753418,-2.0289566107637143]]]}},{"type":"Feature","id":"pmtiles:10/834/517:landuse:12140001542:0","properties":{"class":"quarry","kind":"green","verification":"verified","source":"OpenMapTiles/OpenStreetMap national PMTiles","sourceId":"10/834/517:landuse:12140001542:0","sourceLayer":"landuse","archive":"https://its.hanifahseptiani45.workers.dev/v1/map/archive/indonesia.pmtiles","updatedAt":"2026-07-26T09:42:31.539Z"},"geometry":{"type":"Polygon","coordinates":[[[113.3456039428711,-2.0121442555480797],[113.34637641906738,-2.012315811070863],[113.34697723388672,-2.0128304775309402],[113.34895133972168,-2.0129162552584887],[113.35049629211426,-2.0144602535824134],[113.3514404296875,-2.0148891417460533],[113.35332870483398,-2.0174624683551343],[113.35375785827637,-2.018491797859113],[113.35410118103027,-2.018834907548964],[113.35538864135742,-2.01909223976881],[113.35616111755371,-2.019778458822543],[113.35624694824219,-2.020636232232107],[113.35676193237305,-2.0216655597255055],[113.35667610168457,-2.02252333213805],[113.35641860961914,-2.022609109354363],[113.35341453552246,-2.021236673349236],[113.35281372070312,-2.021322450633548],[113.35247039794922,-2.0215797824593125],[113.35195541381836,-2.021494005188586],[113.35101127624512,-2.018663352713091],[113.3510971069336,-2.0184060204253313],[113.35221290588379,-2.018234465544211],[113.35229873657227,-2.0172909133744668],[113.3514404296875,-2.0162615831105626],[113.34929466247559,-2.0156611401559417],[113.34860801696777,-2.0144602535824134],[113.3474063873291,-2.0138598099636056],[113.34603309631348,-2.013774032285724],[113.34320068359375,-2.013087810700057],[113.34294319152832,-2.0118869222300617],[113.34294319152832,-2.011458033276469],[113.34388732910156,-2.0113722554722244],[113.34465980529785,-2.0115438110762085],[113.3456039428711,-2.0121442555480797]]]}},{"type":"Feature","id":"pmtiles:10/834/517:landuse:12140001552:0","properties":{"class":"quarry","kind":"green","verification":"verified","source":"OpenMapTiles/OpenStreetMap national PMTiles","sourceId":"10/834/517:landuse:12140001552:0","sourceLayer":"landuse","archive":"https://its.hanifahseptiani45.workers.dev/v1/map/archive/indonesia.pmtiles","updatedAt":"2026-07-26T09:42:31.539Z"},"geometry":{"type":"Polygon","coordinates":[[[113.38517189025879,-2.038906697944654],[113.3884334564209,-2.036848064254741],[113.38886260986328,-2.036848064254741],[113.38920593261719,-2.0351325341702164],[113.38963508605957,-2.0344463216252393],[113.39015007019043,-2.032816565661051],[113.39126586914062,-2.030929477752224],[113.39289665222168,-2.0286992801094925],[113.39341163635254,-2.0274126262243186],[113.39718818664551,-2.026040194286125],[113.39890480041504,-2.0261259713163327],[113.40019226074219,-2.0264690793917737],[113.40190887451172,-2.026297525363148],[113.40242385864258,-2.0274126262243186],[113.40130805969238,-2.028613503215638],[113.40173721313477,-2.0292997182390025],[113.40173721313477,-2.029728602480745],[113.40087890625,-2.03170146852689],[113.40096473693848,-2.032044575419434],[113.40139389038086,-2.032130352131162],[113.40147972106934,-2.0325592356215196],[113.40156555175781,-2.0342747684433817],[113.40225219726562,-2.0353898637992955],[113.4019947052002,-2.035647193387291],[113.40010643005371,-2.035904522934217],[113.39890480041504,-2.0358187464231463],[113.39847564697266,-2.035647193387291],[113.3983039855957,-2.034875204500068],[113.39401245117188,-2.0351325341702164],[113.39564323425293,-2.0367622877938913],[113.3957290649414,-2.0371911700524805],[113.39547157287598,-2.0379631578301485],[113.39418411254883,-2.0389924742912626],[113.39289665222168,-2.038906697944654],[113.39015007019043,-2.0365049583839294],[113.38860511779785,-2.037620052196857],[113.38834762573242,-2.038477816142972],[113.38826179504395,-2.039764461205081],[113.3887767791748,-2.041479986353707],[113.38903427124023,-2.0430239574220224],[113.3858585357666,-2.0434528380109924],[113.38525772094727,-2.042938181290495],[113.38482856750488,-2.0421661959005633],[113.3843994140625,-2.0403648952152764],[113.38465690612793,-2.039507132274963],[113.38517189025879,-2.038906697944654]]]}},{"type":"Feature","id":"pmtiles:10/834/517:landuse:12140001562:0","properties":{"class":"quarry","kind":"green","verification":"verified","source":"OpenMapTiles/OpenStreetMap national PMTiles","sourceId":"10/834/517:landuse:12140001562:0","sourceLayer":"landuse","archive":"https://its.hanifahseptiani45.workers.dev/v1/map/archive/indonesia.pmtiles","updatedAt":"2026-07-26T09:42:31.539Z"},"geometry":{"type":"Polygon","coordinates":[[[113.33702087402344,-2.001936669513924],[113.33659172058105,-2.003995347455273],[113.3360767364502,-2.004595794700748],[113.33624839782715,-2.0055393542128996],[113.33684921264648,-2.006054022808385],[113.33942413330078,-2.0067402473504643],[113.33916664123535,-2.008455807445557],[113.33976745605469,-2.0089704751228936],[113.33873748779297,-2.009914032110103],[113.33882331848145,-2.010771810716207],[113.33890914916992,-2.011286477663461],[113.34002494812012,-2.0118869222300617],[113.3401107788086,-2.0127446997988727],[113.33985328674316,-2.013087810700057],[113.33805084228516,-2.013087810700057],[113.33745002746582,-2.0142029206300265],[113.33650588989258,-2.015060696979873],[113.33487510681152,-2.0146318088614095],[113.33401679992676,-2.0146318088614095],[113.3335018157959,-2.0148033641223435],[113.3338451385498,-2.016518915737578],[113.33315849304199,-2.0171193583756946],[113.33195686340332,-2.0175482458386824],[113.33109855651855,-2.0171193583756946],[113.33041191101074,-2.016175805559172],[113.32886695861816,-2.015318029796731],[113.32809448242188,-2.0146318088614095],[113.3280086517334,-2.013774032285724],[113.32818031311035,-2.0134309215290074],[113.32895278930664,-2.0128304775309402],[113.32989692687988,-2.0130020329815324],[113.33066940307617,-2.013516699224951],[113.33127021789551,-2.0136024769163896],[113.33281517028809,-2.0124015888254974],[113.33410263061523,-2.009914032110103],[113.33418846130371,-2.0090562530533305],[113.33152770996094,-2.004767351016156],[113.33049774169922,-2.0044242383673776],[113.32869529724121,-2.0048531291671026],[113.32826614379883,-2.00468157286069],[113.32826614379883,-2.003823791058977],[113.32860946655273,-2.003566456430846],[113.33032608032227,-2.003309121762271],[113.33032608032227,-2.002451339241773],[113.3305835723877,-2.002108226107822],[113.33109855651855,-2.0020224478131325],[113.33393096923828,-2.0021940043980493],[113.33470344543457,-2.0025371175140236],[113.33547592163086,-2.0023655609650035],[113.33581924438477,-2.0020224478131325],[113.33556175231934,-2.0008215512159495],[113.33573341369629,-2.000478437740938],[113.33667755126953,-2.0000495457962444],[113.33762168884277,-2.000392659360969],[113.33702087402344,-2.001936669513924]]]}},{"type":"Feature","id":"pmtiles:10/834/517:landuse:12140001582:0","properties":{"class":"quarry","kind":"green","verification":"verified","source":"OpenMapTiles/OpenStreetMap national PMTiles","sourceId":"10/834/517:landuse:12140001582:0","sourceLayer":"landuse","archive":"https://its.hanifahseptiani45.workers.dev/v1/map/archive/indonesia.pmtiles","updatedAt":"2026-07-26T09:42:31.540Z"},"geometry":{"type":"Polygon","coordinates":[[[113.3016586303711,-2.0607795177498645],[113.30028533935547,-2.0645536210579394],[113.29985618591309,-2.0652398206970446],[113.29968452453613,-2.066097569829168],[113.29977035522461,-2.066869543652018],[113.30045700073242,-2.068585039691982],[113.3016586303711,-2.070043209867322],[113.3031177520752,-2.0708151817701435],[113.30371856689453,-2.0714156041012046],[113.30277442932129,-2.0727022226156464],[113.30286026000977,-2.0734741932224523],[113.3034610748291,-2.074160389001264],[113.30586433410645,-2.073817291149055],[113.30672264099121,-2.0740746145451823],[113.3074951171875,-2.0745892612118837],[113.30758094787598,-2.075447005284232],[113.3071517944336,-2.077162492032741],[113.30792427062988,-2.077505589158932],[113.31144332885742,-2.077248266321277],[113.31436157226562,-2.0787922027183043],[113.3144474029541,-2.0796499445086596],[113.31384658813477,-2.080250363484481],[113.31307411193848,-2.080250363484481],[113.31273078918457,-2.081022330403272],[113.3126449584961,-2.0835955507355806],[113.31281661987305,-2.0843675160156323],[113.3133316040039,-2.0851394809171495],[113.3141040802002,-2.0848821593253746],[113.31642150878906,-2.082394715103405],[113.31676483154297,-2.0817085229027015],[113.3173656463623,-2.081108104482027],[113.3181381225586,-2.0813654266903114],[113.31830978393555,-2.0821373930631495],[113.31908226013184,-2.082566263106898],[113.3199405670166,-2.082480489107482],[113.32148551940918,-2.079478396187895],[113.32131385803223,-2.078620654304302],[113.32028388977051,-2.0774198148843652],[113.31933975219727,-2.075018133306216],[113.32019805908203,-2.0725306735407827],[113.32079887390137,-2.0719302516324234],[113.3225154876709,-2.072016026204693],[113.32303047180176,-2.0714156041012046],[113.32303047180176,-2.0705578578443067],[113.32354545593262,-2.0699574351882575],[113.32406044006348,-2.0674699674769386],[113.32483291625977,-2.0678130667034793],[113.32603454589844,-2.0689281386773786],[113.32637786865234,-2.0696143364255306],[113.32637786865234,-2.072101800772316],[113.32680702209473,-2.0728737716719223],[113.32749366760254,-2.0733884187291807],[113.3283519744873,-2.0733884187291807],[113.32955360412598,-2.072273349893649],[113.33041191101074,-2.072101800772316],[113.33101272583008,-2.072616448080538],[113.33118438720703,-2.0760474258580217],[113.33032608032227,-2.0783633316483474],[113.33041191101074,-2.0792210736717607],[113.33212852478027,-2.081108104482027],[113.33230018615723,-2.0831666809720417],[113.33178520202637,-2.0838528725376477],[113.3309268951416,-2.083938646462329],[113.33024024963379,-2.0837670986082912],[113.3298110961914,-2.0829951330339043],[113.32903861999512,-2.0829951330339043],[113.32895278930664,-2.0846248376915355],[113.32826614379883,-2.0849679331939797],[113.32783699035645,-2.0857398978009627],[113.32792282104492,-2.0873695996160535],[113.32818031311035,-2.0881415630441325],[113.32869529724121,-2.08874197878157],[113.33024024963379,-2.089342394289517],[113.3309268951416,-2.0900285831603895],[113.33066940307617,-2.091315186484863],[113.33084106445312,-2.0931164293665603],[113.3305835723877,-2.0938883899681286],[113.32989692687988,-2.0942314834467766],[113.32826614379883,-2.094488803506451],[113.32646369934082,-2.0961184962360875],[113.32491874694824,-2.0965473624619477],[113.32457542419434,-2.0973193213723675],[113.32517623901367,-2.1004929262230263],[113.32577705383301,-2.1011791102082356],[113.32569122314453,-2.1035807517814646],[113.32732200622559,-2.1040953887805074],[113.3298110961914,-2.104266934409125],[113.3294677734375,-2.1086413415582257],[113.33049774169922,-2.1100994745432473],[113.33041191101074,-2.110957199189926],[113.32989692687988,-2.111557606161014],[113.32749366760254,-2.1101852470292073],[113.32706451416016,-2.109327521956729],[113.32680702209473,-2.1076120703931878],[113.32612037658691,-2.1074405251328443],[113.32534790039062,-2.1076120703931878],[113.32406044006348,-2.1086413415582257],[113.32242965698242,-2.1087271141245907],[113.32157135009766,-2.109070204342757],[113.32148551940918,-2.1099279295571307],[113.32174301147461,-2.110699881845605],[113.3228588104248,-2.109499067009068],[113.32371711730957,-2.1094132944852646],[113.32448959350586,-2.109842157056974],[113.32457542419434,-2.110699881845605],[113.32577705383301,-2.1119864681411684],[113.32620620727539,-2.112672647063235],[113.32646369934082,-2.114302320787928],[113.32646369934082,-2.114388093041839],[113.31504821777344,-2.114388093041839],[113.3144474029541,-2.1135303702894674],[113.31436157226562,-2.112501102361122],[113.31521987915039,-2.112415330002989],[113.31573486328125,-2.113101508735568],[113.31616401672363,-2.113015736410574],[113.31650733947754,-2.1127584194071716],[113.31650733947754,-2.112329557640095],[113.31676483154297,-2.1119864681411684],[113.3181381225586,-2.111643378566498],[113.31856727600098,-2.109842157056974],[113.3184814453125,-2.1094132944852646],[113.31770896911621,-2.109155976885475],[113.31607818603516,-2.109842157056974],[113.31564903259277,-2.109842157056974],[113.31539154052734,-2.109499067009068],[113.31642150878906,-2.1073547524956098],[113.31693649291992,-2.106754343902523],[113.31727981567383,-2.105553526022078],[113.31710815429688,-2.105124662269077],[113.31667900085449,-2.1050388895043284],[113.31521987915039,-2.10606816236988],[113.31513404846191,-2.105124662269077],[113.3159065246582,-2.1033234332182644],[113.31573486328125,-2.102294158541099],[113.31487655639648,-2.1021226126955668],[113.31376075744629,-2.1036665246264334],[113.31307411193848,-2.104266934409125],[113.31255912780762,-2.1052104350291216],[113.3115291595459,-2.105381980535043],[113.30732345581055,-2.1070116618993353],[113.30672264099121,-2.106325480480038],[113.30792427062988,-2.1036665246264334],[113.30792427062988,-2.0967189089193994],[113.30843925476074,-2.09483189685362],[113.30843925476074,-2.0938883899681286],[113.30723762512207,-2.0902001303312545],[113.30672264099121,-2.089342394289517],[113.30071449279785,-2.084110194297665],[113.29968452453613,-2.0837670986082912],[113.29916954040527,-2.082823585077122],[113.29916954040527,-2.081880070980887],[113.29891204833984,-2.080936556319841],[113.29813957214355,-2.079049525304356],[113.29702377319336,-2.0774198148843652],[113.29719543457031,-2.0764762975567947],[113.2968521118164,-2.0739888400844535],[113.2968521118164,-2.07295954619309],[113.29745292663574,-2.0721875753353203],[113.29848289489746,-2.071672927887704],[113.29891204833984,-2.0708151817701435],[113.29848289489746,-2.0696143364255306],[113.29668045043945,-2.0684134901714373],[113.29462051391602,-2.0623234701853193],[113.29565048217773,-2.0606937425706633],[113.29788208007812,-2.059921765749877],[113.30011367797852,-2.059578664820549],[113.3016586303711,-2.0607795177498645]]]}},{"type":"Feature","id":"pmtiles:10/834/517:landuse:12155941242:0","properties":{"class":"quarry","kind":"green","verification":"verified","source":"OpenMapTiles/OpenStreetMap national PMTiles","sourceId":"10/834/517:landuse:12155941242:0","sourceLayer":"landuse","archive":"https://its.hanifahseptiani45.workers.dev/v1/map/archive/indonesia.pmtiles","updatedAt":"2026-07-26T09:42:31.540Z"},"geometry":{"type":"Polygon","coordinates":[[[113.27985763549805,-1.8611685742978494],[113.27960014343262,-1.8602249345454283],[113.280029296875,-1.8598817926921072],[113.28080177307129,-1.8579087257409128],[113.28088760375977,-1.855935656585686],[113.2803726196289,-1.8547346568913667],[113.27882766723633,-1.8534478705999646],[113.27917098999023,-1.8484722881465956],[113.28020095825195,-1.8489012182182307],[113.28217506408691,-1.8483007160889429],[113.28346252441406,-1.8477002137565393],[113.28372001647949,-1.8464134223606976],[113.28509330749512,-1.8461560639697012],[113.28535079956055,-1.84564134707594],[113.28543663024902,-1.8452982023973306],[113.28492164611816,-1.8449550576524985],[113.28363418579102,-1.8446119128414722],[113.28337669372559,-1.8440114092629187],[113.28354835510254,-1.8437540505243675],[113.28337669372559,-1.8437540505243675],[113.28217506408691,-1.844268767964266],[113.28174591064453,-1.8449550576524985],[113.28123092651367,-1.845040843844913],[113.28097343444824,-1.842981974085447],[113.28140258789062,-1.8418667519715939],[113.28157424926758,-1.8416093929231039],[113.28217506408691,-1.841523606565346],[113.28251838684082,-1.8419525383128388],[113.28217506408691,-1.8427246151980796],[113.28234672546387,-1.8431535466563673],[113.28200340270996,-1.843496691748598],[113.28200340270996,-1.8436682642699083],[113.28320503234863,-1.8433251192107605],[113.28372001647949,-1.843496691748598],[113.28432083129883,-1.8431535466563673],[113.28646659851074,-1.8433251192107605],[113.28715324401855,-1.8430677603729748],[113.28886985778809,-1.8417809656262278],[113.28938484191895,-1.8411804610930176],[113.29110145568848,-1.8373200699800236],[113.291015625,-1.8352611913070689],[113.28938484191895,-1.8339743909324682],[113.28912734985352,-1.833288097020926],[113.29024314880371,-1.8324302292614902],[113.2906723022461,-1.8303713449626287],[113.29050064086914,-1.8290845410750336],[113.29015731811523,-1.8285698192615598],[113.28947067260742,-1.8283124582994361],[113.28904151916504,-1.8277977362645288],[113.28912734985352,-1.826510930531768],[113.28972816467285,-1.8262535692745985],[113.2895565032959,-1.8242804650788003],[113.28981399536133,-1.8236799546764928],[113.29041481018066,-1.8236799546764928],[113.291015625,-1.8241088906985965],[113.29307556152344,-1.82951347580682],[113.29316139221191,-1.8314865742514996],[113.29753875732422,-1.8328591631925946],[113.2979679107666,-1.8335454572685848],[113.2968521118164,-1.8342317510814325],[113.29547882080078,-1.8347464712683035],[113.29419136047363,-1.8344891111933919],[113.29350471496582,-1.8346606845807827],[113.29350471496582,-1.8374916430956887],[113.29384803771973,-1.8389500139131343],[113.29384803771973,-1.8403225971231905],[113.29221725463867,-1.842896187793798],[113.29153060913086,-1.844783485255249],[113.29161643981934,-1.8454697747449131],[113.2921314239502,-1.8459844916883412],[113.2921314239502,-1.8465849946006472],[113.29204559326172,-1.8471854973100363],[113.29127311706543,-1.8490727902178463],[113.2906723022461,-1.849501720144346],[113.28732490539551,-1.8490727902178463],[113.28629493713379,-1.8498448640108904],[113.2811450958252,-1.850102221867246],[113.28054428100586,-1.8505311515448568],[113.28020095825195,-1.851131652919193],[113.28020095825195,-1.8525900125527812],[113.28080177307129,-1.8531905132294355],[113.28166007995605,-1.8531905132294355],[113.28243255615234,-1.8538767994676988],[113.2829475402832,-1.8561930135569327],[113.28329086303711,-1.8568792986304032],[113.28320503234863,-1.8583376535265757],[113.2829475402832,-1.85893815225144],[113.28166007995605,-1.8597960072183497],[113.28183174133301,-1.8604822908916105],[113.28337669372559,-1.8603965054470564],[113.2840633392334,-1.8600533636271166],[113.28535079956055,-1.8582518679777706],[113.2869815826416,-1.8584234390711885],[113.28912734985352,-1.8573082266660066],[113.28964233398438,-1.8567935130107998],[113.28998565673828,-1.855335156840468],[113.2906723022461,-1.8552493711459306],[113.29092979431152,-1.8558498709202809],[113.29075813293457,-1.857222441067222],[113.28861236572266,-1.862369569615936],[113.2884407043457,-1.8637421346914067],[113.28878402709961,-1.8644284168279626],[113.2898998260498,-1.8653720543287875],[113.29127311706543,-1.86794560857588],[113.29195976257324,-1.8685461040246025],[113.29230308532715,-1.86794560857588],[113.29221725463867,-1.8660583358296918],[113.29238891601562,-1.8632274229134538],[113.29367637634277,-1.8633132082202195],[113.29419136047363,-1.8638279199731045],[113.29513549804688,-1.866144120998456],[113.29625129699707,-1.8682029637933368],[113.2976245880127,-1.868460318973078],[113.2990837097168,-1.8694039543094618],[113.30097198486328,-1.870347589138575],[113.30389022827148,-1.8711196536213066],[113.30689430236816,-1.8714627932823191],[113.30706596374512,-1.87206328752751],[113.30698013305664,-1.8742079081520728],[113.30663681030273,-1.874808401456363],[113.3060359954834,-1.8748941861973094],[113.3023452758789,-1.8745510472083282],[113.29968452453613,-1.873607414641853],[113.29874038696289,-1.8727495664129918],[113.29719543457031,-1.8725779967168137],[113.29590797424316,-1.8729211360923728],[113.29565048217773,-1.8742936929224498],[113.29350471496582,-1.8742936929224498],[113.29316139221191,-1.8737789842372194],[113.29316139221191,-1.8731784905799316],[113.29273223876953,-1.8725779967168137],[113.28423500061035,-1.86794560857588],[113.28354835510254,-1.8673451129219103],[113.28183174133301,-1.8647715577959048],[113.28123092651367,-1.8629700669680602],[113.27985763549805,-1.8611685742978494]]]}},{"type":"Feature","id":"pmtiles:10/834/517:landuse:12155941252:0","properties":{"class":"quarry","kind":"green","verification":"verified","source":"OpenMapTiles/OpenStreetMap national PMTiles","sourceId":"10/834/517:landuse:12155941252:0","sourceLayer":"landuse","archive":"https://its.hanifahseptiani45.workers.dev/v1/map/archive/indonesia.pmtiles","updatedAt":"2026-07-26T09:42:31.540Z"},"geometry":{"type":"Polygon","coordinates":[[[113.27127456665039,-1.8554209425308414],[113.2716178894043,-1.855335156840468],[113.27333450317383,-1.8556782995769936],[113.27350616455078,-1.856364584850283],[113.2730770111084,-1.8568792986304032],[113.2734203338623,-1.857222441067222],[113.2741928100586,-1.857222441067222],[113.27633857727051,-1.8567077273870183],[113.27693939208984,-1.8567935130107998],[113.27754020690918,-1.8576513690195213],[113.27831268310547,-1.8575655834373919],[113.27822685241699,-1.8565361561269782],[113.27719688415527,-1.8560214422469272],[113.27719688415527,-1.8550777997443788],[113.27651023864746,-1.8548204426108583],[113.27590942382812,-1.8551635854472437],[113.27590942382812,-1.853362084813952],[113.27462196350098,-1.8519895116725422],[113.27410697937012,-1.8519895116725422],[113.27376365661621,-1.852847370010565],[113.27350616455078,-1.8519895116725422],[113.27247619628906,-1.8521610833733746],[113.27247619628906,-1.8517321540901293],[113.27178955078125,-1.8516463682210258],[113.27110290527344,-1.8506169374679189],[113.27058792114258,-1.8507027233868456],[113.26930046081543,-1.8497590780504822],[113.26852798461914,-1.8498448640108904],[113.26835632324219,-1.8493301481861977],[113.26878547668457,-1.848558074169219],[113.26887130737305,-1.847271283394818],[113.26972961425781,-1.8474428555519324],[113.27041625976562,-1.8478717858722291],[113.27136039733887,-1.847957571923871],[113.2719612121582,-1.8474428555519324],[113.27221870422363,-1.8468423529295137],[113.27281951904297,-1.8465849946006472],[113.27316284179688,-1.8466707807144047],[113.27462196350098,-1.8482149300538993],[113.27410697937012,-1.8486438601876927],[113.27436447143555,-1.849244362200892],[113.27633857727051,-1.8493301481861977],[113.27642440795898,-1.8489870042201204],[113.2759952545166,-1.8486438601876927],[113.27633857727051,-1.847785999816466],[113.27676773071289,-1.8474428555519324],[113.27728271484375,-1.8474428555519324],[113.2789134979248,-1.8461560639697012],[113.2789134979248,-1.843839836774677],[113.27960014343262,-1.8428104014979994],[113.27925682067871,-1.8417809656262278],[113.2789134979248,-1.8387784409376167],[113.27908515930176,-1.8387784409376167],[113.27951431274414,-1.8392931598146447],[113.28097343444824,-1.8403225971231905],[113.2803726196289,-1.8432393329356245],[113.27985763549805,-1.844268767964266],[113.28011512756348,-1.8466707807144047],[113.27985763549805,-1.8470139251280813],[113.27908515930176,-1.8470997112211336],[113.27788352966309,-1.8487296462020026],[113.27805519104004,-1.8509600811187],[113.27728271484375,-1.852847370010565],[113.27754020690918,-1.8537910137024767],[113.27805519104004,-1.8544772997079377],[113.27908515930176,-1.8552493711459306],[113.27942848205566,-1.8561072279040047],[113.27908515930176,-1.8585950101479511],[113.27822685241699,-1.8591955087853052],[113.27728271484375,-1.8587665812080445],[113.27608108520508,-1.8591097232781806],[113.27324867248535,-1.8581660824248019],[113.27221870422363,-1.8567935130107998],[113.27239036560059,-1.8561930135569327],[113.27136039733887,-1.8556782995769936],[113.27127456665039,-1.8554209425308414]]]}},{"type":"Feature","id":"pmtiles:10/834/517:landuse:12155941292:0","properties":{"class":"quarry","kind":"green","verification":"verified","source":"OpenMapTiles/OpenStreetMap national PMTiles","sourceId":"10/834/517:landuse:12155941292:0","sourceLayer":"landuse","archive":"https://its.hanifahseptiani45.workers.dev/v1/map/archive/indonesia.pmtiles","updatedAt":"2026-07-26T09:42:31.540Z"},"geometry":{"type":"Polygon","coordinates":[[[113.28766822814941,-1.8229078695790832],[113.28758239746094,-1.8238515290976096],[113.28543663024902,-1.8253956981511834],[113.28483581542969,-1.8260819950826743],[113.28474998474121,-1.826510930531768],[113.28577995300293,-1.8262535692745985],[113.28620910644531,-1.8271972270373027],[113.2851791381836,-1.8285698192615598],[113.28466415405273,-1.8288271801867495],[113.2829475402832,-1.8287413932157932],[113.28243255615234,-1.828998754116384],[113.2826042175293,-1.8311434268519236],[113.28286170959473,-1.831057639991755],[113.28363418579102,-1.8301997711643025],[113.28483581542969,-1.830285558065512],[113.2851791381836,-1.8305429187445412],[113.28672409057617,-1.830628705629337],[113.28680992126465,-1.8308002793866223],[113.28672409057617,-1.831057639991755],[113.28620910644531,-1.8314865742514996],[113.28363418579102,-1.8323444424629542],[113.28208923339844,-1.8325160160559335],[113.28166007995605,-1.8335454572685848],[113.28105926513672,-1.8343175377895307],[113.28080177307129,-1.8339743909324682],[113.2814884185791,-1.8320870820426478],[113.2811450958252,-1.829341901926412],[113.2803726196289,-1.8288271801867495],[113.28020095825195,-1.8283124582994361],[113.27942848205566,-1.8275403751917452],[113.27831268310547,-1.8273688011227165],[113.27805519104004,-1.8270256529355038],[113.27796936035156,-1.8261677821806757],[113.27822685241699,-1.825481485281955],[113.27874183654785,-1.8255672724086196],[113.27925682067871,-1.826510930531768],[113.27994346618652,-1.8271972270373027],[113.28063011169434,-1.8274545881592843],[113.28080177307129,-1.8272830140820702],[113.2803726196289,-1.8264251434501375],[113.2803726196289,-1.8261677821806757],[113.28217506408691,-1.8265967176092914],[113.28234672546387,-1.8257388466496849],[113.2829475402832,-1.8258246337640713],[113.28320503234863,-1.8255672724086196],[113.2829475402832,-1.8251383367343266],[113.28217506408691,-1.8246236137901235],[113.28088760375977,-1.8224789332707587],[113.27925682067871,-1.8219642095659054],[113.2785701751709,-1.8205916123006318],[113.27754020690918,-1.820248462820956],[113.27736854553223,-1.8194763762529362],[113.27805519104004,-1.8192190139901498],[113.27994346618652,-1.8211063363976336],[113.28123092651367,-1.8211921237328283],[113.28200340270996,-1.8215352730328362],[113.28234672546387,-1.822221571436728],[113.28251838684082,-1.8238515290976096],[113.28397750854492,-1.8253099110163333],[113.28423500061035,-1.8251383367343266],[113.28432083129883,-1.8248809752806352],[113.28423500061035,-1.8238515290976096],[113.28432083129883,-1.8235941674598024],[113.28638076782227,-1.8219642095659054],[113.28818321228027,-1.8221357841505323],[113.2898998260498,-1.821792634964936],[113.29144477844238,-1.8219642095659054],[113.29170227050781,-1.822221571436728],[113.29110145568848,-1.822564720540612],[113.28947067260742,-1.8223931459968412],[113.28766822814941,-1.8229078695790832]]]}},{"type":"Feature","id":"pmtiles:10/834/517:landuse:12155941312:0","properties":{"class":"quarry","kind":"green","verification":"verified","source":"OpenMapTiles/OpenStreetMap national PMTiles","sourceId":"10/834/517:landuse:12155941312:0","sourceLayer":"landuse","archive":"https://its.hanifahseptiani45.workers.dev/v1/map/archive/indonesia.pmtiles","updatedAt":"2026-07-26T09:42:31.540Z"},"geometry":{"type":"Polygon","coordinates":[[[113.22278022766113,-1.833288097020926],[113.22235107421875,-1.833030736736248],[113.22149276733398,-1.8312292137079709],[113.22011947631836,-1.830628705629337],[113.21720123291016,-1.8301997711643025],[113.21617126464844,-1.8291703280296048],[113.21677207946777,-1.8276261622201133],[113.21831703186035,-1.826510930531768],[113.21900367736816,-1.8253956981511834],[113.21943283081055,-1.8239373163020218],[113.21943283081055,-1.8210205490583462],[113.21883201599121,-1.819562163665708],[113.21745872497559,-1.8190474391278855],[113.21599960327148,-1.8192190139901498],[113.21454048156738,-1.8213636983909964],[113.21333885192871,-1.82187842226746],[113.21187973022461,-1.82187842226746],[113.21093559265137,-1.820934761714966],[113.20956230163574,-1.8211063363976336],[113.20818901062012,-1.8217068476583194],[113.20741653442383,-1.822822082325601],[113.20595741271973,-1.822564720540612],[113.2056999206543,-1.8211063363976336],[113.20475578308105,-1.820076888056633],[113.20329666137695,-1.8201626754408409],[113.20192337036133,-1.8205058249368307],[113.20158004760742,-1.82187842226746],[113.20158004760742,-1.8232510185521562],[113.19891929626465,-1.8231652313150164],[113.19883346557617,-1.8201626754408409],[113.19771766662598,-1.8188758642492928],[113.1976318359375,-1.8187042893544003],[113.1976318359375,-1.8173316896080536],[113.19823265075684,-1.816988539508401],[113.19960594177246,-1.816988539508401],[113.20115089416504,-1.8175890521399936],[113.20381164550781,-1.8176748396424784],[113.20527076721191,-1.8169027519733163],[113.20767402648926,-1.81604487639828],[113.2089614868164,-1.815272788032516],[113.21084976196289,-1.8131280963979464],[113.21136474609375,-1.8119270679723627],[113.21162223815918,-1.8092676450536374],[113.21110725402832,-1.8078950381502636],[113.2086181640625,-1.8064366421781983],[113.20733070373535,-1.806522430208986],[113.20621490478516,-1.8073803102938655],[113.20484161376953,-1.8072945223036214],[113.2042407989502,-1.8060077019635656],[113.20441246032715,-1.8034340585502378],[113.20329666137695,-1.8025761766033241],[113.20192337036133,-1.8024046001654312],[113.20123672485352,-1.8036914230554544],[113.20106506347656,-1.8064366421781983],[113.19994926452637,-1.805664549718955],[113.19934844970703,-1.8043777282247078],[113.19926261901855,-1.803005117627336],[113.19814682006836,-1.8023188119404239],[113.1976318359375,-1.8024046001654312],[113.1976318359375,-1.7780405825602514],[113.20089340209961,-1.7786411080049191],[113.20235252380371,-1.7798421583078152],[113.20372581481934,-1.7804426831659015],[113.20321083068848,-1.7809574186028385],[113.203125,-1.7815579430975248],[113.203125,-1.7828447806411134],[113.20372581481934,-1.7833595154067012],[113.20441246032715,-1.7834453045202991],[113.20501327514648,-1.7831879371675114],[113.20527076721191,-1.7819010998637452],[113.20595741271973,-1.7817295214886428],[113.20647239685059,-1.7829305697787277],[113.2060432434082,-1.7843031954362942],[113.21093559265137,-1.78576160907501],[113.21205139160156,-1.784560562633061],[113.21222305297852,-1.7831021480419054],[113.21179389953613,-1.782244256566031],[113.21136474609375,-1.7819868890452994],[113.20964813232422,-1.7814721538959901],[113.20947647094727,-1.7807858401398278],[113.2100772857666,-1.7805284724153694],[113.21316719055176,-1.7802711046549717],[113.21316719055176,-1.7789842653141221],[113.21205139160156,-1.7753811103861636],[113.21213722229004,-1.7751237419081036],[113.21248054504395,-1.7749521629028067],[113.21333885192871,-1.7748663733942038],[113.22140693664551,-1.7785553186676424],[113.2221794128418,-1.7805284724153694],[113.2221794128418,-1.7807858401398278],[113.22166442871094,-1.781386364690448],[113.2221794128418,-1.7828447806411134],[113.22192192077637,-1.7831879371675114],[113.22157859802246,-1.7831879371675114],[113.22054862976074,-1.7831021480419054],[113.21977615356445,-1.7825874132043538],[113.21823120117188,-1.7829305697787277],[113.21745872497559,-1.7837884609347014],[113.21677207946777,-1.7838742500283047],[113.21599960327148,-1.784560562633061],[113.21823120117188,-1.7861047650571322],[113.22046279907227,-1.7870484436774632],[113.2207202911377,-1.7873058104897694],[113.22046279907227,-1.7875631772659943],[113.21660041809082,-1.7872200215563367],[113.21428298950195,-1.7873058104897694],[113.21351051330566,-1.7880779107102143],[113.21239471435547,-1.7882494884928661],[113.21127891540527,-1.7887642217446],[113.21170806884766,-1.7897936878147647],[113.21385383605957,-1.7909089420718374],[113.21694374084473,-1.7915094633137727],[113.21737289428711,-1.792367350460708],[113.21805953979492,-1.792538927841889],[113.21831703186035,-1.7924531391533094],[113.21874618530273,-1.7914236745769756],[113.2196044921875,-1.7906515757650396],[113.2199478149414,-1.7890215883163023],[113.22243690490723,-1.7887642217446],[113.22295188903809,-1.7884210662595024],[113.22355270385742,-1.7871342326189108],[113.22423934936523,-1.7872200215563367],[113.22449684143066,-1.7873915994191805],[113.22449684143066,-1.7881636996035581],[113.22415351867676,-1.7891931660107048],[113.22243690490723,-1.7903084206331101],[113.22157859802246,-1.7915094633137727],[113.22140693664551,-1.792195773063483],[113.22149276733398,-1.7924531391533094],[113.22235107421875,-1.792195773063483],[113.22295188903809,-1.7924531391533094],[113.22338104248047,-1.7929678712244197],[113.22355270385742,-1.79365418042741],[113.22647094726562,-1.7941689121606998],[113.22681427001953,-1.7938257576879266],[113.22690010070801,-1.792710505206955],[113.22629928588867,-1.7909089420718374],[113.22681427001953,-1.7900510542419994],[113.22732925415039,-1.7896221101765235],[113.23668479919434,-1.7903084206331101],[113.24209213256836,-1.7940831235485462],[113.24346542358398,-1.794597855161129],[113.24355125427246,-1.7952841637525268],[113.2430362701416,-1.7973430879802947],[113.24423789978027,-1.7975146648945213],[113.24509620666504,-1.7980293955404107],[113.24578285217285,-1.7981151839672833],[113.24681282043457,-1.797772030235592],[113.2474136352539,-1.7978578186745722],[113.24938774108887,-1.7983725492237],[113.24973106384277,-1.798629914443822],[113.24990272521973,-1.8000883166719746],[113.24930191040039,-1.8009461997906726],[113.2481861114502,-1.8007746231992314],[113.24767112731934,-1.8014609294680355],[113.24767112731934,-1.8020614472411296],[113.24569702148438,-1.8025761766033241],[113.24518203735352,-1.8031766940086271],[113.24526786804199,-1.803777211215774],[113.24569702148438,-1.804206151956663],[113.24638366699219,-1.804463516352655],[113.2467269897461,-1.8049782450353575],[113.2459545135498,-1.8060934900145895],[113.24689865112305,-1.808667129661174],[113.24698448181152,-1.810811826578302],[113.24655532836914,-1.8154443632534196],[113.24784278869629,-1.8163022391135684],[113.24835777282715,-1.8175890521399936],[113.24784278869629,-1.8181895645718242],[113.2470703125,-1.8185327144431938],[113.2456111907959,-1.8185327144431938],[113.24492454528809,-1.818790076803893],[113.2441520690918,-1.8199911006683465],[113.2441520690918,-1.821277911063973],[113.2444953918457,-1.8219642095659054],[113.24732780456543,-1.8232510185521562],[113.24775695800781,-1.8237657418890905],[113.24758529663086,-1.8251383367343266],[113.24646949768066,-1.8276261622201133],[113.2470703125,-1.8285698192615598],[113.24775695800781,-1.8287413932157932],[113.2481861114502,-1.8283982452909129],[113.24844360351562,-1.8274545881592843],[113.24895858764648,-1.8271114399884567],[113.24973106384277,-1.8270256529355038],[113.25282096862793,-1.829341901926412],[113.24930191040039,-1.830285558065512],[113.24878692626953,-1.8308002793866223],[113.24878692626953,-1.8311434268519236],[113.24930191040039,-1.8320870820426478],[113.25067520141602,-1.8326875896324708],[113.25179100036621,-1.8327733764145933],[113.25316429138184,-1.8324302292614902],[113.25385093688965,-1.8327733764145933],[113.25410842895508,-1.8338028174792527],[113.25359344482422,-1.8352611913070689],[113.2529067993164,-1.8355185512708942],[113.25333595275879,-1.8334596705234816],[113.2529067993164,-1.833288097020926],[113.25161933898926,-1.8337170307464703],[113.25050354003906,-1.8336312440095952],[113.24938774108887,-1.833030736736248],[113.24827194213867,-1.8320012952276699],[113.24810028076172,-1.8308860662590973],[113.24784278869629,-1.830628705629337],[113.2470703125,-1.8305429187445412],[113.24423789978027,-1.8271114399884567],[113.24380874633789,-1.8264251434501375],[113.24329376220703,-1.8245378266184247],[113.24286460876465,-1.8239373163020218],[113.24217796325684,-1.8236799546764928],[113.24089050292969,-1.825996207980566],[113.23951721191406,-1.8267682917520744],[113.23908805847168,-1.8273688011227165],[113.23908805847168,-1.8281408843042044],[113.23943138122559,-1.8291703280296048],[113.23822975158691,-1.8356043379172462],[113.23951721191406,-1.8372342834160236],[113.24003219604492,-1.8386926544436903],[113.23968887329102,-1.8391215868721247],[113.23728561401367,-1.8397220920987252],[113.23694229125977,-1.8418667519715939],[113.23668479919434,-1.8420383246499483],[113.23668479919434,-1.8424672562735225],[113.23771476745605,-1.8427246151980796],[113.23788642883301,-1.8433251192107605],[113.2375431060791,-1.843839836774677],[113.23556900024414,-1.8439256230208656],[113.23531150817871,-1.8436682642699083],[113.2349681854248,-1.8417809656262278],[113.23505401611328,-1.841094674714597],[113.23556900024414,-1.8401510242796917],[113.23531150817871,-1.8398936649835065],[113.2331657409668,-1.8404083835387297],[113.23273658752441,-1.8398078785431693],[113.23196411132812,-1.8395505191974735],[113.23162078857422,-1.8397220920987252],[113.23187828063965,-1.8373200699800236],[113.23162078857422,-1.8366337773526027],[113.23127746582031,-1.8365479907556477],[113.22999000549316,-1.8373200699800236],[113.22973251342773,-1.8387784409376167],[113.2291316986084,-1.839636305650174],[113.22844505310059,-1.8446119128414722],[113.22741508483887,-1.8466707807144047],[113.22681427001953,-1.8461560639697012],[113.22578430175781,-1.8439256230208656],[113.22501182556152,-1.8440114092629187],[113.2236385345459,-1.8445261266283808],[113.22372436523438,-1.8448692714559485],[113.22449684143066,-1.8457271332352576],[113.22415351867676,-1.8466707807144047],[113.22389602661133,-1.8468423529295137],[113.22312355041504,-1.84649920848274],[113.2221794128418,-1.8452982023973306],[113.22089195251465,-1.8445261266283808],[113.21977615356445,-1.8448692714559485],[113.21943283081055,-1.8458987055414582],[113.21908950805664,-1.846070277831089],[113.21797370910645,-1.8459844916883412],[113.21754455566406,-1.8454697747449131],[113.21857452392578,-1.8440114092629187],[113.21797370910645,-1.8435824780113137],[113.21763038635254,-1.8433251192107605],[113.2166862487793,-1.8436682642699083],[113.21634292602539,-1.843496691748598],[113.21634292602539,-1.8424672562735225],[113.21436882019043,-1.8417809656262278],[113.21042060852051,-1.841094674714597],[113.21024894714355,-1.8404941699501762],[113.21205139160156,-1.8404941699501762],[113.21333885192871,-1.8408373155546087],[113.21565628051758,-1.8407515291597036],[113.2170295715332,-1.8404083835387297],[113.21917533874512,-1.8407515291597036],[113.22123527526855,-1.8402368107035016],[113.22175025939941,-1.8397220920987252],[113.22303771972656,-1.8395505191974735],[113.22535514831543,-1.8367195639454508],[113.22535514831543,-1.8338886042078997],[113.22569847106934,-1.8328591631925946],[113.22552680969238,-1.8326018028462698],[113.22509765625,-1.8326018028462698],[113.22406768798828,-1.833030736736248],[113.22355270385742,-1.8335454572685848],[113.22278022766113,-1.833288097020926]]]}},{"type":"Feature","id":"pmtiles:10/834/517:landuse:12155941322:0","properties":{"class":"quarry","kind":"green","verification":"verified","source":"OpenMapTiles/OpenStreetMap national PMTiles","sourceId":"10/834/517:landuse:12155941322:0","sourceLayer":"landuse","archive":"https://its.hanifahseptiani45.workers.dev/v1/map/archive/indonesia.pmtiles","updatedAt":"2026-07-26T09:42:31.541Z"},"geometry":{"type":"Polygon","coordinates":[[[113.2320499420166,-1.872149072402891],[113.23256492614746,-1.871977502647951],[113.23333740234375,-1.8724064270038525],[113.23445320129395,-1.872492211862422],[113.23565483093262,-1.872149072402891],[113.23677062988281,-1.8706049440039152],[113.23616981506348,-1.8702618041750867],[113.23531150817871,-1.8705191590529893],[113.23359489440918,-1.8704333740978853],[113.23307991027832,-1.8700902342354908],[113.23222160339355,-1.8700044492594259],[113.23222160339355,-1.869575524316133],[113.23290824890137,-1.8694039543094618],[113.23368072509766,-1.8698328792946768],[113.23479652404785,-1.8698328792946768],[113.2364273071289,-1.8694039543094618],[113.23745727539062,-1.8700044492594259],[113.23831558227539,-1.8700044492594259],[113.23840141296387,-1.869575524316133],[113.23891639709473,-1.8691465992680065],[113.23934555053711,-1.868460318973078],[113.24089050292969,-1.8669161873291529],[113.2412338256836,-1.866144120998456],[113.24114799499512,-1.8654578395310466],[113.24080467224121,-1.8641710610581015],[113.24028968811035,-1.863656349405531],[113.2390022277832,-1.86305585228736],[113.2375431060791,-1.8633989935228215],[113.23539733886719,-1.8644284168279626],[113.23479652404785,-1.8647715577959048],[113.23488235473633,-1.8656294099230024],[113.23196411132812,-1.8652004839117353],[113.23136329650879,-1.8640852757931299],[113.23162078857422,-1.8627984963169126],[113.23230743408203,-1.86168328667722],[113.2317066192627,-1.8591097232781806],[113.22921752929688,-1.8580802968676693],[113.22810173034668,-1.8569650842458714],[113.22827339172363,-1.8556782995769936],[113.22964668273926,-1.8555925138990972],[113.23222160339355,-1.8547346568913667],[113.23359489440918,-1.8540483709856943],[113.23453903198242,-1.8530189416283207],[113.23471069335938,-1.8517321540901293],[113.23960304260254,-1.847271283394818],[113.23925971984863,-1.8459844916883412],[113.24020385742188,-1.8448692714559485],[113.24131965637207,-1.8440114092629187],[113.24286460876465,-1.8433251192107605],[113.24681282043457,-1.8446976990504282],[113.24801445007324,-1.8454697747449131],[113.24913024902344,-1.8466707807144047],[113.25033187866211,-1.852847370010565],[113.25153350830078,-1.8542199424870631],[113.25307846069336,-1.8552493711459306],[113.25462341308594,-1.8555925138990972],[113.25591087341309,-1.8562787992056826],[113.2569408416748,-1.8582518679777706],[113.25762748718262,-1.85893815225144],[113.25891494750977,-1.8597102217404284],[113.26226234436035,-1.8608254326281042],[113.2635498046875,-1.8614259305063143],[113.2650089263916,-1.8645999873202896],[113.26586723327637,-1.8645999873202896],[113.26827049255371,-1.8664872616317467],[113.27333450317383,-1.8672593278117375],[113.2741928100586,-1.8675166831296934],[113.27608108520508,-1.868631889071949],[113.280029296875,-1.872663781567013],[113.28346252441406,-1.8766956647855153],[113.28397750854492,-1.8772103726127654],[113.28397750854492,-1.8778966494800216],[113.28346252441406,-1.8791834178796307],[113.28277587890625,-1.8793549869279502],[113.28020095825195,-1.8787544951850776],[113.2796859741211,-1.878325572385208],[113.27942848205566,-1.877639295686393],[113.27917098999023,-1.8755804639734492],[113.2785701751709,-1.8742936929224498],[113.27736854553223,-1.8736931994416324],[113.27582359313965,-1.8735216298378674],[113.27505111694336,-1.8736931994416324],[113.27324867248535,-1.8772103726127654],[113.27376365661621,-1.8778966494800216],[113.27376365661621,-1.8799554784643249],[113.27264785766602,-1.8806417542529488],[113.27127456665039,-1.8805559697941305],[113.27058792114258,-1.8802986163923663],[113.2701587677002,-1.879698124974027],[113.27007293701172,-1.878325572385208],[113.26972961425781,-1.8778108648863565],[113.26706886291504,-1.8778108648863565],[113.26483726501465,-1.8774677264695754],[113.26440811157227,-1.8778966494800216],[113.26440811157227,-1.8784971415177978],[113.2638931274414,-1.8790118488144572],[113.26234817504883,-1.8788402797324153],[113.26106071472168,-1.8782397878125892],[113.26003074645996,-1.8769530187180834],[113.25994491577148,-1.876266741480407],[113.26088905334473,-1.8752373251190164],[113.26140403747559,-1.8747226167112245],[113.26234817504883,-1.8749799709340351],[113.26380729675293,-1.8768672340781052],[113.26440811157227,-1.8765240954760998],[113.26672554016113,-1.8768672340781052],[113.27024459838867,-1.87549467926614],[113.2716178894043,-1.8730927057549422],[113.27024459838867,-1.8709480837656258],[113.26260566711426,-1.8680313936525579],[113.26123237609863,-1.8699186642791545],[113.25942993164062,-1.8706049440039152],[113.25822830200195,-1.870347589138575],[113.25788497924805,-1.869575524316133],[113.25788497924805,-1.8681171787250292],[113.25754165649414,-1.867430898027905],[113.25625419616699,-1.8671735426973726],[113.25282096862793,-1.8675166831296934],[113.25127601623535,-1.8681171787250292],[113.25076103210449,-1.868631889071949],[113.25067520141602,-1.869232384286022],[113.25127601623535,-1.8705191590529893],[113.25127601623535,-1.87206328752751],[113.25119018554688,-1.8728353512547784],[113.25050354003906,-1.8728353512547784],[113.24921607971191,-1.8723206421410623],[113.24835777282715,-1.8716343630876509],[113.2481861114502,-1.8710338686955623],[113.24810028076172,-1.870347589138575],[113.24878692626953,-1.8683745339173612],[113.24835777282715,-1.86794560857588],[113.24604034423828,-1.86794560857588],[113.24518203735352,-1.8680313936525579],[113.24458122253418,-1.868460318973078],[113.24380874633789,-1.8698328792946768],[113.24355125427246,-1.8712912234602186],[113.24363708496094,-1.8727495664129918],[113.24509620666504,-1.8752373251190164],[113.24458122253418,-1.8796123404688387],[113.2441520690918,-1.880984892046044],[113.24346542358398,-1.881156460917282],[113.24286460876465,-1.880984892046044],[113.24140548706055,-1.8784113569536203],[113.24149131774902,-1.8777250802884708],[113.24260711669922,-1.8768672340781052],[113.24260711669922,-1.8754088945546386],[113.2415771484375,-1.873607414641853],[113.24174880981445,-1.8715485781870882],[113.24260711669922,-1.868631889071949],[113.24243545532227,-1.8678598234950243],[113.24183464050293,-1.8678598234950243],[113.24037551879883,-1.8694897393148864],[113.23943138122559,-1.8725779967168137],[113.23788642883301,-1.872663781567013],[113.23565483093262,-1.8733500602173052],[113.23634147644043,-1.873607414641853],[113.23737144470215,-1.8748941861973094],[113.23762893676758,-1.876266741480407],[113.23702812194824,-1.8765240954760998],[113.23565483093262,-1.8765240954760998],[113.23428153991699,-1.8760951721289132],[113.2335090637207,-1.8749799709340351],[113.23119163513184,-1.8737789842372194],[113.23110580444336,-1.8731784905799316],[113.23136329650879,-1.8725779967168137],[113.2320499420166,-1.872149072402891]]]}},{"type":"Feature","id":"pmtiles:10/834/517:landuse:6015868900:0","properties":{"class":"residential","kind":"green","verification":"verified","source":"OpenMapTiles/OpenStreetMap national PMTiles","sourceId":"10/834/517:landuse:6015868900:0","sourceLayer":"landuse","archive":"https://its.hanifahseptiani45.workers.dev/v1/map/archive/indonesia.pmtiles","updatedAt":"2026-07-26T09:42:31.541Z"},"geometry":{"type":"Polygon","coordinates":[[[113.31839561462402,-1.8239373163020218],[113.31376075744629,-1.8291703280296048],[113.31281661987305,-1.8287413932157932],[113.31770896911621,-1.8236799546764928],[113.31839561462402,-1.8239373163020218]]]}},{"type":"Feature","id":"pmtiles:10/834/517:landuse:6015868900:1","properties":{"class":"residential","kind":"green","verification":"verified","source":"OpenMapTiles/OpenStreetMap national PMTiles","sourceId":"10/834/517:landuse:6015868900:1","sourceLayer":"landuse","archive":"https://its.hanifahseptiani45.workers.dev/v1/map/archive/indonesia.pmtiles","updatedAt":"2026-07-26T09:42:31.541Z"},"geometry":{"type":"Polygon","coordinates":[[[113.3126449584961,-1.828998754116384],[113.31367492675781,-1.8298566235183813],[113.31195831298828,-1.8315723610911476],[113.31238746643066,-1.8321728688535188],[113.31204414367676,-1.8331165235019142],[113.31024169921875,-1.8344033244935218],[113.30981254577637,-1.8355185512708942],[113.30929756164551,-1.8353469779657843],[113.3100700378418,-1.8320870820426478],[113.3126449584961,-1.828998754116384]]]}},{"type":"Feature","id":"pmtiles:10/834/517:landuse:6015868900:2","properties":{"class":"residential","kind":"green","verification":"verified","source":"OpenMapTiles/OpenStreetMap national PMTiles","sourceId":"10/834/517:landuse:6015868900:2","sourceLayer":"landuse","archive":"https://its.hanifahseptiani45.workers.dev/v1/map/archive/indonesia.pmtiles","updatedAt":"2026-07-26T09:42:31.541Z"},"geometry":{"type":"Polygon","coordinates":[[[113.31315994262695,-1.8760093874468424],[113.31427574157715,-1.8754088945546386],[113.3170223236084,-1.878154003235764],[113.32792282104492,-1.8842446977127167],[113.32895278930664,-1.8861319508369405],[113.32938194274902,-1.8881907700921943],[113.32895278930664,-1.8882765541749365],[113.32783699035645,-1.8851025402955486],[113.32757949829102,-1.8857030298520243],[113.32612037658691,-1.8838157762628356],[113.32217216491699,-1.8828721487013809],[113.31968307495117,-1.8808133231579234],[113.31822395324707,-1.8805559697941305],[113.31685066223145,-1.8841589134311931],[113.31547737121582,-1.8840731291454347],[113.31633567810059,-1.882271658168989],[113.31539154052734,-1.8820143050203626],[113.31599235534668,-1.8797839094750088],[113.31719398498535,-1.8807275387075464],[113.3173656463623,-1.8803844008638322],[113.31315994262695,-1.8760093874468424]]]}},{"type":"Feature","id":"pmtiles:10/834/517:landuse:6015868900:3","properties":{"class":"residential","kind":"green","verification":"verified","source":"OpenMapTiles/OpenStreetMap national PMTiles","sourceId":"10/834/517:landuse:6015868900:3","sourceLayer":"landuse","archive":"https://its.hanifahseptiani45.workers.dev/v1/map/archive/indonesia.pmtiles","updatedAt":"2026-07-26T09:42:31.541Z"},"geometry":{"type":"Polygon","coordinates":[[[113.34835052490234,-1.909293526368785],[113.34835052490234,-1.908693045001968],[113.35135459899902,-1.9071489490958697],[113.35221290588379,-1.905175935643996],[113.35856437683105,-1.9045754528403904],[113.35959434509277,-1.9039749698275017],[113.35976600646973,-1.904747019377055],[113.35693359375,-1.905604851804128],[113.35478782653809,-1.9073205153761137],[113.35272789001465,-1.9071489490958697],[113.35247039794922,-1.9079209972221918],[113.35126876831055,-1.9076636478852578],[113.35126876831055,-1.9086072619324455],[113.35058212280273,-1.9080925634254413],[113.34835052490234,-1.909293526368785]]]}},{"type":"Feature","id":"pmtiles:10/834/517:landuse:6015868900:4","properties":{"class":"residential","kind":"green","verification":"verified","source":"OpenMapTiles/OpenStreetMap national PMTiles","sourceId":"10/834/517:landuse:6015868900:4","sourceLayer":"landuse","archive":"https://its.hanifahseptiani45.workers.dev/v1/map/archive/indonesia.pmtiles","updatedAt":"2026-07-26T09:42:31.541Z"},"geometry":{"type":"Polygon","coordinates":[[[113.28964233398438,-1.8981416953964185],[113.28869819641113,-1.8969407246859902],[113.28852653503418,-1.894796132058275],[113.28766822814941,-1.8934235913826853],[113.28852653503418,-1.8929088883490692],[113.28964233398438,-1.8943672132139682],[113.28938484191895,-1.8946245645333022],[113.2906723022461,-1.8958255368511772],[113.2921314239502,-1.894195645646505],[113.29178810119629,-1.8936809428421668],[113.29384803771973,-1.8932520237217858],[113.2880973815918,-1.8901638029232686],[113.2884407043457,-1.8886196904635],[113.29298973083496,-1.8911932104669091],[113.29324722290039,-1.8893059628373123],[113.2921314239502,-1.8887054745250396],[113.29144477844238,-1.8893059628373123],[113.2898998260498,-1.8888770426354284],[113.28998565673828,-1.8862177350212335],[113.2880973815918,-1.8841589134311931],[113.28886985778809,-1.8836442076533046],[113.29187393188477,-1.8868182241928508],[113.29710960388184,-1.890335370889602],[113.29822540283203,-1.891965265723897],[113.29822540283203,-1.8929946721986113],[113.29916954040527,-1.891965265723897],[113.30062866210938,-1.891707914009757],[113.30105781555176,-1.892737320637238],[113.30397605895996,-1.891707914009757],[113.30397605895996,-1.8899064509419787],[113.3045768737793,-1.8901638029232686],[113.30414772033691,-1.8909358586382439],[113.30449104309082,-1.8915363461791088],[113.31032752990723,-1.8887054745250396],[113.31058502197266,-1.8893059628373123],[113.30534934997559,-1.8926515367749488],[113.30371856689453,-1.8926515367749488],[113.30243110656738,-1.8936809428421668],[113.3049201965332,-1.9010583350759873],[113.30414772033691,-1.9011441185214153],[113.30328941345215,-1.8994284488032207],[113.30225944519043,-1.899171098198508],[113.30225944519043,-1.8974554265211623],[113.30148696899414,-1.8982274789866693],[113.3008861541748,-1.897026508335827],[113.29994201660156,-1.8971122919814007],[113.30028533935547,-1.897884344600115],[113.29994201660156,-1.898484829731899],[113.30080032348633,-1.9001147168950325],[113.29899787902832,-1.9021735195338891],[113.29779624938965,-1.9014872522604662],[113.2979679107666,-1.9035460532616497],[113.29702377319336,-1.9035460532616497],[113.29693794250488,-1.9020877361396344],[113.29590797424316,-1.9014872522604662],[113.29642295837402,-1.8987421804388163],[113.29573631286621,-1.8983990461544238],[113.29444885253906,-1.9004578508386913],[113.29341888427734,-1.8990853146550961],[113.29367637634277,-1.8982274789866693],[113.29264640808105,-1.8975412101454623],[113.29367637634277,-1.8951392670572602],[113.29264640808105,-1.8958255368511772],[113.29221725463867,-1.897026508335827],[113.29050064086914,-1.897712777381301],[113.29015731811523,-1.8972838592597867],[113.28964233398438,-1.8981416953964185]]]}},{"type":"Feature","id":"pmtiles:10/834/517:landuse:6015868900:5","properties":{"class":"residential","kind":"green","verification":"verified","source":"OpenMapTiles/OpenStreetMap national PMTiles","sourceId":"10/834/517:landuse:6015868900:5","sourceLayer":"landuse","archive":"https://its.hanifahseptiani45.workers.dev/v1/map/archive/indonesia.pmtiles","updatedAt":"2026-07-26T09:42:31.541Z"},"geometry":{"type":"Polygon","coordinates":[[[113.41066360473633,-2.0291281645104675],[113.4104061126709,-2.0270695183488385],[113.40920448303223,-2.025268200809762],[113.40911865234375,-2.0233811040970977],[113.41169357299805,-2.0277557340270675],[113.41066360473633,-2.0291281645104675]]]}},{"type":"Feature","id":"pmtiles:10/834/517:landuse:6015868900:6","properties":{"class":"residential","kind":"green","verification":"verified","source":"OpenMapTiles/OpenStreetMap national PMTiles","sourceId":"10/834/517:landuse:6015868900:6","sourceLayer":"landuse","archive":"https://its.hanifahseptiani45.workers.dev/v1/map/archive/indonesia.pmtiles","updatedAt":"2026-07-26T09:42:31.541Z"},"geometry":{"type":"Polygon","coordinates":[[[113.43915939331055,-2.074503486779065],[113.44405174255371,-2.0742461634526848],[113.45100402832031,-2.0724448989963946],[113.45787048339844,-2.0686708144452837],[113.4583854675293,-2.069099688142259],[113.45460891723633,-2.072273349893649],[113.45057487487793,-2.073903065619078],[113.44491004943848,-2.075447005284232],[113.4422492980957,-2.075618554042876],[113.43958854675293,-2.075532779665892],[113.4389877319336,-2.0752754565069864],[113.43915939331055,-2.074503486779065]]]}},{"type":"Feature","id":"pmtiles:10/834/517:landuse:6015868900:7","properties":{"class":"residential","kind":"green","verification":"verified","source":"OpenMapTiles/OpenStreetMap national PMTiles","sourceId":"10/834/517:landuse:6015868900:7","sourceLayer":"landuse","archive":"https://its.hanifahseptiani45.workers.dev/v1/map/archive/indonesia.pmtiles","updatedAt":"2026-07-26T09:42:31.541Z"},"geometry":{"type":"Polygon","coordinates":[[[113.3818244934082,-1.9253348792976936],[113.38130950927734,-1.926621612313312],[113.37942123413086,-1.925077532577987],[113.37993621826172,-1.9244770567475769],[113.3792495727539,-1.923447669117806],[113.3785629272461,-1.923276104452441],[113.37890625,-1.9224182808669354],[113.37864875793457,-1.9216462392713964],[113.37770462036133,-1.9212173271230455],[113.37761878967285,-1.9195874599772509],[113.37624549865723,-1.919759025013164],[113.37564468383789,-1.918643851972007],[113.37701797485352,-1.9180433738794136],[113.37839126586914,-1.9164135037087675],[113.37967872619629,-1.914097369745292],[113.38165283203125,-1.9121243642712074],[113.38259696960449,-1.909808224516226],[113.38311195373535,-1.910751837386087],[113.38233947753906,-1.9129821930170436],[113.38500022888184,-1.9123817129399896],[113.38517189025879,-1.9117812326527996],[113.3840560913086,-1.911009186260614],[113.38371276855469,-1.9093793094040592],[113.38920593261719,-1.9104944884729775],[113.39718818664551,-1.914526283678427],[113.39667320251465,-1.9151267630044657],[113.39186668395996,-1.914097369745292],[113.38791847229004,-1.9146120664521646],[113.38577270507812,-1.9141831525405024],[113.3843994140625,-1.9144405009003833],[113.38251113891602,-1.9156414594021811],[113.38096618652344,-1.9183865042438413],[113.38053703308105,-1.9207026324028504],[113.38070869445801,-1.923276104452441],[113.3818244934082,-1.9253348792976936]]]}},{"type":"Feature","id":"pmtiles:10/834/517:landuse:6015868900:8","properties":{"class":"residential","kind":"green","verification":"verified","source":"OpenMapTiles/OpenStreetMap national PMTiles","sourceId":"10/834/517:landuse:6015868900:8","sourceLayer":"landuse","archive":"https://its.hanifahseptiani45.workers.dev/v1/map/archive/indonesia.pmtiles","updatedAt":"2026-07-26T09:42:31.541Z"},"geometry":{"type":"Polygon","coordinates":[[[113.44147682189941,-2.114388093041839],[113.44388008117676,-2.0869407308811105],[113.45598220825195,-2.0889992997416442],[113.45752716064453,-2.0943172568047004],[113.4543514251709,-2.099120557348499],[113.45383644104004,-2.1057250714902267],[113.46173286437988,-2.10606816236988],[113.4613037109375,-2.114388093041839],[113.44147682189941,-2.114388093041839]]]}},{"type":"Feature","id":"pmtiles:10/834/517:park:5419774752:0","properties":{"name":"Taman Nasional Sebangau","name_int":"Sebangau National Park","class":"national_park","name:latin":"Taman Nasional Sebangau","name_de":"Taman Nasional Sebangau","name_en":"Sebangau National Park","kind":"green","verification":"verified","source":"OpenMapTiles/OpenStreetMap national PMTiles","sourceId":"10/834/517:park:5419774752:0","sourceLayer":"park","archive":"https://its.hanifahseptiani45.workers.dev/v1/map/archive/indonesia.pmtiles","updatedAt":"2026-07-26T09:42:31.541Z"},"geometry":{"type":"Polygon","coordinates":[[[113.53571891784668,-2.114388093041839],[113.52928161621094,-2.065154045758362],[113.51709365844727,-2.050400687576868],[113.52018356323242,-2.046626550807673],[113.51606369018555,-2.0311868080514444],[113.50404739379883,-2.032044575419434],[113.49924087524414,-2.025868640212053],[113.4994125366211,-2.0190064623667183],[113.49443435668945,-2.0071691375430447],[113.49288940429688,-2.0001353241941615],[113.49529266357422,-1.9906996735803375],[113.53340148925781,-1.9889840949311406],[113.5601806640625,-1.9900992212561448],[113.5601806640625,-2.114388093041839],[113.53571891784668,-2.114388093041839]]]}},{"type":"Feature","id":"pmtiles:10/834/517:transportation:5124267000:0","properties":{"class":"secondary","highway":"secondary","kind":"road","verification":"verified","source":"OpenMapTiles/OpenStreetMap national PMTiles","sourceId":"10/834/517:transportation:5124267000:0","sourceLayer":"transportation","archive":"https://its.hanifahseptiani45.workers.dev/v1/map/archive/indonesia.pmtiles","updatedAt":"2026-07-26T09:42:31.541Z"},"geometry":{"type":"LineString","coordinates":[[113.41341018676758,-1.8875902813945657],[113.41650009155273,-1.8851025402955486],[113.41684341430664,-1.8843304819900197],[113.4184741973877,-1.8833010703835669],[113.42130661010742,-1.880984892046044],[113.42225074768066,-1.8795265559594299],[113.42370986938477,-1.8760951721289132],[113.42516899108887,-1.870347589138575],[113.42851638793945,-1.8629700669680602],[113.43006134033203,-1.855935656585686],[113.43160629272461,-1.8512174388132223],[113.43212127685547,-1.850445365617631],[113.433837890625,-1.849501720144346],[113.4341812133789,-1.8486438601876927],[113.4341812133789,-1.8458129193904114],[113.43366622924805,-1.842981974085447],[113.43323707580566,-1.8372342834160236],[113.433837890625,-1.829341901926412],[113.43332290649414,-1.820248462820956],[113.43461036682129,-1.8139001856793158],[113.4341812133789,-1.8124417945380316],[113.43358039855957,-1.8114981290558916],[113.42705726623535,-1.8048066688239857],[113.42508316040039,-1.802147235478273],[113.42388153076172,-1.8010319880803252],[113.42225074768066,-1.800345681649972],[113.41667175292969,-1.796399414663938],[113.40946197509766,-1.7926247165264186],[113.40731620788574,-1.7918526182207728],[113.40431213378906,-1.7911663083424827],[113.39083671569824,-1.7865337099446634],[113.3847427368164,-1.784131617285098],[113.38156700134277,-1.7833595154067012],[113.37839126586914,-1.7821584673964566],[113.37178230285645,-1.7807858401398278],[113.3704948425293,-1.7808716293733369],[113.36688995361328,-1.7827589914995343],[113.36465835571289,-1.7819010998637452],[113.36483001708984,-1.7803568939124403],[113.36457252502441,-1.7796705797409942],[113.36362838745117,-1.7785553186676424],[113.36362838745117,-1.777354267527116],[113.36448669433594,-1.7752095314047693],[113.36440086364746,-1.7747805838816078],[113.36174011230469,-1.771863738086509],[113.35882186889648,-1.770491103181243],[113.35744857788086,-1.7701479442960562],[113.3540153503418,-1.7709200516983685],[113.3485221862793,-1.7705768928926062],[113.34637641906738,-1.7692042570343602],[113.34114074707031,-1.7644858135295465],[113.3407974243164,-1.7631989632221092],[113.34114074707031,-1.7624268526105311],[113.34053993225098,-1.7582231336679683],[113.33976745605469,-1.7573652306789853],[113.33890914916992,-1.7568504886964007],[113.34199905395508,-1.7520462233579792]]}},{"type":"Feature","id":"pmtiles:10/834/517:transportation:5124268040:0","properties":{"class":"trunk","highway":"trunk","kind":"road","verification":"verified","source":"OpenMapTiles/OpenStreetMap national PMTiles","sourceId":"10/834/517:transportation:5124268040:0","sourceLayer":"transportation","archive":"https://its.hanifahseptiani45.workers.dev/v1/map/archive/indonesia.pmtiles","updatedAt":"2026-07-26T09:42:31.541Z"},"geometry":{"type":"LineString","coordinates":[[113.37839126586914,-1.919072764766213],[113.37830543518066,-1.918901199661434],[113.37813377380371,-1.9180433738794136],[113.37890625,-1.916070372948809],[113.38079452514648,-1.91401158694579],[113.38122367858887,-1.9134968900586529],[113.38208198547363,-1.9122959300546825],[113.38482856750488,-1.905175935643996],[113.38465690612793,-1.903374486605415],[113.38500022888184,-1.9011441185214153],[113.38663101196289,-1.8974554265211623],[113.38783264160156,-1.8959971042571624]]}},{"type":"Feature","id":"pmtiles:10/834/517:transportation:5124268040:1","properties":{"class":"trunk","highway":"trunk","kind":"road","verification":"verified","source":"OpenMapTiles/OpenStreetMap national PMTiles","sourceId":"10/834/517:transportation:5124268040:1","sourceLayer":"transportation","archive":"https://its.hanifahseptiani45.workers.dev/v1/map/archive/indonesia.pmtiles","updatedAt":"2026-07-26T09:42:31.541Z"},"geometry":{"type":"LineString","coordinates":[[113.37839126586914,-1.9191585473121506],[113.37821960449219,-1.919072764766213]]}},{"type":"Feature","id":"pmtiles:10/834/517:transportation:5124268040:2","properties":{"class":"trunk","highway":"trunk","kind":"road","verification":"verified","source":"OpenMapTiles/OpenStreetMap national PMTiles","sourceId":"10/834/517:transportation:5124268040:2","sourceLayer":"transportation","archive":"https://its.hanifahseptiani45.workers.dev/v1/map/archive/indonesia.pmtiles","updatedAt":"2026-07-26T09:42:31.541Z"},"geometry":{"type":"LineString","coordinates":[[113.37830543518066,-1.9191585473121506],[113.37796211242676,-1.9192443298537682],[113.37118148803711,-1.9203595025032598],[113.36817741394043,-1.9196732424973675],[113.36731910705566,-1.919759025013164],[113.36483001708984,-1.9226756279878572],[113.36148262023926,-1.9284230369019895],[113.35744857788086,-1.932969480951357],[113.35598945617676,-1.9356287161687789],[113.35513114929199,-1.9364865330913403],[113.35315704345703,-1.93725856795038],[113.35221290588379,-1.9374301312046214],[113.35135459899902,-1.93725856795038],[113.34234237670898,-1.9311680611790365],[113.3415699005127,-1.9302244595836413],[113.34139823913574,-1.9287661651788994],[113.3419132232666,-1.9261069192236846],[113.3430290222168,-1.9228471927135757],[113.34234237670898,-1.9206168499344187],[113.34277153015137,-1.9170997650223995],[113.34380149841309,-1.9157272421200986],[113.34397315979004,-1.9150409802564923],[113.34423065185547,-1.9117812326527996],[113.34388732910156,-1.9106660544193375],[113.34199905395508,-1.9082641296115668],[113.33976745605469,-1.9066342501525213],[113.33976745605469,-1.9052617188845602],[113.33908081054688,-1.904489669565649],[113.33805084228516,-1.9039749698275017],[113.33195686340332,-1.9020019527411165],[113.32852363586426,-1.901744602519969],[113.3268928527832,-1.9021735195338891],[113.32371711730957,-1.9046612361108544],[113.32217216491699,-1.9052617188845602],[113.31985473632812,-1.905004369150035],[113.31762313842773,-1.9038034032139706],[113.31667900085449,-1.9023450863095803],[113.31650733947754,-1.8997715828832185],[113.31908226013184,-1.8939382942634495],[113.31925392150879,-1.8923084012833726],[113.31667900085449,-1.8887912585823727],[113.31521987915039,-1.8876760655069234],[113.31376075744629,-1.8873329290320981],[113.30552101135254,-1.8915363461791088],[113.30328941345215,-1.8923084012833726],[113.30140113830566,-1.8939382942634495],[113.29582214355469,-1.8935951590265887],[113.29324722290039,-1.8945387807644352],[113.2829475402832,-1.902430869691031],[113.28054428100586,-1.9037176199007888],[113.2774543762207,-1.9038034032139706],[113.27136039733887,-1.903460269935664],[113.26732635498047,-1.9046612361108544],[113.26415061950684,-1.9050901523991541],[113.26286315917969,-1.9055190685806451],[113.25985908508301,-1.908693045001968],[113.25874328613281,-1.9120385813730252],[113.25797080993652,-1.9129821930170436],[113.25676918029785,-1.9136684557048653],[113.25410842895508,-1.913840021333911],[113.25282096862793,-1.9151267630044657],[113.25119018554688,-1.9177002434461485],[113.25041770935059,-1.9183865042438413],[113.24955940246582,-1.9185580694002482],[113.24715614318848,-1.9183865042438413],[113.2444953918457,-1.9188154171025928],[113.24389457702637,-1.9191585473121506],[113.24277877807617,-1.9207026324028504],[113.24226379394531,-1.9210457622335468],[113.2404613494873,-1.9206168499344187],[113.23505401611328,-1.9207884148669905],[113.23393821716309,-1.9212173271230455],[113.23007583618164,-1.9239623630103466],[113.2265567779541,-1.9261069192236846],[113.22329521179199,-1.9293666394969904],[113.21788787841797,-1.9334841719638547],[113.2155704498291,-1.9355429344526556],[113.214111328125,-1.9361434063744127],[113.21196556091309,-1.9360576246843237],[113.21145057678223,-1.9358002795880225],[113.21033477783203,-1.933569953784101],[113.20956230163574,-1.9325405716550677],[113.20621490478516,-1.9299671136030838],[113.20338249206543,-1.9270505231025368],[113.1976318359375,-1.9246486212921212]]}},{"type":"Feature","id":"pmtiles:10/834/517:transportation:5124268040:3","properties":{"class":"trunk","highway":"trunk","kind":"road","verification":"verified","source":"OpenMapTiles/OpenStreetMap national PMTiles","sourceId":"10/834/517:transportation:5124268040:3","sourceLayer":"transportation","archive":"https://its.hanifahseptiani45.workers.dev/v1/map/archive/indonesia.pmtiles","updatedAt":"2026-07-26T09:42:31.541Z"},"geometry":{"type":"LineString","coordinates":[[113.37796211242676,-1.9192443298537682],[113.37821960449219,-1.919072764766213],[113.37830543518066,-1.918901199661434]]}},{"type":"Feature","id":"pmtiles:10/834/517:transportation:5124268040:4","properties":{"class":"trunk","highway":"trunk","kind":"road","verification":"verified","source":"OpenMapTiles/OpenStreetMap national PMTiles","sourceId":"10/834/517:transportation:5124268040:4","sourceLayer":"transportation","archive":"https://its.hanifahseptiani45.workers.dev/v1/map/archive/indonesia.pmtiles","updatedAt":"2026-07-26T09:42:31.541Z"},"geometry":{"type":"LineString","coordinates":[[113.38105201721191,-1.913840021333911],[113.38079452514648,-1.91401158694579]]}},{"type":"Feature","id":"pmtiles:10/834/517:transportation:5124268040:5","properties":{"class":"trunk","highway":"trunk","kind":"road","verification":"verified","source":"OpenMapTiles/OpenStreetMap national PMTiles","sourceId":"10/834/517:transportation:5124268040:5","sourceLayer":"transportation","archive":"https://its.hanifahseptiani45.workers.dev/v1/map/archive/indonesia.pmtiles","updatedAt":"2026-07-26T09:42:31.541Z"},"geometry":{"type":"LineString","coordinates":[[113.38122367858887,-1.9134968900586529],[113.38113784790039,-1.913754238521534]]}},{"type":"Feature","id":"pmtiles:10/834/517:transportation:5124268040:6","properties":{"class":"trunk","highway":"trunk","kind":"road","verification":"verified","source":"OpenMapTiles/OpenStreetMap national PMTiles","sourceId":"10/834/517:transportation:5124268040:6","sourceLayer":"transportation","archive":"https://its.hanifahseptiani45.workers.dev/v1/map/archive/indonesia.pmtiles","updatedAt":"2026-07-26T09:42:31.541Z"},"geometry":{"type":"LineString","coordinates":[[113.38800430297852,-1.8959971042571624],[113.38783264160156,-1.8958255368511772],[113.38800430297852,-1.8959971042571624]]}},{"type":"Feature","id":"pmtiles:10/834/517:transportation:5124268040:7","properties":{"class":"trunk","highway":"trunk","kind":"road","verification":"verified","source":"OpenMapTiles/OpenStreetMap national PMTiles","sourceId":"10/834/517:transportation:5124268040:7","sourceLayer":"transportation","archive":"https://its.hanifahseptiani45.workers.dev/v1/map/archive/indonesia.pmtiles","updatedAt":"2026-07-26T09:42:31.541Z"},"geometry":{"type":"LineString","coordinates":[[113.38800430297852,-1.8958255368511772],[113.38946342468262,-1.8945387807644352],[113.39006423950195,-1.8930804560439043],[113.39821815490723,-1.886646655879261],[113.4092903137207,-1.8838157762628356],[113.41092109680176,-1.8842446977127167],[113.4162425994873,-1.8914505622574183],[113.41830253601074,-1.8965975900441379],[113.41898918151855,-1.8971122919814007],[113.44147682189941,-1.8965975900441379],[113.45229148864746,-1.8967691573735692],[113.4587287902832,-1.8965118063730415],[113.4642219543457,-1.8957397531418252],[113.4671401977539,-1.8958255368511772],[113.46851348876953,-1.8948819158143948],[113.46877098083496,-1.8926515367749488],[113.4711742401123,-1.888962826684292],[113.47237586975098,-1.8877618496150603],[113.47323417663574,-1.8873329290320981],[113.48937034606934,-1.8835584233422225],[113.54086875915527,-1.9022593029238664],[113.5601806640625,-1.9100655735321368]]}},{"type":"Feature","id":"pmtiles:10/834/517:transportation_name:5124268040:0","properties":{"name":"Jalan Trans Kalimantan","name_int":"Jalan Trans Kalimantan","class":"trunk","name:latin":"Jalan Trans Kalimantan","name_de":"Jalan Trans Kalimantan","name_en":"Jalan Trans Kalimantan","highway":"trunk","kind":"road","verification":"verified","source":"OpenMapTiles/OpenStreetMap national PMTiles","sourceId":"10/834/517:transportation_name:5124268040:0","sourceLayer":"transportation_name","archive":"https://its.hanifahseptiani45.workers.dev/v1/map/archive/indonesia.pmtiles","updatedAt":"2026-07-26T09:42:31.541Z"},"geometry":{"type":"LineString","coordinates":[[113.1895637512207,-1.9236192337659048],[113.1924819946289,-1.9231903221132995],[113.19411277770996,-1.9233618867872906],[113.1990909576416,-1.925163314822214],[113.20338249206543,-1.9270505231025368],[113.20621490478516,-1.9299671136030838],[113.20956230163574,-1.9325405716550677],[113.21033477783203,-1.933569953784101],[113.21145057678223,-1.9358002795880225],[113.21196556091309,-1.9360576246843237],[113.214111328125,-1.9361434063744127],[113.2155704498291,-1.9355429344526556],[113.21788787841797,-1.9334841719638547],[113.22329521179199,-1.9293666394969904],[113.2265567779541,-1.9261069192236846],[113.23007583618164,-1.9239623630103466],[113.23393821716309,-1.9212173271230455],[113.23505401611328,-1.9207884148669905],[113.2404613494873,-1.9206168499344187],[113.24226379394531,-1.9210457622335468],[113.24277877807617,-1.9207026324028504],[113.24389457702637,-1.9191585473121506],[113.2444953918457,-1.9188154171025928],[113.24715614318848,-1.9183865042438413],[113.24955940246582,-1.9185580694002482],[113.25041770935059,-1.9183865042438413],[113.25119018554688,-1.9177002434461485],[113.25282096862793,-1.9151267630044657],[113.25410842895508,-1.913840021333911],[113.25676918029785,-1.9136684557048653],[113.25797080993652,-1.9129821930170436],[113.25874328613281,-1.9120385813730252],[113.25985908508301,-1.908693045001968],[113.26286315917969,-1.9055190685806451],[113.26415061950684,-1.9050901523991541],[113.26732635498047,-1.9046612361108544],[113.27136039733887,-1.903460269935664],[113.2774543762207,-1.9038034032139706],[113.28054428100586,-1.9037176199007888],[113.2829475402832,-1.902430869691031],[113.29324722290039,-1.8945387807644352],[113.29582214355469,-1.8935951590265887],[113.30140113830566,-1.8939382942634495],[113.30328941345215,-1.8923084012833726],[113.30552101135254,-1.8915363461791088],[113.31376075744629,-1.8873329290320981],[113.31521987915039,-1.8876760655069234],[113.31667900085449,-1.8887912585823727],[113.31925392150879,-1.8923084012833726],[113.31908226013184,-1.8939382942634495],[113.31650733947754,-1.8997715828832185],[113.31667900085449,-1.9023450863095803],[113.31762313842773,-1.9038034032139706],[113.31985473632812,-1.905004369150035],[113.32217216491699,-1.9052617188845602],[113.32371711730957,-1.9046612361108544],[113.3268928527832,-1.9021735195338891],[113.32852363586426,-1.901744602519969],[113.33195686340332,-1.9020019527411165],[113.33805084228516,-1.9039749698275017],[113.33908081054688,-1.904489669565649],[113.33976745605469,-1.9052617188845602],[113.33976745605469,-1.9066342501525213],[113.34199905395508,-1.9082641296115668],[113.34388732910156,-1.9106660544193375],[113.34423065185547,-1.9117812326527996],[113.34397315979004,-1.9150409802564923],[113.34380149841309,-1.9157272421200986],[113.34277153015137,-1.9170997650223995],[113.34234237670898,-1.9206168499344187],[113.3430290222168,-1.9228471927135757],[113.3419132232666,-1.9261069192236846],[113.34139823913574,-1.9287661651788994],[113.3415699005127,-1.9302244595836413],[113.34234237670898,-1.9311680611790365],[113.35135459899902,-1.93725856795038],[113.35221290588379,-1.9374301312046214],[113.35315704345703,-1.93725856795038],[113.35513114929199,-1.9364865330913403],[113.35598945617676,-1.9356287161687789],[113.35744857788086,-1.932969480951357],[113.36148262023926,-1.9284230369019895],[113.36483001708984,-1.9226756279878572],[113.36731910705566,-1.919759025013164],[113.36817741394043,-1.9196732424973675],[113.37118148803711,-1.9203595025032598],[113.37821960449219,-1.919072764766213],[113.37813377380371,-1.9180433738794136],[113.37890625,-1.916070372948809],[113.38105201721191,-1.913754238521534],[113.38208198547363,-1.9122959300546825],[113.38319778442383,-1.909293526368785]]}},{"type":"Feature","id":"pmtiles:10/834/517:transportation_name:6114595520:0","properties":{"name":"Jalan Tjilik Riwut","name_int":"Jalan Tjilik Riwut","class":"trunk","name:latin":"Jalan Tjilik Riwut","name_de":"Jalan Tjilik Riwut","name_en":"Jalan Tjilik Riwut","highway":"trunk","kind":"road","verification":"verified","source":"OpenMapTiles/OpenStreetMap national PMTiles","sourceId":"10/834/517:transportation_name:6114595520:0","sourceLayer":"transportation_name","archive":"https://its.hanifahseptiani45.workers.dev/v1/map/archive/indonesia.pmtiles","updatedAt":"2026-07-26T09:42:31.541Z"},"geometry":{"type":"LineString","coordinates":[[113.38800430297852,-1.8958255368511772],[113.38946342468262,-1.8945387807644352],[113.39006423950195,-1.8930804560439043],[113.39821815490723,-1.886646655879261],[113.4092903137207,-1.8838157762628356],[113.41092109680176,-1.8842446977127167],[113.4162425994873,-1.8914505622574183],[113.41830253601074,-1.8965975900441379],[113.41898918151855,-1.8971122919814007],[113.44147682189941,-1.8965975900441379],[113.45229148864746,-1.8967691573735692],[113.4587287902832,-1.8965118063730415],[113.4642219543457,-1.8957397531418252],[113.4671401977539,-1.8958255368511772],[113.46851348876953,-1.8948819158143948],[113.46877098083496,-1.8926515367749488],[113.4711742401123,-1.888962826684292],[113.47237586975098,-1.8877618496150603],[113.47323417663574,-1.8873329290320981],[113.48937034606934,-1.8835584233422225],[113.54086875915527,-1.9022593029238664],[113.57193946838379,-1.9146978492216107]]}},{"type":"Feature","id":"pmtiles:10/834/517:water:177323633:0","properties":{"intermittent":0,"class":"river","id":17732363,"water":"river","kind":"waterway","verification":"verified","source":"OpenMapTiles/OpenStreetMap national PMTiles","sourceId":"10/834/517:water:177323633:0","sourceLayer":"water","archive":"https://its.hanifahseptiani45.workers.dev/v1/map/archive/indonesia.pmtiles","updatedAt":"2026-07-26T09:42:31.541Z"},"geometry":{"type":"Polygon","coordinates":[[[113.39735984802246,-1.9212173271230455],[113.39487075805664,-1.9216462392713964],[113.39375495910645,-1.9215604568503437],[113.39143753051758,-1.9203595025032598],[113.38937759399414,-1.9180433738794136],[113.38851928710938,-1.9175286782037233],[113.3869743347168,-1.9171855476672732],[113.38525772094727,-1.917614460827096],[113.38371276855469,-1.91872963453946],[113.38276863098145,-1.9199305900318535],[113.38233947753906,-1.9213888919953064],[113.38268280029297,-1.9237050160834883],[113.38345527648926,-1.925163314822214],[113.38448524475098,-1.9261069192236846],[113.38963508605957,-1.9287661651788994],[113.39126586914062,-1.9293666394969904],[113.39255332946777,-1.9305675874971229],[113.39384078979492,-1.9327121353865948],[113.39435577392578,-1.934084644614515],[113.39341163635254,-1.9359718429899004],[113.3910083770752,-1.9383737287922145],[113.39195251464844,-1.934685117052652],[113.39118003845215,-1.93219744414003],[113.39015007019043,-1.9309107153413265],[113.38791847229004,-1.9292808574645193],[113.38319778442383,-1.9264500479673927],[113.38216781616211,-1.9255064437559213],[113.38130950927734,-1.9241339276066753],[113.38088035583496,-1.9226756279878572],[113.38062286376953,-1.9207884148669905],[113.38096618652344,-1.9185580694002482],[113.38251113891602,-1.9158988075430443],[113.3829402923584,-1.915469893953457],[113.3843994140625,-1.914526283678427],[113.3858585357666,-1.914268935331421],[113.38723182678223,-1.9143547181180338],[113.38972091674805,-1.916070372948809],[113.39075088500977,-1.9181291564769651],[113.39160919189453,-1.919072764766213],[113.39289665222168,-1.9201021550333337],[113.39435577392578,-1.9202737200175903],[113.39598655700684,-1.9196732424973675],[113.39718818664551,-1.918643851972007],[113.39735984802246,-1.9212173271230455]],[[113.38276863098145,-1.916241938337393],[113.38156700134277,-1.9184722868241977],[113.38113784790039,-1.9212173271230455],[113.38173866271973,-1.9239623630103466],[113.38302612304688,-1.9257637904108549],[113.38414192199707,-1.9265358301424982],[113.38302612304688,-1.9254206615289604],[113.38216781616211,-1.9239623630103466],[113.3814811706543,-1.9215604568503437],[113.38156700134277,-1.9203595025032598],[113.3818244934082,-1.9192443298537682],[113.38482856750488,-1.9169281997197913],[113.38611602783203,-1.9164992863880173],[113.38748931884766,-1.9164992863880173],[113.38748931884766,-1.916327721025226],[113.3869743347168,-1.915555676679972],[113.38594436645508,-1.9146978492216107],[113.3855152130127,-1.9146978492216107],[113.38422775268555,-1.9150409802564923],[113.38276863098145,-1.916241938337393]]]}},{"type":"Feature","id":"pmtiles:10/834/517:water:2556596712:0","properties":{"intermittent":0,"class":"lake","id":255659671,"water":"lake","kind":"waterway","verification":"verified","source":"OpenMapTiles/OpenStreetMap national PMTiles","sourceId":"10/834/517:water:2556596712:0","sourceLayer":"water","archive":"https://its.hanifahseptiani45.workers.dev/v1/map/archive/indonesia.pmtiles","updatedAt":"2026-07-26T09:42:31.542Z"},"geometry":{"type":"Polygon","coordinates":[[[113.40293884277344,-1.9303960235490365],[113.40319633483887,-1.9295382035489297],[113.40371131896973,-1.9294524215251272],[113.40422630310059,-1.9285088189777042],[113.4074878692627,-1.9307391514278862],[113.40877532958984,-1.9336557356000128],[113.40851783752441,-1.9363149697415736],[113.40723037719727,-1.938716855057308],[113.40559959411621,-1.9401751409078543],[113.40319633483887,-1.941204518398365],[113.40079307556152,-1.941204518398365],[113.39838981628418,-1.9403467038664672],[113.3968448638916,-1.938459510365007],[113.39590072631836,-1.9367438780834476],[113.39641571044922,-1.9339130810217284],[113.39632987976074,-1.9333126083103735],[113.39667320251465,-1.9332268264771102],[113.39675903320312,-1.933569953784101],[113.39701652526855,-1.933569953784101],[113.39693069458008,-1.9323690079062033],[113.3965015411377,-1.9321116622504348],[113.39667320251465,-1.9318543165556719],[113.39710235595703,-1.9324547897828097],[113.39787483215332,-1.936829659738791],[113.39856147766113,-1.9381163840477456],[113.40019226074219,-1.9393173258538638],[113.40302467346191,-1.9395746704157375],[113.40534210205078,-1.938459510365007],[113.40628623962402,-1.9370870046787871],[113.4067153930664,-1.9351140258068966],[113.40628623962402,-1.9332268264771102],[113.40542793273926,-1.9320258803565196],[113.40293884277344,-1.9303960235490365]]]}},{"type":"Feature","id":"pmtiles:10/834/517:water:6015868962:0","properties":{"intermittent":0,"class":"river","id":601586896,"water":"river","kind":"waterway","verification":"verified","source":"OpenMapTiles/OpenStreetMap national PMTiles","sourceId":"10/834/517:water:6015868962:0","sourceLayer":"water","archive":"https://its.hanifahseptiani45.workers.dev/v1/map/archive/indonesia.pmtiles","updatedAt":"2026-07-26T09:42:31.542Z"},"geometry":{"type":"Polygon","coordinates":[[[113.29462051391602,-1.8154443632534196],[113.2924747467041,-1.8157017260542148],[113.2884407043457,-1.8165596017921928],[113.28509330749512,-1.8162164515458699],[113.28329086303711,-1.8151870004159747],[113.28234672546387,-1.8140717610304335],[113.28234672546387,-1.8122702190323992],[113.28277587890625,-1.810897614402208],[113.28492164611816,-1.8066940062583683],[113.28758239746094,-1.8036914230554544],[113.29084396362305,-1.7991446447751542],[113.2939338684082,-1.7968283571409103],[113.29874038696289,-1.7949410094890368],[113.3086109161377,-1.7946836437491385],[113.31195831298828,-1.7938257576879266],[113.31453323364258,-1.792195773063483],[113.3155632019043,-1.790394209422118],[113.31624984741211,-1.7871342326189108],[113.31599235534668,-1.7848179297938174],[113.31530570983887,-1.7832737262890959],[113.31401824951172,-1.7819010998637452],[113.31221580505371,-1.781043207828347],[113.30689430236816,-1.7818153106781836],[113.29865455627441,-1.7837884609347014],[113.29590797424316,-1.783702671837105],[113.29410552978516,-1.7833595154067012],[113.2895565032959,-1.7812147862673982],[113.28689575195312,-1.7804426831659015],[113.28303337097168,-1.7783837399811375],[113.28028678894043,-1.7753811103861636],[113.27985763549805,-1.7745232153199595],[113.27960014343262,-1.774351636258956],[113.27925682067871,-1.774351636258956],[113.27865600585938,-1.7750379524074447],[113.27814102172852,-1.7746947943650326],[113.27779769897461,-1.774094267637608],[113.2774543762207,-1.7725500551577227],[113.27779769897461,-1.7715205794555402],[113.27814102172852,-1.7716921587789614],[113.27848434448242,-1.7715205794555402],[113.27942848205566,-1.7726358447737312],[113.27985763549805,-1.7727216343857748],[113.27994346618652,-1.7738368989804485],[113.28071594238281,-1.7746947943650326],[113.2811450958252,-1.7748663733942038],[113.28140258789062,-1.7746090048444927],[113.28166007995605,-1.7752095314047693],[113.2814884185791,-1.7736653198557804],[113.28097343444824,-1.7716921587789614],[113.28080177307129,-1.7699763648296596],[113.28105926513672,-1.7688610979110706],[113.28080177307129,-1.7678316201603792],[113.28045845031738,-1.7672310912088136],[113.2741928100586,-1.7646573935032706],[113.27264785766602,-1.7633705433145082],[113.27118873596191,-1.7616547416788109],[113.26972961425781,-1.7588236655256395],[113.2693862915039,-1.7556494235188609],[113.27024459838867,-1.753762033823719],[113.27058792114258,-1.7520462233579792],[113.27333450317383,-1.7520462233579792],[113.27350616455078,-1.755392052308963],[113.27316284179688,-1.75839471421844],[113.27333450317383,-1.7596815678441686],[113.27393531799316,-1.7609684205819462],[113.27462196350098,-1.7615689515555175],[113.27702522277832,-1.7622552724311475],[113.27874183654785,-1.7635421233911046],[113.28234672546387,-1.7655152931344702],[113.28363418579102,-1.7679174099947375],[113.28423500061035,-1.7713490001162029],[113.28423500061035,-1.772893213597925],[113.28363418579102,-1.7755526893516276],[113.28389167785645,-1.7765821628099019],[113.28912734985352,-1.77889847599279],[113.29573631286621,-1.7812147862673982],[113.29839706420898,-1.7811289970498763],[113.30818176269531,-1.7785553186676424],[113.31221580505371,-1.7785553186676424],[113.31530570983887,-1.778812686667493],[113.31607818603516,-1.7791558439447783],[113.31719398498535,-1.7802711046549717],[113.31856727600098,-1.7825016240507665],[113.31925392150879,-1.7844747735714606],[113.31925392150879,-1.7870484436774632],[113.31830978393555,-1.7899652654369334],[113.3184814453125,-1.7928820825559626],[113.31676483154297,-1.7924531391533094],[113.31376075744629,-1.7942547007688319],[113.30998420715332,-1.7959704720862533],[113.30629348754883,-1.7964852031673928],[113.30080032348633,-1.796227837644949],[113.29771041870117,-1.7969141456242141],[113.29290390014648,-1.799402009886336],[113.29092979431152,-1.8025761766033241],[113.28947067260742,-1.8046350925964134],[113.2840633392334,-1.810897614402208],[113.28329086303711,-1.8122702190323992],[113.28320503234863,-1.8141575486998818],[113.28457832336426,-1.8151870004159747],[113.2855224609375,-1.8155301508577537],[113.28818321228027,-1.8157875136463417],[113.291015625,-1.8151870004159747],[113.29590797424316,-1.8137286103119266],[113.30328941345215,-1.8125275822847442],[113.30792427062988,-1.8107260387503317],[113.3100700378418,-1.8093534329506156],[113.31513404846191,-1.805235609322068],[113.31719398498535,-1.8045493044765664],[113.31933975219727,-1.8047208807122246],[113.32277297973633,-1.806265066104487],[113.32277297973633,-1.808667129661174],[113.32200050354004,-1.8075518862622175],[113.32045555114746,-1.806608218235695],[113.31839561462402,-1.8060934900145895],[113.31659317016602,-1.8063508541433748],[113.31470489501953,-1.8070371583085318],[113.30886840820312,-1.8114123412604073],[113.30260276794434,-1.8142433363652657],[113.29848289489746,-1.815272788032516],[113.29462051391602,-1.8154443632534196]]]}},{"type":"Feature","id":"pmtiles:10/834/517:water:6015992162:0","properties":{"intermittent":0,"class":"river","id":601599216,"water":"river","kind":"waterway","verification":"verified","source":"OpenMapTiles/OpenStreetMap national PMTiles","sourceId":"10/834/517:water:6015992162:0","sourceLayer":"water","archive":"https://its.hanifahseptiani45.workers.dev/v1/map/archive/indonesia.pmtiles","updatedAt":"2026-07-26T09:42:31.542Z"},"geometry":{"type":"Polygon","coordinates":[[[113.25985908508301,-1.900543634313948],[113.26071739196777,-1.9002862838753742],[113.26200485229492,-1.9003720673591715],[113.26217651367188,-1.8997715828832185],[113.26251983642578,-1.899943149897652],[113.26226234436035,-1.9002862838753742],[113.26269149780273,-1.9002005003873421],[113.26312065124512,-1.8993426652725844],[113.26251983642578,-1.8985706133051252],[113.26286315917969,-1.8983990461544238],[113.2635498046875,-1.8990853146550961],[113.26586723327637,-1.8982274789866693],[113.26638221740723,-1.8982274789866693],[113.26724052429199,-1.897626993765499],[113.2686996459961,-1.897626993765499],[113.26930046081543,-1.897369642892599],[113.26990127563477,-1.897369642892599],[113.26981544494629,-1.8968549410319042],[113.27024459838867,-1.8971980756227254],[113.27316284179688,-1.8968549410319042],[113.27402114868164,-1.8958255368511772],[113.27410697937012,-1.8950534833138732],[113.27462196350098,-1.894195645646505],[113.27573776245117,-1.89376672665351],[113.2759952545166,-1.8930804560439043],[113.27642440795898,-1.8926515367749488],[113.27762603759766,-1.8929088883490692],[113.27762603759766,-1.8923084012833726],[113.27865600585938,-1.892051049620136],[113.27917098999023,-1.8906785067714083],[113.2789134979248,-1.8902495869085527],[113.27874183654785,-1.8875044972779875],[113.27977180480957,-1.8871613607692694],[113.28071594238281,-1.8863035192013058],[113.28071594238281,-1.8857030298520243],[113.2829475402832,-1.8855314614284566],[113.28354835510254,-1.8851025402955486],[113.28389167785645,-1.8854456772103276],[113.28638076782227,-1.8827863643522704],[113.28869819641113,-1.8824432269136366],[113.28947067260742,-1.88124224534657],[113.29007148742676,-1.881156460917282],[113.28878402709961,-1.8828721487013809],[113.28775405883789,-1.8829579330462707],[113.2855224609375,-1.8843304819900197],[113.28397750854492,-1.8859603824556643],[113.28208923339844,-1.8862177350212335],[113.28028678894043,-1.8893917468649875],[113.2814884185791,-1.8905069388389961],[113.28123092651367,-1.8915363461791088],[113.28088760375977,-1.8917936979187004],[113.28045845031738,-1.8925657529084106],[113.28088760375977,-1.8929088883490692],[113.28054428100586,-1.8932520237217858],[113.28054428100586,-1.89376672665351],[113.28028678894043,-1.89333780755436],[113.27908515930176,-1.89565396942821],[113.2789134979248,-1.8955681857103457],[113.27822685241699,-1.8959971042571624],[113.27728271484375,-1.8953108345312444],[113.27676773071289,-1.896168671646123],[113.27616691589355,-1.8966833737109852],[113.27573776245117,-1.8966833737109852],[113.27573776245117,-1.8971122919814007],[113.27462196350098,-1.8980559118019187],[113.27436447143555,-1.8977985609928396],[113.27410697937012,-1.8983132625726853],[113.27281951904297,-1.8990853146550961],[113.27084541320801,-1.898484829731899],[113.2661247253418,-1.8996857993696068],[113.26655387878418,-1.9002005003873421],[113.26775550842285,-1.9001147168950325],[113.2675838470459,-1.9006294177849412],[113.26518058776855,-1.900543634313948],[113.26475143432617,-1.9008009847141523],[113.26423645019531,-1.9008009847141523],[113.26234817504883,-1.9019161693383353],[113.26020240783691,-1.901658819104398],[113.25985908508301,-1.900543634313948]]]}},{"type":"Feature","id":"pmtiles:10/834/517:water:6016003092:0","properties":{"intermittent":0,"class":"river","id":601600309,"water":"river","kind":"waterway","verification":"verified","source":"OpenMapTiles/OpenStreetMap national PMTiles","sourceId":"10/834/517:water:6016003092:0","sourceLayer":"water","archive":"https://its.hanifahseptiani45.workers.dev/v1/map/archive/indonesia.pmtiles","updatedAt":"2026-07-26T09:42:31.542Z"},"geometry":{"type":"Polygon","coordinates":[[[113.3184814453125,-1.8901638029232686],[113.31796646118164,-1.8902495869085527],[113.31762313842773,-1.8893917468649875],[113.31788063049316,-1.8875902813945657],[113.31685066223145,-1.8871613607692694],[113.31650733947754,-1.8865608717161138],[113.31650733947754,-1.8846736190569686],[113.3159065246582,-1.8845878347965623],[113.31281661987305,-1.885617245642365],[113.31247329711914,-1.8857888140574772],[113.31281661987305,-1.8859603824556643],[113.3126449584961,-1.8862177350212335],[113.3118724822998,-1.8863893033771433],[113.31135749816895,-1.8875044972779875],[113.31092834472656,-1.888019201914048],[113.31049919128418,-1.888019201914048],[113.31015586853027,-1.8876760655069234],[113.30998420715332,-1.8859603824556643],[113.30809593200684,-1.88475940331314],[113.30766677856445,-1.8838157762628356],[113.3071517944336,-1.8838157762628356],[113.30577850341797,-1.8851025402955486],[113.30534934997559,-1.8851883245306027],[113.30517768859863,-1.8857030298520243],[113.30569267272949,-1.8863893033771433],[113.30620765686035,-1.8876760655069234],[113.30775260925293,-1.8891343947692718],[113.30792427062988,-1.8895633149075906],[113.30766677856445,-1.8899064509419787],[113.30569267272949,-1.8911932104669091],[113.30449104309082,-1.8914505622574183],[113.30423355102539,-1.890850074686881],[113.30483436584473,-1.8901638029232686],[113.30449104309082,-1.8900780189337496],[113.3049201965332,-1.8900780189337496],[113.3049201965332,-1.8897348829332685],[113.30474853515625,-1.8893917468649875],[113.30286026000977,-1.8887054745250396],[113.30183029174805,-1.8887054745250396],[113.30002784729004,-1.8892201788054024],[113.30002784729004,-1.888962826684292],[113.30062866210938,-1.8884481223276737],[113.30286026000977,-1.8881907700921943],[113.30406188964844,-1.8886196904635],[113.30406188964844,-1.8888770426354284],[113.30534934997559,-1.8893059628373123],[113.30543518066406,-1.889820666939741],[113.3045768737793,-1.8909358586382439],[113.30483436584473,-1.891107426528265],[113.30543518066406,-1.8909358586382439],[113.30706596374512,-1.889820666939741],[113.30732345581055,-1.889820666939741],[113.3074951171875,-1.8894775308884135],[113.30740928649902,-1.8892201788054024],[113.30612182617188,-1.888019201914048],[113.30543518066406,-1.8865608717161138],[113.30483436584473,-1.8857888140574772],[113.30483436584473,-1.8851025402955486],[113.30560684204102,-1.88475940331314],[113.30698013305664,-1.8833868547073394],[113.3078384399414,-1.8834726390268912],[113.30809593200684,-1.8843304819900197],[113.30989837646484,-1.8854456772103276],[113.3104133605957,-1.887247144902787],[113.31084251403809,-1.8875044972779875],[113.3115291595459,-1.8863893033771433],[113.31247329711914,-1.885359892987978],[113.31401824951172,-1.8849309718127927],[113.31521987915039,-1.8842446977127167],[113.31659317016602,-1.8842446977127167],[113.31693649291992,-1.8851025402955486],[113.31667900085449,-1.8860461666484127],[113.3170223236084,-1.8869040083433077],[113.31805229187012,-1.8873329290320981],[113.31822395324707,-1.8877618496150603],[113.31796646118164,-1.888962826684292],[113.31805229187012,-1.8897348829332685],[113.3184814453125,-1.8901638029232686]]]}},{"type":"Feature","id":"pmtiles:10/834/517:water:6016209732:0","properties":{"intermittent":0,"class":"river","id":601620973,"water":"river","kind":"waterway","verification":"verified","source":"OpenMapTiles/OpenStreetMap national PMTiles","sourceId":"10/834/517:water:6016209732:0","sourceLayer":"water","archive":"https://its.hanifahseptiani45.workers.dev/v1/map/archive/indonesia.pmtiles","updatedAt":"2026-07-26T09:42:31.542Z"},"geometry":{"type":"Polygon","coordinates":[[[113.3184814453125,-1.8901638029232686],[113.31830978393555,-1.889820666939741],[113.31933975219727,-1.8890486107289064],[113.3195972442627,-1.8883623382534296],[113.32062721252441,-1.8883623382534296],[113.32131385803223,-1.8888770426354284],[113.32148551940918,-1.889820666939741],[113.3210563659668,-1.8904211548664165],[113.32045555114746,-1.8940240780620456],[113.3188247680664,-1.8968549410319042],[113.31745147705078,-1.9010583350759873],[113.31770896911621,-1.9022593029238664],[113.31873893737793,-1.903374486605415],[113.32054138183594,-1.9040607531278795],[113.32191467285156,-1.9040607531278795],[113.32303047180176,-1.9037176199007888],[113.32448959350586,-1.9026882198098036],[113.3268928527832,-1.9001147168950325],[113.32826614379883,-1.8992568817376707],[113.32921028137207,-1.8971122919814007],[113.32955360412598,-1.897369642892599],[113.32886695861816,-1.8990853146550961],[113.32903861999512,-1.899514232329608],[113.32869529724121,-1.900028933398474],[113.32311630249023,-1.9044038862866302],[113.32174301147461,-1.9048328026389925],[113.32002639770508,-1.904747019377055],[113.31745147705078,-1.90311713658906],[113.31710815429688,-1.9022593029238664],[113.31676483154297,-1.9007152012516713],[113.31693649291992,-1.8996857993696068],[113.31719398498535,-1.8994284488032207],[113.31788063049316,-1.8967691573735692],[113.31951141357422,-1.8947103482979202],[113.3195972442627,-1.894109861856407],[113.32036972045898,-1.8932520237217858],[113.32062721252441,-1.8905069388389961],[113.3210563659668,-1.8893917468649875],[113.32071304321289,-1.888962826684292],[113.32028388977051,-1.8887912585823727],[113.31976890563965,-1.888962826684292],[113.31908226013184,-1.889820666939741],[113.3184814453125,-1.8901638029232686]]]}},{"type":"Feature","id":"pmtiles:10/834/517:water:6016209742:0","properties":{"intermittent":0,"class":"river","id":601620974,"water":"river","kind":"waterway","verification":"verified","source":"OpenMapTiles/OpenStreetMap national PMTiles","sourceId":"10/834/517:water:6016209742:0","sourceLayer":"water","archive":"https://its.hanifahseptiani45.workers.dev/v1/map/archive/indonesia.pmtiles","updatedAt":"2026-07-26T09:42:31.542Z"},"geometry":{"type":"Polygon","coordinates":[[[113.32921028137207,-1.8971122919814007],[113.32955360412598,-1.897026508335827],[113.32972526550293,-1.8966833737109852],[113.32938194274902,-1.894281429432354],[113.32955360412598,-1.8888770426354284],[113.32938194274902,-1.8874187131571603],[113.32878112792969,-1.885359892987978],[113.32818031311035,-1.884416266263088],[113.32303047180176,-1.8818427362334944],[113.32028388977051,-1.8799554784643249],[113.31719398498535,-1.878154003235764],[113.3141040802002,-1.8750657556665686],[113.31255912780762,-1.8745510472083282],[113.3118724822998,-1.8739505538157744],[113.3104133605957,-1.8733500602173052],[113.30852508544922,-1.8702618041750867],[113.30826759338379,-1.8681171787250292],[113.30878257751465,-1.865028913477957],[113.30981254577637,-1.8627127109850647],[113.31195831298828,-1.860568076332001],[113.31487655639648,-1.8591097232781806],[113.31779479980469,-1.8588523667318242],[113.3213996887207,-1.8593670797870345],[113.32414627075195,-1.8590239377669064],[113.32629203796387,-1.8579087257409128],[113.32757949829102,-1.8564503704907054],[113.3280086517334,-1.8545630854399064],[113.32809448242188,-1.8527615841954628],[113.32697868347168,-1.8500164359192866],[113.3254337310791,-1.8489012182182307],[113.32260131835938,-1.8478717858722291],[113.32054138183594,-1.847957571923871],[113.31582069396973,-1.847271283394818],[113.3144474029541,-1.846756566824041],[113.31127166748047,-1.8446119128414722],[113.30929756164551,-1.8426388288940245],[113.30809593200684,-1.8397220920987252],[113.30775260925293,-1.8371484968478882],[113.30946922302246,-1.8371484968478882],[113.31049919128418,-1.839636305650174],[113.31170082092285,-1.8411804610930176],[113.31376075744629,-1.8426388288940245],[113.31693649291992,-1.8441829817346047],[113.32526206970215,-1.84564134707594],[113.32852363586426,-1.8484722881465956],[113.32938194274902,-1.8499306499671633],[113.3298110961914,-1.8516463682210258],[113.33066940307617,-1.8531905132294355],[113.33101272583008,-1.8551635854472437],[113.3305835723877,-1.8579945113063872],[113.32860946655273,-1.8602249345454283],[113.32603454589844,-1.8614259305063143],[113.3228588104248,-1.8621979989063249],[113.31933975219727,-1.8617690720591753],[113.31642150878906,-1.86168328667722],[113.31376075744629,-1.8624553549644816],[113.31230163574219,-1.8645999873202896],[113.3118724822998,-1.8678598234950243],[113.31204414367676,-1.8702618041750867],[113.31298828125,-1.8718059328761854],[113.31933975219727,-1.8765240954760998],[113.32697868347168,-1.8796123404688387],[113.3298110961914,-1.8821858737903199],[113.33247184753418,-1.885617245642365],[113.33315849304199,-1.8906785067714083],[113.33169937133789,-1.89565396942821],[113.33212852478027,-1.8967691573735692],[113.32955360412598,-1.897369642892599],[113.32921028137207,-1.8971122919814007]]]}},{"type":"Feature","id":"pmtiles:10/834/517:water:6016209752:0","properties":{"intermittent":0,"class":"river","id":601620975,"water":"river","kind":"waterway","verification":"verified","source":"OpenMapTiles/OpenStreetMap national PMTiles","sourceId":"10/834/517:water:6016209752:0","sourceLayer":"water","archive":"https://its.hanifahseptiani45.workers.dev/v1/map/archive/indonesia.pmtiles","updatedAt":"2026-07-26T09:42:31.542Z"},"geometry":{"type":"Polygon","coordinates":[[[113.36088180541992,-1.9045754528403904],[113.36079597473145,-1.9066342501525213],[113.35942268371582,-1.9072347322381233],[113.35744857788086,-1.9110949692102253],[113.35676193237305,-1.9141831525405024],[113.35736274719238,-1.9184722868241977],[113.35693359375,-1.9213888919953064],[113.35538864135742,-1.924048145310664],[113.3528995513916,-1.9267073944798057],[113.35041046142578,-1.9270505231025368],[113.34835052490234,-1.9262784836041646],[113.34620475769043,-1.924048145310664],[113.3444881439209,-1.921131544680449],[113.34431648254395,-1.9168424170620284],[113.34586143493652,-1.908693045001968],[113.34517478942871,-1.905604851804128],[113.34388732910156,-1.903631836583358],[113.3430290222168,-1.901573035684578],[113.34182739257812,-1.9007152012516713],[113.33684921264648,-1.901658819104398],[113.33367347717285,-1.9014014688320913],[113.33169937133789,-1.9002862838753742],[113.32955360412598,-1.897369642892599],[113.33212852478027,-1.8967691573735692],[113.33264350891113,-1.897626993765499],[113.3353042602539,-1.8983990461544238],[113.33976745605469,-1.899171098198508],[113.34182739257812,-1.8986563968741024],[113.3433723449707,-1.898827963999267],[113.34586143493652,-1.9004578508386913],[113.34749221801758,-1.9028597865343073],[113.34817886352539,-1.9053475021208612],[113.34783554077148,-1.9169281997197913],[113.34749221801758,-1.917614460827096],[113.3474063873291,-1.9214746744249709],[113.3488655090332,-1.9235334514440154],[113.35075378417969,-1.9239623630103466],[113.35204124450684,-1.923276104452441],[113.35350036621094,-1.922075151312015],[113.35444450378418,-1.9199305900318535],[113.35453033447266,-1.9178718086713786],[113.35418701171875,-1.9157272421200986],[113.35410118103027,-1.9115238838939774],[113.35444450378418,-1.9091219602853755],[113.35495948791504,-1.9074920816392336],[113.35564613342285,-1.9064626838038805],[113.35701942443848,-1.905604851804128],[113.36088180541992,-1.9045754528403904]]]}},{"type":"Feature","id":"pmtiles:10/834/517:water:6016224872:0","properties":{"intermittent":0,"class":"river","id":601622487,"water":"river","kind":"waterway","verification":"verified","source":"OpenMapTiles/OpenStreetMap national PMTiles","sourceId":"10/834/517:water:6016224872:0","sourceLayer":"water","archive":"https://its.hanifahseptiani45.workers.dev/v1/map/archive/indonesia.pmtiles","updatedAt":"2026-07-26T09:42:31.542Z"},"geometry":{"type":"Polygon","coordinates":[[[113.30775260925293,-1.8371484968478882],[113.30732345581055,-1.8324302292614902],[113.30826759338379,-1.8297708365966514],[113.31049919128418,-1.8269398658784581],[113.3181381225586,-1.8205058249368307],[113.32079887390137,-1.8179322021255047],[113.32225799560547,-1.8162164515458699],[113.32303047180176,-1.8145006993370316],[113.32328796386719,-1.8125275822847442],[113.32303047180176,-1.8090960692475164],[113.32277297973633,-1.808667129661174],[113.32277297973633,-1.806265066104487],[113.32380294799805,-1.8058361258493534],[113.32534790039062,-1.8103828873978358],[113.32560539245605,-1.812870733230966],[113.32534790039062,-1.814758062272162],[113.3243179321289,-1.816816964434139],[113.32320213317871,-1.8185327144431938],[113.31822395324707,-1.8230794440737839],[113.31221580505371,-1.8290845410750336],[113.3100700378418,-1.831829721585379],[113.30921173095703,-1.8344033244935218],[113.30955505371094,-1.8372342834160236],[113.30775260925293,-1.8371484968478882]]]}},{"type":"Feature","id":"pmtiles:10/834/517:water:6016296542:0","properties":{"intermittent":0,"class":"river","id":601629654,"water":"river","kind":"waterway","verification":"verified","source":"OpenMapTiles/OpenStreetMap national PMTiles","sourceId":"10/834/517:water:6016296542:0","sourceLayer":"water","archive":"https://its.hanifahseptiani45.workers.dev/v1/map/archive/indonesia.pmtiles","updatedAt":"2026-07-26T09:42:31.542Z"},"geometry":{"type":"Polygon","coordinates":[[[113.37916374206543,-1.9066342501525213],[113.37873458862305,-1.9072347322381233],[113.37873458862305,-1.9081783465206428],[113.37950706481934,-1.9120385813730252],[113.37950706481934,-1.913754238521534],[113.3792495727539,-1.914869414747642],[113.37839126586914,-1.916327721025226],[113.37693214416504,-1.9178718086713786],[113.37555885314941,-1.9184722868241977],[113.37212562561035,-1.918901199661434],[113.3704948425293,-1.918300721659179],[113.36869239807129,-1.9170139823732484],[113.36800575256348,-1.915469893953457],[113.3675765991211,-1.9104087054933814],[113.36714744567871,-1.9091219602853755],[113.36585998535156,-1.9073205153761137],[113.36474418640137,-1.9068915996434441],[113.36620330810547,-1.9048328026389925],[113.36783409118652,-1.9066342501525213],[113.36946487426758,-1.9108376203485307],[113.36980819702148,-1.9125532786977288],[113.36997985839844,-1.9151267630044657],[113.3708381652832,-1.9166708517336275],[113.37298393249512,-1.9174428955760732],[113.37470054626465,-1.9175286782037233],[113.37607383728027,-1.9169281997197913],[113.37804794311523,-1.9147836319867793],[113.37864875793457,-1.9121243642712074],[113.37761878967285,-1.9089503941848562],[113.3774471282959,-1.9070631659493387],[113.3777904510498,-1.9062911174381156],[113.37916374206543,-1.9066342501525213]]]}},{"type":"Feature","id":"pmtiles:10/834/517:water:6016296662:0","properties":{"intermittent":0,"class":"river","id":601629666,"water":"river","kind":"waterway","verification":"verified","source":"OpenMapTiles/OpenStreetMap national PMTiles","sourceId":"10/834/517:water:6016296662:0","sourceLayer":"water","archive":"https://its.hanifahseptiani45.workers.dev/v1/map/archive/indonesia.pmtiles","updatedAt":"2026-07-26T09:42:31.542Z"},"geometry":{"type":"Polygon","coordinates":[[[113.39718818664551,-1.918643851972007],[113.39787483215332,-1.9173571129440887],[113.3979606628418,-1.916070372948809],[113.39744567871094,-1.914526283678427],[113.38946342468262,-1.9104944884729775],[113.3869743347168,-1.909808224516226],[113.38620185852051,-1.909894007525807],[113.38611602783203,-1.9096366584842173],[113.38491439819336,-1.9092077433292332],[113.3847427368164,-1.9093793094040592],[113.38362693786621,-1.9088646111281804],[113.3814811706543,-1.9070631659493387],[113.37976455688477,-1.9064626838038805],[113.37916374206543,-1.9066342501525213],[113.37942123413086,-1.9042323197157884],[113.3814811706543,-1.9040607531278795],[113.38216781616211,-1.9052617188845602],[113.38388442993164,-1.9068915996434441],[113.38603019714355,-1.9075778647643773],[113.38637351989746,-1.9075778647643773],[113.38680267333984,-1.9070631659493387],[113.38688850402832,-1.9074920816392336],[113.38783264160156,-1.9074920816392336],[113.38972091674805,-1.9078352141141437],[113.39375495910645,-1.9096366584842173],[113.39813232421875,-1.9119527984705798],[113.39838981628418,-1.9117812326527996],[113.39838981628418,-1.9121243642712074],[113.39967727661133,-1.9132395415571466],[113.40027809143066,-1.9141831525405024],[113.40010643005371,-1.914268935331421],[113.40010643005371,-1.9153841112226644],[113.40036392211914,-1.9166708517336275],[113.39984893798828,-1.9191585473121506],[113.40019226074219,-1.9195874599772509],[113.39984893798828,-1.9195016774528426],[113.39924812316895,-1.9213031095613218],[113.39821815490723,-1.9287661651788994],[113.39761734008789,-1.9304818055252468],[113.3965015411377,-1.9321116622504348],[113.3942699432373,-1.9366580964237556],[113.39349746704102,-1.9392315443245565],[113.39221000671387,-1.9418907697104828],[113.38869094848633,-1.9468660833828437],[113.38869094848633,-1.9477238946017081],[113.38972091674805,-1.9492679536949709],[113.39075088500977,-1.9498684207377153],[113.39469909667969,-1.9511551351078253],[113.39529991149902,-1.9520129441410319],[113.3953857421875,-1.9528707527365299],[113.39469909667969,-1.9530423144030777],[113.3895492553711,-1.9514124778637267],[113.38791847229004,-1.9501257636904512],[113.38706016540527,-1.9486674864380262],[113.38671684265137,-1.9469518645243795],[113.38680267333984,-1.9453220220888596],[113.38894844055176,-1.9421481138806769],[113.39006423950195,-1.939746233435244],[113.3910083770752,-1.9383737287922145],[113.39341163635254,-1.9359718429899004],[113.39701652526855,-1.9288519472373338],[113.39787483215332,-1.9235334514440154],[113.39778900146484,-1.9215604568503437],[113.39735984802246,-1.9212173271230455],[113.39718818664551,-1.918643851972007]]]}},{"type":"Feature","id":"pmtiles:10/834/517:water:6016306892:0","properties":{"intermittent":0,"class":"river","id":601630689,"water":"river","kind":"waterway","verification":"verified","source":"OpenMapTiles/OpenStreetMap national PMTiles","sourceId":"10/834/517:water:6016306892:0","sourceLayer":"water","archive":"https://its.hanifahseptiani45.workers.dev/v1/map/archive/indonesia.pmtiles","updatedAt":"2026-07-26T09:42:31.542Z"},"geometry":{"type":"Polygon","coordinates":[[[113.36474418640137,-1.9068915996434441],[113.36251258850098,-1.9065484669803396],[113.36079597473145,-1.9066342501525213],[113.36088180541992,-1.9045754528403904],[113.36165428161621,-1.9041465364239656],[113.36328506469727,-1.9038891865228749],[113.36405754089355,-1.9040607531278795],[113.36817741394043,-1.903374486605415],[113.36980819702148,-1.9037176199007888],[113.37495803833008,-1.903374486605415],[113.37787628173828,-1.904318103003348],[113.37864875793457,-1.9041465364239656],[113.37942123413086,-1.903631836583358],[113.37916374206543,-1.9066342501525213],[113.3777904510498,-1.9062911174381156],[113.37676048278809,-1.9052617188845602],[113.37478637695312,-1.904747019377055],[113.3730697631836,-1.9048328026389925],[113.3690357208252,-1.9044038862866302],[113.36620330810547,-1.9048328026389925],[113.36474418640137,-1.9068915996434441]]]}},{"type":"Feature","id":"pmtiles:10/834/517:water:6016332822:0","properties":{"intermittent":0,"class":"river","id":601633282,"water":"river","kind":"waterway","verification":"verified","source":"OpenMapTiles/OpenStreetMap national PMTiles","sourceId":"10/834/517:water:6016332822:0","sourceLayer":"water","archive":"https://its.hanifahseptiani45.workers.dev/v1/map/archive/indonesia.pmtiles","updatedAt":"2026-07-26T09:42:31.542Z"},"geometry":{"type":"Polygon","coordinates":[[[113.46490859985352,-2.0424235244050806],[113.46405029296875,-2.044139046715074],[113.46224784851074,-2.044139046715074],[113.46293449401855,-2.0430239574220224],[113.4642219543457,-2.0387351452376805],[113.46516609191895,-2.032816565661051],[113.46499443054199,-2.028270395594788],[113.46508026123047,-2.0190064623667183],[113.466796875,-2.01909223976881],[113.46653938293457,-2.025268200809762],[113.46662521362305,-2.0339316620249264],[113.46593856811523,-2.039678684899613],[113.46490859985352,-2.0424235244050806]]]}},{"type":"Feature","id":"pmtiles:10/834/517:water:13494825942:0","properties":{"intermittent":0,"class":"lake","id":1349482594,"water":"lake","kind":"waterway","verification":"verified","source":"OpenMapTiles/OpenStreetMap national PMTiles","sourceId":"10/834/517:water:13494825942:0","sourceLayer":"water","archive":"https://its.hanifahseptiani45.workers.dev/v1/map/archive/indonesia.pmtiles","updatedAt":"2026-07-26T09:42:31.542Z"},"geometry":{"type":"Polygon","coordinates":[[[113.40517044067383,-2.036933840711015],[113.4188175201416,-2.0417373149681026],[113.41821670532227,-2.043881718485423],[113.40182304382324,-2.0378773814286717],[113.40517044067383,-2.036933840711015]]]}},{"type":"Feature","id":"pmtiles:10/834/517:waterway:439922500:0","properties":{"name_int":"Katingan","name_de":"Sungai Katingan","name":"Sungai Katingan","name:id":"Sungai Katingan","name:en":"Katingan River","class":"river","name:latin":"Sungai Katingan","name_en":"Katingan River","waterway":"river","kind":"waterway","verification":"verified","source":"OpenMapTiles/OpenStreetMap national PMTiles","sourceId":"10/834/517:waterway:439922500:0","sourceLayer":"waterway","archive":"https://its.hanifahseptiani45.workers.dev/v1/map/archive/indonesia.pmtiles","updatedAt":"2026-07-26T09:42:31.542Z"},"geometry":{"type":"LineString","coordinates":[[113.27213287353516,-1.7489577605599607],[113.27178955078125,-1.75839471421844],[113.27221870422363,-1.7607968402682417],[113.27384948730469,-1.762855802989833],[113.28088760375977,-1.765944242801595],[113.28217506408691,-1.7681747794740517],[113.28277587890625,-1.7724642655377352],[113.28277587890625,-1.7757242683011611],[113.28372001647949,-1.777354267527116],[113.28689575195312,-1.7790700546314326],[113.29462051391602,-1.7819010998637452],[113.2994270324707,-1.7819010998637452],[113.31161499023438,-1.7794990011582144],[113.31659317016602,-1.781386364690448],[113.31779479980469,-1.7860189760676093],[113.31710815429688,-1.7911663083424827],[113.30989837646484,-1.7952841637525268],[113.29985618591309,-1.7953699523083344],[113.29307556152344,-1.7982009723901342],[113.2898998260498,-1.8015467177334585],[113.28269004821777,-1.8122702190323992],[113.28269004821777,-1.8139001856793158],[113.28346252441406,-1.8150154251706567],[113.28483581542969,-1.8157875136463417],[113.28826904296875,-1.8162164515458699],[113.30217361450195,-1.8134712472303391],[113.3089542388916,-1.810811826578302],[113.3159065246582,-1.8055787616476664],[113.31925392150879,-1.8053213974095428],[113.32380294799805,-1.8079808261121428],[113.32517623901367,-1.8131280963979464],[113.32260131835938,-1.818790076803893],[113.31367492675781,-1.8251383367343266],[113.30886840820312,-1.830285558065512],[113.30886840820312,-1.8368053505341777],[113.31127166748047,-1.842295683636479],[113.31727981567383,-1.8464134223606976],[113.3236312866211,-1.8469281390308794],[113.32775115966797,-1.849501720144346],[113.33015441894531,-1.853619442159527],[113.32826614379883,-1.8584234390711885],[113.32448959350586,-1.8604822908916105],[113.31487655639648,-1.8608254326281042],[113.31212997436523,-1.8625411403088492],[113.31058502197266,-1.8666588319232602],[113.31178665161133,-1.8714627932823191],[113.31573486328125,-1.8743794776886062],[113.31985473632812,-1.8779824340694802],[113.32792282104492,-1.8814138141925127],[113.33135604858398,-1.887247144902787],[113.33135604858398,-1.8930804560439043],[113.3309268951416,-1.897026508335827],[113.3353042602539,-1.9006294177849412],[113.34182739257812,-1.899943149897652],[113.34423065185547,-1.9014872522604662],[113.3456039428711,-1.9035460532616497],[113.34663391113281,-1.9105802714482962],[113.34663391113281,-1.9207026324028504],[113.34714889526367,-1.923104539769838],[113.3488655090332,-1.924991750329454],[113.35195541381836,-1.9256780081968827],[113.35453033447266,-1.923276104452441],[113.35573196411133,-1.9196732424973675],[113.35573196411133,-1.9092077433292332],[113.35693359375,-1.9074920816392336],[113.36053848266602,-1.9057764182382755],[113.36508750915527,-1.9056906350233334],[113.36774826049805,-1.9086072619324455],[113.36980819702148,-1.916756634399988],[113.37246894836426,-1.918214939070225],[113.37607383728027,-1.9180433738794136],[113.37882041931152,-1.914869414747642],[113.37890625,-1.9113523180333232],[113.37787628173828,-1.9085214788586455],[113.37821960449219,-1.9062911174381156],[113.38010787963867,-1.905433285352899],[113.38165283203125,-1.9059479846553131],[113.3840560913086,-1.9078352141141437],[113.3950424194336,-1.9110949692102253],[113.39864730834961,-1.913840021333911],[113.39899063110352,-1.916070372948809],[113.3983039855957,-1.9189869822159835],[113.39555740356445,-1.9209599797823387],[113.39203834533691,-1.920187937527615],[113.38886260986328,-1.9166708517336275],[113.38594436645508,-1.9144405009003833],[113.3840560913086,-1.914955197504213],[113.38242530822754,-1.9161561556452398],[113.38130950927734,-1.9183865042438413],[113.38096618652344,-1.9203595025032598],[113.38105201721191,-1.9223324984846641],[113.38165283203125,-1.9243912744688174],[113.38285446166992,-1.9260211370269644],[113.38482856750488,-1.9270505231025368],[113.38577270507812,-1.9270505231025368],[113.39178085327148,-1.9309964972915736],[113.39298248291016,-1.9342562081899501],[113.39298248291016,-1.9376874760533696],[113.38920593261719,-1.9449788971648871],[113.38817596435547,-1.9476381134994796],[113.3895492553711,-1.9502115446659616],[113.39418411254883,-1.9520987250202637],[113.3979606628418,-1.9545005878613892],[113.4012222290039,-1.9579318145300846],[113.40482711791992,-1.9666814107115869],[113.40757369995117,-1.968568572507266],[113.41169357299805,-1.969083252626291],[113.41564178466797,-1.9675392117925128],[113.41907501220703,-1.9608483516758923],[113.42147827148438,-1.953814341685785],[113.42456817626953,-1.9520987250202637],[113.4280014038086,-1.9522702867656392],[113.43006134033203,-1.9541574648086453],[113.43109130859375,-1.9569024472665006],[113.43109130859375,-1.9608483516758923],[113.42731475830078,-1.9728575686396397],[113.42782974243164,-1.9819502038348844],[113.42147827148438,-1.9980766414069961],[113.4177017211914,-2.001336221293869],[113.41169357299805,-2.003566456430846],[113.40911865234375,-2.0056251323234022],[113.40740203857422,-2.009399364730129],[113.40791702270508,-2.0159184728778854],[113.4092903137207,-2.0202931229226238],[113.41100692749023,-2.0239815441984916],[113.41375350952148,-2.0280130648313843],[113.41607093811035,-2.029557048797699],[113.41958999633789,-2.0311868080514444],[113.42671394348145,-2.033674332163187],[113.42825889587402,-2.0345320982093256],[113.43435287475586,-2.0398502375059735],[113.43890190124512,-2.0407937765138797],[113.44053268432617,-2.0382204870071234],[113.44104766845703,-2.0351325341702164],[113.43950271606445,-2.028613503215638],[113.4396743774414,-2.0263833023797275],[113.44207763671875,-2.0241530984723397],[113.45048904418945,-2.0239815441984916],[113.4528923034668,-2.021065118766984],[113.4554672241211,-2.0168620258436363],[113.4587287902832,-2.0136024769163896],[113.46181869506836,-2.0130020329815324],[113.46490859985352,-2.014717586494143],[113.46576690673828,-2.0181486880968578],[113.46593856811523,-2.0326450123059345],[113.46559524536133,-2.0370196171627413],[113.4616470336914,-2.0479989652070714],[113.45632553100586,-2.0540032643721275],[113.44860076904297,-2.0585493615893142],[113.44053268432617,-2.0593213390750833],[113.43709945678711,-2.0603506418076165],[113.43555450439453,-2.062237695089294],[113.43486785888672,-2.0646393960290226],[113.43521118164062,-2.068070391074727],[113.43761444091797,-2.0721875753353203],[113.44087600708008,-2.0737315166743855],[113.44757080078125,-2.0725306735407827],[113.45563888549805,-2.0692712375885804],[113.46302032470703,-2.0641247461330465],[113.47297668457031,-2.059492889576674],[113.47555160522461,-2.0570911808740533],[113.47623825073242,-2.0526308551215635],[113.47400665283203,-2.0471412063451595],[113.47452163696289,-2.0445679270061845],[113.47675323486328,-2.0428524051543775],[113.4803581237793,-2.042680852868415],[113.48396301269531,-2.0431955096713637],[113.48756790161133,-2.0454256872445313],[113.4891128540039,-2.049886033086622],[113.4884262084961,-2.0546894685553525],[113.48533630371094,-2.0581204850467856],[113.48173141479492,-2.0653255956310943],[113.48001480102539,-2.0723591244473454],[113.47829818725586,-2.0752754565069864],[113.4752082824707,-2.077505589158932],[113.47040176391602,-2.0783633316483474],[113.46731185913086,-2.079907266954848],[113.4653377532959,-2.082737811091718],[113.46525192260742,-2.0896854887624414],[113.4682559967041,-2.0935452964143764],[113.4722900390625,-2.0946603501894288],[113.48482131958008,-2.0950034434990243],[113.49237442016602,-2.09483189685362],[113.49786758422852,-2.090543224616738],[113.5000991821289,-2.0883131104210975],[113.50301742553711,-2.0881415630441325],[113.50542068481445,-2.089513941535344],[113.5078239440918,-2.0931164293665603],[113.50851058959961,-2.0979197335949067],[113.50730895996094,-2.105810844217217],[113.50464820861816,-2.1142165485292708],[113.50576400756836,-2.1197059635181716]]}},{"type":"Feature","id":"pmtiles:10/834/517:waterway:1070636332:0","properties":{"name":"Sungai Kalamanan","name_int":"Sungai Kalamanan","class":"river","name:latin":"Sungai Kalamanan","name_de":"Sungai Kalamanan","name_en":"Sungai Kalamanan","waterway":"river","kind":"waterway","verification":"verified","source":"OpenMapTiles/OpenStreetMap national PMTiles","sourceId":"10/834/517:waterway:1070636332:0","sourceLayer":"waterway","archive":"https://its.hanifahseptiani45.workers.dev/v1/map/archive/indonesia.pmtiles","updatedAt":"2026-07-26T09:42:31.542Z"},"geometry":{"type":"LineString","coordinates":[[113.1972885131836,-1.7834453045202991],[113.19788932800293,-1.7832737262890959],[113.19831848144531,-1.782330045731598],[113.19883346557617,-1.7819868890452994],[113.19934844970703,-1.782244256566031],[113.19934844970703,-1.7811289970498763],[113.19994926452637,-1.781043207828347],[113.20046424865723,-1.7818153106781836],[113.20080757141113,-1.7831021480419054],[113.20037841796875,-1.7846463516906539],[113.20063591003418,-1.785246874981695],[113.20149421691895,-1.7861047650571322],[113.20355415344238,-1.7862763430241557],[113.20398330688477,-1.7868768657825598],[113.20363998413086,-1.7886784328793368],[113.20449829101562,-1.790823153306917],[113.20647239685059,-1.7914236745769756],[113.20724487304688,-1.792538927841889],[113.20690155029297,-1.7930536598888835],[113.20707321166992,-1.7933110258580882],[113.20844650268555,-1.7928820825559626],[113.20878982543945,-1.792367350460708],[113.20930480957031,-1.7933110258580882],[113.20981979370117,-1.7931394485492973],[113.20981979370117,-1.7917668295000482],[113.20999145507812,-1.7916810407753019],[113.21093559265137,-1.7922815617641135],[113.21162223815918,-1.792367350460708],[113.21170806884766,-1.7944262779730167],[113.21222305297852,-1.7957988950269765],[113.21385383605957,-1.7957988950269765],[113.2152271270752,-1.7970857225787285],[113.21625709533691,-1.797428876439426],[113.21531295776367,-1.7990588563966838],[113.21608543395996,-1.799487798248677],[113.21728706359863,-1.799487798248677],[113.2199478149414,-1.7987157028424576],[113.22132110595703,-1.7990588563966838],[113.23239326477051,-1.8094392208435437],[113.23488235473633,-1.8163880266771741],[113.24003219604492,-1.8277119492443603],[113.24166297912598,-1.8294276888686625],[113.24200630187988,-1.8320012952276699],[113.24458122253418,-1.8353469779657843],[113.24612617492676,-1.83637641754936],[113.25161933898926,-1.8375774296473395],[113.2525634765625,-1.8383495084267025],[113.25299263000488,-1.8392073733454453],[113.2529067993164,-1.8404941699501762],[113.25247764587402,-1.8411804610930176],[113.25247764587402,-1.8416093929231039],[113.25359344482422,-1.8416093929231039],[113.2540225982666,-1.8422098973117755],[113.25393676757812,-1.842553042585834],[113.25342178344727,-1.8428104014979994],[113.25273513793945,-1.8428104014979994],[113.25213432312012,-1.8437540505243675],[113.25247764587402,-1.8443545541897635],[113.25342178344727,-1.8445261266283808],[113.25428009033203,-1.8454697747449131],[113.25479507446289,-1.8455555609125014],[113.25556755065918,-1.843839836774677],[113.25608253479004,-1.843839836774677],[113.2565975189209,-1.8443545541897635],[113.25711250305176,-1.8457271332352576],[113.2569408416748,-1.8475286416242795],[113.25719833374023,-1.848558074169219],[113.25736999511719,-1.8488154322122057],[113.25762748718262,-1.8484722881465956],[113.25762748718262,-1.8475286416242795],[113.25788497924805,-1.8471854973100363],[113.25814247131348,-1.847271283394818],[113.25865745544434,-1.8482149300538993],[113.25900077819824,-1.8500164359192866],[113.25994491577148,-1.851131652919193],[113.26011657714844,-1.8516463682210258],[113.26028823852539,-1.8535336563818134],[113.25994491577148,-1.8558498709202809],[113.26054573059082,-1.8566219417590872],[113.26148986816406,-1.8573082266660066],[113.2632064819336,-1.8578229401712747],[113.26432228088379,-1.8573940122606416],[113.26475143432617,-1.8569650842458714],[113.26741218566895,-1.8565361561269782],[113.2679271697998,-1.8561072279040047],[113.26818466186523,-1.8566219417590872],[113.26801300048828,-1.8578229401712747],[113.26895713806152,-1.8578229401712747],[113.26964378356934,-1.8573940122606416],[113.27187538146973,-1.8569650842458714],[113.27239036560059,-1.8573940122606416],[113.27247619628906,-1.8579087257409128],[113.27204704284668,-1.8584234390711885],[113.27136039733887,-1.8585950101479511],[113.27144622802734,-1.8592812942882517],[113.2734203338623,-1.8591955087853052],[113.27436447143555,-1.8597102217404284],[113.27462196350098,-1.8602249345454283],[113.27462196350098,-1.8606538617681991],[113.27376365661621,-1.8610827888866766],[113.27367782592773,-1.86168328667722],[113.2745361328125,-1.8627984963169126],[113.27410697937012,-1.8629700669680602],[113.2734203338623,-1.8627127109850647],[113.2730770111084,-1.86305585228736],[113.27359199523926,-1.8646857725601933],[113.27462196350098,-1.8645999873202896],[113.27479362487793,-1.8640852757931299],[113.27513694763184,-1.8639137052506243],[113.27556610107422,-1.8644284168279626],[113.27539443969727,-1.865028913477957],[113.27436447143555,-1.8656294099230024],[113.27436447143555,-1.8664014764796946],[113.27513694763184,-1.8664872616317467],[113.27676773071289,-1.8658867654795728],[113.27814102172852,-1.865972550656707],[113.27848434448242,-1.8663156913234786],[113.27865600585938,-1.8671735426973726],[113.28140258789062,-1.86794560857588],[113.28157424926758,-1.8683745339173612],[113.2811450958252,-1.8688034591540656],[113.27917098999023,-1.8689750292194134],[113.27908515930176,-1.8694039543094618],[113.28028678894043,-1.8712054385428587],[113.28020095825195,-1.871377008373372],[113.27934265136719,-1.8712912234602186],[113.2789134979248,-1.8715485781870882],[113.27882766723633,-1.8718917177641714],[113.28020095825195,-1.8725779967168137],[113.28063011169434,-1.8736931994416324],[113.28243255615234,-1.873607414641853],[113.28277587890625,-1.8739505538157744],[113.28320503234863,-1.8739505538157744],[113.28457832336426,-1.8731784905799316],[113.28500747680664,-1.8731784905799316],[113.28492164611816,-1.8737789842372194],[113.2840633392334,-1.8742079081520728],[113.28372001647949,-1.8746368319618654],[113.2840633392334,-1.8750657556665686],[113.28543663024902,-1.8748941861973094],[113.28603744506836,-1.8742079081520728],[113.28732490539551,-1.8736931994416324],[113.28775405883789,-1.8742936929224498],[113.28775405883789,-1.8749799709340351],[113.2866382598877,-1.8760951721289132],[113.28646659851074,-1.8779824340694802],[113.28775405883789,-1.8798696939717843],[113.28826904296875,-1.8799554784643249],[113.28929901123047,-1.8786687106335336],[113.28981399536133,-1.8788402797324153],[113.28998565673828,-1.8793549869279502],[113.28938484191895,-1.8804701853310917],[113.28981399536133,-1.880899107604094],[113.29075813293457,-1.879698124974027],[113.2913589477539,-1.8793549869279502],[113.29204559326172,-1.8801270474367868],[113.2924747467041,-1.8801270474367868],[113.29281806945801,-1.8789260642755465],[113.2935905456543,-1.8793549869279502],[113.29522132873535,-1.881671167429758],[113.29427719116211,-1.882271658168989],[113.2935905456543,-1.8833010703835669],[113.29384803771973,-1.8842446977127167],[113.29547882080078,-1.8851025402955486],[113.29599380493164,-1.8845878347965623],[113.29556465148926,-1.8824432269136366],[113.29582214355469,-1.8821858737903199],[113.29788208007812,-1.8833868547073394],[113.29831123352051,-1.8849309718127927],[113.29985618591309,-1.8854456772103276],[113.30071449279785,-1.8862177350212335],[113.3005428314209,-1.886646655879261],[113.29959869384766,-1.8874187131571603],[113.29934120178223,-1.8882765541749365],[113.29977035522461,-1.8891343947692718],[113.30080032348633,-1.8886196904635],[113.30286026000977,-1.8884481223276737],[113.3049201965332,-1.8892201788054024],[113.30517768859863,-1.8897348829332685],[113.30440521240234,-1.8910216425853719],[113.30466270446777,-1.8912789944013184],[113.30543518066406,-1.891107426528265],[113.3074951171875,-1.889820666939741],[113.30775260925293,-1.8893917468649875],[113.30612182617188,-1.8878476337189483],[113.30500602722168,-1.885617245642365],[113.30509185791016,-1.8851025402955486],[113.30577850341797,-1.8849309718127927],[113.3071517944336,-1.8835584233422225],[113.30775260925293,-1.8836442076533046],[113.30809593200684,-1.8845020505319496],[113.3100700378418,-1.8857030298520243],[113.31032752990723,-1.8875902813945657],[113.31084251403809,-1.8878476337189483],[113.31195831298828,-1.8860461666484127],[113.31281661987305,-1.8854456772103276],[113.31521987915039,-1.8845020505319496],[113.31650733947754,-1.884416266263088],[113.31667900085449,-1.885016756056288],[113.31659317016602,-1.8859603824556643],[113.31693649291992,-1.887075576631517],[113.31796646118164,-1.8874187131571603],[113.31805229187012,-1.8881049860052457],[113.31779479980469,-1.8888770426354284],[113.31805229187012,-1.8900780189337496],[113.3188247680664,-1.889820666939741],[113.3199405670166,-1.8886196904635],[113.32062721252441,-1.8886196904635],[113.32114219665527,-1.8892201788054024],[113.32045555114746,-1.8936809428421668],[113.31839561462402,-1.8967691573735692],[113.31727981567383,-1.9002005003873421],[113.31719398498535,-1.901744602519969],[113.31753730773926,-1.9028597865343073],[113.32002639770508,-1.904489669565649],[113.32157135009766,-1.904489669565649],[113.32303047180176,-1.9040607531278795],[113.32448959350586,-1.90311713658906],[113.32818031311035,-1.899943149897652],[113.3294677734375,-1.8972838592597867],[113.3309268951416,-1.897026508335827]]}},{"type":"Feature","id":"pmtiles:10/835/517:landcover:141401373:0","properties":{"subclass":"wood","class":"wood","kind":"green","verification":"verified","source":"OpenMapTiles/OpenStreetMap national PMTiles","sourceId":"10/835/517:landcover:141401373:0","sourceLayer":"landcover","archive":"https://its.hanifahseptiani45.workers.dev/v1/map/archive/indonesia.pmtiles","updatedAt":"2026-07-26T09:42:31.605Z"},"geometry":{"type":"Polygon","coordinates":[[[113.55013847351074,-1.913582672883905],[113.5491943359375,-1.9161561556452398],[113.5491943359375,-1.913325324395288],[113.55013847351074,-1.913582672883905]]]}},{"type":"Feature","id":"pmtiles:10/834/518:landuse:12140001582:0","properties":{"class":"quarry","kind":"green","verification":"verified","source":"OpenMapTiles/OpenStreetMap national PMTiles","sourceId":"10/834/518:landuse:12140001582:0","sourceLayer":"landuse","archive":"https://its.hanifahseptiani45.workers.dev/v1/map/archive/indonesia.pmtiles","updatedAt":"2026-07-26T09:42:46.760Z"},"geometry":{"type":"Polygon","coordinates":[[[113.30792427062988,-2.103409206077373],[113.31401824951172,-2.103409206077373],[113.31376075744629,-2.1036665246264334],[113.31307411193848,-2.104266934409125],[113.31255912780762,-2.1052104350291216],[113.3115291595459,-2.105381980535043],[113.30732345581055,-2.1070116618993353],[113.30672264099121,-2.106325480480038],[113.30792427062988,-2.1036665246264334],[113.30792427062988,-2.103409206077373]]]}},{"type":"Feature","id":"pmtiles:8/208/129:landcover:2567055932:0","properties":{"subclass":"orchard","class":"farmland","kind":"green","verification":"verified","source":"OpenMapTiles/OpenStreetMap national PMTiles","sourceId":"8/208/129:landcover:2567055932:0","sourceLayer":"landcover","archive":"https://its.hanifahseptiani45.workers.dev/v1/map/archive/indonesia.pmtiles","updatedAt":"2026-07-26T09:35:35.161Z"},"geometry":{"type":"Polygon","coordinates":[[[113.20381164550781,-1.9363149697415736],[113.2144546508789,-1.9383737287922145],[113.21617126464844,-1.9418049883117163],[113.214111328125,-1.9435206154596756],[113.21651458740234,-1.9435206154596756],[113.21617126464844,-1.9466087399320458],[113.21342468261719,-1.9476381134994796],[113.21308135986328,-1.9534712184928367],[113.20930480957031,-1.955873079371031],[113.21102142333984,-1.9637648837389179],[113.2082748413086,-1.9675392117925128],[113.20793151855469,-1.9754309610120657],[113.20415496826172,-1.9771465537125579],[113.20381164550781,-1.9798914983441875],[113.1979751586914,-1.9819502038348844],[113.19694519042969,-1.9548437108440169],[113.19934844970703,-1.9545005878613892],[113.20003509521484,-1.9496968587473589],[113.20381164550781,-1.9520987250202637],[113.21033477783203,-1.951069354180433],[113.20930480957031,-1.9486674864380262],[113.21136474609375,-1.9462656152698656],[113.20930480957031,-1.9445499909117956],[113.21170806884766,-1.9438637406801291],[113.20758819580078,-1.9407756111868224],[113.20758819580078,-1.94420686583085],[113.203125,-1.94420686583085],[113.20381164550781,-1.9363149697415736]]]}},{"type":"Feature","id":"pmtiles:8/208/129:landcover:141401370:2","properties":{"subclass":"wood","class":"wood","kind":"green","verification":"verified","source":"OpenMapTiles/OpenStreetMap national PMTiles","sourceId":"8/208/129:landcover:141401370:2","sourceLayer":"landcover","archive":"https://its.hanifahseptiani45.workers.dev/v1/map/archive/indonesia.pmtiles","updatedAt":"2026-07-26T09:35:35.164Z"},"geometry":{"type":"Polygon","coordinates":[[[113.50936889648438,-2.047827413471424],[113.50593566894531,-2.0567480793355344],[113.50456237792969,-2.0546894685553525],[113.49014282226562,-2.0450825832042057],[113.48636627197266,-2.0378773814286717],[113.50284576416016,-2.0323876822390616],[113.50662231445312,-2.0371911700524805],[113.50936889648438,-2.047827413471424]]]}},{"type":"Feature","id":"pmtiles:8/208/129:landcover:2556368060:3","properties":{"subclass":"wood","class":"wood","kind":"green","verification":"verified","source":"OpenMapTiles/OpenStreetMap national PMTiles","sourceId":"8/208/129:landcover:2556368060:3","sourceLayer":"landcover","archive":"https://its.hanifahseptiani45.workers.dev/v1/map/archive/indonesia.pmtiles","updatedAt":"2026-07-26T09:35:35.165Z"},"geometry":{"type":"Polygon","coordinates":[[[113.291015625,-2.0382204870071234],[113.28964233398438,-2.031358361561473],[113.29513549804688,-2.027584180134795],[113.29925537109375,-2.015575362572932],[113.3078384399414,-2.0148891417460533],[113.3074951171875,-2.00699758147951],[113.31401824951172,-2.006311357045419],[113.32672119140625,-2.015575362572932],[113.33667755126953,-2.025525532009425],[113.33255767822266,-2.0292997182390025],[113.32878112792969,-2.0272410722956806],[113.32672119140625,-2.028270395594788],[113.32843780517578,-2.03170146852689],[113.32706451416016,-2.033417002260421],[113.33770751953125,-2.0265548563992724],[113.34320068359375,-2.0323876822390616],[113.34114074707031,-2.0358187464231463],[113.34354400634766,-2.0330738956595695],[113.34320068359375,-2.035475640333189],[113.34526062011719,-2.0341032152432774],[113.3456039428711,-2.0371911700524805],[113.34835052490234,-2.036848064254741],[113.35384368896484,-2.0409653290012955],[113.291015625,-2.0382204870071234]]]}},{"type":"Feature","id":"pmtiles:8/208/129:landcover:2556368060:4","properties":{"subclass":"wood","class":"wood","kind":"green","verification":"verified","source":"OpenMapTiles/OpenStreetMap national PMTiles","sourceId":"8/208/129:landcover:2556368060:4","sourceLayer":"landcover","archive":"https://its.hanifahseptiani45.workers.dev/v1/map/archive/indonesia.pmtiles","updatedAt":"2026-07-26T09:35:35.165Z"},"geometry":{"type":"Polygon","coordinates":[[[113.3188247680664,-1.9332268264771102],[113.32534790039062,-1.9236192337659048],[113.34114074707031,-1.924305492185752],[113.33873748779297,-1.9273936516561463],[113.33908081054688,-1.933569953784101],[113.3188247680664,-1.9332268264771102]]]}},{"type":"Feature","id":"pmtiles:8/208/129:landcover:2556368060:5","properties":{"subclass":"wood","class":"wood","kind":"green","verification":"verified","source":"OpenMapTiles/OpenStreetMap national PMTiles","sourceId":"8/208/129:landcover:2556368060:5","sourceLayer":"landcover","archive":"https://its.hanifahseptiani45.workers.dev/v1/map/archive/indonesia.pmtiles","updatedAt":"2026-07-26T09:35:35.165Z"},"geometry":{"type":"Polygon","coordinates":[[[113.33908081054688,-1.933569953784101],[113.33908081054688,-1.9297955495944024],[113.3517837524414,-1.9383737287922145],[113.35350036621094,-1.9376874760533696],[113.35350036621094,-2.0183202429870306],[113.34938049316406,-2.0131735884140625],[113.34285736083984,-2.0124873665756127],[113.3517837524414,-2.0162615831105626],[113.35384368896484,-2.0251824237341225],[113.35384368896484,-2.0402791189418252],[113.33770751953125,-2.0262117483420212],[113.34114074707031,-2.0220944459884436],[113.33702087402344,-2.025525532009425],[113.33358764648438,-2.018663352713091],[113.33908081054688,-2.006311357045419],[113.33908081054688,-1.9654804884574446],[113.34114074707031,-1.9617061557518127],[113.33908081054688,-1.9606767908079519],[113.33908081054688,-1.933569953784101]]]}},{"type":"Feature","id":"pmtiles:8/208/129:landcover:2556368060:6","properties":{"subclass":"wood","class":"wood","kind":"green","verification":"verified","source":"OpenMapTiles/OpenStreetMap national PMTiles","sourceId":"8/208/129:landcover:2556368060:6","sourceLayer":"landcover","archive":"https://its.hanifahseptiani45.workers.dev/v1/map/archive/indonesia.pmtiles","updatedAt":"2026-07-26T09:35:35.165Z"},"geometry":{"type":"Polygon","coordinates":[[[113.30955505371094,-1.922932975069969],[113.31092834472656,-1.9253348792976936],[113.31230163574219,-1.922932975069969],[113.31779479980469,-1.923276104452441],[113.3188247680664,-1.9270505231025368],[113.31539154052734,-1.9280799085558726],[113.3188247680664,-1.9332268264771102],[113.30131530761719,-1.9328836991007563],[113.3023452758789,-1.9308249333867877],[113.29753875732422,-1.9301386775944565],[113.30097198486328,-1.9301386775944565],[113.30337524414062,-1.924991750329454],[113.30577850341797,-1.9260211370269644],[113.30955505371094,-1.922932975069969]]]}},{"type":"Feature","id":"pmtiles:8/208/129:landuse:2555051200:3","properties":{"class":"residential","kind":"green","verification":"verified","source":"OpenMapTiles/OpenStreetMap national PMTiles","sourceId":"8/208/129:landuse:2555051200:3","sourceLayer":"landuse","archive":"https://its.hanifahseptiani45.workers.dev/v1/map/archive/indonesia.pmtiles","updatedAt":"2026-07-26T09:35:35.165Z"},"geometry":{"type":"Polygon","coordinates":[[[113.44036102294922,-2.1281115924775804],[113.44379425048828,-2.0869407308811105],[113.4561538696289,-2.0889992997416442],[113.45752716064453,-2.094488803506451],[113.45443725585938,-2.099292103523723],[113.45375061035156,-2.105810844217217],[113.4616470336914,-2.106153935077984],[113.46061706542969,-2.1291408500210736],[113.44036102294922,-2.1281115924775804]]]}},{"type":"Feature","id":"pmtiles:8/208/129:landuse:2555051200:6","properties":{"class":"residential","kind":"green","verification":"verified","source":"OpenMapTiles/OpenStreetMap national PMTiles","sourceId":"8/208/129:landuse:2555051200:6","sourceLayer":"landuse","archive":"https://its.hanifahseptiani45.workers.dev/v1/map/archive/indonesia.pmtiles","updatedAt":"2026-07-26T09:35:35.165Z"},"geometry":{"type":"Polygon","coordinates":[[[113.28964233398438,-1.8982274789866693],[113.28758239746094,-1.8934235913826853],[113.2906723022461,-1.8958255368511772],[113.29376220703125,-1.8930804560439043],[113.28792572021484,-1.8899922349399816],[113.28861236572266,-1.8886196904635],[113.29307556152344,-1.8913647783314929],[113.29341888427734,-1.8893059628373123],[113.28998565673828,-1.888962826684292],[113.28895568847656,-1.8834726390268912],[113.29822540283203,-1.8930804560439043],[113.31024169921875,-1.8886196904635],[113.3023452758789,-1.89376672665351],[113.30474853515625,-1.9009725516263103],[113.29994201660156,-1.8971980756227254],[113.30062866210938,-1.9002862838753742],[113.2968521118164,-1.903374486605415],[113.2965087890625,-1.8985706133051252],[113.29444885253906,-1.9006294177849412],[113.29273223876953,-1.8975412101454623],[113.29376220703125,-1.8951392670572602],[113.28964233398438,-1.8982274789866693]]]}},{"type":"Feature","id":"pmtiles:8/208/129:landuse:2555051200:7","properties":{"class":"residential","kind":"green","verification":"verified","source":"OpenMapTiles/OpenStreetMap national PMTiles","sourceId":"8/208/129:landuse:2555051200:7","sourceLayer":"landuse","archive":"https://its.hanifahseptiani45.workers.dev/v1/map/archive/indonesia.pmtiles","updatedAt":"2026-07-26T09:35:35.165Z"},"geometry":{"type":"Polygon","coordinates":[[[113.38199615478516,-1.9253348792976936],[113.37959289550781,-1.924991750329454],[113.37581634521484,-1.9184722868241977],[113.38268280029297,-1.909894007525807],[113.38233947753906,-1.9129821930170436],[113.38508605957031,-1.9122959300546825],[113.38371276855469,-1.9095508754617754],[113.39710235595703,-1.9143547181180338],[113.38268280029297,-1.9157272421200986],[113.38062286376953,-1.920531067461667],[113.38199615478516,-1.9253348792976936]]]}},{"type":"Feature","id":"pmtiles:8/208/129:transportation_name:824876360:1","properties":{"name":"Jalan Trans Kalimantan","name_int":"Jalan Trans Kalimantan","class":"trunk","name:latin":"Jalan Trans Kalimantan","name_de":"Jalan Trans Kalimantan","name_en":"Jalan Trans Kalimantan","highway":"trunk","kind":"road","verification":"verified","source":"OpenMapTiles/OpenStreetMap national PMTiles","sourceId":"8/208/129:transportation_name:824876360:1","sourceLayer":"transportation_name","archive":"https://its.hanifahseptiani45.workers.dev/v1/map/archive/indonesia.pmtiles","updatedAt":"2026-07-26T09:35:35.167Z"},"geometry":{"type":"LineString","coordinates":[[113.38336944580078,-1.9092077433292332],[113.37890625,-1.916070372948809],[113.37821960449219,-1.9191585473121506],[113.37100982666016,-1.920531067461667],[113.36723327636719,-1.9198448075246688],[113.35590362548828,-1.9356287161687789],[113.35315704345703,-1.937344349579675],[113.3514404296875,-1.937344349579675],[113.34251403808594,-1.9311680611790365],[113.34148406982422,-1.9287661651788994],[113.34320068359375,-1.922932975069969],[113.34217071533203,-1.920531067461667],[113.34388732910156,-1.9150409802564923],[113.34388732910156,-1.9105802714482962],[113.33976745605469,-1.9068058164840807],[113.33908081054688,-1.9044038862866302],[113.33187103271484,-1.9020019527411165],[113.32672119140625,-1.9020019527411165],[113.32225799560547,-1.905433285352899],[113.31745147705078,-1.9037176199007888],[113.31642150878906,-1.8996000158517319],[113.31916809082031,-1.8923941851626296],[113.31676483154297,-1.888962826684292],[113.31367492675781,-1.887247144902787],[113.30131530761719,-1.894109861856407],[113.29582214355469,-1.89376672665351],[113.29307556152344,-1.894452996991319],[113.2803726196289,-1.9037176199007888],[113.27144622802734,-1.903374486605415],[113.26286315917969,-1.905433285352899],[113.25977325439453,-1.9088646111281804],[113.258056640625,-1.9129821930170436],[113.25393676757812,-1.9136684557048653],[113.25050354003906,-1.9184722868241977],[113.24432373046875,-1.9188154171025928],[113.24226379394531,-1.9208741973268246],[113.23402404785156,-1.9212173271230455],[113.214111328125,-1.9359718429899004],[113.21136474609375,-1.9359718429899004],[113.20964813232422,-1.9325405716550677],[113.2034683227539,-1.9270505231025368],[113.1924819946289,-1.923276104452441],[113.17703247070312,-1.9263642657879245],[113.16707611083984,-1.9273936516561463],[113.16535949707031,-1.929109293386631],[113.16123962402344,-1.9304818055252468],[113.15780639648438,-1.9352855892782088],[113.15128326416016,-1.938716855057308],[113.14373016357422,-1.9448931159230085],[113.14132690429688,-1.94420686583085],[113.13823699951172,-1.9452362408644035],[113.13617706298828,-1.9431774901694894],[113.13240051269531,-1.9435206154596756],[113.12862396240234,-1.9414618626730658],[113.11317443847656,-1.9459224905378534]]}},{"type":"Feature","id":"pmtiles:8/208/129:water:6016209742:0","properties":{"intermittent":0,"class":"river","id":601620974,"water":"river","kind":"waterway","verification":"verified","source":"OpenMapTiles/OpenStreetMap national PMTiles","sourceId":"8/208/129:water:6016209742:0","sourceLayer":"water","archive":"https://its.hanifahseptiani45.workers.dev/v1/map/archive/indonesia.pmtiles","updatedAt":"2026-07-26T09:35:35.169Z"},"geometry":{"type":"Polygon","coordinates":[[[113.3291244506836,-1.8971980756227254],[113.3294677734375,-1.888962826684292],[113.32809448242188,-1.8845020505319496],[113.31710815429688,-1.878325572385208],[113.31401824951172,-1.8748941861973094],[113.31058502197266,-1.8731784905799316],[113.30852508544922,-1.8704333740978853],[113.30818176269531,-1.8680313936525579],[113.30989837646484,-1.8625411403088492],[113.31195831298828,-1.8604822908916105],[113.31504821777344,-1.8591097232781806],[113.323974609375,-1.8591097232781806],[113.32775115966797,-1.856364584850283],[113.32809448242188,-1.8529331558215176],[113.32706451416016,-1.8498448640108904],[113.32534790039062,-1.8488154322122057],[113.31573486328125,-1.8474428555519324],[113.31127166748047,-1.8446976990504282],[113.30921173095703,-1.8426388288940245],[113.3078384399414,-1.8371484968478882],[113.30955505371094,-1.8371484968478882],[113.31161499023438,-1.8412662474672885],[113.31710815429688,-1.8443545541897635],[113.32534790039062,-1.8457271332352576],[113.32843780517578,-1.8484722881465956],[113.33084106445312,-1.8532762990237757],[113.33049774169922,-1.8580802968676693],[113.32843780517578,-1.8601391490883543],[113.32294464111328,-1.8621979989063249],[113.31642150878906,-1.8618548574369669],[113.31367492675781,-1.8625411403088492],[113.31230163574219,-1.8645999873202896],[113.31195831298828,-1.8680313936525579],[113.31298828125,-1.8718059328761854],[113.31951141357422,-1.8766098801329179],[113.32706451416016,-1.879698124974027],[113.33255767822266,-1.8855314614284566],[113.33324432373047,-1.8906785067714083],[113.33187103271484,-1.8954824019882324],[113.33221435546875,-1.8968549410319042],[113.3291244506836,-1.8971980756227254]]]}},{"type":"Feature","id":"pmtiles:8/208/129:water:6016209752:0","properties":{"intermittent":0,"class":"river","id":601620975,"water":"river","kind":"waterway","verification":"verified","source":"OpenMapTiles/OpenStreetMap national PMTiles","sourceId":"8/208/129:water:6016209752:0","sourceLayer":"water","archive":"https://its.hanifahseptiani45.workers.dev/v1/map/archive/indonesia.pmtiles","updatedAt":"2026-07-26T09:35:35.169Z"},"geometry":{"type":"Polygon","coordinates":[[[113.36071014404297,-1.9044038862866302],[113.36071014404297,-1.9064626838038805],[113.35933685302734,-1.9071489490958697],[113.35762023925781,-1.9109234033067253],[113.35693359375,-1.9212173271230455],[113.35281372070312,-1.9267073944798057],[113.35041046142578,-1.9270505231025368],[113.3462905883789,-1.9239623630103466],[113.34457397460938,-1.9212173271230455],[113.34423065185547,-1.916756634399988],[113.345947265625,-1.9088646111281804],[113.34285736083984,-1.901658819104398],[113.34182739257812,-1.9006294177849412],[113.33358764648438,-1.9013156853994673],[113.33187103271484,-1.9002862838753742],[113.3294677734375,-1.8975412101454623],[113.33221435546875,-1.8968549410319042],[113.3353042602539,-1.8985706133051252],[113.34354400634766,-1.8989137475554685],[113.345947265625,-1.9002862838753742],[113.34835052490234,-1.905433285352899],[113.34732055664062,-1.9215604568503437],[113.34903717041016,-1.9236192337659048],[113.35212707519531,-1.923276104452441],[113.35453033447266,-1.9198448075246688],[113.35418701171875,-1.911609666817867],[113.35487365722656,-1.9074920816392336],[113.35693359375,-1.9057764182382755],[113.36071014404297,-1.9044038862866302]]]}},{"type":"Feature","id":"pmtiles:8/208/129:water:6016296662:0","properties":{"intermittent":0,"class":"river","id":601629666,"water":"river","kind":"waterway","verification":"verified","source":"OpenMapTiles/OpenStreetMap national PMTiles","sourceId":"8/208/129:water:6016296662:0","sourceLayer":"water","archive":"https://its.hanifahseptiani45.workers.dev/v1/map/archive/indonesia.pmtiles","updatedAt":"2026-07-26T09:35:35.169Z"},"geometry":{"type":"Polygon","coordinates":[[[113.39710235595703,-1.9184722868241977],[113.39813232421875,-1.916070372948809],[113.39744567871094,-1.9146978492216107],[113.3792495727539,-1.9068058164840807],[113.37959289550781,-1.9040607531278795],[113.38165283203125,-1.9040607531278795],[113.3840560913086,-1.9068058164840807],[113.389892578125,-1.9078352141141437],[113.39847564697266,-1.9119527984705798],[113.40019226074219,-1.9143547181180338],[113.40019226074219,-1.9195016774528426],[113.39916229248047,-1.9212173271230455],[113.39778900146484,-1.9304818055252468],[113.39229583740234,-1.9418049883117163],[113.38886260986328,-1.9469518645243795],[113.389892578125,-1.9493537347141796],[113.39469909667969,-1.951069354180433],[113.3953857421875,-1.9527849718966763],[113.39469909667969,-1.9531280952297863],[113.38783264160156,-1.950039982710578],[113.38680267333984,-1.9452362408644035],[113.39092254638672,-1.9383737287922145],[113.39332580566406,-1.9359718429899004],[113.39710235595703,-1.9287661651788994],[113.39778900146484,-1.9236192337659048],[113.39710235595703,-1.9184722868241977]]]}},{"type":"Feature","id":"pmtiles:8/208/129:waterway:439918660:0","properties":{"name_int":"Katingan","name_de":"Sungai Katingan","name":"Sungai Katingan","name:id":"Sungai Katingan","name:en":"Katingan River","class":"river","name:latin":"Sungai Katingan","name_en":"Katingan River","waterway":"river","kind":"waterway","verification":"verified","source":"OpenMapTiles/OpenStreetMap national PMTiles","sourceId":"8/208/129:waterway:439918660:0","sourceLayer":"waterway","archive":"https://its.hanifahseptiani45.workers.dev/v1/map/archive/indonesia.pmtiles","updatedAt":"2026-07-26T09:35:35.169Z"},"geometry":{"type":"LineString","coordinates":[[112.89791107177734,-1.3841426927919969],[112.89722442626953,-1.3958122316124673],[112.90546417236328,-1.4043927379432262],[112.90855407714844,-1.413659649390297],[112.9119873046875,-1.4153757400509477],[112.91370391845703,-1.413659649390297],[112.91507720947266,-1.4074817125203651],[112.91851043701172,-1.4067952740787462],[112.92984008789062,-1.4119435574612282],[112.93155670166016,-1.4160621759597092],[112.9339599609375,-1.417091829441631],[112.93876647949219,-1.4153757400509477],[112.94425964355469,-1.4191511350318962],[112.94803619384766,-1.4153757400509477],[112.95318603515625,-1.4129732127708081],[112.9555892944336,-1.4067952740787462],[112.95764923095703,-1.4050791770912952],[112.96794891357422,-1.4057656160376553],[112.97069549560547,-1.4026766391911707],[112.9782485961914,-1.4016469793357231],[112.98614501953125,-1.4023334192896897],[112.98614501953125,-1.4050791770912952],[112.98133850097656,-1.4116003389233214],[112.97996520996094,-1.41846470003874],[112.98580169677734,-1.4194943524520767],[112.9892349243164,-1.4174350471672312],[112.99713134765625,-1.416748611665156],[113.00090789794922,-1.418121482465807],[113.00468444824219,-1.418121482465807],[113.0057144165039,-1.4225833069396288],[113.00914764404297,-1.4236129575168803],[113.016357421875,-1.4222400899784162],[113.03386688232422,-1.4212104387885347],[113.04725646972656,-1.4239561742738118],[113.06339263916016,-1.4291044194878282],[113.07369232177734,-1.4194943524520767],[113.07472229003906,-1.4164053938378487],[113.07746887207031,-1.4153757400509477],[113.07884216308594,-1.4160621759597092],[113.08090209960938,-1.4222400899784162],[113.08502197265625,-1.424985824237865],[113.0881118774414,-1.4294476354255607],[113.09326171875,-1.4342526531612947],[113.0984115600586,-1.4507269228801078],[113.10150146484375,-1.4555318956783623],[113.10596466064453,-1.4565615313756126],[113.11798095703125,-1.4562183195287872],[113.1203842163086,-1.459307224267235],[113.1203842163086,-1.4620529138069145],[113.11832427978516,-1.4647985999883275],[113.11454772949219,-1.4661714418177212],[113.1093978881836,-1.469603542706011],[113.09669494628906,-1.4713195911730708],[113.0936050415039,-1.4726924289962682],[113.09154510498047,-1.4750948931515353],[113.09051513671875,-1.4795566054115596],[113.09154510498047,-1.4847047237895197],[113.09394836425781,-1.4877935890641822],[113.09806823730469,-1.490196036843642],[113.1039047241211,-1.4908824500137712],[113.10768127441406,-1.493284894423084],[113.11145782470703,-1.4980897753593894],[113.11454772949219,-1.5121611516422035],[113.11866760253906,-1.5169659909851703],[113.12313079833984,-1.5197116086781648],[113.13274383544922,-1.5203980125562566],[113.13514709472656,-1.521427617964136],[113.13926696777344,-1.525546034678115],[113.14098358154297,-1.5296644435081674],[113.13961029052734,-1.5406468283496935],[113.14167022705078,-1.544422010083025],[113.14407348632812,-1.5454516039379484],[113.14682006835938,-1.5447652080901122],[113.15128326416016,-1.5420196224822007],[113.15471649169922,-1.5375580383182097],[113.16226959228516,-1.5337828444330626],[113.16844940185547,-1.532753244944118],[113.1756591796875,-1.5348124434266026],[113.17977905273438,-1.5348124434266026],[113.18389892578125,-1.537901237431484],[113.18836212158203,-1.5433924157292864],[113.19419860839844,-1.5447652080901122],[113.20072174072266,-1.5413332255265715],[113.2034683227539,-1.5413332255265715],[113.20621490478516,-1.5433924157292864],[113.20724487304688,-1.5471675925867174],[113.20449829101562,-1.550599565718386],[113.19557189941406,-1.553688336779345],[113.19385528564453,-1.55609071114921],[113.19454193115234,-1.559522669786844],[113.19694519042969,-1.5626114277758774],[113.20037841796875,-1.5636410127632416],[113.20518493652344,-1.5626114277758774],[113.20793151855469,-1.5605522562873517],[113.21342468261719,-1.558836278506675],[113.21823120117188,-1.5615818422837862],[113.2199478149414,-1.5657001812225246],[113.22063446044922,-1.5718776744529208],[113.22338104248047,-1.5742800279994213],[113.22750091552734,-1.5749664142187072],[113.2309341430664,-1.572220867986033],[113.23333740234375,-1.5670729590717656],[113.236083984375,-1.5670729590717656],[113.23814392089844,-1.5684457360211894],[113.23917388916016,-1.5711912872174594],[113.23711395263672,-1.5749664142187072],[113.23265075683594,-1.578398341921897],[113.22784423828125,-1.5838894144598328],[113.21891784667969,-1.5886940909956166],[113.21788787841797,-1.595214705556856],[113.22166442871094,-1.604137618292114],[113.22441101074219,-1.6202674001017385],[113.22818756103516,-1.6236992520436928],[113.23333740234375,-1.6243856217332535],[113.24089050292969,-1.62129695629541],[113.24535369873047,-1.6226696970723538],[113.2467269897461,-1.6254151758303692],[113.24638366699219,-1.6298765708473013],[113.23848724365234,-1.6367402361776016],[113.23745727539062,-1.6387993311997775],[113.23814392089844,-1.6425743332398213],[113.2412338256836,-1.6436038780135647],[113.24775695800781,-1.6425743332398213],[113.25084686279297,-1.6398288779170969],[113.25428009033203,-1.6384561488430336],[113.2583999633789,-1.6394856957368376],[113.26080322265625,-1.6418879697625641],[113.26080322265625,-1.6566447324225066],[113.25874328613281,-1.6621355928462833],[113.25393676757812,-1.665224195127692],[113.23986053466797,-1.6679696153146324],[113.2364273071289,-1.6720877384104398],[113.2357406616211,-1.675176325063191],[113.23711395263672,-1.6799807835080998],[113.2412338256836,-1.6830693576994946],[113.25599670410156,-1.6844420557703472],[113.25942993164062,-1.6858147528740517],[113.2632064819336,-1.6889033178172639],[113.26423645019531,-1.6930213967703338],[113.26286315917969,-1.7029733847477075],[113.26526641845703,-1.7067482633111695],[113.26972961425781,-1.7077777743612046],[113.2741928100586,-1.705375581053758],[113.27693939208984,-1.7009143569590748],[113.27728271484375,-1.6926782238580955],[113.27934265136719,-1.6892464913969718],[113.28243255615234,-1.6882169704760344],[113.2858657836914,-1.6892464913969718],[113.28758239746094,-1.6919918778514216],[113.2906723022461,-1.7022870423957954],[113.2906723022461,-1.7146411672504485],[113.2913589477539,-1.7167001803225048],[113.29273223876953,-1.7187591911769005],[113.29719543457031,-1.7208181998109495],[113.30509185791016,-1.7221908709988298],[113.30680847167969,-1.7242498759264606],[113.30646514892578,-1.7269952123646135],[113.29994201660156,-1.7293973784947525],[113.29273223876953,-1.7359175283648796],[113.28758239746094,-1.7359175283648796],[113.280029296875,-1.7314563756147976],[113.27625274658203,-1.7314563756147976],[113.27213287353516,-1.7328290391190535],[113.26835632324219,-1.7396923417013568],[113.27213287353516,-1.7489577605599607],[113.27213287353516,-1.7606252599387346],[113.27384948730469,-1.7630273831138652],[113.28105926513672,-1.766115822640728],[113.28208923339844,-1.7681747794740517],[113.28277587890625,-1.7757242683011611],[113.28380584716797,-1.777440056920213],[113.29479217529297,-1.7819010998637452],[113.29959869384766,-1.7819010998637452],[113.31161499023438,-1.7794990011582144],[113.31676483154297,-1.7815579430975248],[113.31779479980469,-1.7860189760676093],[113.31710815429688,-1.7911663083424827],[113.30989837646484,-1.7952841637525268],[113.29994201660156,-1.7952841637525268],[113.29307556152344,-1.7980293955404107],[113.28998565673828,-1.8014609294680355],[113.28277587890625,-1.8131280963979464],[113.28483581542969,-1.8158733012343902],[113.28826904296875,-1.8162164515458699],[113.3023452758789,-1.8134712472303391],[113.30886840820312,-1.8107260387503317],[113.31607818603516,-1.8055787616476664],[113.31916809082031,-1.805235609322068],[113.323974609375,-1.8079808261121428],[113.32534790039062,-1.8131280963979464],[113.32260131835938,-1.8189616516906142],[113.31367492675781,-1.8251383367343266],[113.30886840820312,-1.830285558065512],[113.30886840820312,-1.8368053505341777],[113.31127166748047,-1.842295683636479],[113.31745147705078,-1.8464134223606976],[113.3236312866211,-1.8470997112211336],[113.32775115966797,-1.849501720144346],[113.33015441894531,-1.853619442159527],[113.32843780517578,-1.8584234390711885],[113.32466125488281,-1.8604822908916105],[113.31504821777344,-1.8608254326281042],[113.31230163574219,-1.8625411403088492],[113.31058502197266,-1.8666588319232602],[113.31195831298828,-1.8714627932823191],[113.31985473632812,-1.8779824340694802],[113.32809448242188,-1.8814138141925127],[113.33152770996094,-1.887247144902787],[113.33084106445312,-1.8971980756227254],[113.3353042602539,-1.9006294177849412],[113.34182739257812,-1.899943149897652],[113.34423065185547,-1.901658819104398],[113.3456039428711,-1.9037176199007888],[113.34663391113281,-1.9105802714482962],[113.34697723388672,-1.922932975069969],[113.34903717041016,-1.924991750329454],[113.35212707519531,-1.9256780081968827],[113.35453033447266,-1.923276104452441],[113.35590362548828,-1.9198448075246688],[113.35590362548828,-1.9092077433292332],[113.35693359375,-1.9074920816392336],[113.36071014404297,-1.9057764182382755],[113.36517333984375,-1.9057764182382755],[113.3675765991211,-1.9085214788586455],[113.36997985839844,-1.916756634399988],[113.37238311767578,-1.9181291564769651],[113.37615966796875,-1.9181291564769651],[113.37890625,-1.9150409802564923],[113.37890625,-1.911266535096587],[113.37787628173828,-1.9085214788586455],[113.37821960449219,-1.9064626838038805],[113.38027954101562,-1.905433285352899],[113.3840560913086,-1.9078352141141437],[113.3950424194336,-1.911266535096587],[113.39881896972656,-1.91401158694579],[113.39847564697266,-1.9191585473121506],[113.3957290649414,-1.9208741973268246],[113.39195251464844,-1.920187937527615],[113.38611602783203,-1.9143547181180338],[113.3840560913086,-1.9150409802564923],[113.38130950927734,-1.9184722868241977],[113.38096618652344,-1.922246716098087],[113.38302612304688,-1.9260211370269644],[113.39195251464844,-1.9311680611790365],[113.39298248291016,-1.9342562081899501],[113.39298248291016,-1.9376874760533696],[113.38817596435547,-1.9476381134994796],[113.3895492553711,-1.9503831066038373],[113.39813232421875,-1.9545005878613892],[113.4012222290039,-1.9579318145300846],[113.40499877929688,-1.9668529709630604],[113.40774536132812,-1.968568572507266],[113.411865234375,-1.969254812630652],[113.41564178466797,-1.9675392117925128],[113.42147827148438,-1.953814341685785],[113.42456817626953,-1.9520987250202637],[113.4280014038086,-1.9524418484934927],[113.43006134033203,-1.9541574648086453],[113.43109130859375,-1.9569024472665006],[113.43109130859375,-1.9610199125262682],[113.42731475830078,-1.9730291282550496],[113.4280014038086,-1.9819502038348844],[113.42147827148438,-1.9980766414069961],[113.4177017211914,-2.001507777950607],[113.411865234375,-2.003566456430846],[113.40911865234375,-2.0056251323234022],[113.40740203857422,-2.009399364730129],[113.40946197509766,-2.0203789002568016],[113.41358184814453,-2.0279272879011643],[113.41976165771484,-2.031358361561473],[113.42662811279297,-2.033760108788343],[113.43452453613281,-2.03993601380229],[113.4389877319336,-2.0406222240081604],[113.44070434570312,-2.0382204870071234],[113.44104766845703,-2.0351325341702164],[113.4396743774414,-2.0265548563992724],[113.44207763671875,-2.0241530984723397],[113.4506607055664,-2.0241530984723397],[113.4554672241211,-2.0169478033588604],[113.45890045166016,-2.013516699224951],[113.46199035644531,-2.0131735884140625],[113.46508026123047,-2.0148891417460533],[113.46576690673828,-2.0183202429870306],[113.46542358398438,-2.0371911700524805],[113.4616470336914,-2.048170516924344],[113.45649719238281,-2.0540032643721275],[113.44860076904297,-2.0584635862900313],[113.43727111816406,-2.060522192198377],[113.43555450439453,-2.062237695089294],[113.43521118164062,-2.068070391074727],[113.43761444091797,-2.0721875753353203],[113.44104766845703,-2.073903065619078],[113.44757080078125,-2.0725306735407827],[113.455810546875,-2.0694427870163423],[113.46302032470703,-2.0642962961168934],[113.47297668457031,-2.059492889576674],[113.47572326660156,-2.0570911808740533],[113.47640991210938,-2.0526308551215635],[113.47400665283203,-2.0471412063451595],[113.47469329833984,-2.0447394790905236],[113.47675323486328,-2.0430239574220224],[113.48396301269531,-2.043367061902373],[113.48773956298828,-2.0454256872445313],[113.4891128540039,-2.049886033086622],[113.4884262084961,-2.0546894685553525],[113.48533630371094,-2.0581204850467856],[113.48190307617188,-2.0653255956310943],[113.48018646240234,-2.0725306735407827],[113.47846984863281,-2.0752754565069864],[113.47537994384766,-2.0776771376940815],[113.47057342529297,-2.0783633316483474],[113.46748352050781,-2.080078815228987],[113.46542358398438,-2.082823585077122],[113.46542358398438,-2.0896854887624414],[113.46817016601562,-2.0934595230142037],[113.4722900390625,-2.09483189685362],[113.49254608154297,-2.09483189685362],[113.5000991821289,-2.0883131104210975],[113.50318908691406,-2.0883131104210975],[113.5055923461914,-2.0896854887624414],[113.50799560546875,-2.0931164293665603],[113.50868225097656,-2.0979197335949067],[113.50730895996094,-2.105810844217217],[113.50456237792969,-2.1140450039977594],[113.50833892822266,-2.1281115924775804],[113.50765228271484,-2.1325717035329887],[113.5055923461914,-2.135316380835107],[113.50112915039062,-2.1370318016598873],[113.49494934082031,-2.13634563355987],[113.49220275878906,-2.1370318016598873],[113.49014282226562,-2.139090304119705],[113.49014282226562,-2.1421780526290775],[113.49185943603516,-2.1456088770055857],[113.49563598632812,-2.148353530965764],[113.50147247314453,-2.1486966123641196],[113.50627899169922,-2.1469812046018006],[113.5107421875,-2.1425211354127214],[113.51211547851562,-2.1370318016598873],[113.51383209228516,-2.1339440427964433],[113.51726531982422,-2.1322286185258577],[113.5213851928711,-2.132914788463637],[113.52413177490234,-2.135316380835107],[113.52481842041016,-2.1397764709925724],[113.52241516113281,-2.1442365481779007],[113.51211547851562,-2.1510981799937525],[113.51005554199219,-2.155901303905793],[113.50765228271484,-2.158645939337873],[113.50456237792969,-2.158645939337873],[113.499755859375,-2.15555822412864],[113.49700927734375,-2.15555822412864],[113.48705291748047,-2.1603613339667334],[113.48533630371094,-2.1644782731685552],[113.48464965820312,-2.1703105845605393],[113.48602294921875,-2.17408442112297],[113.49254608154297,-2.183347434462789],[113.4946060180664,-2.187807383500825],[113.49632263183594,-2.198785663034414],[113.49769592285156,-2.2015302203142113],[113.499755859375,-2.2039317037883706],[113.50799560546875,-2.2063331833888356],[113.5107421875,-2.2087346591113857],[113.51005554199219,-2.2107930637838678],[113.50730895996094,-2.2121653319796764],[113.50284576416016,-2.2121653319796764],[113.4884262084961,-2.208048523586612],[113.48190307617188,-2.200844081467835],[113.4781265258789,-2.199471802827844],[113.47400665283203,-2.1998148726062112],[113.4719467163086,-2.201873289618959],[113.47160339355469,-2.209420794319243],[113.47469329833984,-2.2135375989059014],[113.47949981689453,-2.214909864561733],[113.48567962646484,-2.214909864561733],[113.48808288574219,-2.2162821289464034],[113.48876953125,-2.218340523138238],[113.48670959472656,-2.2207419794080465],[113.48018646240234,-2.2203989144655196],[113.47640991210938,-2.2214281090541164],[113.47091674804688,-2.227603261514375],[113.46920013427734,-2.228289387968786],[113.46782684326172,-2.227603261514375],[113.4671401977539,-2.2255448802339117],[113.4671401977539,-2.2217711737576593],[113.46473693847656,-2.2203989144655196],[113.4616470336914,-2.215939062969454],[113.45958709716797,-2.215252930777112],[113.45752716064453,-2.215939062969454],[113.455810546875,-2.227603261514375],[113.45684051513672,-2.236865941641639],[113.45958709716797,-2.2399534886980916],[113.46405029296875,-2.2409826696044775],[113.47915649414062,-2.24784385714338],[113.48190307617188,-2.2512744388249217],[113.4832763671875,-2.255734182936976],[113.48190307617188,-2.260536968995794],[113.47091674804688,-2.277346594831542],[113.4671401977539,-2.291411641314724],[113.46405029296875,-2.2955282141878968],[113.45890045166016,-2.297243449387082],[113.45649719238281,-2.29690040251198],[113.45306396484375,-2.2948421195317934],[113.4503173828125,-2.2924407856433646],[113.44310760498047,-2.2818062586229786],[113.44139099121094,-2.2807771066669886],[113.43761444091797,-2.2797479539747627],[113.4341812133789,-2.2828354098423773],[113.433837890625,-2.285579809490514],[113.43521118164062,-2.292783833588487],[113.4389877319336,-2.3051335047483974],[113.44379425048828,-2.3143956878324445],[113.44722747802734,-2.324343891142462],[113.44722747802734,-2.331890757246626],[113.44551086425781,-2.338408472674601],[113.44173431396484,-2.3432109804631978],[113.43727111816406,-2.3456122281826453],[113.43074798583984,-2.345269193046434],[113.42147827148438,-2.340466692313086],[113.4173583984375,-2.3408097286257856],[113.41529846191406,-2.3425249089296614],[113.41392517089844,-2.349728643251865],[113.41632843017578,-2.358990532755328],[113.41529846191406,-2.3631069083070315],[113.41014862060547,-2.366880241842125],[113.40259552001953,-2.3692814487448857],[113.40087890625,-2.374426878081948],[113.40328216552734,-2.3775141264898707],[113.40705871582031,-2.378200180754007],[113.411865234375,-2.3768280718846597],[113.41358184814453,-2.3785432077581277],[113.41323852539062,-2.383002551044683],[113.41014862060547,-2.3871188551055837],[113.39641571044922,-2.391578170592396],[113.39160919189453,-2.390206075062153],[113.389892578125,-2.3867758302377524],[113.3957290649414,-2.374426878081948],[113.3953857421875,-2.3709965939836053],[113.39126586914062,-2.368252360581863],[113.38714599609375,-2.3689384194421734],[113.3840560913086,-2.3737408219431444],[113.37615966796875,-2.376485044454199],[113.37135314941406,-2.384031628214501],[113.367919921875,-2.3864328052843007],[113.34938049316406,-2.392950264750297],[113.34732055664062,-2.39569444894596],[113.3462905883789,-2.3998107149273125],[113.34697723388672,-2.4042699890874673],[113.35006713867188,-2.4094152873171453],[113.35418701171875,-2.4125024569254236],[113.35933685302734,-2.4142175481246397],[113.3620834350586,-2.4173047068275793],[113.36345672607422,-2.4224499557236356],[113.36139678955078,-2.42690915562369],[113.35693359375,-2.4299962854012023],[113.35212707519531,-2.4293102571714655],[113.34869384765625,-2.4265661407686423],[113.34457397460938,-2.4186767751087785],[113.34114074707031,-2.4169616895405284],[113.33770751953125,-2.4166186721667913],[113.3291244506836,-2.4186767751087785],[113.323974609375,-2.416275654706382],[113.32157135009766,-2.4135315119046084],[113.31951141357422,-2.4135315119046084],[113.31607818603516,-2.417647724027958],[113.31607818603516,-2.421077891260893],[113.3181381225586,-2.4255370956813636],[113.31779479980469,-2.428967242925907],[113.31127166748047,-2.4317113544503144],[113.30989837646484,-2.4344554603934796],[113.30955505371094,-2.439600643971872],[113.30612182617188,-2.4413157007922734],[113.29856872558594,-2.4413157007922734],[113.29719543457031,-2.443373766087447],[113.29753875732422,-2.4450888180905395],[113.30097198486328,-2.446803867901508],[113.30303192138672,-2.449204933951151],[113.30303192138672,-2.4540070531348164],[113.30474853515625,-2.4574371277074505],[113.30886840820312,-2.4594951682217214],[113.31367492675781,-2.4584661483613246],[113.31539154052734,-2.4601811810209995],[113.31539154052734,-2.462582223038737],[113.31367492675781,-2.4653262657600976],[113.30680847167969,-2.468413307057986],[113.30406188964844,-2.471500341185788],[113.30371856689453,-2.475273373147317],[113.30577850341797,-2.4793893957642723],[113.30955505371094,-2.4817904030461904],[113.31607818603516,-2.4828194048322842],[113.31745147705078,-2.4838484058170565],[113.3184814453125,-2.4869354039601745],[113.31710815429688,-2.490708391879707],[113.31367492675781,-2.4927663807361995],[113.30852508544922,-2.49310937856616],[113.29856872558594,-2.4893363975221803],[113.29582214355469,-2.4917373867100423],[113.29547882080078,-2.494138371519554],[113.29788208007812,-2.497911338792619],[113.29925537109375,-2.5085441881956285],[113.30577850341797,-2.515061053188802],[113.30577850341797,-2.5181479778796216],[113.30337524414062,-2.5222638660881955],[113.29753875732422,-2.527408708031132],[113.29582214355469,-2.535640412707764],[113.29170227050781,-2.5438720650119535],[113.29170227050781,-2.5479878714713777],[113.2965087890625,-2.55587646372571],[113.3016586303711,-2.5593062713318204],[113.31092834472656,-2.5627360697608594],[113.3133316040039,-2.564450965530142],[113.31539154052734,-2.567880750170559],[113.31539154052734,-2.575083267929614],[113.3074951171875,-2.5826287190484294],[113.3074951171875,-2.586058454748084],[113.30921173095703,-2.5874303464322566],[113.31367492675781,-2.5867444007756717],[113.31710815429688,-2.584000614440228],[113.31985473632812,-2.5795419490007134],[113.32191467285156,-2.570281593940976],[113.32294464111328,-2.5689096837677425],[113.33187103271484,-2.5661658590005487],[113.34114074707031,-2.565479901888338],[113.345947265625,-2.569938616535879],[113.34663391113281,-2.574054339311573],[113.34354400634766,-2.5778270735140865],[113.33805084228516,-2.5822857449689565],[113.33633422851562,-2.5857154815951873],[113.33805084228516,-2.591203040907317],[113.3401107788086,-2.5936038406299673],[113.34251403808594,-2.5942897825710673],[113.34663391113281,-2.5942897825710673],[113.3510971069336,-2.591546012575094],[113.35418701171875,-2.591546012575094],[113.35624694824219,-2.5932608695199093],[113.35693359375,-2.5970335466136447],[113.35487365722656,-2.5994343352623304],[113.34869384765625,-2.6032069939098363],[113.33805084228516,-2.6062937062215212],[113.33564758300781,-2.6086944772311256],[113.3353042602539,-2.6155537977035834],[113.33839416503906,-2.6176115865347924],[113.3404541015625,-2.6172686219641577],[113.34388732910156,-2.6124671081273334],[113.3456039428711,-2.6114382099153772],[113.35693359375,-2.6080085431244555],[113.36414337158203,-2.610066344321936],[113.36551666259766,-2.6128100740106532],[113.36174011230469,-2.6200123359005687],[113.36139678955078,-2.6251567833214864],[113.36448669433594,-2.6330448948864102],[113.36345672607422,-2.634416735282173],[113.35968017578125,-2.634416735282173],[113.35693359375,-2.6330448948864102],[113.35315704345703,-2.627557518206089],[113.34972381591797,-2.626871594424216],[113.34800720214844,-2.6289293646392053],[113.34766387939453,-2.6385322473984303],[113.34388732910156,-2.6457343608089587],[113.34354400634766,-2.648478012062853],[113.34526062011719,-2.6522505226124338],[113.35418701171875,-2.6591096032119736],[113.35556030273438,-2.6639109369467207],[113.35041046142578,-2.6834590306731485],[113.34835052490234,-2.68620259781261],[113.3456039428711,-2.6882602691226083],[113.33358764648438,-2.6927185450542908],[113.32878112792969,-2.695462091366082],[113.32534790039062,-2.698891515557577],[113.31642150878906,-2.703692693166971],[113.31058502197266,-2.7115803008360047],[113.30543518066406,-2.7242689530269644],[113.30268859863281,-2.7276982955577864],[113.2965087890625,-2.729755896383068],[113.28414916992188,-2.72598362551399],[113.280029296875,-2.727355361744557],[113.27625274658203,-2.7318134936852374],[113.2741928100586,-2.739700917324612],[113.2745361328125,-2.748960000504624],[113.27796936035156,-2.7589048616678156],[113.2851791381836,-2.76473456921363],[113.29513549804688,-2.768163795569805],[113.2968521118164,-2.771935933099215],[113.29547882080078,-2.7746792982965047],[113.28964233398438,-2.7777655765336675],[113.28311920166016,-2.7784514150468453],[113.27144622802734,-2.775365138601373],[113.26766967773438,-2.777422657127701],[113.26732635498047,-2.7839381088009674],[113.26904296875,-2.7866814461002605],[113.28792572021484,-2.8038271591181285],[113.2906723022461,-2.811714102819167],[113.29032897949219,-2.8161719169870594],[113.28758239746094,-2.8237158713131834],[113.28346252441406,-2.8278307348499965],[113.27384948730469,-2.829545257016676],[113.27213287353516,-2.8305739690996035],[113.27213287353516,-2.8333171968552904]]}}]}