{"type":"FeatureCollection","features":[{"type":"Feature","id":"pmtiles:10/857/518:waterway:3168382940:0","properties":{"name":"Ue Lantula","name_int":"Ue Lantula","class":"river","name:latin":"Ue Lantula","name_de":"Ue Lantula","name_en":"Ue Lantula","waterway":"river","kind":"waterway","verification":"verified","source":"OpenMapTiles/OpenStreetMap national PMTiles","sourceId":"10/857/518:waterway:3168382940:0","sourceLayer":"waterway","archive":"https://its.hanifahseptiani45.workers.dev/v1/map/archive/indonesia.pmtiles","updatedAt":"2026-07-26T09:42:48.206Z"},"geometry":{"type":"LineString","coordinates":[[121.64689064025879,-2.2056470467556437],[121.64517402648926,-2.2027309625352416],[121.64431571960449,-2.202902497059256],[121.64397239685059,-2.203331333282833],[121.64405822753906,-2.2048751426650455],[121.64294242858887,-2.204789375519141],[121.64259910583496,-2.204274772539989],[121.64156913757324,-2.2020448242417103],[121.64165496826172,-2.201444452975693],[121.64216995239258,-2.201015616209034],[121.64328575134277,-2.2009298488409],[121.64517402648926,-2.199386035370935],[121.64534568786621,-2.198614128036766],[121.64474487304688,-2.198356825503325],[121.64268493652344,-2.1989571980123515],[121.6417407989502,-2.198785663034414],[121.64165496826172,-2.1981852904563794],[121.64277076721191,-2.196641474147043],[121.64285659790039,-2.195869565393977],[121.6420841217041,-2.1937253723213956],[121.64216995239258,-2.1926103907087082],[121.6417407989502,-2.1923530871416403],[121.63993835449219,-2.1923530871416403],[121.6395092010498,-2.192010015650041],[121.6391658782959,-2.1911523365771473],[121.63933753967285,-2.190123121041225],[121.64011001586914,-2.190208889029577],[121.64156913757324,-2.190895032759471],[121.64371490478516,-2.190551960933803],[121.6446590423584,-2.189780049038802],[121.6446590423584,-2.188579296411774]]}},{"type":"Feature","id":"pmtiles:10/858/518:landcover:135558503:0","properties":{"subclass":"wood","class":"wood","kind":"green","verification":"verified","source":"OpenMapTiles/OpenStreetMap national PMTiles","sourceId":"10/858/518:landcover:135558503:0","sourceLayer":"landcover","archive":"https://its.hanifahseptiani45.workers.dev/v1/map/archive/indonesia.pmtiles","updatedAt":"2026-07-26T09:42:48.267Z"},"geometry":{"type":"Polygon","coordinates":[[[121.6351318359375,-2.4656692707025485],[121.6351318359375,-2.3568465823290126],[121.6380500793457,-2.3565893080559164],[121.64517402648926,-2.3482707476349702],[121.66122436523438,-2.34303946261133],[121.67675971984863,-2.3393518237171804],[121.68980598449707,-2.3225429284904067],[121.70165061950684,-2.3203989223397343],[121.70465469360352,-2.3312904398321592],[121.70345306396484,-2.339523342020385],[121.70714378356934,-2.341324282937407],[121.71847343444824,-2.331376199478484],[121.72988891601562,-2.337808158044524],[121.74284934997559,-2.3465555743734257],[121.76018714904785,-2.3558174849513733],[121.78421974182129,-2.3434682572016214],[121.79237365722656,-2.3548741450205313],[121.77864074707031,-2.368852662103194],[121.77967071533203,-2.3811159075692103],[121.80816650390625,-2.3999822257410415],[121.81194305419922,-2.4119879291438053],[121.8270492553711,-2.428967242925907],[121.81666374206543,-2.4492906862304977],[121.82353019714355,-2.4574371277074505],[121.82902336120605,-2.4656692707025485],[121.6351318359375,-2.4656692707025485]]]}},{"type":"Feature","id":"pmtiles:10/858/518:landuse:193837003:0","properties":{"class":"industrial","kind":"green","verification":"verified","source":"OpenMapTiles/OpenStreetMap national PMTiles","sourceId":"10/858/518:landuse:193837003:0","sourceLayer":"landuse","archive":"https://its.hanifahseptiani45.workers.dev/v1/map/archive/indonesia.pmtiles","updatedAt":"2026-07-26T09:42:48.267Z"},"geometry":{"type":"Polygon","coordinates":[[[121.76645278930664,-2.2878096303417266],[121.75117492675781,-2.277346594831542],[121.75168991088867,-2.2759743878095406],[121.75271987915039,-2.2766604914838666],[121.75426483154297,-2.276917780277529],[121.75477981567383,-2.27477370559383],[121.75623893737793,-2.272543864541916],[121.75460815429688,-2.271428942724299],[121.75332069396973,-2.2690275697333675],[121.75357818603516,-2.2679126452031824],[121.75469398498535,-2.267655354804944],[121.75589561462402,-2.2680841721099227],[121.75778388977051,-2.2665404292173434],[121.75786972045898,-2.2659400843144653],[121.75812721252441,-2.265597029972483],[121.76027297973633,-2.2647393937620564],[121.76130294799805,-2.2648251574059515],[121.76173210144043,-2.2645678664590463],[121.76319122314453,-2.2609657884073187],[121.76284790039062,-2.260708496775621],[121.76276206970215,-2.2601081494575936],[121.76362037658691,-2.2599366216068404],[121.76396369934082,-2.2595935658445683],[121.76482200622559,-2.2601081494575936],[121.76490783691406,-2.260536968995794],[121.76473617553711,-2.260794260657917],[121.76542282104492,-2.2612230799933997],[121.7655086517334,-2.2610515522744095],[121.76628112792969,-2.261737663028711],[121.76610946655273,-2.261994954477913],[121.76688194274902,-2.2623380096725327],[121.76765441894531,-2.261651899202178],[121.76834106445312,-2.261994954477913],[121.76816940307617,-2.2623380096725327],[121.76859855651855,-2.262681064785994],[121.76885604858398,-2.2623380096725327],[121.76962852478027,-2.2627668285516904],[121.76945686340332,-2.2630241198183114],[121.77014350891113,-2.2634529384945523],[121.77065849304199,-2.264396339135729],[121.77048683166504,-2.2645678664590463],[121.77074432373047,-2.2649966846785077],[121.77031517028809,-2.2654255027710235],[121.77057266235352,-2.2661973750175974],[121.77117347717285,-2.266883483335775],[121.77074432373047,-2.267226537372906],[121.77117347717285,-2.2675695913287086],[121.77289009094238,-2.265768557153635],[121.77306175231934,-2.2660258478872635],[121.77151679992676,-2.2675695913287086],[121.77168846130371,-2.267826881742181],[121.7728042602539,-2.2670550103645013],[121.77297592163086,-2.267226537372906],[121.77194595336914,-2.2680841721099227],[121.77237510681152,-2.270399783359622],[121.77237510681152,-2.270742836562647],[121.77203178405762,-2.271171652951864],[121.7724609375,-2.272029285348438],[121.7721176147461,-2.2722008117666377],[121.77271842956543,-2.2733157329882374],[121.77125930786133,-2.2742591271953927],[121.77091598510742,-2.2742591271953927],[121.77005767822266,-2.273229969847918],[121.76816940307617,-2.2751167577574734],[121.76928520202637,-2.2765747285424425],[121.76885604858398,-2.277861172127899],[121.76799774169922,-2.277003543198532],[121.76516532897949,-2.2792333773526536],[121.76602363586426,-2.280862869358117],[121.7695426940918,-2.283006934973983],[121.76894187927246,-2.283435747713412],[121.76919937133789,-2.2842076103218716],[121.7680835723877,-2.2854940470808884],[121.76645278930664,-2.2878096303417266]]]}},{"type":"Feature","id":"pmtiles:10/858/518:landuse:193837003:1","properties":{"class":"industrial","kind":"green","verification":"verified","source":"OpenMapTiles/OpenStreetMap national PMTiles","sourceId":"10/858/518:landuse:193837003:1","sourceLayer":"landuse","archive":"https://its.hanifahseptiani45.workers.dev/v1/map/archive/indonesia.pmtiles","updatedAt":"2026-07-26T09:42:48.267Z"},"geometry":{"type":"Polygon","coordinates":[[[121.76894187927246,-2.2620807182841673],[121.76919937133789,-2.261737663028711],[121.76851272583008,-2.2615661353705576],[121.76834106445312,-2.261737663028711],[121.76782608032227,-2.261394607692111],[121.76816940307617,-2.260451205098306],[121.7673110961914,-2.2601939133753746],[121.76705360412598,-2.2591647460277215],[121.76610946655273,-2.2599366216068404],[121.76576614379883,-2.2595935658445683],[121.76593780517578,-2.2593362739696516],[121.7655086517334,-2.259078982049161],[121.76593780517578,-2.2585643980714565],[121.7666244506836,-2.2549623051260994],[121.76542282104492,-2.2536758411981026],[121.76619529724121,-2.2534185482760876],[121.76671028137207,-2.2535900768958186],[121.76799774169922,-2.2549623051260994],[121.76859855651855,-2.2540188983567475],[121.7695426940918,-2.2540188983567475],[121.76997184753418,-2.254361955434547],[121.7710018157959,-2.2535900768958186],[121.77143096923828,-2.252989726638333],[121.77331924438477,-2.254447719691356],[121.77469253540039,-2.254876540899616],[121.77469253540039,-2.255305361981513],[121.77520751953125,-2.2558199471129257],[121.77555084228516,-2.2566775885940302],[121.7753791809082,-2.2572779373298033],[121.77452087402344,-2.2583928700383638],[121.77460670471191,-2.2586501620804],[121.7776107788086,-2.2610515522744095],[121.77778244018555,-2.261308843845299],[121.77743911743164,-2.2624237734584938],[121.77743911743164,-2.2633671747694564],[121.77889823913574,-2.2647393937620564],[121.77898406982422,-2.2651682119307566],[121.77855491638184,-2.2654255027710235],[121.7790699005127,-2.265511266374304],[121.7790699005127,-2.265768557153635],[121.77709579467773,-2.267655354804944],[121.77709579467773,-2.2683414624318914],[121.77555084228516,-2.2683414624318914],[121.77512168884277,-2.2667977198137947],[121.77452087402344,-2.2660258478872635],[121.77434921264648,-2.2649109210447733],[121.77314758300781,-2.2658543207365938],[121.77289009094238,-2.2656827935656025],[121.77374839782715,-2.264653630113102],[121.77400588989258,-2.2637102296394005],[121.77469253540039,-2.263538702214575],[121.77443504333496,-2.2624237734584938],[121.77383422851562,-2.261651899202178],[121.77426338195801,-2.2612230799933997],[121.77349090576172,-2.260708496775621],[121.77271842956543,-2.261480371533878],[121.77237510681152,-2.2610515522744095],[121.77040100097656,-2.2628525923122993],[121.76894187927246,-2.2620807182841673]]]}},{"type":"Feature","id":"pmtiles:10/858/518:landuse:14169113812:0","properties":{"class":"quarry","kind":"green","verification":"verified","source":"OpenMapTiles/OpenStreetMap national PMTiles","sourceId":"10/858/518:landuse:14169113812:0","sourceLayer":"landuse","archive":"https://its.hanifahseptiani45.workers.dev/v1/map/archive/indonesia.pmtiles","updatedAt":"2026-07-26T09:42:48.267Z"},"geometry":{"type":"Polygon","coordinates":[[[121.76568031311035,-2.2915831654208745],[121.76645278930664,-2.289524874791354],[121.76705360412598,-2.2890960638713693],[121.76825523376465,-2.28883877725778],[121.76902770996094,-2.2891818260656294],[121.77014350891113,-2.2903824962464228],[121.77297592163086,-2.2901252098638025],[121.77460670471191,-2.290296734124013],[121.77512168884277,-2.291325879253961],[121.77589416503906,-2.2916689274662474],[121.77709579467773,-2.2919262135715286],[121.78027153015137,-2.2938129769303686],[121.78104400634766,-2.2935556911643005],[121.78147315979004,-2.2929553575302037],[121.78147315979004,-2.2924407856433646],[121.78112983703613,-2.2920119755963384],[121.78070068359375,-2.2919262135715286],[121.78061485290527,-2.2916689274662474],[121.7808723449707,-2.291325879253961],[121.78301811218262,-2.291240117188039],[121.78327560424805,-2.2909828309594786],[121.78464889526367,-2.2920119755963384],[121.78559303283691,-2.291325879253961],[121.7863655090332,-2.289867923434983],[121.78662300109863,-2.2896106369599636],[121.78705215454102,-2.289696399123443],[121.78756713867188,-2.290296734124013],[121.78765296936035,-2.2906397825828293],[121.78722381591797,-2.291411641314724],[121.78791046142578,-2.291754689506476],[121.78756713867188,-2.2926123096262074],[121.78808212280273,-2.2929553575302037],[121.7878246307373,-2.293298405351962],[121.78722381591797,-2.2935556911643005],[121.7874813079834,-2.294156024546453],[121.78533554077148,-2.294070262650152],[121.78464889526367,-2.296042784963845],[121.78413391113281,-2.296728879043542],[121.78482055664062,-2.2976722578650737],[121.78482055664062,-2.2988729209183703],[121.78524971008301,-2.300073582961616],[121.78567886352539,-2.299473252066278],[121.78585052490234,-2.2987013976868695],[121.78627967834473,-2.298787159305192],[121.78833961486816,-2.3002451060281572],[121.7885971069336,-2.3014457669164017],[121.78765296936035,-2.3026464267934585],[121.78662300109863,-2.3029037109212283],[121.78576469421387,-2.3037613243448476],[121.78421974182129,-2.3040186082712495],[121.78396224975586,-2.304790459771496],[121.78439140319824,-2.30547654964262],[121.78524971008301,-2.3057338332590263],[121.7863655090332,-2.30539078842682],[121.78713798522949,-2.3057338332590263],[121.78997039794922,-2.306162639182986],[121.79057121276855,-2.306677206121151],[121.79057121276855,-2.307877861586192],[121.7900562286377,-2.3084781889385084],[121.78911209106445,-2.308992755038659],[121.78833961486816,-2.3093357990019285],[121.78722381591797,-2.309250038018874],[121.78722381591797,-2.310021886679934],[121.78593635559082,-2.3108794958114203],[121.78559303283691,-2.3108794958114203],[121.78439140319824,-2.3097646038395254],[121.78447723388672,-2.3093357990019285],[121.78499221801758,-2.3087354720118753],[121.78499221801758,-2.3083066668637287],[121.78413391113281,-2.307534817271062],[121.78370475769043,-2.3064199226753317],[121.783447265625,-2.306162639182986],[121.78224563598633,-2.3059053556441143],[121.78207397460938,-2.3050477435119205],[121.78035736083984,-2.3045331759845595],[121.78009986877441,-2.304104369569714],[121.78061485290527,-2.303504040371976],[121.78181648254395,-2.3035898017014347],[121.78267478942871,-2.303418279037359],[121.783447265625,-2.3025606654072135],[121.783447265625,-2.3017030512609153],[121.78318977355957,-2.3010169595723653],[121.783447265625,-2.3007596751040325],[121.783447265625,-2.300330867553697],[121.78284645080566,-2.29930172890694],[121.78138732910156,-2.2987013976868695],[121.78112983703613,-2.298015304554781],[121.78001403808594,-2.2977580195452276],[121.77932739257812,-2.2974149727937316],[121.7779541015625,-2.298101066214315],[121.77632331848145,-2.2986156360634027],[121.77469253540039,-2.298787159305192],[121.77349090576172,-2.298529874434749],[121.77177429199219,-2.299473252066278],[121.77143096923828,-2.299387490489181],[121.77108764648438,-2.2992159673195403],[121.77040100097656,-2.2977580195452276],[121.76877021789551,-2.2976722578650737],[121.76799774169922,-2.296300070282342],[121.76816940307617,-2.2955282141878968],[121.77057266235352,-2.2949278813818097],[121.77065849304199,-2.2945848339508643],[121.7695426940918,-2.2934699292320033],[121.76799774169922,-2.2933841672945476],[121.76619529724121,-2.2926980716099195],[121.76568031311035,-2.2915831654208745]]]}},{"type":"Feature","id":"pmtiles:10/858/518:mountain_peak:10701740891:0","properties":{"name_int":"Torukuno Kotaea","name_de":"Torukuno Kotaea","name":"Torukuno Kotaea","rank":1,"class":"peak","name:latin":"Torukuno Kotaea","name_en":"Torukuno Kotaea","kind":"poi","verification":"verified","source":"OpenMapTiles/OpenStreetMap national PMTiles","sourceId":"10/858/518:mountain_peak:10701740891:0","sourceLayer":"mountain_peak","archive":"https://its.hanifahseptiani45.workers.dev/v1/map/archive/indonesia.pmtiles","updatedAt":"2026-07-26T09:42:48.267Z"},"geometry":{"type":"Point","coordinates":[121.77597999572754,-2.3264878913035716]}},{"type":"Feature","id":"pmtiles:10/858/518:mountain_peak:10701939981:0","properties":{"name_int":"Torukuno Leete","name_de":"Torukuno Leete","name":"Torukuno Leete","rank":2,"class":"peak","name:latin":"Torukuno Leete","name_en":"Torukuno Leete","kind":"poi","verification":"verified","source":"OpenMapTiles/OpenStreetMap national PMTiles","sourceId":"10/858/518:mountain_peak:10701939981:0","sourceLayer":"mountain_peak","archive":"https://its.hanifahseptiani45.workers.dev/v1/map/archive/indonesia.pmtiles","updatedAt":"2026-07-26T09:42:48.267Z"},"geometry":{"type":"Point","coordinates":[121.77083015441895,-2.29930172890694]}},{"type":"Feature","id":"pmtiles:10/858/518:transportation:5976062580:0","properties":{"class":"trunk","highway":"trunk","kind":"road","verification":"verified","source":"OpenMapTiles/OpenStreetMap national PMTiles","sourceId":"10/858/518:transportation:5976062580:0","sourceLayer":"transportation","archive":"https://its.hanifahseptiani45.workers.dev/v1/map/archive/indonesia.pmtiles","updatedAt":"2026-07-26T09:42:48.267Z"},"geometry":{"type":"LineString","coordinates":[[121.6351318359375,-2.218083224020859],[121.6365909576416,-2.218340523138238],[121.63856506347656,-2.2198843169023945],[121.64156913757324,-2.2210850442709216],[121.64414405822754,-2.2216854075892343],[121.64937973022461,-2.2248587525016745],[121.65435791015625,-2.2267456029969424],[121.66345596313477,-2.229404342775254],[121.66491508483887,-2.2303477654133417],[121.67049407958984,-2.2326634365958],[121.67075157165527,-2.2330922641922513],[121.67238235473633,-2.232577671061506],[121.67461395263672,-2.2309481249589567],[121.6761589050293,-2.22931857705089],[121.67658805847168,-2.2269171347403756],[121.67736053466797,-2.2248587525016745],[121.6776180267334,-2.221856939921082],[121.67933464050293,-2.221942706079517],[121.68396949768066,-2.2228003673899934],[121.68911933898926,-2.2211708104741916],[121.69804573059082,-2.2178259248587153],[121.70559883117676,-2.217054027103856],[121.71212196350098,-2.217054027103856],[121.71838760375977,-2.215939062969454],[121.72688484191895,-2.216110595967862],[121.73263549804688,-2.218512055858284],[121.73443794250488,-2.220055849443355],[121.73881530761719,-2.2229718995923093],[121.73993110656738,-2.2243441564929896],[121.74130439758301,-2.2312054218320583],[121.74293518066406,-2.2341214499130615],[121.75366401672363,-2.2451851507939296],[121.75435066223145,-2.2464716222125247],[121.75623893737793,-2.251960554192607],[121.75675392150879,-2.2528181979478745],[121.76027297973633,-2.2565060603382676],[121.76387786865234,-2.259078982049161],[121.77057266235352,-2.2631956473040162],[121.77323341369629,-2.266111611454974],[121.77366256713867,-2.266969246852682],[121.77400588989258,-2.268941806338489],[121.7753791809082,-2.270485546668027],[121.77812576293945,-2.2730584435519887],[121.78876876831055,-2.281720495988111],[121.7915153503418,-2.2851509973911845],[121.7929744720459,-2.287466581205578],[121.79692268371582,-2.290039447725988],[121.79932594299316,-2.2907255446846904],[121.80009841918945,-2.291411641314724],[121.80627822875977,-2.2924407856433646],[121.80790901184082,-2.2920119755963384],[121.81923866271973,-2.2930411194933527],[121.82061195373535,-2.2933841672945476],[121.82258605957031,-2.294413310204547],[121.82413101196289,-2.2974149727937316],[121.82687759399414,-2.3009311980880796],[121.82807922363281,-2.3035898017014347],[121.82859420776367,-2.306248400352274],[121.82988166809082,-2.3104506913104075],[121.83185577392578,-2.3153390549402246],[121.8328857421875,-2.3163681819779214],[121.83382987976074,-2.317911871132381],[121.83417320251465,-2.320656203249513],[121.8340015411377,-2.322885969172617],[121.83588981628418,-2.328460368573161],[121.83649063110352,-2.33274835310867],[121.83786392211914,-2.336607528014085],[121.8372631072998,-2.3408097286257856],[121.83734893798828,-2.342782185794121],[121.83794975280762,-2.345783745719217],[121.84215545654297,-2.3489568163501247],[121.84301376342773,-2.3501574357907202],[121.84696197509766,-2.352472913224105],[121.8533992767334,-2.3574468887813396],[121.85674667358398,-2.3637929697130176],[121.86026573181152,-2.3683381179579754],[121.86241149902344,-2.373998093035098],[121.8629264831543,-2.374684149046189],[121.86498641967773,-2.374855662995742],[121.86670303344727,-2.375970503148693],[121.86764717102051,-2.377085342401571],[121.86944961547852,-2.3807728812051465],[121.87013626098633,-2.3844604101415],[121.87013626098633,-2.388147929195398],[121.87039375305176,-2.3908063670254336],[121.87116622924805,-2.392349973725132],[121.87348365783691,-2.3944938690365944],[121.8739128112793,-2.3957802046135015],[121.87356948852539,-2.402126109096841],[121.87271118164062,-2.4042699890874673],[121.87408447265625,-2.4081289645808113],[121.87494277954102,-2.4089007583683895],[121.8794059753418,-2.4097583065083086],[121.8812084197998,-2.410701608838366],[121.88301086425781,-2.4129312299280627],[121.88592910766602,-2.4159326371593153],[121.89142227172852,-2.4208206290194596],[121.8958854675293,-2.426394633308476],[121.89966201782227,-2.430682313282375],[121.89940452575684,-2.4343697071673063],[121.90017700195312,-2.435484498681973],[121.90403938293457,-2.4392576323452886],[121.9054126739502,-2.439772149752372],[121.90910339355469,-2.448604667842048],[121.91202163696289,-2.452463516705265],[121.91622734069824,-2.45683686529307],[121.92051887512207,-2.4607814419308767],[121.92360877990723,-2.46369699107629],[121.92532539367676,-2.4656692707025485]]}},{"type":"Feature","id":"pmtiles:10/858/518:water:30:0","properties":{"class":"ocean","water":"ocean","kind":"waterway","verification":"verified","source":"OpenMapTiles/OpenStreetMap national PMTiles","sourceId":"10/858/518:water:30:0","sourceLayer":"water","archive":"https://its.hanifahseptiani45.workers.dev/v1/map/archive/indonesia.pmtiles","updatedAt":"2026-07-26T09:42:48.268Z"},"geometry":{"type":"Polygon","coordinates":[[[121.92893028259277,-2.4656692707025485],[121.92798614501953,-2.463868493768487],[121.92729949951172,-2.4637827424251526],[121.9266128540039,-2.463182482867211],[121.92472457885742,-2.462153465852822],[121.92378044128418,-2.4619819629398165],[121.92249298095703,-2.4600954294403863],[121.92069053649902,-2.4594951682217214],[121.91863059997559,-2.4582088932722286],[121.9178581237793,-2.4575228794589066],[121.91725730895996,-2.456665361696537],[121.9156265258789,-2.453235285142739],[121.91227912902832,-2.448518915518804],[121.91150665283203,-2.4451745706331707],[121.91184997558594,-2.4407154311540182],[121.91107749938965,-2.438314349921143],[121.90876007080078,-2.4358275112701477],[121.9057559967041,-2.430682313282375],[121.90249443054199,-2.428023953301505],[121.90163612365723,-2.427509431410627],[121.89931869506836,-2.427252170391725],[121.89597129821777,-2.4251940804782777],[121.89545631408691,-2.424422295953377],[121.89459800720215,-2.420906383105361],[121.89236640930176,-2.4202203502661916],[121.89142227172852,-2.4190197919622562],[121.8892765045166,-2.417819232595619],[121.88867568969727,-2.4168759352052263],[121.88824653625488,-2.414817829533064],[121.88790321350098,-2.4139602845827],[121.8834400177002,-2.411902174494614],[121.88241004943848,-2.4102728351330143],[121.88223838806152,-2.40924377768917],[121.88138008117676,-2.408043209688529],[121.87605857849121,-2.4048702748813895],[121.87511444091797,-2.4025548853642817],[121.87502861022949,-2.401268556158186],[121.87520027160645,-2.397409561276305],[121.87623023986816,-2.394751136248601],[121.87631607055664,-2.3939793344676588],[121.87614440917969,-2.3935505555126326],[121.87562942504883,-2.3938935786873827],[121.87494277954102,-2.3937220671107298],[121.87108039855957,-2.39149241466194],[121.87065124511719,-2.390892122998764],[121.87030792236328,-2.386947342682376],[121.87073707580566,-2.3830883075048774],[121.86919212341309,-2.3801725848626205],[121.8684196472168,-2.3777713968788987],[121.86687469482422,-2.37545596165144],[121.8655014038086,-2.374598392063433],[121.86515808105469,-2.374083850055129],[121.86498641967773,-2.3715968943150187],[121.86455726623535,-2.370910836772154],[121.86318397521973,-2.3692814487448857],[121.86138153076172,-2.3679093310243076],[121.86017990112305,-2.3661084244541115],[121.85872077941895,-2.365079333935185],[121.85769081115723,-2.3632784236903177],[121.85691833496094,-2.3626781197561257],[121.85657501220703,-2.3621635733202737],[121.8559741973877,-2.3572753726785294],[121.85468673706055,-2.354616870383083],[121.85382843017578,-2.3535877713582636],[121.85297012329102,-2.3530732215609618],[121.84910774230957,-2.3528159465911074],[121.84782028198242,-2.3513580541987693],[121.84696197509766,-2.3507577451238433],[121.8438720703125,-2.3493856091259886],[121.84258460998535,-2.348013471779936],[121.84249877929688,-2.34767043723285],[121.84206962585449,-2.34767043723285],[121.84121131896973,-2.3467270917942784],[121.84069633483887,-2.34544071062507],[121.84000968933105,-2.3360929719724766],[121.83975219726562,-2.3354068969570676],[121.83880805969238,-2.334978099902287],[121.83786392211914,-2.3340347459212154],[121.83743476867676,-2.3330056317653316],[121.8369197845459,-2.3265736512422563],[121.83494567871094,-2.324343891142462],[121.83460235595703,-2.3233147699082224],[121.83494567871094,-2.3190267566970277],[121.83477401733398,-2.3180833920456507],[121.8340015411377,-2.3172257872714965],[121.83357238769531,-2.316453942530657],[121.83297157287598,-2.3160251397150944],[121.8325424194336,-2.3153390549402246],[121.83237075805664,-2.3113940610416535],[121.83159828186035,-2.3097646038395254],[121.83082580566406,-2.309078516037232],[121.8299674987793,-2.3068487283925094],[121.82953834533691,-2.306162639182986],[121.8288516998291,-2.3057338332590263],[121.82807922363281,-2.3007596751040325],[121.82747840881348,-2.2995590136382162],[121.8259334564209,-2.29827258951795],[121.82524681091309,-2.2944990720802707],[121.82473182678223,-2.2938129769303686],[121.82387351989746,-2.2935556911643005],[121.82241439819336,-2.2935556911643005],[121.82138442993164,-2.2932126434042317],[121.82001113891602,-2.2920119755963384],[121.81889533996582,-2.2915831654208745],[121.8175220489502,-2.2914974033703714],[121.8134880065918,-2.291754689506476],[121.81065559387207,-2.291325879253961],[121.80859565734863,-2.291411641314724],[121.80705070495605,-2.2908113067814213],[121.80335998535156,-2.290296734124013],[121.80164337158203,-2.289524874791354],[121.7995834350586,-2.289867923434983],[121.79838180541992,-2.289696399123443],[121.7970085144043,-2.2890960638713693],[121.79563522338867,-2.2881526793958074],[121.7933177947998,-2.285065234955951],[121.79237365722656,-2.283435747713412],[121.78876876831055,-2.2794906656867084],[121.78722381591797,-2.276746254420189],[121.78696632385254,-2.2765747285424425],[121.78645133972168,-2.2772608319309455],[121.78524971008301,-2.2771750690252475],[121.7845630645752,-2.2765747285424425],[121.78387641906738,-2.2751167577574734],[121.78353309631348,-2.2735730223786277],[121.78138732910156,-2.2728011540698816],[121.78044319152832,-2.27185775890986],[121.77932739257812,-2.271257416214425],[121.77838325500488,-2.270399783359622],[121.77709579467773,-2.2683414624318914],[121.77709579467773,-2.267655354804944],[121.77889823913574,-2.2660258478872635],[121.7790699005127,-2.265511266374304],[121.77864074707031,-2.265511266374304],[121.77855491638184,-2.265339739162684],[121.77889823913574,-2.265253975549257],[121.77898406982422,-2.2649966846785077],[121.77743911743164,-2.2633671747694564],[121.77743911743164,-2.2624237734584938],[121.77778244018555,-2.261308843845299],[121.7776107788086,-2.2610515522744095],[121.77460670471191,-2.2586501620804],[121.77452087402344,-2.2583928700383638],[121.7753791809082,-2.2572779373298033],[121.77555084228516,-2.2566775885940302],[121.77520751953125,-2.2558199471129257],[121.77469253540039,-2.255305361981513],[121.77469253540039,-2.254876540899616],[121.77331924438477,-2.254447719691356],[121.77143096923828,-2.252989726638333],[121.7710018157959,-2.2535900768958186],[121.76997184753418,-2.254361955434547],[121.7695426940918,-2.2540188983567475],[121.76859855651855,-2.2540188983567475],[121.76799774169922,-2.2549623051260994],[121.76671028137207,-2.2535900768958186],[121.76619529724121,-2.2534185482760876],[121.76542282104492,-2.2536758411981026],[121.76095962524414,-2.251703260967588],[121.75975799560547,-2.251445967697123],[121.7588996887207,-2.250759852087157],[121.75735473632812,-2.247929621783726],[121.75641059875488,-2.244413267399139],[121.75589561462402,-2.2410684346473744],[121.75503730773926,-2.239524663107005],[121.75323486328125,-2.238667011548287],[121.75031661987305,-2.2382381855807125],[121.74739837646484,-2.236094053861734],[121.74439430236816,-2.2324919055221955],[121.74310684204102,-2.230433531077722],[121.74267768859863,-2.226145241737683],[121.74130439758301,-2.223572262143378],[121.73933029174805,-2.2215996414158496],[121.73701286315918,-2.220227381964392],[121.7351245880127,-2.2197127843415387],[121.73237800598145,-2.216710961305793],[121.73066139221191,-2.216024829471138],[121.72920227050781,-2.212937232281945],[121.72834396362305,-2.2073623877450075],[121.72731399536133,-2.2039317037883706],[121.7255973815918,-2.200415244528486],[121.72207832336426,-2.196041100706907],[121.71761512756348,-2.195269191643675],[121.7120361328125,-2.1953549593370525],[121.7105770111084,-2.1940684434196527],[121.70868873596191,-2.1911523365771473],[121.70645713806152,-2.189351208925288],[121.70474052429199,-2.188579296411774],[121.70559883117676,-2.187550079108874],[121.70516967773438,-2.1870354701925834],[121.69967651367188,-2.1884935283301843],[121.69581413269043,-2.1913238724310276],[121.69418334960938,-2.1910665686428246],[121.69092178344727,-2.189008136746139],[121.68937683105469,-2.1889223686890773],[121.6874885559082,-2.1858347153681734],[121.68534278869629,-2.1838620446431776],[121.68396949768066,-2.1799166954255327],[121.68225288391113,-2.177944016937559],[121.68027877807617,-2.174170190026132],[121.67693138122559,-2.1722832730306436],[121.67607307434082,-2.1727121180094002],[121.67581558227539,-2.1735698076015524],[121.67684555053711,-2.1753709541587085],[121.67804718017578,-2.1768290236059613],[121.67641639709473,-2.1800024639968285],[121.67770385742188,-2.1800882325632216],[121.67770385742188,-2.181031686470945],[121.67461395263672,-2.1834332028384296],[121.6706657409668,-2.1854916423847612],[121.66671752929688,-2.186092020054275],[121.6622543334961,-2.1854916423847612],[121.66199684143066,-2.1861777882731843],[121.66285514831543,-2.187464310968423],[121.6622543334961,-2.188064687848623],[121.66028022766113,-2.1861777882731843],[121.65959358215332,-2.185234337595759],[121.65959358215332,-2.1838620446431776],[121.65864944458008,-2.183690507935964],[121.65796279907227,-2.186006251830463],[121.65590286254883,-2.1866923974836396],[121.64998054504395,-2.185234337595759],[121.64946556091309,-2.186006251830463],[121.64955139160156,-2.186606629294147],[121.64834976196289,-2.1865208610997513],[121.64671897888184,-2.188236224055956],[121.64560317993164,-2.1884935283301843],[121.6446590423584,-2.188579296411774],[121.64440155029297,-2.185234337595759],[121.6431999206543,-2.1845481912761926],[121.64277076721191,-2.186092020054275],[121.63839340209961,-2.1854916423847612],[121.6351318359375,-2.1855774106379613],[121.6351318359375,-2.103409206077373],[121.9976806640625,-2.103409206077373],[121.9976806640625,-2.4656692707025485],[121.92893028259277,-2.4656692707025485]]]}},{"type":"Feature","id":"pmtiles:10/858/518:waterway:3168382840:0","properties":{"name":"Baho Mangoni","name_int":"Baho Mangoni","class":"river","name:latin":"Baho Mangoni","name_de":"Baho Mangoni","name_en":"Baho Mangoni","waterway":"river","kind":"waterway","verification":"verified","source":"OpenMapTiles/OpenStreetMap national PMTiles","sourceId":"10/858/518:waterway:3168382840:0","sourceLayer":"waterway","archive":"https://its.hanifahseptiani45.workers.dev/v1/map/archive/indonesia.pmtiles","updatedAt":"2026-07-26T09:42:48.268Z"},"geometry":{"type":"LineString","coordinates":[[121.7889404296875,-2.3724544657651307],[121.78808212280273,-2.3717684086475685],[121.7878246307373,-2.3709965939836053],[121.78816795349121,-2.370139021629882],[121.78868293762207,-2.369624477962617],[121.7889404296875,-2.369795992539622],[121.78911209106445,-2.370567807873158],[121.78962707519531,-2.3710823511897416],[121.7915153503418,-2.370910836772154],[121.79254531860352,-2.3699675070953816],[121.79357528686523,-2.3711681083905773],[121.7940902709961,-2.3710823511897416],[121.7955493927002,-2.370053264365268],[121.79683685302734,-2.369624477962617],[121.79718017578125,-2.3692814487448857],[121.7973518371582,-2.3687669047589424],[121.79692268371582,-2.3676520588004024],[121.7970085144043,-2.3670517567588973],[121.79743766784668,-2.366794484375788],[121.79786682128906,-2.366880241842125],[121.7988109588623,-2.3678235736216493],[121.7995834350586,-2.368166603200436],[121.80078506469727,-2.3667087269041502],[121.80095672607422,-2.365936909420654],[121.80044174194336,-2.365250849074698],[121.79863929748535,-2.363964485011536],[121.79829597473145,-2.3631926660013107],[121.79838180541992,-2.3626781197561257],[121.7995834350586,-2.3620778155624436],[121.80001258850098,-2.3615632689041917],[121.80018424987793,-2.359762354099928],[121.79975509643555,-2.3584759849543104],[121.79984092712402,-2.3577899209235653],[121.80087089538574,-2.3565893080559164],[121.80198669433594,-2.3557317268022473],[121.80361747741699,-2.3559890012337945],[121.8039608001709,-2.354616870383083],[121.805419921875,-2.353416254780271],[121.80550575256348,-2.3526444299181435],[121.80602073669434,-2.352129879772747],[121.8065357208252,-2.351015020473298],[121.80619239807129,-2.3498144017701748],[121.80524826049805,-2.3498144017701748],[121.80490493774414,-2.3491283334762585],[121.80533409118652,-2.3482707476349702],[121.8057632446289,-2.3483565062427942],[121.80610656738281,-2.348013471779936],[121.80584907531738,-2.3469843678861224],[121.80610656738281,-2.3463840569315266],[121.80722236633301,-2.3464698156551123],[121.80730819702148,-2.3461267807292217],[121.80619239807129,-2.3438112927792787],[121.80447578430176,-2.3429537036775088],[121.80421829223633,-2.3425249089296614],[121.80447578430176,-2.34141004197096],[121.805419921875,-2.34141004197096],[121.80705070495605,-2.3407239695554694],[121.80885314941406,-2.3403809332217946],[121.8097972869873,-2.3407239695554694],[121.81099891662598,-2.3416673190401696],[121.81177139282227,-2.3419245960621424],[121.8120288848877,-2.343296739381259],[121.8123722076416,-2.3435540161039086],[121.81331634521484,-2.343897051660562],[121.81417465209961,-2.343639775000952],[121.81443214416504,-2.3438112927792787],[121.81443214416504,-2.3443258459881804],[121.81408882141113,-2.3446688813556733],[121.81417465209961,-2.3449261578261087],[121.81546211242676,-2.34441160483793],[121.81623458862305,-2.3447546401844193],[121.81649208068848,-2.345269193046434],[121.81735038757324,-2.3447546401844193],[121.81760787963867,-2.3450976754467803],[121.81820869445801,-2.3450976754467803],[121.81915283203125,-2.3437255338927514],[121.81958198547363,-2.3422676320179505],[121.82018280029297,-2.3422676320179505],[121.82104110717773,-2.3431252215398786],[121.82129859924316,-2.344154328272907],[121.8215560913086,-2.3443258459881804],[121.82215690612793,-2.3443258459881804],[121.82284355163574,-2.343897051660562],[121.82310104370117,-2.3456122281826453],[121.82395935058594,-2.3459552632347425],[121.82430267333984,-2.3458695044796087],[121.82456016540527,-2.345269193046434],[121.82404518127441,-2.343382498294062],[121.82430267333984,-2.3431252215398786],[121.82559013366699,-2.34303946261133],[121.82644844055176,-2.3443258459881804],[121.8270492553711,-2.3443258459881804],[121.82747840881348,-2.3432109804631978],[121.82833671569824,-2.3425249089296614],[121.82816505432129,-2.34141004197096],[121.82928085327148,-2.3407239695554694],[121.8299674987793,-2.339952137686666],[121.83048248291016,-2.3402094150234802],[121.8299674987793,-2.3406382104799235],[121.82962417602539,-2.34141004197096],[121.83039665222168,-2.3416673190401696],[121.83108329772949,-2.34141004197096],[121.8317699432373,-2.3431252215398786],[121.83348655700684,-2.3440685694073693],[121.83331489562988,-2.3447546401844193],[121.8325424194336,-2.344840399007893],[121.83228492736816,-2.345354951838374],[121.83451652526855,-2.3465555743734257],[121.83503150939941,-2.346041021984618],[121.83537483215332,-2.344840399007893],[121.83520317077637,-2.344240087133173],[121.83477401733398,-2.3438112927792787],[121.83503150939941,-2.343296739381259],[121.83606147766113,-2.3431252215398786],[121.83700561523438,-2.3425249089296614],[121.84009552001953,-2.342867944738444],[121.84052467346191,-2.342439149964349]]}},{"type":"Feature","id":"pmtiles:10/858/518:waterway:3168382940:0","properties":{"name":"Ue Lantula","name_int":"Ue Lantula","class":"river","name:latin":"Ue Lantula","name_de":"Ue Lantula","name_en":"Ue Lantula","waterway":"river","kind":"waterway","verification":"verified","source":"OpenMapTiles/OpenStreetMap national PMTiles","sourceId":"10/858/518:waterway:3168382940:0","sourceLayer":"waterway","archive":"https://its.hanifahseptiani45.workers.dev/v1/map/archive/indonesia.pmtiles","updatedAt":"2026-07-26T09:42:48.268Z"},"geometry":{"type":"LineString","coordinates":[[121.73469543457031,-2.466355280322176],[121.73306465148926,-2.4656692707025485],[121.73272132873535,-2.4636112397219136],[121.73151969909668,-2.462153465852822],[121.7314338684082,-2.4612959510671146],[121.72980308532715,-2.4588091550696305],[121.7288589477539,-2.458380396670478],[121.72714233398438,-2.458294644974103],[121.72628402709961,-2.4577801346802346],[121.72619819641113,-2.457179872420042],[121.72654151916504,-2.4565796098900137],[121.72654151916504,-2.455979347090178],[121.72525405883789,-2.454607316820656],[121.72327995300293,-2.453749797186944],[121.72130584716797,-2.453235285142739],[121.72079086303711,-2.4525492687758685],[121.72130584716797,-2.451949004166238],[121.72113418579102,-2.4514344914293957],[121.72001838684082,-2.450919978494724],[121.7189884185791,-2.4510914828282466],[121.71881675720215,-2.453835549175082],[121.71813011169434,-2.453749797186944],[121.71684265136719,-2.45186325205718],[121.71658515930176,-2.4501482087219415],[121.71589851379395,-2.449119181666319],[121.71512603759766,-2.44843316319006],[121.71418190002441,-2.448518915518804],[121.71366691589355,-2.449633695292974],[121.71289443969727,-2.449805199791257],[121.71298027038574,-2.447575639600842],[121.71014785766602,-2.4471468776005025],[121.70860290527344,-2.446546610569669],[121.7080020904541,-2.445431828228152],[121.70860290527344,-2.4432022607666397],[121.70851707458496,-2.442601991971287],[121.70705795288086,-2.4419159701623983],[121.70697212219238,-2.439600643971872],[121.70534133911133,-2.4390003735679358],[121.70525550842285,-2.4382285969406894],[121.70585632324219,-2.437456819870789],[121.70774459838867,-2.4363420299885945],[121.7080020904541,-2.435999017531472],[121.70748710632324,-2.434798473243646],[121.70774459838867,-2.4344554603934796],[121.70989036560059,-2.43454121361421],[121.7105770111084,-2.4341982006985745],[121.7105770111084,-2.4335979278861686],[121.70989036560059,-2.4332549147304974],[121.70894622802734,-2.432311628102511],[121.7091178894043,-2.4314540942318956],[121.70980453491211,-2.431111080531039],[121.71031951904297,-2.430167792404177],[121.71023368835449,-2.4293960107192447],[121.70963287353516,-2.428881489350914],[121.70791625976562,-2.428795735770464],[121.70774459838867,-2.428452721394237],[121.70860290527344,-2.4279381996666274],[121.70860290527344,-2.427423677743107],[121.70817375183105,-2.427252170391725],[121.70722961425781,-2.4276809387293525],[121.70680046081543,-2.4281954605549316],[121.70628547668457,-2.4276809387293525],[121.70645713806152,-2.4269949093238665],[121.70705795288086,-2.426394633308476],[121.71074867248535,-2.4251940804782777],[121.7123794555664,-2.4242507882214],[121.71306610107422,-2.4233932492355024],[121.71298027038574,-2.4223642017354194],[121.71186447143555,-2.422535709706409],[121.71134948730469,-2.4234790031585334],[121.70997619628906,-2.4239935265826773],[121.70928955078125,-2.4238220187963577],[121.70920372009277,-2.4233074953070286],[121.71100616455078,-2.422106939738228],[121.7116928100586,-2.4198773337163857],[121.71109199523926,-2.419105546162072],[121.71109199523926,-2.4185910208818626],[121.71152114868164,-2.418419512411745],[121.71263694763184,-2.4185910208818626],[121.71332359313965,-2.418419512411745],[121.71263694763184,-2.417819232595619],[121.71255111694336,-2.4173904611357955],[121.71212196350098,-2.4172189525139487],[121.71186447143555,-2.4166186721667913],[121.71117782592773,-2.4167044265183506],[121.7105770111084,-2.4164471634474154],[121.7105770111084,-2.4141317936160647],[121.70989036560059,-2.4119879291438053],[121.71031951904297,-2.410701608838366],[121.70928955078125,-2.4075286802215174],[121.70894622802734,-2.4070999055172706],[121.70851707458496,-2.4069283955978023],[121.7068862915039,-2.407614435146172],[121.70559883117676,-2.407700190065441],[121.70465469360352,-2.408557738961221],[121.70431137084961,-2.408557738961221],[121.7039680480957,-2.4081289645808113],[121.70422554016113,-2.4070141505602294],[121.70405387878418,-2.4066711306781343],[121.70156478881836,-2.404956029973249],[121.70130729675293,-2.4040127236663693],[121.7007064819336,-2.403155171912502],[121.70010566711426,-2.403155171912502],[121.69950485229492,-2.403926968515222],[121.6984748840332,-2.4042699890874673],[121.69632911682129,-2.403155171912502],[121.6944408416748,-2.403155171912502],[121.69401168823242,-2.4028979062812965],[121.69392585754395,-2.40023949192134],[121.6940975189209,-2.399553448666339],[121.69486999511719,-2.399124671457173],[121.69547080993652,-2.3975810723911337],[121.69538497924805,-2.3968950278028274],[121.69581413269043,-2.3948368919752028],[121.69547080993652,-2.3943223575350743],[121.69392585754395,-2.3944938690365944],[121.69375419616699,-2.3943223575350743],[121.69426918029785,-2.393207532252049],[121.69375419616699,-2.392349973725132],[121.69358253479004,-2.3908063670254336],[121.69384002685547,-2.3903775870784614],[121.69504165649414,-2.3905490990733256],[121.69538497924805,-2.390206075062153],[121.69401168823242,-2.389005490348069],[121.69246673583984,-2.388662465951242],[121.69220924377441,-2.390206075062153],[121.69178009033203,-2.390206075062153],[121.69126510620117,-2.3898630509652605],[121.69169425964355,-2.3878049045844136],[121.69160842895508,-2.38729036750739],[121.68980598449707,-2.3854894862210756],[121.68989181518555,-2.383774358994174],[121.69049263000488,-2.3812016641468716],[121.69032096862793,-2.3809443943978437],[121.68980598449707,-2.3809443943978437],[121.68911933898926,-2.381287420719204],[121.6874885559082,-2.3829167945791454],[121.68671607971191,-2.382573768663562],[121.68671607971191,-2.382059229629988],[121.6871452331543,-2.381630446955157],[121.68834686279297,-2.3806871246007972],[121.68980598449707,-2.380258341498987],[121.68980598449707,-2.3797438016007533],[121.68817520141602,-2.3784574510150946],[121.68723106384277,-2.377085342401571],[121.68585777282715,-2.3784574510150946],[121.68517112731934,-2.3783716942667326],[121.68448448181152,-2.376485044454199],[121.68465614318848,-2.3761420169384877],[121.68517112731934,-2.375884746245802],[121.68680191040039,-2.376570801319801],[121.6871452331543,-2.376570801319801],[121.68791770935059,-2.376056260046255],[121.68834686279297,-2.374769906023616],[121.68826103210449,-2.3733977937460367],[121.68783187866211,-2.373226279615565],[121.68671607971191,-2.373998093035098],[121.68585777282715,-2.374083850055129],[121.68534278869629,-2.3735693078552345],[121.68551445007324,-2.3725402228809003],[121.68482780456543,-2.3715111371407573],[121.68251037597656,-2.3715111371407573],[121.68225288391113,-2.370396293391792],[121.6816520690918,-2.3699675070953816],[121.68173789978027,-2.369710235253777],[121.68388366699219,-2.3691956914271657],[121.68499946594238,-2.370396293391792],[121.68525695800781,-2.370310536143137],[121.68542861938477,-2.3698817498201663],[121.68474197387695,-2.367737816213676],[121.68396949768066,-2.3662799394663665],[121.68319702148438,-2.3665372119449444],[121.68225288391113,-2.365936909420654],[121.68225288391113,-2.365508121744199],[121.68293952941895,-2.365165091507592],[121.6831111907959,-2.364736303592551],[121.68302536010742,-2.3643075155449935],[121.68225288391113,-2.3636214543933107],[121.6819953918457,-2.362763877476894],[121.68225288391113,-2.3616490266937973],[121.68225288391113,-2.3601053856711047],[121.68173789978027,-2.3584759849543104],[121.68242454528809,-2.357704162895942],[121.68251037597656,-2.3572753726785294],[121.68173789978027,-2.3563320337352707],[121.68173789978027,-2.3559032430952414],[121.68208122253418,-2.3552171777965754],[121.68225288391113,-2.3536735296393516],[121.68276786804199,-2.3528159465911074],[121.68190956115723,-2.3523013965089774],[121.68139457702637,-2.3513580541987693],[121.68148040771484,-2.3493856091259886],[121.68105125427246,-2.349299850581332],[121.68010711669922,-2.350243194282683],[121.67976379394531,-2.351186537346578],[121.67933464050293,-2.351100778912567],[121.67916297912598,-2.3505862281978693],[121.6794204711914,-2.3474131612672977],[121.67924880981445,-2.346641333086481],[121.67675971984863,-2.345783745719217],[121.67521476745605,-2.346298298202683],[121.67521476745605,-2.345354951838374],[121.67487144470215,-2.3450976754467803],[121.6732406616211,-2.3450976754467803],[121.67238235473633,-2.343897051660562],[121.6721248626709,-2.3421818730368784],[121.67255401611328,-2.3407239695554694],[121.6721248626709,-2.3401236559164573],[121.67135238647461,-2.3402951741252593],[121.67118072509766,-2.3407239695554694],[121.67049407958984,-2.3408954876908297],[121.66997909545898,-2.340552451399134],[121.66912078857422,-2.3408954876908297],[121.66894912719727,-2.3402094150234802],[121.6695499420166,-2.3390945462230235],[121.66929244995117,-2.3385799910931695],[121.66851997375488,-2.3392660645577052],[121.66800498962402,-2.339008787047831],[121.66791915893555,-2.338065435774567],[121.66877746582031,-2.3373793617229666],[121.6680908203125,-2.3360072126138647],[121.66714668273926,-2.3353211375565763],[121.66714668273926,-2.3341205054002216],[121.66680335998535,-2.3336917079529513],[121.66448593139648,-2.33283411266612],[121.66285514831543,-2.3318049976316644],[121.66242599487305,-2.331890757246626],[121.6622543334961,-2.33274835310867],[121.66242599487305,-2.3341205054002216],[121.66096687316895,-2.335149618739905],[121.66019439697266,-2.3352353781508555],[121.65916442871094,-2.33274835310867],[121.65873527526855,-2.332491074404956],[121.65813446044922,-2.3329198722183406],[121.65873527526855,-2.3348065810437504],[121.65787696838379,-2.3352353781508555],[121.65435791015625,-2.334635062164267],[121.65410041809082,-2.3342920243424885],[121.65410041809082,-2.3333486699009853],[121.65298461914062,-2.331633478386067],[121.65315628051758,-2.331118920523849],[121.65616035461426,-2.330089804235101],[121.65727615356445,-2.3293179665249255],[121.65761947631836,-2.3282030890858323],[121.65736198425293,-2.3269166909447705],[121.6567611694336,-2.3263163714105985],[121.6559886932373,-2.3264021313597],[121.65375709533691,-2.32751701022336],[121.65229797363281,-2.327431250342073],[121.65186882019043,-2.325287251614725],[121.65040969848633,-2.324258131068248],[121.6501522064209,-2.3238293306191053],[121.65066719055176,-2.3225429284904067],[121.65298461914062,-2.3215995661848154],[121.65693283081055,-2.3205704429514498],[121.6574478149414,-2.3198843603797172],[121.6582202911377,-2.3161109002885922],[121.65925025939941,-2.3146529698332188],[121.65933609008789,-2.314052645092147],[121.65925025939941,-2.3131092771284187],[121.65796279907227,-2.312680473301114],[121.65753364562988,-2.3112225393189476],[121.65779113769531,-2.3107937349215746],[121.65873527526855,-2.3101934085476614],[121.65942192077637,-2.310279169473759],[121.65976524353027,-2.3097646038395254],[121.65976524353027,-2.308992755038659],[121.65899276733398,-2.3082209058185583],[121.65753364562988,-2.3082209058185583],[121.65779113769531,-2.307020250643177],[121.65753364562988,-2.3064199226753317],[121.6571044921875,-2.3057338332590263],[121.65581703186035,-2.3046189372520303],[121.65530204772949,-2.3045331759845595],[121.6545295715332,-2.3057338332590263],[121.65006637573242,-2.309850364791501],[121.64929389953613,-2.3101076476164053],[121.6490364074707,-2.309850364791501],[121.65066719055176,-2.3063341615163893],[121.65066719055176,-2.3059053556441143],[121.64929389953613,-2.3051335047483974],[121.64852142333984,-2.3040186082712495],[121.64852142333984,-2.3031609950025285],[121.64886474609375,-2.301960335558988],[121.64800643920898,-2.3004166290740784],[121.64792060852051,-2.29930172890694],[121.64895057678223,-2.2977580195452276],[121.64972305297852,-2.2974149727937316],[121.65186882019043,-2.2976722578650737],[121.65246963500977,-2.297329211092972],[121.65255546569824,-2.2968146407803403],[121.65229797363281,-2.2961285467418264],[121.651611328125,-2.2957854995990346],[121.6501522064209,-2.2956997378004758],[121.65006637573242,-2.2955282141878968],[121.6501522064209,-2.2950994050664235],[121.6512680053711,-2.2936414530914675],[121.65204048156738,-2.293298405351962],[121.65281295776367,-2.292355023644234],[121.65264129638672,-2.2920119755963384],[121.6519546508789,-2.2918404515415745],[121.65032386779785,-2.2918404515415745],[121.64834976196289,-2.292269261639973],[121.64792060852051,-2.2921834996305677],[121.64800643920898,-2.290039447725988],[121.6486930847168,-2.2889245394674305],[121.64955139160156,-2.2886672528230747],[121.65152549743652,-2.289782161281778],[121.65221214294434,-2.2899536855830576],[121.65255546569824,-2.289782161281778],[121.65495872497559,-2.2860943838406342],[121.65358543395996,-2.2842076103218716],[121.65538787841797,-2.284293372808321],[121.65727615356445,-2.285751334294389],[121.65761947631836,-2.286523195658148],[121.6574478149414,-2.2919262135715286],[121.65787696838379,-2.2929553575302037],[121.65830612182617,-2.2933841672945476],[121.65890693664551,-2.2934699292320033],[121.66079521179199,-2.2928695955619105],[121.66251182556152,-2.2926980716099195],[121.66568756103516,-2.2932126434042317],[121.66620254516602,-2.2929553575302037],[121.66646003723145,-2.2924407856433646],[121.66646003723145,-2.291411641314724],[121.66508674621582,-2.289524874791354],[121.66302680969238,-2.2881526793958074],[121.6629409790039,-2.2878096303417266],[121.66302680969238,-2.287466581205578],[121.66628837585449,-2.286866245019894],[121.66654586791992,-2.286437433304897],[121.66646003723145,-2.2851509973911845],[121.66817665100098,-2.2819777838773803],[121.66757583618164,-2.2806913439707586],[121.66534423828125,-2.278890326169048],[121.66337013244629,-2.2792333773526536],[121.66131019592285,-2.2775181206174153],[121.66302680969238,-2.275459809839518],[121.66397094726562,-2.2737445486133936],[121.66611671447754,-2.273401496123469],[121.66766166687012,-2.270056730075183],[121.66783332824707,-2.2690275697333675],[121.6669750213623,-2.2674838278473857],[121.66345596313477,-2.2645678664590463],[121.66268348693848,-2.2644821027999313],[121.66208267211914,-2.264053284428172],[121.66208267211914,-2.2630241198183114],[121.66242599487305,-2.261651899202178],[121.66337013244629,-2.261308843845299],[121.66508674621582,-2.2615661353705576],[121.66637420654297,-2.260794260657917],[121.66646003723145,-2.2598508576738823],[121.66620254516602,-2.2592505100012232],[121.66749000549316,-2.2586501620804],[121.66894912719727,-2.258907454076848],[121.66972160339355,-2.2581355779507817],[121.67023658752441,-2.2580498139114553],[121.67238235473633,-2.2585643980714565],[121.67401313781738,-2.2584786340574396],[121.67667388916016,-2.2574494654944885],[121.67778968811035,-2.2564202962027906],[121.6779613494873,-2.255048069347538],[121.67718887329102,-2.2542761911726785],[121.67564392089844,-2.2535043125884755],[121.67581558227539,-2.2526466692372225],[121.67684555053711,-2.251703260967588],[121.67787551879883,-2.2493018553439015],[121.67736053466797,-2.248358444909897],[121.67487144470215,-2.2469862104627083],[121.67349815368652,-2.2456997394972973],[121.67289733886719,-2.2436413835968096],[121.67306900024414,-2.2424406746500978],[121.67195320129395,-2.241754554809546],[121.67057991027832,-2.24235490968762],[121.66989326477051,-2.242183379747587],[121.66997909545898,-2.2410684346473744],[121.67118072509766,-2.2398677235899243],[121.67135238647461,-2.2389243070686007],[121.6710090637207,-2.2366944110589912],[121.67049407958984,-2.236265584514584],[121.66929244995117,-2.2360082885277706],[121.66749000549316,-2.237037472204264],[121.66680335998535,-2.2366086457601426],[121.66671752929688,-2.236094053861734],[121.66731834411621,-2.235322165675754],[121.67109489440918,-2.2324919055221955],[121.6724681854248,-2.2312054218320583],[121.67289733886719,-2.230004702705841],[121.67229652404785,-2.229918937016464],[121.67152404785156,-2.230690828040835],[121.67092323303223,-2.2308623593245756],[121.66937828063965,-2.230004702705841],[121.66894912719727,-2.2289755141034675],[121.66894912719727,-2.227431729850835],[121.66860580444336,-2.2269171347403756],[121.66654586791992,-2.226574071233543],[121.66448593139648,-2.2269171347403756],[121.66414260864258,-2.226402539450177],[121.66448593139648,-2.2258021780511825],[121.6655158996582,-2.2252875823717346],[121.66568756103516,-2.2245156885158224],[121.66491508483887,-2.2239153263486173],[121.66362762451172,-2.223829560304779],[121.66251182556152,-2.2233149639371135],[121.66242599487305,-2.2228003673899934],[121.6637134552002,-2.221856939921082],[121.66379928588867,-2.221513875237477],[121.66311264038086,-2.2209992780626777],[121.66276931762695,-2.2190266538990784],[121.66156768798828,-2.2184262895007407],[121.66156768798828,-2.217911691251061],[121.66242599487305,-2.2164536619050637],[121.6622543334961,-2.215767529951165],[121.6614818572998,-2.2156817634345742],[121.65993690490723,-2.2162821289464034],[121.65899276733398,-2.216110595967862],[121.65847778320312,-2.2155959969130095],[121.6585636138916,-2.214909864561733],[121.65985107421875,-2.214137965286696],[121.65976524353027,-2.2135375989059014],[121.65950775146484,-2.2131945322934143],[121.65864944458008,-2.213366065609577],[121.65796279907227,-2.2126799322258393],[121.65804862976074,-2.211822265049719],[121.65761947631836,-2.2104499965366244],[121.65761947631836,-2.209249260546997],[121.65693283081055,-2.2076196887227297],[121.65590286254883,-2.2074481547425364],[121.6556453704834,-2.206847785655981],[121.65504455566406,-2.206676251586714],[121.65435791015625,-2.206933552683182],[121.65392875671387,-2.20676201862382],[121.65375709533691,-2.2062474163270025],[121.65332794189453,-2.2059901151118027],[121.65298461914062,-2.2063331833888356],[121.65298461914062,-2.2071050867227626],[121.65246963500977,-2.2074481547425364],[121.65101051330566,-2.207876989655901],[121.65023803710938,-2.2083915913886045],[121.64929389953613,-2.208477358326718],[121.6490364074707,-2.2076196887227297],[121.64817810058594,-2.2083915913886045],[121.64792060852051,-2.207876989655901],[121.64800643920898,-2.2071908537351277],[121.64860725402832,-2.206418950445709],[121.64834976196289,-2.2059901151118027],[121.6472339630127,-2.2059901151118027],[121.64689064025879,-2.2056470467556437],[121.64517402648926,-2.2027309625352416],[121.64431571960449,-2.202902497059256],[121.64397239685059,-2.203331333282833],[121.64405822753906,-2.2048751426650455],[121.64294242858887,-2.204789375519141],[121.64259910583496,-2.204274772539989],[121.64156913757324,-2.2020448242417103],[121.64165496826172,-2.201444452975693],[121.64216995239258,-2.201015616209034],[121.64328575134277,-2.2009298488409],[121.64517402648926,-2.199386035370935],[121.64534568786621,-2.198614128036766],[121.64474487304688,-2.198356825503325],[121.64268493652344,-2.1989571980123515],[121.6417407989502,-2.198785663034414],[121.64165496826172,-2.1981852904563794],[121.64277076721191,-2.196641474147043],[121.64285659790039,-2.195869565393977],[121.6420841217041,-2.1937253723213956],[121.64216995239258,-2.1926103907087082],[121.6417407989502,-2.1923530871416403],[121.63993835449219,-2.1923530871416403],[121.6395092010498,-2.192010015650041],[121.6391658782959,-2.1911523365771473],[121.63933753967285,-2.190123121041225],[121.64011001586914,-2.190208889029577],[121.64156913757324,-2.190895032759471],[121.64371490478516,-2.190551960933803],[121.6446590423584,-2.189780049038802],[121.6446590423584,-2.188579296411774]]}},{"type":"Feature","id":"pmtiles:8/214/129:mountain_peak:10701740891:0","properties":{"name_int":"Torukuno Kotaea","name_de":"Torukuno Kotaea","name":"Torukuno Kotaea","rank":1,"class":"peak","name:latin":"Torukuno Kotaea","name_en":"Torukuno Kotaea","kind":"poi","verification":"verified","source":"OpenMapTiles/OpenStreetMap national PMTiles","sourceId":"8/214/129:mountain_peak:10701740891:0","sourceLayer":"mountain_peak","archive":"https://its.hanifahseptiani45.workers.dev/v1/map/archive/indonesia.pmtiles","updatedAt":"2026-07-26T09:35:35.918Z"},"geometry":{"type":"Point","coordinates":[121.77589416503906,-2.3264021313597]}},{"type":"Feature","id":"pmtiles:8/214/129:mountain_peak:10701939981:0","properties":{"name_int":"Torukuno Leete","name_de":"Torukuno Leete","name":"Torukuno Leete","rank":2,"class":"peak","name:latin":"Torukuno Leete","name_en":"Torukuno Leete","kind":"poi","verification":"verified","source":"OpenMapTiles/OpenStreetMap national PMTiles","sourceId":"8/214/129:mountain_peak:10701939981:0","sourceLayer":"mountain_peak","archive":"https://its.hanifahseptiani45.workers.dev/v1/map/archive/indonesia.pmtiles","updatedAt":"2026-07-26T09:35:35.918Z"},"geometry":{"type":"Point","coordinates":[121.77074432373047,-2.29930172890694]}},{"type":"Feature","id":"pmtiles:8/214/129:water:30:1","properties":{"class":"ocean","water":"ocean","kind":"waterway","verification":"verified","source":"OpenMapTiles/OpenStreetMap national PMTiles","sourceId":"8/214/129:water:30:1","sourceLayer":"water","archive":"https://its.hanifahseptiani45.workers.dev/v1/map/archive/indonesia.pmtiles","updatedAt":"2026-07-26T09:35:35.923Z"},"geometry":{"type":"Polygon","coordinates":[[[121.52217864990234,-1.8848451875650767],[121.52286529541016,-1.888962826684292],[121.52183532714844,-1.8906785067714083],[121.519775390625,-1.8906785067714083],[121.51805877685547,-1.8934235913826853],[121.51874542236328,-1.8975412101454623],[121.5194320678711,-1.8954824019882324],[121.52046203613281,-1.8968549410319042],[121.52183532714844,-1.8968549410319042],[121.52595520019531,-1.9023450863095803],[121.52732849121094,-1.905433285352899],[121.52698516845703,-1.911609666817867],[121.5304183959961,-1.9157272421200986],[121.53144836425781,-1.9153841112226644],[121.53213500976562,-1.9122959300546825],[121.53316497802734,-1.9109234033067253],[121.53179168701172,-1.916070372948809],[121.53316497802734,-1.9164135037087675],[121.53522491455078,-1.9146978492216107],[121.54071807861328,-1.9191585473121506],[121.53968811035156,-1.921903586508705],[121.54106140136719,-1.922589845618532],[121.541748046875,-1.924305492185752],[121.54037475585938,-1.924991750329454],[121.54346466064453,-1.9284230369019895],[121.54312133789062,-1.9297955495944024],[121.54518127441406,-1.9339130810217284],[121.5468978881836,-1.9342562081899501],[121.54792785644531,-1.9352855892782088],[121.5472412109375,-1.9363149697415736],[121.55170440673828,-1.94420686583085],[121.55342102050781,-1.9452362408644035],[121.55582427978516,-1.94420686583085],[121.5582275390625,-1.94420686583085],[121.56028747558594,-1.9466087399320458],[121.56028747558594,-1.9483243621950805],[121.55925750732422,-1.9486674864380262],[121.5585708618164,-1.9469518645243795],[121.55616760253906,-1.9462656152698656],[121.55685424804688,-1.9476381134994796],[121.55410766601562,-1.9479812378822174],[121.55376434326172,-1.9490106106110687],[121.5585708618164,-1.9548437108440169],[121.56097412109375,-1.955529956598852],[121.56269073486328,-1.9569024472665006],[121.55685424804688,-1.9562162020730511],[121.55342102050781,-1.9527849718966763],[121.55101776123047,-1.9531280952297863],[121.54655456542969,-1.9503831066038373],[121.54518127441406,-1.9507262304271364],[121.55342102050781,-1.955873079371031],[121.55925750732422,-1.9572455697579159],[121.56784057617188,-1.9575886921791152],[121.57367706298828,-1.958961181161456],[121.5802001953125,-1.9545005878613892],[121.585693359375,-1.9534712184928367],[121.6021728515625,-1.9527849718966763],[121.6135025024414,-1.9541574648086453],[121.61521911621094,-1.9534712184928367],[121.61762237548828,-1.955529956598852],[121.6183090209961,-1.955186833756514],[121.61796569824219,-1.9562162020730511],[121.62551879882812,-1.9603336690192918],[121.63375854492188,-1.9575886921791152],[121.63616180419922,-1.9586180590212763],[121.63822174072266,-1.9586180590212763],[121.63890838623047,-1.9596474252309974],[121.64165496826172,-1.9575886921791152],[121.64268493652344,-1.955529956598852],[121.64440155029297,-1.9575886921791152],[121.6461181640625,-1.9582749368108239],[121.65229797363281,-1.955186833756514],[121.65470123291016,-1.955529956598852],[121.65332794189453,-1.9562162020730511],[121.65470123291016,-1.9565593247048696],[121.65779113769531,-1.955529956598852],[121.6629409790039,-1.9503831066038373],[121.66706085205078,-1.9490106106110687],[121.67118072509766,-1.9466087399320458],[121.67598724365234,-1.9466087399320458],[121.6787338256836,-1.9452362408644035],[121.68354034423828,-1.9383737287922145],[121.68731689453125,-1.9311680611790365],[121.69109344482422,-1.9270505231025368],[121.69486999511719,-1.9260211370269644],[121.69624328613281,-1.9236192337659048],[121.69761657714844,-1.9246486212921212],[121.70173645019531,-1.9212173271230455],[121.70654296875,-1.9212173271230455],[121.70894622802734,-1.9236192337659048],[121.7123794555664,-1.924305492185752],[121.71409606933594,-1.922589845618532],[121.71375274658203,-1.920531067461667],[121.7116928100586,-1.9198448075246688],[121.71478271484375,-1.9164135037087675],[121.71649932861328,-1.9074920816392336],[121.7233657836914,-1.9037176199007888],[121.72645568847656,-1.903374486605415],[121.73023223876953,-1.901658819104398],[121.73091888427734,-1.8954824019882324],[121.73332214355469,-1.8934235913826853],[121.73263549804688,-1.8923941851626296],[121.7391586303711,-1.891707914009757],[121.74293518066406,-1.8886196904635],[121.74396514892578,-1.8858745982586953],[121.74396514892578,-1.8824432269136366],[121.74842834472656,-1.8769530187180834],[121.75495147705078,-1.8649431282547937],[121.76216125488281,-1.8567077273870183],[121.76319122314453,-1.8549920140373644],[121.76284790039062,-1.853619442159527],[121.76387786865234,-1.8529331558215176],[121.76490783691406,-1.8453839885731895],[121.76765441894531,-1.8398936649835065],[121.76799774169922,-1.8378347892775366],[121.76593780517578,-1.8364622041545715],[121.7618179321289,-1.8405799563574732],[121.76010131835938,-1.8412662474672885],[121.75804138183594,-1.8392073733454453],[121.7611312866211,-1.8398936649835065],[121.76559448242188,-1.8333738837742573],[121.7669677734375,-1.8340601776529013],[121.7673110961914,-1.829256114980069],[121.77040100097656,-1.8210205490583462],[121.77898406982422,-1.8069513703020732],[121.77864074707031,-1.8014609294680355],[121.7776107788086,-1.8014609294680355],[121.7782974243164,-1.8035198467226792],[121.7776107788086,-1.8035198467226792],[121.77692413330078,-1.801804082505484],[121.77486419677734,-1.802147235478273],[121.77486419677734,-1.80043146996789],[121.7782974243164,-1.799402009886336],[121.77898406982422,-1.7983725492237],[121.77967071533203,-1.7987157028424576],[121.78035736083984,-1.7976862417926185],[121.78207397460938,-1.7987157028424576],[121.78035736083984,-1.80043146996789],[121.78276062011719,-1.7997451633114423],[121.783447265625,-1.7969999341034821],[121.79100036621094,-1.7853326640072567],[121.79752349853516,-1.7695474160941842],[121.80198669433594,-1.7644000235367372],[121.80335998535156,-1.7640568635259655],[121.80404663085938,-1.7650863433683526],[121.80679321289062,-1.7633705433145082],[121.80679321289062,-1.7623410625228075],[121.80473327636719,-1.7613115811619764],[121.80404663085938,-1.759938938462767],[121.80404663085938,-1.7578799725196887],[121.80233001708984,-1.7534188718563826],[121.80164337158203,-1.7441534749956276],[121.80233001708984,-1.738319683179384],[121.80644989013672,-1.731113209583384],[121.8109130859375,-1.7280247125067518],[121.8167495727539,-1.7280247125067518],[121.81846618652344,-1.7269952123646135],[121.82018280029297,-1.7276815458546935],[121.82464599609375,-1.7252793775551396],[121.82292938232422,-1.7249362104074777],[121.8222427368164,-1.7235635411979473],[121.82464599609375,-1.7194455276350737],[121.82601928710938,-1.7191023594368318],[121.82601928710938,-1.7170433489523163],[121.8270492553711,-1.716013842878084],[121.82910919189453,-1.7167001803225048],[121.8325424194336,-1.7139548290674043],[121.8332290649414,-1.7146411672504485],[121.83391571044922,-1.7136116598836253],[121.83631896972656,-1.7142979981896787],[121.83631896972656,-1.7118958130425739],[121.8387222290039,-1.7064050928386507],[121.84009552001953,-1.7057187517099237],[121.84043884277344,-1.7070914337224394],[121.84249877929688,-1.7067482633111695],[121.84284210205078,-1.7022870423957954],[121.8435287475586,-1.701600699799556],[121.84455871582031,-1.701943871128222],[121.84490203857422,-1.6988553269731455],[121.84593200683594,-1.6988553269731455],[121.84764862060547,-1.6947372604199984],[121.84833526611328,-1.6950804329675293],[121.85039520263672,-1.6933645696218207],[121.85142517089844,-1.6950804329675293],[121.85245513916016,-1.6950804329675293],[121.85245513916016,-1.6967962947925628],[121.85176849365234,-1.69713946697496],[121.85211181640625,-1.69919849878994],[121.85382843017578,-1.7012575284098403],[121.85348510742188,-1.7029733847477075],[121.85657501220703,-1.7077777743612046],[121.85932159423828,-1.7091504549032095],[121.86172485351562,-1.7084641147548183],[121.87408447265625,-1.7108663042007208],[121.8826675415039,-1.710179964665798],[121.88610076904297,-1.7064050928386507],[121.8874740600586,-1.7040028978172046],[121.88541412353516,-1.7029733847477075],[121.8819808959961,-1.697825811157017],[121.87923431396484,-1.69713946697496],[121.87820434570312,-1.7005711854472736],[121.87511444091797,-1.701600699799556],[121.87477111816406,-1.7026302136023048],[121.87236785888672,-1.7029733847477075],[121.87202453613281,-1.7046892395578226],[121.87065124511719,-1.7050324103363863],[121.86927795410156,-1.7033165558320036],[121.86721801757812,-1.7043460687180954],[121.86481475830078,-1.7070914337224394],[121.86378479003906,-1.7070914337224394],[121.86447143554688,-1.7022870423957954],[121.86103820800781,-1.7022870423957954],[121.8606948852539,-1.7012575284098403],[121.86103820800781,-1.7002280138744368],[121.86481475830078,-1.69919849878994],[121.86172485351562,-1.69713946697496],[121.86378479003906,-1.6967962947925628],[121.86172485351562,-1.6961099502451447],[121.86309814453125,-1.6947372604199984],[121.86309814453125,-1.691648704756986],[121.86481475830078,-1.691648704756986],[121.8661880493164,-1.6937077424125562],[121.86790466308594,-1.6933645696218207],[121.86962127685547,-1.694394087811645],[121.87065124511719,-1.6913055316018557],[121.86893463134766,-1.6906191851095258],[121.86721801757812,-1.6889033178172639],[121.86824798583984,-1.681696658662304],[121.86653137207031,-1.6806671337507169],[121.86515808105469,-1.6837557068557771],[121.86275482177734,-1.6840988813432745],[121.86172485351562,-1.6820398335121638],[121.86206817626953,-1.681353483752119],[121.8600082397461,-1.6792944330243245],[121.86138153076172,-1.6789512576920345],[121.86241149902344,-1.6768922044335284],[121.86103820800781,-1.6772353801271294],[121.86275482177734,-1.670028677941275],[121.86447143554688,-1.6717445618155153],[121.8655014038086,-1.670028677941275],[121.86824798583984,-1.6779217313337398],[121.87065124511719,-1.6796376082963462],[121.871337890625,-1.6792944330243245],[121.871337890625,-1.678264906846735],[121.87408447265625,-1.6786080822995046],[121.87477111816406,-1.6806671337507169],[121.87374114990234,-1.6823830083016418],[121.87614440917969,-1.6810103087815804],[121.8771743774414,-1.6823830083016418],[121.87751770019531,-1.6875306228924813],[121.87889099121094,-1.684785230136967],[121.87992095947266,-1.6844420557703472],[121.8819808959961,-1.6882169704760344],[121.88507080078125,-1.68684427506669],[121.88507080078125,-1.6854715786888477],[121.88575744628906,-1.685128404443148],[121.88507080078125,-1.6840988813432745],[121.88472747802734,-1.6803239586595708],[121.88369750976562,-1.6806671337507169],[121.88404083251953,-1.6799807835080998],[121.88301086425781,-1.6796376082963462],[121.88404083251953,-1.6796376082963462],[121.88610076904297,-1.6758626769917555],[121.8881607055664,-1.6741467967195263],[121.88919067382812,-1.675176325063191],[121.88953399658203,-1.6796376082963462],[121.89125061035156,-1.6796376082963462],[121.88953399658203,-1.681353483752119],[121.89022064208984,-1.683412532307841],[121.88953399658203,-1.684785230136967],[121.89022064208984,-1.6882169704760344],[121.89228057861328,-1.6892464913969718],[121.89468383789062,-1.6875306228924813],[121.89537048339844,-1.6878737967145412],[121.89090728759766,-1.6933645696218207],[121.89537048339844,-1.6985121550953721],[121.8984603881836,-1.6988553269731455],[121.90052032470703,-1.7009143569590748],[121.904296875,-1.7012575284098403],[121.904296875,-1.6967962947925628],[121.90635681152344,-1.6930213967703338],[121.904296875,-1.69233505088512],[121.90498352050781,-1.6899328383745456],[121.90601348876953,-1.6889033178172639],[121.90876007080078,-1.6892464913969718],[121.91150665283203,-1.687187449009869],[121.915283203125,-1.6882169704760344],[121.91905975341797,-1.683412532307841],[121.9204330444336,-1.6830693576994946],[121.9207763671875,-1.6823830083016418],[121.92317962646484,-1.6823830083016418],[121.92352294921875,-1.6806671337507169],[121.9266128540039,-1.6810103087815804],[121.9259262084961,-1.6861579269987885],[121.92798614501953,-1.6854715786888477],[121.93004608154297,-1.6865011010629871],[121.92901611328125,-1.6889033178172639],[121.93382263183594,-1.6875306228924813],[121.9317626953125,-1.6844420557703472],[121.93347930908203,-1.6820398335121638],[121.93279266357422,-1.681353483752119],[121.93382263183594,-1.681353483752119],[121.93862915039062,-1.6762058528658486],[121.94171905517578,-1.6758626769917555],[121.9427490234375,-1.6762058528658486],[121.94377899169922,-1.6738036204847901],[121.94892883300781,-1.6758626769917555],[121.95030212402344,-1.6758626769917555],[121.95270538330078,-1.6779217313337398],[121.95751190185547,-1.6792944330243245],[121.96060180664062,-1.6762058528658486],[121.96300506591797,-1.6707150316708521],[121.97502136230469,-1.6635083055683424],[121.9815444946289,-1.656301553140196],[121.99321746826172,-1.6525265771144433],[121.99356079101562,-1.6504674962567805],[121.99390411376953,-1.6521833971196713],[121.99699401855469,-1.6460061470874194],[122.00214385986328,-1.6418879697625641],[122.00523376464844,-1.6346811390409357],[122.01416015625,-1.6295333869658037],[122.01862335205078,-1.628503834970573],[122.02068328857422,-1.6243856217332535],[122.02033996582031,-1.6209537709556798],[122.02171325683594,-1.6168355423452567],[122.0309829711914,-1.6116877448351943],[122.0357894897461,-1.6116877448351943],[122.0364761352539,-1.6106581837702265],[122.0416259765625,-1.6134036787865398],[122.04334259033203,-1.6134036787865398],[122.04402923583984,-1.6140900519618668],[122.04608917236328,-1.6134036787865398],[122.0474624633789,-1.613746865403158],[122.04780578613281,-1.6147764249055],[122.04917907714844,-1.6154627976173543],[122.05398559570312,-1.617178728382214],[122.05638885498047,-1.6168355423452567],[122.0584487915039,-1.617865100281989],[122.06222534179688,-1.6164923562502764],[122.06565856933594,-1.6175219143611201],[122.06737518310547,-1.6154627976173543],[122.07698822021484,-1.613746865403158],[122.08454132080078,-1.6185514719495444],[122.08866119384766,-1.6195810290152082],[122.09037780761719,-1.6219833268002901],[122.09175109863281,-1.621640141576961],[122.09209442138672,-1.6199242145875417],[122.09415435791016,-1.6188946576962024],[122.09449768066406,-1.6175219143611201],[122.0962142944336,-1.617178728382214],[122.09587097167969,-1.6151196112904103],[122.0969009399414,-1.6127173053796184],[122.09793090820312,-1.6123741185893294],[122.09724426269531,-1.6151196112904103],[122.09861755371094,-1.6134036787865398],[122.10582733154297,-1.6110013708496922],[122.10582733154297,-1.6116877448351943],[122.11166381835938,-1.6120309317411738],[122.11406707763672,-1.610314996632951],[122.12745666503906,-1.6058535585941343],[122.1295166015625,-1.6079126850546572],[122.13054656982422,-1.6072263097984916],[122.13123321533203,-1.6079126850546572],[122.1295166015625,-1.608599060079996],[122.12779998779297,-1.606883122083886],[122.12574005126953,-1.606883122083886],[122.1236801147461,-1.6096286221850562],[122.12127685546875,-1.6099718094378943],[122.12093353271484,-1.609285434874451],[122.12024688720703,-1.6096286221850562],[122.12024688720703,-1.610314996632951],[122.12162017822266,-1.6110013708496922],[122.1236801147461,-1.6106581837702265],[122.12677001953125,-1.6079126850546572],[122.13020324707031,-1.6096286221850562],[122.13260650634766,-1.609285434874451],[122.13706970214844,-1.6051671826461273],[122.13981628417969,-1.6058535585941343],[122.14702606201172,-1.604137618292114],[122.15045928955078,-1.6007057333721093],[122.15869903564453,-1.598303410509459],[122.16144561767578,-1.5989897887571942],[122.16556549072266,-1.6013921108160645],[122.17174530029297,-1.6031080534200157],[122.1734619140625,-1.6044808064677056],[122.17552185058594,-1.608942247506107],[122.1786117553711,-1.6106581837702265],[122.18547821044922,-1.6120309317411738],[122.18753814697266,-1.6116877448351943],[122.19406127929688,-1.6082558725961889],[122.20161437988281,-1.6024216765509465],[122.20333099365234,-1.6034512417682691],[122.20710754394531,-1.6020784880301306],[122.2122573852539,-1.6010489221228283],[122.21466064453125,-1.6024216765509465],[122.21843719482422,-1.6027648650142368],[122.22049713134766,-1.6020784880301306],[122.22393035888672,-1.5965874638865643],[122.2283935546875,-1.5938419463111728],[122.23560333251953,-1.5838894144598328],[122.244873046875,-1.5749664142187072],[122.24796295166016,-1.5735936415541545],[122.25311279296875,-1.5735936415541545],[122.25757598876953,-1.5708480935151528],[122.25997924804688,-1.5708480935151528],[122.2613525390625,-1.5674161533935091],[122.26821899414062,-1.561925037503869],[122.26856231689453,-1.5608954516755205],[122.27371215820312,-1.55780669116686],[122.27954864501953,-1.5567771033238955],[122.28092193603516,-1.5540315332852686],[122.28607177734375,-1.5488835798473843],[122.29087829589844,-1.546137999563939],[122.29499816894531,-1.5413332255265715],[122.30289459228516,-1.5358420419244112],[122.3166275024414,-1.5272620393166534],[122.3276138305664,-1.5228004244101356],[122.33619689941406,-1.5224572228805755],[122.34134674072266,-1.523830028670858],[122.34718322753906,-1.5221140212963746],[122.34821319580078,-1.5200548106444955],[122.34786987304688,-1.5183388002675997],[122.3492431640625,-1.5183388002675997],[122.35095977783203,-1.5203980125562566],[122.3602294921875,-1.5179955980287048],[122.36572265625,-1.5125043548055572],[122.36572265625,-2.811028283742303],[122.36572265625,-2.811714102819167],[122.36572265625,-2.8333171968552904],[122.18719482421875,-2.8333171968552904],[122.18650817871094,-2.83194558378959],[122.1847915649414,-2.8237158713131834],[122.18273162841797,-2.822687153150639],[122.17792510986328,-2.8182293639272444],[122.1738052368164,-2.8189151787658915],[122.1734619140625,-2.8223442468940902],[122.16968536376953,-2.820972620856196],[122.16796875,-2.8216584340774347],[122.16659545898438,-2.819258086033642],[122.16419219970703,-2.8178864563563764],[122.16178894042969,-2.8137715576303464],[122.16144561767578,-2.811714102819167],[122.15972900390625,-2.8075991823137514],[122.15904235839844,-2.8075991823137514],[122.15938568115234,-2.811714102819167],[122.15801239013672,-2.811714102819167],[122.15457916259766,-2.8041700708205184],[122.15629577636719,-2.804512982422409],[122.15492248535156,-2.801426774387636],[122.15354919433594,-2.802112599098649],[122.14977264404297,-2.7955972481349534],[122.14462280273438,-2.7928539316376657],[122.13981628417969,-2.7887389448792845],[122.13844299316406,-2.7890818609926242],[122.13603973388672,-2.7880531123526993],[122.135009765625,-2.7890818609926242],[122.13294982910156,-2.78736727942632],[122.13191986083984,-2.7883960286659857],[122.13054656982422,-2.7880531123526993],[122.13054656982422,-2.7890818609926242],[122.1295166015625,-2.787710195939482],[122.12779998779297,-2.7883960286659857],[122.12539672851562,-2.787710195939482],[122.1240234375,-2.7883960286659857],[122.11647033691406,-2.7890818609926242],[122.1075439453125,-2.787710195939482],[122.09896087646484,-2.787710195939482],[122.09724426269531,-2.7890818609926242],[122.091064453125,-2.789767692919341],[122.08694458007812,-2.7894247770059906],[122.0852279663086,-2.7883960286659857],[122.08282470703125,-2.7835951911893346],[122.07939147949219,-2.780166009586509],[122.0797348022461,-2.7787943341540426],[122.07870483398438,-2.7794801720695546],[122.07630157470703,-2.7763938983124206],[122.07389831542969,-2.775365138601373],[122.069091796875,-2.7657633381617472],[122.06737518310547,-2.763705799373483],[122.06600189208984,-2.7650774922954753],[122.06462860107422,-2.7640487227526194],[122.06119537353516,-2.7551326827263125],[122.06050872802734,-2.7499887830942242],[122.05329895019531,-2.7455307188019447],[122.05055236816406,-2.7427872863523532],[122.04608917236328,-2.7403867777964024],[122.04059600830078,-2.7328422910143217],[122.0412826538086,-2.7318134936852374],[122.03990936279297,-2.730441762542057],[122.03716278076172,-2.7321564262262257],[122.03441619873047,-2.729755896383068],[122.03510284423828,-2.7283841628908476],[122.03407287597656,-2.727355361744557],[122.03304290771484,-2.729070029832627],[122.02857971191406,-2.7249548223148707],[122.0199966430664,-2.721525471969585],[122.01828002929688,-2.7225542780982153],[122.01587677001953,-2.720839600729292],[122.01107025146484,-2.7198107931372846],[122.01278686523438,-2.717753175320837],[122.01210021972656,-2.716724365097079],[122.01210021972656,-2.717753175320837],[122.01072692871094,-2.719467857078243],[122.00969696044922,-2.71809611186724],[122.00798034667969,-2.7136379291675468],[122.00729370117188,-2.7006062240255204],[122.00763702392578,-2.698891515557577],[122.01004028320312,-2.6985485735736603],[122.00798034667969,-2.6985485735736603],[122.00660705566406,-2.6958050342203137],[122.00660705566406,-2.6927185450542908],[122.00729370117188,-2.685859652257136],[122.01038360595703,-2.67488534370446],[122.0196533203125,-2.6693981525761075],[122.0254898071289,-2.6707699526571247],[122.0306396484375,-2.6738564972364856],[122.03235626220703,-2.6738564972364856],[122.0361328125,-2.670427002780471],[122.03681945800781,-2.6687122519612956],[122.03544616699219,-2.658080743550798],[122.03441619873047,-2.656365975542954],[122.0309829711914,-2.654994159422259],[122.02445983886719,-2.64642027419184],[122.02171325683594,-2.6457343608089587],[122.0196533203125,-2.6477920998188864],[122.01690673828125,-2.6474491435545104],[122.01004028320312,-2.6347596951449788],[122.01038360595703,-2.6330448948864102],[122.0086669921875,-2.630301209564152],[122.00077056884766,-2.627900479955727],[122.00042724609375,-2.6241278955302363],[122.00454711914062,-2.621384190614563],[122.00111389160156,-2.6176115865347924],[121.99905395507812,-2.6176115865347924],[121.99939727783203,-2.6155537977035834],[121.99699401855469,-2.614867867342795],[121.99665069580078,-2.611781176079674],[121.99493408203125,-2.6104093108607174],[121.99287414550781,-2.6049218350169667],[121.98978424072266,-2.6014921504691984],[121.98909759521484,-2.5953186947850355],[121.98738098144531,-2.5929178983168555],[121.98806762695312,-2.588116291717725],[121.98566436767578,-2.584000614440228],[121.9863510131836,-2.57714112267233],[121.98017120361328,-2.5682237281283733],[121.97673797607422,-2.5517606825019215],[121.97502136230469,-2.550388752498236],[121.97227478027344,-2.542843111343828],[121.97330474853516,-2.541128186740181],[121.97090148925781,-2.542500126605418],[121.96678161621094,-2.5267227302826996],[121.95854187011719,-2.5181479778796216],[121.95648193359375,-2.5130030993359043],[121.95442199707031,-2.511288135313549],[121.95304870605469,-2.5061432297445805],[121.94892883300781,-2.500998303955029],[121.9478988647461,-2.4965393519465238],[121.9430923461914,-2.4934523763067062],[121.94137573242188,-2.4893363975221803],[121.94171905517578,-2.4821334037305576],[121.94068908691406,-2.4797323970713876],[121.93416595458984,-2.4763023800007034],[121.92798614501953,-2.4639542451062937],[121.92386627197266,-2.4618962114750502],[121.92249298095703,-2.4601811810209995],[121.91871643066406,-2.4581231415648546],[121.91734313964844,-2.4567511134975604],[121.91219329833984,-2.448518915518804],[121.91116333007812,-2.4382285969406894],[121.90567016601562,-2.430682313282375],[121.90258026123047,-2.4279381996666274],[121.89949035644531,-2.427252170391725],[121.89605712890625,-2.4251940804782777],[121.89468383789062,-2.421077891260893],[121.88919067382812,-2.417647724027958],[121.8878173828125,-2.413874530057896],[121.88335418701172,-2.4118164198400223],[121.88129425048828,-2.408043209688529],[121.87614440917969,-2.404956029973249],[121.87511444091797,-2.401182800834704],[121.8764877319336,-2.3939793344676588],[121.87065124511719,-2.390892122998764],[121.87065124511719,-2.383002551044683],[121.86859130859375,-2.3778571536645785],[121.86515808105469,-2.374083850055129],[121.86447143554688,-2.3709965939836053],[121.85691833496094,-2.362763877476894],[121.85588836669922,-2.3572753726785294],[121.85382843017578,-2.3535020130719033],[121.8490219116211,-2.3528159465911074],[121.84112548828125,-2.346641333086481],[121.84009552001953,-2.3360072126138647],[121.83734893798828,-2.3329198722183406],[121.83700561523438,-2.3264021313597],[121.83460235595703,-2.3233147699082224],[121.83494567871094,-2.3181691524944767],[121.8325424194336,-2.315424815555261],[121.8325424194336,-2.311308300182887],[121.82876586914062,-2.3058195944541637],[121.82807922363281,-2.3006739136042995],[121.82601928710938,-2.29827258951795],[121.82464599609375,-2.2938129769303686],[121.82121276855469,-2.2931268814513572],[121.81880950927734,-2.291754689506476],[121.80850982666016,-2.291411641314724],[121.80164337158203,-2.289353350438759],[121.79821014404297,-2.289696399123443],[121.79580688476562,-2.288324203892074],[121.78722381591797,-2.2766604914838666],[121.78516387939453,-2.277346594831542],[121.783447265625,-2.2735730223786277],[121.7782974243164,-2.270485546668027],[121.77692413330078,-2.2677411182761062],[121.77898406982422,-2.2649966846785077],[121.7776107788086,-2.263281411039273],[121.7776107788086,-2.2612230799933997],[121.77452087402344,-2.2584786340574396],[121.77555084228516,-2.256763352714316],[121.77486419677734,-2.2547050124314865],[121.77143096923828,-2.252989726638333],[121.76799774169922,-2.255048069347538],[121.7666244506836,-2.2536758411981026],[121.76525115966797,-2.2536758411981026],[121.75907135009766,-2.2505883231342096],[121.75495147705078,-2.2396104282352667],[121.75048828125,-2.2382381855807125],[121.74739837646484,-2.236179819190653],[121.74327850341797,-2.2303477654133417],[121.74259185791016,-2.2262310076468452],[121.74121856689453,-2.2234864960796017],[121.73057556152344,-2.215939062969454],[121.72920227050781,-2.2128514656015454],[121.72714233398438,-2.2039317037883706],[121.72199249267578,-2.196041100706907],[121.7120361328125,-2.1953549593370525],[121.70860290527344,-2.1912381045065388],[121.70482635498047,-2.1884935283301843],[121.70516967773438,-2.1871212383575624],[121.69967651367188,-2.1884935283301843],[121.6958999633789,-2.1912381045065388],[121.68937683105469,-2.1888366006271127],[121.68525695800781,-2.1840335813308087],[121.68388366699219,-2.1799166954255327],[121.68010711669922,-2.17408442112297],[121.67701721191406,-2.1723690420361237],[121.67598724365234,-2.1733982697220995],[121.67804718017578,-2.1768290236059613],[121.67633056640625,-2.1799166954255327],[121.67770385742188,-2.180259769681342],[121.67770385742188,-2.1809459179583257],[121.67049407958984,-2.1854058741266584],[121.66671752929688,-2.186092020054275],[121.6622543334961,-2.1854058741266584],[121.6629409790039,-2.187464310968423],[121.6622543334961,-2.188150455954741],[121.65950775146484,-2.185062801045248],[121.65950775146484,-2.1840335813308087],[121.65882110595703,-2.183690507935964],[121.65779113769531,-2.186092020054275],[121.65573120117188,-2.1867781656682297],[121.64989471435547,-2.1854058741266584],[121.64955139160156,-2.186435092900453],[121.64817810058594,-2.186435092900453],[121.64543151855469,-2.1884935283301843],[121.64474487304688,-2.1884935283301843],[121.64440155029297,-2.185062801045248],[121.64302825927734,-2.184376654647309],[121.64268493652344,-2.186092020054275],[121.63238525390625,-2.1857489471296674],[121.63101196289062,-2.184376654647309],[121.62277221679688,-2.186092020054275],[121.62174224853516,-2.185062801045248],[121.61865234375,-2.185062801045248],[121.61693572998047,-2.1857489471296674],[121.61659240722656,-2.1871212383575624],[121.61418914794922,-2.187807383500825],[121.60560607910156,-2.186435092900453],[121.60045623779297,-2.1826612872814906],[121.5963363647461,-2.182318213573396],[121.59187316894531,-2.1799166954255327],[121.58878326416016,-2.179573621091535],[121.58294677734375,-2.1806028438589493],[121.58432006835938,-2.179573621091535],[121.58397674560547,-2.1792305466793493],[121.58294677734375,-2.179573621091535],[121.57779693603516,-2.175799798260144],[121.57676696777344,-2.1764859485687538],[121.57573699951172,-2.175799798260144],[121.57161712646484,-2.1782013229738197],[121.56990051269531,-2.1764859485687538],[121.57024383544922,-2.17408442112297],[121.56578063964844,-2.176142873453472],[121.56509399414062,-2.176142873453472],[121.56612396240234,-2.173741345461522],[121.56269073486328,-2.1754567229887556],[121.56131744384766,-2.1754567229887556],[121.55136108398438,-2.1679090472969733],[121.55136108398438,-2.1665367385781025],[121.5472412109375,-2.1589890184185663],[121.54449462890625,-2.1507550991351962],[121.54346466064453,-2.1493827749295775],[121.54277801513672,-2.1421780526290775],[121.54346466064453,-2.1418349697685812],[121.54071807861328,-2.135316380835107],[121.53934478759766,-2.135316380835107],[121.53831481933594,-2.132914788463637],[121.53865814208984,-2.1315424482821044],[121.53934478759766,-2.1339440427964433],[121.54003143310547,-2.132914788463637],[121.54037475585938,-2.125709988871421],[121.53900146484375,-2.1236514685206345],[121.54003143310547,-2.1229652944607977],[121.5414047241211,-2.1178189793088507],[121.5468978881836,-2.118505155650979],[121.5472412109375,-2.1178189793088507],[121.5420913696289,-2.1157604484595254],[121.54415130615234,-2.110614109388038],[121.54380798339844,-2.108212478655517],[121.54071807861328,-2.106497025863206],[121.53797149658203,-2.1085555689871427],[121.53762817382812,-2.109241749423461],[121.53694152832031,-2.108212478655517],[121.53694152832031,-2.1068401165728403],[121.53831481933594,-2.106153935077984],[121.53831481933594,-2.1037522974666842],[121.53900146484375,-2.104781571181732],[121.5365982055664,-2.098605918709879],[121.53522491455078,-2.0776771376940815],[121.53453826904297,-2.075618554042876],[121.53247833251953,-2.0732168697286824],[121.53316497802734,-2.071501378701342],[121.53316497802734,-2.0601790913983677],[121.53419494628906,-2.0502291360985083],[121.53213500976562,-2.063953196130697],[121.52973175048828,-2.0673841926587073],[121.53179168701172,-2.069099688142259],[121.5311050415039,-2.069785885816188],[121.52904510498047,-2.0677272919037932],[121.53144836425781,-2.063610096070448],[121.53076171875,-2.049199826842255],[121.52938842773438,-2.0454256872445313],[121.52835845947266,-2.0461118951049997],[121.52732849121094,-2.049199826842255],[121.52080535888672,-2.0516015474104137],[121.52046203613281,-2.052973957544694],[121.52149200439453,-2.0533170598941837],[121.52046203613281,-2.0540032643721275],[121.51874542236328,-2.0526308551215635],[121.51634216308594,-2.0526308551215635],[121.5139389038086,-2.0574342823387752],[121.51634216308594,-2.0598359905244763],[121.51359558105469,-2.0588066874594517],[121.51325225830078,-2.0574342823387752],[121.50947570800781,-2.0581204850467856],[121.51325225830078,-2.0564049777232185],[121.51359558105469,-2.0546894685553525],[121.51084899902344,-2.054346366500596],[121.51084899902344,-2.0533170598941837],[121.49848937988281,-2.0540032643721275],[121.49951934814453,-2.0533170598941837],[121.50810241699219,-2.0516015474104137],[121.5087890625,-2.049886033086622],[121.50810241699219,-2.048513620303808],[121.50089263916016,-2.048856723609788],[121.49539947509766,-2.045768791211458],[121.4926528930664,-2.04165153876788],[121.49059295654297,-2.0344463216252393],[121.49127960205078,-2.031015254523183],[121.49299621582031,-2.030329040228011],[121.49436950683594,-2.028270395594788],[121.50020599365234,-2.031015254523183],[121.50123596191406,-2.030329040228011],[121.49917602539062,-2.0272410722956806],[121.4981460571289,-2.025868640212053],[121.49574279785156,-2.0262117483420212],[121.49402618408203,-2.0241530984723397],[121.4923095703125,-2.0241530984723397],[121.49162292480469,-2.0207220095481517],[121.49059295654297,-2.021065118766984],[121.4871597290039,-2.019349571947913],[121.48681640625,-2.0183202429870306],[121.4871597290039,-2.0172909133744668],[121.4864730834961,-2.0159184728778854],[121.48372650146484,-2.015575362572932],[121.48200988769531,-2.0176340233177115],[121.47994995117188,-2.017977133188566],[121.47651672363281,-2.0169478033588604],[121.47342681884766,-2.0152322521956307],[121.47171020507812,-2.0128304775309402],[121.46793365478516,-2.0032233435304363],[121.46484375,-2.000478437740938],[121.46484375,-1.9997922105756203],[121.46381378173828,-1.9994490968853427],[121.46347045898438,-2.001164664619182],[121.45866394042969,-2.0001353241941615],[121.45591735839844,-2.0008215512159495],[121.45248413085938,-1.9997922105756203],[121.45248413085938,-1.9977335273581787],[121.45076751708984,-1.9973904132376816],[121.4487075805664,-1.994645497695032],[121.44973754882812,-1.9905281157957404],[121.44390106201172,-1.9888125369680836],[121.44046783447266,-1.9826364384297364],[121.44012451171875,-1.9816070864307989],[121.44218444824219,-1.9792052626122398],[121.44355773925781,-1.9747447234356628],[121.44012451171875,-1.9747447234356628],[121.43875122070312,-1.9757740796939487],[121.43840789794922,-1.9778327902963184],[121.4373779296875,-1.9778327902963184],[121.4377212524414,-1.976803435314281],[121.4370346069336,-1.9774896720399227],[121.43497467041016,-1.9754309610120657],[121.43531799316406,-1.973372247432792],[121.43291473388672,-1.9726860090065088],[121.43325805664062,-1.9695979325863675],[121.43051147460938,-1.9651373676547337],[121.42879486083984,-1.9641080048235864],[121.4267349243164,-1.9651373676547337],[121.4260482788086,-1.963421762583792],[121.42467498779297,-1.963421762583792],[121.42364501953125,-1.9593043032313773],[121.4208984375,-1.9572455697579159],[121.42021179199219,-1.9541574648086453],[121.4208984375,-1.9524418484934927],[121.42570495605469,-1.9490106106110687],[121.4267349243164,-1.9469518645243795],[121.4263916015625,-1.9452362408644035],[121.42295837402344,-1.9431774901694894],[121.42330169677734,-1.9414618626730658],[121.42295837402344,-1.9421481138806769],[121.42021179199219,-1.9421481138806769],[121.42192840576172,-1.9407756111868224],[121.42158508300781,-1.9400893594220463],[121.41746520996094,-1.939746233435244],[121.4150619506836,-1.9414618626730658],[121.41368865966797,-1.9411187369647536],[121.41437530517578,-1.9390599812528677],[121.41677856445312,-1.9366580964237556],[121.41368865966797,-1.9352855892782088],[121.41815185546875,-1.933569953784101],[121.41918182373047,-1.9318543165556719],[121.41677856445312,-1.9273936516561463],[121.41712188720703,-1.9260211370269644],[121.41643524169922,-1.9236192337659048],[121.41231536865234,-1.922246716098087],[121.41300201416016,-1.920531067461667],[121.41231536865234,-1.9198448075246688],[121.41403198242188,-1.9181291564769651],[121.41334533691406,-1.9157272421200986],[121.41197204589844,-1.9146978492216107],[121.41368865966797,-1.9126390615701752],[121.41128540039062,-1.910237139521314],[121.4102554321289,-1.9105802714482962],[121.40922546386719,-1.9078352141141437],[121.4095687866211,-1.9064626838038805],[121.40853881835938,-1.9064626838038805],[121.40853881835938,-1.9092077433292332],[121.40716552734375,-1.9068058164840807],[121.40716552734375,-1.9074920816392336],[121.4044189453125,-1.9081783465206428],[121.40304565429688,-1.9105802714482962],[121.40132904052734,-1.910237139521314],[121.40167236328125,-1.9136684557048653],[121.40064239501953,-1.9157272421200986],[121.3985824584961,-1.91401158694579],[121.39823913574219,-1.909894007525807],[121.39446258544922,-1.9078352141141437],[121.39274597167969,-1.9050901523991541],[121.3937759399414,-1.9040607531278795],[121.39274597167969,-1.9037176199007888],[121.39171600341797,-1.9050901523991541],[121.39137268066406,-1.9085214788586455],[121.39034271240234,-1.9088646111281804],[121.38931274414062,-1.9074920816392336],[121.38862609863281,-1.9092077433292332],[121.38656616210938,-1.910237139521314],[121.3821029663086,-1.9157272421200986],[121.37935638427734,-1.9170997650223995],[121.37798309326172,-1.9198448075246688],[121.38175964355469,-1.9256780081968827],[121.38175964355469,-1.9277367801406058],[121.38004302978516,-1.9304818055252468],[121.376953125,-1.9294524215251272],[121.3766098022461,-1.9301386775944565],[121.37626647949219,-1.9325405716550677],[121.37866973876953,-1.9370012230364608],[121.37626647949219,-1.9390599812528677],[121.37935638427734,-1.9455793657360374],[121.37935638427734,-1.9486674864380262],[121.37798309326172,-1.9490106106110687],[121.37763977050781,-1.951069354180433],[121.37901306152344,-1.9545005878613892],[121.3766098022461,-1.9582749368108239],[121.37592315673828,-1.9617061557518127],[121.37935638427734,-1.9695979325863675],[121.37901306152344,-1.970627292029505],[121.37626647949219,-1.9695979325863675],[121.37763977050781,-1.971313531304773],[121.37798309326172,-1.9740584855758811],[121.38038635253906,-1.9747447234356628],[121.38072967529297,-1.976803435314281],[121.37969970703125,-1.9771465537125579],[121.37626647949219,-1.982293321167873],[121.37317657470703,-1.982293321167873],[121.37248992919922,-1.9788621446397343],[121.3718032836914,-1.9792052626122398],[121.37077331542969,-1.982293321167873],[121.36871337890625,-1.9833226727400586],[121.3663101196289,-1.9836657897885033],[121.36219024658203,-1.9829795556204601],[121.35875701904297,-1.9870969563566376],[121.35875701904297,-1.9905281157957404],[121.35429382324219,-1.9922436928380591],[121.35326385498047,-1.9932730382058566],[121.35223388671875,-1.9977335273581787],[121.35292053222656,-2.0001353241941615],[121.35017395019531,-2.001507777950607],[121.35051727294922,-2.004595794700748],[121.3491439819336,-2.0056251323234022],[121.34880065917969,-2.0080269175906125],[121.34777069091797,-2.00734069358856],[121.34742736816406,-2.0039095692593634],[121.34639739990234,-2.004595794700748],[121.34502410888672,-2.003566456430846],[121.343994140625,-2.005282019854448],[121.34330749511719,-2.0049389073135586],[121.34262084960938,-2.0056251323234022],[121.34227752685547,-2.0032233435304363],[121.34330749511719,-2.001850891210225],[121.34159088134766,-2.0001353241941615],[121.34124755859375,-1.9970472990455335],[121.34021759033203,-1.9963610704462837],[121.34124755859375,-1.994645497695032],[121.33918762207031,-1.9912143468269932],[121.34021759033203,-1.9894987687132897],[121.34090423583984,-1.9894987687132897],[121.34056091308594,-1.9908712313470716],[121.34124755859375,-1.9894987687132897],[121.34159088134766,-1.9853813739629373],[121.34124755859375,-1.9874400726215669],[121.33987426757812,-1.9846951405067585],[121.34090423583984,-1.982293321167873],[121.34227752685547,-1.982293321167873],[121.34296417236328,-1.9809208514093513],[121.34193420410156,-1.9812639689556164],[121.33918762207031,-1.9788621446397343],[121.3388442993164,-1.9761171983049763],[121.34090423583984,-1.9761171983049763],[121.34262084960938,-1.9702841722858153],[121.34845733642578,-1.9641080048235864],[121.34880065917969,-1.9575886921791152],[121.3498306274414,-1.9572455697579159],[121.34880065917969,-1.9569024472665006],[121.34811401367188,-1.953814341685785],[121.35086059570312,-1.9517556014770037],[121.35120391845703,-1.950039982710578],[121.34777069091797,-1.9520987250202637],[121.33953094482422,-1.9514124778637267],[121.33918762207031,-1.9496968587473589],[121.33369445800781,-1.9466087399320458],[121.33197784423828,-1.9394031073788511],[121.33094787597656,-1.9394031073788511],[121.33197784423828,-1.9376874760533696],[121.32991790771484,-1.938716855057308],[121.33026123046875,-1.9366580964237556],[121.32888793945312,-1.933569953784101],[121.3278579711914,-1.9356287161687789],[121.32648468017578,-1.9356287161687789],[121.32511138916016,-1.9366580964237556],[121.3223648071289,-1.933569953784101],[121.3223648071289,-1.9356287161687789],[121.31790161132812,-1.9370012230364608],[121.3161849975586,-1.9349424623182045],[121.31378173828125,-1.9301386775944565],[121.31343841552734,-1.9297955495944024],[121.31446838378906,-1.9287661651788994],[121.31412506103516,-1.9246486212921212],[121.31481170654297,-1.923276104452441],[121.3165283203125,-1.923276104452441],[121.31893157958984,-1.9208741973268246],[121.32614135742188,-1.920531067461667],[121.32888793945312,-1.9174428955760732],[121.32991790771484,-1.9157272421200986],[121.32888793945312,-1.9136684557048653],[121.33094787597656,-1.9119527984705798],[121.3278579711914,-1.9085214788586455],[121.32888793945312,-1.9074920816392336],[121.32888793945312,-1.9064626838038805],[121.33094787597656,-1.903374486605415],[121.33129119873047,-1.9009725516263103],[121.33232116699219,-1.9006294177849412],[121.33232116699219,-1.8989137475554685],[121.33506774902344,-1.8989137475554685],[121.33403778076172,-1.9013156853994673],[121.33438110351562,-1.9020019527411165],[121.34021759033203,-1.9013156853994673],[121.34193420410156,-1.9020019527411165],[121.34296417236328,-1.9002862838753742],[121.34639739990234,-1.9006294177849412],[121.34639739990234,-1.8985706133051252],[121.35017395019531,-1.8975412101454623],[121.3491439819336,-1.896168671646123],[121.34605407714844,-1.8971980756227254],[121.34468078613281,-1.896168671646123],[121.34262084960938,-1.8965118063730415],[121.34159088134766,-1.8958255368511772],[121.34227752685547,-1.894109861856407],[121.34090423583984,-1.8923941851626296],[121.34090423583984,-1.8899922349399816],[121.33918762207031,-1.8899922349399816],[121.3385009765625,-1.8934235913826853],[121.33678436279297,-1.892737320637238],[121.33609771728516,-1.891707914009757],[121.33472442626953,-1.892051049620136],[121.33506774902344,-1.890335370889602],[121.33403778076172,-1.891707914009757],[121.33197784423828,-1.890335370889602],[121.33094787597656,-1.8810706764837732],[121.3326644897461,-1.878325572385208],[121.33403778076172,-1.8790118488144572],[121.33438110351562,-1.878325572385208],[121.3330078125,-1.876266741480407],[121.33438110351562,-1.8755804639734492],[121.33781433105469,-1.8766098801329179],[121.33918762207031,-1.8786687106335336],[121.34056091308594,-1.8790118488144572],[121.3436508178711,-1.8769530187180834],[121.34159088134766,-1.8752373251190164],[121.34193420410156,-1.873864769028586],[121.343994140625,-1.873864769028586],[121.34571075439453,-1.872492211862422],[121.3491439819336,-1.8735216298378674],[121.35017395019531,-1.8714627932823191],[121.35429382324219,-1.870776513893162],[121.35601043701172,-1.8718059328761854],[121.35669708251953,-1.8742079081520728],[121.35841369628906,-1.8759236027605795],[121.35978698730469,-1.8745510472083282],[121.36287689208984,-1.8748941861973094],[121.36150360107422,-1.8742079081520728],[121.35978698730469,-1.8714627932823191],[121.35944366455078,-1.8690608142458132],[121.35601043701172,-1.8673451129219103],[121.35498046875,-1.8666588319232602],[121.35326385498047,-1.8683745339173612],[121.3498306274414,-1.8680313936525579],[121.34674072265625,-1.8670019724560802],[121.34502410888672,-1.8652862691223504],[121.3443374633789,-1.8608254326281042],[121.34742736816406,-1.8608254326281042],[121.34742736816406,-1.8591097232781806],[121.35120391845703,-1.8591097232781806],[121.35189056396484,-1.8584234390711885],[121.3498306274414,-1.856364584850283],[121.35017395019531,-1.8501880078110702],[121.34605407714844,-1.849501720144346],[121.34468078613281,-1.8433251192107605],[121.343994140625,-1.8474428555519324],[121.3443374633789,-1.849501720144346],[121.34330749511719,-1.8512174388132223],[121.34159088134766,-1.8525900125527812],[121.34159088134766,-1.8543057282315232],[121.34021759033203,-1.8546488711677114],[121.33644104003906,-1.8532762990237757],[121.33644104003906,-1.8546488711677114],[121.3275146484375,-1.8639137052506243],[121.32476806640625,-1.8632274229134538],[121.32476806640625,-1.8601391490883543],[121.32579803466797,-1.8597960072183497],[121.32373809814453,-1.8584234390711885],[121.32579803466797,-1.8549920140373644],[121.31790161132812,-1.8556782995769936],[121.31721496582031,-1.8525900125527812],[121.31515502929688,-1.8546488711677114],[121.3113784790039,-1.8543057282315232],[121.3106918334961,-1.8560214422469272],[121.30897521972656,-1.855335156840468],[121.3051986694336,-1.8567077273870183],[121.30382537841797,-1.8556782995769936],[121.30313873291016,-1.8546488711677114],[121.30382537841797,-1.853619442159527],[121.30279541015625,-1.8529331558215176],[121.29901885986328,-1.8573940122606416],[121.29558563232422,-1.8570508698571473],[121.29318237304688,-1.8508742952122361],[121.29352569580078,-1.846756566824041],[121.29112243652344,-1.8481291440146919],[121.29283905029297,-1.8453839885731895],[121.2890625,-1.8426388288940245],[121.2887191772461,-1.8412662474672885],[121.29009246826172,-1.8398936649835065],[121.2890625,-1.8385210814434316],[121.29112243652344,-1.8374916430956887],[121.29009246826172,-1.8340601776529013],[121.29283905029297,-1.833030736736248],[121.29352569580078,-1.8299424104360185],[121.29558563232422,-1.828912967153613],[121.29592895507812,-1.8271972270373027],[121.2948989868164,-1.826510930531768],[121.29661560058594,-1.8234225930141434],[121.29558563232422,-1.8210205490583462],[121.29764556884766,-1.8210205490583462],[121.29833221435547,-1.8203342501969928],[121.29695892333984,-1.8203342501969928],[121.29695892333984,-1.8189616516906142],[121.29833221435547,-1.8155301508577537],[121.29764556884766,-1.8151870004159747],[121.29867553710938,-1.8141575486998818],[121.29627227783203,-1.8127849455005105],[121.29661560058594,-1.8114123412604073],[121.29524230957031,-1.8090102813383453],[121.29627227783203,-1.806265066104487],[121.29867553710938,-1.808667129661174],[121.3003921508789,-1.806608218235695],[121.2997055053711,-1.8045493044765664],[121.30073547363281,-1.8045493044765664],[121.3003921508789,-1.8031766940086271],[121.30107879638672,-1.7997451633114423],[121.29936218261719,-1.7980293955404107],[121.2997055053711,-1.796656780162209],[121.30210876464844,-1.7963136261564472],[121.30245208740234,-1.7932252372057036],[121.30382537841797,-1.7932252372057036],[121.30931854248047,-1.7973430879802947],[121.3113784790039,-1.7942547007688319],[121.31309509277344,-1.7952841637525268],[121.31446838378906,-1.794597855161129],[121.31446838378906,-1.792538927841889],[121.31549835205078,-1.792538927841889],[121.31584167480469,-1.790823153306917],[121.31549835205078,-1.7867052878716265],[121.31790161132812,-1.7846463516906539],[121.32099151611328,-1.7839600391179147],[121.31996154785156,-1.777440056920213],[121.32133483886719,-1.777096899323908],[121.3223648071289,-1.7794990011582144],[121.32408142089844,-1.7781263719214593],[121.32476806640625,-1.774351636258956],[121.322021484375,-1.7695474160941842],[121.322021484375,-1.7685179387242869],[121.32373809814453,-1.7681747794740517],[121.32511138916016,-1.7726358447737312],[121.32957458496094,-1.7736653198557804],[121.33506774902344,-1.777440056920213],[121.33712768554688,-1.776753741663839],[121.33609771728516,-1.7740084780892005],[121.33678436279297,-1.7726358447737312],[121.34124755859375,-1.7726358447737312],[121.343994140625,-1.7760674261524514],[121.34777069091797,-1.7784695293263724],[121.34845733642578,-1.7812147862673982],[121.35086059570312,-1.7849895078809652],[121.3498306274414,-1.7867052878716265],[121.3546371459961,-1.7877347550967784],[121.35841369628906,-1.7918526182207728],[121.35978698730469,-1.7894505325222525],[121.36219024658203,-1.7894505325222525],[121.36699676513672,-1.792195773063483],[121.36837005615234,-1.7969999341034821],[121.3711166381836,-1.7980293955404107],[121.37248992919922,-1.8011177763659418],[121.37351989746094,-1.8048924569316966],[121.37248992919922,-1.8083239779191018],[121.376953125,-1.8079808261121428],[121.37901306152344,-1.808667129661174],[121.37901306152344,-1.8103828873978358],[121.38141632080078,-1.8093534329506156],[121.38484954833984,-1.8093534329506156],[121.38690948486328,-1.8117554924179586],[121.38862609863281,-1.8107260387503317],[121.38999938964844,-1.8083239779191018],[121.3930892944336,-1.8059219139084917],[121.39411926269531,-1.805235609322068],[121.39892578125,-1.806265066104487],[121.40029907226562,-1.8048924569316966],[121.40064239501953,-1.806265066104487],[121.40338897705078,-1.806265066104487],[121.4047622680664,-1.8076376742403113],[121.40785217285156,-1.8079808261121428],[121.40853881835938,-1.8093534329506156],[121.40922546386719,-1.808667129661174],[121.4102554321289,-1.8096965844979565],[121.41197204589844,-1.8093534329506156],[121.41471862792969,-1.8124417945380316],[121.41231536865234,-1.8138143979976604],[121.4154052734375,-1.8134712472303391],[121.41643524169922,-1.8141575486998818],[121.41677856445312,-1.8151870004159747],[121.41471862792969,-1.8169027519733163],[121.41471862792969,-1.818275352045788],[121.41849517822266,-1.8220499968602581],[121.4205551147461,-1.8217068476583194],[121.42192840576172,-1.8175890521399936],[121.42295837402344,-1.8172459020892546],[121.4212417602539,-1.8134712472303391],[121.42776489257812,-1.8107260387503317],[121.43119812011719,-1.8131280963979464],[121.43085479736328,-1.8117554924179586],[121.431884765625,-1.8103828873978358],[121.43428802490234,-1.8090102813383453],[121.4377212524414,-1.8096965844979565],[121.43943786621094,-1.8072945223036214],[121.44184112548828,-1.806265066104487],[121.4425277709961,-1.8048924569316966],[121.44493103027344,-1.804206151956663],[121.44596099853516,-1.8048924569316966],[121.44527435302734,-1.806265066104487],[121.44596099853516,-1.808667129661174],[121.4487075805664,-1.8103828873978358],[121.453857421875,-1.8117554924179586],[121.45454406738281,-1.8103828873978358],[121.45523071289062,-1.8110691900378555],[121.45694732666016,-1.8107260387503317],[121.45557403564453,-1.8114123412604073],[121.45626068115234,-1.8131280963979464],[121.45797729492188,-1.8131280963979464],[121.45797729492188,-1.8145006993370316],[121.46175384521484,-1.8169027519733163],[121.46209716796875,-1.8213636983909964],[121.45866394042969,-1.8234225930141434],[121.45694732666016,-1.8230794440737839],[121.45488739013672,-1.8247951881212288],[121.45454406738281,-1.8261677821806757],[121.4590072631836,-1.8251383367343266],[121.46209716796875,-1.8268540788173198],[121.46484375,-1.8295992627408566],[121.4651870727539,-1.8309718531274797],[121.46759033203125,-1.8323444424629542],[121.46862030029297,-1.8361190577090554],[121.46587371826172,-1.8374916430956887],[121.46759033203125,-1.8395505191974735],[121.46690368652344,-1.8405799563574732],[121.46209716796875,-1.8402368107035016],[121.46175384521484,-1.8416093929231039],[121.45797729492188,-1.8426388288940245],[121.45523071289062,-1.8488154322122057],[121.45248413085938,-1.8488154322122057],[121.45523071289062,-1.8508742952122361],[121.45557403564453,-1.8529331558215176],[121.4535140991211,-1.853619442159527],[121.45282745361328,-1.8549920140373644],[121.45076751708984,-1.855335156840468],[121.45111083984375,-1.856364584850283],[121.44905090332031,-1.8608254326281042],[121.4480209350586,-1.8618548574369669],[121.44905090332031,-1.8628842816445683],[121.4483642578125,-1.8673451129219103],[121.45523071289062,-1.8670019724560802],[121.45729064941406,-1.8649431282547937],[121.45763397216797,-1.8656294099230024],[121.4593505859375,-1.8649431282547937],[121.46038055419922,-1.8652862691223504],[121.46381378173828,-1.8625411403088492],[121.46381378173828,-1.8604822908916105],[121.46553039550781,-1.8597960072183497],[121.46621704101562,-1.857737154597487],[121.46930694580078,-1.8560214422469272],[121.4703369140625,-1.8587665812080445],[121.46827697753906,-1.8628842816445683],[121.46827697753906,-1.8656294099230024],[121.46724700927734,-1.869747094306021],[121.4651870727539,-1.870776513893162],[121.4645004272461,-1.8731784905799316],[121.46244049072266,-1.8748941861973094],[121.45763397216797,-1.8766098801329179],[121.46141052246094,-1.8790118488144572],[121.46312713623047,-1.8779824340694802],[121.46484375,-1.878325572385208],[121.46965026855469,-1.8748941861973094],[121.47274017333984,-1.8745510472083282],[121.47274017333984,-1.8755804639734492],[121.47720336914062,-1.8711196536213066],[121.47926330566406,-1.8714627932823191],[121.48063659667969,-1.8704333740978853],[121.4816665649414,-1.8711196536213066],[121.48372650146484,-1.8700902342354908],[121.48441314697266,-1.8711196536213066],[121.48784637451172,-1.8676882533207362],[121.48853302001953,-1.8683745339173612],[121.48578643798828,-1.8714627932823191],[121.48578643798828,-1.8728353512547784],[121.4864730834961,-1.8728353512547784],[121.48818969726562,-1.8766098801329179],[121.48818969726562,-1.8786687106335336],[121.48578643798828,-1.8803844008638322],[121.4864730834961,-1.8807275387075464],[121.4871597290039,-1.8834726390268912],[121.48887634277344,-1.8834726390268912],[121.48853302001953,-1.8848451875650767],[121.48956298828125,-1.8848451875650767],[121.48990631103516,-1.8838157762628356],[121.49093627929688,-1.8858745982586953],[121.49402618408203,-1.8865608717161138],[121.49471282958984,-1.8879334178186156],[121.4981460571289,-1.8879334178186156],[121.49951934814453,-1.8913647783314929],[121.50089263916016,-1.892051049620136],[121.49951934814453,-1.8930804560439043],[121.50054931640625,-1.8934235913826853],[121.50226593017578,-1.8930804560439043],[121.50638580322266,-1.887247144902787],[121.50260925292969,-1.8951392670572602],[121.50432586669922,-1.8968549410319042],[121.50707244873047,-1.8958255368511772],[121.51565551757812,-1.896168671646123],[121.51531219482422,-1.894452996991319],[121.51702880859375,-1.892051049620136],[121.51805877685547,-1.892051049620136],[121.5194320678711,-1.8899922349399816],[121.52183532714844,-1.8886196904635],[121.52217864990234,-1.8848451875650767]],[[121.53419494628906,-2.0502291360985083],[121.53453826904297,-2.0471412063451595],[121.53419494628906,-2.0461118951049997],[121.53350830078125,-2.047827413471424],[121.53419494628906,-2.0502291360985083]],[[122.16796875,-2.811714102819167],[122.16659545898438,-2.8134286487472338],[122.16453552246094,-2.814114466412576],[122.16522216796875,-2.8165148250628818],[122.16522216796875,-2.814800283674387],[122.16968536376953,-2.8134286487472338],[122.17037200927734,-2.8123999214928688],[122.16968536376953,-2.8113711933311265],[122.17105865478516,-2.811714102819167],[122.16659545898438,-2.8089708240936204],[122.16556549072266,-2.8099995543712595],[122.16796875,-2.811714102819167]],[[121.54003143310547,-2.106497025863206],[121.53934478759766,-2.105124662269077],[121.53900146484375,-2.105810844217217],[121.54003143310547,-2.106497025863206]],[[121.53144836425781,-2.03924980330369],[121.53282165527344,-2.039592908589583],[121.5311050415039,-2.0385635925124603],[121.5304183959961,-2.038906697944654],[121.52904510498047,-2.0402791189418252],[121.52973175048828,-2.0409653290012955],[121.53007507324219,-2.0402791189418252],[121.53144836425781,-2.03924980330369]],[[121.53282165527344,-2.039592908589583],[121.53419494628906,-2.0447394790905236],[121.53316497802734,-2.039592908589583],[121.53282165527344,-2.039592908589583]],[[121.4864730834961,-1.9315111889019931],[121.48406982421875,-1.9301386775944565],[121.48029327392578,-1.9304818055252468],[121.48200988769531,-1.93219744414003],[121.48303985595703,-1.9359718429899004],[121.48303985595703,-1.9380306024575589],[121.48200988769531,-1.9394031073788511],[121.48544311523438,-1.9400893594220463],[121.48612976074219,-1.9428343648095847],[121.48921966552734,-1.9411187369647536],[121.49162292480469,-1.9407756111868224],[121.49059295654297,-1.9376874760533696],[121.48921966552734,-1.9376874760533696],[121.48818969726562,-1.9359718429899004],[121.48921966552734,-1.9332268264771102],[121.4871597290039,-1.9332268264771102],[121.4864730834961,-1.9315111889019931]],[[121.44218444824219,-1.922246716098087],[121.44046783447266,-1.9181291564769651],[121.43909454345703,-1.9177860260609094],[121.43875122070312,-1.9198448075246688],[121.4377212524414,-1.9215604568503437],[121.43909454345703,-1.9256780081968827],[121.4373779296875,-1.9270505231025368],[121.43634796142578,-1.9301386775944565],[121.43291473388672,-1.9315111889019931],[121.4322280883789,-1.9328836991007563],[121.43325805664062,-1.9370012230364608],[121.43566131591797,-1.939746233435244],[121.43394470214844,-1.9418049883117163],[121.43394470214844,-1.9435206154596756],[121.43291473388672,-1.9438637406801291],[121.43325805664062,-1.9445499909117956],[121.43531799316406,-1.9438637406801291],[121.43497467041016,-1.947294989046867],[121.43669128417969,-1.9483243621950805],[121.43875122070312,-1.9476381134994796],[121.44081115722656,-1.9445499909117956],[121.44046783447266,-1.9404324853392296],[121.43909454345703,-1.939746233435244],[121.43943786621094,-1.9366580964237556],[121.4432144165039,-1.933569953784101],[121.44355773925781,-1.9315111889019931],[121.44458770751953,-1.9304818055252468],[121.44287109375,-1.929109293386631],[121.4425277709961,-1.9270505231025368],[121.44390106201172,-1.9270505231025368],[121.44458770751953,-1.9260211370269644],[121.44218444824219,-1.924305492185752],[121.44218444824219,-1.922246716098087]],[[121.38038635253906,-1.842981974085447],[121.37866973876953,-1.8440114092629187],[121.37592315673828,-1.845040843844913],[121.3711166381836,-1.8505311515448568],[121.37248992919922,-1.8539625852287855],[121.3718032836914,-1.8580802968676693],[121.37283325195312,-1.8597960072183497],[121.37454986572266,-1.8594528652816251],[121.37763977050781,-1.8604822908916105],[121.38175964355469,-1.8649431282547937],[121.38587951660156,-1.8656294099230024],[121.3875961303711,-1.8632274229134538],[121.38965606689453,-1.8625411403088492],[121.39240264892578,-1.8635705641154772],[121.39720916748047,-1.8597960072183497],[121.39823913574219,-1.8560214422469272],[121.40132904052734,-1.8532762990237757],[121.40338897705078,-1.853619442159527],[121.40819549560547,-1.8573940122606416],[121.40819549560547,-1.8532762990237757],[121.40270233154297,-1.8488154322122057],[121.4047622680664,-1.8446976990504282],[121.40682220458984,-1.842981974085447],[121.40922546386719,-1.8426388288940245],[121.40819549560547,-1.8416093929231039],[121.40853881835938,-1.8371484968478882],[121.40579223632812,-1.8371484968478882],[121.40270233154297,-1.8350896179772604],[121.40167236328125,-1.8364622041545715],[121.3992691040039,-1.8368053505341777],[121.39823913574219,-1.8361190577090554],[121.39652252197266,-1.8381779353934604],[121.39411926269531,-1.8381779353934604],[121.39171600341797,-1.8361190577090554],[121.39034271240234,-1.8374916430956887],[121.38484954833984,-1.8361190577090554],[121.38347625732422,-1.8368053505341777],[121.38313293457031,-1.838864227427436],[121.38141632080078,-1.8402368107035016],[121.38038635253906,-1.842981974085447]],[[121.36493682861328,-1.9184722868241977],[121.3656234741211,-1.9177860260609094],[121.36528015136719,-1.920187937527615],[121.36390686035156,-1.920531067461667],[121.36493682861328,-1.922246716098087],[121.36734008789062,-1.9195016774528426],[121.36837005615234,-1.920187937527615],[121.36940002441406,-1.9195016774528426],[121.36768341064453,-1.9174428955760732],[121.37077331542969,-1.9136684557048653],[121.37042999267578,-1.9119527984705798],[121.37214660644531,-1.9122959300546825],[121.37248992919922,-1.9095508754617754],[121.37420654296875,-1.9095508754617754],[121.37832641601562,-1.905433285352899],[121.37901306152344,-1.899943149897652],[121.37592315673828,-1.9030313532417438],[121.37283325195312,-1.9030313532417438],[121.37248992919922,-1.901658819104398],[121.3714599609375,-1.9026882198098036],[121.36905670166016,-1.9023450863095803],[121.36837005615234,-1.9037176199007888],[121.36493682861328,-1.904747019377055],[121.36528015136719,-1.9061195510552693],[121.36871337890625,-1.9074920816392336],[121.36699676513672,-1.9081783465206428],[121.36356353759766,-1.916070372948809],[121.36493682861328,-1.9184722868241977]],[[121.33472442626953,-1.7777832144527395],[121.33060455322266,-1.7750379524074447],[121.32614135742188,-1.7740084780892005],[121.32442474365234,-1.7801853153935383],[121.32270812988281,-1.7819010998637452],[121.32373809814453,-1.7832737262890959],[121.33506774902344,-1.778812686667493],[121.33472442626953,-1.7777832144527395]]]}}]}