{"type":"FeatureCollection","features":[{"type":"Feature","id":"pmtiles:10/855/517:mountain_peak:10701591691:0","properties":{"name_int":"Buyu Tandocilo","name_de":"Buyu Tandocilo","name":"Buyu Tandocilo","rank":1,"class":"peak","name:latin":"Buyu Tandocilo","name_en":"Buyu Tandocilo","kind":"poi","verification":"verified","source":"OpenMapTiles/OpenStreetMap national PMTiles","sourceId":"10/855/517:mountain_peak:10701591691:0","sourceLayer":"mountain_peak","archive":"https://its.hanifahseptiani45.workers.dev/v1/map/archive/indonesia.pmtiles","updatedAt":"2026-07-26T09:42:39.427Z"},"geometry":{"type":"Point","coordinates":[120.72369575500488,-2.191838479874775]}},{"type":"Feature","id":"pmtiles:10/855/517:mountain_peak:10701603021:0","properties":{"name_int":"Buyu Lalaapu","name_de":"Buyu Lalaapu","name":"Buyu Lalaapu","rank":2,"class":"peak","name:latin":"Buyu Lalaapu","name_en":"Buyu Lalaapu","kind":"poi","verification":"verified","source":"OpenMapTiles/OpenStreetMap national PMTiles","sourceId":"10/855/517:mountain_peak:10701603021:0","sourceLayer":"mountain_peak","archive":"https://its.hanifahseptiani45.workers.dev/v1/map/archive/indonesia.pmtiles","updatedAt":"2026-07-26T09:42:39.427Z"},"geometry":{"type":"Point","coordinates":[120.67726135253906,-2.172025965984929]}},{"type":"Feature","id":"pmtiles:10/855/517:mountain_peak:10701881801:0","properties":{"name_int":"Torukuno Badu","name_de":"Torukuno Badu","name":"Torukuno Badu","rank":2,"class":"peak","name:latin":"Torukuno Badu","name_en":"Torukuno Badu","kind":"poi","verification":"verified","source":"OpenMapTiles/OpenStreetMap national PMTiles","sourceId":"10/855/517:mountain_peak:10701881801:0","sourceLayer":"mountain_peak","archive":"https://its.hanifahseptiani45.workers.dev/v1/map/archive/indonesia.pmtiles","updatedAt":"2026-07-26T09:42:39.427Z"},"geometry":{"type":"Point","coordinates":[120.80944061279297,-2.1197059635181716]}},{"type":"Feature","id":"pmtiles:10/855/517:mountain_peak:10701940461:0","properties":{"name_int":"Torukuno Watumayoa","name_de":"Torukuno Watumayoa","name":"Torukuno Watumayoa","rank":3,"class":"peak","name:latin":"Torukuno Watumayoa","name_en":"Torukuno Watumayoa","kind":"poi","verification":"verified","source":"OpenMapTiles/OpenStreetMap national PMTiles","sourceId":"10/855/517:mountain_peak:10701940461:0","sourceLayer":"mountain_peak","archive":"https://its.hanifahseptiani45.workers.dev/v1/map/archive/indonesia.pmtiles","updatedAt":"2026-07-26T09:42:39.427Z"},"geometry":{"type":"Point","coordinates":[120.8437728881836,-2.1844624229642022]}},{"type":"Feature","id":"pmtiles:10/854/518:mountain_peak:10701603931:0","properties":{"name_int":"Buyu Kai","name_de":"Buyu Kai","name":"Buyu Kai","rank":2,"class":"peak","name:latin":"Buyu Kai","name_en":"Buyu Kai","kind":"poi","verification":"verified","source":"OpenMapTiles/OpenStreetMap national PMTiles","sourceId":"10/854/518:mountain_peak:10701603931:0","sourceLayer":"mountain_peak","archive":"https://its.hanifahseptiani45.workers.dev/v1/map/archive/indonesia.pmtiles","updatedAt":"2026-07-26T09:42:48.000Z"},"geometry":{"type":"Point","coordinates":[120.62481880187988,-2.2211708104741916]}},{"type":"Feature","id":"pmtiles:10/854/518:mountain_peak:10701648861:0","properties":{"name_int":"Buyu Kayuroga","name_de":"Buyu Kayuroga","name":"Buyu Kayuroga","rank":5,"class":"peak","name:latin":"Buyu Kayuroga","name_en":"Buyu Kayuroga","kind":"poi","verification":"verified","source":"OpenMapTiles/OpenStreetMap national PMTiles","sourceId":"10/854/518:mountain_peak:10701648861:0","sourceLayer":"mountain_peak","archive":"https://its.hanifahseptiani45.workers.dev/v1/map/archive/indonesia.pmtiles","updatedAt":"2026-07-26T09:42:48.000Z"},"geometry":{"type":"Point","coordinates":[120.61984062194824,-2.2306050623914615]}},{"type":"Feature","id":"pmtiles:10/854/518:mountain_peak:10701551991:0","properties":{"name_int":"Buyu Sangia","name_de":"Buyu Sangia","name":"Buyu Sangia","rank":1,"class":"peak","name:latin":"Buyu Sangia","name_en":"Buyu Sangia","kind":"poi","verification":"verified","source":"OpenMapTiles/OpenStreetMap national PMTiles","sourceId":"10/854/518:mountain_peak:10701551991:0","sourceLayer":"mountain_peak","archive":"https://its.hanifahseptiani45.workers.dev/v1/map/archive/indonesia.pmtiles","updatedAt":"2026-07-26T09:42:48.000Z"},"geometry":{"type":"Point","coordinates":[120.63151359558105,-2.3071060117607516]}},{"type":"Feature","id":"pmtiles:10/854/518:mountain_peak:10701588721:0","properties":{"name_int":"Buyu Pangka","name_de":"Buyu Pangka","name":"Buyu Pangka","rank":1,"class":"peak","name:latin":"Buyu Pangka","name_en":"Buyu Pangka","kind":"poi","verification":"verified","source":"OpenMapTiles/OpenStreetMap national PMTiles","sourceId":"10/854/518:mountain_peak:10701588721:0","sourceLayer":"mountain_peak","archive":"https://its.hanifahseptiani45.workers.dev/v1/map/archive/indonesia.pmtiles","updatedAt":"2026-07-26T09:42:48.000Z"},"geometry":{"type":"Point","coordinates":[120.61400413513184,-2.4233932492355024]}},{"type":"Feature","id":"pmtiles:10/854/518:park:7768197972:1","properties":{"name":"Cagar Alam Pamona","name_int":"Pamona Nature Reserve","class":"protected_area","name:latin":"Cagar Alam Pamona","name_de":"Cagar Alam Pamona","name_en":"Pamona Nature Reserve","kind":"green","verification":"verified","source":"OpenMapTiles/OpenStreetMap national PMTiles","sourceId":"10/854/518:park:7768197972:1","sourceLayer":"park","archive":"https://its.hanifahseptiani45.workers.dev/v1/map/archive/indonesia.pmtiles","updatedAt":"2026-07-26T09:42:48.000Z"},"geometry":{"type":"Polygon","coordinates":[[[120.59100151062012,-2.1338582716283554],[120.5914306640625,-2.1317139908717166],[120.5914306640625,-2.1362598625258045],[120.5910873413086,-2.13565946515331],[120.59100151062012,-2.1338582716283554]]]}},{"type":"Feature","id":"pmtiles:10/855/518:landcover:78052213:0","properties":{"subclass":"wood","class":"wood","kind":"green","verification":"verified","source":"OpenMapTiles/OpenStreetMap national PMTiles","sourceId":"10/855/518:landcover:78052213:0","sourceLayer":"landcover","archive":"https://its.hanifahseptiani45.workers.dev/v1/map/archive/indonesia.pmtiles","updatedAt":"2026-07-26T09:42:48.063Z"},"geometry":{"type":"Polygon","coordinates":[[[120.9429931640625,-2.4013543114762683],[120.94290733337402,-2.401268556158186],[120.93947410583496,-2.400582513419721],[120.93930244445801,-2.3992104269097467],[120.9349250793457,-2.3999822257410415],[120.93372344970703,-2.401868843271771],[120.9316635131836,-2.4020403538272035],[120.92883110046387,-2.4035839478567738],[120.92771530151367,-2.4050417850597228],[120.92531204223633,-2.405899335627879],[120.92024803161621,-2.4040127236663693],[120.9166431427002,-2.400754024136617],[120.91389656066895,-2.400668268780848],[120.91183662414551,-2.399724959512369],[120.91054916381836,-2.398695894113544],[120.9096908569336,-2.397152294563739],[120.90840339660645,-2.3968950278028274],[120.90617179870605,-2.3986101386286975],[120.90119361877441,-2.399124671457173],[120.89587211608887,-2.400754024136617],[120.89441299438477,-2.401697332694809],[120.89183807373047,-2.405213295216484],[120.88943481445312,-2.406585375694121],[120.88488578796387,-2.406070845676794],[120.88437080383301,-2.408043209688529],[120.8836841583252,-2.4083862292252576],[120.88325500488281,-2.403926968515222],[120.88411331176758,-2.4030694167074813],[120.88359832763672,-2.402297619619972],[120.88376998901367,-2.40101129017161],[120.88299751281738,-2.3999822257410415],[120.8829116821289,-2.398438627642861],[120.882568359375,-2.3981813611237754],[120.88128089904785,-2.399124671457173],[120.8814525604248,-2.3981813611237754],[120.8796501159668,-2.396208982870661],[120.87836265563965,-2.396123227229978],[120.8774185180664,-2.397066538982145],[120.87656021118164,-2.396723516602009],[120.87613105773926,-2.394236601776271],[120.87793350219727,-2.390892122998764],[120.87630271911621,-2.390206075062153],[120.87544441223145,-2.3891770025143444],[120.87321281433105,-2.3889197342568878],[120.87166786193848,-2.3899488069975092],[120.87106704711914,-2.391578170592396],[120.86823463439941,-2.392778753055623],[120.86617469787598,-2.390463343078565],[120.86342811584473,-2.390206075062153],[120.86222648620605,-2.389520026782648],[120.86256980895996,-2.3887482220584815],[120.86196899414062,-2.387633392246812],[120.86145401000977,-2.388147929195398],[120.86068153381348,-2.3878049045844136],[120.85999488830566,-2.3889197342568878],[120.85699081420898,-2.3880621730506704],[120.85527420043945,-2.3865185615306928],[120.85141181945801,-2.3868615864627287],[120.85046768188477,-2.3860040239721485],[120.85038185119629,-2.3842031410013362],[120.8492660522461,-2.3824022556737248],[120.84969520568848,-2.3806871246007972],[120.85038185119629,-2.3801725848626205],[120.85003852844238,-2.3799153149215044],[120.85021018981934,-2.3787147212282065],[120.84918022155762,-2.3795722882586574],[120.84832191467285,-2.3795722882586574],[120.84772109985352,-2.3789719913933425],[120.84780693054199,-2.3778571536645785],[120.84583282470703,-2.378628964495846],[120.8444595336914,-2.3778571536645785],[120.84385871887207,-2.3789719913933425],[120.84197044372559,-2.380258341498987],[120.84231376647949,-2.381373177286193],[120.84136962890625,-2.3822307426625287],[120.84051132202148,-2.381887716576074],[120.83836555480957,-2.3822307426625287],[120.83707809448242,-2.381801960041088],[120.83630561828613,-2.3806871246007972],[120.83793640136719,-2.3788004779552523],[120.83733558654785,-2.3767423150350453],[120.8345890045166,-2.376485044454199],[120.83330154418945,-2.37699958556793],[120.83287239074707,-2.375798989337568],[120.83209991455078,-2.375284447776437],[120.8320140838623,-2.374426878081948],[120.83029747009277,-2.37382657897912],[120.83072662353516,-2.373140522542357],[120.83046913146973,-2.372883251290787],[120.8272933959961,-2.3727117370964805],[120.82609176635742,-2.372025680106532],[120.82531929016113,-2.373054765463806],[120.82394599914551,-2.372969008379954],[120.82188606262207,-2.37211143724889],[120.8169937133789,-2.3715111371407573],[120.81622123718262,-2.3724544657651307],[120.81441879272461,-2.372969008379954],[120.81398963928223,-2.374684149046189],[120.81356048583984,-2.374769906023616],[120.8122730255127,-2.3743411210832335],[120.81132888793945,-2.3727974941962913],[120.80995559692383,-2.372282951517647],[120.80429077148438,-2.3725402228809003],[120.80360412597656,-2.371854165805871],[120.8030891418457,-2.3692814487448857],[120.8027458190918,-2.369109934104145],[120.80231666564941,-2.3698817498201663],[120.80137252807617,-2.369795992539622],[120.80068588256836,-2.3691956914271657],[120.8001708984375,-2.366794484375788],[120.79931259155273,-2.3662799394663665],[120.79656600952148,-2.3665372119449444],[120.7935619354248,-2.3676520588004024],[120.79150199890137,-2.366794484375788],[120.78927040100098,-2.3670517567588973],[120.78927040100098,-2.3666229694271976],[120.79090118408203,-2.36602266694004],[120.79072952270508,-2.365508121744199],[120.78901290893555,-2.3654223641929946],[120.78961372375488,-2.3643075155449935],[120.78798294067383,-2.3644790307799184],[120.78781127929688,-2.364136000288852],[120.78987121582031,-2.36336418137401],[120.79012870788574,-2.3626781197561257],[120.78927040100098,-2.3623350888200747],[120.78755378723145,-2.3632784236903177],[120.78781127929688,-2.360362659293955],[120.78669548034668,-2.3595908382825854],[120.78592300415039,-2.3579614369629667],[120.78506469726562,-2.3582187109824275],[120.78472137451172,-2.3595050803659774],[120.78394889831543,-2.3595908382825854],[120.78454971313477,-2.3571038565545734],[120.78789710998535,-2.3572753726785294],[120.78875541687012,-2.3553886941529214],[120.79459190368652,-2.3579614369629667],[120.79682350158691,-2.3581329529812223],[120.79793930053711,-2.3574468887813396],[120.79888343811035,-2.354531112160032],[120.79836845397949,-2.353330496483352],[120.80188751220703,-2.3520441213967302],[120.80188751220703,-2.349299850581332],[120.80102920532227,-2.34767043723285],[120.79845428466797,-2.3456122281826453],[120.79768180847168,-2.34303946261133],[120.79793930053711,-2.3408954876908297],[120.79699516296387,-2.3408954876908297],[120.79605102539062,-2.342782185794121],[120.79416275024414,-2.3425249089296614],[120.78643798828125,-2.343897051660562],[120.7833480834961,-2.34303946261133],[120.78034400939941,-2.3410670058052006],[120.77939987182617,-2.339008787047831],[120.77982902526855,-2.335492656352315],[120.7781982421875,-2.33206227646086],[120.77948570251465,-2.3302613236687932],[120.77879905700684,-2.3286318882052797],[120.77957153320312,-2.328460368573161],[120.78231811523438,-2.331118920523849],[120.78171730041504,-2.3264021313597],[120.7822322845459,-2.326230611456282],[120.7833480834961,-2.3272597305638385],[120.78317642211914,-2.325973331562068],[120.78034400939941,-2.3241723709888475],[120.77691078186035,-2.3231432496296236],[120.77639579772949,-2.3224571683068262],[120.77742576599121,-2.3223714081180447],[120.77699661254883,-2.321170764928638],[120.76875686645508,-2.3143956878324445],[120.76875686645508,-2.312680473301114],[120.76952934265137,-2.3115655827436257],[120.7738208770752,-2.309250038018874],[120.77347755432129,-2.308392427903698],[120.77116012573242,-2.3071060117607516],[120.77201843261719,-2.3042758921511535],[120.76892852783203,-2.301617289817898],[120.76858520507812,-2.29895868252639],[120.76661109924316,-2.294756357676647],[120.76515197753906,-2.2950994050664235],[120.76446533203125,-2.2944990720802707],[120.76480865478516,-2.2918404515415745],[120.76652526855469,-2.289524874791354],[120.76910018920898,-2.2891818260656294],[120.76987266540527,-2.2881526793958074],[120.76729774475098,-2.282921172410738],[120.76746940612793,-2.281548970703028],[120.7686710357666,-2.2794906656867084],[120.77570915222168,-2.2766604914838666],[120.77759742736816,-2.275288283808692],[120.77751159667969,-2.27485946864239],[120.77519416809082,-2.2750309947242187],[120.7730484008789,-2.2765747285424425],[120.77133178710938,-2.2761459137587394],[120.77150344848633,-2.2742591271953927],[120.77330589294434,-2.268856042938509],[120.77588081359863,-2.2664546656750133],[120.78592300415039,-2.266883483335775],[120.78669548034668,-2.264310575466453],[120.78781127929688,-2.265597029972483],[120.78995704650879,-2.265339739162684],[120.7903003692627,-2.2645678664590463],[120.7891845703125,-2.262681064785994],[120.7888412475586,-2.258907454076848],[120.79038619995117,-2.2578782858176254],[120.79484939575195,-2.257706757703559],[120.79570770263672,-2.2570206450448325],[120.79519271850586,-2.2547907766680737],[120.79381942749023,-2.253847369787536],[120.79347610473633,-2.252046318590871],[120.79021453857422,-2.250245265167763],[120.78909873962402,-2.24887303249497],[120.78927040100098,-2.2470719751534602],[120.79098701477051,-2.2465573869334747],[120.79261779785156,-2.244670561909359],[120.79244613647461,-2.2442417377005057],[120.7906436920166,-2.244155972843643],[120.79158782958984,-2.2414972597864278],[120.79012870788574,-2.2397819584767262],[120.79038619995117,-2.2384097159827974],[120.79236030578613,-2.2375520637717017],[120.7972526550293,-2.2339499190096603],[120.80514907836914,-2.22520181640769],[120.83905220031738,-2.218340523138238],[120.85355758666992,-2.217911691251061],[120.8730411529541,-2.218940887571378],[120.93415260314941,-2.227774793157934],[120.9429931640625,-2.2296616399183478],[120.9429931640625,-2.4013543114762683]]]}},{"type":"Feature","id":"pmtiles:10/855/518:mountain_peak:10701591691:0","properties":{"name_int":"Buyu Tandocilo","name_de":"Buyu Tandocilo","name":"Buyu Tandocilo","rank":1,"class":"peak","name:latin":"Buyu Tandocilo","name_en":"Buyu Tandocilo","kind":"poi","verification":"verified","source":"OpenMapTiles/OpenStreetMap national PMTiles","sourceId":"10/855/518:mountain_peak:10701591691:0","sourceLayer":"mountain_peak","archive":"https://its.hanifahseptiani45.workers.dev/v1/map/archive/indonesia.pmtiles","updatedAt":"2026-07-26T09:42:48.064Z"},"geometry":{"type":"Point","coordinates":[120.72369575500488,-2.191838479874775]}},{"type":"Feature","id":"pmtiles:10/855/518:mountain_peak:10701603021:0","properties":{"name_int":"Buyu Lalaapu","name_de":"Buyu Lalaapu","name":"Buyu Lalaapu","rank":2,"class":"peak","name:latin":"Buyu Lalaapu","name_en":"Buyu Lalaapu","kind":"poi","verification":"verified","source":"OpenMapTiles/OpenStreetMap national PMTiles","sourceId":"10/855/518:mountain_peak:10701603021:0","sourceLayer":"mountain_peak","archive":"https://its.hanifahseptiani45.workers.dev/v1/map/archive/indonesia.pmtiles","updatedAt":"2026-07-26T09:42:48.064Z"},"geometry":{"type":"Point","coordinates":[120.67726135253906,-2.172025965984929]}},{"type":"Feature","id":"pmtiles:10/855/518:mountain_peak:10701603931:0","properties":{"name_int":"Buyu Kai","name_de":"Buyu Kai","name":"Buyu Kai","rank":3,"class":"peak","name:latin":"Buyu Kai","name_en":"Buyu Kai","kind":"poi","verification":"verified","source":"OpenMapTiles/OpenStreetMap national PMTiles","sourceId":"10/855/518:mountain_peak:10701603931:0","sourceLayer":"mountain_peak","archive":"https://its.hanifahseptiani45.workers.dev/v1/map/archive/indonesia.pmtiles","updatedAt":"2026-07-26T09:42:48.064Z"},"geometry":{"type":"Point","coordinates":[120.62481880187988,-2.2211708104741916]}},{"type":"Feature","id":"pmtiles:10/855/518:mountain_peak:10701614141:0","properties":{"name_int":"Buyu Tongkaju","name_de":"Buyu Tongkaju","name":"Buyu Tongkaju","rank":4,"class":"peak","name:latin":"Buyu Tongkaju","name_en":"Buyu Tongkaju","kind":"poi","verification":"verified","source":"OpenMapTiles/OpenStreetMap national PMTiles","sourceId":"10/855/518:mountain_peak:10701614141:0","sourceLayer":"mountain_peak","archive":"https://its.hanifahseptiani45.workers.dev/v1/map/archive/indonesia.pmtiles","updatedAt":"2026-07-26T09:42:48.064Z"},"geometry":{"type":"Point","coordinates":[120.68618774414062,-2.213880665438978]}},{"type":"Feature","id":"pmtiles:10/855/518:mountain_peak:10701647931:0","properties":{"name_int":"Buyu Limbomate","name_de":"Buyu Limbomate","name":"Buyu Limbomate","rank":5,"class":"peak","name:latin":"Buyu Limbomate","name_en":"Buyu Limbomate","kind":"poi","verification":"verified","source":"OpenMapTiles/OpenStreetMap national PMTiles","sourceId":"10/855/518:mountain_peak:10701647931:0","sourceLayer":"mountain_peak","archive":"https://its.hanifahseptiani45.workers.dev/v1/map/archive/indonesia.pmtiles","updatedAt":"2026-07-26T09:42:48.064Z"},"geometry":{"type":"Point","coordinates":[120.7016372680664,-2.224601454519771]}},{"type":"Feature","id":"pmtiles:10/855/518:mountain_peak:10701551991:0","properties":{"name_int":"Buyu Sangia","name_de":"Buyu Sangia","name":"Buyu Sangia","rank":1,"class":"peak","name:latin":"Buyu Sangia","name_en":"Buyu Sangia","kind":"poi","verification":"verified","source":"OpenMapTiles/OpenStreetMap national PMTiles","sourceId":"10/855/518:mountain_peak:10701551991:0","sourceLayer":"mountain_peak","archive":"https://its.hanifahseptiani45.workers.dev/v1/map/archive/indonesia.pmtiles","updatedAt":"2026-07-26T09:42:48.064Z"},"geometry":{"type":"Point","coordinates":[120.63151359558105,-2.3071060117607516]}},{"type":"Feature","id":"pmtiles:10/855/518:mountain_peak:10701572471:0","properties":{"name_int":"Buyu Pangkowanya","name_de":"Buyu Pangkowanya","name":"Buyu Pangkowanya","rank":2,"class":"peak","name:latin":"Buyu Pangkowanya","name_en":"Buyu Pangkowanya","kind":"poi","verification":"verified","source":"OpenMapTiles/OpenStreetMap national PMTiles","sourceId":"10/855/518:mountain_peak:10701572471:0","sourceLayer":"mountain_peak","archive":"https://its.hanifahseptiani45.workers.dev/v1/map/archive/indonesia.pmtiles","updatedAt":"2026-07-26T09:42:48.064Z"},"geometry":{"type":"Point","coordinates":[120.68181037902832,-2.327002450857364]}},{"type":"Feature","id":"pmtiles:10/855/518:mountain_peak:10701577611:0","properties":{"name_int":"Buyu Panduawea","name_de":"Buyu Panduawea","name":"Buyu Panduawea","rank":3,"class":"peak","name:latin":"Buyu Panduawea","name_en":"Buyu Panduawea","kind":"poi","verification":"verified","source":"OpenMapTiles/OpenStreetMap national PMTiles","sourceId":"10/855/518:mountain_peak:10701577611:0","sourceLayer":"mountain_peak","archive":"https://its.hanifahseptiani45.workers.dev/v1/map/archive/indonesia.pmtiles","updatedAt":"2026-07-26T09:42:48.064Z"},"geometry":{"type":"Point","coordinates":[120.69108009338379,-2.3372936024429265]}},{"type":"Feature","id":"pmtiles:10/855/518:mountain_peak:10701600611:0","properties":{"name_int":"Buyu Masipa","name_de":"Buyu Masipa","name":"Buyu Masipa","rank":4,"class":"peak","name:latin":"Buyu Masipa","name_en":"Buyu Masipa","kind":"poi","verification":"verified","source":"OpenMapTiles/OpenStreetMap national PMTiles","sourceId":"10/855/518:mountain_peak:10701600611:0","sourceLayer":"mountain_peak","archive":"https://its.hanifahseptiani45.workers.dev/v1/map/archive/indonesia.pmtiles","updatedAt":"2026-07-26T09:42:48.064Z"},"geometry":{"type":"Point","coordinates":[120.7382869720459,-2.2452709155904103]}},{"type":"Feature","id":"pmtiles:10/855/518:mountain_peak:10701602131:0","properties":{"name_int":"Buyu Pasuwualo","name_de":"Buyu Pasuwualo","name":"Buyu Pasuwualo","rank":5,"class":"peak","name:latin":"Buyu Pasuwualo","name_en":"Buyu Pasuwualo","kind":"poi","verification":"verified","source":"OpenMapTiles/OpenStreetMap national PMTiles","sourceId":"10/855/518:mountain_peak:10701602131:0","sourceLayer":"mountain_peak","archive":"https://its.hanifahseptiani45.workers.dev/v1/map/archive/indonesia.pmtiles","updatedAt":"2026-07-26T09:42:48.064Z"},"geometry":{"type":"Point","coordinates":[120.70549964904785,-2.243898678242857]}},{"type":"Feature","id":"pmtiles:10/855/518:mountain_peak:10701588721:0","properties":{"name_int":"Buyu Pangka","name_de":"Buyu Pangka","name":"Buyu Pangka","rank":1,"class":"peak","name:latin":"Buyu Pangka","name_en":"Buyu Pangka","kind":"poi","verification":"verified","source":"OpenMapTiles/OpenStreetMap national PMTiles","sourceId":"10/855/518:mountain_peak:10701588721:0","sourceLayer":"mountain_peak","archive":"https://its.hanifahseptiani45.workers.dev/v1/map/archive/indonesia.pmtiles","updatedAt":"2026-07-26T09:42:48.064Z"},"geometry":{"type":"Point","coordinates":[120.61400413513184,-2.4233932492355024]}},{"type":"Feature","id":"pmtiles:10/855/518:mountain_peak:10701610131:0","properties":{"name_int":"Buyu Poende","name_de":"Buyu Poende","name":"Buyu Poende","rank":3,"class":"peak","name:latin":"Buyu Poende","name_en":"Buyu Poende","kind":"poi","verification":"verified","source":"OpenMapTiles/OpenStreetMap national PMTiles","sourceId":"10/855/518:mountain_peak:10701610131:0","sourceLayer":"mountain_peak","archive":"https://its.hanifahseptiani45.workers.dev/v1/map/archive/indonesia.pmtiles","updatedAt":"2026-07-26T09:42:48.064Z"},"geometry":{"type":"Point","coordinates":[120.72970390319824,-2.444488550138729]}},{"type":"Feature","id":"pmtiles:10/855/518:mountain_peak:10701610571:0","properties":{"name_int":"Buyu Mobalaba","name_de":"Buyu Mobalaba","name":"Buyu Mobalaba","rank":4,"class":"peak","name:latin":"Buyu Mobalaba","name_en":"Buyu Mobalaba","kind":"poi","verification":"verified","source":"OpenMapTiles/OpenStreetMap national PMTiles","sourceId":"10/855/518:mountain_peak:10701610571:0","sourceLayer":"mountain_peak","archive":"https://its.hanifahseptiani45.workers.dev/v1/map/archive/indonesia.pmtiles","updatedAt":"2026-07-26T09:42:48.064Z"},"geometry":{"type":"Point","coordinates":[120.69374084472656,-2.4217639236659636]}},{"type":"Feature","id":"pmtiles:10/855/518:mountain_peak:10701640001:0","properties":{"name_int":"Gunung Kamugabu","name_de":"Gunung Kamugabu","name":"Gunung Kamugabu","rank":1,"class":"peak","name:latin":"Gunung Kamugabu","name_en":"Gunung Kamugabu","kind":"poi","verification":"verified","source":"OpenMapTiles/OpenStreetMap national PMTiles","sourceId":"10/855/518:mountain_peak:10701640001:0","sourceLayer":"mountain_peak","archive":"https://its.hanifahseptiani45.workers.dev/v1/map/archive/indonesia.pmtiles","updatedAt":"2026-07-26T09:42:48.064Z"},"geometry":{"type":"Point","coordinates":[120.76669692993164,-2.216625194843843]}},{"type":"Feature","id":"pmtiles:10/855/518:mountain_peak:10701881801:0","properties":{"name_int":"Torukuno Badu","name_de":"Torukuno Badu","name":"Torukuno Badu","rank":2,"class":"peak","name:latin":"Torukuno Badu","name_en":"Torukuno Badu","kind":"poi","verification":"verified","source":"OpenMapTiles/OpenStreetMap national PMTiles","sourceId":"10/855/518:mountain_peak:10701881801:0","sourceLayer":"mountain_peak","archive":"https://its.hanifahseptiani45.workers.dev/v1/map/archive/indonesia.pmtiles","updatedAt":"2026-07-26T09:42:48.064Z"},"geometry":{"type":"Point","coordinates":[120.80944061279297,-2.1197059635181716]}},{"type":"Feature","id":"pmtiles:10/855/518:mountain_peak:10701940461:0","properties":{"name_int":"Torukuno Watumayoa","name_de":"Torukuno Watumayoa","name":"Torukuno Watumayoa","rank":3,"class":"peak","name:latin":"Torukuno Watumayoa","name_en":"Torukuno Watumayoa","kind":"poi","verification":"verified","source":"OpenMapTiles/OpenStreetMap national PMTiles","sourceId":"10/855/518:mountain_peak:10701940461:0","sourceLayer":"mountain_peak","archive":"https://its.hanifahseptiani45.workers.dev/v1/map/archive/indonesia.pmtiles","updatedAt":"2026-07-26T09:42:48.064Z"},"geometry":{"type":"Point","coordinates":[120.8437728881836,-2.1844624229642022]}},{"type":"Feature","id":"pmtiles:10/855/518:mountain_peak:10701565591:0","properties":{"name_int":"Buyu Pobala","name_de":"Buyu Pobala","name":"Buyu Pobala","rank":1,"class":"peak","name:latin":"Buyu Pobala","name_en":"Buyu Pobala","kind":"poi","verification":"verified","source":"OpenMapTiles/OpenStreetMap national PMTiles","sourceId":"10/855/518:mountain_peak:10701565591:0","sourceLayer":"mountain_peak","archive":"https://its.hanifahseptiani45.workers.dev/v1/map/archive/indonesia.pmtiles","updatedAt":"2026-07-26T09:42:48.064Z"},"geometry":{"type":"Point","coordinates":[120.80849647521973,-2.3525586715737745]}},{"type":"Feature","id":"pmtiles:10/855/518:mountain_peak:10701573721:0","properties":{"name_int":"Buyu Tinumbu","name_de":"Buyu Tinumbu","name":"Buyu Tinumbu","rank":2,"class":"peak","name:latin":"Buyu Tinumbu","name_en":"Buyu Tinumbu","kind":"poi","verification":"verified","source":"OpenMapTiles/OpenStreetMap national PMTiles","sourceId":"10/855/518:mountain_peak:10701573721:0","sourceLayer":"mountain_peak","archive":"https://its.hanifahseptiani45.workers.dev/v1/map/archive/indonesia.pmtiles","updatedAt":"2026-07-26T09:42:48.064Z"},"geometry":{"type":"Point","coordinates":[120.79381942749023,-2.360362659293955]}},{"type":"Feature","id":"pmtiles:10/855/518:mountain_peak:10701593291:0","properties":{"name_int":"Torukuno Watumoraa","name_de":"Torukuno Watumoraa","name":"Torukuno Watumoraa","rank":3,"class":"peak","name:latin":"Torukuno Watumoraa","name_en":"Torukuno Watumoraa","kind":"poi","verification":"verified","source":"OpenMapTiles/OpenStreetMap national PMTiles","sourceId":"10/855/518:mountain_peak:10701593291:0","sourceLayer":"mountain_peak","archive":"https://its.hanifahseptiani45.workers.dev/v1/map/archive/indonesia.pmtiles","updatedAt":"2026-07-26T09:42:48.064Z"},"geometry":{"type":"Point","coordinates":[120.85081100463867,-2.24630009275549]}},{"type":"Feature","id":"pmtiles:10/855/518:mountain_peak:10701621871:0","properties":{"name_int":"Buyu Bangke","name_de":"Buyu Bangke","name":"Buyu Bangke","rank":4,"class":"peak","name:latin":"Buyu Bangke","name_en":"Buyu Bangke","kind":"poi","verification":"verified","source":"OpenMapTiles/OpenStreetMap national PMTiles","sourceId":"10/855/518:mountain_peak:10701621871:0","sourceLayer":"mountain_peak","archive":"https://its.hanifahseptiani45.workers.dev/v1/map/archive/indonesia.pmtiles","updatedAt":"2026-07-26T09:42:48.064Z"},"geometry":{"type":"Point","coordinates":[120.75691223144531,-2.3159393791363954]}},{"type":"Feature","id":"pmtiles:10/855/518:mountain_peak:10701630931:0","properties":{"name_int":"Buyu Karuru","name_de":"Buyu Karuru","name":"Buyu Karuru","rank":5,"class":"peak","name:latin":"Buyu Karuru","name_en":"Buyu Karuru","kind":"poi","verification":"verified","source":"OpenMapTiles/OpenStreetMap national PMTiles","sourceId":"10/855/518:mountain_peak:10701630931:0","sourceLayer":"mountain_peak","archive":"https://its.hanifahseptiani45.workers.dev/v1/map/archive/indonesia.pmtiles","updatedAt":"2026-07-26T09:42:48.064Z"},"geometry":{"type":"Point","coordinates":[120.76892852783203,-2.2919262135715286]}},{"type":"Feature","id":"pmtiles:10/855/518:mountain_peak:10701593871:0","properties":{"name_int":"Buyu Latoti","name_de":"Buyu Latoti","name":"Buyu Latoti","rank":1,"class":"peak","name:latin":"Buyu Latoti","name_en":"Buyu Latoti","kind":"poi","verification":"verified","source":"OpenMapTiles/OpenStreetMap national PMTiles","sourceId":"10/855/518:mountain_peak:10701593871:0","sourceLayer":"mountain_peak","archive":"https://its.hanifahseptiani45.workers.dev/v1/map/archive/indonesia.pmtiles","updatedAt":"2026-07-26T09:42:48.064Z"},"geometry":{"type":"Point","coordinates":[120.89037895202637,-2.360877206396779]}},{"type":"Feature","id":"pmtiles:10/855/518:mountain_peak:10701635161:0","properties":{"name_int":"Torukuno We","name_de":"Torukuno We","name":"Torukuno We","rank":2,"class":"peak","name:latin":"Torukuno We","name_en":"Torukuno We","kind":"poi","verification":"verified","source":"OpenMapTiles/OpenStreetMap national PMTiles","sourceId":"10/855/518:mountain_peak:10701635161:0","sourceLayer":"mountain_peak","archive":"https://its.hanifahseptiani45.workers.dev/v1/map/archive/indonesia.pmtiles","updatedAt":"2026-07-26T09:42:48.064Z"},"geometry":{"type":"Point","coordinates":[120.92737197875977,-2.249216090784202]}},{"type":"Feature","id":"pmtiles:10/855/518:mountain_peak:10701717031:0","properties":{"name_int":"Buyu Tamungkupetoya","name_de":"Buyu Tamungkupetoya","name":"Buyu Tamungkupetoya","rank":3,"class":"peak","name:latin":"Buyu Tamungkupetoya","name_en":"Buyu Tamungkupetoya","kind":"poi","verification":"verified","source":"OpenMapTiles/OpenStreetMap national PMTiles","sourceId":"10/855/518:mountain_peak:10701717031:0","sourceLayer":"mountain_peak","archive":"https://its.hanifahseptiani45.workers.dev/v1/map/archive/indonesia.pmtiles","updatedAt":"2026-07-26T09:42:48.064Z"},"geometry":{"type":"Point","coordinates":[120.91303825378418,-2.2751167577574734]}},{"type":"Feature","id":"pmtiles:10/855/518:park:7768197972:0","properties":{"name":"Cagar Alam Pamona","name_int":"Pamona Nature Reserve","class":"protected_area","name:latin":"Cagar Alam Pamona","name_de":"Cagar Alam Pamona","name_en":"Pamona Nature Reserve","kind":"green","verification":"verified","source":"OpenMapTiles/OpenStreetMap national PMTiles","sourceId":"10/855/518:park:7768197972:0","sourceLayer":"park","archive":"https://its.hanifahseptiani45.workers.dev/v1/map/archive/indonesia.pmtiles","updatedAt":"2026-07-26T09:42:48.064Z"},"geometry":{"type":"Polygon","coordinates":[[[120.64867973327637,-2.103409206077373],[120.64910888671875,-2.1040953887805074],[120.65108299255371,-2.1054677532809194],[120.65176963806152,-2.105296207784434],[120.65228462219238,-2.105810844217217],[120.65400123596191,-2.1058966169395035],[120.65451622009277,-2.106497025863206],[120.65520286560059,-2.109155976885475],[120.65511703491211,-2.1099279295571307],[120.6544303894043,-2.1112145164916427],[120.65434455871582,-2.112844191746376],[120.65485954284668,-2.113616142586025],[120.65563201904297,-2.114302320787928],[120.65597534179688,-2.1174758910238154],[120.65674781799316,-2.1186766996890185],[120.65614700317383,-2.1195344195941743],[120.65726280212402,-2.120306367102515],[120.65777778625488,-2.121078314225798],[120.65803527832031,-2.1220218046311174],[120.6576919555664,-2.123479925034232],[120.65777778625488,-2.124509185666909],[120.6588077545166,-2.125709988871421],[120.65958023071289,-2.1263103901234217],[120.66061019897461,-2.126567704874205],[120.66155433654785,-2.1273396488690537],[120.66275596618652,-2.1287977642495974],[120.66344261169434,-2.129055078585367],[120.6643009185791,-2.1287119927948055],[120.66498756408691,-2.129569707128013],[120.66567420959473,-2.129998564115567],[120.66627502441406,-2.131113591724457],[120.66781997680664,-2.1317139908717166],[120.66962242126465,-2.1311993630455532],[120.67082405090332,-2.1306847350473532],[120.67116737365723,-2.1298270213348616],[120.6723690032959,-2.1303416496196803],[120.67305564880371,-2.1312851343618604],[120.67399978637695,-2.131628219579312],[120.67425727844238,-2.1324859322883896],[120.6749439239502,-2.1330863309002694],[120.67614555358887,-2.133257873317774],[120.67751884460449,-2.136517175613619],[120.67863464355469,-2.1378895113536913],[120.6796646118164,-2.139519158451222],[120.68026542663574,-2.141234574577851],[120.6818962097168,-2.14234959403052],[120.68275451660156,-2.142006511208436],[120.68301200866699,-2.1427784474500413],[120.68387031555176,-2.1431215300991795],[120.6844711303711,-2.142092281921151],[120.68532943725586,-2.1416634283095135],[120.68601608276367,-2.1419207404909173],[120.68644523620605,-2.1426069060966455],[120.68713188171387,-2.142864218119527],[120.68790435791016,-2.1443223187657026],[120.68824768066406,-2.1462092704805116],[120.68859100341797,-2.146809663719651],[120.68841934204102,-2.1474958271327296],[120.68893432617188,-2.148010449490343],[120.6899642944336,-2.1503262479535152],[120.6906509399414,-2.1510981799937525],[120.69013595581055,-2.1516128011369062],[120.6899642944336,-2.1532424336110125],[120.69090843200684,-2.153928594131443],[120.69133758544922,-2.154700524347504],[120.69296836853027,-2.15555822412864],[120.69399833679199,-2.1566732331215945],[120.69494247436523,-2.1571020825167153],[120.69640159606934,-2.161219030554747],[120.6972599029541,-2.161905187476293],[120.69880485534668,-2.161905187476293],[120.69940567016602,-2.162419804963875],[120.70026397705078,-2.163792117410779],[120.70052146911621,-2.1663651999007953],[120.70206642150879,-2.1683378935164797],[120.70404052734375,-2.1694528931183896],[120.70515632629395,-2.1711682755161235],[120.70901870727539,-2.1753709541587085],[120.71073532104492,-2.1769147923530596],[120.71125030517578,-2.1776009421541715],[120.71288108825684,-2.178372860306922],[120.71434020996094,-2.1798309268493625],[120.71528434753418,-2.181374760472522],[120.71657180786133,-2.182832824106171],[120.71674346923828,-2.1848912644751692],[120.7174301147461,-2.1858347153681734],[120.71820259094238,-2.186606629294147],[120.71991920471191,-2.187292774672784],[120.72052001953125,-2.188150455954741],[120.72086334228516,-2.1888366006271127],[120.72086334228516,-2.1907234968564495],[120.72137832641602,-2.192438855002237],[120.72197914123535,-2.1927819263954973],[120.72257995605469,-2.193639604534539],[120.72352409362793,-2.193124997710129],[120.7243824005127,-2.193124997710129],[120.72541236877441,-2.1928676942315377],[120.72601318359375,-2.1933823011444673],[120.72652816772461,-2.192953462062647],[120.7273006439209,-2.192696158554554],[120.72815895080566,-2.1930392298888535],[120.72798728942871,-2.194754585380025],[120.72850227355957,-2.195440727025513],[120.72824478149414,-2.196384171273678],[120.72858810424805,-2.198099522925517],[120.7291030883789,-2.198785663034414],[120.7298755645752,-2.1989571980123515],[120.72858810424805,-2.2003294771258197],[120.7258415222168,-2.202473660712201],[120.72026252746582,-2.2065904845446624],[120.71528434753418,-2.209592328071693],[120.70730209350586,-2.2065904845446624],[120.70369720458984,-2.207019319705452],[120.7027530670166,-2.206847785655981],[120.70206642150879,-2.2065047174976655],[120.69966316223145,-2.204017470983686],[120.69794654846191,-2.2047036083683196],[120.69631576538086,-2.2043605397155233],[120.69314002990723,-2.2048751426650455],[120.69073677062988,-2.2049609098059904],[120.68850517272949,-2.2038459365881238],[120.68661689758301,-2.2022163588447086],[120.68524360656738,-2.199386035370935],[120.6844711303711,-2.1984425930193936],[120.68181037902832,-2.1933823011444673],[120.67906379699707,-2.189780049038802],[120.65760612487793,-2.1784586289661405],[120.65348625183105,-2.1756282606341983],[120.64816474914551,-2.1727121180094002],[120.63949584960938,-2.1692813547715843],[120.63597679138184,-2.1673944316731593],[120.62850952148438,-2.1629344222769618],[120.62653541564941,-2.1613048001868975],[120.6148624420166,-2.1538428240832843],[120.61426162719727,-2.1531566635242285],[120.6134033203125,-2.151012409786361],[120.61357498168945,-2.1477531383332007],[120.61331748962402,-2.1468954341631274],[120.61091423034668,-2.143807695166828],[120.61091423034668,-2.143293071394922],[120.61211585998535,-2.1404626375584],[120.61177253723145,-2.1397764709925724],[120.6104850769043,-2.1391760749956035],[120.60439109802246,-2.138061053234921],[120.59786796569824,-2.1390045332390173],[120.5965805053711,-2.1379752822966935],[120.59426307678223,-2.137632198495865],[120.59194564819336,-2.1370318016598873],[120.5910873413086,-2.13565946515331],[120.59100151062012,-2.1338582716283554],[120.59220314025879,-2.1277685064770537],[120.59263229370117,-2.1225364355186827],[120.59211730957031,-2.119277103672516],[120.59048652648926,-2.1140450039977594],[120.58799743652344,-2.111643378566498],[120.58284759521484,-2.1095848395281394],[120.5804443359375,-2.108126706060787],[120.5804443359375,-2.103409206077373],[120.64867973327637,-2.103409206077373]]]}},{"type":"Feature","id":"pmtiles:10/855/518:park:78052213:0","properties":{"name":"Cagar Alam Faruhumpenai","name_int":"Faruhumpenai Nature Reserve","class":"protected_area","name:latin":"Cagar Alam Faruhumpenai","name_de":"Cagar Alam Faruhumpenai","name_en":"Faruhumpenai Nature Reserve","kind":"green","verification":"verified","source":"OpenMapTiles/OpenStreetMap national PMTiles","sourceId":"10/855/518:park:78052213:0","sourceLayer":"park","archive":"https://its.hanifahseptiani45.workers.dev/v1/map/archive/indonesia.pmtiles","updatedAt":"2026-07-26T09:42:48.064Z"},"geometry":{"type":"Polygon","coordinates":[[[120.9429931640625,-2.4013543114762683],[120.94290733337402,-2.401268556158186],[120.94161987304688,-2.401268556158186],[120.93947410583496,-2.400582513419721],[120.93921661376953,-2.4001537365332837],[120.93930244445801,-2.3992104269097467],[120.93835830688477,-2.3992104269097467],[120.9375,-2.399553448666339],[120.93612670898438,-2.399467693235252],[120.9349250793457,-2.3999822257410415],[120.93449592590332,-2.40023949192134],[120.93372344970703,-2.401868843271771],[120.93329429626465,-2.4020403538272035],[120.93243598937988,-2.401783087985976],[120.9316635131836,-2.4020403538272035],[120.9308910369873,-2.4026406406016036],[120.92883110046387,-2.4035839478567738],[120.92771530151367,-2.4050417850597228],[120.9268569946289,-2.4051275401407963],[120.92625617980957,-2.4057278255573777],[120.92531204223633,-2.405899335627879],[120.92024803161621,-2.4040127236663693],[120.91861724853516,-2.402383374873466],[120.91741561889648,-2.401783087985976],[120.9169864654541,-2.40101129017161],[120.9166431427002,-2.400754024136617],[120.91484069824219,-2.4004967580531797],[120.91389656066895,-2.400668268780848],[120.91183662414551,-2.399724959512369],[120.91140747070312,-2.3989531605358536],[120.91054916381836,-2.398695894113544],[120.90977668762207,-2.3975810723911337],[120.9096908569336,-2.397152294563739],[120.90926170349121,-2.3968950278028274],[120.90840339660645,-2.3968950278028274],[120.90754508972168,-2.397152294563739],[120.90728759765625,-2.3979240945563305],[120.90642929077148,-2.398267116635523],[120.90617179870605,-2.3986101386286975],[120.90119361877441,-2.399124671457173],[120.89844703674316,-2.39989647033687],[120.89776039123535,-2.4004967580531797],[120.89587211608887,-2.400754024136617],[120.89441299438477,-2.401697332694809],[120.89381217956543,-2.4028979062812965],[120.8924388885498,-2.4040127236663693],[120.89218139648438,-2.4048702748813895],[120.89183807373047,-2.405213295216484],[120.88943481445312,-2.406585375694121],[120.88711738586426,-2.4066711306781343],[120.88488578796387,-2.406070845676794],[120.88454246520996,-2.4063281107097367],[120.88437080383301,-2.408043209688529],[120.88411331176758,-2.4083862292252576],[120.8836841583252,-2.4083862292252576],[120.88342666625977,-2.4081289645808113],[120.88376998901367,-2.407871699887764],[120.88394165039062,-2.4074429252914484],[120.88351249694824,-2.4071856604689117],[120.88325500488281,-2.406413865709922],[120.88359832763672,-2.405642070514034],[120.88325500488281,-2.403926968515222],[120.88411331176758,-2.4030694167074813],[120.88359832763672,-2.402297619619972],[120.88376998901367,-2.40101129017161],[120.88308334350586,-2.4004967580531797],[120.88299751281738,-2.3999822257410415],[120.88325500488281,-2.3992104269097467],[120.8829116821289,-2.398438627642861],[120.882568359375,-2.3981813611237754],[120.88213920593262,-2.3989531605358536],[120.88128089904785,-2.399124671457173],[120.8814525604248,-2.3981813611237754],[120.88068008422852,-2.3975810723911337],[120.88033676147461,-2.396809272205104],[120.8796501159668,-2.396208982870661],[120.87836265563965,-2.396123227229978],[120.8774185180664,-2.397066538982145],[120.87656021118164,-2.396723516602009],[120.87630271911621,-2.3962947385059863],[120.87638854980469,-2.395437181911106],[120.87613105773926,-2.394236601776271],[120.87656021118164,-2.393379043893077],[120.87767601013184,-2.3920069501641876],[120.87793350219727,-2.390892122998764],[120.87767601013184,-2.3905490990733256],[120.87630271911621,-2.390206075062153],[120.87544441223145,-2.3891770025143444],[120.87321281433105,-2.3889197342568878],[120.87166786193848,-2.3899488069975092],[120.87141036987305,-2.3912351468384543],[120.87106704711914,-2.391578170592396],[120.86952209472656,-2.392607241339519],[120.86823463439941,-2.392778753055623],[120.86711883544922,-2.391921194260547],[120.86651802062988,-2.39072061104676],[120.86617469787598,-2.390463343078565],[120.86342811584473,-2.390206075062153],[120.86222648620605,-2.389520026782648],[120.86256980895996,-2.3887482220584815],[120.86196899414062,-2.387633392246812],[120.86179733276367,-2.3880621730506704],[120.86145401000977,-2.388147929195398],[120.86111068725586,-2.3878049045844136],[120.86068153381348,-2.3878049045844136],[120.86033821105957,-2.388662465951242],[120.85999488830566,-2.3889197342568878],[120.85862159729004,-2.3887482220584815],[120.85784912109375,-2.3882336853347397],[120.85699081420898,-2.3880621730506704],[120.85527420043945,-2.3865185615306928],[120.85141181945801,-2.3868615864627287],[120.85046768188477,-2.3860040239721485],[120.85038185119629,-2.3842031410013362],[120.84978103637695,-2.38360284615392],[120.8492660522461,-2.3824022556737248],[120.84935188293457,-2.3814589338478527],[120.84969520568848,-2.3806871246007972],[120.85038185119629,-2.3801725848626205],[120.85003852844238,-2.3799153149215044],[120.85029602050781,-2.3795722882586574],[120.85021018981934,-2.3787147212282065],[120.84918022155762,-2.3795722882586574],[120.84832191467285,-2.3795722882586574],[120.84789276123047,-2.379400774895231],[120.84772109985352,-2.3789719913933425],[120.84806442260742,-2.378200180754007],[120.84780693054199,-2.3778571536645785],[120.84737777709961,-2.3776856400878756],[120.84583282470703,-2.378628964495846],[120.84540367126465,-2.3784574510150946],[120.84531784057617,-2.378028667219951],[120.84488868713379,-2.3777713968788987],[120.8444595336914,-2.3778571536645785],[120.84385871887207,-2.3789719913933425],[120.8426570892334,-2.3795722882586574],[120.84197044372559,-2.380258341498987],[120.84188461303711,-2.3806871246007972],[120.84231376647949,-2.381373177286193],[120.84136962890625,-2.3822307426625287],[120.84051132202148,-2.381887716576074],[120.83922386169434,-2.3823164991707984],[120.83836555480957,-2.3822307426625287],[120.83707809448242,-2.381801960041088],[120.83639144897461,-2.3812016641468716],[120.83630561828613,-2.3806871246007972],[120.83699226379395,-2.379486531579616],[120.83776473999023,-2.379229261510474],[120.83793640136719,-2.3788004779552523],[120.8375072479248,-2.378028667219951],[120.83733558654785,-2.3767423150350453],[120.83690643310547,-2.376485044454199],[120.8345890045166,-2.376485044454199],[120.83330154418945,-2.37699958556793],[120.83287239074707,-2.375798989337568],[120.83209991455078,-2.375284447776437],[120.8320140838623,-2.374426878081948],[120.83029747009277,-2.37382657897912],[120.83038330078125,-2.3734835508033],[120.83072662353516,-2.373140522542357],[120.83046913146973,-2.372883251290787],[120.8290958404541,-2.3726259799913407],[120.8272933959961,-2.3727117370964805],[120.82609176635742,-2.372025680106532],[120.82574844360352,-2.372883251290787],[120.82531929016113,-2.373054765463806],[120.82394599914551,-2.372969008379954],[120.8236026763916,-2.3727117370964805],[120.82188606262207,-2.37211143724889],[120.82059860229492,-2.372282951517647],[120.81836700439453,-2.371939922958859],[120.8169937133789,-2.3715111371407573],[120.816650390625,-2.371682651483951],[120.81622123718262,-2.3724544657651307],[120.81441879272461,-2.372969008379954],[120.81398963928223,-2.374684149046189],[120.81356048583984,-2.374769906023616],[120.8122730255127,-2.3743411210832335],[120.81132888793945,-2.3727974941962913],[120.80995559692383,-2.372282951517647],[120.80815315246582,-2.372025680106532],[120.80592155456543,-2.3726259799913407],[120.80506324768066,-2.372282951517647],[120.80471992492676,-2.3726259799913407],[120.80429077148438,-2.3725402228809003],[120.80360412597656,-2.371854165805871],[120.8030891418457,-2.3692814487448857],[120.8027458190918,-2.369109934104145],[120.80231666564941,-2.3698817498201663],[120.80137252807617,-2.369795992539622],[120.80068588256836,-2.3691956914271657],[120.80085754394531,-2.368423875328787],[120.80068588256836,-2.3679093310243076],[120.80034255981445,-2.3676520588004024],[120.8001708984375,-2.366794484375788],[120.79931259155273,-2.3662799394663665],[120.79656600952148,-2.3665372119449444],[120.79476356506348,-2.3669659993031615],[120.7935619354248,-2.3676520588004024],[120.79261779785156,-2.3674805439579245],[120.79150199890137,-2.366794484375788],[120.79047203063965,-2.366794484375788],[120.79021453857422,-2.3672232716544244],[120.78927040100098,-2.3670517567588973],[120.78927040100098,-2.3666229694271976],[120.79090118408203,-2.36602266694004],[120.79072952270508,-2.365508121744199],[120.78901290893555,-2.3654223641929946],[120.78961372375488,-2.364822061186146],[120.78961372375488,-2.3643075155449935],[120.78798294067383,-2.3644790307799184],[120.78781127929688,-2.364136000288852],[120.78849792480469,-2.3635356967255063],[120.78987121582031,-2.36336418137401],[120.79021453857422,-2.3631069083070315],[120.79012870788574,-2.3626781197561257],[120.78927040100098,-2.3623350888200747],[120.78755378723145,-2.3632784236903177],[120.78729629516602,-2.3619920577992843],[120.78789710998535,-2.3607914485595387],[120.78781127929688,-2.360362659293955],[120.78669548034668,-2.3595908382825854],[120.78592300415039,-2.3579614369629667],[120.78549385070801,-2.3579614369629667],[120.78506469726562,-2.3582187109824275],[120.78472137451172,-2.3595050803659774],[120.78429222106934,-2.359762354099928],[120.78394889831543,-2.3595908382825854],[120.7840347290039,-2.3583044689783463],[120.78454971313477,-2.3571038565545734],[120.78540802001953,-2.356932340409486],[120.7866096496582,-2.3574468887813396],[120.78789710998535,-2.3572753726785294],[120.78815460205078,-2.356932340409486],[120.78824043273926,-2.3560747593670897],[120.78875541687012,-2.3553886941529214],[120.78961372375488,-2.355560210488136],[120.7906436920166,-2.3563320337352707],[120.79270362854004,-2.356932340409486],[120.79459190368652,-2.3579614369629667],[120.79682350158691,-2.3581329529812223],[120.79793930053711,-2.3574468887813396],[120.79811096191406,-2.3560747593670897],[120.79888343811035,-2.354531112160032],[120.79836845397949,-2.353330496483352],[120.7990550994873,-2.3527301882572544],[120.80188751220703,-2.3520441213967302],[120.80188751220703,-2.349299850581332],[120.80102920532227,-2.34767043723285],[120.79939842224121,-2.346641333086481],[120.79845428466797,-2.3456122281826453],[120.79793930053711,-2.3434682572016214],[120.79768180847168,-2.34303946261133],[120.79819679260254,-2.341324282937407],[120.79793930053711,-2.3408954876908297],[120.79699516296387,-2.3408954876908297],[120.79673767089844,-2.341238523898582],[120.79639434814453,-2.3425249089296614],[120.79605102539062,-2.342782185794121],[120.79416275024414,-2.3425249089296614],[120.78781127929688,-2.343897051660562],[120.78643798828125,-2.343897051660562],[120.78549385070801,-2.343897051660562],[120.7833480834961,-2.34303946261133],[120.78094482421875,-2.341753078052747],[120.78034400939941,-2.3410670058052006],[120.77939987182617,-2.339008787047831],[120.77974319458008,-2.3377223987906888],[120.77982902526855,-2.335492656352315],[120.7793140411377,-2.3339489864369938],[120.7781982421875,-2.33206227646086],[120.77828407287598,-2.331633478386067],[120.77948570251465,-2.3302613236687932],[120.77879905700684,-2.3286318882052797],[120.77957153320312,-2.328460368573161],[120.78145980834961,-2.3307758818445166],[120.78231811523438,-2.331118920523849],[120.78248977661133,-2.3307758818445166],[120.78188896179199,-2.3282030890858323],[120.78171730041504,-2.3264021313597],[120.78188896179199,-2.3260590915320165],[120.7822322845459,-2.326230611456282],[120.78291893005371,-2.3272597305638385],[120.7833480834961,-2.3272597305638385],[120.78317642211914,-2.325973331562068],[120.78240394592285,-2.3254587716328388],[120.7811164855957,-2.32502997154846],[120.78034400939941,-2.3241723709888475],[120.7781982421875,-2.3234005300397342],[120.77691078186035,-2.3231432496296236],[120.77639579772949,-2.3224571683068262],[120.7767391204834,-2.3221141275204786],[120.77716827392578,-2.322028367310878],[120.77742576599121,-2.3223714081180447],[120.77751159667969,-2.3219426070960765],[120.77699661254883,-2.321170764928638],[120.77322006225586,-2.317740350198335],[120.76875686645508,-2.3143956878324445],[120.76858520507812,-2.3139668843941053],[120.76875686645508,-2.312680473301114],[120.76952934265137,-2.3115655827436257],[120.77021598815918,-2.310965256696065],[120.77184677124023,-2.3101934085476614],[120.77347755432129,-2.3096788428823487],[120.7738208770752,-2.309250038018874],[120.77347755432129,-2.308392427903698],[120.77219009399414,-2.308049383712728],[120.77116012573242,-2.3071060117607516],[120.77116012573242,-2.3065914449777125],[120.77193260192871,-2.3055623108532615],[120.77201843261719,-2.3042758921511535],[120.76892852783203,-2.301617289817898],[120.76858520507812,-2.29895868252639],[120.76807022094727,-2.2975864961797754],[120.76678276062012,-2.2956997378004758],[120.76661109924316,-2.294756357676647],[120.76618194580078,-2.2944990720802707],[120.76558113098145,-2.2950994050664235],[120.76515197753906,-2.2950994050664235],[120.76446533203125,-2.2944990720802707],[120.76480865478516,-2.2918404515415745],[120.76618194580078,-2.290296734124013],[120.76652526855469,-2.289524874791354],[120.76910018920898,-2.2891818260656294],[120.76987266540527,-2.2881526793958074],[120.76987266540527,-2.2877238680653704],[120.76901435852051,-2.2866089580062834],[120.76729774475098,-2.282921172410738],[120.76746940612793,-2.281548970703028],[120.7686710357666,-2.2794906656867084],[120.77570915222168,-2.2766604914838666],[120.77759742736816,-2.275288283808692],[120.77751159667969,-2.27485946864239],[120.77519416809082,-2.2750309947242187],[120.77459335327148,-2.275717098847494],[120.7730484008789,-2.2765747285424425],[120.7715892791748,-2.2764889655959024],[120.77133178710938,-2.2761459137587394],[120.77150344848633,-2.2742591271953927],[120.77287673950195,-2.2697136767093156],[120.77330589294434,-2.268856042938509],[120.77545166015625,-2.2665404292173434],[120.77588081359863,-2.2664546656750133],[120.77871322631836,-2.2665404292173434],[120.7811164855957,-2.2663689021276383],[120.78317642211914,-2.2667977198137947],[120.78592300415039,-2.266883483335775],[120.7862663269043,-2.266626192754572],[120.78618049621582,-2.265339739162684],[120.7862663269043,-2.2644821027999313],[120.78669548034668,-2.264310575466453],[120.78721046447754,-2.2645678664590463],[120.78746795654297,-2.265339739162684],[120.78781127929688,-2.265597029972483],[120.78995704650879,-2.265339739162684],[120.7903003692627,-2.2649966846785077],[120.7903003692627,-2.2645678664590463],[120.7891845703125,-2.262681064785994],[120.78901290893555,-2.261737663028711],[120.78927040100098,-2.2599366216068404],[120.78866958618164,-2.2593362739696516],[120.7888412475586,-2.258907454076848],[120.79038619995117,-2.2578782858176254],[120.79304695129395,-2.2574494654944885],[120.79484939575195,-2.257706757703559],[120.79570770263672,-2.2570206450448325],[120.79519271850586,-2.2547907766680737],[120.794677734375,-2.254190426905751],[120.79381942749023,-2.253847369787536],[120.79347610473633,-2.252046318590871],[120.79158782958984,-2.2506740876132056],[120.79021453857422,-2.250245265167763],[120.78909873962402,-2.24887303249497],[120.78901290893555,-2.2474150338660195],[120.78927040100098,-2.2470719751534602],[120.79098701477051,-2.2465573869334747],[120.79244613647461,-2.245099385992418],[120.79261779785156,-2.244670561909359],[120.79244613647461,-2.2442417377005057],[120.79158782958984,-2.244413267399139],[120.7906436920166,-2.244155972843643],[120.7906436920166,-2.2432983239983173],[120.79150199890137,-2.241926084799843],[120.79158782958984,-2.2414972597864278],[120.79115867614746,-2.2407253744457023],[120.79012870788574,-2.2397819584767262],[120.79012870788574,-2.2388385419001793],[120.79038619995117,-2.2384097159827974],[120.79124450683594,-2.2382381855807125],[120.79236030578613,-2.2375520637717017],[120.79442024230957,-2.236094053861734],[120.79570770263672,-2.2348075733262647],[120.7972526550293,-2.2339499190096603],[120.79948425292969,-2.23146271866014],[120.80240249633789,-2.2286324510760807],[120.80386161804199,-2.2266598371177366],[120.80497741699219,-2.2258021780511825],[120.80514907836914,-2.22520181640769],[120.83905220031738,-2.218340523138238],[120.85355758666992,-2.217911691251061],[120.8730411529541,-2.218940887571378],[120.88351249694824,-2.220227381964392],[120.89810371398926,-2.222628835167768],[120.93415260314941,-2.227774793157934],[120.9429931640625,-2.2296616399183478],[120.9429931640625,-2.4013543114762683]]]}},{"type":"Feature","id":"pmtiles:10/855/518:transportation:1740855120:0","properties":{"class":"trunk","highway":"trunk","kind":"road","verification":"verified","source":"OpenMapTiles/OpenStreetMap national PMTiles","sourceId":"10/855/518:transportation:1740855120:0","sourceLayer":"transportation","archive":"https://its.hanifahseptiani45.workers.dev/v1/map/archive/indonesia.pmtiles","updatedAt":"2026-07-26T09:42:48.064Z"},"geometry":{"type":"LineString","coordinates":[[120.81459045410156,-2.4656692707025485],[120.81424713134766,-2.463182482867211],[120.81579208374023,-2.4594951682217214],[120.81587791442871,-2.45683686529307],[120.8155345916748,-2.454693068753784],[120.81562042236328,-2.453406789179482],[120.81493377685547,-2.4522062604604855],[120.81493377685547,-2.451605995696994],[120.81381797790527,-2.45186325205718],[120.81304550170898,-2.4515202435659376],[120.81330299377441,-2.4504912175647746],[120.81270217895508,-2.4500624564975055],[120.81253051757812,-2.449376438504345],[120.81321716308594,-2.4479186491023626],[120.81287384033203,-2.446546610569669],[120.81347465515137,-2.4457748382780693],[120.81278800964355,-2.4446600552952162],[120.81141471862793,-2.440115161247718],[120.81038475036621,-2.439600643971872],[120.80995559692383,-2.4388288676890255],[120.80815315246582,-2.4377998319564966],[120.80815315246582,-2.4371995607491357],[120.80909729003906,-2.435656004986967],[120.80841064453125,-2.434798473243646],[120.80780982971191,-2.43496997963598],[120.80738067626953,-2.43454121361421],[120.80686569213867,-2.4344554603934796],[120.80617904663086,-2.4336836811614404],[120.80583572387695,-2.432654641498118],[120.80549240112305,-2.4279381996666274],[120.8045482635498,-2.4241650343472543],[120.80248832702637,-2.4205633667291835],[120.80171585083008,-2.41970582540894],[120.80068588256836,-2.419362808728991],[120.79999923706055,-2.4186767751087785],[120.8005142211914,-2.4166186721667913],[120.80060005187988,-2.415160847361676],[120.80188751220703,-2.413188493664748],[120.80265998840332,-2.41155915584379],[120.80265998840332,-2.41087311828268],[120.80214500427246,-2.4098440612925884],[120.80248832702637,-2.4084719840959394],[120.80240249633789,-2.407614435146172],[120.80120086669922,-2.406413865709922],[120.80077171325684,-2.4046987646815126],[120.80034255981445,-2.4040984788121307],[120.7990550994873,-2.4040127236663693],[120.7972526550293,-2.403412437495234],[120.79648017883301,-2.4028979062812965],[120.79347610473633,-2.3974953168364124],[120.79330444335938,-2.3957802046135015],[120.79261779785156,-2.3952656705276922],[120.79227447509766,-2.3944938690365944],[120.79124450683594,-2.3934647997055407],[120.79115867614746,-2.3931217764234987],[120.79244613647461,-2.390463343078565],[120.79287528991699,-2.390206075062153],[120.79261779785156,-2.388490953720705],[120.79313278198242,-2.3864328052843007],[120.79347610473633,-2.385832511409859],[120.79381942749023,-2.3864328052843007],[120.79476356506348,-2.3863470490325795],[120.79510688781738,-2.385660998826168],[120.79484939575195,-2.384803435586889],[120.79493522644043,-2.3841173846105903],[120.79622268676758,-2.3834313332922648],[120.79673767089844,-2.383517089725757],[120.79708099365234,-2.3842031410013362],[120.79751014709473,-2.384374653766784],[120.79819679260254,-2.3841173846105903],[120.79888343811035,-2.384288897386739],[120.80042839050293,-2.383774358994174],[120.80120086669922,-2.383774358994174],[120.8012866973877,-2.38360284615392],[120.80042839050293,-2.3832598204092648],[120.7990550994873,-2.3833455768534435],[120.79836845397949,-2.3822307426625287],[120.79733848571777,-2.381801960041088],[120.79682350158691,-2.381801960041088],[120.79639434814453,-2.381373177286193],[120.79545021057129,-2.3810301509861915],[120.79510688781738,-2.3801725848626205],[120.79450607299805,-2.3796580449323557],[120.79442024230957,-2.378200180754007],[120.79373359680176,-2.3776856400878756],[120.79364776611328,-2.374855662995742],[120.79261779785156,-2.374598392063433],[120.7921028137207,-2.3733120366834584],[120.7917594909668,-2.373140522542357],[120.79124450683594,-2.373140522542357],[120.79081535339355,-2.374169607069817],[120.79055786132812,-2.3742553640791897],[120.79047203063965,-2.374083850055129],[120.79072952270508,-2.3736550649018398],[120.79038619995117,-2.373226279615565],[120.7906436920166,-2.3727974941962913],[120.79115867614746,-2.3725402228809003],[120.79193115234375,-2.3725402228809003],[120.79227447509766,-2.372282951517647],[120.79287528991699,-2.3727974941962913],[120.79313278198242,-2.3736550649018398],[120.794677734375,-2.3733120366834584],[120.7957935333252,-2.369624477962617],[120.79476356506348,-2.368166603200436],[120.79553604125977,-2.3673947865287346],[120.79424858093262,-2.3678235736216493],[120.79304695129395,-2.3672232716544244],[120.79201698303223,-2.3661941819628822],[120.79098701477051,-2.3663656969645217],[120.79021453857422,-2.3669659993031615],[120.7895278930664,-2.3667087269041502],[120.7895278930664,-2.3665372119449444],[120.7903003692627,-2.3663656969645217],[120.79072952270508,-2.3657653943659795],[120.79150199890137,-2.365851151895967],[120.79158782958984,-2.3655938792901026],[120.79047203063965,-2.364822061186146],[120.78969955444336,-2.364822061186146],[120.78901290893555,-2.3653366066364896],[120.78969955444336,-2.364393273165092],[120.79098701477051,-2.3644790307799184],[120.78944206237793,-2.3640502426528514],[120.78832626342773,-2.364736303592551],[120.7891845703125,-2.3637072120558145],[120.79047203063965,-2.3637072120558145],[120.79081535339355,-2.36336418137401],[120.79278945922852,-2.3646505459936265],[120.79287528991699,-2.3644790307799184],[120.79141616821289,-2.3631926660013107],[120.78995704650879,-2.3624208465620313],[120.78824043273926,-2.362592362030057],[120.7877254486084,-2.3635356967255063],[120.78781127929688,-2.3619920577992843],[120.78858375549316,-2.3613059955036135],[120.78866958618164,-2.3606199328691844],[120.78712463378906,-2.3598481120006483],[120.78729629516602,-2.359247806584449],[120.78566551208496,-2.3578756789459163],[120.78523635864258,-2.3579614369629667],[120.78497886657715,-2.359076290703655],[120.78420639038086,-2.359419322444097],[120.78472137451172,-2.358904774801701],[120.78472137451172,-2.3572753726785294],[120.78557968139648,-2.356932340409486],[120.78669548034668,-2.3577899209235653],[120.78729629516602,-2.3577899209235653],[120.78849792480469,-2.3572753726785294],[120.78841209411621,-2.3563320337352707],[120.78875541687012,-2.3559032430952414],[120.78927040100098,-2.3557317268022473],[120.79004287719727,-2.3558174849513733],[120.79038619995117,-2.356246275617835],[120.79098701477051,-2.356246275617835],[120.79218864440918,-2.356932340409486],[120.79390525817871,-2.3572753726785294],[120.79493522644043,-2.3583902269689645],[120.79648017883301,-2.3582187109824275],[120.79845428466797,-2.3574468887813396],[120.79862594604492,-2.356932340409486],[120.79828262329102,-2.3559032430952414],[120.79922676086426,-2.354616870383083],[120.79828262329102,-2.3535020130719033],[120.79828262329102,-2.3531589798736974],[120.7987117767334,-2.3529017049196597],[120.79957008361816,-2.353416254780271],[120.80171585083008,-2.3530732215609618],[120.80188751220703,-2.351015020473298],[120.80223083496094,-2.3506719866634995],[120.80223083496094,-2.350328952769388],[120.80197334289551,-2.349557126199457],[120.80154418945312,-2.3492140920314313],[120.80154418945312,-2.348699540621425],[120.80111503601074,-2.3482707476349702],[120.80120086669922,-2.3471558852543666],[120.79999923706055,-2.3462125394685955],[120.7987117767334,-2.3456979869535672],[120.79879760742188,-2.3437255338927514],[120.79802513122559,-2.342610667889744],[120.79793930053711,-2.341152764854513],[120.79742431640625,-2.341238523898582],[120.79639434814453,-2.3422676320179505],[120.79510688781738,-2.3423533909937646],[120.79476356506348,-2.3422676320179505],[120.794677734375,-2.340981246750644],[120.79442024230957,-2.341495800999283],[120.79244613647461,-2.343296739381259],[120.79072952270508,-2.3429537036775088],[120.78781127929688,-2.343382498294062],[120.7866096496582,-2.3438112927792787],[120.7840347290039,-2.343296739381259],[120.78266143798828,-2.3426964268445687],[120.78008651733398,-2.3408097286257856],[120.78025817871094,-2.339952137686666],[120.77991485595703,-2.337979676536463],[120.78008651733398,-2.3364360093545002],[120.7807731628418,-2.3357499345066515],[120.77991485595703,-2.334463543263837],[120.77922821044922,-2.3339489864369938],[120.77922821044922,-2.3331771508436105],[120.77828407287598,-2.3324053148265875],[120.78008651733398,-2.3302613236687932],[120.7796573638916,-2.329403726291389],[120.78025817871094,-2.3291464469763383],[120.78034400939941,-2.3288034078165083],[120.77957153320312,-2.328460368573161],[120.78025817871094,-2.327945809551551],[120.7807731628418,-2.3283746087492574],[120.78085899353027,-2.3300040445104173],[120.78171730041504,-2.330518602780174],[120.78188896179199,-2.3310331608618498],[120.78240394592285,-2.3312904398321592],[120.78274726867676,-2.33274835310867],[120.78291893005371,-2.332576833978081],[120.78274726867676,-2.331890757246626],[120.78300476074219,-2.331376199478484],[120.78283309936523,-2.3303470833778164],[120.78240394592285,-2.3299182847805042],[120.78188896179199,-2.3299182847805042],[120.78154563903809,-2.3293179665249255],[120.78171730041504,-2.3286318882052797],[120.7822322845459,-2.328546128391821],[120.78283309936523,-2.3290606871942146],[120.78343391418457,-2.3301755639545547],[120.78360557556152,-2.330089804235101],[120.78343391418457,-2.3295752458086554],[120.78429222106934,-2.329489486052637],[120.78454971313477,-2.3291464469763383],[120.78497886657715,-2.329403726291389],[120.78506469726562,-2.3292322067532467],[120.78463554382324,-2.3286318882052797],[120.78412055969238,-2.3290606871942146],[120.78351974487305,-2.3288891676142924],[120.7825756072998,-2.3270882107647424],[120.78300476074219,-2.327173970666891],[120.78309059143066,-2.327774289835915],[120.78351974487305,-2.3280315694015314],[120.78343391418457,-2.3270882107647424],[120.78394889831543,-2.3263163714105985],[120.78377723693848,-2.325973331562068],[120.78214645385742,-2.3253730116263824],[120.77905654907227,-2.323229009771538],[120.77828407287598,-2.322199887724878],[120.77768325805664,-2.3219426070960765],[120.77656745910645,-2.320656203249513],[120.77450752258301,-2.3193697982324863],[120.77364921569824,-2.318426433809819],[120.77296257019043,-2.3181691524944767],[120.77261924743652,-2.3172257872714965],[120.77133178710938,-2.3156820973691907],[120.76944351196289,-2.3144814485045657],[120.76927185058594,-2.3125089517338893],[120.76961517333984,-2.3119943869078554],[120.77150344848633,-2.310707974026556],[120.77364921569824,-2.3099361257383038],[120.77425003051758,-2.309250038018874],[120.77356338500977,-2.309250038018874],[120.77373504638672,-2.3084781889385084],[120.77356338500977,-2.3081351447682295],[120.77287673950195,-2.308392427903698],[120.77253341674805,-2.308049383712728],[120.77184677124023,-2.308049383712728],[120.77141761779785,-2.307534817271062],[120.77133178710938,-2.307020250643177],[120.77227592468262,-2.3059053556441143],[120.77201843261719,-2.3052192659797015],[120.7715892791748,-2.3051335047483974],[120.77141761779785,-2.304876221023463],[120.77184677124023,-2.3037613243448476],[120.76970100402832,-2.301960335558988],[120.7686710357666,-2.300330867553697],[120.76884269714355,-2.2997305367666456],[120.76841354370117,-2.2981868278687188],[120.7675552368164,-2.2962143085146636],[120.76695442199707,-2.2956997378004758],[120.76678276062012,-2.2948421195317934],[120.76592445373535,-2.2956997378004758],[120.76540946960449,-2.2956997378004758],[120.76523780822754,-2.2949278813818097],[120.76592445373535,-2.294413310204547],[120.76515197753906,-2.294156024546453],[120.76480865478516,-2.29372721501349],[120.76523780822754,-2.2918404515415745],[120.76583862304688,-2.2914974033703714],[120.76643943786621,-2.2902109719964727],[120.76678276062012,-2.2901252098638025],[120.76712608337402,-2.2904682583636884],[120.76746940612793,-2.2919262135715286],[120.76764106750488,-2.2903824962464228],[120.76824188232422,-2.289439112617629],[120.76918601989746,-2.2896106369599636],[120.76987266540527,-2.289010301671965],[120.77004432678223,-2.2873808189087157],[120.76944351196289,-2.287123531987376],[120.76901435852051,-2.286265908583019],[120.76841354370117,-2.285751334294389],[120.7675552368164,-2.283006934973983],[120.76772689819336,-2.2823208343247643],[120.76824188232422,-2.281720495988111],[120.76858520507812,-2.2797479539747627],[120.76970100402832,-2.2792333773526536],[120.77116012573242,-2.2789760889726125],[120.77201843261719,-2.2782042235566564],[120.77261924743652,-2.2782899864010915],[120.77407836914062,-2.277346594831542],[120.77536582946777,-2.276917780277529],[120.7767391204834,-2.2758886248272887],[120.77794075012207,-2.275631335849937],[120.77733993530273,-2.27485946864239],[120.77682495117188,-2.2750309947242187],[120.77596664428711,-2.27485946864239],[120.77493667602539,-2.2751167577574734],[120.77459335327148,-2.276060150786691],[120.77425003051758,-2.2762316767256863],[120.77219009399414,-2.276403202644275],[120.77176094055176,-2.2766604914838666],[120.7712459564209,-2.276403202644275],[120.77107429504395,-2.2753740468266557],[120.77210426330566,-2.274516416417555],[120.77176094055176,-2.2740876010217903],[120.77193260192871,-2.272372338164459],[120.77227592468262,-2.271943522131693],[120.7730484008789,-2.27185775890986],[120.77339172363281,-2.2716004692137943],[120.77287673950195,-2.270914363133599],[120.77210426330566,-2.2705713099713165],[120.7723617553711,-2.269885203402424],[120.77322006225586,-2.2697994400584207],[120.7741641998291,-2.267655354804944],[120.77476501464844,-2.2673980643609752],[120.77588081359863,-2.2673980643609752],[120.77630996704102,-2.2670550103645013],[120.77691078186035,-2.267226537372906],[120.77811241149902,-2.2663689021276383],[120.77905654907227,-2.2663689021276383],[120.77922821044922,-2.2661973750175974],[120.77897071838379,-2.2656827935656025],[120.77914237976074,-2.265597029972483],[120.77948570251465,-2.265597029972483],[120.78051567077637,-2.266626192754572],[120.78128814697266,-2.2663689021276383],[120.78300476074219,-2.266969246852682],[120.78360557556152,-2.2659400843144653],[120.78532218933105,-2.2670550103645013],[120.78592300415039,-2.2663689021276383],[120.78738212585449,-2.2667977198137947],[120.78789710998535,-2.266626192754572],[120.78858375549316,-2.266969246852682],[120.78849792480469,-2.2661973750175974],[120.78729629516602,-2.265597029972483],[120.78695297241211,-2.2650824483071688],[120.78695297241211,-2.2644821027999313],[120.78643798828125,-2.264310575466453],[120.7866096496582,-2.264053284428172],[120.78695297241211,-2.264224811792104],[120.78746795654297,-2.265339739162684],[120.78798294067383,-2.265511266374304],[120.78909873962402,-2.265253975549257],[120.78987121582031,-2.2648251574059515],[120.79004287719727,-2.2637959933442033],[120.78935623168945,-2.263538702214575],[120.78892707824707,-2.2623380096725327],[120.78849792480469,-2.261909190666586],[120.78849792480469,-2.260794260657917],[120.7888412475586,-2.2597650937358367],[120.78866958618164,-2.259078982049161],[120.78901290893555,-2.2587359260842703],[120.7891845703125,-2.2580498139114553],[120.78987121582031,-2.2575352295692426],[120.79133033752441,-2.257964049867084],[120.79184532165527,-2.2576209936389233],[120.79227447509766,-2.2581355779507817],[120.79270362854004,-2.257792521763122],[120.7935619354248,-2.2576209936389233],[120.79407691955566,-2.257792521763122],[120.79459190368652,-2.2574494654944885],[120.79484939575195,-2.2568491168295424],[120.79570770263672,-2.2568491168295424],[120.79536437988281,-2.256163003766062],[120.79562187194824,-2.2553911261827153],[120.79476356506348,-2.255048069347538],[120.79484939575195,-2.254361955434547],[120.79442024230957,-2.254104662633779],[120.79424858093262,-2.2536758411981026],[120.7935619354248,-2.2536758411981026],[120.79313278198242,-2.2532470196361345],[120.7932186126709,-2.2529039622956333],[120.79373359680176,-2.2526466692372225],[120.79347610473633,-2.252303611755309],[120.79364776611328,-2.2517890253809725],[120.79270362854004,-2.251531732125656],[120.79047203063965,-2.2499879716399676],[120.78978538513184,-2.250245265167763],[120.78935623168945,-2.249387619898556],[120.7895278930664,-2.2480153864190555],[120.7891845703125,-2.247672327847553],[120.78927040100098,-2.247329269195447],[120.79098701477051,-2.2472435045198154],[120.79201698303223,-2.24578550426358],[120.79261779785156,-2.2454424451682655],[120.79278945922852,-2.244499032240924],[120.79270362854004,-2.2442417377005057],[120.7917594909668,-2.244584797077664],[120.79081535339355,-2.244499032240924],[120.79055786132812,-2.244155972843643],[120.7906436920166,-2.243727148483856],[120.79115867614746,-2.2432983239983173],[120.79141616821289,-2.2424406746500978],[120.79184532165527,-2.242183379747587],[120.79218864440918,-2.2414972597864278],[120.79193115234375,-2.2408111395036627],[120.79124450683594,-2.2407253744457023],[120.79090118408203,-2.2401250188993913],[120.79021453857422,-2.2399534886980916],[120.7903003692627,-2.239524663107005],[120.79090118408203,-2.2388385419001793],[120.79004287719727,-2.238495481176315],[120.7903003692627,-2.238066655158562],[120.79004287719727,-2.237294768010557],[120.79047203063965,-2.237209002746795],[120.7906436920166,-2.236865941641639],[120.79021453857422,-2.236351349833498],[120.79038619995117,-2.235750992495852],[120.78969955444336,-2.2356652271418653],[120.78892707824707,-2.235922523188819],[120.78849792480469,-2.2366944110589912],[120.78798294067383,-2.2369517069254528],[120.7877254486084,-2.2367801763528234],[120.78781127929688,-2.236179819190653],[120.78738212585449,-2.236179819190653],[120.78703880310059,-2.2366086457601426],[120.78703880310059,-2.2376378290153838],[120.78618049621582,-2.237980889939962],[120.78600883483887,-2.2387527767267414],[120.78523635864258,-2.2387527767267414],[120.78497886657715,-2.2383239507842774],[120.78540802001953,-2.2377235942540494],[120.78540802001953,-2.237209002746795],[120.78463554382324,-2.2366086457601426],[120.78463554382324,-2.235836757844851],[120.78300476074219,-2.234893338730373],[120.78291893005371,-2.234292980796411],[120.78240394592285,-2.2336926226170277],[120.78145980834961,-2.2338641535504564],[120.7811164855957,-2.2342072153572445],[120.78025817871094,-2.2342072153572445],[120.7796573638916,-2.234893338730373],[120.77845573425293,-2.2337783880862503],[120.77794075012207,-2.2341214499130615],[120.77733993530273,-2.235064869523569],[120.7767391204834,-2.2344645116597377],[120.7756233215332,-2.234721807917154],[120.77570915222168,-2.232577671061506],[120.77467918395996,-2.2318915466068745],[120.77467918395996,-2.230433531077722],[120.77485084533691,-2.229918937016464],[120.77588081359863,-2.2288039825997714],[120.7767391204834,-2.2284609195324236],[120.77553749084473,-2.228289387968786],[120.77510833740234,-2.227431729850835],[120.77442169189453,-2.2271744323180656],[120.77373504638672,-2.2262310076468452],[120.77425003051758,-2.2249445184856427],[120.77313423156738,-2.2241726244501905],[120.77322006225586,-2.2224573029255907],[120.772705078125,-2.2216854075892343],[120.7715892791748,-2.221256576672488],[120.77141761779785,-2.220227381964392],[120.77073097229004,-2.220055849443355],[120.76944351196289,-2.218512055858284],[120.76849937438965,-2.218340523138238],[120.76781272888184,-2.2186835885584486],[120.76635360717773,-2.216625194843843],[120.76618194580078,-2.215939062969454],[120.76566696166992,-2.2158532964627824],[120.7657527923584,-2.214909864561733],[120.76540946960449,-2.214652564848066],[120.76532363891602,-2.2137948988131484],[120.76455116271973,-2.213451832260219],[120.76352119445801,-2.2135375989059014],[120.76334953308105,-2.2128514656015454],[120.76352119445801,-2.211479198040422],[120.76326370239258,-2.2108788305832974],[120.76352119445801,-2.210106929210113],[120.7628345489502,-2.2100211623660897],[120.76197624206543,-2.210621530170158],[120.76163291931152,-2.2103642297124395],[120.76154708862305,-2.209935395517121],[120.76086044311523,-2.209506561197955],[120.76111793518066,-2.2077912226831273],[120.7602596282959,-2.20616164926021],[120.76034545898438,-2.203502867737683],[120.76017379760742,-2.2032455660479826],[120.75845718383789,-2.2039317037883706],[120.75871467590332,-2.201873289618959],[120.75854301452637,-2.201272918283834],[120.75777053833008,-2.201015616209034],[120.75759887695312,-2.200415244528486],[120.75699806213379,-2.199986407465815],[120.75605392456055,-2.199986407465815],[120.75648307800293,-2.1993002679090665],[120.75631141662598,-2.1973276149260386],[120.75674057006836,-2.196555706527505],[120.75759887695312,-2.196041100706907],[120.7573413848877,-2.195183423945366],[120.75648307800293,-2.1953549593370525],[120.75562477111816,-2.1946688176522002],[120.75536727905273,-2.1938111401033353],[120.75493812561035,-2.193296533337943],[120.75433731079102,-2.193296533337943],[120.75373649597168,-2.1926103907087082],[120.75193405151367,-2.1921815514056675],[120.7518482208252,-2.1911523365771473],[120.75133323669434,-2.190123121041225],[120.75098991394043,-2.1898658170467655],[120.7503890991211,-2.1898658170467655],[120.74953079223633,-2.188064687848623],[120.74790000915527,-2.1873785428230548],[120.74721336364746,-2.1877216153750823],[120.74626922607422,-2.1870354701925834],[120.7455825805664,-2.186092020054275],[120.74455261230469,-2.186006251830463],[120.74343681335449,-2.182232445134133],[120.74275016784668,-2.181374760472522],[120.74189186096191,-2.1809459179583257],[120.74180603027344,-2.180517075321873],[120.74214935302734,-2.1799166954255327],[120.74197769165039,-2.1790590094439466],[120.74034690856934,-2.17811555429995],[120.74026107788086,-2.17768671085733],[120.73897361755371,-2.1764001797972554],[120.73837280273438,-2.176571717335378],[120.73811531066895,-2.1764001797972554],[120.73811531066895,-2.1758855670657766],[120.7386302947998,-2.1752851853238013],[120.73820114135742,-2.1742559589244337],[120.73888778686523,-2.1733125007750687],[120.73777198791504,-2.1722832730306436],[120.73794364929199,-2.1715971208113842],[120.73725700378418,-2.1710825064424597],[120.73785781860352,-2.1691098164053244],[120.73768615722656,-2.1688525088194694],[120.73708534240723,-2.1688525088194694],[120.73579788208008,-2.1683378935164797],[120.7353687286377,-2.167651739506937],[120.73493957519531,-2.1675659702338805],[120.73433876037598,-2.168080585799359],[120.73382377624512,-2.167823278038483],[120.73399543762207,-2.166965585186361],[120.73287963867188,-2.164135195328484],[120.7339096069336,-2.162419804963875],[120.73373794555664,-2.1616478786670683],[120.73408126831055,-2.1609617216292065],[120.73322296142578,-2.158045550760349],[120.73253631591797,-2.15753093179093],[120.73227882385254,-2.156330153518468],[120.73236465454102,-2.151183950196341],[120.73193550109863,-2.1465523523603167],[120.72704315185547,-2.140033783490736],[120.7218074798584,-2.1360883204433208],[120.70816040039062,-2.126567704874205],[120.70627212524414,-2.124938044061423],[120.69880485534668,-2.11653239784836],[120.69279670715332,-2.106925889238454],[120.69125175476074,-2.103409206077373]]}},{"type":"Feature","id":"pmtiles:10/855/518:transportation_name:1740855120:0","properties":{"name":"Jalan Poros Tarengge - Batas Prov. Sulteng","name_int":"Jalan Poros Tarengge - Batas Prov. Sulteng","class":"trunk","name:latin":"Jalan Poros Tarengge - Batas Prov. Sulteng","name_de":"Jalan Poros Tarengge - Batas Prov. Sulteng","name_en":"Jalan Poros Tarengge - Batas Prov. Sulteng","highway":"trunk","kind":"road","verification":"verified","source":"OpenMapTiles/OpenStreetMap national PMTiles","sourceId":"10/855/518:transportation_name:1740855120:0","sourceLayer":"transportation_name","archive":"https://its.hanifahseptiani45.workers.dev/v1/map/archive/indonesia.pmtiles","updatedAt":"2026-07-26T09:42:48.065Z"},"geometry":{"type":"LineString","coordinates":[[120.79793930053711,-2.341152764854513],[120.79742431640625,-2.341238523898582],[120.79639434814453,-2.3422676320179505],[120.79510688781738,-2.3423533909937646],[120.79476356506348,-2.3422676320179505],[120.794677734375,-2.340981246750644],[120.79442024230957,-2.341495800999283],[120.79244613647461,-2.343296739381259],[120.79072952270508,-2.3429537036775088],[120.78781127929688,-2.343382498294062],[120.7866096496582,-2.3438112927792787],[120.7840347290039,-2.343296739381259],[120.78266143798828,-2.3426964268445687],[120.78008651733398,-2.3408097286257856],[120.78025817871094,-2.339952137686666],[120.77991485595703,-2.337979676536463],[120.78008651733398,-2.3364360093545002],[120.7807731628418,-2.3357499345066515],[120.77991485595703,-2.334463543263837],[120.77922821044922,-2.3339489864369938],[120.77922821044922,-2.3331771508436105],[120.77828407287598,-2.3324053148265875],[120.78008651733398,-2.3302613236687932],[120.7796573638916,-2.329403726291389],[120.78025817871094,-2.3291464469763383],[120.78034400939941,-2.3288034078165083],[120.77957153320312,-2.328460368573161],[120.78025817871094,-2.327945809551551],[120.7807731628418,-2.3283746087492574],[120.78085899353027,-2.3300040445104173],[120.78171730041504,-2.330518602780174],[120.78188896179199,-2.3310331608618498],[120.78240394592285,-2.3312904398321592],[120.78274726867676,-2.33274835310867],[120.78291893005371,-2.332576833978081],[120.78274726867676,-2.331890757246626],[120.78300476074219,-2.331376199478484],[120.78283309936523,-2.3303470833778164],[120.78240394592285,-2.3299182847805042],[120.78188896179199,-2.3299182847805042],[120.78154563903809,-2.3293179665249255],[120.78171730041504,-2.3286318882052797],[120.7822322845459,-2.328546128391821],[120.78283309936523,-2.3290606871942146],[120.78343391418457,-2.3301755639545547],[120.78360557556152,-2.330089804235101],[120.78343391418457,-2.3295752458086554],[120.78429222106934,-2.329489486052637],[120.78454971313477,-2.3291464469763383],[120.78497886657715,-2.329403726291389],[120.78506469726562,-2.3292322067532467],[120.78463554382324,-2.3286318882052797],[120.78412055969238,-2.3290606871942146],[120.78351974487305,-2.3288891676142924],[120.7825756072998,-2.3270882107647424],[120.78300476074219,-2.327173970666891],[120.78309059143066,-2.327774289835915],[120.78351974487305,-2.3280315694015314],[120.78343391418457,-2.3270882107647424],[120.78394889831543,-2.3263163714105985],[120.78377723693848,-2.325973331562068],[120.78214645385742,-2.3253730116263824],[120.77905654907227,-2.323229009771538],[120.77828407287598,-2.322199887724878],[120.77768325805664,-2.3219426070960765],[120.77656745910645,-2.320656203249513],[120.77450752258301,-2.3193697982324863],[120.77364921569824,-2.318426433809819],[120.77296257019043,-2.3181691524944767],[120.77261924743652,-2.3172257872714965],[120.77133178710938,-2.3156820973691907],[120.76944351196289,-2.3144814485045657],[120.76927185058594,-2.3125089517338893],[120.76961517333984,-2.3119943869078554],[120.77150344848633,-2.310707974026556],[120.77364921569824,-2.3099361257383038],[120.77425003051758,-2.309250038018874],[120.77356338500977,-2.309250038018874],[120.77373504638672,-2.3084781889385084],[120.77356338500977,-2.3081351447682295],[120.77287673950195,-2.308392427903698],[120.77253341674805,-2.308049383712728],[120.77184677124023,-2.308049383712728],[120.77141761779785,-2.307534817271062],[120.77133178710938,-2.307020250643177],[120.77227592468262,-2.3059053556441143],[120.77201843261719,-2.3052192659797015],[120.7715892791748,-2.3051335047483974],[120.77141761779785,-2.304876221023463],[120.77184677124023,-2.3037613243448476],[120.76970100402832,-2.301960335558988],[120.7686710357666,-2.300330867553697],[120.76884269714355,-2.2997305367666456],[120.76841354370117,-2.2981868278687188],[120.7675552368164,-2.2962143085146636],[120.76695442199707,-2.2956997378004758],[120.76678276062012,-2.2948421195317934],[120.76592445373535,-2.2956997378004758],[120.76540946960449,-2.2956997378004758],[120.76523780822754,-2.2949278813818097],[120.76592445373535,-2.294413310204547],[120.76515197753906,-2.294156024546453],[120.76480865478516,-2.29372721501349],[120.76523780822754,-2.2918404515415745],[120.76583862304688,-2.2914974033703714],[120.76643943786621,-2.2902109719964727],[120.76678276062012,-2.2901252098638025],[120.76712608337402,-2.2904682583636884],[120.76746940612793,-2.2919262135715286],[120.76764106750488,-2.2903824962464228],[120.76824188232422,-2.289439112617629],[120.76918601989746,-2.2896106369599636],[120.76987266540527,-2.289010301671965],[120.77004432678223,-2.2873808189087157],[120.76944351196289,-2.287123531987376],[120.76901435852051,-2.286265908583019],[120.76841354370117,-2.285751334294389],[120.7675552368164,-2.283006934973983],[120.76772689819336,-2.2823208343247643],[120.76824188232422,-2.281720495988111],[120.76858520507812,-2.2797479539747627],[120.76970100402832,-2.2792333773526536],[120.77116012573242,-2.2789760889726125],[120.77201843261719,-2.2782042235566564],[120.77261924743652,-2.2782899864010915],[120.77407836914062,-2.277346594831542],[120.77536582946777,-2.276917780277529],[120.7767391204834,-2.2758886248272887],[120.77794075012207,-2.275631335849937],[120.77733993530273,-2.27485946864239],[120.77682495117188,-2.2750309947242187],[120.77596664428711,-2.27485946864239],[120.77493667602539,-2.2751167577574734],[120.77459335327148,-2.276060150786691],[120.77425003051758,-2.2762316767256863],[120.77219009399414,-2.276403202644275],[120.77176094055176,-2.2766604914838666],[120.7712459564209,-2.276403202644275],[120.77107429504395,-2.2753740468266557],[120.77210426330566,-2.274516416417555],[120.77176094055176,-2.2740876010217903],[120.77193260192871,-2.272372338164459],[120.77227592468262,-2.271943522131693],[120.7730484008789,-2.27185775890986],[120.77339172363281,-2.2716004692137943],[120.77287673950195,-2.270914363133599],[120.77210426330566,-2.2705713099713165],[120.7723617553711,-2.269885203402424],[120.77322006225586,-2.2697994400584207],[120.7741641998291,-2.267655354804944],[120.77476501464844,-2.2673980643609752],[120.77588081359863,-2.2673980643609752],[120.77630996704102,-2.2670550103645013],[120.77691078186035,-2.267226537372906],[120.77811241149902,-2.2663689021276383],[120.77905654907227,-2.2663689021276383],[120.77922821044922,-2.2661973750175974],[120.77897071838379,-2.2656827935656025],[120.77914237976074,-2.265597029972483],[120.77948570251465,-2.265597029972483],[120.78051567077637,-2.266626192754572],[120.78128814697266,-2.2663689021276383],[120.78300476074219,-2.266969246852682],[120.78360557556152,-2.2659400843144653],[120.78532218933105,-2.2670550103645013],[120.78592300415039,-2.2663689021276383],[120.78738212585449,-2.2667977198137947],[120.78789710998535,-2.266626192754572],[120.78858375549316,-2.266969246852682],[120.78849792480469,-2.2661973750175974],[120.78729629516602,-2.265597029972483],[120.78695297241211,-2.2650824483071688],[120.78695297241211,-2.2644821027999313],[120.78643798828125,-2.264310575466453],[120.7866096496582,-2.264053284428172],[120.78695297241211,-2.264224811792104],[120.78746795654297,-2.265339739162684],[120.78798294067383,-2.265511266374304],[120.78909873962402,-2.265253975549257],[120.78987121582031,-2.2648251574059515],[120.79004287719727,-2.2637959933442033],[120.78935623168945,-2.263538702214575],[120.78892707824707,-2.2623380096725327],[120.78849792480469,-2.261909190666586],[120.78849792480469,-2.260794260657917],[120.7888412475586,-2.2597650937358367],[120.78866958618164,-2.259078982049161],[120.78901290893555,-2.2587359260842703],[120.7891845703125,-2.2580498139114553],[120.78987121582031,-2.2575352295692426],[120.79133033752441,-2.257964049867084],[120.79184532165527,-2.2576209936389233],[120.79227447509766,-2.2581355779507817],[120.79270362854004,-2.257792521763122],[120.7935619354248,-2.2576209936389233],[120.79407691955566,-2.257792521763122],[120.79459190368652,-2.2574494654944885],[120.79484939575195,-2.2568491168295424],[120.79570770263672,-2.2568491168295424],[120.79536437988281,-2.256163003766062],[120.79562187194824,-2.2553911261827153],[120.79476356506348,-2.255048069347538],[120.79484939575195,-2.254361955434547],[120.79442024230957,-2.254104662633779],[120.79424858093262,-2.2536758411981026],[120.7935619354248,-2.2536758411981026],[120.79313278198242,-2.2532470196361345],[120.7932186126709,-2.2529039622956333],[120.79373359680176,-2.2526466692372225],[120.79347610473633,-2.252303611755309],[120.79364776611328,-2.2517890253809725],[120.79270362854004,-2.251531732125656],[120.79047203063965,-2.2499879716399676],[120.78978538513184,-2.250245265167763],[120.78935623168945,-2.249387619898556],[120.7895278930664,-2.2480153864190555],[120.7891845703125,-2.247672327847553],[120.78927040100098,-2.247329269195447],[120.79098701477051,-2.2472435045198154],[120.79201698303223,-2.24578550426358],[120.79261779785156,-2.2454424451682655],[120.79278945922852,-2.244499032240924],[120.79270362854004,-2.2442417377005057],[120.7917594909668,-2.244584797077664],[120.79081535339355,-2.244499032240924],[120.79055786132812,-2.244155972843643],[120.7906436920166,-2.243727148483856],[120.79115867614746,-2.2432983239983173],[120.79141616821289,-2.2424406746500978],[120.79184532165527,-2.242183379747587],[120.79218864440918,-2.2414972597864278],[120.79193115234375,-2.2408111395036627],[120.79124450683594,-2.2407253744457023],[120.79090118408203,-2.2401250188993913],[120.79021453857422,-2.2399534886980916],[120.7903003692627,-2.239524663107005],[120.79090118408203,-2.2388385419001793],[120.79004287719727,-2.238495481176315],[120.7903003692627,-2.238066655158562],[120.79004287719727,-2.237294768010557],[120.79047203063965,-2.237209002746795],[120.7906436920166,-2.236865941641639],[120.79021453857422,-2.236351349833498],[120.79038619995117,-2.235750992495852],[120.78969955444336,-2.2356652271418653],[120.78892707824707,-2.235922523188819],[120.78849792480469,-2.2366944110589912],[120.78798294067383,-2.2369517069254528],[120.7877254486084,-2.2367801763528234],[120.78781127929688,-2.236179819190653],[120.78738212585449,-2.236179819190653],[120.78703880310059,-2.2366086457601426],[120.78703880310059,-2.2376378290153838],[120.78618049621582,-2.237980889939962],[120.78600883483887,-2.2387527767267414],[120.78523635864258,-2.2387527767267414],[120.78497886657715,-2.238495481176315]]}},{"type":"Feature","id":"pmtiles:10/855/518:transportation_name:1740855120:1","properties":{"name":"Jalan Poros Tarengge - Batas Prov. Sulteng","name_int":"Jalan Poros Tarengge - Batas Prov. Sulteng","class":"trunk","name:latin":"Jalan Poros Tarengge - Batas Prov. Sulteng","name_de":"Jalan Poros Tarengge - Batas Prov. Sulteng","name_en":"Jalan Poros Tarengge - Batas Prov. Sulteng","highway":"trunk","kind":"road","verification":"verified","source":"OpenMapTiles/OpenStreetMap national PMTiles","sourceId":"10/855/518:transportation_name:1740855120:1","sourceLayer":"transportation_name","archive":"https://its.hanifahseptiani45.workers.dev/v1/map/archive/indonesia.pmtiles","updatedAt":"2026-07-26T09:42:48.065Z"},"geometry":{"type":"LineString","coordinates":[[120.80188751220703,-2.413188493664748],[120.80265998840332,-2.41155915584379],[120.80265998840332,-2.41087311828268],[120.80214500427246,-2.4098440612925884],[120.80248832702637,-2.4084719840959394],[120.80240249633789,-2.407614435146172],[120.80120086669922,-2.406413865709922],[120.80077171325684,-2.4046987646815126],[120.80034255981445,-2.4040984788121307],[120.7990550994873,-2.4040127236663693],[120.7972526550293,-2.403412437495234],[120.79648017883301,-2.4028979062812965],[120.79347610473633,-2.3974953168364124],[120.79330444335938,-2.3957802046135015],[120.79261779785156,-2.3952656705276922],[120.79227447509766,-2.3944938690365944],[120.79124450683594,-2.3934647997055407],[120.79115867614746,-2.3931217764234987],[120.79244613647461,-2.390463343078565],[120.79287528991699,-2.390206075062153],[120.79261779785156,-2.388490953720705],[120.79313278198242,-2.3864328052843007],[120.79347610473633,-2.385832511409859],[120.79381942749023,-2.3864328052843007],[120.79476356506348,-2.3863470490325795],[120.79510688781738,-2.385660998826168],[120.79484939575195,-2.384803435586889],[120.79493522644043,-2.3841173846105903],[120.79622268676758,-2.3834313332922648],[120.79673767089844,-2.383517089725757],[120.79708099365234,-2.3842031410013362],[120.79751014709473,-2.384374653766784],[120.79819679260254,-2.3841173846105903],[120.79888343811035,-2.384288897386739],[120.80042839050293,-2.383774358994174],[120.80120086669922,-2.383774358994174],[120.8012866973877,-2.38360284615392],[120.80042839050293,-2.3832598204092648],[120.7990550994873,-2.3833455768534435],[120.79836845397949,-2.3822307426625287],[120.79733848571777,-2.381801960041088],[120.79682350158691,-2.381801960041088],[120.79639434814453,-2.381373177286193],[120.79545021057129,-2.3810301509861915],[120.79510688781738,-2.3801725848626205],[120.79450607299805,-2.3796580449323557],[120.79442024230957,-2.378200180754007],[120.79373359680176,-2.3776856400878756],[120.79364776611328,-2.374855662995742],[120.79261779785156,-2.374598392063433],[120.7921028137207,-2.3733120366834584],[120.7917594909668,-2.373140522542357],[120.79124450683594,-2.373140522542357],[120.79081535339355,-2.374169607069817],[120.79055786132812,-2.3742553640791897],[120.79047203063965,-2.374083850055129],[120.79072952270508,-2.3736550649018398],[120.79038619995117,-2.373226279615565],[120.7906436920166,-2.3727974941962913],[120.79115867614746,-2.3725402228809003],[120.79193115234375,-2.3725402228809003],[120.79227447509766,-2.372282951517647],[120.79287528991699,-2.3727974941962913],[120.79313278198242,-2.3736550649018398],[120.794677734375,-2.3733120366834584],[120.7957935333252,-2.369624477962617],[120.79476356506348,-2.368166603200436],[120.79553604125977,-2.3673947865287346],[120.79424858093262,-2.3678235736216493],[120.79304695129395,-2.3672232716544244],[120.79201698303223,-2.3661941819628822],[120.79098701477051,-2.3663656969645217],[120.79021453857422,-2.3669659993031615],[120.7895278930664,-2.3667087269041502],[120.7895278930664,-2.3665372119449444],[120.7903003692627,-2.3663656969645217],[120.79072952270508,-2.3657653943659795],[120.79150199890137,-2.365851151895967],[120.79158782958984,-2.3655938792901026],[120.79047203063965,-2.364822061186146],[120.78969955444336,-2.364822061186146],[120.78901290893555,-2.3653366066364896],[120.78969955444336,-2.364393273165092],[120.79098701477051,-2.3644790307799184],[120.78944206237793,-2.3640502426528514],[120.78832626342773,-2.364736303592551],[120.7891845703125,-2.3637072120558145],[120.79047203063965,-2.3637072120558145],[120.79081535339355,-2.36336418137401],[120.79278945922852,-2.3646505459936265],[120.79287528991699,-2.3644790307799184],[120.79141616821289,-2.3631926660013107],[120.78995704650879,-2.3624208465620313],[120.78824043273926,-2.362592362030057],[120.7877254486084,-2.3635356967255063],[120.78781127929688,-2.3619920577992843],[120.78858375549316,-2.3613059955036135],[120.78866958618164,-2.3606199328691844],[120.78712463378906,-2.3598481120006483],[120.78729629516602,-2.359247806584449],[120.78566551208496,-2.3578756789459163],[120.78523635864258,-2.3579614369629667],[120.78497886657715,-2.359076290703655],[120.78420639038086,-2.359419322444097],[120.78472137451172,-2.358904774801701],[120.78472137451172,-2.3572753726785294],[120.78557968139648,-2.356932340409486],[120.78669548034668,-2.3577899209235653],[120.78729629516602,-2.3577899209235653],[120.78849792480469,-2.3572753726785294],[120.78841209411621,-2.3563320337352707],[120.78875541687012,-2.3559032430952414],[120.78927040100098,-2.3557317268022473],[120.79004287719727,-2.3558174849513733],[120.79038619995117,-2.356246275617835],[120.79098701477051,-2.356246275617835],[120.79218864440918,-2.356932340409486],[120.79390525817871,-2.3572753726785294],[120.79493522644043,-2.3583902269689645],[120.79648017883301,-2.3582187109824275],[120.79845428466797,-2.3574468887813396],[120.79862594604492,-2.356932340409486],[120.79828262329102,-2.3559032430952414],[120.79922676086426,-2.354616870383083],[120.79828262329102,-2.3535020130719033],[120.79828262329102,-2.3531589798736974],[120.7987117767334,-2.3529017049196597],[120.79957008361816,-2.353416254780271],[120.80171585083008,-2.3530732215609618],[120.80188751220703,-2.351015020473298],[120.80223083496094,-2.3506719866634995],[120.80223083496094,-2.350328952769388],[120.80197334289551,-2.349557126199457],[120.80154418945312,-2.3492140920314313],[120.80154418945312,-2.348699540621425],[120.80111503601074,-2.3482707476349702],[120.80120086669922,-2.3471558852543666],[120.79999923706055,-2.3462125394685955],[120.7987117767334,-2.3456979869535672],[120.79879760742188,-2.3437255338927514],[120.79802513122559,-2.342610667889744],[120.79802513122559,-2.341238523898582]]}},{"type":"Feature","id":"pmtiles:10/855/518:transportation_name:1740855120:2","properties":{"name":"Jalan Poros Tarengge - Batas Prov. Sulteng","name_int":"Jalan Poros Tarengge - Batas Prov. Sulteng","class":"trunk","name:latin":"Jalan Poros Tarengge - Batas Prov. Sulteng","name_de":"Jalan Poros Tarengge - Batas Prov. Sulteng","name_en":"Jalan Poros Tarengge - Batas Prov. Sulteng","highway":"trunk","kind":"road","verification":"verified","source":"OpenMapTiles/OpenStreetMap national PMTiles","sourceId":"10/855/518:transportation_name:1740855120:2","sourceLayer":"transportation_name","archive":"https://its.hanifahseptiani45.workers.dev/v1/map/archive/indonesia.pmtiles","updatedAt":"2026-07-26T09:42:48.065Z"},"geometry":{"type":"LineString","coordinates":[[120.81484794616699,-2.4775886374435316],[120.81493377685547,-2.4686705601759513],[120.81424713134766,-2.463182482867211],[120.81579208374023,-2.4594951682217214],[120.81587791442871,-2.45683686529307],[120.8155345916748,-2.454693068753784],[120.81562042236328,-2.453406789179482],[120.81493377685547,-2.4522062604604855],[120.81493377685547,-2.451605995696994],[120.81381797790527,-2.45186325205718],[120.81304550170898,-2.4515202435659376],[120.81330299377441,-2.4504912175647746],[120.81270217895508,-2.4500624564975055],[120.81253051757812,-2.449376438504345],[120.81321716308594,-2.4479186491023626],[120.81287384033203,-2.446546610569669],[120.81347465515137,-2.4457748382780693],[120.81278800964355,-2.4446600552952162],[120.81141471862793,-2.440115161247718],[120.81038475036621,-2.439600643971872],[120.80995559692383,-2.4388288676890255],[120.80815315246582,-2.4377998319564966],[120.80815315246582,-2.4371995607491357]]}},{"type":"Feature","id":"pmtiles:10/855/518:waterway:3509265760:0","properties":{"name":"Sungai Angkona","name_int":"Sungai Angkona","class":"river","name:latin":"Sungai Angkona","name_de":"Sungai Angkona","name_en":"Sungai Angkona","waterway":"river","kind":"waterway","verification":"verified","source":"OpenMapTiles/OpenStreetMap national PMTiles","sourceId":"10/855/518:waterway:3509265760:0","sourceLayer":"waterway","archive":"https://its.hanifahseptiani45.workers.dev/v1/map/archive/indonesia.pmtiles","updatedAt":"2026-07-26T09:42:48.065Z"},"geometry":{"type":"LineString","coordinates":[[120.88419914245605,-2.4026406406016036],[120.88505744934082,-2.4048702748813895],[120.88600158691406,-2.405470560411189],[120.8854866027832,-2.4070999055172706],[120.88479995727539,-2.407700190065441],[120.88437080383301,-2.408643493821117],[120.88325500488281,-2.408557738961221],[120.88231086730957,-2.410187080375735],[120.88068008422852,-2.4117306651800163],[120.88033676147461,-2.4124167023086756],[120.88033676147461,-2.413788775527692],[120.87896347045898,-2.4149035839983384],[120.87862014770508,-2.41576112835331],[120.87604522705078,-2.417990741141608],[120.87492942810059,-2.418333758168572],[120.87492942810059,-2.419105546162072],[120.87398529052734,-2.4200488420021316],[120.8745002746582,-2.4211636453305374],[120.87527275085449,-2.422021185728312],[120.87518692016602,-2.4227072176556703],[120.87553024291992,-2.4238220187963577],[120.87535858154297,-2.4242507882214],[120.87553024291992,-2.4246795575105864],[120.87510108947754,-2.425365588090699],[120.87578773498535,-2.4257943570265894],[120.87621688842773,-2.4267376482070375],[120.87656021118164,-2.4265661407686423],[120.87681770324707,-2.426823401918085],[120.87621688842773,-2.4279381996666274],[120.8756160736084,-2.4273379240701303],[120.87518692016602,-2.427252170391725],[120.87475776672363,-2.428624228593236],[120.87347030639648,-2.4298247783764566],[120.87201118469238,-2.4307680667430134],[120.8719253540039,-2.4313683408148563],[120.87209701538086,-2.4319686146196773],[120.8726978302002,-2.432311628102511],[120.8726978302002,-2.434112447456016],[120.87329864501953,-2.4343697071673063],[120.87329864501953,-2.43496997963598],[120.87381362915039,-2.435484498681973],[120.87424278259277,-2.4353129923551364],[120.87398529052734,-2.4365992892741133],[120.87492942810059,-2.437542572900398],[120.87484359741211,-2.4380570909634116],[120.87510108947754,-2.438657361788259],[120.87458610534668,-2.4390003735679358],[120.87535858154297,-2.4393433852601447],[120.87510108947754,-2.4396863968648574],[120.87381362915039,-2.4390003735679358],[120.87347030639648,-2.4393433852601447],[120.87381362915039,-2.4399436555109872],[120.87458610534668,-2.4402009141078906],[120.87501525878906,-2.4406296783266725],[120.87501525878906,-2.4411441952087074],[120.87407112121582,-2.4414872063539548],[120.87407112121582,-2.441744464655443],[120.8745002746582,-2.4422589811106263],[120.87492942810059,-2.442344733833991],[120.87501525878906,-2.441744464655443],[120.87570190429688,-2.4416587118937514],[120.87544441223145,-2.4424304865519133],[120.87553024291992,-2.442945002744324],[120.87638854980469,-2.441744464655443],[120.8774185180664,-2.441744464655443],[120.87776184082031,-2.4425162392643216],[120.8770751953125,-2.443288013429779],[120.87621688842773,-2.442773497368748],[120.87638854980469,-2.4438025292936487],[120.87587356567383,-2.4442312923629146],[120.87604522705078,-2.4446600552952162],[120.87664604187012,-2.444745807865246],[120.87656021118164,-2.4440597871516445],[120.87681770324707,-2.443716776663365],[120.87801933288574,-2.443373766087447],[120.87844848632812,-2.444145539760015],[120.87904930114746,-2.4442312923629146],[120.87922096252441,-2.4446600552952162],[120.87896347045898,-2.445346075701977],[120.87930679321289,-2.446032095757957],[120.8785343170166,-2.446803867901508],[120.87870597839355,-2.4470611251839784],[120.87913513183594,-2.446975372761969],[120.88059425354004,-2.4482616585161026],[120.88042259216309,-2.448604667842048],[120.87947845458984,-2.4480901538202176],[120.87922096252441,-2.449547943035583],[120.87947845458984,-2.449719447544851],[120.88007926940918,-2.4492906862304977],[120.88119506835938,-2.4494621907727065],[120.8799934387207,-2.450662721953236],[120.88025093078613,-2.4514344914293957],[120.87982177734375,-2.452034756269825],[120.88033676147461,-2.4525492687758685],[120.87947845458984,-2.453235285142739],[120.87973594665527,-2.453664045193335],[120.87939262390137,-2.454350060988304],[120.87973594665527,-2.4548645726034977],[120.88007926940918,-2.4547788206813976],[120.88033676147461,-2.4540928051064554],[120.88171005249023,-2.453406789179482],[120.88213920593262,-2.453921301157692],[120.88351249694824,-2.453749797186944],[120.88359832763672,-2.4544358129379447],[120.88282585144043,-2.454607316820656],[120.88274002075195,-2.455464835904209],[120.88359832763672,-2.4558078433835533],[120.8840274810791,-2.457179872420042],[120.8840274810791,-2.4582088932722286],[120.88488578796387,-2.4582088932722286],[120.8851432800293,-2.458551900046672],[120.88445663452148,-2.4593236649667745],[120.88385581970215,-2.4592379133310374],[120.8836841583252,-2.459409416597012],[120.88385581970215,-2.4597524230628096],[120.88497161865234,-2.4596666714546274],[120.88600158691406,-2.4600096778542593],[120.88677406311035,-2.459838174665464],[120.88728904724121,-2.4601811810209995],[120.8869457244873,-2.461038696523829],[120.88754653930664,-2.4612101995582094],[120.88797569274902,-2.4617247085289335],[120.88943481445312,-2.4618962114750502],[120.88960647583008,-2.462067714399069],[120.88960647583008,-2.4630967314796948],[120.8906364440918,-2.4640399964385864],[120.89346885681152,-2.4628394772840494],[120.89372634887695,-2.4623249687437436],[120.89415550231934,-2.462153465852822],[120.89406967163086,-2.461810460004756],[120.89372634887695,-2.461810460004756],[120.89346885681152,-2.4612101995582094],[120.89381217956543,-2.460952944998354],[120.89458465576172,-2.4616389570476116],[120.89509963989258,-2.461038696523829],[120.89492797851562,-2.4606956903888744],[120.89527130126953,-2.4606956903888744],[120.89552879333496,-2.461381702570506],[120.89475631713867,-2.462582223038737],[120.8950138092041,-2.4629252286881353],[120.89707374572754,-2.462582223038737],[120.8975887298584,-2.461381702570506],[120.8979320526123,-2.4612959510671146],[120.89844703674316,-2.4616389570476116],[120.89896202087402,-2.4616389570476116],[120.89887619018555,-2.4623249687437436],[120.89921951293945,-2.462496471612596],[120.89990615844727,-2.462582223038737],[120.90119361877441,-2.4619819629398165],[120.90127944946289,-2.4623249687437436],[120.90093612670898,-2.4628394772840494],[120.90205192565918,-2.4635254883620092],[120.9034252166748,-2.4628394772840494],[120.90376853942871,-2.4629252286881353],[120.90411186218262,-2.46369699107629],[120.90428352355957,-2.4637827424251526],[120.90462684631348,-2.463353985625659],[120.9048843383789,-2.4635254883620092],[120.90462684631348,-2.4639542451062937],[120.90497016906738,-2.4642972504023106],[120.90531349182129,-2.463439736996591],[120.90582847595215,-2.4630967314796948],[120.90582847595215,-2.463868493768487],[120.90617179870605,-2.4640399964385864],[120.90694427490234,-2.4639542451062937],[120.9071159362793,-2.4643830017125197],[120.90642929077148,-2.464983260729227],[120.90703010559082,-2.4656692707025485],[120.90634346008301,-2.4660980267562707]]}},{"type":"Feature","id":"pmtiles:10/856/518:mountain_peak:10701593291:0","properties":{"name_int":"Torukuno Watumoraa","name_de":"Torukuno Watumoraa","name":"Torukuno Watumoraa","rank":2,"class":"peak","name:latin":"Torukuno Watumoraa","name_en":"Torukuno Watumoraa","kind":"poi","verification":"verified","source":"OpenMapTiles/OpenStreetMap national PMTiles","sourceId":"10/856/518:mountain_peak:10701593291:0","sourceLayer":"mountain_peak","archive":"https://its.hanifahseptiani45.workers.dev/v1/map/archive/indonesia.pmtiles","updatedAt":"2026-07-26T09:42:48.136Z"},"geometry":{"type":"Point","coordinates":[120.85081100463867,-2.24630009275549]}},{"type":"Feature","id":"pmtiles:10/856/518:mountain_peak:10701593871:0","properties":{"name_int":"Buyu Latoti","name_de":"Buyu Latoti","name":"Buyu Latoti","rank":1,"class":"peak","name:latin":"Buyu Latoti","name_en":"Buyu Latoti","kind":"poi","verification":"verified","source":"OpenMapTiles/OpenStreetMap national PMTiles","sourceId":"10/856/518:mountain_peak:10701593871:0","sourceLayer":"mountain_peak","archive":"https://its.hanifahseptiani45.workers.dev/v1/map/archive/indonesia.pmtiles","updatedAt":"2026-07-26T09:42:48.136Z"},"geometry":{"type":"Point","coordinates":[120.89037895202637,-2.360877206396779]}},{"type":"Feature","id":"pmtiles:10/856/518:mountain_peak:10701635161:0","properties":{"name_int":"Torukuno We","name_de":"Torukuno We","name":"Torukuno We","rank":2,"class":"peak","name:latin":"Torukuno We","name_en":"Torukuno We","kind":"poi","verification":"verified","source":"OpenMapTiles/OpenStreetMap national PMTiles","sourceId":"10/856/518:mountain_peak:10701635161:0","sourceLayer":"mountain_peak","archive":"https://its.hanifahseptiani45.workers.dev/v1/map/archive/indonesia.pmtiles","updatedAt":"2026-07-26T09:42:48.136Z"},"geometry":{"type":"Point","coordinates":[120.92737197875977,-2.249216090784202]}},{"type":"Feature","id":"pmtiles:10/856/518:mountain_peak:10701717031:0","properties":{"name_int":"Buyu Tamungkupetoya","name_de":"Buyu Tamungkupetoya","name":"Buyu Tamungkupetoya","rank":3,"class":"peak","name:latin":"Buyu Tamungkupetoya","name_en":"Buyu Tamungkupetoya","kind":"poi","verification":"verified","source":"OpenMapTiles/OpenStreetMap national PMTiles","sourceId":"10/856/518:mountain_peak:10701717031:0","sourceLayer":"mountain_peak","archive":"https://its.hanifahseptiani45.workers.dev/v1/map/archive/indonesia.pmtiles","updatedAt":"2026-07-26T09:42:48.136Z"},"geometry":{"type":"Point","coordinates":[120.91303825378418,-2.2751167577574734]}},{"type":"Feature","id":"pmtiles:10/854/519:mountain_peak:10701588721:0","properties":{"name_int":"Buyu Pangka","name_de":"Buyu Pangka","name":"Buyu Pangka","rank":1,"class":"peak","name:latin":"Buyu Pangka","name_en":"Buyu Pangka","kind":"poi","verification":"verified","source":"OpenMapTiles/OpenStreetMap national PMTiles","sourceId":"10/854/519:mountain_peak:10701588721:0","sourceLayer":"mountain_peak","archive":"https://its.hanifahseptiani45.workers.dev/v1/map/archive/indonesia.pmtiles","updatedAt":"2026-07-26T09:42:57.162Z"},"geometry":{"type":"Point","coordinates":[120.61400413513184,-2.4233932492355024]}},{"type":"Feature","id":"pmtiles:10/855/519:mountain_peak:10701588721:0","properties":{"name_int":"Buyu Pangka","name_de":"Buyu Pangka","name":"Buyu Pangka","rank":1,"class":"peak","name:latin":"Buyu Pangka","name_en":"Buyu Pangka","kind":"poi","verification":"verified","source":"OpenMapTiles/OpenStreetMap national PMTiles","sourceId":"10/855/519:mountain_peak:10701588721:0","sourceLayer":"mountain_peak","archive":"https://its.hanifahseptiani45.workers.dev/v1/map/archive/indonesia.pmtiles","updatedAt":"2026-07-26T09:42:57.225Z"},"geometry":{"type":"Point","coordinates":[120.61400413513184,-2.4233932492355024]}},{"type":"Feature","id":"pmtiles:10/855/519:mountain_peak:10701610131:0","properties":{"name_int":"Buyu Poende","name_de":"Buyu Poende","name":"Buyu Poende","rank":3,"class":"peak","name:latin":"Buyu Poende","name_en":"Buyu Poende","kind":"poi","verification":"verified","source":"OpenMapTiles/OpenStreetMap national PMTiles","sourceId":"10/855/519:mountain_peak:10701610131:0","sourceLayer":"mountain_peak","archive":"https://its.hanifahseptiani45.workers.dev/v1/map/archive/indonesia.pmtiles","updatedAt":"2026-07-26T09:42:57.225Z"},"geometry":{"type":"Point","coordinates":[120.72970390319824,-2.444488550138729]}},{"type":"Feature","id":"pmtiles:10/855/519:mountain_peak:10701610571:0","properties":{"name_int":"Buyu Mobalaba","name_de":"Buyu Mobalaba","name":"Buyu Mobalaba","rank":4,"class":"peak","name:latin":"Buyu Mobalaba","name_en":"Buyu Mobalaba","kind":"poi","verification":"verified","source":"OpenMapTiles/OpenStreetMap national PMTiles","sourceId":"10/855/519:mountain_peak:10701610571:0","sourceLayer":"mountain_peak","archive":"https://its.hanifahseptiani45.workers.dev/v1/map/archive/indonesia.pmtiles","updatedAt":"2026-07-26T09:42:57.225Z"},"geometry":{"type":"Point","coordinates":[120.69374084472656,-2.4217639236659636]}},{"type":"Feature","id":"pmtiles:10/855/519:waterway:3506251310:0","properties":{"name":"Sungai Angkona","name_int":"Sungai Angkona","class":"river","name:latin":"Sungai Angkona","name_de":"Sungai Angkona","name_en":"Sungai Angkona","waterway":"river","kind":"waterway","verification":"verified","source":"OpenMapTiles/OpenStreetMap national PMTiles","sourceId":"10/855/519:waterway:3506251310:0","sourceLayer":"waterway","archive":"https://its.hanifahseptiani45.workers.dev/v1/map/archive/indonesia.pmtiles","updatedAt":"2026-07-26T09:42:57.226Z"},"geometry":{"type":"LineString","coordinates":[[120.87939262390137,-2.454350060988304],[120.87973594665527,-2.4548645726034977],[120.88007926940918,-2.4547788206813976],[120.88033676147461,-2.4540928051064554]]}},{"type":"Feature","id":"pmtiles:8/213/129:landcover:78052210:2","properties":{"subclass":"wood","class":"wood","kind":"green","verification":"verified","source":"OpenMapTiles/OpenStreetMap national PMTiles","sourceId":"8/213/129:landcover:78052210:2","sourceLayer":"landcover","archive":"https://its.hanifahseptiani45.workers.dev/v1/map/archive/indonesia.pmtiles","updatedAt":"2026-07-26T09:35:35.827Z"},"geometry":{"type":"Polygon","coordinates":[[[120.95947265625,-2.4042699890874673],[120.95569610595703,-2.407700190065441],[120.93921661376953,-2.399124671457173],[120.92514038085938,-2.4059850906550366],[120.90831756591797,-2.396723516602009],[120.89595794677734,-2.4008397794870007],[120.89183807373047,-2.4052990502867715],[120.88497161865234,-2.4059850906550366],[120.88359832763672,-2.4083862292252576],[120.8829116821289,-2.398438627642861],[120.87638854980469,-2.396723516602009],[120.87810516357422,-2.390892122998764],[120.87535858154297,-2.3891770025143444],[120.86814880371094,-2.392950264750297],[120.86196899414062,-2.387461879887809],[120.85990905761719,-2.3888339781603634],[120.85132598876953,-2.3867758302377524],[120.8492660522461,-2.3823164991707984],[120.85029602050781,-2.3785432077581277],[120.84823608398438,-2.3795722882586574],[120.84789276123047,-2.3778571536645785],[120.8444595336914,-2.3778571536645785],[120.84136962890625,-2.3823164991707984],[120.8382797241211,-2.3823164991707984],[120.83621978759766,-2.3806013679911047],[120.83724975585938,-2.3768280718846597],[120.8331298828125,-2.3771710992298978],[120.83038330078125,-2.3727117370964805],[120.8169937133789,-2.371682651483951],[120.81356048583984,-2.374769906023616],[120.81012725830078,-2.3723687086440464],[120.80429077148438,-2.3723687086440464],[120.79948425292969,-2.3661941819628822],[120.7891845703125,-2.366880241842125],[120.79090118408203,-2.365508121744199],[120.78781127929688,-2.364136000288852],[120.79021453857422,-2.362763877476894],[120.78746795654297,-2.3631069083070315],[120.78575134277344,-2.3579614369629667],[120.7840347290039,-2.359676596193907],[120.78437805175781,-2.356932340409486],[120.78781127929688,-2.3572753726785294],[120.7888412475586,-2.3552171777965754],[120.79673767089844,-2.3579614369629667],[120.79845428466797,-2.3531589798736974],[120.80188751220703,-2.352129879772747],[120.80188751220703,-2.3493856091259886],[120.79845428466797,-2.3456122281826453],[120.79776763916016,-2.3408097286257856],[120.78643798828125,-2.343897051660562],[120.78025817871094,-2.341152764854513],[120.77888488769531,-2.3288034078165083],[120.78231811523438,-2.331204680180605],[120.78163146972656,-2.3264021313597],[120.78300476074219,-2.3260590915320165],[120.77682495117188,-2.3233147699082224],[120.77716827392578,-2.321256525190279],[120.76858520507812,-2.3143956878324445],[120.76961517333984,-2.311651343586817],[120.77373504638672,-2.309250038018874],[120.77133178710938,-2.3071917728731535],[120.77201843261719,-2.3044474147119303],[120.76652526855469,-2.2948421195317934],[120.76446533203125,-2.2944990720802707],[120.76652526855469,-2.289696399123443],[120.76995849609375,-2.288324203892074],[120.7672119140625,-2.2828354098423773],[120.76858520507812,-2.2794049029137966],[120.77751159667969,-2.275288283808692],[120.77133178710938,-2.2763174396875314],[120.77339172363281,-2.268770279533456],[120.77579498291016,-2.2663689021276383],[120.78987121582031,-2.265339739162684],[120.7888412475586,-2.2588216900830957],[120.79570770263672,-2.257106409144882],[120.79330444335938,-2.251960554192607],[120.7891845703125,-2.24887303249497],[120.79261779785156,-2.244756326736038],[120.79055786132812,-2.2440702079817356],[120.79055786132812,-2.2385812463648165],[120.80497741699219,-2.22520181640769],[120.8389663696289,-2.218340523138238],[120.87295532226562,-2.2190266538990784],[120.94951629638672,-2.2310338905883214],[120.95947265625,-2.2341214499130615],[120.95947265625,-2.4042699890874673]]]}},{"type":"Feature","id":"pmtiles:8/213/129:mountain_peak:10701551991:0","properties":{"name_int":"Buyu Sangia","name_de":"Buyu Sangia","name":"Buyu Sangia","rank":2,"class":"peak","name:latin":"Buyu Sangia","name_en":"Buyu Sangia","kind":"poi","verification":"verified","source":"OpenMapTiles/OpenStreetMap national PMTiles","sourceId":"8/213/129:mountain_peak:10701551991:0","sourceLayer":"mountain_peak","archive":"https://its.hanifahseptiani45.workers.dev/v1/map/archive/indonesia.pmtiles","updatedAt":"2026-07-26T09:35:35.832Z"},"geometry":{"type":"Point","coordinates":[120.63159942626953,-2.3071917728731535]}},{"type":"Feature","id":"pmtiles:8/213/129:mountain_peak:10701565591:0","properties":{"name_int":"Buyu Pobala","name_de":"Buyu Pobala","name":"Buyu Pobala","rank":3,"class":"peak","name:latin":"Buyu Pobala","name_en":"Buyu Pobala","kind":"poi","verification":"verified","source":"OpenMapTiles/OpenStreetMap national PMTiles","sourceId":"8/213/129:mountain_peak:10701565591:0","sourceLayer":"mountain_peak","archive":"https://its.hanifahseptiani45.workers.dev/v1/map/archive/indonesia.pmtiles","updatedAt":"2026-07-26T09:35:35.832Z"},"geometry":{"type":"Point","coordinates":[120.80841064453125,-2.352472913224105]}},{"type":"Feature","id":"pmtiles:8/213/129:mountain_peak:10701572471:0","properties":{"name_int":"Buyu Pangkowanya","name_de":"Buyu Pangkowanya","name":"Buyu Pangkowanya","rank":5,"class":"peak","name:latin":"Buyu Pangkowanya","name_en":"Buyu Pangkowanya","kind":"poi","verification":"verified","source":"OpenMapTiles/OpenStreetMap national PMTiles","sourceId":"8/213/129:mountain_peak:10701572471:0","sourceLayer":"mountain_peak","archive":"https://its.hanifahseptiani45.workers.dev/v1/map/archive/indonesia.pmtiles","updatedAt":"2026-07-26T09:35:35.832Z"},"geometry":{"type":"Point","coordinates":[120.68172454833984,-2.3270882107647424]}},{"type":"Feature","id":"pmtiles:8/213/129:mountain_peak:10701588721:0","properties":{"name_int":"Buyu Pangka","name_de":"Buyu Pangka","name":"Buyu Pangka","rank":3,"class":"peak","name:latin":"Buyu Pangka","name_en":"Buyu Pangka","kind":"poi","verification":"verified","source":"OpenMapTiles/OpenStreetMap national PMTiles","sourceId":"8/213/129:mountain_peak:10701588721:0","sourceLayer":"mountain_peak","archive":"https://its.hanifahseptiani45.workers.dev/v1/map/archive/indonesia.pmtiles","updatedAt":"2026-07-26T09:35:35.832Z"},"geometry":{"type":"Point","coordinates":[120.61408996582031,-2.4234790031585334]}},{"type":"Feature","id":"pmtiles:8/213/129:park:78052213:0","properties":{"name":"Cagar Alam Faruhumpenai","name_int":"Faruhumpenai Nature Reserve","class":"protected_area","name:latin":"Cagar Alam Faruhumpenai","name_de":"Cagar Alam Faruhumpenai","name_en":"Faruhumpenai Nature Reserve","kind":"green","verification":"verified","source":"OpenMapTiles/OpenStreetMap national PMTiles","sourceId":"8/213/129:park:78052213:0","sourceLayer":"park","archive":"https://its.hanifahseptiani45.workers.dev/v1/map/archive/indonesia.pmtiles","updatedAt":"2026-07-26T09:35:35.833Z"},"geometry":{"type":"Polygon","coordinates":[[[120.95947265625,-2.4032409271121224],[120.95878601074219,-2.4035839478567738],[120.95706939697266,-2.407700190065441],[120.95569610595703,-2.407700190065441],[120.95054626464844,-2.4035839478567738],[120.9488296508789,-2.4042699890874673],[120.94573974609375,-2.4032409271121224],[120.9429931640625,-2.401182800834704],[120.93955993652344,-2.4004967580531797],[120.93921661376953,-2.399124671457173],[120.93475341796875,-2.3998107149273125],[120.93372344970703,-2.401868843271771],[120.9316635131836,-2.4022118643610924],[120.92788696289062,-2.404956029973249],[120.92514038085938,-2.4059850906550366],[120.92033386230469,-2.403926968515222],[120.91655731201172,-2.4008397794870007],[120.91381072998047,-2.4008397794870007],[120.91175079345703,-2.3998107149273125],[120.9096908569336,-2.397066538982145],[120.90831756591797,-2.396723516602009],[120.90625762939453,-2.398781649593019],[120.90110778808594,-2.399124671457173],[120.89595794677734,-2.4008397794870007],[120.89183807373047,-2.4052990502867715],[120.88943481445312,-2.4066711306781343],[120.88497161865234,-2.4059850906550366],[120.88359832763672,-2.4083862292252576],[120.88325500488281,-2.403926968515222],[120.88394165039062,-2.4028979062812965],[120.8829116821289,-2.398438627642861],[120.88119506835938,-2.399124671457173],[120.88153839111328,-2.3980956056066702],[120.87982177734375,-2.39638049413594],[120.87638854980469,-2.396723516602009],[120.87604522705078,-2.3943223575350743],[120.87810516357422,-2.390892122998764],[120.87535858154297,-2.3891770025143444],[120.87329864501953,-2.3888339781603634],[120.87158203125,-2.3898630509652605],[120.8712387084961,-2.391578170592396],[120.86814880371094,-2.392950264750297],[120.8660888671875,-2.3905490990733256],[120.86231231689453,-2.389520026782648],[120.86196899414062,-2.387461879887809],[120.860595703125,-2.3878049045844136],[120.85990905761719,-2.3888339781603634],[120.85716247558594,-2.388147929195398],[120.8551025390625,-2.3864328052843007],[120.85132598876953,-2.3867758302377524],[120.8492660522461,-2.3823164991707984],[120.85029602050781,-2.380258341498987],[120.85029602050781,-2.3785432077581277],[120.84823608398438,-2.3795722882586574],[120.84789276123047,-2.3778571536645785],[120.84583282470703,-2.3785432077581277],[120.8444595336914,-2.3778571536645785],[120.84205627441406,-2.380258341498987],[120.84239959716797,-2.381287420719204],[120.84136962890625,-2.3823164991707984],[120.8382797241211,-2.3823164991707984],[120.83621978759766,-2.3806013679911047],[120.83793640136719,-2.378886234676969],[120.83724975585938,-2.3768280718846597],[120.8331298828125,-2.3771710992298978],[120.83209991455078,-2.374426878081948],[120.83038330078125,-2.3737408219431444],[120.83038330078125,-2.3727117370964805],[120.82592010498047,-2.372025680106532],[120.82523345947266,-2.373054765463806],[120.82386016845703,-2.373054765463806],[120.8169937133789,-2.371682651483951],[120.81424713134766,-2.373054765463806],[120.81356048583984,-2.374769906023616],[120.81012725830078,-2.3723687086440464],[120.80429077148438,-2.3723687086440464],[120.80326080322266,-2.3692814487448857],[120.80154418945312,-2.3699675070953816],[120.79948425292969,-2.3661941819628822],[120.79364776611328,-2.367566301381814],[120.7891845703125,-2.366880241842125],[120.79090118408203,-2.365508121744199],[120.7888412475586,-2.365508121744199],[120.7895278930664,-2.3644790307799184],[120.78781127929688,-2.364136000288852],[120.79021453857422,-2.362763877476894],[120.78746795654297,-2.3631069083070315],[120.78781127929688,-2.360362659293955],[120.78575134277344,-2.3579614369629667],[120.7840347290039,-2.359676596193907],[120.78437805175781,-2.356932340409486],[120.78781127929688,-2.3572753726785294],[120.7888412475586,-2.3552171777965754],[120.794677734375,-2.3579614369629667],[120.79673767089844,-2.3579614369629667],[120.79811096191406,-2.3572753726785294],[120.79879760742188,-2.354531112160032],[120.79845428466797,-2.3531589798736974],[120.80188751220703,-2.352129879772747],[120.80188751220703,-2.3493856091259886],[120.79845428466797,-2.3456122281826453],[120.79776763916016,-2.3408097286257856],[120.79708099365234,-2.3408097286257856],[120.79605102539062,-2.342867944738444],[120.78643798828125,-2.343897051660562],[120.78025817871094,-2.341152764854513],[120.77922821044922,-2.3390945462230235],[120.77991485595703,-2.3353211375565763],[120.7781982421875,-2.331890757246626],[120.77957153320312,-2.3301755639545547],[120.77888488769531,-2.3288034078165083],[120.77957153320312,-2.328460368573161],[120.78231811523438,-2.331204680180605],[120.78163146972656,-2.3264021313597],[120.7833480834961,-2.3270882107647424],[120.78300476074219,-2.3260590915320165],[120.77682495117188,-2.3233147699082224],[120.77716827392578,-2.321256525190279],[120.76858520507812,-2.3143956878324445],[120.76961517333984,-2.311651343586817],[120.77373504638672,-2.309250038018874],[120.77133178710938,-2.3071917728731535],[120.77201843261719,-2.3044474147119303],[120.76892852783203,-2.3017030512609153],[120.76652526855469,-2.2948421195317934],[120.76446533203125,-2.2944990720802707],[120.76480865478516,-2.291754689506476],[120.76652526855469,-2.289696399123443],[120.76892852783203,-2.289353350438759],[120.76995849609375,-2.288324203892074],[120.7672119140625,-2.2828354098423773],[120.76858520507812,-2.2794049029137966],[120.77751159667969,-2.275288283808692],[120.77510833740234,-2.274945231685848],[120.7730484008789,-2.2766604914838666],[120.77133178710938,-2.2763174396875314],[120.77339172363281,-2.268770279533456],[120.77579498291016,-2.2663689021276383],[120.78609466552734,-2.266711956286727],[120.78678131103516,-2.264310575466453],[120.78781127929688,-2.2656827935656025],[120.78987121582031,-2.265339739162684],[120.7888412475586,-2.2588216900830957],[120.79570770263672,-2.257106409144882],[120.79330444335938,-2.251960554192607],[120.7891845703125,-2.24887303249497],[120.7891845703125,-2.247157739839153],[120.79090118408203,-2.2464716222125247],[120.79261779785156,-2.244756326736038],[120.79055786132812,-2.2440702079817356],[120.79158782958984,-2.2413257297458813],[120.79021453857422,-2.2396104282352667],[120.79055786132812,-2.2385812463648165],[120.79742431640625,-2.2341214499130615],[120.80497741699219,-2.22520181640769],[120.8389663696289,-2.218340523138238],[120.85372924804688,-2.2179974576384467],[120.87295532226562,-2.2190266538990784],[120.93406677246094,-2.2279463247815414],[120.94951629638672,-2.2310338905883214],[120.95947265625,-2.233435326179304],[120.95947265625,-2.4032409271121224]]]}},{"type":"Feature","id":"pmtiles:8/213/129:transportation_name:1740855120:0","properties":{"name":"Jalan Poros Tarengge - Batas Prov. Sulteng","name_int":"Jalan Poros Tarengge - Batas Prov. Sulteng","class":"trunk","name:latin":"Jalan Poros Tarengge - Batas Prov. Sulteng","name_de":"Jalan Poros Tarengge - Batas Prov. Sulteng","name_en":"Jalan Poros Tarengge - Batas Prov. Sulteng","highway":"trunk","kind":"road","verification":"verified","source":"OpenMapTiles/OpenStreetMap national PMTiles","sourceId":"8/213/129:transportation_name:1740855120:0","sourceLayer":"transportation_name","archive":"https://its.hanifahseptiani45.workers.dev/v1/map/archive/indonesia.pmtiles","updatedAt":"2026-07-26T09:35:35.841Z"},"geometry":{"type":"LineString","coordinates":[[120.79776763916016,-2.341152764854513],[120.7950210571289,-2.3425249089296614],[120.794677734375,-2.3408097286257856],[120.79227447509766,-2.3432109804631978],[120.78678131103516,-2.343897051660562],[120.78266143798828,-2.342867944738444],[120.77991485595703,-2.3408097286257856],[120.77991485595703,-2.336350250016835],[120.78094482421875,-2.335664175127107],[120.7781982421875,-2.332233795654176],[120.77991485595703,-2.3301755639545547],[120.78025817871094,-2.3288034078165083],[120.77957153320312,-2.328460368573161],[120.78094482421875,-2.328460368573161],[120.78266143798828,-2.3329198722183406],[120.78300476074219,-2.330518602780174],[120.78163146972656,-2.328460368573161],[120.7833480834961,-2.3301755639545547],[120.78506469726562,-2.3291464469763383],[120.78369140625,-2.3288034078165083],[120.78266143798828,-2.3270882107647424],[120.78369140625,-2.3281173292462967],[120.78369140625,-2.3260590915320165],[120.77888488769531,-2.3233147699082224],[120.76927185058594,-2.3143956878324445],[120.76961517333984,-2.3119943869078554],[120.77407836914062,-2.309250038018874],[120.77133178710938,-2.307534817271062],[120.7723617553711,-2.3058195944541637],[120.77133178710938,-2.304790459771496],[120.77167510986328,-2.3037613243448476],[120.76858520507812,-2.300330867553697],[120.7668685913086,-2.2948421195317934],[120.76549530029297,-2.2955282141878968],[120.76583862304688,-2.2944990720802707],[120.76480865478516,-2.2938129769303686],[120.76652526855469,-2.290039447725988],[120.7675552368164,-2.291754689506476],[120.76824188232422,-2.289353350438759],[120.76995849609375,-2.289010301671965],[120.76995849609375,-2.287295056606723],[120.7675552368164,-2.283178460085111],[120.76858520507812,-2.2797479539747627],[120.7778549194336,-2.275631335849937],[120.77613830566406,-2.274945231685848],[120.77442169189453,-2.2763174396875314],[120.77133178710938,-2.2763174396875314],[120.77201843261719,-2.2722008117666377],[120.77339172363281,-2.2715147059715974],[120.77201843261719,-2.270485546668027],[120.77407836914062,-2.2677411182761062],[120.77922821044922,-2.2663689021276383],[120.77922821044922,-2.2656827935656025],[120.78060150146484,-2.266711956286727],[120.78300476074219,-2.2670550103645013],[120.78369140625,-2.2660258478872635],[120.78540802001953,-2.2670550103645013],[120.78575134277344,-2.2663689021276383],[120.78849792480469,-2.2670550103645013],[120.78643798828125,-2.264310575466453],[120.78815460205078,-2.2656827935656025],[120.78987121582031,-2.264653630113102],[120.79021453857422,-2.2636244659295244],[120.78849792480469,-2.261909190666586],[120.7891845703125,-2.2581355779507817],[120.79227447509766,-2.2581355779507817],[120.79570770263672,-2.256763352714316],[120.79570770263672,-2.2553911261827153],[120.79330444335938,-2.2533327839586406],[120.79364776611328,-2.251960554192607],[120.7891845703125,-2.249559148992759],[120.7891845703125,-2.247157739839153],[120.79090118408203,-2.247157739839153],[120.79261779785156,-2.244413267399139],[120.79055786132812,-2.2440702079817356],[120.79227447509766,-2.2416687898068517],[120.79021453857422,-2.2399534886980916],[120.79090118408203,-2.2389243070686007],[120.79021453857422,-2.2385812463648165],[120.79021453857422,-2.235836757844851],[120.78781127929688,-2.236865941641639],[120.78746795654297,-2.236179819190653],[120.78609466552734,-2.2389243070686007],[120.78506469726562,-2.2385812463648165]]}},{"type":"Feature","id":"pmtiles:8/213/129:transportation_name:1740855120:1","properties":{"name":"Jalan Poros Tarengge - Batas Prov. Sulteng","name_int":"Jalan Poros Tarengge - Batas Prov. Sulteng","class":"trunk","name:latin":"Jalan Poros Tarengge - Batas Prov. Sulteng","name_de":"Jalan Poros Tarengge - Batas Prov. Sulteng","name_en":"Jalan Poros Tarengge - Batas Prov. Sulteng","highway":"trunk","kind":"road","verification":"verified","source":"OpenMapTiles/OpenStreetMap national PMTiles","sourceId":"8/213/129:transportation_name:1740855120:1","sourceLayer":"transportation_name","archive":"https://its.hanifahseptiani45.workers.dev/v1/map/archive/indonesia.pmtiles","updatedAt":"2026-07-26T09:35:35.841Z"},"geometry":{"type":"LineString","coordinates":[[120.80188751220703,-2.413188493664748],[120.80257415771484,-2.4114734011675694],[120.80223083496094,-2.407700190065441],[120.8005142211914,-2.403926968515222],[120.79639434814453,-2.4028979062812965],[120.79330444335938,-2.397409561276305],[120.79330444335938,-2.39569444894596],[120.79124450683594,-2.3936363113143813],[120.79296112060547,-2.390206075062153],[120.79330444335938,-2.385746755120678],[120.794677734375,-2.3864328052843007],[120.7950210571289,-2.384031628214501],[120.79605102539062,-2.3833455768534435],[120.79742431640625,-2.384374653766784],[120.80120086669922,-2.3836886025767114],[120.79914093017578,-2.3833455768534435],[120.79536437988281,-2.3809443943978437],[120.79364776611328,-2.3775141264898707],[120.79364776611328,-2.374769906023616],[120.79193115234375,-2.373054765463806],[120.79055786132812,-2.374083850055129],[120.79055786132812,-2.3727117370964805],[120.79227447509766,-2.3723687086440464],[120.79296112060547,-2.3737408219431444],[120.794677734375,-2.3733977937460367],[120.79570770263672,-2.369624477962617],[120.794677734375,-2.368252360581863],[120.79570770263672,-2.367566301381814],[120.7943344116211,-2.3679093310243076],[120.79193115234375,-2.3661941819628822],[120.7895278930664,-2.366880241842125],[120.79158782958984,-2.365508121744199],[120.79055786132812,-2.364822061186146],[120.7888412475586,-2.365165091507592],[120.79090118408203,-2.3644790307799184],[120.78815460205078,-2.364822061186146],[120.7891845703125,-2.3637929697130176],[120.79090118408203,-2.3634499390524155],[120.79296112060547,-2.3644790307799184],[120.78987121582031,-2.3624208465620313],[120.78815460205078,-2.3624208465620313],[120.78781127929688,-2.3634499390524155],[120.78849792480469,-2.360705690717012],[120.78575134277344,-2.3579614369629667],[120.7840347290039,-2.3593335645169162],[120.78472137451172,-2.3572753726785294],[120.78712463378906,-2.357618404863018],[120.7891845703125,-2.355560210488136],[120.7950210571289,-2.3583044689783463],[120.79845428466797,-2.3572753726785294],[120.79811096191406,-2.3559032430952414],[120.79914093017578,-2.354531112160032],[120.79845428466797,-2.3531589798736974],[120.80154418945312,-2.3531589798736974],[120.80223083496094,-2.3504147112508207],[120.80120086669922,-2.3469843678861224],[120.79879760742188,-2.3456122281826453],[120.79811096191406,-2.341152764854513]]}},{"type":"Feature","id":"pmtiles:8/214/129:mountain_peak:10701551991:0","properties":{"name_int":"Buyu Sangia","name_de":"Buyu Sangia","name":"Buyu Sangia","rank":2,"class":"peak","name:latin":"Buyu Sangia","name_en":"Buyu Sangia","kind":"poi","verification":"verified","source":"OpenMapTiles/OpenStreetMap national PMTiles","sourceId":"8/214/129:mountain_peak:10701551991:0","sourceLayer":"mountain_peak","archive":"https://its.hanifahseptiani45.workers.dev/v1/map/archive/indonesia.pmtiles","updatedAt":"2026-07-26T09:35:35.917Z"},"geometry":{"type":"Point","coordinates":[120.63159942626953,-2.3071917728731535]}},{"type":"Feature","id":"pmtiles:8/214/129:mountain_peak:10701565591:0","properties":{"name_int":"Buyu Pobala","name_de":"Buyu Pobala","name":"Buyu Pobala","rank":3,"class":"peak","name:latin":"Buyu Pobala","name_en":"Buyu Pobala","kind":"poi","verification":"verified","source":"OpenMapTiles/OpenStreetMap national PMTiles","sourceId":"8/214/129:mountain_peak:10701565591:0","sourceLayer":"mountain_peak","archive":"https://its.hanifahseptiani45.workers.dev/v1/map/archive/indonesia.pmtiles","updatedAt":"2026-07-26T09:35:35.917Z"},"geometry":{"type":"Point","coordinates":[120.80841064453125,-2.352472913224105]}},{"type":"Feature","id":"pmtiles:8/214/129:mountain_peak:10701572471:0","properties":{"name_int":"Buyu Pangkowanya","name_de":"Buyu Pangkowanya","name":"Buyu Pangkowanya","rank":5,"class":"peak","name:latin":"Buyu Pangkowanya","name_en":"Buyu Pangkowanya","kind":"poi","verification":"verified","source":"OpenMapTiles/OpenStreetMap national PMTiles","sourceId":"8/214/129:mountain_peak:10701572471:0","sourceLayer":"mountain_peak","archive":"https://its.hanifahseptiani45.workers.dev/v1/map/archive/indonesia.pmtiles","updatedAt":"2026-07-26T09:35:35.917Z"},"geometry":{"type":"Point","coordinates":[120.68172454833984,-2.3270882107647424]}},{"type":"Feature","id":"pmtiles:8/214/129:mountain_peak:10701588721:0","properties":{"name_int":"Buyu Pangka","name_de":"Buyu Pangka","name":"Buyu Pangka","rank":3,"class":"peak","name:latin":"Buyu Pangka","name_en":"Buyu Pangka","kind":"poi","verification":"verified","source":"OpenMapTiles/OpenStreetMap national PMTiles","sourceId":"8/214/129:mountain_peak:10701588721:0","sourceLayer":"mountain_peak","archive":"https://its.hanifahseptiani45.workers.dev/v1/map/archive/indonesia.pmtiles","updatedAt":"2026-07-26T09:35:35.917Z"},"geometry":{"type":"Point","coordinates":[120.61408996582031,-2.4234790031585334]}}]}