{"type":"FeatureCollection","features":[{"type":"Feature","id":"pmtiles:10/803/515:landuse:80349020:24","properties":{"class":"residential","kind":"green","verification":"verified","source":"OpenMapTiles/OpenStreetMap national PMTiles","sourceId":"10/803/515:landuse:80349020:24","sourceLayer":"landuse","archive":"https://its.hanifahseptiani45.workers.dev/v1/map/archive/indonesia.pmtiles","updatedAt":"2026-07-26T09:42:04.397Z"},"geometry":{"type":"Polygon","coordinates":[[[102.41180419921875,-1.4091978077401848],[102.41154670715332,-1.4116003389233214],[102.40880012512207,-1.4116003389233214],[102.40742683410645,-1.4099700501766677],[102.41060256958008,-1.4084255650476507],[102.41180419921875,-1.4091978077401848]]]}},{"type":"Feature","id":"pmtiles:10/803/515:mountain_peak:95100489321:0","properties":{"name_int":"Bukit Tangkip","ele_ft":187,"name_de":"Bukit Tangkip","name":"Bukit Tangkip","rank":1,"class":"peak","ele":57,"name:latin":"Bukit Tangkip","name_en":"Bukit Tangkip","kind":"poi","verification":"verified","source":"OpenMapTiles/OpenStreetMap national PMTiles","sourceId":"10/803/515:mountain_peak:95100489321:0","sourceLayer":"mountain_peak","archive":"https://its.hanifahseptiani45.workers.dev/v1/map/archive/indonesia.pmtiles","updatedAt":"2026-07-26T09:42:04.398Z"},"geometry":{"type":"Point","coordinates":[102.53746032714844,-1.4838467048913202]}},{"type":"Feature","id":"pmtiles:10/803/515:water:74095213:1","properties":{"intermittent":0,"class":"river","id":7409521,"water":"river","kind":"waterway","verification":"verified","source":"OpenMapTiles/OpenStreetMap national PMTiles","sourceId":"10/803/515:water:74095213:1","sourceLayer":"water","archive":"https://its.hanifahseptiani45.workers.dev/v1/map/archive/indonesia.pmtiles","updatedAt":"2026-07-26T09:42:04.399Z"},"geometry":{"type":"Polygon","coordinates":[[[102.43000030517578,-1.4116003389233214],[102.42802619934082,-1.4116003389233214],[102.42854118347168,-1.4107422923569715],[102.43008613586426,-1.4092836124679877],[102.43077278137207,-1.4092836124679877],[102.43257522583008,-1.4101416595722185],[102.4368667602539,-1.4107422923569715],[102.43841171264648,-1.4116003389233214],[102.43343353271484,-1.4116003389233214],[102.43206024169922,-1.4109139016955652],[102.43085861206055,-1.4109997063601156],[102.43000030517578,-1.4116003389233214]]]}},{"type":"Feature","id":"pmtiles:10/803/515:waterway:1973278080:1","properties":{"name":"Batang Hari","name_int":"Batang Hari","class":"river","name:latin":"Batang Hari","name_de":"Batang Hari","name_en":"Batang Hari","waterway":"river","kind":"waterway","verification":"verified","source":"OpenMapTiles/OpenStreetMap national PMTiles","sourceId":"10/803/515:waterway:1973278080:1","sourceLayer":"waterway","archive":"https://its.hanifahseptiani45.workers.dev/v1/map/archive/indonesia.pmtiles","updatedAt":"2026-07-26T09:42:04.399Z"},"geometry":{"type":"LineString","coordinates":[[102.42630958557129,-1.4164053938378487],[102.42897033691406,-1.4115145342809399],[102.4295711517334,-1.4109139016955652],[102.43077278137207,-1.4103132689551074],[102.43188858032227,-1.4103132689551074],[102.43575096130371,-1.4115145342809399],[102.4394416809082,-1.4133164311059119]]}},{"type":"Feature","id":"pmtiles:10/803/515:waterway:5607666490:1","properties":{"name":"Sungai Kilis Besar","name_int":"Sungai Kilis Besar","class":"river","name:latin":"Sungai Kilis Besar","name_de":"Sungai Kilis Besar","name_en":"Sungai Kilis Besar","waterway":"river","kind":"waterway","verification":"verified","source":"OpenMapTiles/OpenStreetMap national PMTiles","sourceId":"10/803/515:waterway:5607666490:1","sourceLayer":"waterway","archive":"https://its.hanifahseptiani45.workers.dev/v1/map/archive/indonesia.pmtiles","updatedAt":"2026-07-26T09:42:04.400Z"},"geometry":{"type":"LineString","coordinates":[[102.59076118469238,-1.4133164311059119],[102.58930206298828,-1.411257120334767],[102.58913040161133,-1.4113429249866698],[102.58930206298828,-1.4116861435625623]]}},{"type":"Feature","id":"pmtiles:10/803/515:waterway:5607666490:2","properties":{"name":"Sungai Kilis Besar","name_int":"Sungai Kilis Besar","class":"river","name:latin":"Sungai Kilis Besar","name_de":"Sungai Kilis Besar","name_en":"Sungai Kilis Besar","waterway":"river","kind":"waterway","verification":"verified","source":"OpenMapTiles/OpenStreetMap national PMTiles","sourceId":"10/803/515:waterway:5607666490:2","sourceLayer":"waterway","archive":"https://its.hanifahseptiani45.workers.dev/v1/map/archive/indonesia.pmtiles","updatedAt":"2026-07-26T09:42:04.400Z"},"geometry":{"type":"LineString","coordinates":[[102.58844375610352,-1.4119435574612282],[102.58861541748047,-1.411085511021497],[102.58707046508789,-1.4121151667111747]]}},{"type":"Feature","id":"pmtiles:10/803/515:waterway:5674659042:0","properties":{"name":"Sungai Cinio","name_int":"Sungai Cinio","class":"river","name:latin":"Sungai Cinio","name_de":"Sungai Cinio","name_en":"Sungai Cinio","waterway":"river","kind":"waterway","verification":"verified","source":"OpenMapTiles/OpenStreetMap national PMTiles","sourceId":"10/803/515:waterway:5674659042:0","sourceLayer":"waterway","archive":"https://its.hanifahseptiani45.workers.dev/v1/map/archive/indonesia.pmtiles","updatedAt":"2026-07-26T09:42:04.401Z"},"geometry":{"type":"LineString","coordinates":[[102.4995231628418,-1.40876878405372],[102.49960899353027,-1.4094552219141434],[102.49849319458008,-1.4113429249866698],[102.4984073638916,-1.4123725805623195]]}},{"type":"Feature","id":"pmtiles:10/802/516:landuse:88440830:12","properties":{"class":"residential","kind":"green","verification":"verified","source":"OpenMapTiles/OpenStreetMap national PMTiles","sourceId":"10/802/516:landuse:88440830:12","sourceLayer":"landuse","archive":"https://its.hanifahseptiani45.workers.dev/v1/map/archive/indonesia.pmtiles","updatedAt":"2026-07-26T09:42:14.966Z"},"geometry":{"type":"Polygon","coordinates":[[[102.30880737304688,-1.4775831568633038],[102.3101806640625,-1.4762103220563745],[102.3101806640625,-1.4780979696971883],[102.30975151062012,-1.4784411781867988],[102.30889320373535,-1.4784411781867988],[102.30880737304688,-1.4775831568633038]]]}},{"type":"Feature","id":"pmtiles:10/802/516:landuse:88440830:13","properties":{"class":"residential","kind":"green","verification":"verified","source":"OpenMapTiles/OpenStreetMap national PMTiles","sourceId":"10/802/516:landuse:88440830:13","sourceLayer":"landuse","archive":"https://its.hanifahseptiani45.workers.dev/v1/map/archive/indonesia.pmtiles","updatedAt":"2026-07-26T09:42:14.966Z"},"geometry":{"type":"Polygon","coordinates":[[[102.30563163757324,-1.60122051647663],[102.30975151062012,-1.5945283260484615],[102.30992317199707,-1.5910964250751078],[102.3101806640625,-1.5909248298764567],[102.3101806640625,-1.6001909501383693],[102.30923652648926,-1.5989897887571942],[102.30666160583496,-1.6018210966018103],[102.30563163757324,-1.60122051647663]]]}},{"type":"Feature","id":"pmtiles:10/802/516:landuse:88440830:14","properties":{"class":"residential","kind":"green","verification":"verified","source":"OpenMapTiles/OpenStreetMap national PMTiles","sourceId":"10/802/516:landuse:88440830:14","sourceLayer":"landuse","archive":"https://its.hanifahseptiani45.workers.dev/v1/map/archive/indonesia.pmtiles","updatedAt":"2026-07-26T09:42:14.966Z"},"geometry":{"type":"Polygon","coordinates":[[[102.3101806640625,-1.606539934311627],[102.3101806640625,-1.6117735415671035],[102.3072624206543,-1.611601948099647],[102.30554580688477,-1.6094570285369656],[102.30477333068848,-1.6059393555714223],[102.30545997619629,-1.6037086329916832],[102.30666160583496,-1.6031080534200157],[102.30691909790039,-1.6061109495151982],[102.3101806640625,-1.606539934311627]]]}},{"type":"Feature","id":"pmtiles:10/802/516:landuse:88440830:15","properties":{"class":"residential","kind":"green","verification":"verified","source":"OpenMapTiles/OpenStreetMap national PMTiles","sourceId":"10/802/516:landuse:88440830:15","sourceLayer":"landuse","archive":"https://its.hanifahseptiani45.workers.dev/v1/map/archive/indonesia.pmtiles","updatedAt":"2026-07-26T09:42:14.966Z"},"geometry":{"type":"Polygon","coordinates":[[[102.30812072753906,-1.6234418633499956],[102.3101806640625,-1.6220691230970345],[102.3101806640625,-1.623785048267635],[102.30915069580078,-1.6246430103067269],[102.30485916137695,-1.6249003988474158],[102.30219841003418,-1.6218975304999077],[102.30288505554199,-1.6210395672960658],[102.30554580688477,-1.623527659584866],[102.30812072753906,-1.6234418633499956]]]}},{"type":"Feature","id":"pmtiles:10/802/516:water:79917803:1","properties":{"intermittent":0,"class":"river","id":7991780,"water":"river","kind":"waterway","verification":"verified","source":"OpenMapTiles/OpenStreetMap national PMTiles","sourceId":"10/802/516:water:79917803:1","sourceLayer":"water","archive":"https://its.hanifahseptiani45.workers.dev/v1/map/archive/indonesia.pmtiles","updatedAt":"2026-07-26T09:42:14.968Z"},"geometry":{"type":"Polygon","coordinates":[[[102.3101806640625,-1.5148209747378445],[102.3101806640625,-1.5186820024520102],[102.30966567993164,-1.5182529997129848],[102.30923652648926,-1.5170517915908448],[102.3090648651123,-1.516022184098162],[102.30957984924316,-1.5152499781573],[102.3101806640625,-1.5148209747378445]]]}},{"type":"Feature","id":"pmtiles:10/802/516:waterway:586412300:1","properties":{"name":"Batang Tebo","name_int":"Batang Tebo","class":"river","name:latin":"Batang Tebo","name_de":"Batang Tebo","name_en":"Batang Tebo","waterway":"river","kind":"waterway","verification":"verified","source":"OpenMapTiles/OpenStreetMap national PMTiles","sourceId":"10/802/516:waterway:586412300:1","sourceLayer":"waterway","archive":"https://its.hanifahseptiani45.workers.dev/v1/map/archive/indonesia.pmtiles","updatedAt":"2026-07-26T09:42:14.970Z"},"geometry":{"type":"LineString","coordinates":[[102.31043815612793,-1.5184246008188182],[102.30975151062012,-1.5173091933874758],[102.3098373413086,-1.515936383451674],[102.31069564819336,-1.5149067754285284]]}},{"type":"Feature","id":"pmtiles:10/803/516:landcover:115457153:0","properties":{"subclass":"forest","class":"wood","kind":"green","verification":"verified","source":"OpenMapTiles/OpenStreetMap national PMTiles","sourceId":"10/803/516:landcover:115457153:0","sourceLayer":"landcover","archive":"https://its.hanifahseptiani45.workers.dev/v1/map/archive/indonesia.pmtiles","updatedAt":"2026-07-26T09:42:15.031Z"},"geometry":{"type":"Polygon","coordinates":[[[102.64260292053223,-1.7630273831138652],[102.61719703674316,-1.7630273831138652],[102.61831283569336,-1.7569362790366938],[102.61942863464355,-1.7558210043057727],[102.61917114257812,-1.7542767766567238],[102.62320518493652,-1.7510167363240186],[102.62423515319824,-1.7508451550966981],[102.62457847595215,-1.7489577605599607],[102.62354850769043,-1.7483572255364095],[102.62397766113281,-1.7474993180266551],[102.62140274047852,-1.7464698284976237],[102.62097358703613,-1.7451829657932336],[102.6229476928711,-1.7408934170887704],[102.6258659362793,-1.7403786705878304],[102.62689590454102,-1.7388344302421217],[102.63298988342285,-1.7417513276112828],[102.63693809509277,-1.7458692926785488],[102.6371955871582,-1.7494725047128838],[102.6346206665039,-1.7494725047128838],[102.63470649719238,-1.7510167363240186],[102.63350486755371,-1.7509309457123265],[102.63410568237305,-1.752989919308746],[102.63582229614258,-1.7535904528479165],[102.6368522644043,-1.7572794403584027],[102.63650894165039,-1.757536811308313],[102.63453483581543,-1.755906794693317],[102.63341903686523,-1.7571936500338836],[102.63599395751953,-1.7600247286610937],[102.63736724853516,-1.7602820992323416],[102.63788223266602,-1.757022069373022],[102.63916969299316,-1.7563357465719918],[102.6401138305664,-1.7577083919218808],[102.64294624328613,-1.7580515531016943],[102.64286041259766,-1.7586520850145888],[102.64208793640137,-1.758995246020902],[102.64225959777832,-1.7596815678441686],[102.64303207397461,-1.7594241971900288],[102.64311790466309,-1.7627700129218908],[102.64260292053223,-1.7630273831138652]]]}},{"type":"Feature","id":"pmtiles:10/803/516:landcover:6234329292:0","properties":{"subclass":"wetland","class":"wetland","kind":"green","verification":"verified","source":"OpenMapTiles/OpenStreetMap national PMTiles","sourceId":"10/803/516:landcover:6234329292:0","sourceLayer":"landcover","archive":"https://its.hanifahseptiani45.workers.dev/v1/map/archive/indonesia.pmtiles","updatedAt":"2026-07-26T09:42:15.031Z"},"geometry":{"type":"Polygon","coordinates":[[[102.4533462524414,-1.4833318933926165],[102.45574951171875,-1.4857343460277406],[102.45806694030762,-1.486678165991222],[102.46004104614258,-1.4853911386683052],[102.46021270751953,-1.4845331200365166],[102.4628734588623,-1.4842757143820364],[102.46210098266602,-1.4853911386683052],[102.46424674987793,-1.485562742354702],[102.46441841125488,-1.4865065623914973],[102.46373176574707,-1.4871929767103325],[102.46441841125488,-1.4873645802566813],[102.46441841125488,-1.4885658047073917],[102.46072769165039,-1.4903676401562365],[102.45686531066895,-1.489767028503664],[102.45566368103027,-1.488737408146946],[102.45420455932617,-1.4886516064288315],[102.45180130004883,-1.4871929767103325],[102.45111465454102,-1.4852195349685928],[102.45094299316406,-1.4837609029831924],[102.45162963867188,-1.482559675920001],[102.4530029296875,-1.4823022700359303],[102.4533462524414,-1.4833318933926165]]]}},{"type":"Feature","id":"pmtiles:10/803/516:landcover:6352500842:0","properties":{"subclass":"wetland","class":"wetland","kind":"green","verification":"verified","source":"OpenMapTiles/OpenStreetMap national PMTiles","sourceId":"10/803/516:landcover:6352500842:0","sourceLayer":"landcover","archive":"https://its.hanifahseptiani45.workers.dev/v1/map/archive/indonesia.pmtiles","updatedAt":"2026-07-26T09:42:15.031Z"},"geometry":{"type":"Polygon","coordinates":[[[102.51171112060547,-1.490625045100046],[102.51282691955566,-1.4908824500137712],[102.51420021057129,-1.490281838501602],[102.51265525817871,-1.4916546645743125],[102.5137710571289,-1.4925126804348423],[102.5145435333252,-1.4925984820024922],[102.51471519470215,-1.4920836725464142],[102.5148868560791,-1.493027489790478],[102.51548767089844,-1.4931132913380338],[102.51608848571777,-1.4925126804348423],[102.51557350158691,-1.4937997035978583],[102.51703262329102,-1.4934564974947477],[102.51711845397949,-1.493027489790478],[102.51771926879883,-1.493542299025549],[102.5160026550293,-1.4941429096473655],[102.51608848571777,-1.4948293215854989],[102.5189208984375,-1.4967169533085496],[102.51729011535645,-1.4964595490783097],[102.51668930053711,-1.49706015890186],[102.51471519470215,-1.495773137650005],[102.51351356506348,-1.4963737476615222],[102.51480102539062,-1.4950009245365123],[102.5130844116211,-1.494228711151365],[102.51317024230957,-1.4927700851277308],[102.51205444335938,-1.4931990928822358],[102.51205444335938,-1.491740466175429],[102.51102447509766,-1.491912069367615],[102.51119613647461,-1.4931132913380338],[102.51042366027832,-1.4933706959605928],[102.5105094909668,-1.4920836725464142],[102.50913619995117,-1.491912069367615],[102.50956535339355,-1.4914830613620609],[102.51025199890137,-1.4916546645743125],[102.5093936920166,-1.4908824500137712],[102.5090503692627,-1.4894238217715525],[102.50776290893555,-1.4894238217715525],[102.50802040100098,-1.4901102351823425],[102.50716209411621,-1.4894238217715525],[102.50656127929688,-1.4904534418075173],[102.50716209411621,-1.4912256565185658],[102.50656127929688,-1.4911398548973835],[102.50587463378906,-1.490281838501602],[102.50656127929688,-1.4901102351823425],[102.5068187713623,-1.4895096234595968],[102.50518798828125,-1.4886516064288315],[102.5053596496582,-1.4881367960500995],[102.50475883483887,-1.4879651925638058],[102.50398635864258,-1.485047931255565],[102.50544548034668,-1.4838467048913202],[102.50750541687012,-1.4876219855511863],[102.51025199890137,-1.488222597788237],[102.51033782958984,-1.486935571365791],[102.5105094909668,-1.488308399523035],[102.51188278198242,-1.4881367960500995],[102.51059532165527,-1.488737408146946],[102.51205444335938,-1.4895096234595968],[102.51171112060547,-1.490625045100046]]]}},{"type":"Feature","id":"pmtiles:10/803/516:landuse:5254471502:0","properties":{"class":"commercial","kind":"green","verification":"verified","source":"OpenMapTiles/OpenStreetMap national PMTiles","sourceId":"10/803/516:landuse:5254471502:0","sourceLayer":"landuse","archive":"https://its.hanifahseptiani45.workers.dev/v1/map/archive/indonesia.pmtiles","updatedAt":"2026-07-26T09:42:15.031Z"},"geometry":{"type":"Polygon","coordinates":[[[102.35936164855957,-1.4617955055551306],[102.36082077026367,-1.4653992183922213],[102.3607349395752,-1.4676300853389108],[102.36039161682129,-1.4694319377867657],[102.36116409301758,-1.470461567104465],[102.35936164855957,-1.4721776149116295],[102.35867500305176,-1.4723492196197157],[102.35395431518555,-1.470461567104465],[102.35395431518555,-1.4687455179779363],[102.35661506652832,-1.4676300853389108],[102.35584259033203,-1.4651418105245568],[102.35867500305176,-1.4641979814234247],[102.35790252685547,-1.4623103220291682],[102.35936164855957,-1.4617955055551306]]]}},{"type":"Feature","id":"pmtiles:10/803/516:landuse:78422820:0","properties":{"class":"residential","kind":"green","verification":"verified","source":"OpenMapTiles/OpenStreetMap national PMTiles","sourceId":"10/803/516:landuse:78422820:0","sourceLayer":"landuse","archive":"https://its.hanifahseptiani45.workers.dev/v1/map/archive/indonesia.pmtiles","updatedAt":"2026-07-26T09:42:15.031Z"},"geometry":{"type":"Polygon","coordinates":[[[102.33078002929688,-1.4247284117899852],[102.32648849487305,-1.4255006490473079],[102.32331275939941,-1.4279031633019343],[102.3226261138916,-1.4308204986633086],[102.32099533081055,-1.4309921065102742],[102.32202529907227,-1.426444494232257],[102.32580184936523,-1.4241277826331071],[102.32949256896973,-1.423870370089361],[102.3277759552002,-1.419751765483781],[102.32949256896973,-1.4189795263027207],[102.33172416687012,-1.4231839364989014],[102.33378410339355,-1.4239561742738118],[102.33481407165527,-1.422754915401086],[102.3361873626709,-1.4235271533196823],[102.33541488647461,-1.4245568034754257],[102.33756065368652,-1.4260154737416144],[102.33901977539062,-1.4249000200917692],[102.3402214050293,-1.4255864531710216],[102.34271049499512,-1.4243851951480906],[102.35575675964355,-1.4250716283807634],[102.35575675964355,-1.426787710567183],[102.35404014587402,-1.4270451227847474],[102.35395431518555,-1.4283321834404177],[102.35515594482422,-1.4303914789897334],[102.35489845275879,-1.4351106909819578],[102.35095024108887,-1.4368267656573437],[102.3544692993164,-1.4404305182774522],[102.35326766967773,-1.4418891784326746],[102.34854698181152,-1.4443774788925765],[102.34683036804199,-1.44609354658796],[102.34116554260254,-1.447380596508097],[102.33824729919434,-1.445321316285515],[102.3373031616211,-1.4425756064176198],[102.33790397644043,-1.439829893236194],[102.3318099975586,-1.4397440896459557],[102.32588768005371,-1.4459219398767829],[102.32425689697266,-1.4445490857204533],[102.32983589172363,-1.4388860535659234],[102.32691764831543,-1.4360545322128644],[102.32133865356445,-1.4349390834435667],[102.32176780700684,-1.4332230073518417],[102.32829093933105,-1.4334804188476085],[102.33146667480469,-1.4376848025116828],[102.33970642089844,-1.43802801716312],[102.33944892883301,-1.4359687284807023],[102.33678817749023,-1.4337378303144561],[102.33644485473633,-1.4305630868688013],[102.33052253723145,-1.4290186154953801],[102.33086585998535,-1.4273883390300455],[102.33687400817871,-1.4290186154953801],[102.33756065368652,-1.4279889673360344],[102.33378410339355,-1.4256722572915237],[102.33078002929688,-1.4247284117899852]],[[102.35258102416992,-1.426272886045595],[102.3431396484375,-1.4260154737416144],[102.3402214050293,-1.4287612034987944],[102.34271049499512,-1.4315069299741339],[102.34906196594238,-1.4363119433900238],[102.35352516174316,-1.4342526531612947],[102.35386848449707,-1.432021753322374],[102.35240936279297,-1.4285895954850503],[102.35258102416992,-1.426272886045595]],[[102.35137939453125,-1.4392292680366836],[102.3442554473877,-1.4351106909819578],[102.33884811401367,-1.4296192433751713],[102.33833312988281,-1.4304772829308803],[102.33893394470215,-1.43270818427348],[102.34185218811035,-1.4357113172649036],[102.34185218811035,-1.4391434644238217],[102.34966278076172,-1.4419749819421241],[102.35137939453125,-1.4392292680366836]]]}},{"type":"Feature","id":"pmtiles:10/803/516:landuse:78422820:1","properties":{"class":"residential","kind":"green","verification":"verified","source":"OpenMapTiles/OpenStreetMap national PMTiles","sourceId":"10/803/516:landuse:78422820:1","sourceLayer":"landuse","archive":"https://its.hanifahseptiani45.workers.dev/v1/map/archive/indonesia.pmtiles","updatedAt":"2026-07-26T09:42:15.031Z"},"geometry":{"type":"Polygon","coordinates":[[[102.31884956359863,-1.458277589825343],[102.31979370117188,-1.45793437824004],[102.32125282287598,-1.460422661047346],[102.32460021972656,-1.460336858237767],[102.32640266418457,-1.462396124763373],[102.32563018798828,-1.4628251383851278],[102.32013702392578,-1.4617097027979753],[102.31884956359863,-1.458277589825343]]]}},{"type":"Feature","id":"pmtiles:10/803/516:landuse:78422820:2","properties":{"class":"residential","kind":"green","verification":"verified","source":"OpenMapTiles/OpenStreetMap national PMTiles","sourceId":"10/803/516:landuse:78422820:2","sourceLayer":"landuse","archive":"https://its.hanifahseptiani45.workers.dev/v1/map/archive/indonesia.pmtiles","updatedAt":"2026-07-26T09:42:15.031Z"},"geometry":{"type":"Polygon","coordinates":[[[102.31026649475098,-1.4696893451607025],[102.31035232543945,-1.4711479863857448],[102.31112480163574,-1.4710621839871294],[102.31344223022461,-1.4755239043349775],[102.30975151062012,-1.4784411781867988],[102.30889320373535,-1.4784411781867988],[102.30880737304688,-1.4775831568633038],[102.31069564819336,-1.4756955087851935],[102.3101806640625,-1.4750948931515353],[102.31035232543945,-1.4742368705365152],[102.31138229370117,-1.4738936613979092],[102.30957984924316,-1.4713195911730708],[102.30975151062012,-1.469603542706011],[102.31026649475098,-1.4696893451607025]]]}},{"type":"Feature","id":"pmtiles:10/803/516:landuse:78422820:3","properties":{"class":"residential","kind":"green","verification":"verified","source":"OpenMapTiles/OpenStreetMap national PMTiles","sourceId":"10/803/516:landuse:78422820:3","sourceLayer":"landuse","archive":"https://its.hanifahseptiani45.workers.dev/v1/map/archive/indonesia.pmtiles","updatedAt":"2026-07-26T09:42:15.031Z"},"geometry":{"type":"Polygon","coordinates":[[[102.3541259765625,-1.4915688629698565],[102.3552417755127,-1.4896812268256525],[102.35695838928223,-1.489767028503664],[102.35635757446289,-1.4916546645743125],[102.35876083374023,-1.4927700851277308],[102.36391067504883,-1.4975749671910847],[102.36442565917969,-1.5004922118779263],[102.36373901367188,-1.5009212181215332],[102.36236572265625,-1.4983471793981664],[102.35884666442871,-1.495858939090283],[102.3581600189209,-1.4948293215854989],[102.35807418823242,-1.493542299025549],[102.3541259765625,-1.4915688629698565]]]}},{"type":"Feature","id":"pmtiles:10/803/516:landuse:78422820:4","properties":{"class":"residential","kind":"green","verification":"verified","source":"OpenMapTiles/OpenStreetMap national PMTiles","sourceId":"10/803/516:landuse:78422820:4","sourceLayer":"landuse","archive":"https://its.hanifahseptiani45.workers.dev/v1/map/archive/indonesia.pmtiles","updatedAt":"2026-07-26T09:42:15.031Z"},"geometry":{"type":"Polygon","coordinates":[[[102.39051818847656,-1.4621387165509532],[102.39163398742676,-1.458620801358336],[102.4046802520752,-1.4598220413114404],[102.403564453125,-1.4631683492234941],[102.39626884460449,-1.4626535329462769],[102.39566802978516,-1.4670294675335782],[102.39051818847656,-1.4621387165509532]]]}},{"type":"Feature","id":"pmtiles:10/803/516:landuse:78422820:5","properties":{"class":"residential","kind":"green","verification":"verified","source":"OpenMapTiles/OpenStreetMap national PMTiles","sourceId":"10/803/516:landuse:78422820:5","sourceLayer":"landuse","archive":"https://its.hanifahseptiani45.workers.dev/v1/map/archive/indonesia.pmtiles","updatedAt":"2026-07-26T09:42:15.031Z"},"geometry":{"type":"Polygon","coordinates":[[[102.37781524658203,-1.4678016903965272],[102.38382339477539,-1.4680590979582604],[102.38485336303711,-1.4710621839871294],[102.37996101379395,-1.4714911959471806],[102.37669944763184,-1.4804146259720312],[102.37395286560059,-1.4798140116145646],[102.37781524658203,-1.4678016903965272]]]}},{"type":"Feature","id":"pmtiles:10/803/516:landuse:78422820:6","properties":{"class":"residential","kind":"green","verification":"verified","source":"OpenMapTiles/OpenStreetMap national PMTiles","sourceId":"10/803/516:landuse:78422820:6","sourceLayer":"landuse","archive":"https://its.hanifahseptiani45.workers.dev/v1/map/archive/indonesia.pmtiles","updatedAt":"2026-07-26T09:42:15.032Z"},"geometry":{"type":"Polygon","coordinates":[[[102.41180419921875,-1.4091978077401848],[102.41146087646484,-1.4129732127708081],[102.41025924682617,-1.4132306265268966],[102.40742683410645,-1.4099700501766677],[102.41060256958008,-1.4084255650476507],[102.41180419921875,-1.4091978077401848]]]}},{"type":"Feature","id":"pmtiles:10/803/516:landuse:78422820:7","properties":{"class":"residential","kind":"green","verification":"verified","source":"OpenMapTiles/OpenStreetMap national PMTiles","sourceId":"10/803/516:landuse:78422820:7","sourceLayer":"landuse","archive":"https://its.hanifahseptiani45.workers.dev/v1/map/archive/indonesia.pmtiles","updatedAt":"2026-07-26T09:42:15.032Z"},"geometry":{"type":"Polygon","coordinates":[[[102.42733955383301,-1.418722113185055],[102.42716789245605,-1.4206098087157528],[102.4284553527832,-1.4230123280693618],[102.42493629455566,-1.422926523849796],[102.42382049560547,-1.423870370089361],[102.42210388183594,-1.4241277826331071],[102.41961479187012,-1.4217252644408802],[102.41755485534668,-1.422926523849796],[102.41523742675781,-1.422926523849796],[102.41231918334961,-1.4209530259193315],[102.41703987121582,-1.4183788956502923],[102.42021560668945,-1.4206956130214365],[102.42467880249023,-1.419751765483781],[102.42622375488281,-1.418121482465807],[102.42742538452148,-1.4168344161140425],[102.43000030517578,-1.4116003389233214],[102.43197441101074,-1.4109997063601156],[102.43592262268066,-1.4129732127708081],[102.43566513061523,-1.413573844823972],[102.4336051940918,-1.4128874081791025],[102.43351936340332,-1.4138312585134685],[102.43635177612305,-1.4158905670015827],[102.43866920471191,-1.4203523957796165],[102.43815422058105,-1.4224975027041182],[102.43755340576172,-1.422754915401086],[102.43609428405762,-1.4221542857301301],[102.4354076385498,-1.418121482465807],[102.4361801147461,-1.4176066560109604],[102.43429183959961,-1.4153757400509477],[102.43257522583008,-1.4150325220203825],[102.43171691894531,-1.4141744767217546],[102.42905616760254,-1.4157189580307374],[102.42733955383301,-1.418722113185055]]]}},{"type":"Feature","id":"pmtiles:10/803/516:landuse:78422820:8","properties":{"class":"residential","kind":"green","verification":"verified","source":"OpenMapTiles/OpenStreetMap national PMTiles","sourceId":"10/803/516:landuse:78422820:8","sourceLayer":"landuse","archive":"https://its.hanifahseptiani45.workers.dev/v1/map/archive/indonesia.pmtiles","updatedAt":"2026-07-26T09:42:15.032Z"},"geometry":{"type":"Polygon","coordinates":[[[102.44939804077148,-1.4357971210067149],[102.4471664428711,-1.4361403359418006],[102.44278907775879,-1.4324507726909133],[102.44519233703613,-1.433394615018912],[102.4449348449707,-1.432279164953144],[102.44613647460938,-1.4312495182566494],[102.44922637939453,-1.4341668493615316],[102.44999885559082,-1.4354539060201006],[102.44939804077148,-1.4357971210067149]]]}},{"type":"Feature","id":"pmtiles:10/803/516:landuse:78422820:9","properties":{"class":"residential","kind":"green","verification":"verified","source":"OpenMapTiles/OpenStreetMap national PMTiles","sourceId":"10/803/516:landuse:78422820:9","sourceLayer":"landuse","archive":"https://its.hanifahseptiani45.workers.dev/v1/map/archive/indonesia.pmtiles","updatedAt":"2026-07-26T09:42:15.032Z"},"geometry":{"type":"Polygon","coordinates":[[[102.44253158569336,-1.4348532796695537],[102.44939804077148,-1.439829893236194],[102.44587898254395,-1.4416317678849424],[102.4434757232666,-1.4376848025116828],[102.44081497192383,-1.4366551582477882],[102.44081497192383,-1.4357971210067149],[102.44253158569336,-1.4348532796695537]]]}},{"type":"Feature","id":"pmtiles:10/803/516:landuse:78422820:10","properties":{"class":"residential","kind":"green","verification":"verified","source":"OpenMapTiles/OpenStreetMap national PMTiles","sourceId":"10/803/516:landuse:78422820:10","sourceLayer":"landuse","archive":"https://its.hanifahseptiani45.workers.dev/v1/map/archive/indonesia.pmtiles","updatedAt":"2026-07-26T09:42:15.032Z"},"geometry":{"type":"Polygon","coordinates":[[[102.45214462280273,-1.4636831653825482],[102.45034217834473,-1.4612806889630434],[102.45068550109863,-1.4609374778360973],[102.45025634765625,-1.460251055424905],[102.44888305664062,-1.4601652526087463],[102.44853973388672,-1.458964012838976],[102.45128631591797,-1.449525678084683],[102.45180130004883,-1.4497830877373588],[102.45034217834473,-1.458620801358336],[102.45308876037598,-1.4629967438108764],[102.45214462280273,-1.4636831653825482]]]}},{"type":"Feature","id":"pmtiles:10/803/516:landuse:78422820:11","properties":{"class":"residential","kind":"green","verification":"verified","source":"OpenMapTiles/OpenStreetMap national PMTiles","sourceId":"10/803/516:landuse:78422820:11","sourceLayer":"landuse","archive":"https://its.hanifahseptiani45.workers.dev/v1/map/archive/indonesia.pmtiles","updatedAt":"2026-07-26T09:42:15.032Z"},"geometry":{"type":"Polygon","coordinates":[[[102.447509765625,-1.4889090115731278],[102.44527816772461,-1.4877935890641822],[102.4449348449707,-1.4861633551520583],[102.44544982910156,-1.4841041105957373],[102.44759559631348,-1.4824738739619647],[102.45506286621094,-1.48007141778767],[102.4581527709961,-1.4773257504016044],[102.45901107788086,-1.475609706561741],[102.4596118927002,-1.4708047767715016],[102.45909690856934,-1.4677158878693604],[102.45789527893066,-1.4666004547167688],[102.45944023132324,-1.4653992183922213],[102.46047019958496,-1.4626535329462769],[102.46235847473145,-1.4628251383851278],[102.4614143371582,-1.4643695867441124],[102.46115684509277,-1.4700325549464566],[102.4639892578125,-1.4745800796222142],[102.46081352233887,-1.4745800796222142],[102.46055603027344,-1.4758671132221508],[102.46124267578125,-1.476296124256649],[102.45866775512695,-1.4784411781867988],[102.45935440063477,-1.479985615733284],[102.4588394165039,-1.4805004280098188],[102.45780944824219,-1.4798140116145646],[102.45686531066895,-1.4812726462004377],[102.45317459106445,-1.482988685660274],[102.4530029296875,-1.482216468067918],[102.45162963867188,-1.482645477874712],[102.45094299316406,-1.4834176953173852],[102.45077133178711,-1.4853053368201188],[102.45034217834473,-1.4872787784851624],[102.45875358581543,-1.490281838501602],[102.46201515197754,-1.490625045100046],[102.46493339538574,-1.4894238217715525],[102.46673583984375,-1.485562742354702],[102.46742248535156,-1.4859059496874778],[102.4654483795166,-1.4916546645743125],[102.46373176574707,-1.4927700851277308],[102.45248794555664,-1.4890806149859515],[102.447509765625,-1.4889090115731278]]]}},{"type":"Feature","id":"pmtiles:10/803/516:landuse:78422820:12","properties":{"class":"residential","kind":"green","verification":"verified","source":"OpenMapTiles/OpenStreetMap national PMTiles","sourceId":"10/803/516:landuse:78422820:12","sourceLayer":"landuse","archive":"https://its.hanifahseptiani45.workers.dev/v1/map/archive/indonesia.pmtiles","updatedAt":"2026-07-26T09:42:15.032Z"},"geometry":{"type":"Polygon","coordinates":[[[102.44690895080566,-1.490196036843642],[102.44587898254395,-1.4922552757118268],[102.44544982910156,-1.4945719171338396],[102.44107246398926,-1.4980039740064086],[102.43635177612305,-1.495515733309034],[102.4354076385498,-1.4944861156432552],[102.43703842163086,-1.486935571365791],[102.43832588195801,-1.4845331200365166],[102.43832588195801,-1.481530052204178],[102.43454933166504,-1.481530052204178],[102.43163108825684,-1.4790417929159503],[102.43128776550293,-1.4775831568633038],[102.43206024169922,-1.4765535308375917],[102.43309020996094,-1.476639333024636],[102.43420600891113,-1.4783553760693735],[102.43678092956543,-1.47878438662336],[102.43738174438477,-1.479985615733284],[102.43961334228516,-1.4795566054115596],[102.43858337402344,-1.4775831568633038],[102.43918418884277,-1.4747516841452182],[102.43806838989258,-1.4744084750859798],[102.43781089782715,-1.4732072429619905],[102.4409008026123,-1.4720918125526339],[102.44081497192383,-1.47063317194457],[102.43995666503906,-1.469946752504967],[102.43884086608887,-1.4713195911730708],[102.4361801147461,-1.4697751476120828],[102.4321460723877,-1.468917122949918],[102.43077278137207,-1.466857862416731],[102.42897033691406,-1.466857862416731],[102.42897033691406,-1.470461567104465],[102.42802619934082,-1.4708905791800078],[102.42630958557129,-1.469946752504967],[102.4266529083252,-1.4680590979582604],[102.42287635803223,-1.465485021008206],[102.42304801940918,-1.4638547707426426],[102.42218971252441,-1.4635115600093371],[102.42176055908203,-1.465313415772954],[102.42201805114746,-1.469603542706011],[102.41721153259277,-1.4680590979582604],[102.41652488708496,-1.4666862572867103],[102.41394996643066,-1.4648844026273053],[102.41206169128418,-1.4647985999883275],[102.40991592407227,-1.4659998366350635],[102.4061393737793,-1.4650560078954271],[102.40622520446777,-1.4632541519248718],[102.41128921508789,-1.4606800694564583],[102.41180419921875,-1.4620529138069145],[102.41334915161133,-1.4617955055551306],[102.41300582885742,-1.458792407105193],[102.41686820983887,-1.4576769695166973],[102.41815567016602,-1.460336858237767],[102.42218971252441,-1.461967111059593],[102.42356300354004,-1.4614522945068416],[102.42399215698242,-1.460422661047346],[102.42382049560547,-1.4552744866805654],[102.42802619934082,-1.4550170776534088],[102.43034362792969,-1.4581917869339236],[102.43515014648438,-1.461881308308989],[102.43643760681152,-1.463339954622981],[102.44012832641602,-1.4652276131504038],[102.44338989257812,-1.4649702052630005],[102.44467735290527,-1.4640263760896062],[102.44381904602051,-1.461881308308989],[102.44476318359375,-1.4560467135857778],[102.44690895080566,-1.4559609106093632],[102.44656562805176,-1.45922142141508],[102.44699478149414,-1.4613664917365838],[102.44914054870605,-1.46428378408541],[102.45068550109863,-1.465313415772954],[102.45059967041016,-1.4740652659738203],[102.44974136352539,-1.4777547611545145],[102.44999885559082,-1.479985615733284],[102.4471664428711,-1.4806720320754323],[102.44562149047852,-1.481615854198779],[102.44381904602051,-1.483675101071725],[102.44304656982422,-1.486334958778457],[102.44330406188965,-1.4879651925638058],[102.44433403015137,-1.4893380200801687],[102.44690895080566,-1.490196036843642]]]}},{"type":"Feature","id":"pmtiles:10/803/516:landuse:78422820:13","properties":{"class":"residential","kind":"green","verification":"verified","source":"OpenMapTiles/OpenStreetMap national PMTiles","sourceId":"10/803/516:landuse:78422820:13","sourceLayer":"landuse","archive":"https://its.hanifahseptiani45.workers.dev/v1/map/archive/indonesia.pmtiles","updatedAt":"2026-07-26T09:42:15.032Z"},"geometry":{"type":"Polygon","coordinates":[[[102.40545272827148,-1.4513275450386658],[102.40725517272949,-1.4485818424411718],[102.40897178649902,-1.449525678084683],[102.40931510925293,-1.4514991513403999],[102.41000175476074,-1.4512417418829244],[102.41025924682617,-1.4521855764170226],[102.40699768066406,-1.4537300320770612],[102.40545272827148,-1.4513275450386658]]]}},{"type":"Feature","id":"pmtiles:10/803/516:landuse:78422820:14","properties":{"class":"residential","kind":"green","verification":"verified","source":"OpenMapTiles/OpenStreetMap national PMTiles","sourceId":"10/803/516:landuse:78422820:14","sourceLayer":"landuse","archive":"https://its.hanifahseptiani45.workers.dev/v1/map/archive/indonesia.pmtiles","updatedAt":"2026-07-26T09:42:15.032Z"},"geometry":{"type":"Polygon","coordinates":[[[102.36227989196777,-1.5208270148692264],[102.36451148986816,-1.5208270148692264],[102.36494064331055,-1.523830028670858],[102.36597061157227,-1.5258892357153684],[102.36433982849121,-1.5257176352035913],[102.36227989196777,-1.524259030300911],[102.36176490783691,-1.523486827305291],[102.36227989196777,-1.5208270148692264]]]}},{"type":"Feature","id":"pmtiles:10/803/516:landuse:78422820:15","properties":{"class":"residential","kind":"green","verification":"verified","source":"OpenMapTiles/OpenStreetMap national PMTiles","sourceId":"10/803/516:landuse:78422820:15","sourceLayer":"landuse","archive":"https://its.hanifahseptiani45.workers.dev/v1/map/archive/indonesia.pmtiles","updatedAt":"2026-07-26T09:42:15.032Z"},"geometry":{"type":"Polygon","coordinates":[[[102.34545707702637,-1.4998058017131228],[102.34648704528809,-1.4999774042745173],[102.34683036804199,-1.5014360255027839],[102.34631538391113,-1.5030662480766495],[102.34554290771484,-1.5034094526740063],[102.34511375427246,-1.5028088445932326],[102.34159469604492,-1.505297076994637],[102.33670234680176,-1.5033236515297261],[102.33713150024414,-1.5022940375354068],[102.33867645263672,-1.5022082363473004],[102.3416805267334,-1.5030662480766495],[102.34296798706055,-1.5020366339609694],[102.3420238494873,-1.5004922118779263],[102.34545707702637,-1.4998058017131228]]]}},{"type":"Feature","id":"pmtiles:10/803/516:landuse:78422820:16","properties":{"class":"residential","kind":"green","verification":"verified","source":"OpenMapTiles/OpenStreetMap national PMTiles","sourceId":"10/803/516:landuse:78422820:16","sourceLayer":"landuse","archive":"https://its.hanifahseptiani45.workers.dev/v1/map/archive/indonesia.pmtiles","updatedAt":"2026-07-26T09:42:15.032Z"},"geometry":{"type":"Polygon","coordinates":[[[102.34004974365234,-1.5711054887971727],[102.34073638916016,-1.573250448246796],[102.33404159545898,-1.5806290918921775],[102.3379898071289,-1.5843184038896965],[102.33498573303223,-1.5878361138613855],[102.3306941986084,-1.584918988942249],[102.32605934143066,-1.5806290918921775],[102.32494354248047,-1.5808864859653653],[102.32056617736816,-1.585519573820605],[102.3197078704834,-1.584833191088265],[102.32399940490723,-1.5799427075410364],[102.32674598693848,-1.5798569094811938],[102.32932090759277,-1.582173455852498],[102.33120918273926,-1.5808864859653653],[102.32588768005371,-1.5759101949010415],[102.3255443572998,-1.5736794398721656],[102.32837677001953,-1.5733362465789327],[102.33112335205078,-1.5755670019751307],[102.33258247375488,-1.574108431409286],[102.32932090759277,-1.5707622950807547],[102.33017921447754,-1.5700759074788522],[102.33438491821289,-1.5735078432326048],[102.33189582824707,-1.5764249841838875],[102.33395576477051,-1.5779693512685071],[102.33550071716309,-1.5756528002119126],[102.33919143676758,-1.5726498598230876],[102.33953475952148,-1.571362884047474],[102.34004974365234,-1.5711054887971727]]]}},{"type":"Feature","id":"pmtiles:10/803/516:landuse:78422820:18","properties":{"class":"residential","kind":"green","verification":"verified","source":"OpenMapTiles/OpenStreetMap national PMTiles","sourceId":"10/803/516:landuse:78422820:18","sourceLayer":"landuse","archive":"https://its.hanifahseptiani45.workers.dev/v1/map/archive/indonesia.pmtiles","updatedAt":"2026-07-26T09:42:15.032Z"},"geometry":{"type":"Polygon","coordinates":[[[102.30666160583496,-1.6031080534200157],[102.30691909790039,-1.6061109495151982],[102.31335639953613,-1.6069689190179588],[102.31464385986328,-1.6061109495151982],[102.31515884399414,-1.608084278832635],[102.31352806091309,-1.6090280443535931],[102.31361389160156,-1.6112587611213627],[102.31198310852051,-1.611601948099647],[102.31138229370117,-1.6134894754461158],[102.31369972229004,-1.6135752721020822],[102.31369972229004,-1.6146906283002238],[102.3105239868164,-1.6145190350788],[102.30957984924316,-1.613832662048253],[102.3101806640625,-1.6117735415671035],[102.3072624206543,-1.611601948099647],[102.30554580688477,-1.6094570285369656],[102.30477333068848,-1.6059393555714223],[102.30545997619629,-1.6037086329916832],[102.30666160583496,-1.6031080534200157]]]}},{"type":"Feature","id":"pmtiles:10/803/516:landuse:78422820:19","properties":{"class":"residential","kind":"green","verification":"verified","source":"OpenMapTiles/OpenStreetMap national PMTiles","sourceId":"10/803/516:landuse:78422820:19","sourceLayer":"landuse","archive":"https://its.hanifahseptiani45.workers.dev/v1/map/archive/indonesia.pmtiles","updatedAt":"2026-07-26T09:42:15.032Z"},"geometry":{"type":"Polygon","coordinates":[[[102.30563163757324,-1.60122051647663],[102.30975151062012,-1.5945283260484615],[102.30992317199707,-1.5910964250751078],[102.3153305053711,-1.585776967286563],[102.31987953186035,-1.5888656863797053],[102.31472969055176,-1.5948715158312723],[102.31902122497559,-1.5957294900378827],[102.32399940490723,-1.5988181942167614],[102.32477188110352,-1.6043950094292114],[102.32966423034668,-1.6057677616132366],[102.33052253723145,-1.609285434874451],[102.33026504516602,-1.6108297773171927],[102.32880592346191,-1.6107439805455073],[102.32872009277344,-1.6082558725961889],[102.32717514038086,-1.6066257312600953],[102.32365608215332,-1.6055961676406412],[102.32271194458008,-1.6044808064677056],[102.32236862182617,-1.599933558473026],[102.31902122497559,-1.5980460186074055],[102.31507301330566,-1.6018210966018103],[102.31266975402832,-1.5997619640115346],[102.31095314025879,-1.6011347193015268],[102.30923652648926,-1.5989897887571942],[102.30666160583496,-1.6018210966018103],[102.30563163757324,-1.60122051647663]]]}},{"type":"Feature","id":"pmtiles:10/803/516:landuse:78422820:21","properties":{"class":"residential","kind":"green","verification":"verified","source":"OpenMapTiles/OpenStreetMap national PMTiles","sourceId":"10/803/516:landuse:78422820:21","sourceLayer":"landuse","archive":"https://its.hanifahseptiani45.workers.dev/v1/map/archive/indonesia.pmtiles","updatedAt":"2026-07-26T09:42:15.032Z"},"geometry":{"type":"Polygon","coordinates":[[[102.2991943359375,-1.6124599152923196],[102.30734825134277,-1.6135752721020822],[102.31000900268555,-1.6161491700973016],[102.30889320373535,-1.617865100281989],[102.31266975402832,-1.6217259378882432],[102.30915069580078,-1.6246430103067269],[102.30485916137695,-1.6249003988474158],[102.30219841003418,-1.6218975304999077],[102.30288505554199,-1.6210395672960658],[102.30554580688477,-1.623527659584866],[102.30812072753906,-1.6234418633499956],[102.31078147888184,-1.621640141576961],[102.30769157409668,-1.6182940826014374],[102.30606079101562,-1.6187230648301352],[102.3043441772461,-1.6166639493050212],[102.30623245239258,-1.6147764249055],[102.2991943359375,-1.613746865403158],[102.2991943359375,-1.6124599152923196]]]}},{"type":"Feature","id":"pmtiles:10/803/516:landuse:78422820:22","properties":{"class":"residential","kind":"green","verification":"verified","source":"OpenMapTiles/OpenStreetMap national PMTiles","sourceId":"10/803/516:landuse:78422820:22","sourceLayer":"landuse","archive":"https://its.hanifahseptiani45.workers.dev/v1/map/archive/indonesia.pmtiles","updatedAt":"2026-07-26T09:42:15.032Z"},"geometry":{"type":"Polygon","coordinates":[[[102.37137794494629,-1.5946141234995252],[102.37678527832031,-1.6002767473529644],[102.38039016723633,-1.5976170320322893],[102.38073348999023,-1.5985608023792537],[102.37747192382812,-1.6013921108160645],[102.38056182861328,-1.6067973251462178],[102.37841606140137,-1.6086848569419345],[102.38245010375977,-1.613746865403158],[102.37953186035156,-1.6146906283002238],[102.37884521484375,-1.6164065597174755],[102.37592697143555,-1.6175219143611201],[102.37455368041992,-1.6192378433847523],[102.37249374389648,-1.6197526218086438],[102.36717224121094,-1.6168355423452567],[102.3621940612793,-1.6158917804444997],[102.36047744750977,-1.6186372683916517],[102.36193656921387,-1.6195810290152082],[102.36116409301758,-1.6206105855577846],[102.35884666442871,-1.6198384181999046],[102.359619140625,-1.6155485941900167],[102.36270904541016,-1.6122883218827155],[102.36305236816406,-1.6108297773171927],[102.3607349395752,-1.6102291998396083],[102.36090660095215,-1.6095428253628228],[102.3625373840332,-1.6095428253628228],[102.36734390258789,-1.6059393555714223],[102.36648559570312,-1.605424573653636],[102.36597061157227,-1.6037086329916832],[102.37034797668457,-1.6001051529201646],[102.3694896697998,-1.5989039914887826],[102.37000465393066,-1.5985608023792537],[102.37086296081543,-1.599590369535676],[102.37326622009277,-1.5980460186074055],[102.37129211425781,-1.5953863003981752],[102.37137794494629,-1.5946141234995252]]]}},{"type":"Feature","id":"pmtiles:10/803/516:landuse:78422820:23","properties":{"class":"residential","kind":"green","verification":"verified","source":"OpenMapTiles/OpenStreetMap national PMTiles","sourceId":"10/803/516:landuse:78422820:23","sourceLayer":"landuse","archive":"https://its.hanifahseptiani45.workers.dev/v1/map/archive/indonesia.pmtiles","updatedAt":"2026-07-26T09:42:15.032Z"},"geometry":{"type":"Polygon","coordinates":[[[102.3541259765625,-1.6150338146996148],[102.3555850982666,-1.6156343907590838],[102.35644340515137,-1.612803102068142],[102.35713005065918,-1.612803102068142],[102.35730171203613,-1.6140042553276288],[102.3567008972168,-1.6158059838863181],[102.35713005065918,-1.6167497458269509],[102.3512077331543,-1.6228412896039828],[102.34983444213867,-1.6236134558160984],[102.34949111938477,-1.6280748548172994],[102.35103607177734,-1.6287612230186994],[102.34940528869629,-1.630133958720009],[102.34854698181152,-1.6332226106245855],[102.34691619873047,-1.6321930605167694],[102.3486328125,-1.6268737099025543],[102.34820365905762,-1.6231844746235424],[102.34588623046875,-1.6209537709556798],[102.34322547912598,-1.6217259378882432],[102.33884811401367,-1.6276458745727354],[102.33275413513184,-1.6241282331269815],[102.33060836791992,-1.6222407156796095],[102.33112335205078,-1.62129695629541],[102.33309745788574,-1.6228412896039828],[102.33567237854004,-1.6188088612649807],[102.33661651611328,-1.6194952326130476],[102.33438491821289,-1.6231844746235424],[102.33515739440918,-1.6241282331269815],[102.33807563781738,-1.6255009719814382],[102.34185218811035,-1.6203531964712],[102.34374046325684,-1.619066250547732],[102.3402214050293,-1.617865100281989],[102.34185218811035,-1.6140900519618668],[102.33953475952148,-1.6117735415671035],[102.3391056060791,-1.61091557408524],[102.33936309814453,-1.6099718094378943],[102.33996391296387,-1.6096286221850562],[102.34219551086426,-1.6115161513605045],[102.34622955322266,-1.606196746481686],[102.3475170135498,-1.603279647601326],[102.34854698181152,-1.6037944300589686],[102.34811782836914,-1.6053387766547331],[102.34399795532227,-1.6128888987530416],[102.34537124633789,-1.6130604921120124],[102.34777450561523,-1.6146906283002238],[102.34949111938477,-1.6139184586897528],[102.35103607177734,-1.612974695434346],[102.35146522521973,-1.6116877448351943],[102.35730171203613,-1.606454137359549],[102.3581600189209,-1.6073979036341655],[102.35498428344727,-1.60971441900368],[102.35592842102051,-1.6110871676105347],[102.3552417755127,-1.6115161513605045],[102.35429763793945,-1.6104865902088221],[102.35198020935059,-1.6134894754461158],[102.35292434692383,-1.6147764249055],[102.3541259765625,-1.6150338146996148]]]}},{"type":"Feature","id":"pmtiles:10/803/516:landuse:78422820:24","properties":{"class":"residential","kind":"green","verification":"verified","source":"OpenMapTiles/OpenStreetMap national PMTiles","sourceId":"10/803/516:landuse:78422820:24","sourceLayer":"landuse","archive":"https://its.hanifahseptiani45.workers.dev/v1/map/archive/indonesia.pmtiles","updatedAt":"2026-07-26T09:42:15.032Z"},"geometry":{"type":"Polygon","coordinates":[[[102.37421035766602,-1.6339089770700923],[102.37747192382812,-1.640086264513684],[102.37257957458496,-1.6425743332398213],[102.37146377563477,-1.6424027423926049],[102.37112045288086,-1.6430033102933663],[102.37137794494629,-1.64463342225649],[102.37524032592773,-1.6424885378180534],[102.37558364868164,-1.645491375386527],[102.37360954284668,-1.6466067139037932],[102.37283706665039,-1.646349328147494],[102.37223625183105,-1.6471214853166742],[102.36725807189941,-1.6458345565352204],[102.36674308776855,-1.6469498948604837],[102.36597061157227,-1.6472930757580713],[102.36451148986816,-1.6438612641240837],[102.36597061157227,-1.6435180826360352],[102.36605644226074,-1.6421453560941615],[102.36150741577148,-1.6408584241048203],[102.3607349395752,-1.6430033102933663],[102.35876083374023,-1.6418879697625641],[102.35352516174316,-1.64463342225649],[102.3541259765625,-1.645405580090113],[102.35335350036621,-1.6458345565352204],[102.35232353210449,-1.6435180826360352],[102.35833168029785,-1.6405152421011167],[102.35979080200195,-1.640944219596534],[102.36142158508301,-1.6354533007148149],[102.36202239990234,-1.6350243220437761],[102.36262321472168,-1.636053870700195],[102.36159324645996,-1.6396572868343213],[102.36648559570312,-1.6410300150845814],[102.36682891845703,-1.6401720600385374],[102.36579895019531,-1.639914673452978],[102.36597061157227,-1.6388851267797833],[102.36742973327637,-1.639142513497717],[102.36845970153809,-1.6377697839531749],[102.37421035766602,-1.6339089770700923]]]}},{"type":"Feature","id":"pmtiles:10/803/516:landuse:78422820:25","properties":{"class":"residential","kind":"green","verification":"verified","source":"OpenMapTiles/OpenStreetMap national PMTiles","sourceId":"10/803/516:landuse:78422820:25","sourceLayer":"landuse","archive":"https://its.hanifahseptiani45.workers.dev/v1/map/archive/indonesia.pmtiles","updatedAt":"2026-07-26T09:42:15.032Z"},"geometry":{"type":"Polygon","coordinates":[[[102.37472534179688,-1.6315924893770841],[102.37566947937012,-1.6328794273139096],[102.37395286560059,-1.633565793876656],[102.37326622009277,-1.6323646522380244],[102.37472534179688,-1.6315924893770841]]]}},{"type":"Feature","id":"pmtiles:10/803/516:landuse:78422820:26","properties":{"class":"residential","kind":"green","verification":"verified","source":"OpenMapTiles/OpenStreetMap national PMTiles","sourceId":"10/803/516:landuse:78422820:26","sourceLayer":"landuse","archive":"https://its.hanifahseptiani45.workers.dev/v1/map/archive/indonesia.pmtiles","updatedAt":"2026-07-26T09:42:15.032Z"},"geometry":{"type":"Polygon","coordinates":[[[102.37712860107422,-1.6320214687808772],[102.37601280212402,-1.6323646522380244],[102.37532615661621,-1.630991918058072],[102.37635612487793,-1.6303913465598328],[102.37506866455078,-1.6278174666815062],[102.37601280212402,-1.6273884863821877],[102.38090515136719,-1.6355390964380092],[102.3819351196289,-1.6350243220437761],[102.38296508789062,-1.636397053468258],[102.37978935241699,-1.6387135356161053],[102.3790168762207,-1.6376839883254064],[102.38004684448242,-1.6369118275102608],[102.37712860107422,-1.6320214687808772]]]}},{"type":"Feature","id":"pmtiles:10/803/516:landuse:78422820:27","properties":{"class":"residential","kind":"green","verification":"verified","source":"OpenMapTiles/OpenStreetMap national PMTiles","sourceId":"10/803/516:landuse:78422820:27","sourceLayer":"landuse","archive":"https://its.hanifahseptiani45.workers.dev/v1/map/archive/indonesia.pmtiles","updatedAt":"2026-07-26T09:42:15.032Z"},"geometry":{"type":"Polygon","coordinates":[[[102.39506721496582,-1.673717826416734],[102.39935874938965,-1.673117267835167],[102.40193367004395,-1.66925652970896],[102.40081787109375,-1.6683985868729536],[102.40167617797852,-1.6677122323347362],[102.40433692932129,-1.6695139124867637],[102.40596771240234,-1.6684843811733998],[102.40631103515625,-1.6643662505346555],[102.40450859069824,-1.6641946615712584],[102.40493774414062,-1.6611060576783956],[102.40777015686035,-1.661191852296227],[102.4079418182373,-1.6601623166365584],[102.40922927856445,-1.6602481112953456],[102.40880012512207,-1.665224195127692],[102.41274833679199,-1.6654815784327752],[102.41472244262695,-1.6629935384094665],[102.41609573364258,-1.6578458594424177],[102.4174690246582,-1.6579316542016755],[102.41686820983887,-1.6629077438699085],[102.41412162780762,-1.6670258775571227],[102.4046802520752,-1.670972414257605],[102.40296363830566,-1.67037185483602],[102.40176200866699,-1.673031473737069],[102.41171836853027,-1.672430914945366],[102.41257667541504,-1.6729456796352196],[102.40837097167969,-1.6748331490087338],[102.3951530456543,-1.6750905310552184],[102.39506721496582,-1.673717826416734]]]}},{"type":"Feature","id":"pmtiles:10/803/516:landuse:78422820:28","properties":{"class":"residential","kind":"green","verification":"verified","source":"OpenMapTiles/OpenStreetMap national PMTiles","sourceId":"10/803/516:landuse:78422820:28","sourceLayer":"landuse","archive":"https://its.hanifahseptiani45.workers.dev/v1/map/archive/indonesia.pmtiles","updatedAt":"2026-07-26T09:42:15.032Z"},"geometry":{"type":"Polygon","coordinates":[[[102.41686820983887,-1.6881311770413419],[102.41506576538086,-1.6844420557703472],[102.4105167388916,-1.6857289593334315],[102.4101734161377,-1.6845278493676688],[102.41463661193848,-1.6829835640379827],[102.4160099029541,-1.6806671337507169],[102.41497993469238,-1.6792086391969008],[102.41506576538086,-1.6768064105007454],[102.42124557495117,-1.6735462382693385],[102.42244720458984,-1.6745757669284416],[102.42416381835938,-1.6688275583377532],[102.42527961730957,-1.669084941171704],[102.42382049560547,-1.675262119067412],[102.42459297180176,-1.6754337070645846],[102.42382049560547,-1.6768064105007454],[102.42459297180176,-1.6781791129741208],[102.42081642150879,-1.6803239586595708],[102.42356300354004,-1.682468801989586],[102.4229621887207,-1.683326738661421],[102.41875648498535,-1.6799807835080998],[102.41661071777344,-1.681782452380432],[102.41609573364258,-1.683498325950481],[102.41772651672363,-1.6877880032647],[102.41686820983887,-1.6881311770413419]]]}},{"type":"Feature","id":"pmtiles:10/803/516:landuse:78422820:29","properties":{"class":"residential","kind":"green","verification":"verified","source":"OpenMapTiles/OpenStreetMap national PMTiles","sourceId":"10/803/516:landuse:78422820:29","sourceLayer":"landuse","archive":"https://its.hanifahseptiani45.workers.dev/v1/map/archive/indonesia.pmtiles","updatedAt":"2026-07-26T09:42:15.032Z"},"geometry":{"type":"Polygon","coordinates":[[[102.47179985046387,-1.6912197383035874],[102.47360229492188,-1.6906191851095258],[102.47549057006836,-1.6890749046146993],[102.47600555419922,-1.6906191851095258],[102.4764347076416,-1.6905333917809315],[102.47591972351074,-1.6871016555297444],[102.47360229492188,-1.6861579269987885],[102.47291564941406,-1.685042610872273],[102.47300148010254,-1.6846994365509858],[102.47454643249512,-1.6855573722408224],[102.47583389282227,-1.6839272941070789],[102.47780799865723,-1.6838415004832967],[102.47626304626465,-1.6857289593334315],[102.47712135314941,-1.6877880032647],[102.47677803039551,-1.690962358386031],[102.47591972351074,-1.6912197383035874],[102.47471809387207,-1.6906191851095258],[102.47368812561035,-1.6914771181870094],[102.47188568115234,-1.691648704756986],[102.47179985046387,-1.6912197383035874]]]}},{"type":"Feature","id":"pmtiles:10/803/516:landuse:78422820:30","properties":{"class":"residential","kind":"green","verification":"verified","source":"OpenMapTiles/OpenStreetMap national PMTiles","sourceId":"10/803/516:landuse:78422820:30","sourceLayer":"landuse","archive":"https://its.hanifahseptiani45.workers.dev/v1/map/archive/indonesia.pmtiles","updatedAt":"2026-07-26T09:42:15.032Z"},"geometry":{"type":"Polygon","coordinates":[[[102.43781089782715,-1.6396572868343213],[102.43643760681152,-1.6356248921575514],[102.43721008300781,-1.633565793876656],[102.43832588195801,-1.6337373854806998],[102.4376392364502,-1.635710687873413],[102.43961334228516,-1.641115810568948],[102.44287490844727,-1.640086264513684],[102.44356155395508,-1.6418879697625641],[102.44158744812012,-1.6428317194829987],[102.44304656982422,-1.6460919423579696],[102.44587898254395,-1.6451481941787875],[102.44690895080566,-1.645491375386527],[102.44210243225098,-1.647807846993615],[102.44270324707031,-1.6526981670895822],[102.44175910949707,-1.6530413469953942],[102.44004249572754,-1.6484942084340304],[102.43660926818848,-1.6495237501509479],[102.43549346923828,-1.6470356900904193],[102.43326187133789,-1.6476362565965417],[102.43240356445312,-1.6458345565352204],[102.43317604064941,-1.64120160604962],[102.43781089782715,-1.6396572868343213]]]}},{"type":"Feature","id":"pmtiles:10/803/516:landuse:78422820:31","properties":{"class":"residential","kind":"green","verification":"verified","source":"OpenMapTiles/OpenStreetMap national PMTiles","sourceId":"10/803/516:landuse:78422820:31","sourceLayer":"landuse","archive":"https://its.hanifahseptiani45.workers.dev/v1/map/archive/indonesia.pmtiles","updatedAt":"2026-07-26T09:42:15.032Z"},"geometry":{"type":"Polygon","coordinates":[[[102.44081497192383,-1.6634225110511949],[102.44175910949707,-1.6643662505346555],[102.44047164916992,-1.6654815784327752],[102.44356155395508,-1.6685701754700943],[102.4449348449707,-1.6673690549758504],[102.44845390319824,-1.6705434432609252],[102.44690895080566,-1.6720019442673504],[102.45180130004883,-1.6766348226238676],[102.45102882385254,-1.6777501435546611],[102.44999885559082,-1.6771495862093815],[102.44467735290527,-1.6821256272151857],[102.44064331054688,-1.6785222884419682],[102.43592262268066,-1.6846994365509858],[102.43429183959961,-1.6839272941070789],[102.43669509887695,-1.6793802268479823],[102.43403434753418,-1.6770637922878677],[102.43635177612305,-1.674489972894179],[102.43549346923828,-1.673374650106922],[102.44047164916992,-1.66831279256877],[102.43806838989258,-1.6660821393472247],[102.44081497192383,-1.6634225110511949]]]}},{"type":"Feature","id":"pmtiles:10/803/516:landuse:78422820:32","properties":{"class":"residential","kind":"green","verification":"verified","source":"OpenMapTiles/OpenStreetMap national PMTiles","sourceId":"10/803/516:landuse:78422820:32","sourceLayer":"landuse","archive":"https://its.hanifahseptiani45.workers.dev/v1/map/archive/indonesia.pmtiles","updatedAt":"2026-07-26T09:42:15.032Z"},"geometry":{"type":"Polygon","coordinates":[[[102.41540908813477,-1.649952725709113],[102.40931510925293,-1.6443760362455464],[102.40751266479492,-1.6414589924695804],[102.40914344787598,-1.6310777139717771],[102.40571022033691,-1.6309061221407433],[102.40579605102539,-1.6291902030258711],[102.41206169128418,-1.6288470190274325],[102.41249084472656,-1.6249861950203552],[102.41497993469238,-1.6249003988474158],[102.41446495056152,-1.6290186110339704],[102.41867065429688,-1.6302197546702928],[102.42218971252441,-1.6250719911896425],[102.4269962310791,-1.6274742824493558],[102.42279052734375,-1.6321930605167694],[102.42485046386719,-1.6329652231470817],[102.42485046386719,-1.6346811390409357],[102.42176055908203,-1.635710687873413],[102.42064476013184,-1.6351101177853167],[102.42098808288574,-1.633651589680511],[102.41506576538086,-1.6312493057881738],[102.4148941040039,-1.6371692144816876],[102.41772651672363,-1.6398288779170969],[102.41755485534668,-1.6476362565965417],[102.41849899291992,-1.6476362565965417],[102.41849899291992,-1.6500385208096304],[102.41540908813477,-1.649952725709113]]]}},{"type":"Feature","id":"pmtiles:10/803/516:landuse:78422820:33","properties":{"class":"residential","kind":"green","verification":"verified","source":"OpenMapTiles/OpenStreetMap national PMTiles","sourceId":"10/803/516:landuse:78422820:33","sourceLayer":"landuse","archive":"https://its.hanifahseptiani45.workers.dev/v1/map/archive/indonesia.pmtiles","updatedAt":"2026-07-26T09:42:15.032Z"},"geometry":{"type":"Polygon","coordinates":[[[102.39566802978516,-1.6617066199248853],[102.40201950073242,-1.6585322174123291],[102.40279197692871,-1.6596475486056335],[102.3980712890625,-1.6625645656744865],[102.4006462097168,-1.6668542888253484],[102.39970207214355,-1.6675406436627895],[102.39704132080078,-1.6675406436627895],[102.39652633666992,-1.6665969056996062],[102.39738464355469,-1.665224195127692],[102.39566802978516,-1.6617066199248853]]]}},{"type":"Feature","id":"pmtiles:10/803/516:landuse:78422820:34","properties":{"class":"residential","kind":"green","verification":"verified","source":"OpenMapTiles/OpenStreetMap national PMTiles","sourceId":"10/803/516:landuse:78422820:34","sourceLayer":"landuse","archive":"https://its.hanifahseptiani45.workers.dev/v1/map/archive/indonesia.pmtiles","updatedAt":"2026-07-26T09:42:15.032Z"},"geometry":{"type":"Polygon","coordinates":[[[102.4024486541748,-1.6514970369522928],[102.4032211303711,-1.6524407821213174],[102.39523887634277,-1.657502680368225],[102.3940372467041,-1.6586180121418295],[102.39283561706543,-1.657502680368225],[102.4024486541748,-1.6514970369522928]]]}},{"type":"Feature","id":"pmtiles:10/803/516:landuse:78422820:35","properties":{"class":"residential","kind":"green","verification":"verified","source":"OpenMapTiles/OpenStreetMap national PMTiles","sourceId":"10/803/516:landuse:78422820:35","sourceLayer":"landuse","archive":"https://its.hanifahseptiani45.workers.dev/v1/map/archive/indonesia.pmtiles","updatedAt":"2026-07-26T09:42:15.032Z"},"geometry":{"type":"Polygon","coordinates":[[[102.39455223083496,-1.6226696970723538],[102.39824295043945,-1.6255009719814382],[102.4009895324707,-1.6255009719814382],[102.4006462097168,-1.6287612230186994],[102.39798545837402,-1.6288470190274325],[102.3980712890625,-1.6269595059916213],[102.3936939239502,-1.623785048267635],[102.39455223083496,-1.6226696970723538]]]}},{"type":"Feature","id":"pmtiles:10/803/516:landuse:78422820:36","properties":{"class":"residential","kind":"green","verification":"verified","source":"OpenMapTiles/OpenStreetMap national PMTiles","sourceId":"10/803/516:landuse:78422820:36","sourceLayer":"landuse","archive":"https://its.hanifahseptiani45.workers.dev/v1/map/archive/indonesia.pmtiles","updatedAt":"2026-07-26T09:42:15.032Z"},"geometry":{"type":"Polygon","coordinates":[[[102.54913330078125,-1.6516686270163774],[102.55059242248535,-1.6513254468734146],[102.55050659179688,-1.6520976021117235],[102.55205154418945,-1.653298731885812],[102.55454063415527,-1.653298731885812],[102.55282402038574,-1.6517544220428562],[102.55230903625488,-1.650810676547863],[102.55282402038574,-1.6502959060890277],[102.5570297241211,-1.6521833971196713],[102.55677223205566,-1.6503817011747657],[102.55780220031738,-1.6468640996268533],[102.55891799926758,-1.6451481941787875],[102.55943298339844,-1.645405580090113],[102.55951881408691,-1.6472930757580713],[102.55814552307129,-1.6493521599017669],[102.55857467651367,-1.6515828319861896],[102.56106376647949,-1.6539850914304424],[102.56114959716797,-1.6571595012345455],[102.56192207336426,-1.658360627942173],[102.56097793579102,-1.6585322174123291],[102.56046295166016,-1.657502680368225],[102.5599479675293,-1.654671450737652],[102.55823135375977,-1.6549288354166265],[102.55745887756348,-1.6537277066290272],[102.55514144897461,-1.6541566812795025],[102.55342483520508,-1.655958373798427],[102.55359649658203,-1.6572452960235324],[102.55471229553223,-1.6578458594424177],[102.5559139251709,-1.6574168855903793],[102.55574226379395,-1.659304369843909],[102.55505561828613,-1.6585322174123291],[102.55084991455078,-1.6568163220413936],[102.55067825317383,-1.6550146303022046],[102.54921913146973,-1.6538992965003416],[102.54818916320801,-1.654671450737652],[102.54904747009277,-1.6587038068676065],[102.54818916320801,-1.6605054952493674],[102.5467300415039,-1.6576742699127465],[102.54398345947266,-1.6568163220413936],[102.54389762878418,-1.6555293995376559],[102.5452709197998,-1.6536419116877994],[102.54793167114258,-1.6520118071000667],[102.54776000976562,-1.6508964716113752],[102.54853248596191,-1.6496095452699677],[102.5489616394043,-1.6523549871244683],[102.54913330078125,-1.6522691921239243],[102.54913330078125,-1.6516686270163774]]]}},{"type":"Feature","id":"pmtiles:10/803/516:landuse:78422820:37","properties":{"class":"residential","kind":"green","verification":"verified","source":"OpenMapTiles/OpenStreetMap national PMTiles","sourceId":"10/803/516:landuse:78422820:37","sourceLayer":"landuse","archive":"https://its.hanifahseptiani45.workers.dev/v1/map/archive/indonesia.pmtiles","updatedAt":"2026-07-26T09:42:15.032Z"},"geometry":{"type":"Polygon","coordinates":[[[102.54715919494629,-1.6604197006017642],[102.54836082458496,-1.6611060576783956],[102.54956245422363,-1.6597333432867742],[102.54981994628906,-1.6577600646794366],[102.5489616394043,-1.6558725789536908],[102.54921913146973,-1.654414066025268],[102.55007743835449,-1.6551862200621912],[102.5504207611084,-1.6569021168452451],[102.55136489868164,-1.6581890384571238],[102.55471229553223,-1.6591327804407143],[102.55496978759766,-1.6598191379641776],[102.55471229553223,-1.6605912898932615],[102.5518798828125,-1.6627361547796653],[102.55145072937012,-1.664452045010762],[102.54939079284668,-1.6674548493211887],[102.54904747009277,-1.6627361547796653],[102.53969192504883,-1.6607628791698943],[102.53952026367188,-1.6599907273078145],[102.54415512084961,-1.6591327804407143],[102.54561424255371,-1.6611060576783956],[102.54715919494629,-1.6604197006017642]]]}},{"type":"Feature","id":"pmtiles:10/803/516:landuse:78422820:38","properties":{"class":"residential","kind":"green","verification":"verified","source":"OpenMapTiles/OpenStreetMap national PMTiles","sourceId":"10/803/516:landuse:78422820:38","sourceLayer":"landuse","archive":"https://its.hanifahseptiani45.workers.dev/v1/map/archive/indonesia.pmtiles","updatedAt":"2026-07-26T09:42:15.032Z"},"geometry":{"type":"Polygon","coordinates":[[[102.50836372375488,-1.6946514672736157],[102.51823425292969,-1.6966247086785415],[102.51814842224121,-1.694394087811645],[102.51909255981445,-1.694394087811645],[102.51917839050293,-1.6965389156158182],[102.52235412597656,-1.6961957433268822],[102.52424240112305,-1.693793535600733],[102.52767562866211,-1.691133945001539],[102.52836227416992,-1.69233505088512],[102.52741813659668,-1.6930213967703338],[102.52964973449707,-1.6952520192184863],[102.53128051757812,-1.693793535600733],[102.53514289855957,-1.6970536739350734],[102.54226684570312,-1.6970536739350734],[102.54226684570312,-1.6982547761470528],[102.53986358642578,-1.6981689831566626],[102.5405502319336,-1.7003138067733659],[102.54475593566895,-1.7050324103363863],[102.54209518432617,-1.7086356998149057],[102.5357437133789,-1.7064050928386507],[102.53273963928223,-1.7094936248854253],[102.53162384033203,-1.7083783222190192],[102.53119468688965,-1.7051182030214704],[102.53411293029785,-1.7014291141123294],[102.53179550170898,-1.6992842917346138],[102.52741813659668,-1.7034023485935137],[102.5218391418457,-1.6983405691336486],[102.51806259155273,-1.7007427712107983],[102.51025199890137,-1.6981689831566626],[102.50784873962402,-1.6957667778801095],[102.50312805175781,-1.695852570977081],[102.50295639038086,-1.684785230136967],[102.4911117553711,-1.6840130877270667],[102.48982429504395,-1.681696658662304],[102.49814987182617,-1.675176325063191],[102.5075912475586,-1.675262119067412],[102.51033782958984,-1.6790370515307558],[102.50836372375488,-1.683669913224449],[102.50518798828125,-1.685643165789017],[102.5053596496582,-1.691133945001539],[102.50836372375488,-1.6946514672736157]]]}},{"type":"Feature","id":"pmtiles:10/803/516:landuse:78422820:39","properties":{"class":"residential","kind":"green","verification":"verified","source":"OpenMapTiles/OpenStreetMap national PMTiles","sourceId":"10/803/516:landuse:78422820:39","sourceLayer":"landuse","archive":"https://its.hanifahseptiani45.workers.dev/v1/map/archive/indonesia.pmtiles","updatedAt":"2026-07-26T09:42:15.032Z"},"geometry":{"type":"Polygon","coordinates":[[[102.48862266540527,-1.7251935857740222],[102.49428749084473,-1.7200460718335506],[102.49317169189453,-1.7156706740635173],[102.49626159667969,-1.7109520966253058],[102.50235557556152,-1.7081209445886572],[102.50630378723145,-1.7082925296793974],[102.51420021057129,-1.7073488114906894],[102.51359939575195,-1.7178154781440895],[102.51033782958984,-1.7263088786266536],[102.49909400939941,-1.7257083364026755],[102.49119758605957,-1.7269952123646135],[102.48862266540527,-1.7251935857740222]]]}},{"type":"Feature","id":"pmtiles:10/803/516:landuse:78422820:40","properties":{"class":"residential","kind":"green","verification":"verified","source":"OpenMapTiles/OpenStreetMap national PMTiles","sourceId":"10/803/516:landuse:78422820:40","sourceLayer":"landuse","archive":"https://its.hanifahseptiani45.workers.dev/v1/map/archive/indonesia.pmtiles","updatedAt":"2026-07-26T09:42:15.032Z"},"geometry":{"type":"Polygon","coordinates":[[[102.55342483520508,-1.722448246736505],[102.55977630615234,-1.7221908709988298],[102.56063461303711,-1.7206466158429805],[102.56518363952637,-1.7216761194192145],[102.56672859191895,-1.7207324078289048],[102.56535530090332,-1.7185018149414617],[102.56604194641113,-1.7180728544719983],[102.56758689880371,-1.7197886957716264],[102.57402420043945,-1.7165285959844994],[102.57762908935547,-1.7221050790785597],[102.56973266601562,-1.7235635411979473],[102.56896018981934,-1.7450113840327646],[102.56784439086914,-1.744925593146661],[102.56655693054199,-1.728367879096794],[102.55325317382812,-1.7338585360943881],[102.55342483520508,-1.722448246736505]]]}},{"type":"Feature","id":"pmtiles:10/803/516:landuse:78422820:41","properties":{"class":"residential","kind":"green","verification":"verified","source":"OpenMapTiles/OpenStreetMap national PMTiles","sourceId":"10/803/516:landuse:78422820:41","sourceLayer":"landuse","archive":"https://its.hanifahseptiani45.workers.dev/v1/map/archive/indonesia.pmtiles","updatedAt":"2026-07-26T09:42:15.032Z"},"geometry":{"type":"Polygon","coordinates":[[[102.57762908935547,-1.6870158620458398],[102.5741958618164,-1.6857289593334315],[102.57333755493164,-1.684785230136967],[102.5735092163086,-1.6829835640379827],[102.57505416870117,-1.681782452380432],[102.57548332214355,-1.6808387212736875],[102.57462501525879,-1.6762058528658486],[102.57325172424316,-1.6756052950467222],[102.57222175598145,-1.6763774407803282],[102.57016181945801,-1.6760342649363196],[102.5698184967041,-1.675262119067412],[102.57342338562012,-1.6747473549857261],[102.57745742797852,-1.6768064105007454],[102.57694244384766,-1.6804955462126827],[102.57874488830566,-1.6810961025298639],[102.57797241210938,-1.682468801989586],[102.57685661315918,-1.6828119767036043],[102.5767707824707,-1.6822972146099318],[102.57548332214355,-1.682468801989586],[102.57548332214355,-1.683326738661421],[102.57565498352051,-1.684270468564364],[102.57728576660156,-1.6845278493676688],[102.57805824279785,-1.6864153075526218],[102.57762908935547,-1.6870158620458398]]]}},{"type":"Feature","id":"pmtiles:10/803/516:landuse:78422820:42","properties":{"class":"residential","kind":"green","verification":"verified","source":"OpenMapTiles/OpenStreetMap national PMTiles","sourceId":"10/803/516:landuse:78422820:42","sourceLayer":"landuse","archive":"https://its.hanifahseptiani45.workers.dev/v1/map/archive/indonesia.pmtiles","updatedAt":"2026-07-26T09:42:15.032Z"},"geometry":{"type":"Polygon","coordinates":[[[102.63590812683105,-1.693793535600733],[102.63444900512695,-1.6942225014846741],[102.63359069824219,-1.693965121965718],[102.63195991516113,-1.6898470450156111],[102.63058662414551,-1.688817524412869],[102.63127326965332,-1.688045383602855],[102.63247489929199,-1.6892464913969718],[102.63419151306152,-1.6926782238580955],[102.63470649719238,-1.6924208441340625],[102.63556480407715,-1.6912197383035874],[102.63616561889648,-1.683584119589355],[102.63067245483398,-1.6805813399835756],[102.62929916381836,-1.6822114209144559],[102.62887001037598,-1.681353483752119],[102.63007164001465,-1.6798949897108173],[102.6291275024414,-1.6780075252176374],[102.63650894165039,-1.6822114209144559],[102.63693809509277,-1.680152371091367],[102.63908386230469,-1.6810103087815804],[102.6394271850586,-1.683240945011221],[102.6408863067627,-1.6838415004832967],[102.64140129089355,-1.6858147528740517],[102.6463794708252,-1.6879595901605882],[102.64646530151367,-1.6889891112178788],[102.64165878295898,-1.6882169704760344],[102.63728141784668,-1.6864153075526218],[102.63668060302734,-1.6881311770413419],[102.63908386230469,-1.6889891112178788],[102.63788223266602,-1.6910481516956821],[102.63599395751953,-1.6914771181870094],[102.63590812683105,-1.693793535600733]]]}},{"type":"Feature","id":"pmtiles:10/803/516:landuse:78422820:43","properties":{"class":"residential","kind":"green","verification":"verified","source":"OpenMapTiles/OpenStreetMap national PMTiles","sourceId":"10/803/516:landuse:78422820:43","sourceLayer":"landuse","archive":"https://its.hanifahseptiani45.workers.dev/v1/map/archive/indonesia.pmtiles","updatedAt":"2026-07-26T09:42:15.032Z"},"geometry":{"type":"Polygon","coordinates":[[[102.61058807373047,-1.589380472446436],[102.60981559753418,-1.5886940909956166],[102.61050224304199,-1.5871497318975827],[102.61161804199219,-1.586377551915973],[102.61299133300781,-1.586377551915973],[102.61247634887695,-1.5874929229079697],[102.61058807373047,-1.589380472446436]]]}},{"type":"Feature","id":"pmtiles:10/803/516:landuse:78422820:44","properties":{"class":"residential","kind":"green","verification":"verified","source":"OpenMapTiles/OpenStreetMap national PMTiles","sourceId":"10/803/516:landuse:78422820:44","sourceLayer":"landuse","archive":"https://its.hanifahseptiani45.workers.dev/v1/map/archive/indonesia.pmtiles","updatedAt":"2026-07-26T09:42:15.032Z"},"geometry":{"type":"Polygon","coordinates":[[[102.6123046875,-1.5910964250751078],[102.6148796081543,-1.592297591065929],[102.61496543884277,-1.5934987563567375],[102.6119613647461,-1.5928123762762993],[102.6123046875,-1.5910964250751078]]]}},{"type":"Feature","id":"pmtiles:10/803/516:landuse:78422820:45","properties":{"class":"residential","kind":"green","verification":"verified","source":"OpenMapTiles/OpenStreetMap national PMTiles","sourceId":"10/803/516:landuse:78422820:45","sourceLayer":"landuse","archive":"https://its.hanifahseptiani45.workers.dev/v1/map/archive/indonesia.pmtiles","updatedAt":"2026-07-26T09:42:15.032Z"},"geometry":{"type":"Polygon","coordinates":[[[102.6463794708252,-1.5091581216491505],[102.64938354492188,-1.5053828780613117],[102.64921188354492,-1.5047822705237195],[102.6504135131836,-1.5040958617068156],[102.65161514282227,-1.5007496156341915],[102.65255928039551,-1.5011786218273215],[102.6518726348877,-1.5034094526740063],[102.65316009521484,-1.5032378503820638],[102.6536750793457,-1.5044390661422682],[102.65152931213379,-1.5055544801845144],[102.65084266662598,-1.5049538726941876],[102.64989852905273,-1.5055544801845144],[102.64835357666016,-1.5084717142110833],[102.64732360839844,-1.509243922563698],[102.6463794708252,-1.5091581216491505]]]}},{"type":"Feature","id":"pmtiles:10/803/516:landuse:78422820:46","properties":{"class":"residential","kind":"green","verification":"verified","source":"OpenMapTiles/OpenStreetMap national PMTiles","sourceId":"10/803/516:landuse:78422820:46","sourceLayer":"landuse","archive":"https://its.hanifahseptiani45.workers.dev/v1/map/archive/indonesia.pmtiles","updatedAt":"2026-07-26T09:42:15.032Z"},"geometry":{"type":"Polygon","coordinates":[[[102.65324592590332,-1.496802754711922],[102.65384674072266,-1.495773137650005],[102.65341758728027,-1.4905392434554443],[102.65496253967285,-1.4893380200801687],[102.65582084655762,-1.4895954251442873],[102.65427589416504,-1.491912069367615],[102.65470504760742,-1.4959447405272215],[102.65410423278809,-1.4972317616783783],[102.65324592590332,-1.496802754711922]]]}},{"type":"Feature","id":"pmtiles:10/803/516:landuse:78422820:47","properties":{"class":"residential","kind":"green","verification":"verified","source":"OpenMapTiles/OpenStreetMap national PMTiles","sourceId":"10/803/516:landuse:78422820:47","sourceLayer":"landuse","archive":"https://its.hanifahseptiani45.workers.dev/v1/map/archive/indonesia.pmtiles","updatedAt":"2026-07-26T09:42:15.032Z"},"geometry":{"type":"Polygon","coordinates":[[[102.63916969299316,-1.5074421026479428],[102.64157295227051,-1.518510401366612],[102.6423454284668,-1.5182529997129848],[102.64208793640137,-1.5174807945682147],[102.64346122741699,-1.5157647821484659],[102.64389038085938,-1.5124185540198027],[102.64457702636719,-1.511303143496363],[102.64534950256348,-1.5118179484245502],[102.6449203491211,-1.5125043548055572],[102.64457702636719,-1.516022184098162],[102.64294624328613,-1.5183388002675997],[102.64148712158203,-1.5188536035237803],[102.64208793640137,-1.5205696134916735],[102.64071464538574,-1.5179097974604616],[102.63934135437012,-1.5123327532306519],[102.63916969299316,-1.5074421026479428]]]}},{"type":"Feature","id":"pmtiles:10/803/516:landuse:78422820:48","properties":{"class":"residential","kind":"green","verification":"verified","source":"OpenMapTiles/OpenStreetMap national PMTiles","sourceId":"10/803/516:landuse:78422820:48","sourceLayer":"landuse","archive":"https://its.hanifahseptiani45.workers.dev/v1/map/archive/indonesia.pmtiles","updatedAt":"2026-07-26T09:42:15.032Z"},"geometry":{"type":"Polygon","coordinates":[[[102.61170387268066,-1.508557515152674],[102.6093864440918,-1.5095871261879665],[102.60706901550293,-1.5096729270855604],[102.60380744934082,-1.5081285104108275],[102.60071754455566,-1.5035810549524484],[102.59943008422852,-1.4967169533085496],[102.59968757629395,-1.494228711151365],[102.60226249694824,-1.4865923641930294],[102.60689735412598,-1.4864207605866397],[102.60844230651855,-1.4853911386683052],[102.61058807373047,-1.4820448641219315],[102.61256217956543,-1.4805004280098188],[102.61367797851562,-1.4811010421813364],[102.60930061340332,-1.486077553333871],[102.60655403137207,-1.4883942012544935],[102.60217666625977,-1.4901102351823425],[102.60149002075195,-1.4933706959605928],[102.60269165039062,-1.502894645757749],[102.60397911071777,-1.5065840926400398],[102.60766983032227,-1.5077853065564284],[102.60801315307617,-1.508385913266082],[102.61127471923828,-1.5079569084903852],[102.61170387268066,-1.508557515152674]]]}},{"type":"Feature","id":"pmtiles:10/803/516:landuse:78422820:49","properties":{"class":"residential","kind":"green","verification":"verified","source":"OpenMapTiles/OpenStreetMap national PMTiles","sourceId":"10/803/516:landuse:78422820:49","sourceLayer":"landuse","archive":"https://its.hanifahseptiani45.workers.dev/v1/map/archive/indonesia.pmtiles","updatedAt":"2026-07-26T09:42:15.032Z"},"geometry":{"type":"Polygon","coordinates":[[[102.5694751739502,-1.5262324366978675],[102.57084846496582,-1.5261466364573693],[102.57162094116211,-1.5276052400799784],[102.57084846496582,-1.5299218437978084],[102.57016181945801,-1.5300076438874726],[102.56930351257324,-1.5292354429568462],[102.57041931152344,-1.529149642836316],[102.5694751739502,-1.5262324366978675]]]}},{"type":"Feature","id":"pmtiles:10/803/516:landuse:78422820:50","properties":{"class":"residential","kind":"green","verification":"verified","source":"OpenMapTiles/OpenStreetMap national PMTiles","sourceId":"10/803/516:landuse:78422820:50","sourceLayer":"landuse","archive":"https://its.hanifahseptiani45.workers.dev/v1/map/archive/indonesia.pmtiles","updatedAt":"2026-07-26T09:42:15.032Z"},"geometry":{"type":"Polygon","coordinates":[[[102.60904312133789,-1.5735078432326048],[102.61204719543457,-1.5741942297061229],[102.61187553405762,-1.5752238089926465],[102.60904312133789,-1.5746232211373155],[102.60878562927246,-1.5759101949010415],[102.60766983032227,-1.575738598445156],[102.6079273223877,-1.574709019412964],[102.60904312133789,-1.5735078432326048]]]}},{"type":"Feature","id":"pmtiles:10/803/516:landuse:78422820:51","properties":{"class":"residential","kind":"green","verification":"verified","source":"OpenMapTiles/OpenStreetMap national PMTiles","sourceId":"10/803/516:landuse:78422820:51","sourceLayer":"landuse","archive":"https://its.hanifahseptiani45.workers.dev/v1/map/archive/indonesia.pmtiles","updatedAt":"2026-07-26T09:42:15.032Z"},"geometry":{"type":"Polygon","coordinates":[[[102.53883361816406,-1.469603542706011],[102.54166603088379,-1.4722634172673281],[102.54252433776855,-1.4725208243146142],[102.55694389343262,-1.470289962251158],[102.55711555480957,-1.4714053935617812],[102.54295349121094,-1.4738936613979092],[102.54140853881836,-1.4735504522063962],[102.53814697265625,-1.470461567104465],[102.53883361816406,-1.469603542706011]]]}},{"type":"Feature","id":"pmtiles:10/803/516:landuse:78422820:52","properties":{"class":"residential","kind":"green","verification":"verified","source":"OpenMapTiles/OpenStreetMap national PMTiles","sourceId":"10/803/516:landuse:78422820:52","sourceLayer":"landuse","archive":"https://its.hanifahseptiani45.workers.dev/v1/map/archive/indonesia.pmtiles","updatedAt":"2026-07-26T09:42:15.032Z"},"geometry":{"type":"Polygon","coordinates":[[[102.5357437133789,-1.4659140340388035],[102.53703117370605,-1.4621387165509532],[102.53479957580566,-1.458277589825343],[102.53145217895508,-1.461881308308989],[102.53085136413574,-1.4611948861862203],[102.53402709960938,-1.4569047431701563],[102.5350570678711,-1.4569047431701563],[102.53617286682129,-1.458020181141265],[102.53763198852539,-1.458020181141265],[102.53694534301758,-1.4591356185596567],[102.53840446472168,-1.4616239000375373],[102.53754615783691,-1.465485021008206],[102.53660202026367,-1.4660856392280266],[102.5357437133789,-1.4659140340388035]]]}},{"type":"Feature","id":"pmtiles:10/803/516:landuse:78422820:53","properties":{"class":"residential","kind":"green","verification":"verified","source":"OpenMapTiles/OpenStreetMap national PMTiles","sourceId":"10/803/516:landuse:78422820:53","sourceLayer":"landuse","archive":"https://its.hanifahseptiani45.workers.dev/v1/map/archive/indonesia.pmtiles","updatedAt":"2026-07-26T09:42:15.032Z"},"geometry":{"type":"Polygon","coordinates":[[[102.49857902526855,-1.4888232098617067],[102.4966049194336,-1.4903676401562365],[102.49188423156738,-1.4927700851277308],[102.48819351196289,-1.4926842835667742],[102.48827934265137,-1.4903676401562365],[102.49308586120605,-1.4905392434554443],[102.4958324432373,-1.4894238217715525],[102.49772071838379,-1.4877935890641822],[102.49857902526855,-1.4888232098617067]]]}},{"type":"Feature","id":"pmtiles:10/803/516:landuse:78422820:54","properties":{"class":"residential","kind":"green","verification":"verified","source":"OpenMapTiles/OpenStreetMap national PMTiles","sourceId":"10/803/516:landuse:78422820:54","sourceLayer":"landuse","archive":"https://its.hanifahseptiani45.workers.dev/v1/map/archive/indonesia.pmtiles","updatedAt":"2026-07-26T09:42:15.032Z"},"geometry":{"type":"Polygon","coordinates":[[[102.48124122619629,-1.490196036843642],[102.4790096282959,-1.4920836725464142],[102.47763633728027,-1.4893380200801687],[102.47411727905273,-1.486678165991222],[102.47171401977539,-1.4872787784851624],[102.47051239013672,-1.486077553333871],[102.47214317321777,-1.4847047237895197],[102.4746322631836,-1.484790525661026],[102.48124122619629,-1.490196036843642]]]}},{"type":"Feature","id":"pmtiles:10/803/516:landuse:78422820:55","properties":{"class":"residential","kind":"green","verification":"verified","source":"OpenMapTiles/OpenStreetMap national PMTiles","sourceId":"10/803/516:landuse:78422820:55","sourceLayer":"landuse","archive":"https://its.hanifahseptiani45.workers.dev/v1/map/archive/indonesia.pmtiles","updatedAt":"2026-07-26T09:42:15.032Z"},"geometry":{"type":"Polygon","coordinates":[[[102.48965263366699,-1.482388072000603],[102.48699188232422,-1.4810152401667978],[102.48355865478516,-1.4769825417396305],[102.4819278717041,-1.4724350219688063],[102.48184204101562,-1.468659715486993],[102.48347282409668,-1.4688313204655685],[102.4833869934082,-1.4721776149116295],[102.48415946960449,-1.475438102104917],[102.48553276062012,-1.4778405632951603],[102.48896598815918,-1.4801572198387447],[102.4899959564209,-1.481444250206252],[102.48965263366699,-1.482388072000603]]]}},{"type":"Feature","id":"pmtiles:10/803/516:landuse:78422820:56","properties":{"class":"residential","kind":"green","verification":"verified","source":"OpenMapTiles/OpenStreetMap national PMTiles","sourceId":"10/803/516:landuse:78422820:56","sourceLayer":"landuse","archive":"https://its.hanifahseptiani45.workers.dev/v1/map/archive/indonesia.pmtiles","updatedAt":"2026-07-26T09:42:15.032Z"},"geometry":{"type":"Polygon","coordinates":[[[102.4848461151123,-1.4614522945068416],[102.49085426330566,-1.4551028806657342],[102.49085426330566,-1.456475728418809],[102.48656272888184,-1.4623103220291682],[102.4848461151123,-1.4614522945068416]]]}},{"type":"Feature","id":"pmtiles:10/803/516:landuse:78422820:57","properties":{"class":"residential","kind":"green","verification":"verified","source":"OpenMapTiles/OpenStreetMap national PMTiles","sourceId":"10/803/516:landuse:78422820:57","sourceLayer":"landuse","archive":"https://its.hanifahseptiani45.workers.dev/v1/map/archive/indonesia.pmtiles","updatedAt":"2026-07-26T09:42:15.032Z"},"geometry":{"type":"Polygon","coordinates":[[[102.51935005187988,-1.4557035016605653],[102.52467155456543,-1.4587066042333987],[102.5295639038086,-1.4641979814234247],[102.53059387207031,-1.4666862572867103],[102.53067970275879,-1.4684023079944382],[102.52947807312012,-1.4719202078247235],[102.52819061279297,-1.470976381585217],[102.52767562866211,-1.465485021008206],[102.52381324768066,-1.4599936469666517],[102.51960754394531,-1.4567331372794285],[102.51935005187988,-1.4557035016605653]]]}},{"type":"Feature","id":"pmtiles:10/803/516:landuse:78422820:58","properties":{"class":"residential","kind":"green","verification":"verified","source":"OpenMapTiles/OpenStreetMap national PMTiles","sourceId":"10/803/516:landuse:78422820:58","sourceLayer":"landuse","archive":"https://its.hanifahseptiani45.workers.dev/v1/map/archive/indonesia.pmtiles","updatedAt":"2026-07-26T09:42:15.032Z"},"geometry":{"type":"Polygon","coordinates":[[[102.58844375610352,-1.41846470003874],[102.58827209472656,-1.4198375698213255],[102.58698463439941,-1.4202665914611998],[102.58732795715332,-1.4183788956502923],[102.58844375610352,-1.41846470003874]]]}},{"type":"Feature","id":"pmtiles:10/803/516:landuse:78422820:59","properties":{"class":"residential","kind":"green","verification":"verified","source":"OpenMapTiles/OpenStreetMap national PMTiles","sourceId":"10/803/516:landuse:78422820:59","sourceLayer":"landuse","archive":"https://its.hanifahseptiani45.workers.dev/v1/map/archive/indonesia.pmtiles","updatedAt":"2026-07-26T09:42:15.032Z"},"geometry":{"type":"Polygon","coordinates":[[[102.57342338562012,-1.4681449004722253],[102.57290840148926,-1.4671152700870778],[102.5778865814209,-1.4630825465188195],[102.58312225341797,-1.464455389399518],[102.58243560791016,-1.465570823620908],[102.57651329040527,-1.4661714418177212],[102.57342338562012,-1.4681449004722253]]]}},{"type":"Feature","id":"pmtiles:10/803/516:landuse:78422820:60","properties":{"class":"residential","kind":"green","verification":"verified","source":"OpenMapTiles/OpenStreetMap national PMTiles","sourceId":"10/803/516:landuse:78422820:60","sourceLayer":"landuse","archive":"https://its.hanifahseptiani45.workers.dev/v1/map/archive/indonesia.pmtiles","updatedAt":"2026-07-26T09:42:15.032Z"},"geometry":{"type":"Polygon","coordinates":[[[102.57170677185059,-1.4701183573846492],[102.56587028503418,-1.479127595006858],[102.56269454956055,-1.481444250206252],[102.55419731140137,-1.4837609029831924],[102.54801750183105,-1.4837609029831924],[102.5438117980957,-1.4828170817741437],[102.54441261291504,-1.4810152401667978],[102.5475025177002,-1.4821306660965945],[102.55574226379395,-1.481615854198779],[102.5628662109375,-1.4793850012596295],[102.56767272949219,-1.4748374864017535],[102.56896018981934,-1.4720060101903414],[102.56149291992188,-1.4721776149116295],[102.55831718444824,-1.4714053935617812],[102.5584888458252,-1.4701183573846492],[102.56458282470703,-1.47063317194457],[102.56655693054199,-1.4701183573846492],[102.57170677185059,-1.4701183573846492]]]}},{"type":"Feature","id":"pmtiles:10/803/516:landuse:78422820:61","properties":{"class":"residential","kind":"green","verification":"verified","source":"OpenMapTiles/OpenStreetMap national PMTiles","sourceId":"10/803/516:landuse:78422820:61","sourceLayer":"landuse","archive":"https://its.hanifahseptiani45.workers.dev/v1/map/archive/indonesia.pmtiles","updatedAt":"2026-07-26T09:42:15.032Z"},"geometry":{"type":"Polygon","coordinates":[[[102.59651184082031,-1.4684023079944382],[102.59110450744629,-1.4680590979582604],[102.58981704711914,-1.465656626230313],[102.58810043334961,-1.465485021008206],[102.58646965026855,-1.4611948861862203],[102.5874137878418,-1.4606800694564583],[102.59196281433105,-1.4623103220291682],[102.59307861328125,-1.4612806889630434],[102.5947093963623,-1.4620529138069145],[102.59599685668945,-1.4598220413114404],[102.5972843170166,-1.4588782099737188],[102.59822845458984,-1.45922142141508],[102.59822845458984,-1.4599078441406874],[102.59745597839355,-1.459736238478925],[102.59668350219727,-1.460422661047346],[102.59668350219727,-1.4620529138069145],[102.59608268737793,-1.4634257573177933],[102.59496688842773,-1.4627393356673508],[102.59410858154297,-1.4641121787581568],[102.59573936462402,-1.4658282314392608],[102.59651184082031,-1.4684023079944382]]]}},{"type":"Feature","id":"pmtiles:10/803/516:landuse:78422820:62","properties":{"class":"residential","kind":"green","verification":"verified","source":"OpenMapTiles/OpenStreetMap national PMTiles","sourceId":"10/803/516:landuse:78422820:62","sourceLayer":"landuse","archive":"https://its.hanifahseptiani45.workers.dev/v1/map/archive/indonesia.pmtiles","updatedAt":"2026-07-26T09:42:15.032Z"},"geometry":{"type":"Polygon","coordinates":[[[102.6262092590332,-1.4690887279087121],[102.63041496276855,-1.469946752504967],[102.63453483581543,-1.4738936613979092],[102.63547897338867,-1.4738936613979092],[102.63565063476562,-1.4744084750859798],[102.6339340209961,-1.474923288654992],[102.6313591003418,-1.4722634172673281],[102.6302433013916,-1.4733788475908085],[102.62998580932617,-1.4731214406426432],[102.63058662414551,-1.4716628007081027],[102.62603759765625,-1.4695177402480368],[102.6262092590332,-1.4690887279087121]]]}},{"type":"Feature","id":"pmtiles:10/803/516:landuse:78422820:63","properties":{"class":"residential","kind":"green","verification":"verified","source":"OpenMapTiles/OpenStreetMap national PMTiles","sourceId":"10/803/516:landuse:78422820:63","sourceLayer":"landuse","archive":"https://its.hanifahseptiani45.workers.dev/v1/map/archive/indonesia.pmtiles","updatedAt":"2026-07-26T09:42:15.032Z"},"geometry":{"type":"Polygon","coordinates":[[[102.61470794677734,-1.4671152700870778],[102.6148796081543,-1.4675442828051644],[102.61651039123535,-1.4674584802681352],[102.61659622192383,-1.4680590979582604],[102.61470794677734,-1.468573912992781],[102.61367797851562,-1.4711479863857448],[102.61410713195801,-1.4745800796222142],[102.61316299438477,-1.4740652659738203],[102.61316299438477,-1.4708047767715016],[102.61402130126953,-1.4687455179779363],[102.61307716369629,-1.4676300853389108],[102.61384963989258,-1.4669436649768102],[102.61470794677734,-1.4671152700870778]]]}},{"type":"Feature","id":"pmtiles:10/803/516:landuse:78422820:64","properties":{"class":"residential","kind":"green","verification":"verified","source":"OpenMapTiles/OpenStreetMap national PMTiles","sourceId":"10/803/516:landuse:78422820:64","sourceLayer":"landuse","archive":"https://its.hanifahseptiani45.workers.dev/v1/map/archive/indonesia.pmtiles","updatedAt":"2026-07-26T09:42:15.032Z"},"geometry":{"type":"Polygon","coordinates":[[[102.62148857116699,-1.4847047237895197],[102.6287841796875,-1.4817016561900687],[102.6317024230957,-1.481530052204178],[102.63668060302734,-1.4835034972388286],[102.63728141784668,-1.4842757143820364],[102.63762474060059,-1.4865923641930294],[102.63745307922363,-1.4872787784851624],[102.6317024230957,-1.483160289533103],[102.6291275024414,-1.4829028837188645],[102.62895584106445,-1.4845331200365166],[102.62826919555664,-1.484618921914688],[102.6276683807373,-1.4835034972388286],[102.6258659362793,-1.4841899124905495],[102.62560844421387,-1.4835892991569466],[102.62226104736328,-1.4854769405131663],[102.62148857116699,-1.4847047237895197]]]}},{"type":"Feature","id":"pmtiles:10/803/516:landuse:78422820:65","properties":{"class":"residential","kind":"green","verification":"verified","source":"OpenMapTiles/OpenStreetMap national PMTiles","sourceId":"10/803/516:landuse:78422820:65","sourceLayer":"landuse","archive":"https://its.hanifahseptiani45.workers.dev/v1/map/archive/indonesia.pmtiles","updatedAt":"2026-07-26T09:42:15.032Z"},"geometry":{"type":"Polygon","coordinates":[[[102.6371955871582,-1.4790417929159503],[102.63779640197754,-1.476639333024636],[102.6368522644043,-1.474923288654992],[102.63753890991211,-1.4744084750859798],[102.6386547088623,-1.4753522998715312],[102.6394271850586,-1.4736362545092305],[102.64131546020508,-1.4732072429619905],[102.64758110046387,-1.475609706561741],[102.64732360839844,-1.476296124256649],[102.64449119567871,-1.4761245198527888],[102.64200210571289,-1.4750090909049192],[102.64191627502441,-1.4755239043349775],[102.63994216918945,-1.4756955087851935],[102.63856887817383,-1.4767251352083548],[102.63762474060059,-1.4792133970944263],[102.6371955871582,-1.4790417929159503]]]}},{"type":"Feature","id":"pmtiles:10/803/516:landuse:78422820:66","properties":{"class":"residential","kind":"green","verification":"verified","source":"OpenMapTiles/OpenStreetMap national PMTiles","sourceId":"10/803/516:landuse:78422820:66","sourceLayer":"landuse","archive":"https://its.hanifahseptiani45.workers.dev/v1/map/archive/indonesia.pmtiles","updatedAt":"2026-07-26T09:42:15.032Z"},"geometry":{"type":"Polygon","coordinates":[[[102.64680862426758,-1.4157189580307374],[102.64723777770996,-1.4162337849051312],[102.64843940734863,-1.4154615445506664],[102.65007019042969,-1.417949873660234],[102.64826774597168,-1.4189795263027207],[102.64938354492188,-1.4177782648419566],[102.64852523803711,-1.4166628072131005],[102.64723777770996,-1.4171776338777988],[102.64680862426758,-1.4157189580307374]]]}},{"type":"Feature","id":"pmtiles:10/803/516:landuse:78422820:69","properties":{"class":"residential","kind":"green","verification":"verified","source":"OpenMapTiles/OpenStreetMap national PMTiles","sourceId":"10/803/516:landuse:78422820:69","sourceLayer":"landuse","archive":"https://its.hanifahseptiani45.workers.dev/v1/map/archive/indonesia.pmtiles","updatedAt":"2026-07-26T09:42:15.032Z"},"geometry":{"type":"Polygon","coordinates":[[[102.6617431640625,-1.5502563686554396],[102.65779495239258,-1.5618392387041098],[102.65685081481934,-1.5627830253088177],[102.6547908782959,-1.5617534399008406],[102.6511001586914,-1.5635552140335705],[102.64955520629883,-1.5636410127632416],[102.64972686767578,-1.5627830253088177],[102.65316009521484,-1.5609812505138052],[102.65144348144531,-1.558836278506675],[102.65298843383789,-1.5581498870027275],[102.6547908782959,-1.5589220774289316],[102.65530586242676,-1.5581498870027275],[102.65702247619629,-1.55780669116686],[102.65693664550781,-1.5569487013326295],[102.65805244445801,-1.55609071114921],[102.65693664550781,-1.5552327206167433],[102.65830993652344,-1.553602537644153],[102.65959739685059,-1.5542031315173261],[102.6617431640625,-1.548368783815036],[102.6617431640625,-1.5502563686554396]]]}},{"type":"Feature","id":"pmtiles:10/803/516:mountain_peak:95100489321:0","properties":{"name_int":"Bukit Tangkip","ele_ft":187,"name_de":"Bukit Tangkip","name":"Bukit Tangkip","rank":1,"class":"peak","ele":57,"name:latin":"Bukit Tangkip","name_en":"Bukit Tangkip","kind":"poi","verification":"verified","source":"OpenMapTiles/OpenStreetMap national PMTiles","sourceId":"10/803/516:mountain_peak:95100489321:0","sourceLayer":"mountain_peak","archive":"https://its.hanifahseptiani45.workers.dev/v1/map/archive/indonesia.pmtiles","updatedAt":"2026-07-26T09:42:15.033Z"},"geometry":{"type":"Point","coordinates":[102.53746032714844,-1.4838467048913202]}},{"type":"Feature","id":"pmtiles:10/803/516:mountain_peak:95100489311:0","properties":{"name_int":"Pematang Lawas","ele_ft":164,"name_de":"Pematang Lawas","name":"Pematang Lawas","rank":1,"class":"peak","ele":50,"name:latin":"Pematang Lawas","name_en":"Pematang Lawas","kind":"poi","verification":"verified","source":"OpenMapTiles/OpenStreetMap national PMTiles","sourceId":"10/803/516:mountain_peak:95100489311:0","sourceLayer":"mountain_peak","archive":"https://its.hanifahseptiani45.workers.dev/v1/map/archive/indonesia.pmtiles","updatedAt":"2026-07-26T09:42:15.033Z"},"geometry":{"type":"Point","coordinates":[102.53376960754395,-1.6436038780135647]}},{"type":"Feature","id":"pmtiles:10/803/516:transportation:6072701260:0","properties":{"class":"trunk","ramp":1,"highway":"trunk","kind":"road","verification":"verified","source":"OpenMapTiles/OpenStreetMap national PMTiles","sourceId":"10/803/516:transportation:6072701260:0","sourceLayer":"transportation","archive":"https://its.hanifahseptiani45.workers.dev/v1/map/archive/indonesia.pmtiles","updatedAt":"2026-07-26T09:42:15.033Z"},"geometry":{"type":"LineString","coordinates":[[102.43858337402344,-1.466857862416731],[102.43866920471191,-1.4667720598533691]]}},{"type":"Feature","id":"pmtiles:10/803/516:transportation:6072701260:1","properties":{"class":"trunk","ramp":1,"highway":"trunk","kind":"road","verification":"verified","source":"OpenMapTiles/OpenStreetMap national PMTiles","sourceId":"10/803/516:transportation:6072701260:1","sourceLayer":"transportation","archive":"https://its.hanifahseptiani45.workers.dev/v1/map/archive/indonesia.pmtiles","updatedAt":"2026-07-26T09:42:15.033Z"},"geometry":{"type":"LineString","coordinates":[[102.4416732788086,-1.4708047767715016],[102.44175910949707,-1.4708047767715016]]}},{"type":"Feature","id":"pmtiles:10/803/516:transportation:6072701260:2","properties":{"class":"trunk","ramp":1,"highway":"trunk","kind":"road","verification":"verified","source":"OpenMapTiles/OpenStreetMap national PMTiles","sourceId":"10/803/516:transportation:6072701260:2","sourceLayer":"transportation","archive":"https://its.hanifahseptiani45.workers.dev/v1/map/archive/indonesia.pmtiles","updatedAt":"2026-07-26T09:42:15.033Z"},"geometry":{"type":"LineString","coordinates":[[102.43961334228516,-1.4675442828051644],[102.43961334228516,-1.4674584802681352]]}},{"type":"Feature","id":"pmtiles:10/803/516:transportation:6072701260:3","properties":{"class":"trunk","ramp":1,"highway":"trunk","kind":"road","verification":"verified","source":"OpenMapTiles/OpenStreetMap national PMTiles","sourceId":"10/803/516:transportation:6072701260:3","sourceLayer":"transportation","archive":"https://its.hanifahseptiani45.workers.dev/v1/map/archive/indonesia.pmtiles","updatedAt":"2026-07-26T09:42:15.033Z"},"geometry":{"type":"LineString","coordinates":[[102.44184494018555,-1.4745800796222142],[102.44175910949707,-1.4745800796222142]]}},{"type":"Feature","id":"pmtiles:10/803/516:transportation:8809481140:0","properties":{"class":"secondary","ramp":1,"highway":"secondary","kind":"road","verification":"verified","source":"OpenMapTiles/OpenStreetMap national PMTiles","sourceId":"10/803/516:transportation:8809481140:0","sourceLayer":"transportation","archive":"https://its.hanifahseptiani45.workers.dev/v1/map/archive/indonesia.pmtiles","updatedAt":"2026-07-26T09:42:15.033Z"},"geometry":{"type":"LineString","coordinates":[[102.35052108764648,-1.6168355423452567],[102.35052108764648,-1.6169213388599388]]}},{"type":"Feature","id":"pmtiles:10/803/516:transportation:8809481140:1","properties":{"class":"secondary","ramp":1,"highway":"secondary","kind":"road","verification":"verified","source":"OpenMapTiles/OpenStreetMap national PMTiles","sourceId":"10/803/516:transportation:8809481140:1","sourceLayer":"transportation","archive":"https://its.hanifahseptiani45.workers.dev/v1/map/archive/indonesia.pmtiles","updatedAt":"2026-07-26T09:42:15.033Z"},"geometry":{"type":"LineString","coordinates":[[102.3489761352539,-1.6168355423452567],[102.3489761352539,-1.6169213388599388]]}},{"type":"Feature","id":"pmtiles:10/803/516:transportation:8809481140:2","properties":{"class":"secondary","ramp":1,"highway":"secondary","kind":"road","verification":"verified","source":"OpenMapTiles/OpenStreetMap national PMTiles","sourceId":"10/803/516:transportation:8809481140:2","sourceLayer":"transportation","archive":"https://its.hanifahseptiani45.workers.dev/v1/map/archive/indonesia.pmtiles","updatedAt":"2026-07-26T09:42:15.033Z"},"geometry":{"type":"LineString","coordinates":[[102.35198020935059,-1.6169213388599388],[102.35189437866211,-1.617007135370983]]}},{"type":"Feature","id":"pmtiles:10/803/516:transportation:5254380350:0","properties":{"class":"secondary","highway":"secondary","kind":"road","verification":"verified","source":"OpenMapTiles/OpenStreetMap national PMTiles","sourceId":"10/803/516:transportation:5254380350:0","sourceLayer":"transportation","archive":"https://its.hanifahseptiani45.workers.dev/v1/map/archive/indonesia.pmtiles","updatedAt":"2026-07-26T09:42:15.033Z"},"geometry":{"type":"LineString","coordinates":[[102.3654556274414,-1.4697751476120828],[102.36528396606445,-1.468488110495258],[102.36442565917969,-1.4663430469872054],[102.36451148986816,-1.4627393356673508],[102.36433982849121,-1.4610232806227401],[102.36296653747559,-1.45922142141508],[102.36176490783691,-1.4570763490478242],[102.36210823059082,-1.4560467135857778],[102.36373901367188,-1.4551028806657342],[102.36391067504883,-1.4541590473507284],[102.36279487609863,-1.4526145919840587],[102.36210823059082,-1.4500404973607885],[102.36150741577148,-1.4489250554479582],[102.36099243164062,-1.4470373832674568],[102.36039161682129,-1.446265153286177],[102.35713005065918,-1.4435194445587882],[102.35575675964355,-1.441545964362561],[102.35395431518555,-1.4411169467021807],[102.35043525695801,-1.4377706061793845],[102.34820365905762,-1.4368267656573437],[102.3471736907959,-1.4359687284807023],[102.34528541564941,-1.4351106909819578],[102.34416961669922,-1.4333088111869756],[102.3420238494873,-1.432021753322374],[102.34090805053711,-1.4302198710978473],[102.33962059020996,-1.4294476354255607],[102.33901977539062,-1.4278173592646226],[102.33464241027832,-1.4251574325204643],[102.3310375213623,-1.4239561742738118],[102.32906341552734,-1.4201807871395857],[102.32674598693848,-1.417864069252687],[102.32485771179199,-1.417349242740599],[102.3215103149414,-1.4175208515906803],[102.31764793395996,-1.4154615445506664],[102.3127555847168,-1.4132306265268966],[102.31249809265137,-1.4122009713313872],[102.31327056884766,-1.4095410266324535],[102.31318473815918,-1.4091120030092128],[102.3101806640625,-1.4067952740787462],[102.30717658996582,-1.403448883785444],[102.30391502380371,-1.4006173190275177]]}},{"type":"Feature","id":"pmtiles:10/803/516:transportation:5254380350:1","properties":{"class":"secondary","highway":"secondary","kind":"road","verification":"verified","source":"OpenMapTiles/OpenStreetMap national PMTiles","sourceId":"10/803/516:transportation:5254380350:1","sourceLayer":"transportation","archive":"https://its.hanifahseptiani45.workers.dev/v1/map/archive/indonesia.pmtiles","updatedAt":"2026-07-26T09:42:15.033Z"},"geometry":{"type":"LineString","coordinates":[[102.44768142700195,-1.4792991991786835],[102.44965553283691,-1.47380785910498],[102.44974136352539,-1.4724350219688063],[102.44939804077148,-1.4715769983292972],[102.44819641113281,-1.4649702052630005],[102.44665145874023,-1.4627393356673508],[102.44622230529785,-1.461538097273845],[102.44587898254395,-1.4600794497893474],[102.44587898254395,-1.4581059840392356],[102.44665145874023,-1.4555318956783623],[102.45085716247559,-1.445578726415519],[102.45102882385254,-1.4442058720517252],[102.45051383972168,-1.4425756064176198],[102.44974136352539,-1.441288553776019],[102.447509765625,-1.4389718571884629],[102.44390487670898,-1.4360545322128644],[102.44193077087402,-1.435024887214368],[102.43849754333496,-1.4286753994935424],[102.43806838989258,-1.4243851951480906],[102.43806838989258,-1.4210388302122539],[102.4376392364502,-1.4194085481018135],[102.43660926818848,-1.4172634383107834],[102.43532180786133,-1.4156331535405542],[102.43437767028809,-1.4148609129860432],[102.4321460723877,-1.413659649390297],[102.43120193481445,-1.4134880402544496],[102.43034362792969,-1.413659649390297],[102.42854118347168,-1.4152041310420174],[102.4258804321289,-1.4199233741556583],[102.42467880249023,-1.4201807871395857],[102.42158889770508,-1.4214678516290604],[102.4200439453125,-1.4212962430719074],[102.4189281463623,-1.4206098087157528],[102.41884231567383,-1.4202665914611998],[102.41695404052734,-1.418550504424033],[102.41523742675781,-1.4192369393917375],[102.41394996643066,-1.4194085481018135],[102.41240501403809,-1.4177782648419566],[102.41214752197266,-1.4159763714822304],[102.41094589233398,-1.4132306265268966],[102.41103172302246,-1.4084255650476507],[102.41223335266113,-1.4058514208917643],[102.41403579711914,-1.4036204936606538],[102.41463661193848,-1.403448883785444],[102.41515159606934,-1.4026766391911707],[102.41592407226562,-1.4006173190275177]]}},{"type":"Feature","id":"pmtiles:10/803/516:transportation:5254380350:2","properties":{"class":"secondary","highway":"secondary","kind":"road","verification":"verified","source":"OpenMapTiles/OpenStreetMap national PMTiles","sourceId":"10/803/516:transportation:5254380350:2","sourceLayer":"transportation","archive":"https://its.hanifahseptiani45.workers.dev/v1/map/archive/indonesia.pmtiles","updatedAt":"2026-07-26T09:42:15.033Z"},"geometry":{"type":"LineString","coordinates":[[102.44210243225098,-1.4812726462004377],[102.44227409362793,-1.4878793908156638],[102.44330406188965,-1.4909682516449863]]}},{"type":"Feature","id":"pmtiles:10/803/516:transportation:5254380350:3","properties":{"class":"secondary","highway":"secondary","kind":"road","verification":"verified","source":"OpenMapTiles/OpenStreetMap national PMTiles","sourceId":"10/803/516:transportation:5254380350:3","sourceLayer":"transportation","archive":"https://its.hanifahseptiani45.workers.dev/v1/map/archive/indonesia.pmtiles","updatedAt":"2026-07-26T09:42:15.033Z"},"geometry":{"type":"LineString","coordinates":[[102.2991943359375,-1.5911822226690902],[102.3006534576416,-1.5895520677734964],[102.3017692565918,-1.5889514840663992],[102.30219841003418,-1.5890372817495404],[102.30365753173828,-1.5903242465687697],[102.30769157409668,-1.5921259959672227],[102.30923652648926,-1.5937561488279357],[102.3112964630127,-1.5940135412669605],[102.31404304504395,-1.595557895225184],[102.3185920715332,-1.5964158691454742],[102.32022285461426,-1.5980460186074055],[102.3226261138916,-1.5990755860220247],[102.32322692871094,-1.599590369535676],[102.32331275939941,-1.6033654446865881],[102.32391357421875,-1.6048239945857148],[102.32605934143066,-1.6057677616132366],[102.32820510864258,-1.6061109495151982],[102.32889175415039,-1.6066257312600953],[102.32932090759277,-1.6073121067181262],[102.32975006103516,-1.6095428253628228],[102.3295783996582,-1.6111729643677535],[102.3321533203125,-1.6139184586897528],[102.33275413513184,-1.6142616452195],[102.33464241027832,-1.6131462887860835],[102.33635902404785,-1.613661068754439],[102.33850479125977,-1.6116877448351943],[102.33919143676758,-1.6098860126300991],[102.33953475952148,-1.60971441900368],[102.34150886535645,-1.6125457119917002],[102.34803199768066,-1.6167497458269509],[102.35240936279297,-1.617007135370983],[102.35944747924805,-1.6193236397978126],[102.35970497131348,-1.619066250547732],[102.36099243164062,-1.6151196112904103],[102.36133575439453,-1.6149480181051956],[102.3680305480957,-1.6164923562502764],[102.37146377563477,-1.6184656755037992],[102.37386703491211,-1.6188946576962024],[102.37455368041992,-1.6182082861448066],[102.37489700317383,-1.6172645248823727],[102.3760986328125,-1.6167497458269509],[102.37704277038574,-1.6167497458269509],[102.3786735534668,-1.6158059838863181],[102.3790168762207,-1.614347441842881],[102.38090515136719,-1.613746865403158],[102.3819351196289,-1.613832662048253],[102.3830509185791,-1.614347441842881],[102.38519668579102,-1.6167497458269509],[102.3882007598877,-1.6188946576962024],[102.38888740539551,-1.6200100109715407],[102.39017486572266,-1.6209537709556798],[102.39137649536133,-1.6215543452620267],[102.39266395568848,-1.6217259378882432],[102.39335060119629,-1.6225839008010894],[102.39669799804688,-1.6244714179280493],[102.39781379699707,-1.6260157488112839],[102.39987373352051,-1.6263589332915558],[102.40004539489746,-1.6266163216134686],[102.39995956420898,-1.6291044070317326],[102.40073204040527,-1.6299623668085275],[102.41695404052734,-1.6303055506168818],[102.4258804321289,-1.6345953432810632],[102.42759704589844,-1.6357964835856222],[102.43291854858398,-1.6384561488430336],[102.43592262268066,-1.6384561488430336],[102.43729591369629,-1.6422311515306518],[102.43824005126953,-1.6421453560941615],[102.44029998779297,-1.6476362565965417],[102.44527816772461,-1.6457487612535857],[102.45034217834473,-1.6457487612535857],[102.45051383972168,-1.6459203518131602],[102.45051383972168,-1.6491805696378208],[102.45068550109863,-1.6494379550282048],[102.52364158630371,-1.6495237501509479],[102.52398490905762,-1.6493521599017669],[102.52819061279297,-1.6443760362455464],[102.52922058105469,-1.6441186502014205],[102.5475025177002,-1.6459203518131602],[102.54776000976562,-1.646349328147494],[102.54853248596191,-1.6519260120847008],[102.5489616394043,-1.6533845268418759]]}},{"type":"Feature","id":"pmtiles:10/803/516:transportation:5254380350:4","properties":{"class":"secondary","highway":"secondary","kind":"road","verification":"verified","source":"OpenMapTiles/OpenStreetMap national PMTiles","sourceId":"10/803/516:transportation:5254380350:4","sourceLayer":"transportation","archive":"https://its.hanifahseptiani45.workers.dev/v1/map/archive/indonesia.pmtiles","updatedAt":"2026-07-26T09:42:15.033Z"},"geometry":{"type":"LineString","coordinates":[[102.47403144836426,-1.7630273831138652],[102.47488975524902,-1.762512642694304],[102.47506141662598,-1.7610542107328797],[102.47583389282227,-1.7597673580543187],[102.47600555419922,-1.7583089239451795],[102.47720718383789,-1.7571936500338836],[102.47746467590332,-1.7555636331195075],[102.47815132141113,-1.7541051957281155],[102.47978210449219,-1.7526467571998552],[102.48141288757324,-1.7526467571998552],[102.48261451721191,-1.7521320139186116],[102.48347282409668,-1.7523035950280814],[102.4845027923584,-1.7530757098261347],[102.48518943786621,-1.7529041287874207],[102.48682022094727,-1.750673573853689],[102.48656272888184,-1.7489577605599607],[102.4870777130127,-1.7483572255364095],[102.48810768127441,-1.7479282718305313],[102.48965263366699,-1.7458692926785488],[102.48982429504395,-1.7440676840704015],[102.48905181884766,-1.7430381926625955],[102.48767852783203,-1.7426092377431814],[102.48724937438965,-1.742180282726082],[102.48682022094727,-1.7410649992245055],[102.48682022094727,-1.7392633860204967],[102.48570442199707,-1.738319683179384],[102.48493194580078,-1.7367754411492342],[102.48252868652344,-1.7343732843720971],[102.48167037963867,-1.7309416265443787],[102.48072624206543,-1.730083711116464],[102.48055458068848,-1.7288826288655628],[102.48261451721191,-1.728110504160071],[102.48407363891602,-1.7272525874524405],[102.4863052368164,-1.7269952123646135],[102.48716354370117,-1.7255367528752714],[102.48870849609375,-1.7248504186108846],[102.48956680297852,-1.7250220022001912],[102.49085426330566,-1.7263088786266536],[102.49197006225586,-1.7264804620843819],[102.49317169189453,-1.7257941281605582],[102.49360084533691,-1.7248504186108846],[102.49488830566406,-1.7231345818669723],[102.49617576599121,-1.7221050790785597],[102.49471664428711,-1.7176438939061995],[102.49523162841797,-1.7154132974121836],[102.49677658081055,-1.7114668510922968],[102.49772071838379,-1.707606189224478],[102.4984073638916,-1.7065766780825555],[102.49866485595703,-1.7052039957027176],[102.49978065490723,-1.7033165558320036],[102.50072479248047,-1.7010859426920888],[102.50123977661133,-1.6976542251343432],[102.50201225280762,-1.6962815364048254],[102.50329971313477,-1.6952520192184863],[102.50493049621582,-1.6945656741234245],[102.5075912475586,-1.6948230535625868],[102.5082778930664,-1.695423605454252],[102.51420021057129,-1.6974826390964495],[102.51643180847168,-1.6975684321172935],[102.51866340637207,-1.69713946697496],[102.52106666564941,-1.69713946697496],[102.52261161804199,-1.6967105017374564],[102.5232982635498,-1.6962815364048254],[102.5244140625,-1.6947372604199984],[102.52638816833496,-1.6931929832036872],[102.5273323059082,-1.6919060845834935],[102.53042221069336,-1.690962358386031],[102.53205299377441,-1.6883027639069326],[102.53265380859375,-1.6877022098110785],[102.53325462341309,-1.6876164163536629],[102.53437042236328,-1.688045383602855],[102.53462791442871,-1.6879595901605882],[102.53479957580566,-1.6872732424861852],[102.53471374511719,-1.685042610872273],[102.53522872924805,-1.6843562621692456],[102.53694534301758,-1.683326738661421],[102.53814697265625,-1.6814392774853246],[102.53952026367188,-1.680152371091367],[102.54003524780273,-1.6790370515307558],[102.54286766052246,-1.6761200589029528],[102.54484176635742,-1.67500473704348],[102.54578590393066,-1.6741467967195263],[102.54844665527344,-1.6674548493211887],[102.54904747009277,-1.6665111113168933],[102.55007743835449,-1.6658247561205854],[102.55162239074707,-1.662478771116298],[102.55145072937012,-1.6617066199248853],[102.55024909973145,-1.6603339059504094],[102.54990577697754,-1.6601623166365584],[102.54939079284668,-1.6603339059504094],[102.54861831665039,-1.6599049326378577],[102.54853248596191,-1.6596475486056335],[102.54887580871582,-1.6587038068676065],[102.54878997802734,-1.6577600646794366],[102.54801750183105,-1.6563873479663442],[102.5478458404541,-1.6554436046743604],[102.54836082458496,-1.6537277066290272],[102.55033493041992,-1.6532129369260389],[102.55273818969727,-1.6537277066290272],[102.55522727966309,-1.6537277066290272],[102.5562572479248,-1.6534703217942166],[102.55857467651367,-1.6533845268418759],[102.557373046875,-1.6515828319861896],[102.55728721618652,-1.6503817011747657],[102.5577163696289,-1.6493521599017669],[102.55780220031738,-1.6478936421866024],[102.5588321685791,-1.645577170679232],[102.56003379821777,-1.644461831586213],[102.56449699401855,-1.6414589924695804],[102.56707191467285,-1.6406868331103226],[102.56818771362305,-1.639914673452978],[102.57041931152344,-1.6390567179287387],[102.57222175598145,-1.6390567179287387],[102.57342338562012,-1.6385419444377334],[102.57376670837402,-1.6381129664274994],[102.57376670837402,-1.636311257781756],[102.5741958618164,-1.6354533007148149],[102.57616996765137,-1.633308406443092],[102.5778865814209,-1.6326220397924374],[102.57857322692871,-1.6319356729074457],[102.57977485656738,-1.6298765708473013],[102.57960319519043,-1.628503834970573],[102.57917404174805,-1.6276458745727354],[102.57977485656738,-1.625586768128855],[102.57960319519043,-1.6241282331269815],[102.58063316345215,-1.6230986783741201],[102.5822639465332,-1.6203531964712],[102.58329391479492,-1.6194952326130476],[102.58346557617188,-1.6183798790544301],[102.58380889892578,-1.6176935073288092],[102.58664131164551,-1.6158917804444997],[102.58792877197266,-1.6139184586897528],[102.5888729095459,-1.6139184586897528],[102.59127616882324,-1.6151196112904103],[102.59170532226562,-1.6151196112904103],[102.59264945983887,-1.6146048316913237],[102.59342193603516,-1.6140042553276288],[102.59479522705078,-1.6113445578713481],[102.5958251953125,-1.6105723869913362],[102.59762763977051,-1.6105723869913362],[102.59891510009766,-1.6102291998396083],[102.60054588317871,-1.6110871676105347],[102.60174751281738,-1.6099718094378943],[102.60354995727539,-1.61005760624208],[102.60432243347168,-1.6098002158186944],[102.60552406311035,-1.6077410912622554],[102.60663986206055,-1.607998481945458],[102.60741233825684,-1.6077410912622554],[102.60852813720703,-1.6055103706489433],[102.61007308959961,-1.6042234153414228],[102.61110305786133,-1.6010489221228283],[102.6108455657959,-1.599933558473026],[102.61093139648438,-1.5987323969411875],[102.61161804199219,-1.5984750050928938],[102.6126480102539,-1.5989039914887826],[102.61316299438477,-1.5985608023792537],[102.61350631713867,-1.5976170320322893],[102.61350631713867,-1.596759058613344],[102.61427879333496,-1.5960726796203204],[102.61582374572754,-1.595214705556856],[102.61599540710449,-1.5933271613580615],[102.61728286743164,-1.5922117935183593],[102.61908531188965,-1.592297591065929],[102.61994361877441,-1.5910964250751078],[102.62080192565918,-1.590581639436337],[102.62105941772461,-1.589981056028762],[102.62114524841309,-1.588608293298222],[102.62148857116699,-1.5878361138613855],[102.62208938598633,-1.5876645183918043],[102.62277603149414,-1.5879219115908398],[102.623291015625,-1.5878361138613855],[102.62560844421387,-1.5861201585247215],[102.62629508972168,-1.5861201585247215],[102.62758255004883,-1.5866349452752075],[102.62801170349121,-1.5864633497059373],[102.62972831726074,-1.585519573820605],[102.63101577758789,-1.5838894144598328],[102.63110160827637,-1.5827740415266192],[102.63195991516113,-1.5814870720120098],[102.63367652893066,-1.5807148899201167],[102.63504981994629,-1.5805432938606856],[102.63590812683105,-1.5801143036500918],[102.6371955871582,-1.5802001016993046],[102.63848304748535,-1.5785699381584664],[102.63899803161621,-1.5761675895583807],[102.63882637023926,-1.5751380107382005],[102.64183044433594,-1.5706764966428608],[102.64140129089355,-1.5698185120700288],[102.64165878295898,-1.5689605271450802],[102.64200210571289,-1.5685315345506439],[102.64371871948242,-1.5676735490979041],[102.64500617980957,-1.5660433757691408],[102.645263671875,-1.5649279932871991],[102.64663696289062,-1.5638126102120395],[102.64715194702148,-1.5630404215819595],[102.64809608459473,-1.562868824070037],[102.65015602111816,-1.5630404215819595],[102.65161514282227,-1.5627830253088177],[102.65496253967285,-1.5609812505138052],[102.65616416931152,-1.5600374631000875],[102.65805244445801,-1.5600374631000875],[102.6617431640625,-1.56123864700767]]}},{"type":"Feature","id":"pmtiles:10/803/516:transportation:4737202310:0","properties":{"class":"trunk","highway":"trunk","kind":"road","verification":"verified","source":"OpenMapTiles/OpenStreetMap national PMTiles","sourceId":"10/803/516:transportation:4737202310:0","sourceLayer":"transportation","archive":"https://its.hanifahseptiani45.workers.dev/v1/map/archive/indonesia.pmtiles","updatedAt":"2026-07-26T09:42:15.033Z"},"geometry":{"type":"LineString","coordinates":[[102.2991943359375,-1.4805004280098188],[102.30194091796875,-1.4806720320754323],[102.30417251586914,-1.4804146259720312],[102.30606079101562,-1.4792991991786835],[102.30700492858887,-1.4781837718245754],[102.30915069580078,-1.4779263654324808],[102.31095314025879,-1.476296124256649],[102.3145580291748,-1.4746658818853717],[102.315673828125,-1.4738936613979092],[102.31696128845215,-1.4735504522063962],[102.3185920715332,-1.4723492196197157],[102.31962203979492,-1.47037576467946],[102.31953620910645,-1.4688313204655685],[102.31996536254883,-1.4684023079944382],[102.3211669921875,-1.468573912992781],[102.32357025146484,-1.4707189743596842],[102.32485771179199,-1.47063317194457],[102.32614517211914,-1.4701183573846492],[102.32674598693848,-1.470461567104465],[102.32760429382324,-1.4716628007081027],[102.32975006103516,-1.4717486030836113],[102.33112335205078,-1.4715769983292972],[102.33309745788574,-1.4722634172673281],[102.33558654785156,-1.4713195911730708],[102.34107971191406,-1.4710621839871294],[102.34228134155273,-1.47037576467946],[102.34271049499512,-1.47063317194457],[102.34262466430664,-1.4717486030836113],[102.34305381774902,-1.4722634172673281],[102.3434829711914,-1.4719202078247235],[102.34434127807617,-1.47037576467946],[102.34477043151855,-1.4701183573846492],[102.34683036804199,-1.471834405455823],[102.3471736907959,-1.4715769983292972],[102.34760284423828,-1.470289962251158],[102.34811782836914,-1.4701183573846492],[102.34923362731934,-1.471834405455823],[102.34983444213867,-1.4720060101903414],[102.35017776489258,-1.4716628007081027],[102.35034942626953,-1.47063317194457],[102.35060691833496,-1.470289962251158],[102.35292434692383,-1.4702041598195592],[102.35893249511719,-1.4724350219688063],[102.35944747924805,-1.4722634172673281],[102.36236572265625,-1.4696893451607025],[102.37197875976562,-1.469946752504967],[102.37369537353516,-1.4690029254309707],[102.37515449523926,-1.4688313204655685],[102.37807273864746,-1.4696893451607025],[102.38468170166016,-1.469603542706011],[102.38502502441406,-1.4692603328543328],[102.38493919372559,-1.4678016903965272],[102.38571166992188,-1.4669436649768102],[102.38931655883789,-1.4638547707426426],[102.39051818847656,-1.4629967438108764],[102.39171981811523,-1.4627393356673508],[102.39283561706543,-1.4617097027979753],[102.4039077758789,-1.461538097273845],[102.4046802520752,-1.4630825465188195],[102.40579605102539,-1.4636831653825482],[102.41429328918457,-1.4628251383851278],[102.4299144744873,-1.4629967438108764],[102.43291854858398,-1.4630825465188195],[102.44158744812012,-1.4687455179779363],[102.44175910949707,-1.469174530383171],[102.44210243225098,-1.4810152401667978]]}},{"type":"Feature","id":"pmtiles:10/803/516:transportation:4737202310:1","properties":{"class":"trunk","highway":"trunk","kind":"road","verification":"verified","source":"OpenMapTiles/OpenStreetMap national PMTiles","sourceId":"10/803/516:transportation:4737202310:1","sourceLayer":"transportation","archive":"https://its.hanifahseptiani45.workers.dev/v1/map/archive/indonesia.pmtiles","updatedAt":"2026-07-26T09:42:15.033Z"},"geometry":{"type":"LineString","coordinates":[[102.44768142700195,-1.4792991991786835],[102.44450569152832,-1.481530052204178],[102.4420166015625,-1.4811010421813364],[102.44150161743164,-1.468917122949918],[102.43291854858398,-1.4631683492234941],[102.4299144744873,-1.4629967438108764]]}},{"type":"Feature","id":"pmtiles:10/803/516:transportation:4737202310:2","properties":{"class":"trunk","highway":"trunk","kind":"road","verification":"verified","source":"OpenMapTiles/OpenStreetMap national PMTiles","sourceId":"10/803/516:transportation:4737202310:2","sourceLayer":"transportation","archive":"https://its.hanifahseptiani45.workers.dev/v1/map/archive/indonesia.pmtiles","updatedAt":"2026-07-26T09:42:15.033Z"},"geometry":{"type":"LineString","coordinates":[[102.44218826293945,-1.4811010421813364],[102.44450569152832,-1.481444250206252],[102.4463939666748,-1.479985615733284],[102.44768142700195,-1.4792991991786835],[102.44828224182129,-1.4790417929159503],[102.4486255645752,-1.479127595006858],[102.44939804077148,-1.4820448641219315],[102.44965553283691,-1.482388072000603],[102.4500846862793,-1.4823022700359303],[102.45643615722656,-1.4801572198387447],[102.45986938476562,-1.4761245198527888],[102.46038436889648,-1.4745800796222142],[102.4599552154541,-1.4708047767715016],[102.46012687683105,-1.4647985999883275],[102.46081352233887,-1.463339954622981],[102.46072769165039,-1.461881308308989],[102.46218681335449,-1.4601652526087463],[102.46338844299316,-1.4598220413114404],[102.46424674987793,-1.4601652526087463],[102.46536254882812,-1.4614522945068416],[102.46579170227051,-1.4616239000375373],[102.46613502502441,-1.4613664917365838],[102.46682167053223,-1.4593930271161213],[102.46707916259766,-1.455617698671091],[102.4665641784668,-1.4533010167218805],[102.46862411499023,-1.4503837101464825],[102.47025489807129,-1.4466083666436447],[102.4709415435791,-1.445578726415519],[102.47085571289062,-1.4419749819421241],[102.47042655944824,-1.4411169467021807],[102.4705982208252,-1.440773732515666],[102.47162818908691,-1.4400015004069928],[102.47291564941406,-1.4396582860524774],[102.47420310974121,-1.4382854281178368],[102.47694969177246,-1.4382854281178368],[102.47780799865723,-1.4388860535659234],[102.47892379760742,-1.4389718571884629],[102.47952461242676,-1.4396582860524774],[102.4801254272461,-1.4399156968232063],[102.48064041137695,-1.4397440896459557],[102.48167037963867,-1.438714446311181],[102.48312950134277,-1.4381996244695046],[102.48381614685059,-1.438457035404852],[102.4848461151123,-1.4394866788558431],[102.4870777130127,-1.4391434644238217],[102.48845100402832,-1.4376848025116828],[102.48870849609375,-1.436740961954186],[102.48973846435547,-1.4363119433900238],[102.48956680297852,-1.4345100645412856],[102.49025344848633,-1.4340810455585569],[102.4911117553711,-1.4344242607511717],[102.49162673950195,-1.434338456957832],[102.49248504638672,-1.4334804188476085],[102.49300003051758,-1.4323649688236344],[102.49351501464844,-1.4321075572024995],[102.49428749084473,-1.4321933610794275],[102.49480247497559,-1.4327939881279121],[102.49540328979492,-1.4330513996718963],[102.4969482421875,-1.4327939881279121],[102.49823570251465,-1.4329655958271132],[102.4995231628418,-1.432622380415836],[102.5009822845459,-1.4335662226731216],[102.50184059143066,-1.4337378303144561],[102.50329971313477,-1.4329655958271132],[102.50527381896973,-1.430134067147094],[102.50570297241211,-1.4298766552755637],[102.50690460205078,-1.4303914789897334],[102.50724792480469,-1.4310779104289395],[102.50784873962402,-1.4315069299741339],[102.50819206237793,-1.432279164953144],[102.50767707824707,-1.4332230073518417],[102.50784873962402,-1.4351964947463216],[102.50810623168945,-1.4354539060201006],[102.50922203063965,-1.4355397097715894],[102.50965118408203,-1.4358829247453144],[102.51008033752441,-1.4366551582477882],[102.50990867614746,-1.438800249940158],[102.51033782958984,-1.4395724824557874],[102.51179695129395,-1.4411169467021807],[102.513427734375,-1.4418033749199992],[102.51557350158691,-1.4418033749199992],[102.51643180847168,-1.4424039994408133],[102.51703262329102,-1.4433478376531639],[102.51832008361816,-1.4440342651979137],[102.51917839050293,-1.4436910514514523],[102.51952171325684,-1.4428330168586143],[102.51995086669922,-1.4424898029308366],[102.52140998840332,-1.4424898029308366],[102.52192497253418,-1.4419749819421241],[102.52252578735352,-1.4420607854483194],[102.52278327941895,-1.4424039994408133],[102.52269744873047,-1.4437768548929313],[102.52321243286133,-1.4454071196654183],[102.5244140625,-1.4461793499386886],[102.52492904663086,-1.4460077432340057],[102.52570152282715,-1.4461793499386886],[102.52664566040039,-1.4452355129023573],[102.52716064453125,-1.445321316285515],[102.5273323059082,-1.447380596508097],[102.52767562866211,-1.447895416271649],[102.52861976623535,-1.4484960391813502],[102.52870559692383,-1.449525678084683],[102.53016471862793,-1.4515849544863784],[102.53076553344727,-1.4530436074696382],[102.5313663482666,-1.4536442290125393],[102.5324821472168,-1.4538158351383146],[102.53291130065918,-1.4541590473507284],[102.53334045410156,-1.4551028806657342],[102.5342845916748,-1.455789304646757],[102.53437042236328,-1.4570763490478242],[102.53514289855957,-1.4575911666023842],[102.53746032714844,-1.4607658722529493],[102.53780364990234,-1.461881308308989],[102.53754615783691,-1.4631683492234941],[102.53625869750977,-1.465656626230313],[102.5368595123291,-1.468573912992781],[102.54115104675293,-1.4725208243146142],[102.54269599914551,-1.4731214406426432],[102.55745887756348,-1.47063317194457],[102.5588321685791,-1.4707189743596842],[102.5614070892334,-1.4715769983292972],[102.56938934326172,-1.4712337887810492],[102.57007598876953,-1.4710621839871294],[102.57136344909668,-1.4702041598195592],[102.57222175598145,-1.4682307029829218],[102.57865905761719,-1.4641979814234247],[102.57994651794434,-1.4641979814234247],[102.58217811584473,-1.4652276131504038],[102.58458137512207,-1.465656626230313],[102.58655548095703,-1.4667720598533691],[102.58758544921875,-1.4666862572867103],[102.58930206298828,-1.4641979814234247],[102.58990287780762,-1.4628251383851278],[102.59170532226562,-1.4630825465188195],[102.59342193603516,-1.461967111059593],[102.59445190429688,-1.4624819274942809],[102.5958251953125,-1.462224519291695],[102.59625434875488,-1.460422661047346],[102.59737014770508,-1.459307224267235],[102.59891510009766,-1.459736238478925],[102.5998592376709,-1.4591356185596567],[102.6009750366211,-1.4591356185596567],[102.60209083557129,-1.4600794497893474],[102.60260581970215,-1.4617097027979753],[102.60312080383301,-1.462396124763373],[102.6053524017334,-1.4641121787581568],[102.60629653930664,-1.46428378408541],[102.60663986206055,-1.4646269947004953],[102.60732650756836,-1.4658282314392608],[102.60663986206055,-1.4680590979582604],[102.6071548461914,-1.4687455179779363],[102.60766983032227,-1.4688313204655685],[102.60869979858398,-1.4684023079944382],[102.60930061340332,-1.467372677727809],[102.60964393615723,-1.4672010726372804],[102.61024475097656,-1.467286875184186],[102.61127471923828,-1.467973295440956],[102.61307716369629,-1.467286875184186],[102.61479377746582,-1.467973295440956],[102.61857032775879,-1.4671152700870778],[102.61899948120117,-1.467286875184186],[102.61951446533203,-1.468659715486993],[102.6236343383789,-1.4698609500601663],[102.62552261352539,-1.4693461353221977],[102.6298999786377,-1.470461567104465],[102.63410568237305,-1.474322672812903],[102.63530731201172,-1.4740652659738203],[102.63659477233887,-1.4742368705365152],[102.6386547088623,-1.4761245198527888],[102.63916969299316,-1.475952915435684],[102.64080047607422,-1.4739794636875132],[102.64423370361328,-1.475438102104917],[102.6467227935791,-1.4755239043349775],[102.64801025390625,-1.476296124256649],[102.6496410369873,-1.4767251352083548],[102.65084266662598,-1.4756955087851935],[102.65350341796875,-1.4745800796222142],[102.65436172485352,-1.4733788475908085],[102.65436172485352,-1.4720918125526339],[102.65453338623047,-1.471834405455823],[102.65607833862305,-1.4725208243146142],[102.6565933227539,-1.4723492196197157],[102.65719413757324,-1.4693461353221977],[102.65925407409668,-1.4680590979582604],[102.6617431640625,-1.4684023079944382]]}},{"type":"Feature","id":"pmtiles:10/803/516:water:74095213:0","properties":{"intermittent":0,"class":"river","id":7409521,"water":"river","kind":"waterway","verification":"verified","source":"OpenMapTiles/OpenStreetMap national PMTiles","sourceId":"10/803/516:water:74095213:0","sourceLayer":"water","archive":"https://its.hanifahseptiani45.workers.dev/v1/map/archive/indonesia.pmtiles","updatedAt":"2026-07-26T09:42:15.033Z"},"geometry":{"type":"Polygon","coordinates":[[[102.41841316223145,-1.4006173190275177],[102.42047309875488,-1.4006173190275177],[102.42021560668945,-1.4013037592832802],[102.41815567016602,-1.4050791770912952],[102.41678237915039,-1.4070526885180357],[102.41386413574219,-1.4101416595722185],[102.41326332092285,-1.4113429249866698],[102.41317749023438,-1.4120293620877788],[102.41352081298828,-1.413144821944698],[102.41575241088867,-1.4168344161140425],[102.41729736328125,-1.4166628072131005],[102.42313385009766,-1.417864069252687],[102.4244213104248,-1.417692460428043],[102.4251937866211,-1.4168344161140425],[102.42854118347168,-1.4107422923569715],[102.43008613586426,-1.4092836124679877],[102.43077278137207,-1.4092836124679877],[102.43257522583008,-1.4101416595722185],[102.4368667602539,-1.4107422923569715],[102.4394416809082,-1.4121151667111747],[102.44081497192383,-1.4142602812658964],[102.44115829467773,-1.4158047625177375],[102.44072914123535,-1.417349242740599],[102.43978500366211,-1.4235271533196823],[102.43987083435059,-1.4258438655229781],[102.44047164916992,-1.4285037914733891],[102.44175910949707,-1.4309063025883972],[102.44338989257812,-1.433137203513482],[102.44424819946289,-1.4339952417523563],[102.4518871307373,-1.4397440896459557],[102.4533462524414,-1.4418891784326746],[102.45317459106445,-1.4441200686264466],[102.45274543762207,-1.4460077432340057],[102.4515438079834,-1.4479812195542223],[102.44879722595215,-1.455617698671091],[102.44828224182129,-1.4584491955983907],[102.44845390319824,-1.4601652526087463],[102.44888305664062,-1.4616239000375373],[102.44939804077148,-1.4624819274942809],[102.45145797729492,-1.4643695867441124],[102.45720863342285,-1.4669436649768102],[102.45892524719238,-1.4681449004722253],[102.45944023132324,-1.469174530383171],[102.4596118927002,-1.4708047767715016],[102.45918273925781,-1.4748374864017535],[102.4581527709961,-1.4773257504016044],[102.45540618896484,-1.479899813675587],[102.45162963867188,-1.4813584482050146],[102.44759559631348,-1.4824738739619647],[102.44579315185547,-1.4837609029831924],[102.44510650634766,-1.484876327529193],[102.4449348449707,-1.4861633551520583],[102.44519233703613,-1.487536183789686],[102.44570732116699,-1.488222597788237],[102.44708061218262,-1.4888232098617067],[102.45248794555664,-1.4890806149859515],[102.45574951171875,-1.4900244335176893],[102.46184349060059,-1.4924268788638528],[102.46373176574707,-1.4927700851277308],[102.46450424194336,-1.4924268788638528],[102.4654483795166,-1.4916546645743125],[102.4665641784668,-1.4878793908156638],[102.46742248535156,-1.4859059496874778],[102.46819496154785,-1.4847047237895197],[102.46956825256348,-1.4835034972388286],[102.47128486633301,-1.4830744875983441],[102.47214317321777,-1.4824738739619647],[102.47265815734863,-1.4824738739619647],[102.4746322631836,-1.482988685660274],[102.47918128967285,-1.4857343460277406],[102.48373031616211,-1.4899386318496823],[102.48604774475098,-1.491740466175429],[102.48767852783203,-1.4925984820024922],[102.4903392791748,-1.493027489790478],[102.49188423156738,-1.4927700851277308],[102.4966049194336,-1.4903676401562365],[102.49857902526855,-1.4888232098617067],[102.49960899353027,-1.4870213731506396],[102.49969482421875,-1.484876327529193],[102.49926567077637,-1.4840183086975998],[102.49883651733398,-1.4837609029831924],[102.49814987182617,-1.4838467048913202],[102.49566078186035,-1.485047931255565],[102.49471664428711,-1.4852195349685928],[102.49119758605957,-1.4852195349685928],[102.48939514160156,-1.484790525661026],[102.48458862304688,-1.4817016561900687],[102.4833869934082,-1.4805862300442811],[102.4801254272461,-1.473464649900265],[102.47978210449219,-1.4711479863857448],[102.47978210449219,-1.4684023079944382],[102.48149871826172,-1.4641121787581568],[102.4819278717041,-1.462396124763373],[102.48321533203125,-1.4599936469666517],[102.48673439025879,-1.4559609106093632],[102.48965263366699,-1.4531294105569827],[102.49248504638672,-1.4511559387239288],[102.49557495117188,-1.4497830877373588],[102.50235557556152,-1.4485818424411718],[102.5039005279541,-1.4485818424411718],[102.51188278198242,-1.4497830877373588],[102.51694679260254,-1.4512417418829244],[102.52372741699219,-1.455188683674777],[102.52707481384277,-1.4576769695166973],[102.5287914276123,-1.4590498157009506],[102.53153800964355,-1.462396124763373],[102.53273963928223,-1.4657424288364354],[102.5328254699707,-1.4674584802681352],[102.53265380859375,-1.467973295440956],[102.53188133239746,-1.4690887279087121],[102.53110885620117,-1.4744084750859798],[102.53128051757812,-1.4761245198527888],[102.53213882446289,-1.4778405632951603],[102.53308296203613,-1.478526980300913],[102.54029273986816,-1.4818732601626436],[102.54647254943848,-1.4835034972388286],[102.54939079284668,-1.4838467048913202],[102.55548477172852,-1.4835892991569466],[102.55866050720215,-1.4829028837188645],[102.56363868713379,-1.4810152401667978],[102.56518363952637,-1.4798140116145646],[102.56621360778809,-1.47878438662336],[102.56827354431152,-1.475609706561741],[102.57024765014648,-1.4721776149116295],[102.57299423217773,-1.468573912992781],[102.57445335388184,-1.467286875184186],[102.57651329040527,-1.4661714418177212],[102.57977485656738,-1.465656626230313],[102.58243560791016,-1.465570823620908],[102.58303642272949,-1.4658282314392608],[102.5844955444336,-1.4659998366350635],[102.58664131164551,-1.4670294675335782],[102.59110450744629,-1.4680590979582604],[102.5943660736084,-1.4684023079944382],[102.59900093078613,-1.468488110495258],[102.6024341583252,-1.469603542706011],[102.60320663452148,-1.470461567104465],[102.60397911071777,-1.4723492196197157],[102.60380744934082,-1.47878438662336],[102.60329246520996,-1.4829028837188645],[102.6027774810791,-1.4853053368201188],[102.59968757629395,-1.494228711151365],[102.59943008422852,-1.495858939090283],[102.59943008422852,-1.498432980737718],[102.60046005249023,-1.5028088445932326],[102.60191917419434,-1.5058118833439949],[102.60380744934082,-1.5081285104108275],[102.60500907897949,-1.5089865198099517],[102.6064682006836,-1.5095871261879665],[102.60861396789551,-1.5097587279797722],[102.61075973510742,-1.5090723207312493],[102.61556625366211,-1.5060692864730925],[102.61848449707031,-1.5030662480766495],[102.6189136505127,-1.501865031561195],[102.61908531188965,-1.4997200004273878],[102.61848449707031,-1.4980897753593894],[102.61625289916992,-1.4947435201049615],[102.61556625366211,-1.4925984820024922],[102.61573791503906,-1.4913114581364084],[102.61728286743164,-1.4872787784851624],[102.61796951293945,-1.4859059496874778],[102.6189136505127,-1.484618921914688],[102.62020111083984,-1.483675101071725],[102.62140274047852,-1.4834176953173852],[102.62517929077148,-1.4808436361277586],[102.6291275024414,-1.4790417929159503],[102.6331615447998,-1.478526980300913],[102.63599395751953,-1.4790417929159503],[102.6371955871582,-1.4798140116145646],[102.63856887817383,-1.4818732601626436],[102.63968467712402,-1.4839325067961227],[102.63925552368164,-1.486077553333871],[102.63848304748535,-1.4880509943086224],[102.63796806335449,-1.491740466175429],[102.63762474060059,-1.4987761860622584],[102.63796806335449,-1.5067556946686835],[102.63882637023926,-1.5120753508428777],[102.64165878295898,-1.520741214413448],[102.64225959777832,-1.523057825521434],[102.64303207397461,-1.524859632439373],[102.64517784118652,-1.5273478395126148],[102.64732360839844,-1.528634842040944],[102.65032768249512,-1.5294928432979447],[102.65264511108398,-1.529149642836316],[102.65376091003418,-1.5280342409570267],[102.6547908782959,-1.5243448306166556],[102.65642166137695,-1.520741214413448],[102.6573657989502,-1.519368406657307],[102.65788078308105,-1.5186820024520102],[102.65976905822754,-1.5172233927920047],[102.66157150268555,-1.5167943897636036],[102.6617431640625,-1.5167943897636036],[102.6617431640625,-1.519368406657307],[102.66114234924316,-1.5195400076745642],[102.65985488891602,-1.5203122120834252],[102.65745162963867,-1.5231436258850408],[102.65607833862305,-1.5257176352035913],[102.65547752380371,-1.5272620393166534],[102.65539169311523,-1.5277768404410637],[102.65556335449219,-1.528634842040944],[102.65530586242676,-1.5295786434047756],[102.6547908782959,-1.5300934439737262],[102.65376091003418,-1.5306940444813506],[102.65152931213379,-1.5313804448554578],[102.64912605285645,-1.5312946448207327],[102.6441478729248,-1.5289780425849102],[102.64277458190918,-1.5281200411221647],[102.64148712158203,-1.526747238068893],[102.63985633850098,-1.523486827305291],[102.63848304748535,-1.5197974091748563],[102.63702392578125,-1.515421579501293],[102.63590812683105,-1.5107025375925929],[102.6353931427002,-1.5047822705237195],[102.63530731201172,-1.4967169533085496],[102.63771057128906,-1.4858201478592719],[102.6371955871582,-1.4840183086975998],[102.63547897338867,-1.4827312798260834],[102.6317024230957,-1.481530052204178],[102.62929916381836,-1.481530052204178],[102.62543678283691,-1.482988685660274],[102.62148857116699,-1.4847047237895197],[102.61968612670898,-1.4861633551520583],[102.61771202087402,-1.4895096234595968],[102.61719703674316,-1.4918262677731917],[102.61754035949707,-1.4938855051152586],[102.6181411743164,-1.4952583289378651],[102.6189136505127,-1.4966311519018376],[102.62045860290527,-1.4982613780552754],[102.62123107910156,-1.4998058017131228],[102.62131690979004,-1.5005780131333637],[102.6203727722168,-1.504610668339751],[102.61968612670898,-1.5056402812410568],[102.61839866638184,-1.5067556946686835],[102.61333465576172,-1.5094155243826037],[102.61110305786133,-1.510959940143124],[102.60801315307617,-1.5116463467953878],[102.60621070861816,-1.5115605459757262],[102.60269165039062,-1.5100161306421],[102.60114669799805,-1.5086433160908967],[102.60028839111328,-1.5074421026479428],[102.59917259216309,-1.5051254748511695],[102.59848594665527,-1.5030662480766495],[102.59745597839355,-1.4972317616783783],[102.59737014770508,-1.4944003141493027],[102.5984001159668,-1.4896812268256525],[102.60046005249023,-1.48444731815502],[102.60269165039062,-1.476038717645892],[102.60234832763672,-1.4728640336647345],[102.60191917419434,-1.4719202078247235],[102.60106086730957,-1.4712337887810492],[102.5969409942627,-1.47037576467946],[102.59299278259277,-1.470461567104465],[102.59084701538086,-1.4702041598195592],[102.58312225341797,-1.467372677727809],[102.58071899414062,-1.467372677727809],[102.57865905761719,-1.4677158878693604],[102.5767707824707,-1.468659715486993],[102.5741958618164,-1.4708047767715016],[102.56964683532715,-1.4765535308375917],[102.56887435913086,-1.478526980300913],[102.56715774536133,-1.4811010421813364],[102.56587028503418,-1.4823022700359303],[102.56449699401855,-1.4832460914645225],[102.56020545959473,-1.4849621293940487],[102.55325317382812,-1.486334958778457],[102.55024909973145,-1.4864207605866397],[102.54681587219238,-1.4859059496874778],[102.54029273986816,-1.4841041105957373],[102.5365161895752,-1.482216468067918],[102.53170967102051,-1.4789559908217313],[102.52939224243164,-1.4770683439100907],[102.52904891967773,-1.4758671132221508],[102.52904891967773,-1.47380785910498],[102.52947807312012,-1.4719202078247235],[102.53059387207031,-1.4690887279087121],[102.53059387207031,-1.4666862572867103],[102.5299072265625,-1.4648844026273053],[102.52870559692383,-1.4629109410996506],[102.52681732177734,-1.4607658722529493],[102.52389907836914,-1.4581059840392356],[102.51565933227539,-1.4536442290125393],[102.51033782958984,-1.4520997732938525],[102.50733375549316,-1.451413348191167],[102.50450134277344,-1.4509843323961604],[102.50038146972656,-1.4509843323961604],[102.49909400939941,-1.4510701355616646],[102.4972915649414,-1.4515849544863784],[102.4940299987793,-1.4529578043790394],[102.49214172363281,-1.4541590473507284],[102.48922348022461,-1.456475728418809],[102.48544692993164,-1.4606800694564583],[102.48390197753906,-1.4628251383851278],[102.48244285583496,-1.4662572444040904],[102.48167037963867,-1.4693461353221977],[102.4819278717041,-1.4724350219688063],[102.48312950134277,-1.4761245198527888],[102.48501777648926,-1.479127595006858],[102.48699188232422,-1.4810152401667978],[102.48845100402832,-1.4819590621439431],[102.49068260192871,-1.4827312798260834],[102.49505996704102,-1.4829028837188645],[102.49926567077637,-1.482216468067918],[102.50038146972656,-1.4827312798260834],[102.50089645385742,-1.4833318933926165],[102.50141143798828,-1.48444731815502],[102.50175476074219,-1.4879651925638058],[102.50123977661133,-1.489252218385431],[102.50063896179199,-1.4901102351823425],[102.49857902526855,-1.491740466175429],[102.49669075012207,-1.4927700851277308],[102.49420166015625,-1.4937997035978583],[102.49222755432129,-1.4943145126520108],[102.49008178710938,-1.4945719171338396],[102.48905181884766,-1.4951725274740966],[102.48733520507812,-1.4950009245365123],[102.48621940612793,-1.4944861156432552],[102.48433113098145,-1.4931990928822358],[102.4790096282959,-1.4881367960500995],[102.47540473937988,-1.4852195349685928],[102.47394561767578,-1.484618921914688],[102.47274398803711,-1.4845331200365166],[102.47214317321777,-1.4847047237895197],[102.47119903564453,-1.4853911386683052],[102.46922492980957,-1.4877077873093612],[102.46673583984375,-1.4918262677731917],[102.4665641784668,-1.4937139020771042],[102.46519088745117,-1.4950009245365123],[102.46390342712402,-1.4953441303982657],[102.46115684509277,-1.49508672600696],[102.45403289794922,-1.4915688629698565],[102.45017051696777,-1.4905392434554443],[102.44570732116699,-1.4899386318496823],[102.44433403015137,-1.4893380200801687],[102.44330406188965,-1.4879651925638058],[102.44304656982422,-1.486334958778457],[102.44381904602051,-1.483675101071725],[102.44441986083984,-1.4828170817741437],[102.4460506439209,-1.4812726462004377],[102.4471664428711,-1.4806720320754323],[102.45291709899902,-1.4792133970944263],[102.45437622070312,-1.47861278241173],[102.45574951171875,-1.4777547611545145],[102.45695114135742,-1.4765535308375917],[102.45746612548828,-1.475609706561741],[102.45823860168457,-1.4726066266570967],[102.45823860168457,-1.470547369526173],[102.45729446411133,-1.4690029254309707],[102.45514869689941,-1.4676300853389108],[102.45326042175293,-1.4669436649768102],[102.44965553283691,-1.4647985999883275],[102.44742393493652,-1.4621387165509532],[102.44665145874023,-1.460336858237767],[102.44656562805176,-1.4578485753355181],[102.44733810424805,-1.4540732443025206],[102.44871139526367,-1.4507269228801078],[102.45025634765625,-1.4482386293824163],[102.4515438079834,-1.4454071196654183],[102.4518871307373,-1.4437768548929313],[102.45171546936035,-1.4427472133815087],[102.45077133178711,-1.4411169467021807],[102.44982719421387,-1.440173107564874],[102.4445915222168,-1.4359687284807023],[102.44244575500488,-1.4347674758923148],[102.44115829467773,-1.4329655958271132],[102.43995666503906,-1.4305630868688013],[102.43952751159668,-1.4291044194878282],[102.4390983581543,-1.4285895954850503],[102.43832588195801,-1.425329040790274],[102.43841171264648,-1.422669111171956],[102.43952751159668,-1.4182072868638045],[102.43978500366211,-1.4163195893730745],[102.43961334228516,-1.4152899355480741],[102.43858337402344,-1.4140028676239496],[102.43206024169922,-1.4109139016955652],[102.43085861206055,-1.4109997063601156],[102.42982864379883,-1.4117719481986057],[102.42527961730957,-1.4189795263027207],[102.42416381835938,-1.419751765483781],[102.42270469665527,-1.4199233741556583],[102.4211597442627,-1.4195801567991708],[102.41901397705078,-1.4186363088061427],[102.41592407226562,-1.4183788956502923],[102.41394996643066,-1.4175208515906803],[102.41300582885742,-1.4166628072131005],[102.41231918334961,-1.415547349047202],[102.41154670715332,-1.41254418978059],[102.41214752197266,-1.4091120030092128],[102.41291999816895,-1.4079107364437817],[102.4156665802002,-1.4049075673231926],[102.41755485534668,-1.402419224269778],[102.41841316223145,-1.4006173190275177]]]}},{"type":"Feature","id":"pmtiles:10/803/516:water:77520033:0","properties":{"intermittent":0,"class":"river","id":7752003,"water":"river","kind":"waterway","verification":"verified","source":"OpenMapTiles/OpenStreetMap national PMTiles","sourceId":"10/803/516:water:77520033:0","sourceLayer":"water","archive":"https://its.hanifahseptiani45.workers.dev/v1/map/archive/indonesia.pmtiles","updatedAt":"2026-07-26T09:42:15.034Z"},"geometry":{"type":"Polygon","coordinates":[[[102.42090225219727,-1.7630273831138652],[102.42030143737793,-1.7630273831138652],[102.42176055908203,-1.7601105188554556],[102.42218971252441,-1.7597673580543187],[102.42279052734375,-1.7578799725196887],[102.42253303527832,-1.7571078597054282],[102.42184638977051,-1.7563357465719918],[102.42176055908203,-1.7556494235188609],[102.42193222045898,-1.755220471482673],[102.42373466491699,-1.7535904528479165],[102.42399215698242,-1.752989919308746],[102.42364883422852,-1.7521320139186116],[102.42390632629395,-1.7518746422249478],[102.42390632629395,-1.7510167363240186],[102.4229621887207,-1.7482714348030868],[102.42287635803223,-1.745783501831582],[102.42244720458984,-1.7435529384368778],[102.42227554321289,-1.7394349683045363],[102.4215030670166,-1.7378049359762713],[102.42158889770508,-1.7367754411492342],[102.42193222045898,-1.7360033196608384],[102.42270469665527,-1.735488571826707],[102.4240779876709,-1.7356601544536403],[102.42630958557129,-1.7367754411492342],[102.42794036865234,-1.7381481007939357],[102.42914199829102,-1.738319683179384],[102.43188858032227,-1.739177594872615],[102.43377685546875,-1.7392633860204967],[102.43446350097656,-1.7388344302421217],[102.4368667602539,-1.7360033196608384],[102.43738174438477,-1.734802241163223],[102.43772506713867,-1.7320569160202695],[102.43832588195801,-1.731113209583384],[102.43935585021973,-1.7310274180658212],[102.44047164916992,-1.7313705841127813],[102.44124412536621,-1.730426877334196],[102.4409008026123,-1.730083711116464],[102.44098663330078,-1.7296547532569804],[102.4420166015625,-1.728625253998615],[102.4431324005127,-1.7276815458546935],[102.44407653808594,-1.7274241708249747],[102.44467735290527,-1.7269952123646135],[102.44562149047852,-1.725965711664756],[102.44647979736328,-1.725622544640899],[102.4478530883789,-1.7252793775551396],[102.4489688873291,-1.7257083364026755],[102.44974136352539,-1.7264804620843819],[102.45025634765625,-1.7275957541819906],[102.45137214660645,-1.7268236289533547],[102.45120048522949,-1.7244214595699106],[102.45162963867188,-1.720217655855535],[102.45128631591797,-1.7187591911769005],[102.44999885559082,-1.7173007253842343],[102.44974136352539,-1.716185427262289],[102.44999885559082,-1.715241712958715],[102.4504280090332,-1.7146411672504485],[102.45205879211426,-1.7135258675780705],[102.45274543762207,-1.7134400752686787],[102.45308876037598,-1.713096905992657],[102.4530029296875,-1.7122389825337052],[102.45214462280273,-1.7109520966253058],[102.45197296142578,-1.7102657571210926],[102.45214462280273,-1.7088072848596738],[102.45248794555664,-1.7083783222190192],[102.45386123657227,-1.7078635669238054],[102.45514869689941,-1.7082925296793974],[102.45660781860352,-1.7094936248854253],[102.45755195617676,-1.7093220399019913],[102.45849609375,-1.706834055919714],[102.46038436889648,-1.7051182030214704],[102.46064186096191,-1.7044318614337612],[102.46064186096191,-1.7036597268551645],[102.45935440063477,-1.7022870423957954],[102.45841026306152,-1.7017722854715203],[102.45823860168457,-1.7010859426920888],[102.46047019958496,-1.697825811157017],[102.4610710144043,-1.6973968460717828],[102.46201515197754,-1.6957667778801095],[102.46338844299316,-1.694308294650071],[102.4651050567627,-1.6938793287851297],[102.46596336364746,-1.6942225014846741],[102.46665000915527,-1.6942225014846741],[102.46733665466309,-1.6937077424125562],[102.46742248535156,-1.6932787764146582],[102.4665641784668,-1.6926782238580955],[102.46596336364746,-1.6918202913117852],[102.46587753295898,-1.6906191851095258],[102.46604919433594,-1.6900186317296857],[102.46699333190918,-1.689332284782438],[102.46819496154785,-1.6892464913969718],[102.46879577636719,-1.6895896649160704],[102.47016906738281,-1.6908765650725996],[102.47068405151367,-1.690962358386031],[102.47119903564453,-1.6908765650725996],[102.47188568115234,-1.690361805112346],[102.47265815734863,-1.689332284782438],[102.47300148010254,-1.6885601441769467],[102.47274398803711,-1.6875306228924813],[102.47179985046387,-1.687187449009869],[102.47016906738281,-1.6872732424861852],[102.46999740600586,-1.6857289593334315],[102.47034072875977,-1.6846136429612102],[102.47111320495605,-1.6838415004832967],[102.47257232666016,-1.6831551513572407],[102.47317314147949,-1.682468801989586],[102.47343063354492,-1.6815250712147503],[102.47291564941406,-1.6796376082963462],[102.47308731079102,-1.6791228453657254],[102.47360229492188,-1.6784364945806516],[102.47437477111816,-1.6780075252176374],[102.4760913848877,-1.6778359374460905],[102.47686386108398,-1.6765490286797728],[102.47909545898438,-1.675176325063191],[102.48115539550781,-1.6722593266854062],[102.48433113098145,-1.6706292374677645],[102.48639106750488,-1.6699428837082166],[102.48647689819336,-1.6695997067385377],[102.48570442199707,-1.66831279256877],[102.48347282409668,-1.6666827000785958],[102.48355865478516,-1.6653099895664525],[102.48433113098145,-1.6639372780981603],[102.48570442199707,-1.6634225110511949],[102.48802185058594,-1.6631651274773418],[102.48870849609375,-1.6635083055683424],[102.48896598815918,-1.6641088670839537],[102.48965263366699,-1.6642804560548257],[102.49008178710938,-1.6641946615712584],[102.49042510986328,-1.6637656890974313],[102.49051094055176,-1.6630793329452587],[102.48973846435547,-1.6617066199248853],[102.48965263366699,-1.6610202630568693],[102.48991012573242,-1.6601623166365584],[102.49068260192871,-1.658961191022641],[102.49136924743652,-1.658360627942173],[102.49411582946777,-1.6576742699127465],[102.49471664428711,-1.6571595012345455],[102.49566078186035,-1.6558725789536908],[102.4984073638916,-1.6565589376075138],[102.49978065490723,-1.6571595012345455],[102.50141143798828,-1.6569021168452451],[102.50184059143066,-1.6563873479663442],[102.50218391418457,-1.6538992965003416],[102.50252723693848,-1.6533845268418759],[102.50338554382324,-1.6530413469953942],[102.5039005279541,-1.653127141962571],[102.50527381896973,-1.6537277066290272],[102.50613212585449,-1.6545856558372378],[102.50699043273926,-1.6565589376075138],[102.50716209411621,-1.6584464226791056],[102.50767707824707,-1.6588753963080194],[102.50844955444336,-1.6587038068676065],[102.50887870788574,-1.658274833201503],[102.50913619995117,-1.657073706441821],[102.50887870788574,-1.6554436046743604],[102.50982284545898,-1.654414066025268],[102.51128196716309,-1.6545856558372378],[102.51239776611328,-1.6558725789536908],[102.51359939575195,-1.6560441686394256],[102.51411437988281,-1.6555293995376559],[102.51411437988281,-1.6549288354166265],[102.51445770263672,-1.6539850914304424],[102.51583099365234,-1.6532129369260389],[102.51703262329102,-1.6532129369260389],[102.51832008361816,-1.6541566812795025],[102.51952171325684,-1.6562157583103243],[102.52063751220703,-1.6568163220413936],[102.52115249633789,-1.6567305272338047],[102.52252578735352,-1.6557009892530914],[102.52346992492676,-1.6545856558372378],[102.52432823181152,-1.654414066025268],[102.52510070800781,-1.653813501566546],[102.5258731842041,-1.6523549871244683],[102.52647399902344,-1.6501243159064671],[102.52819061279297,-1.6480652325614926],[102.52801895141602,-1.6470356900904193],[102.52758979797363,-1.6464351234032932],[102.52776145935059,-1.6460061470874194],[102.52887725830078,-1.6451481941787875],[102.5313663482666,-1.6458345565352204],[102.53437042236328,-1.6458345565352204],[102.53522872924805,-1.6465209186553835],[102.53866195678711,-1.6469498948604837],[102.53960609436035,-1.648408413266921],[102.54097938537598,-1.6490089793590528],[102.54226684570312,-1.6508964716113752],[102.54261016845703,-1.6520118071000667],[102.54338264465332,-1.6520976021117235],[102.54424095153809,-1.6517544220428562],[102.54467010498047,-1.6520118071000667],[102.5452709197998,-1.653127141962571],[102.5452709197998,-1.6536419116877994],[102.5449275970459,-1.654414066025268],[102.54389762878418,-1.6555293995376559],[102.54398345947266,-1.6568163220413936],[102.54501342773438,-1.6573310908088104],[102.54612922668457,-1.6573310908088104],[102.5467300415039,-1.6576742699127465],[102.5475025177002,-1.6586180121418295],[102.54801750183105,-1.6604197006017642],[102.54836082458496,-1.6605054952493674],[102.54861831665039,-1.6601623166365584],[102.54904747009277,-1.6587038068676065],[102.54904747009277,-1.6575884751423473],[102.54818916320801,-1.6553578098073558],[102.54836082458496,-1.654414066025268],[102.54887580871582,-1.6539850914304424],[102.54947662353516,-1.6538992965003416],[102.55067825317383,-1.6550146303022046],[102.55059242248535,-1.6562157583103243],[102.55127906799316,-1.6572452960235324],[102.55239486694336,-1.6577600646794366],[102.55454063415527,-1.658274833201503],[102.55539894104004,-1.6588753963080194],[102.55574226379395,-1.6594759592322248],[102.55522727966309,-1.6611060576783956],[102.55265235900879,-1.6627361547796653],[102.5522232055664,-1.6634225110511949],[102.55230903625488,-1.6639372780981603],[102.55273818969727,-1.6642804560548257],[102.55402565002441,-1.6675406436627895],[102.55617141723633,-1.6695997067385377],[102.55651473999023,-1.6708008258701739],[102.55599975585938,-1.6722593266854062],[102.55900382995605,-1.6727740914202798],[102.55969047546387,-1.6732888560200934],[102.56054878234863,-1.6747473549857261],[102.56097793579102,-1.67500473704348],[102.56329536437988,-1.674489972894179],[102.56449699401855,-1.67500473704348],[102.56501197814941,-1.6756052950467222],[102.56535530090332,-1.6773211740411256],[102.56509780883789,-1.679551814483986],[102.56569862365723,-1.6799807835080998],[102.5669002532959,-1.679551814483986],[102.56784439086914,-1.6786080822995046],[102.56990432739258,-1.6785222884419682],[102.57067680358887,-1.6781791129741208],[102.57136344909668,-1.6775785557605474],[102.57230758666992,-1.6760342649363196],[102.57282257080078,-1.6756910890321706],[102.57359504699707,-1.6756052950467222],[102.57462501525879,-1.6762058528658486],[102.57505416870117,-1.6771495862093815],[102.5749683380127,-1.6783507007155691],[102.57548332214355,-1.6808387212736875],[102.57505416870117,-1.681782452380432],[102.57368087768555,-1.6828119767036043],[102.57342338562012,-1.683412532307841],[102.57333755493164,-1.684785230136967],[102.5741958618164,-1.6857289593334315],[102.57668495178223,-1.6865868945696008],[102.5790023803711,-1.6877880032647],[102.57986068725586,-1.6879595901605882],[102.58063316345215,-1.687187449009869],[102.58166313171387,-1.6855573722408224],[102.58157730102539,-1.685214198010243],[102.5837230682373,-1.6826403893541482],[102.58406639099121,-1.682726183030752],[102.58621215820312,-1.6818682460947798],[102.58758544921875,-1.682726183030752],[102.58861541748047,-1.6822972146099318],[102.58870124816895,-1.6820398335121638],[102.58810043334961,-1.6806671337507169],[102.58835792541504,-1.6791228453657254],[102.5892162322998,-1.6786080822995046],[102.59007453918457,-1.6786080822995046],[102.59136199951172,-1.679551814483986],[102.59213447570801,-1.679551814483986],[102.59342193603516,-1.6790370515307558],[102.59410858154297,-1.6790370515307558],[102.59539604187012,-1.6796376082963462],[102.59565353393555,-1.680924515029517],[102.5954818725586,-1.6814392774853246],[102.59376525878906,-1.6822972146099318],[102.5932502746582,-1.6828977703726906],[102.59376525878906,-1.6837557068557771],[102.59428024291992,-1.6837557068557771],[102.59522438049316,-1.6830693576994946],[102.59711265563965,-1.6822972146099318],[102.59788513183594,-1.6822972146099318],[102.59900093078613,-1.6818682460947798],[102.59951591491699,-1.6818682460947798],[102.60003089904785,-1.6822114209144559],[102.60209083557129,-1.6839272941070789],[102.60217666625977,-1.6848710237191824],[102.60200500488281,-1.6857289593334315],[102.60149002075195,-1.6859863399439803],[102.6009750366211,-1.68667268807242],[102.6016616821289,-1.6871016555297444],[102.6024341583252,-1.687187449009869],[102.60406494140625,-1.6862437205205083],[102.60475158691406,-1.6855573722408224],[102.60526657104492,-1.6855573722408224],[102.60543823242188,-1.6862437205205083],[102.60595321655273,-1.6865011010629871],[102.60689735412598,-1.6877022098110785],[102.60724067687988,-1.6877022098110785],[102.60784149169922,-1.6865011010629871],[102.60801315307617,-1.685299991573558],[102.60749816894531,-1.6846136429612102],[102.60663986206055,-1.684785230136967],[102.60629653930664,-1.6843562621692456],[102.60612487792969,-1.683584119589355],[102.60672569274902,-1.6826403893541482],[102.60732650756836,-1.6820398335121638],[102.60930061340332,-1.6815250712147503],[102.61041641235352,-1.6819540398053618],[102.6119613647461,-1.6829835640379827],[102.61239051818848,-1.682468801989586],[102.61281967163086,-1.682726183030752],[102.61290550231934,-1.6828119767036043],[102.61247634887695,-1.6830693576994946],[102.6126480102539,-1.683240945011221],[102.61384963989258,-1.683584119589355],[102.61427879333496,-1.6840130877270667],[102.61453628540039,-1.685128404443148],[102.61505126953125,-1.6862437205205083],[102.61539459228516,-1.6864153075526218],[102.61539459228516,-1.686930068558155],[102.61788368225098,-1.6897612516528824],[102.61857032775879,-1.6896754582863736],[102.62088775634766,-1.6879595901605882],[102.62337684631348,-1.6876164163536629],[102.62432098388672,-1.6877022098110785],[102.62500762939453,-1.6882169704760344],[102.62681007385254,-1.6883027639069326],[102.62809753417969,-1.6879595901605882],[102.62861251831055,-1.6879595901605882],[102.63153076171875,-1.6891606980077256],[102.63333320617676,-1.6924208441340625],[102.63341903686523,-1.6937077424125562],[102.6339340209961,-1.694136708315483],[102.63444900512695,-1.6942225014846741],[102.63590812683105,-1.693793535600733],[102.63788223266602,-1.693793535600733],[102.63985633850098,-1.694394087811645],[102.64062881469727,-1.693793535600733],[102.64165878295898,-1.6918202913117852],[102.64466285705566,-1.691133945001539],[102.64569282531738,-1.6913913248963297],[102.64689445495605,-1.69233505088512],[102.6478385925293,-1.6940509151424976],[102.64826774597168,-1.6942225014846741],[102.64938354492188,-1.6936219492205709],[102.64886856079102,-1.6928498103218175],[102.64912605285645,-1.6922492576323975],[102.64972686767578,-1.6921634643758523],[102.65152931213379,-1.6940509151424976],[102.65324592590332,-1.697825811157017],[102.65444755554199,-1.6981689831566626],[102.65607833862305,-1.6979116041626412],[102.65685081481934,-1.6985121550953721],[102.6573657989502,-1.6996274634751956],[102.65753746032715,-1.7022012495846326],[102.65788078308105,-1.7029733847477075],[102.65848159790039,-1.7032307630666566],[102.65951156616211,-1.7028875919670838],[102.66088485717773,-1.7018580783017825],[102.6617431640625,-1.7006569783309402],[102.6617431640625,-1.7018580783017825],[102.66002655029297,-1.7034881413512295],[102.6591682434082,-1.7038313123438371],[102.65753746032715,-1.7034023485935137],[102.65719413757324,-1.7031449702974868],[102.6565933227539,-1.7012575284098403],[102.65650749206543,-1.6999706351547843],[102.65376091003418,-1.6988553269731455],[102.65281677246094,-1.6982547761470528],[102.65195846557617,-1.6968820878438606],[102.65161514282227,-1.6952520192184863],[102.6511001586914,-1.6942225014846741],[102.65058517456055,-1.694308294650071],[102.64981269836426,-1.695166226094912],[102.64938354492188,-1.6953378123382663],[102.64680862426758,-1.694479880969439],[102.64586448669434,-1.6924208441340625],[102.6449203491211,-1.6918202913117852],[102.64225959777832,-1.6922492576323975],[102.64191627502441,-1.6926782238580955],[102.64157295227051,-1.693793535600733],[102.64105796813965,-1.694479880969439],[102.64028549194336,-1.6949946398363522],[102.63951301574707,-1.6950804329675293],[102.63762474060059,-1.694394087811645],[102.63676643371582,-1.694308294650071],[102.63642311096191,-1.6946514672736157],[102.63625144958496,-1.6952520192184863],[102.63556480407715,-1.6953378123382663],[102.63419151306152,-1.6959383640702157],[102.63367652893066,-1.6957667778801095],[102.63290405273438,-1.6949946398363522],[102.63247489929199,-1.6925066373792106],[102.63187408447266,-1.6913055316018557],[102.63041496276855,-1.6897612516528824],[102.62921333312988,-1.6890749046146993],[102.6287841796875,-1.6896754582863736],[102.62723922729492,-1.6900186317296857],[102.62432098388672,-1.688474350757403],[102.62286186218262,-1.6885601441769467],[102.62063026428223,-1.6891606980077256],[102.61942863464355,-1.6904475984485288],[102.61899948120117,-1.6904475984485288],[102.61857032775879,-1.6907049784343542],[102.61848449707031,-1.6910481516956821],[102.61788368225098,-1.6908765650725996],[102.61693954467773,-1.690361805112346],[102.61582374572754,-1.688388557334065],[102.61410713195801,-1.6870158620458398],[102.61367797851562,-1.6859005464109202],[102.61239051818848,-1.684270468564364],[102.6108455657959,-1.6830693576994946],[102.61015892028809,-1.6830693576994946],[102.60904312133789,-1.6826403893541482],[102.60809898376465,-1.683240945011221],[102.60844230651855,-1.6837557068557771],[102.60930061340332,-1.6841846749557021],[102.60964393615723,-1.6849568172976177],[102.60947227478027,-1.685643165789017],[102.60895729064941,-1.686758481571431],[102.6082706451416,-1.6875306228924813],[102.60809898376465,-1.688045383602855],[102.60724067687988,-1.6886459375927103],[102.60663986206055,-1.6886459375927103],[102.60500907897949,-1.6871016555297444],[102.60432243347168,-1.6870158620458398],[102.60372161865234,-1.6871016555297444],[102.60174751281738,-1.688045383602855],[102.60046005249023,-1.6877880032647],[102.60011672973633,-1.686930068558155],[102.60011672973633,-1.6865011010629871],[102.60054588317871,-1.6859005464109202],[102.60088920593262,-1.6843562621692456],[102.60037422180176,-1.683412532307841],[102.59882926940918,-1.6829835640379827],[102.59805679321289,-1.683326738661421],[102.59625434875488,-1.683412532307841],[102.59445190429688,-1.6846136429612102],[102.59376525878906,-1.6846136429612102],[102.59307861328125,-1.6843562621692456],[102.59230613708496,-1.683669913224449],[102.59127616882324,-1.6838415004832967],[102.58981704711914,-1.683498325950481],[102.58870124816895,-1.683584119589355],[102.58664131164551,-1.6830693576994946],[102.58561134338379,-1.6830693576994946],[102.58415222167969,-1.6840130877270667],[102.58406639099121,-1.6843562621692456],[102.58363723754883,-1.6845278493676688],[102.5833797454834,-1.685214198010243],[102.58355140686035,-1.6858147528740517],[102.58260726928711,-1.686758481571431],[102.58234977722168,-1.6874448294274913],[102.58209228515625,-1.6872732424861852],[102.58157730102539,-1.6877022098110785],[102.58123397827148,-1.6876164163536629],[102.57977485656738,-1.6887317310046797],[102.57848739624023,-1.6885601441769467],[102.57711410522461,-1.6875306228924813],[102.5738525390625,-1.6864153075526218],[102.57282257080078,-1.685299991573558],[102.57247924804688,-1.683584119589355],[102.57290840148926,-1.6826403893541482],[102.57411003112793,-1.6814392774853246],[102.57471084594727,-1.6805813399835756],[102.57428169250488,-1.6791228453657254],[102.57428169250488,-1.6774927618578346],[102.5738525390625,-1.6765490286797728],[102.5735092163086,-1.6765490286797728],[102.57282257080078,-1.676977998362588],[102.57213592529297,-1.6783507007155691],[102.5712776184082,-1.6789512576920345],[102.56896018981934,-1.6796376082963462],[102.56775856018066,-1.6797234021049405],[102.56647109985352,-1.6805813399835756],[102.56587028503418,-1.6805813399835756],[102.56518363952637,-1.6803239586595708],[102.56449699401855,-1.6796376082963462],[102.56475448608398,-1.6768922044335284],[102.5639820098877,-1.6755195010575363],[102.56303787231445,-1.675176325063191],[102.56183624267578,-1.6756052950467222],[102.56080627441406,-1.6756910890321706],[102.56003379821777,-1.675262119067412],[102.55917549133301,-1.673717826416734],[102.55874633789062,-1.6732888560200934],[102.55651473999023,-1.673117267835167],[102.5547981262207,-1.672430914945366],[102.55436897277832,-1.6720019442673504],[102.55428314208984,-1.6713155909875042],[102.55522727966309,-1.6706292374677645],[102.55531311035156,-1.6697712952308592],[102.55496978759766,-1.6689991468974625],[102.55376815795898,-1.6683985868729536],[102.55325317382812,-1.6678838209917473],[102.55282402038574,-1.6666827000785958],[102.55170822143555,-1.6651384006851941],[102.55145072937012,-1.6640230725929257],[102.55162239074707,-1.6631651274773418],[102.5522232055664,-1.6623071819887372],[102.55471229553223,-1.6605912898932615],[102.55488395690918,-1.6602481112953456],[102.55488395690918,-1.6593901645399143],[102.55419731140137,-1.6588753963080194],[102.55248069763184,-1.6586180121418295],[102.55136489868164,-1.6581890384571238],[102.5504207611084,-1.6569021168452451],[102.55007743835449,-1.6551862200621912],[102.54939079284668,-1.654414066025268],[102.54904747009277,-1.654414066025268],[102.54887580871582,-1.6549288354166265],[102.5489616394043,-1.6558725789536908],[102.54981994628906,-1.6577600646794366],[102.54956245422363,-1.6597333432867742],[102.54887580871582,-1.6607628791698943],[102.54836082458496,-1.6611060576783956],[102.5475025177002,-1.6609344684316056],[102.54612922668457,-1.6580174489572101],[102.54415512084961,-1.6580174489572101],[102.54312515258789,-1.657073706441821],[102.54286766052246,-1.655958373798427],[102.54372596740723,-1.654414066025268],[102.54338264465332,-1.6534703217942166],[102.54175186157227,-1.6523549871244683],[102.54037857055664,-1.6495237501509479],[102.53668785095215,-1.647979437375895],[102.53419876098633,-1.646263532888014],[102.53179550170898,-1.6465209186553835],[102.5295639038086,-1.6457487612535857],[102.52853393554688,-1.6459203518131602],[102.52819061279297,-1.646263532888014],[102.52819061279297,-1.6466067139037932],[102.52904891967773,-1.6478936421866024],[102.52930641174316,-1.6489231842141265],[102.5302505493164,-1.6500385208096304],[102.53093719482422,-1.6514112419147153],[102.53110885620117,-1.6525265771144433],[102.53093719482422,-1.6528697570498991],[102.5299072265625,-1.6528697570498991],[102.5284481048584,-1.650810676547863],[102.52801895141602,-1.6505532913351004],[102.5273323059082,-1.6520976021117235],[102.52664566040039,-1.6526123721038601],[102.52690315246582,-1.6533845268418759],[102.52604484558105,-1.6539850914304424],[102.52510070800781,-1.6551004251840595],[102.52355575561523,-1.6558725789536908],[102.52106666564941,-1.6584464226791056],[102.51814842224121,-1.6573310908088104],[102.51789093017578,-1.6569879116454018],[102.51789093017578,-1.655272014936628],[102.51771926879883,-1.654671450737652],[102.51643180847168,-1.6541566812795025],[102.51583099365234,-1.654242476198462],[102.5148868560791,-1.655958373798427],[102.51445770263672,-1.6561299634767437],[102.51428604125977,-1.6568163220413936],[102.51385688781738,-1.657073706441821],[102.51222610473633,-1.6567305272338047],[102.51145362854004,-1.6556151943972282],[102.51111030578613,-1.6555293995376559],[102.50990867614746,-1.6562157583103243],[102.50965118408203,-1.6568163220413936],[102.50947952270508,-1.6586180121418295],[102.5082778930664,-1.6598191379641776],[102.50802040100098,-1.6599049326378577],[102.50690460205078,-1.6593901645399143],[102.5064754486084,-1.6586180121418295],[102.50587463378906,-1.6553578098073558],[102.50553131103516,-1.6547572456343573],[102.50518798828125,-1.6543282711137266],[102.50398635864258,-1.653813501566546],[102.50329971313477,-1.6541566812795025],[102.5027847290039,-1.654671450737652],[102.50287055969238,-1.6557009892530914],[102.50244140625,-1.657073706441821],[102.50158309936523,-1.6577600646794366],[102.50063896179199,-1.6579316542016755],[102.49780654907227,-1.6573310908088104],[102.49669075012207,-1.6568163220413936],[102.49574661254883,-1.6567305272338047],[102.49505996704102,-1.6580174489572101],[102.49342918395996,-1.6587038068676065],[102.49197006225586,-1.6587896015896746],[102.49102592468262,-1.6596475486056335],[102.49076843261719,-1.6623929765543863],[102.49119758605957,-1.6634225110511949],[102.4911117553711,-1.6640230725929257],[102.49042510986328,-1.664966811788986],[102.48991012573242,-1.6650526062389446],[102.48922348022461,-1.664966811788986],[102.48836517333984,-1.6640230725929257],[102.48750686645508,-1.6637656890974313],[102.4859619140625,-1.6639372780981603],[102.48476028442383,-1.6646236339517628],[102.48433113098145,-1.6655673728603375],[102.48441696166992,-1.6660821393472247],[102.48493194580078,-1.6667684944538337],[102.4870777130127,-1.6687417640522852],[102.4874210357666,-1.6696855009865743],[102.4870777130127,-1.6704576490503484],[102.48579025268555,-1.6712297968106498],[102.48218536376953,-1.672430914945366],[102.48132705688477,-1.6732888560200934],[102.4801254272461,-1.6753479130678812],[102.47763633728027,-1.6768064105007454],[102.4760913848877,-1.6785222884419682],[102.47428894042969,-1.6788654638495473],[102.4738597869873,-1.6792086391969008],[102.47360229492188,-1.6798091959097547],[102.47411727905273,-1.6810961025298639],[102.4738597869873,-1.6823830083016418],[102.47317314147949,-1.683498325950481],[102.4709415435791,-1.6848710237191824],[102.4705982208252,-1.6859005464109202],[102.47102737426758,-1.6865011010629871],[102.47317314147949,-1.68684427506669],[102.47360229492188,-1.6872732424861852],[102.4738597869873,-1.6883027639069326],[102.47343063354492,-1.6895038715419872],[102.47257232666016,-1.6906191851095258],[102.47128486633301,-1.6915629114738948],[102.47016906738281,-1.6914771181870094],[102.46853828430176,-1.6902760117723687],[102.46776580810547,-1.6899328383745456],[102.46716499328613,-1.6900186317296857],[102.4665641784668,-1.6905333917809315],[102.4665641784668,-1.6917344980362827],[102.4669075012207,-1.6920776711155412],[102.46759414672852,-1.6924208441340625],[102.46845245361328,-1.694308294650071],[102.46767997741699,-1.6950804329675293],[102.46707916259766,-1.6952520192184863],[102.46613502502441,-1.6950804329675293],[102.46604919433594,-1.6947372604199984],[102.46493339538574,-1.6946514672736157],[102.46416091918945,-1.6947372604199984],[102.46330261230469,-1.695166226094912],[102.46261596679688,-1.695852570977081],[102.46089935302734,-1.6992842917346138],[102.45978355407715,-1.7003995996684864],[102.4596118927002,-1.7010001498274931],[102.45969772338867,-1.7016864926374495],[102.4599552154541,-1.7020296639508388],[102.46038436889648,-1.702115456769647],[102.46124267578125,-1.7033165558320036],[102.46132850646973,-1.7044318614337612],[102.46072769165039,-1.705632959051627],[102.45926856994629,-1.7067482633111695],[102.45823860168457,-1.7095794173714012],[102.45755195617676,-1.710179964665798],[102.45635032653809,-1.710179964665798],[102.45489120483398,-1.7088072848596738],[102.45403289794922,-1.7084641147548183],[102.45351791381836,-1.7084641147548183],[102.45274543762207,-1.7091504549032095],[102.45274543762207,-1.709836794806293],[102.45317459106445,-1.7106947193399975],[102.45308876037598,-1.7113810586907334],[102.45377540588379,-1.712324774896885],[102.45403289794922,-1.7135258675780705],[102.45326042175293,-1.7145553749910079],[102.45283126831055,-1.7144695827277445],[102.45094299316406,-1.7151559207262181],[102.45051383972168,-1.7164428038097128],[102.45171546936035,-1.7183302307652468],[102.45223045349121,-1.7198744877961332],[102.45223045349121,-1.7216761194192145],[102.45162963867188,-1.724593043197899],[102.45205879211426,-1.7266520455266061],[102.45171546936035,-1.7270810040644307],[102.45034217834473,-1.728110504160071],[102.44819641113281,-1.725965711664756],[102.44725227355957,-1.7258799199145898],[102.44613647460938,-1.7263088786266536],[102.4445915222168,-1.7276815458546935],[102.44218826293945,-1.7291400036976086],[102.44175910949707,-1.7297405448366305],[102.44175910949707,-1.7299979195523179],[102.44381904602051,-1.7308558350190566],[102.44407653808594,-1.7311990010970675],[102.44416236877441,-1.7317995415840812],[102.44356155395508,-1.733343787676688],[102.44321823120117,-1.7336011619030387],[102.44158744812012,-1.7339443274837265],[102.44107246398926,-1.7336869533040442],[102.43978500366211,-1.7317995415840812],[102.43918418884277,-1.7317995415840812],[102.43849754333496,-1.732314290421499],[102.43781089782715,-1.7353169891841844],[102.43721008300781,-1.7365180673548082],[102.43523597717285,-1.7388344302421217],[102.43343353271484,-1.7398639239463876],[102.43188858032227,-1.7398639239463876],[102.4295711517334,-1.73900601256517],[102.42759704589844,-1.738577056728289],[102.42596626281738,-1.7371186061539277],[102.42356300354004,-1.7360033196608384],[102.42279052734375,-1.7360033196608384],[102.42227554321289,-1.7363464848057362],[102.42210388183594,-1.7372901886328833],[102.42287635803223,-1.7401212972846736],[102.42287635803223,-1.7438103112712326],[102.42424964904785,-1.7510167363240186],[102.42502212524414,-1.7524751761218198],[102.42382049560547,-1.7543625671151233],[102.42236137390137,-1.755392052308963],[102.42244720458984,-1.7563357465719918],[102.42330551147461,-1.7577083919218808],[102.42287635803223,-1.7594241971900288],[102.42090225219727,-1.7630273831138652]],[[102.59101867675781,-1.6829835640379827],[102.5914478302002,-1.6823830083016418],[102.59170532226562,-1.6819540398053618],[102.59264945983887,-1.6823830083016418],[102.59299278259277,-1.681353483752119],[102.5943660736084,-1.6807529275140922],[102.59462356567383,-1.680924515029517],[102.59488105773926,-1.6806671337507169],[102.5947093963623,-1.680152371091367],[102.59419441223145,-1.6798091959097547],[102.59428024291992,-1.680152371091367],[102.59273529052734,-1.680924515029517],[102.59239196777344,-1.6806671337507169],[102.59239196777344,-1.680152371091367],[102.5917911529541,-1.6803239586595708],[102.59033203125,-1.679551814483986],[102.58964538574219,-1.679551814483986],[102.58955955505371,-1.6798949897108173],[102.58990287780762,-1.6800665773016021],[102.59016036987305,-1.6810961025298639],[102.58990287780762,-1.681782452380432],[102.59007453918457,-1.6823830083016418],[102.58990287780762,-1.6831551513572407],[102.59101867675781,-1.6829835640379827]]]}},{"type":"Feature","id":"pmtiles:10/803/516:water:79917803:0","properties":{"intermittent":0,"class":"river","id":7991780,"water":"river","kind":"waterway","verification":"verified","source":"OpenMapTiles/OpenStreetMap national PMTiles","sourceId":"10/803/516:water:79917803:0","sourceLayer":"water","archive":"https://its.hanifahseptiani45.workers.dev/v1/map/archive/indonesia.pmtiles","updatedAt":"2026-07-26T09:42:15.034Z"},"geometry":{"type":"Polygon","coordinates":[[[102.2991943359375,-1.521427617964136],[102.2995376586914,-1.5216850192393139],[102.30013847351074,-1.5218566200723842],[102.3017692565918,-1.5219424204837964],[102.30297088623047,-1.5235726276518022],[102.30348587036133,-1.5249454327311867],[102.30408668518066,-1.5254602344102466],[102.3050308227539,-1.5250312330195896],[102.30571746826172,-1.523486827305291],[102.30691909790039,-1.5223714224896554],[102.30820655822754,-1.5215992188176841],[102.31069564819336,-1.521427617964136],[102.31146812438965,-1.5210844162160981],[102.31146812438965,-1.5198832096681514],[102.30966567993164,-1.5182529997129848],[102.30923652648926,-1.5170517915908448],[102.3090648651123,-1.516022184098162],[102.30957984924316,-1.5152499781573],[102.31146812438965,-1.5137913661846198],[102.31198310852051,-1.5136197647115495],[102.3127555847168,-1.5127617571424565],[102.3127555847168,-1.5118179484245502],[102.3112964630127,-1.5090723207312493],[102.31121063232422,-1.5083001123177127],[102.31146812438965,-1.5066698936560527],[102.31224060058594,-1.5058118833439949],[102.31292724609375,-1.5053828780613117],[102.31352806091309,-1.505297076994637],[102.31644630432129,-1.5055544801845144],[102.31876373291016,-1.50641249059791],[102.31945037841797,-1.5073563016623694],[102.32030868530273,-1.5106167367356278],[102.3208236694336,-1.5115605459757262],[102.32168197631836,-1.511903749234051],[102.32357025146484,-1.5114747451526682],[102.32425689697266,-1.5115605459757262],[102.32563018798828,-1.5125901555879153],[102.32597351074219,-1.5132765617246378],[102.32605934143066,-1.5141345690900465],[102.32494354248047,-1.5161937853809633],[102.32494354248047,-1.516536987905738],[102.32545852661133,-1.516536987905738],[102.3263168334961,-1.5161937853809633],[102.32734680175781,-1.5153357788310018],[102.3277759552002,-1.5146493733462734],[102.32889175415039,-1.5121611516422035],[102.32932090759277,-1.5103593341444537],[102.32897758483887,-1.5088149179571957],[102.32803344726562,-1.507270500673414],[102.32623100280762,-1.505726082294217],[102.32597351074219,-1.5044390661422682],[102.32683181762695,-1.5028088445932326],[102.32820510864258,-1.5025514410794898],[102.3295783996582,-1.502894645757749],[102.3321533203125,-1.5049538726941876],[102.33344078063965,-1.5066698936560527],[102.33429908752441,-1.508557515152674],[102.3350715637207,-1.511903749234051],[102.33515739440918,-1.5146493733462734],[102.33575820922852,-1.5156789814917744],[102.3365306854248,-1.516022184098162],[102.33747482299805,-1.5161937853809633],[102.34082221984863,-1.5157647821484659],[102.34296798706055,-1.516022184098162],[102.34434127807617,-1.5176523957353254],[102.34537124633789,-1.5192826061435625],[102.34640121459961,-1.5197116086781648],[102.34691619873047,-1.5192826061435625],[102.34725952148438,-1.518081398593523],[102.34674453735352,-1.5148209747378445],[102.34803199768066,-1.5137055654497829],[102.34923362731934,-1.5135339639699197],[102.35043525695801,-1.5145635726454003],[102.35086441040039,-1.5157647821484659],[102.35129356384277,-1.5186820024520102],[102.35292434692383,-1.5204838130256775],[102.35352516174316,-1.5218566200723842],[102.35404014587402,-1.5237442283345786],[102.35489845275879,-1.5243448306166556],[102.35627174377441,-1.524087429659133],[102.35721588134766,-1.5224572228805755],[102.35824584960938,-1.5218566200723842],[102.35936164855957,-1.520741214413448],[102.36124992370605,-1.519368406657307],[102.36519813537598,-1.5187678029896006],[102.3651123046875,-1.5173949939795364],[102.36485481262207,-1.5172233927920047],[102.36485481262207,-1.5166227885284371],[102.36588478088379,-1.515421579501293],[102.36734390258789,-1.5149925761158158],[102.36845970153809,-1.5151641774802016],[102.3702621459961,-1.5167943897636036],[102.3717212677002,-1.5185962019110093],[102.37223625183105,-1.5209128153215943],[102.37386703491211,-1.5243448306166556],[102.37421035766602,-1.5275194398942773],[102.37446784973145,-1.5278626406164904],[102.37549781799316,-1.5278626406164904],[102.37584114074707,-1.5276910402622406],[102.37592697143555,-1.5273478395126148],[102.37541198730469,-1.5261466364573693],[102.37515449523926,-1.525202833586107],[102.37541198730469,-1.523830028670858],[102.37601280212402,-1.5223714224896554],[102.37669944763184,-1.5217708196575614],[102.3764419555664,-1.5212560170969311],[102.3772144317627,-1.5209986157705515],[102.37790107727051,-1.5202264116071973],[102.37824440002441,-1.5195400076745642],[102.37824440002441,-1.519025204581908],[102.37772941589355,-1.5182529997129848],[102.37687110900879,-1.5179097974604616],[102.37343788146973,-1.5184246008188182],[102.37266540527344,-1.5181671991549592],[102.3720645904541,-1.5173949939795364],[102.37197875976562,-1.5167085891477257],[102.37257957458496,-1.5146493733462734],[102.37335205078125,-1.5142203698079015],[102.37481117248535,-1.5145635726454003],[102.37687110900879,-1.5141345690900465],[102.38202095031738,-1.5153357788310018],[102.38313674926758,-1.5157647821484659],[102.38476753234863,-1.5169659909851703],[102.38717079162598,-1.5179955980287048],[102.39051818847656,-1.5201406111275446],[102.3911190032959,-1.5203122120834252],[102.3914623260498,-1.5197116086781648],[102.39043235778809,-1.5172233927920047],[102.39026069641113,-1.515936383451674],[102.39043235778809,-1.5153357788310018],[102.39034652709961,-1.5142203698079015],[102.39060401916504,-1.5131907609694224],[102.39120483398438,-1.512675956366877],[102.39137649536133,-1.5117321476116672],[102.39206314086914,-1.5118179484245502],[102.39214897155762,-1.5114747451526682],[102.39386558532715,-1.5101877324000554],[102.39455223083496,-1.5100161306421],[102.39764213562012,-1.5101019315227688],[102.39781379699707,-1.509501325286962],[102.39824295043945,-1.509501325286962],[102.39884376525879,-1.5102735332739456],[102.39970207214355,-1.5106167367356278],[102.40030288696289,-1.5105309358752947],[102.40073204040527,-1.5101019315227688],[102.40090370178223,-1.5095871261879665],[102.40081787109375,-1.5084717142110833],[102.39867210388184,-1.5044390661422682],[102.39832878112793,-1.5025514410794898],[102.39858627319336,-1.5007496156341915],[102.39987373352051,-1.4988619873849984],[102.40081787109375,-1.4983471793981664],[102.40201950073242,-1.498432980737718],[102.40253448486328,-1.4981755767090021],[102.403564453125,-1.496287946241381],[102.40450859069824,-1.4952583289378651],[102.40553855895996,-1.4951725274740966],[102.40656852722168,-1.4954299318553268],[102.40751266479492,-1.4963737476615222],[102.40819931030273,-1.4980039740064086],[102.40854263305664,-1.4980039740064086],[102.41120338439941,-1.4989477887043705],[102.41154670715332,-1.498604583406717],[102.41171836853027,-1.4980897753593894],[102.41171836853027,-1.4956015347593734],[102.41283416748047,-1.4925984820024922],[102.41360664367676,-1.4921694741307903],[102.41506576538086,-1.4918262677731917],[102.41695404052734,-1.4920836725464142],[102.41832733154297,-1.4934564974947477],[102.41875648498535,-1.4945719171338396],[102.41884231567383,-1.495515733309034],[102.41841316223145,-1.497660768560877],[102.41849899291992,-1.4987761860622584],[102.41867065429688,-1.4995483978457997],[102.41927146911621,-1.50014900682244],[102.42107391357422,-1.5004922118779263],[102.42236137390137,-1.4998058017131228],[102.42279052734375,-1.499462596549975],[102.42347717285156,-1.4975749671910847],[102.42562294006348,-1.4971459602918031],[102.42673873901367,-1.4977465699273012],[102.42708206176758,-1.4983471793981664],[102.42742538452148,-1.499462596549975],[102.42716789245605,-1.5010070193601592],[102.42613792419434,-1.5022082363473004],[102.42339134216309,-1.5038384583448021],[102.42313385009766,-1.5041816628207414],[102.42313385009766,-1.5045248672426936],[102.42648124694824,-1.5040958617068156],[102.4284553527832,-1.5032378503820638],[102.42965698242188,-1.5019508327627733],[102.43094444274902,-1.4982613780552754],[102.43163108825684,-1.4974891658179388],[102.43309020996094,-1.4968885561119265],[102.43472099304199,-1.4975749671910847],[102.43626594543457,-1.4989477887043705],[102.43866920471191,-1.5030662480766495],[102.43935585021973,-1.5034952538149042],[102.44321823120117,-1.502379838720131],[102.44399070739746,-1.5020366339609694],[102.44536399841309,-1.5009212181215332],[102.44570732116699,-1.499462596549975],[102.44536399841309,-1.4963737476615222],[102.44544982910156,-1.4945719171338396],[102.44587898254395,-1.4922552757118268],[102.44656562805176,-1.490625045100046],[102.44690895080566,-1.490196036843642],[102.44871139526367,-1.4904534418075173],[102.44768142700195,-1.4911398548973835],[102.4471664428711,-1.4919978709586985],[102.44665145874023,-1.493284894423084],[102.44630813598633,-1.4945719171338396],[102.44622230529785,-1.4969743575085772],[102.44656562805176,-1.498604583406717],[102.44656562805176,-1.4997200004273878],[102.44596481323242,-1.5009212181215332],[102.44596481323242,-1.5013502242809835],[102.44553565979004,-1.5020366339609694],[102.44416236877441,-1.502894645757749],[102.43952751159668,-1.5044390661422682],[102.43806838989258,-1.5041816628207414],[102.43772506713867,-1.503924259468846],[102.4365234375,-1.501521826721202],[102.43472099304199,-1.4988619873849984],[102.43437767028809,-1.498604583406717],[102.43291854858398,-1.4982613780552754],[102.4324893951416,-1.4983471793981664],[102.43188858032227,-1.4991193913330108],[102.43111610412598,-1.501865031561195],[102.43025779724121,-1.5029804469188832],[102.42939949035645,-1.5037526572173903],[102.42836952209473,-1.5043532650384606],[102.4266529083252,-1.5048680716106446],[102.42424964904785,-1.5051254748511695],[102.42330551147461,-1.5054686791246041],[102.42236137390137,-1.505297076994637],[102.42193222045898,-1.5047822705237195],[102.42201805114746,-1.5035810549524484],[102.42373466491699,-1.5022082363473004],[102.42373466491699,-1.5017792303562487],[102.42493629455566,-1.5007496156341915],[102.425537109375,-1.5010928205954173],[102.42562294006348,-1.5006638143854616],[102.42605209350586,-1.5005780131333637],[102.42648124694824,-1.4998058017131228],[102.42639541625977,-1.4992051926423073],[102.42562294006348,-1.4988619873849984],[102.42485046386719,-1.4991193913330108],[102.42287635803223,-1.5010928205954173],[102.4215030670166,-1.5016076279362522],[102.42047309875488,-1.5017792303562487],[102.4189281463623,-1.5012644230558294],[102.41772651672363,-1.4999774042745173],[102.41738319396973,-1.4991193913330108],[102.41755485534668,-1.4953441303982657],[102.41729736328125,-1.494228711151365],[102.41669654846191,-1.493542299025549],[102.41583824157715,-1.4931132913380338],[102.4142074584961,-1.4931990928822358],[102.41317749023438,-1.4941429096473655],[102.41257667541504,-1.4964595490783097],[102.41266250610352,-1.4990335900203746],[102.4116325378418,-1.5004064106190924],[102.40880012512207,-1.4998058017131228],[102.40777015686035,-1.4992051926423073],[102.40699768066406,-1.4982613780552754],[102.40665435791016,-1.4971459602918031],[102.40639686584473,-1.4968885561119265],[102.40605354309082,-1.4966311519018376],[102.4050235748291,-1.4965453504917576],[102.40459442138672,-1.4968885561119265],[102.403564453125,-1.498604583406717],[102.4006462097168,-1.5007496156341915],[102.39995956420898,-1.501521826721202],[102.3995304107666,-1.5022940375354068],[102.39970207214355,-1.503924259468846],[102.40176200866699,-1.5078711075251192],[102.40184783935547,-1.5095871261879665],[102.40150451660156,-1.5106167367356278],[102.40090370178223,-1.511303143496363],[102.39961624145508,-1.5117321476116672],[102.3980712890625,-1.5117321476116672],[102.39635467529297,-1.5112173426631443],[102.39558219909668,-1.511303143496363],[102.39498138427734,-1.5116463467953878],[102.39412307739258,-1.5116463467953878],[102.39240646362305,-1.5133623624764567],[102.3914623260498,-1.5155931808316865],[102.3914623260498,-1.5175665951534683],[102.39232063293457,-1.51911100510587],[102.39232063293457,-1.5198832096681514],[102.39206314086914,-1.5209986157705515],[102.39120483398438,-1.5215134183926011],[102.38983154296875,-1.521427617964136],[102.38665580749512,-1.5189394040545494],[102.38476753234863,-1.5183388002675997],[102.38287925720215,-1.5171375921931372],[102.38142013549805,-1.5167943897636036],[102.37841606140137,-1.515507380168188],[102.37541198730469,-1.516022184098162],[102.37421035766602,-1.5156789814917744],[102.37343788146973,-1.515936383451674],[102.37326622009277,-1.5167085891477257],[102.3735237121582,-1.5170517915908448],[102.37446784973145,-1.5168801903760993],[102.37524032592773,-1.5170517915908448],[102.3764419555664,-1.5167085891477257],[102.37730026245117,-1.5167943897636036],[102.37833023071289,-1.5172233927920047],[102.37910270690918,-1.5181671991549592],[102.37944602966309,-1.519025204581908],[102.37910270690918,-1.5215134183926011],[102.37841606140137,-1.5224572228805755],[102.37730026245117,-1.5232294262452228],[102.3764419555664,-1.5258892357153684],[102.37652778625488,-1.5270046387081777],[102.37704277038574,-1.5284632417483976],[102.3760986328125,-1.5294928432979447],[102.37524032592773,-1.5299218437978084],[102.37386703491211,-1.5296644435081674],[102.37292289733887,-1.5289780425849102],[102.37257957458496,-1.5246880318454714],[102.37051963806152,-1.5203122120834252],[102.37000465393066,-1.5183388002675997],[102.3691463470459,-1.5173091933874758],[102.36794471740723,-1.5179097974604616],[102.36760139465332,-1.519025204581908],[102.3662281036377,-1.5204838130256775],[102.36373901367188,-1.5209986157705515],[102.36185073852539,-1.520741214413448],[102.36039161682129,-1.52117021665822],[102.36021995544434,-1.5215134183926011],[102.3607349395752,-1.522628823652198],[102.35979080200195,-1.5257176352035913],[102.35893249511719,-1.5264040371685752],[102.35713005065918,-1.5265756376255837],[102.3567008972168,-1.5263182369349266],[102.35687255859375,-1.5254602344102466],[102.35464096069336,-1.5256318349425584],[102.35404014587402,-1.5252886338642497],[102.35283851623535,-1.5241732299817272],[102.35232353210449,-1.523401026955355],[102.3515510559082,-1.5208270148692264],[102.35034942626953,-1.5194542071676267],[102.35000610351562,-1.5182529997129848],[102.34992027282715,-1.5155931808316865],[102.34966278076172,-1.515078376799707],[102.34923362731934,-1.5149067754285284],[102.34854698181152,-1.5148209747378445],[102.34803199768066,-1.515421579501293],[102.34846115112305,-1.518081398593523],[102.34837532043457,-1.5189394040545494],[102.34760284423828,-1.5204838130256775],[102.34657287597656,-1.5209986157705515],[102.34468460083008,-1.5204838130256775],[102.34245300292969,-1.5173091933874758],[102.34193801879883,-1.5170517915908448],[102.34099388122559,-1.5168801903760993],[102.33936309814453,-1.5176523957353254],[102.33781814575195,-1.5179097974604616],[102.33678817749023,-1.5179097974604616],[102.33610153198242,-1.5176523957353254],[102.33498573303223,-1.516536987905738],[102.33447074890137,-1.515507380168188],[102.33412742614746,-1.5138771669160747],[102.33412742614746,-1.5117321476116672],[102.33352661132812,-1.5096729270855604],[102.3324966430664,-1.507270500673414],[102.33112335205078,-1.5054686791246041],[102.32872009277344,-1.5035810549524484],[102.3281192779541,-1.5034952538149042],[102.32751846313477,-1.5038384583448021],[102.32734680175781,-1.5049538726941876],[102.32975006103516,-1.5077853065564284],[102.33026504516602,-1.5091581216491505],[102.33035087585449,-1.5108741392963339],[102.32906341552734,-1.5143919712334366],[102.32820510864258,-1.5157647821484659],[102.32734680175781,-1.516536987905738],[102.32580184936523,-1.5173949939795364],[102.32348442077637,-1.5170517915908448],[102.32296943664551,-1.516022184098162],[102.32365608215332,-1.5152499781573],[102.32468605041504,-1.5149925761158158],[102.32502937316895,-1.5143061705223744],[102.32485771179199,-1.5136197647115495],[102.32425689697266,-1.5129333586834264],[102.32125282287598,-1.5129333586834264],[102.3200511932373,-1.5123327532306519],[102.31919288635254,-1.510959940143124],[102.31893539428711,-1.5083001123177127],[102.31816291809082,-1.507270500673414],[102.31610298156738,-1.50641249059791],[102.31352806091309,-1.5063266895717646],[102.31232643127441,-1.5070988986853564],[102.31206893920898,-1.508385913266082],[102.31224060058594,-1.5089865198099517],[102.31404304504395,-1.5101877324000554],[102.31438636779785,-1.5117321476116672],[102.31352806091309,-1.5136197647115495],[102.31078147888184,-1.5156789814917744],[102.31035232543945,-1.5166227885284371],[102.31069564819336,-1.518081398593523],[102.31172561645508,-1.5187678029896006],[102.31292724609375,-1.5199690101580217],[102.31266975402832,-1.5213418175322317],[102.31146812438965,-1.522628823652198],[102.31078147888184,-1.5228862247839885],[102.30812072753906,-1.5229720251544308],[102.30751991271973,-1.523486827305291],[102.30648994445801,-1.5251170333045536],[102.30545997619629,-1.5260608362134604],[102.30400085449219,-1.526489837398799],[102.30314254760742,-1.5264040371685752],[102.30262756347656,-1.5263182369349266],[102.30237007141113,-1.5257176352035913],[102.30245590209961,-1.5252886338642497],[102.30099678039551,-1.523401026955355],[102.2991943359375,-1.5227146240328722],[102.2991943359375,-1.521427617964136]]]}},{"type":"Feature","id":"pmtiles:10/803/516:water:5607906732:0","properties":{"intermittent":0,"class":"lake","id":560790673,"water":"lake","kind":"waterway","verification":"verified","source":"OpenMapTiles/OpenStreetMap national PMTiles","sourceId":"10/803/516:water:5607906732:0","sourceLayer":"water","archive":"https://its.hanifahseptiani45.workers.dev/v1/map/archive/indonesia.pmtiles","updatedAt":"2026-07-26T09:42:15.034Z"},"geometry":{"type":"Polygon","coordinates":[[[102.34030723571777,-1.5186820024520102],[102.34039306640625,-1.519025204581908],[102.34004974365234,-1.5197974091748563],[102.33644485473633,-1.5196258081780485],[102.33524322509766,-1.5198832096681514],[102.3350715637207,-1.5202264116071973],[102.33524322509766,-1.5206554139542732],[102.33601570129395,-1.52117021665822],[102.33987808227539,-1.5206554139542732],[102.34004974365234,-1.5208270148692264],[102.33927726745605,-1.5210844162160981],[102.33927726745605,-1.5212560170969311],[102.33996391296387,-1.5212560170969311],[102.33962059020996,-1.5215134183926011],[102.33610153198242,-1.5217708196575614],[102.33515739440918,-1.521427617964136],[102.33455657958984,-1.520741214413448],[102.33447074890137,-1.5195400076745642],[102.33481407165527,-1.5191968056264358],[102.33773231506348,-1.5189394040545494],[102.33884811401367,-1.51911100510587],[102.33996391296387,-1.5185962019110093],[102.34030723571777,-1.5186820024520102]]]}},{"type":"Feature","id":"pmtiles:10/803/516:water:5612617702:0","properties":{"intermittent":0,"class":"lake","id":561261770,"water":"lake","kind":"waterway","verification":"verified","source":"OpenMapTiles/OpenStreetMap national PMTiles","sourceId":"10/803/516:water:5612617702:0","sourceLayer":"water","archive":"https://its.hanifahseptiani45.workers.dev/v1/map/archive/indonesia.pmtiles","updatedAt":"2026-07-26T09:42:15.034Z"},"geometry":{"type":"Polygon","coordinates":[[[102.40047454833984,-1.4972317616783783],[102.39970207214355,-1.4974891658179388],[102.39832878112793,-1.5005780131333637],[102.39686965942383,-1.501865031561195],[102.39498138427734,-1.502122435155826],[102.3940372467041,-1.5016076279362522],[102.39343643188477,-1.4999774042745173],[102.39360809326172,-1.4992909939482217],[102.3940372467041,-1.4980897753593894],[102.39480972290039,-1.4975749671910847],[102.39867210388184,-1.4964595490783097],[102.39884376525879,-1.4966311519018376],[102.39884376525879,-1.49706015890186],[102.3984146118164,-1.4974033644414533],[102.39686965942383,-1.4977465699273012],[102.39618301391602,-1.4981755767090021],[102.39592552185059,-1.4978323712903574],[102.3951530456543,-1.4980897753593894],[102.39438056945801,-1.4989477887043705],[102.39412307739258,-1.5000632055501626],[102.39429473876953,-1.5009212181215332],[102.39575386047363,-1.5012644230558294],[102.3966121673584,-1.500320609356919],[102.39721298217773,-1.5004064106190924],[102.39747047424316,-1.5002348080913634],[102.3980712890625,-1.4991193913330108],[102.39884376525879,-1.4983471793981664],[102.39867210388184,-1.4980897753593894],[102.39892959594727,-1.4980897753593894],[102.39901542663574,-1.497660768560877],[102.39978790283203,-1.49706015890186],[102.39987373352051,-1.496802754711922],[102.40047454833984,-1.4967169533085496],[102.40047454833984,-1.4972317616783783]]]}},{"type":"Feature","id":"pmtiles:10/803/516:waterway:1973278080:0","properties":{"name":"Batang Hari","name_int":"Batang Hari","class":"river","name:latin":"Batang Hari","name_de":"Batang Hari","name_en":"Batang Hari","waterway":"river","kind":"waterway","verification":"verified","source":"OpenMapTiles/OpenStreetMap national PMTiles","sourceId":"10/803/516:waterway:1973278080:0","sourceLayer":"waterway","archive":"https://its.hanifahseptiani45.workers.dev/v1/map/archive/indonesia.pmtiles","updatedAt":"2026-07-26T09:42:15.034Z"},"geometry":{"type":"LineString","coordinates":[[102.42158889770508,-1.3960696472589262],[102.41832733154297,-1.4029340540842696],[102.41738319396973,-1.4043927379432262],[102.41291999816895,-1.4094552219141434],[102.41257667541504,-1.4109139016955652],[102.41249084472656,-1.41271579898617],[102.41326332092285,-1.4152899355480741],[102.41472244262695,-1.417091829441631],[102.42321968078613,-1.418722113185055],[102.42493629455566,-1.418121482465807],[102.42630958557129,-1.4164053938378487],[102.42897033691406,-1.4115145342809399],[102.4295711517334,-1.4109139016955652],[102.43077278137207,-1.4103132689551074],[102.43188858032227,-1.4103132689551074],[102.43575096130371,-1.4115145342809399],[102.4394416809082,-1.4133164311059119],[102.44029998779297,-1.4150325220203825],[102.44038581848145,-1.4165770027578617],[102.43927001953125,-1.4221542857301301],[102.43901252746582,-1.4252432366569678],[102.43927001953125,-1.4268735146428924],[102.44072914123535,-1.4304772829308803],[102.4416732788086,-1.432279164953144],[102.44304656982422,-1.4340810455585569],[102.45180130004883,-1.440859536067137],[102.45240211486816,-1.4418033749199992],[102.4526596069336,-1.4431762307345934],[102.45240211486816,-1.4448064959379678],[102.44853973388672,-1.4534726228737327],[102.44776725769043,-1.4558751076297085],[102.44733810424805,-1.4584491955983907],[102.447509765625,-1.460422661047346],[102.44802474975586,-1.4620529138069145],[102.44948387145996,-1.4638547707426426],[102.45205879211426,-1.465656626230313],[102.45540618896484,-1.4670294675335782],[102.45772361755371,-1.4684023079944382],[102.45866775512695,-1.4695177402480368],[102.45901107788086,-1.470547369526173],[102.45866775512695,-1.473464649900265],[102.45823860168457,-1.4756955087851935],[102.45746612548828,-1.4769825417396305],[102.45609283447266,-1.4783553760693735],[102.45317459106445,-1.479899813675587],[102.4478530883789,-1.4812726462004377],[102.4463939666748,-1.4819590621439431],[102.44510650634766,-1.4830744875983441],[102.44407653808594,-1.485047931255565],[102.44390487670898,-1.4865065623914973],[102.44424819946289,-1.4877077873093612],[102.44476318359375,-1.4885658047073917],[102.44587898254395,-1.489252218385431],[102.44776725769043,-1.4896812268256525],[102.4504280090332,-1.4899386318496823],[102.45540618896484,-1.4912256565185658],[102.46150016784668,-1.4937997035978583],[102.46347427368164,-1.4940571081400265],[102.4651050567627,-1.4933706959605928],[102.46622085571289,-1.4913114581364084],[102.46767997741699,-1.487536183789686],[102.46896743774414,-1.4856485441928982],[102.47085571289062,-1.4841041105957373],[102.47197151184082,-1.4835892991569466],[102.47325897216797,-1.4835034972388286],[102.47454643249512,-1.4838467048913202],[102.47634887695312,-1.4849621293940487],[102.4859619140625,-1.4927700851277308],[102.48785018920898,-1.4937139020771042],[102.48948097229004,-1.4938855051152586],[102.49282836914062,-1.493284894423084],[102.49591827392578,-1.4919978709586985],[102.4984073638916,-1.4904534418075173],[102.49960899353027,-1.489252218385431],[102.50020980834961,-1.488308399523035],[102.50063896179199,-1.4861633551520583],[102.50046730041504,-1.484876327529193],[102.49995231628418,-1.4835034972388286],[102.49909400939941,-1.4830744875983441],[102.49488830566406,-1.4840183086975998],[102.49051094055176,-1.4841041105957373],[102.48905181884766,-1.483675101071725],[102.48501777648926,-1.4807578341032581],[102.48347282409668,-1.4786985845191936],[102.48167037963867,-1.4753522998715312],[102.48064041137695,-1.4717486030836113],[102.48064041137695,-1.4683165054903355],[102.48330116271973,-1.4621387165509532],[102.48579025268555,-1.4584491955983907],[102.49128341674805,-1.4533868197994337],[102.49626159667969,-1.450898529227402],[102.50123977661133,-1.449868890948423],[102.50673294067383,-1.450212103760137],[102.5137710571289,-1.4516707576290884],[102.52098083496094,-1.4549312746378291],[102.52338409423828,-1.456389925458737],[102.52827644348145,-1.460508463853671],[102.52999305725098,-1.4624819274942809],[102.5310230255127,-1.4641121787581568],[102.53153800964355,-1.4659140340388035],[102.53145217895508,-1.4677158878693604],[102.53016471862793,-1.472949835994001],[102.53007888793945,-1.4752664976348342],[102.53016471862793,-1.476038717645892],[102.5313663482666,-1.4780121675664901],[102.53256797790527,-1.4789559908217313],[102.53694534301758,-1.481530052204178],[102.54020690917969,-1.4829028837188645],[102.54733085632324,-1.484876327529193],[102.54973411560059,-1.4852195349685928],[102.55196571350098,-1.4852195349685928],[102.55720138549805,-1.4845331200365166],[102.56089210510254,-1.4834176953173852],[102.56406784057617,-1.4818732601626436],[102.5657844543457,-1.4803288239309182],[102.56715774536133,-1.47861278241173],[102.57453918457031,-1.4682307029829218],[102.57625579833984,-1.4671152700870778],[102.57762908935547,-1.4666862572867103],[102.5808048248291,-1.4664288495670093],[102.58217811584473,-1.4665146521435304],[102.58509635925293,-1.4672010726372804],[102.58835792541504,-1.468488110495258],[102.59307861328125,-1.4695177402480368],[102.59891510009766,-1.4694319377867657],[102.60071754455566,-1.4698609500601663],[102.60226249694824,-1.4707189743596842],[102.60303497314453,-1.4720060101903414],[102.60337829589844,-1.4735504522063962],[102.60312080383301,-1.4774973547127104],[102.60269165039062,-1.4801572198387447],[102.59857177734375,-1.4937997035978583],[102.59848594665527,-1.4974891658179388],[102.59891510009766,-1.5008354168795393],[102.59951591491699,-1.5034952538149042],[102.6009750366211,-1.506498291620673],[102.6024341583252,-1.5083001123177127],[102.60449409484863,-1.5097587279797722],[102.6064682006836,-1.5105309358752947],[102.60869979858398,-1.5106167367356278],[102.61110305786133,-1.5098445288706017],[102.6137638092041,-1.5084717142110833],[102.61805534362793,-1.505726082294217],[102.61908531188965,-1.504267463931285],[102.61977195739746,-1.502637242254096],[102.62002944946289,-1.5007496156341915],[102.61968612670898,-1.498604583406717],[102.61685371398926,-1.4944861156432552],[102.61651039123535,-1.493284894423084],[102.61702537536621,-1.4895954251442873],[102.61771202087402,-1.4873645802566813],[102.61917114257812,-1.4853911386683052],[102.62131690979004,-1.4838467048913202],[102.62526512145996,-1.4819590621439431],[102.63015747070312,-1.479985615733284],[102.63350486755371,-1.4797282095502169],[102.63522148132324,-1.48007141778767],[102.63642311096191,-1.4805862300442811],[102.63728141784668,-1.4813584482050146],[102.63805389404297,-1.4821306660965945],[102.63874053955078,-1.4835892991569466],[102.63856887817383,-1.4862491569669203],[102.63736724853516,-1.490625045100046],[102.63650894165039,-1.4972317616783783],[102.63633728027344,-1.5010928205954173],[102.6368522644043,-1.5100161306421],[102.63736724853516,-1.5125043548055572],[102.63874053955078,-1.5171375921931372],[102.64183044433594,-1.5253744341389535],[102.64243125915527,-1.5263182369349266],[102.64406204223633,-1.5278626406164904],[102.6456069946289,-1.5288064423197767],[102.64895439147949,-1.5301792440565407],[102.65135765075684,-1.5304366442843929],[102.6533317565918,-1.5299218437978084],[102.65410423278809,-1.5294928432979447],[102.65453338623047,-1.5288922424540488],[102.65676498413086,-1.5223714224896554],[102.65976905822754,-1.518510401366612],[102.66036987304688,-1.5181671991549592],[102.66165733337402,-1.5179955980287048],[102.66294479370117,-1.5184246008188182]]}},{"type":"Feature","id":"pmtiles:10/803/516:waterway:1987501870:0","properties":{"name":"Sungai Alai","name_int":"Sungai Alai","class":"river","name:latin":"Sungai Alai","name_de":"Sungai Alai","name_en":"Sungai Alai","waterway":"river","kind":"waterway","verification":"verified","source":"OpenMapTiles/OpenStreetMap national PMTiles","sourceId":"10/803/516:waterway:1987501870:0","sourceLayer":"waterway","archive":"https://its.hanifahseptiani45.workers.dev/v1/map/archive/indonesia.pmtiles","updatedAt":"2026-07-26T09:42:15.034Z"},"geometry":{"type":"LineString","coordinates":[[102.29910850524902,-1.4600794497893474],[102.29996681213379,-1.460251055424905],[102.30013847351074,-1.460594266656699],[102.29842185974121,-1.4608516750461575],[102.29850769042969,-1.4612806889630434],[102.29928016662598,-1.461538097273845],[102.29962348937988,-1.4623103220291682],[102.3006534576416,-1.4629967438108764],[102.30142593383789,-1.462396124763373],[102.30245590209961,-1.4625677302219202],[102.30314254760742,-1.462224519291695],[102.30340003967285,-1.4629967438108764],[102.30537414550781,-1.463339954622981],[102.30554580688477,-1.463597362697584],[102.30511665344238,-1.465313415772954],[102.30683326721191,-1.4658282314392608],[102.30683326721191,-1.4660856392280266],[102.30623245239258,-1.4665146521435304],[102.30623245239258,-1.4667720598533691],[102.30777740478516,-1.4666862572867103],[102.30777740478516,-1.4672010726372804],[102.30820655822754,-1.4682307029829218],[102.30794906616211,-1.4688313204655685],[102.3076057434082,-1.4690029254309707],[102.30606079101562,-1.468659715486993],[102.30511665344238,-1.4690887279087121],[102.30545997619629,-1.469603542706011],[102.30623245239258,-1.4696893451607025],[102.30640411376953,-1.469946752504967],[102.30657577514648,-1.4714911959471806],[102.30640411376953,-1.4719202078247235],[102.30554580688477,-1.4715769983292972],[102.30460166931152,-1.4722634172673281],[102.3046875,-1.472949835994001],[102.30425834655762,-1.4740652659738203],[102.30477333068848,-1.4744084750859798],[102.30511665344238,-1.4750948931515353],[102.30477333068848,-1.4757813110053348],[102.30537414550781,-1.476296124256649],[102.30485916137695,-1.476896739565845],[102.30597496032715,-1.4779263654324808],[102.30597496032715,-1.4782695739486371],[102.30537414550781,-1.47861278241173],[102.30631828308105,-1.479899813675587],[102.30691909790039,-1.479985615733284],[102.30880737304688,-1.4795566054115596],[102.3105239868164,-1.479985615733284],[102.31043815612793,-1.4803288239309182],[102.30992317199707,-1.4805862300442811],[102.30863571166992,-1.4807578341032581],[102.30837821960449,-1.481530052204178],[102.30923652648926,-1.482216468067918],[102.30923652648926,-1.482559675920001],[102.30846405029297,-1.482216468067918],[102.30820655822754,-1.482388072000603],[102.30794906616211,-1.4834176953173852],[102.30709075927734,-1.4835892991569466],[102.30683326721191,-1.4849621293940487],[102.30794906616211,-1.485047931255565],[102.30846405029297,-1.484618921914688],[102.30966567993164,-1.484618921914688],[102.3098373413086,-1.484876327529193],[102.30966567993164,-1.486935571365791],[102.30923652648926,-1.487107174932163],[102.30829238891602,-1.4868497695776028],[102.30769157409668,-1.4880509943086224],[102.30880737304688,-1.4877935890641822],[102.3101806640625,-1.4880509943086224],[102.31086730957031,-1.4865065623914973],[102.31103897094727,-1.486678165991222],[102.31103897094727,-1.488222597788237],[102.31181144714355,-1.4888232098617067],[102.31241226196289,-1.4903676401562365],[102.31284141540527,-1.4903676401562365],[102.31335639953613,-1.4898528301783358],[102.31541633605957,-1.4896812268256525],[102.31507301330566,-1.490196036843642],[102.31412887573242,-1.4907966483792023],[102.31507301330566,-1.4913114581364084],[102.3145580291748,-1.4919978709586985],[102.31472969055176,-1.4924268788638528],[102.3145580291748,-1.4931990928822358],[102.3142147064209,-1.4934564974947477],[102.31344223022461,-1.4950009245365123],[102.3130989074707,-1.496287946241381],[102.31378555297852,-1.4965453504917576],[102.31558799743652,-1.4964595490783097],[102.3160171508789,-1.4969743575085772],[102.31558799743652,-1.4975749671910847],[102.31558799743652,-1.4979181726500599],[102.31627464294434,-1.4982613780552754],[102.3167896270752,-1.4980897753593894],[102.31704711914062,-1.4966311519018376],[102.31721878051758,-1.4966311519018376],[102.31876373291016,-1.4980039740064086],[102.32048034667969,-1.4981755767090021],[102.32219696044922,-1.4993767952507824],[102.32236862182617,-1.5004922118779263],[102.32322692871094,-1.502122435155826],[102.32339859008789,-1.5036668560866104],[102.32322692871094,-1.5044390661422682],[102.32202529907227,-1.506841495677918],[102.32202529907227,-1.5089007188852577],[102.32236862182617,-1.5095871261879665],[102.32331275939941,-1.5100161306421],[102.3240852355957,-1.509930329758049],[102.32451438903809,-1.5095871261879665],[102.32477188110352,-1.5096729270855604],[102.32511520385742,-1.5103593341444537],[102.32623100280762,-1.5107883384461473],[102.32657432556152,-1.5106167367356278],[102.3277759552002,-1.5088149179571957],[102.32751846313477,-1.5077853065564284],[102.32657432556152,-1.5059834854334468],[102.32666015625,-1.505297076994637]]}},{"type":"Feature","id":"pmtiles:10/803/516:waterway:5254837220:0","properties":{"name":"Batang Tabir","name_int":"Batang Tabir","class":"river","name:latin":"Batang Tabir","name_de":"Batang Tabir","name_en":"Batang Tabir","waterway":"river","kind":"waterway","verification":"verified","source":"OpenMapTiles/OpenStreetMap national PMTiles","sourceId":"10/803/516:waterway:5254837220:0","sourceLayer":"waterway","archive":"https://its.hanifahseptiani45.workers.dev/v1/map/archive/indonesia.pmtiles","updatedAt":"2026-07-26T09:42:15.034Z"},"geometry":{"type":"LineString","coordinates":[[102.41841316223145,-1.7662016125543403],[102.42064476013184,-1.7629415930538244],[102.4229621887207,-1.758480504487764],[102.42304801940918,-1.7578799725196887],[102.42210388183594,-1.7563357465719918],[102.42201805114746,-1.7555636331195075],[102.42364883422852,-1.754019405257921],[102.42467880249023,-1.7525609666627986],[102.42321968078613,-1.748014062579557],[102.4226188659668,-1.7435529384368778],[102.42270469665527,-1.7403786705878304],[102.42227554321289,-1.7387486390747426],[102.42167472839355,-1.7375475623221206],[102.42193222045898,-1.7362606935253382],[102.42236137390137,-1.7358317370650411],[102.42364883422852,-1.7357459457612947],[102.4258804321289,-1.7367754411492342],[102.4281120300293,-1.738405474366246],[102.4324893951416,-1.7395207594407083],[102.4339485168457,-1.7394349683045363],[102.43472099304199,-1.73900601256517],[102.43721008300781,-1.7360891109529035],[102.4376392364502,-1.7350596151912185],[102.4379825592041,-1.732228498958321],[102.43824005126953,-1.7317137500975974],[102.43875503540039,-1.7313705841127813],[102.4394416809082,-1.7313705841127813],[102.44012832641602,-1.7316279586072056],[102.44081497192383,-1.7330864134153643],[102.44141578674316,-1.7336011619030387],[102.4420166015625,-1.7336869533040442],[102.44296073913574,-1.7334295790893606],[102.4434757232666,-1.7328290391190535],[102.44381904602051,-1.7315421671129485],[102.44364738464355,-1.731113209583384],[102.44321823120117,-1.7308558350190566],[102.44210243225098,-1.7306842519567454],[102.44141578674316,-1.730255294233089],[102.44141578674316,-1.7295689616734506],[102.44261741638184,-1.7285394623685448],[102.4449348449707,-1.7270810040644307],[102.44579315185547,-1.7261372951534355],[102.44733810424805,-1.725622544640899],[102.44853973388672,-1.7258799199145898],[102.45017051696777,-1.7278531291884605],[102.4515438079834,-1.726909420660931],[102.45171546936035,-1.7260515034110284],[102.45137214660645,-1.7242498759264606],[102.4518871307373,-1.7216761194192145],[102.45197296142578,-1.7196171117110737],[102.45128631591797,-1.7182444386713485],[102.45025634765625,-1.7170433489523163],[102.45017051696777,-1.7157564662729357],[102.4504280090332,-1.714984336249671],[102.45102882385254,-1.7144695827277445],[102.45308876037598,-1.713697452185329],[102.45351791381836,-1.713268490638356],[102.45343208312988,-1.7122389825337052],[102.45257377624512,-1.7110378890460538],[102.45231628417969,-1.7100083797437122],[102.45240211486816,-1.7091504549032095],[102.45274543762207,-1.7085499072867805],[102.45368957519531,-1.7082067371359386],[102.45463371276855,-1.7083783222190192],[102.45635032653809,-1.709922587276921],[102.45729446411133,-1.7100083797437122],[102.45789527893066,-1.7097510023318279],[102.4588394165039,-1.7070056411253631],[102.45935440063477,-1.7062335075794266],[102.46038436889648,-1.7055471663894934],[102.4610710144043,-1.7045176541456044],[102.4610710144043,-1.7035739341051084],[102.46072769165039,-1.7028875919670838],[102.45944023132324,-1.701943871128222],[102.45935440063477,-1.7012575284098403],[102.45944023132324,-1.7005711854472736],[102.46115684509277,-1.697997397164471],[102.46210098266602,-1.6959383640702157],[102.46338844299316,-1.6947372604199984],[102.4643325805664,-1.694308294650071],[102.46527671813965,-1.694308294650071],[102.46682167053223,-1.6947372604199984],[102.46742248535156,-1.694479880969439],[102.46785163879395,-1.6938793287851297],[102.46776580810547,-1.6931929832036872],[102.46673583984375,-1.69233505088512],[102.46630668640137,-1.691648704756986],[102.46622085571289,-1.690962358386031],[102.4665641784668,-1.6897612516528824],[102.46793746948242,-1.6895896649160704],[102.46879577636719,-1.6899328383745456],[102.46999740600586,-1.6910481516956821],[102.47068405151367,-1.6912197383035874],[102.47154235839844,-1.690962358386031],[102.4724006652832,-1.6902760117723687],[102.47300148010254,-1.6894180781640955],[102.47334480285645,-1.6877880032647],[102.4724006652832,-1.6870158620458398],[102.4705982208252,-1.686930068558155],[102.47016906738281,-1.6857289593334315],[102.47051239013672,-1.6848710237191824],[102.47128486633301,-1.6840988813432745],[102.47308731079102,-1.6830693576994946],[102.4735164642334,-1.6823830083016418],[102.47368812561035,-1.6814392774853246],[102.47343063354492,-1.6797234021049405],[102.47368812561035,-1.6790370515307558],[102.47411727905273,-1.6785222884419682],[102.47626304626465,-1.6780075252176374],[102.47729301452637,-1.6766348226238676],[102.47978210449219,-1.6750905310552184],[102.48089790344238,-1.6732030619294989],[102.48184204101562,-1.6722593266854062],[102.48621940612793,-1.6707150316708521],[102.48690605163574,-1.6702002663961366],[102.48682022094727,-1.6688275583377532],[102.48407363891602,-1.6666827000785958],[102.48390197753906,-1.6650526062389446],[102.4845027923584,-1.6641946615712584],[102.48536109924316,-1.6637656890974313],[102.48802185058594,-1.6635083055683424],[102.48845100402832,-1.6636798945914677],[102.48905181884766,-1.6645378394831312],[102.48965263366699,-1.6647094284166712],[102.49025344848633,-1.664452045010762],[102.49068260192871,-1.6641088670839537],[102.49085426330566,-1.6635083055683424],[102.49025344848633,-1.6617924145166256],[102.49025344848633,-1.6609344684316056],[102.49068260192871,-1.6595617539207836],[102.49136924743652,-1.6587038068676065],[102.49463081359863,-1.6579316542016755],[102.4954891204834,-1.6564731427887835],[102.49600410461426,-1.6561299634767437],[102.50055313110352,-1.6575884751423473],[102.50115394592285,-1.657502680368225],[102.50175476074219,-1.657073706441821],[102.50235557556152,-1.6562157583103243],[102.50269889831543,-1.654242476198462],[102.50312805175781,-1.6536419116877994],[102.5039005279541,-1.6534703217942166],[102.50493049621582,-1.6538992965003416],[102.50578880310059,-1.6545856558372378],[102.50638961791992,-1.6557009892530914],[102.50699043273926,-1.6587896015896746],[102.50741958618164,-1.6592185751441804],[102.50836372375488,-1.659304369843909],[102.5090503692627,-1.6587896015896746],[102.5093936920166,-1.6577600646794366],[102.50930786132812,-1.6564731427887835],[102.50956535339355,-1.6555293995376559],[102.51016616821289,-1.6549288354166265],[102.51102447509766,-1.6548430405273393],[102.51162528991699,-1.6551862200621912],[102.51222610473633,-1.6562157583103243],[102.51299858093262,-1.6565589376075138],[102.5137710571289,-1.6565589376075138],[102.51428604125977,-1.6561299634767437],[102.51505851745605,-1.654242476198462],[102.51608848571777,-1.6537277066290272],[102.51771926879883,-1.6539850914304424],[102.51832008361816,-1.6545856558372378],[102.51952171325684,-1.6566447324225066],[102.5203800201416,-1.6571595012345455],[102.5214958190918,-1.657073706441821],[102.52561569213867,-1.6537277066290272],[102.52707481384277,-1.650810676547863],[102.52853393554688,-1.6484942084340304],[102.52853393554688,-1.647807846993615],[102.52793312072754,-1.646349328147494],[102.52801895141602,-1.6460919423579696],[102.52887725830078,-1.645577170679232],[102.53128051757812,-1.6460919423579696],[102.53419876098633,-1.6460919423579696],[102.53634452819824,-1.6474646661847032],[102.5379753112793,-1.6482368229215894],[102.54037857055664,-1.6489231842141265],[102.54115104675293,-1.6495237501509479],[102.54226684570312,-1.6524407821213174],[102.54372596740723,-1.653298731885812],[102.54398345947266,-1.653813501566546],[102.54398345947266,-1.6549288354166265],[102.54338264465332,-1.6565589376075138],[102.5434684753418,-1.6569879116454018],[102.54432678222656,-1.6577600646794366],[102.54621505737305,-1.6576742699127465],[102.54733085632324,-1.6590469857335393],[102.54767417907715,-1.6606770845334324],[102.54870414733887,-1.6608486738026045],[102.54947662353516,-1.6595617539207836],[102.54956245422363,-1.6581032437090215],[102.54853248596191,-1.654671450737652],[102.54887580871582,-1.654242476198462],[102.54956245422363,-1.654242476198462],[102.5504207611084,-1.6551862200621912],[102.55059242248535,-1.6569021168452451],[102.55119323730469,-1.6576742699127465],[102.55205154418945,-1.658274833201503],[102.55471229553223,-1.6586180121418295],[102.55531311035156,-1.6591327804407143],[102.55548477172852,-1.6595617539207836],[102.55505561828613,-1.6609344684316056],[102.55256652832031,-1.6623929765543863],[102.55205154418945,-1.6629935384094665],[102.55170822143555,-1.6642804560548257],[102.55179405212402,-1.6648810173352757],[102.55308151245117,-1.666425316930443],[102.55385398864746,-1.6678838209917473],[102.5559139251709,-1.6696855009865743],[102.55608558654785,-1.67028606061794],[102.55574226379395,-1.6720877384104398],[102.5559139251709,-1.6726025031903333],[102.55642890930176,-1.6728598855296326],[102.55917549133301,-1.673031473737069],[102.55960464477539,-1.673374650106922],[102.56063461303711,-1.675262119067412],[102.5614070892334,-1.6755195010575363],[102.5632095336914,-1.6749189430279898],[102.56406784057617,-1.67500473704348],[102.56466865539551,-1.6755195010575363],[102.56526947021484,-1.6796376082963462],[102.56561279296875,-1.680152371091367],[102.56612777709961,-1.6803239586595708],[102.56913185119629,-1.6791228453657254],[102.57136344909668,-1.6785222884419682],[102.57205009460449,-1.6778359374460905],[102.57247924804688,-1.6767206165641824],[102.57299423217773,-1.6762058528658486],[102.5738525390625,-1.6761200589029528],[102.57453918457031,-1.6765490286797728],[102.57479667663574,-1.6773211740411256],[102.57513999938965,-1.681353483752119],[102.57479667663574,-1.6818682460947798],[102.57316589355469,-1.682726183030752],[102.57290840148926,-1.683412532307841],[102.57290840148926,-1.684270468564364],[102.57342338562012,-1.685385785133093],[102.57436752319336,-1.6863295140384622],[102.57685661315918,-1.686930068558155],[102.57908821105957,-1.6881311770413419],[102.57986068725586,-1.6883027639069326],[102.58243560791016,-1.6862437205205083],[102.58355140686035,-1.683498325950481],[102.5851821899414,-1.682726183030752],[102.58664131164551,-1.682468801989586],[102.58758544921875,-1.6829835640379827],[102.59041786193848,-1.683412532307841],[102.59230613708496,-1.6828977703726906],[102.59282112121582,-1.6831551513572407],[102.59376525878906,-1.6841846749557021],[102.59462356567383,-1.6840988813432745],[102.59651184082031,-1.6828977703726906],[102.59925842285156,-1.6822972146099318],[102.60088920593262,-1.6830693576994946],[102.60174751281738,-1.6840988813432745],[102.60183334350586,-1.685214198010243],[102.60088920593262,-1.6859863399439803],[102.60054588317871,-1.686758481571431],[102.60088920593262,-1.6876164163536629],[102.60191917419434,-1.6877880032647],[102.60372161865234,-1.68667268807242],[102.60457992553711,-1.6865011010629871],[102.60552406311035,-1.68667268807242],[102.60663986206055,-1.688045383602855],[102.60741233825684,-1.6883027639069326],[102.60784149169922,-1.688045383602855],[102.60930061340332,-1.685042610872273],[102.60895729064941,-1.684270468564364],[102.60809898376465,-1.6840130877270667],[102.60758399963379,-1.683498325950481],[102.60724067687988,-1.682468801989586],[102.60741233825684,-1.6822114209144559],[102.60990142822266,-1.6818682460947798],[102.61316299438477,-1.6844420557703472],[102.61419296264648,-1.6865868945696008],[102.61625289916992,-1.6883027639069326],[102.61702537536621,-1.6897612516528824],[102.61762619018555,-1.6902760117723687],[102.61848449707031,-1.6904475984485288],[102.6192569732666,-1.6900186317296857],[102.62045860290527,-1.6886459375927103],[102.62148857116699,-1.6882169704760344],[102.62432098388672,-1.6881311770413419],[102.62646675109863,-1.6892464913969718],[102.62784004211426,-1.6895038715419872],[102.62904167175293,-1.688817524412869],[102.63032913208008,-1.6889891112178788],[102.63187408447266,-1.6901044250810315],[102.63298988342285,-1.6925924306205502],[102.63333320617676,-1.6949088467013667],[102.63384819030762,-1.695423605454252],[102.6346206665039,-1.6955951916747836],[102.63607978820801,-1.6948230535625868],[102.63676643371582,-1.693965121965718],[102.63796806335449,-1.6940509151424976],[102.6397705078125,-1.6947372604199984],[102.64062881469727,-1.694479880969439],[102.6412296295166,-1.6938793287851297],[102.64200210571289,-1.6919918778514216],[102.64260292053223,-1.6917344980362827],[102.64517784118652,-1.6913913248963297],[102.64655113220215,-1.6925066373792106],[102.6478385925293,-1.6945656741234245],[102.64904022216797,-1.6948230535625868],[102.64972686767578,-1.6947372604199984],[102.6507568359375,-1.693793535600733],[102.65118598937988,-1.6940509151424976],[102.65195846557617,-1.695423605454252],[102.65281677246094,-1.697825811157017],[102.65341758728027,-1.6984263621164075],[102.65685081481934,-1.699455877612536],[102.65719413757324,-1.6999706351547843],[102.65710830688477,-1.701171735552876],[102.65745162963867,-1.7029733847477075],[102.65830993652344,-1.7034023485935137],[102.65933990478516,-1.7034023485935137],[102.66045570373535,-1.7027160063943825],[102.66182899475098,-1.7013433212629963]]}},{"type":"Feature","id":"pmtiles:10/803/516:waterway:5612617710:0","properties":{"name":"Sungai Aburan","name_int":"Sungai Aburan","class":"river","name:latin":"Sungai Aburan","name_de":"Sungai Aburan","name_en":"Sungai Aburan","waterway":"river","kind":"waterway","verification":"verified","source":"OpenMapTiles/OpenStreetMap national PMTiles","sourceId":"10/803/516:waterway:5612617710:0","sourceLayer":"waterway","archive":"https://its.hanifahseptiani45.workers.dev/v1/map/archive/indonesia.pmtiles","updatedAt":"2026-07-26T09:42:15.035Z"},"geometry":{"type":"LineString","coordinates":[[102.29893684387207,-1.6434322872548108],[102.29970932006836,-1.6431749010889973],[102.2995376586914,-1.6425743332398213],[102.29979515075684,-1.6416305833978129],[102.29962348937988,-1.6408584241048203],[102.30039596557617,-1.6397430823775494],[102.30022430419922,-1.639142513497717],[102.29979515075684,-1.639142513497717],[102.29928016662598,-1.6385419444377334],[102.29928016662598,-1.6375981926939573],[102.29988098144531,-1.6366544405057795],[102.29988098144531,-1.6347669347971419],[102.30108261108398,-1.6339089770700923],[102.30116844177246,-1.633651589680511],[102.30185508728027,-1.633565793876656],[102.30305671691895,-1.6321930605167694],[102.30408668518066,-1.6319356729074457],[102.30554580688477,-1.6324504480931523],[102.30606079101562,-1.6321930605167694],[102.30657577514648,-1.6310777139717771],[102.30794906616211,-1.6307345302950722],[102.30880737304688,-1.6295333869658037],[102.30854988098145,-1.629275999016329],[102.3087215423584,-1.6289328150325275],[102.3098373413086,-1.628503834970573],[102.30975151062012,-1.6276458745727354],[102.31026649475098,-1.6267879138098351],[102.31000900268555,-1.626530525509807],[102.3101806640625,-1.6260157488112839],[102.31069564819336,-1.6259299526820712],[102.31086730957031,-1.625586768128855],[102.31241226196289,-1.6249003988474158],[102.31361389160156,-1.6254151758303692],[102.31412887573242,-1.6250719911896425],[102.31438636779785,-1.6244714179280493],[102.31438636779785,-1.6233560671115015],[102.31472969055176,-1.6230986783741201],[102.315673828125,-1.6231844746235424],[102.31696128845215,-1.62232651196544],[102.31704711914062,-1.6218975304999077],[102.3167896270752,-1.621640141576961],[102.31730461120605,-1.6213827526212583],[102.31773376464844,-1.6201816037286392],[102.31919288635254,-1.6201816037286392],[102.3197078704834,-1.6194952326130476],[102.32048034667969,-1.6197526218086438],[102.32056617736816,-1.619152046968054],[102.32108116149902,-1.619066250547732],[102.32125282287598,-1.6188088612649807],[102.32288360595703,-1.6186372683916517],[102.32331275939941,-1.6175219143611201],[102.32451438903809,-1.6172645248823727],[102.32502937316895,-1.6169213388599388],[102.32640266418457,-1.6170929318784033],[102.32683181762695,-1.6167497458269509],[102.32691764831543,-1.6161491700973016],[102.32829093933105,-1.6152054078775677],[102.32820510864258,-1.6146906283002238],[102.32846260070801,-1.6145190350788],[102.32794761657715,-1.614347441842881],[102.32794761657715,-1.6140900519618668],[102.32880592346191,-1.6139184586897528],[102.32940673828125,-1.6132320854565165],[102.33017921447754,-1.6131462887860835],[102.33052253723145,-1.6134036787865398],[102.33060836791992,-1.612974695434346],[102.3310375213623,-1.6130604921120124],[102.33146667480469,-1.6123741185893294],[102.33198165893555,-1.6123741185893294],[102.33189582824707,-1.6117735415671035],[102.3321533203125,-1.6114303546177382],[102.33189582824707,-1.6108297773171927],[102.33318328857422,-1.6090280443535931],[102.33344078063965,-1.608084278832635],[102.33395576477051,-1.607998481945458],[102.3350715637207,-1.6067115282049542],[102.33464241027832,-1.6063683404038613],[102.33498573303223,-1.6059393555714223],[102.33464241027832,-1.6055961676406412],[102.33541488647461,-1.6040518212392385],[102.33532905578613,-1.6034512417682691],[102.33627319335938,-1.603279647601326],[102.33550071716309,-1.6025932707897823],[102.33644485473633,-1.6011347193015268],[102.33644485473633,-1.6006199361754625],[102.33610153198242,-1.600448341771397],[102.3365306854248,-1.599933558473026],[102.3373031616211,-1.6001909501383693],[102.33721733093262,-1.5994187750454785],[102.33747482299805,-1.5995045722923749],[102.33781814575195,-1.5992471805409139],[102.33773231506348,-1.5985608023792537],[102.33816146850586,-1.598303410509459],[102.33884811401367,-1.5986465996620183],[102.33867645263672,-1.5975312347065085],[102.33962059020996,-1.5965874638865643],[102.33953475952148,-1.5959868822300791],[102.34004974365234,-1.5953863003981752],[102.34047889709473,-1.595643692633331],[102.34082221984863,-1.5954720978134702],[102.3405647277832,-1.5949573132680257],[102.34082221984863,-1.5942709336737977],[102.34065055847168,-1.593584553850718],[102.34107971191406,-1.5933271613580615],[102.34090805053711,-1.5925549836871795],[102.34133720397949,-1.592297591065929],[102.34159469604492,-1.5916970081579933],[102.34116554260254,-1.5910964250751078],[102.34150886535645,-1.5896378654316834],[102.3420238494873,-1.5891230794291147],[102.3416805267334,-1.5874929229079697],[102.3420238494873,-1.5871497318975827],[102.34262466430664,-1.5873213274098958],[102.34253883361816,-1.5868065408302385],[102.3431396484375,-1.586291754122442],[102.34322547912598,-1.585519573820605],[102.34374046325684,-1.585176382482885],[102.34391212463379,-1.5846615953696244],[102.34322547912598,-1.5829456374015507],[102.34322547912598,-1.5827740415266192],[102.34374046325684,-1.5826024456374768],[102.34391212463379,-1.58183026396064],[102.34339714050293,-1.5808864859653653],[102.34382629394531,-1.5797711114178128],[102.34322547912598,-1.5790847267831936],[102.3434829711914,-1.576510782385327],[102.3427963256836,-1.5745374228581284],[102.34245300292969,-1.5742800279994213],[102.34236717224121,-1.5736794398721656],[102.3427963256836,-1.5729072548829777],[102.34271049499512,-1.571448682457202],[102.34365463256836,-1.5711054887971727],[102.34399795532227,-1.569561116629501],[102.34382629394531,-1.568874728633233],[102.34416961669922,-1.5679309447706657],[102.3445987701416,-1.5677593476590062],[102.34494209289551,-1.5671587576574808],[102.34537124633789,-1.5669013618898049],[102.34477043151855,-1.5654427852756783],[102.34451293945312,-1.5653569866197188],[102.34288215637207,-1.5632120190798702],[102.34322547912598,-1.562268232667904],[102.34236717224121,-1.5601232619733736],[102.3420238494873,-1.5597800664592114],[102.3416805267334,-1.5597800664592114],[102.34116554260254,-1.5589220774289316],[102.34065055847168,-1.5590936752629716],[102.34004974365234,-1.558407283842925],[102.33884811401367,-1.5582356859529511],[102.33824729919434,-1.55780669116686],[102.3379898071289,-1.5566913043142563],[102.33841896057129,-1.55609071114921],[102.33781814575195,-1.555404318751144],[102.33790397644043,-1.5548895243060628],[102.33738899230957,-1.554975323388959],[102.33713150024414,-1.5543747297354287],[102.33738899230957,-1.552487148569611],[102.33558654785156,-1.5525729477500931],[102.33481407165527,-1.5520581526149755],[102.3347282409668,-1.5515433573545465],[102.33498573303223,-1.5512859596773438],[102.33592987060547,-1.551200160444651],[102.33558654785156,-1.550599565718386],[102.33610153198242,-1.5499989708217043],[102.33541488647461,-1.5495699743626261],[102.33541488647461,-1.5490551784970563],[102.33481407165527,-1.5488835798473843],[102.33455657958984,-1.5475965895320911],[102.33464241027832,-1.5472533919827356],[102.33524322509766,-1.5468243949679703],[102.33584403991699,-1.5451084060417628],[102.33532905578613,-1.544679408593538],[102.3350715637207,-1.5438214134372714],[102.3332691192627,-1.54244862046707],[102.33455657958984,-1.5416764240320475],[102.33404159545898,-1.5405610286870228],[102.33429908752441,-1.5400462306384952],[102.33412742614746,-1.5392740333325179],[102.33429908752441,-1.5380728369674301],[102.33481407165527,-1.5380728369674301],[102.3350715637207,-1.5374722385312793],[102.33524322509766,-1.5385876354924335],[102.33575820922852,-1.5391024338932056],[102.3361873626709,-1.5384160359978978],[102.33678817749023,-1.5380728369674301],[102.33687400817871,-1.5384160359978978],[102.33721733093262,-1.5385018357468994],[102.33790397644043,-1.5392740333325179],[102.33824729919434,-1.5391882336145954],[102.33833312988281,-1.5400462306384952],[102.33884811401367,-1.540132030321871],[102.33901977539062,-1.5396172321697037],[102.33970642089844,-1.5399604309516377],[102.33953475952148,-1.539359833046987],[102.34065055847168,-1.5381586367302162],[102.34245300292969,-1.5375580383182097],[102.34193801879883,-1.5371290393490398],[102.34236717224121,-1.5370432395448574],[102.34245300292969,-1.5367000402936526],[102.34339714050293,-1.5373864387408958],[102.34339714050293,-1.5369574397372219],[102.34356880187988,-1.5369574397372219],[102.34365463256836,-1.5375580383182097],[102.34399795532227,-1.537643838101701],[102.3442554473877,-1.5372148391497689],[102.34468460083008,-1.537300638947059],[102.34511375427246,-1.5370432395448574],[102.34537124633789,-1.5371290393490398],[102.34511375427246,-1.5373864387408958],[102.34554290771484,-1.537643838101701],[102.3457145690918,-1.537300638947059],[102.34622955322266,-1.537300638947059],[102.34597206115723,-1.5368716399261473],[102.34631538391113,-1.5367000402936526],[102.34648704528809,-1.5369574397372219],[102.34708786010742,-1.5369574397372219],[102.34691619873047,-1.5372148391497689],[102.34708786010742,-1.5373864387408958],[102.34734535217285,-1.5372148391497689],[102.34734535217285,-1.5364426408190752],[102.34760284423828,-1.5367858401116337],[102.34786033630371,-1.5365284406473734],[102.34786033630371,-1.5371290393490398],[102.3482894897461,-1.5370432395448574],[102.34854698181152,-1.5366142404722325],[102.34846115112305,-1.5360136416258143],[102.34914779663086,-1.5358420419244112],[102.34906196594238,-1.5347266435294102],[102.34940528869629,-1.5342976439917777],[102.34914779663086,-1.5334396446584435],[102.35026359558105,-1.5326674449643463],[102.35026359558105,-1.5315520449146476],[102.34992027282715,-1.5313804448554578],[102.35017776489258,-1.5306940444813506],[102.35060691833496,-1.5304366442843929],[102.35086441040039,-1.5307798445401346],[102.35146522521973,-1.5294928432979447],[102.35232353210449,-1.5290638427123184],[102.35309600830078,-1.5289780425849102],[102.35395431518555,-1.5285490418963832],[102.3541259765625,-1.5287206421820798],[102.3537826538086,-1.5293212430739942],[102.35395431518555,-1.529407043187689],[102.3555850982666,-1.528634842040944],[102.35567092895508,-1.5276910402622406],[102.35635757446289,-1.5278626406164904],[102.35661506652832,-1.5282916414421237],[102.35695838928223,-1.5276052400799784],[102.35738754272461,-1.5273478395126148],[102.35764503479004,-1.5278626406164904],[102.35721588134766,-1.528377441596973],[102.35858917236328,-1.528377441596973],[102.35824584960938,-1.5288922424540488],[102.35901832580566,-1.5290638427123184],[102.35893249511719,-1.529836043704691],[102.35910415649414,-1.5299218437978084],[102.36082077026367,-1.529836043704691],[102.36202239990234,-1.5292354429568462],[102.36236572265625,-1.5288064423197767],[102.36245155334473,-1.5273478395126148],[102.36288070678711,-1.527176239117253],[102.36356735229492,-1.5274336397051655],[102.36416816711426,-1.526747238068893],[102.36408233642578,-1.5258892357153684],[102.36159324645996,-1.524087429659133],[102.36047744750977,-1.5224572228805755]]}},{"type":"Feature","id":"pmtiles:10/803/516:waterway:5612617720:0","properties":{"name":"Batang Tebo","name_int":"Batang Tebo","class":"river","name:latin":"Batang Tebo","name_de":"Batang Tebo","name_en":"Batang Tebo","waterway":"river","kind":"waterway","verification":"verified","source":"OpenMapTiles/OpenStreetMap national PMTiles","sourceId":"10/803/516:waterway:5612617720:0","sourceLayer":"waterway","archive":"https://its.hanifahseptiani45.workers.dev/v1/map/archive/indonesia.pmtiles","updatedAt":"2026-07-26T09:42:15.035Z"},"geometry":{"type":"LineString","coordinates":[[102.29893684387207,-1.5221140212963746],[102.3017692565918,-1.5232294262452228],[102.30262756347656,-1.5241732299817272],[102.30305671691895,-1.5254602344102466],[102.30425834655762,-1.5259750359661268],[102.30528831481934,-1.5257176352035913],[102.30700492858887,-1.5229720251544308],[102.30820655822754,-1.5221140212963746],[102.31121063232422,-1.5215992188176841],[102.31224060058594,-1.5209128153215943],[102.31241226196289,-1.5202264116071973],[102.31206893920898,-1.5195400076745642],[102.31043815612793,-1.5184246008188182],[102.30975151062012,-1.5173091933874758],[102.3098373413086,-1.515936383451674],[102.31069564819336,-1.5149067754285284],[102.31241226196289,-1.5141345690900465],[102.31344223022461,-1.5132765617246378],[102.31404304504395,-1.5120753508428777],[102.31387138366699,-1.5108741392963339],[102.31344223022461,-1.5100161306421],[102.31215476989746,-1.5094155243826037],[102.3116397857666,-1.5076995055843838],[102.31215476989746,-1.50641249059791],[102.31301307678223,-1.5058118833439949],[102.31447219848633,-1.5055544801845144],[102.31661796569824,-1.505897684390419],[102.3182487487793,-1.506498291620673],[102.31902122497559,-1.5074421026479428],[102.3200511932373,-1.5116463467953878],[102.32133865356445,-1.5124185540198027],[102.32271194458008,-1.5125043548055572],[102.3240852355957,-1.5122469524381188],[102.32494354248047,-1.5125043548055572],[102.3255443572998,-1.5133623624764567],[102.32537269592285,-1.5146493733462734],[102.32417106628418,-1.5163653866501647],[102.32451438903809,-1.5169659909851703],[102.32597351074219,-1.5169659909851703],[102.32683181762695,-1.5163653866501647],[102.32863426208496,-1.5141345690900465],[102.3295783996582,-1.5118179484245502],[102.32983589172363,-1.5102735332739456],[102.32966423034668,-1.5087291170257373],[102.32829093933105,-1.5065840926400398],[102.32666015625,-1.505297076994637],[102.32657432556152,-1.504267463931285],[102.3270034790039,-1.5033236515297261],[102.32803344726562,-1.502894645757749],[102.3292350769043,-1.5031520492310477],[102.33232498168945,-1.5060692864730925],[102.33395576477051,-1.5095871261879665],[102.33455657958984,-1.5125901555879153],[102.33464241027832,-1.5149067754285284],[102.33541488647461,-1.5162795860172622],[102.3365306854248,-1.5169659909851703],[102.33816146850586,-1.5170517915908448],[102.3405647277832,-1.5164511872796567],[102.34210968017578,-1.5166227885284371],[102.34331130981445,-1.5173949939795364],[102.34485626220703,-1.5196258081780485],[102.34597206115723,-1.5203980125562566],[102.34708786010742,-1.5201406111275446],[102.34768867492676,-1.5189394040545494],[102.34768867492676,-1.5149925761158158],[102.34820365905762,-1.5143061705223744],[102.34923362731934,-1.5142203698079015],[102.3500919342041,-1.5148209747378445],[102.35086441040039,-1.519025204581908],[102.35240936279297,-1.5210844162160981],[102.35326766967773,-1.523486827305291],[102.35395431518555,-1.5245164312379131],[102.35472679138184,-1.5250312330195896],[102.35627174377441,-1.524859632439373],[102.35738754272461,-1.5241732299817272],[102.3581600189209,-1.5224572228805755],[102.36013412475586,-1.5208270148692264],[102.36262321472168,-1.5200548106444955],[102.36451148986816,-1.5198832096681514],[102.36631393432617,-1.519368406657307],[102.36700057983398,-1.5173949939795364],[102.36760139465332,-1.516536987905738],[102.36871719360352,-1.5164511872796567],[102.36974716186523,-1.5170517915908448],[102.37077713012695,-1.5181671991549592],[102.37129211425781,-1.5203122120834252],[102.37292289733887,-1.5236584279949028],[102.37326622009277,-1.525202833586107],[102.37326622009277,-1.5270046387081777],[102.37395286560059,-1.5288922424540488],[102.37489700317383,-1.529407043187689],[102.37592697143555,-1.5292354429568462],[102.37652778625488,-1.5282058412838637],[102.37592697143555,-1.5256318349425584],[102.37601280212402,-1.5247738321441346],[102.37652778625488,-1.523057825521434],[102.3786735534668,-1.5200548106444955],[102.37884521484375,-1.5188536035237803],[102.37858772277832,-1.5179955980287048],[102.37772941589355,-1.5174807945682147],[102.37669944763184,-1.5172233927920047],[102.37369537353516,-1.5176523957353254],[102.37292289733887,-1.5175665951534683],[102.37232208251953,-1.5167085891477257],[102.37249374389648,-1.5156789814917744],[102.37343788146973,-1.5146493733462734],[102.3749828338623,-1.5149925761158158],[102.37695693969727,-1.5148209747378445],[102.37936019897461,-1.5152499781573],[102.38330841064453,-1.5167943897636036],[102.39043235778809,-1.5208270148692264],[102.3914623260498,-1.5206554139542732],[102.39189147949219,-1.5199690101580217],[102.39171981811523,-1.519025204581908],[102.39103317260742,-1.517738196313772],[102.39086151123047,-1.5166227885284371],[102.39094734191895,-1.5148209747378445],[102.39189147949219,-1.5125901555879153],[102.39420890808105,-1.5108741392963339],[102.39592552185059,-1.5106167367356278],[102.39944458007812,-1.5111315418265292],[102.40090370178223,-1.5107025375925929],[102.40141868591309,-1.5098445288706017],[102.40150451660156,-1.5088149179571957],[102.4009895324707,-1.5071846996810763],[102.39978790283203,-1.5056402812410568],[102.39910125732422,-1.504010060589522],[102.39892959594727,-1.5025514410794898],[102.39910125732422,-1.5011786218273215],[102.39987373352051,-1.4998058017131228],[102.40090370178223,-1.4991193913330108],[102.4024486541748,-1.4987761860622584],[102.40347862243652,-1.4980039740064086],[102.40442276000977,-1.496030541960792],[102.40562438964844,-1.495773137650005],[102.40691184997559,-1.496287946241381],[102.40785598754883,-1.4986903847361788],[102.40914344787598,-1.4993767952507824],[102.41043090820312,-1.4996341991382849],[102.4116325378418,-1.499462596549975],[102.41206169128418,-1.4990335900203746],[102.41240501403809,-1.4980039740064086],[102.41214752197266,-1.496287946241381],[102.41231918334961,-1.4948293215854989],[102.41291999816895,-1.493542299025549],[102.41377830505371,-1.4926842835667742],[102.4148941040039,-1.4923410772895238],[102.41626739501953,-1.4925984820024922],[102.4174690246582,-1.493284894423084],[102.41798400878906,-1.4944003141493027],[102.41815567016602,-1.495858939090283],[102.41781234741211,-1.4974033644414533],[102.41789817810059,-1.4990335900203746],[102.41832733154297,-1.5000632055501626],[102.41918563842773,-1.5008354168795393],[102.42090225219727,-1.5010928205954173],[102.4226188659668,-1.5004922118779263],[102.42424964904785,-1.4985187820739014],[102.42527961730957,-1.4979181726500599],[102.42639541625977,-1.4983471793981664],[102.4269962310791,-1.4993767952507824],[102.42682456970215,-1.5007496156341915],[102.4258804321289,-1.5016934291479345],[102.42287635803223,-1.5033236515297261],[102.42244720458984,-1.504267463931285],[102.4229621887207,-1.5047822705237195],[102.4240779876709,-1.5049538726941876],[102.42545127868652,-1.5044390661422682],[102.4269962310791,-1.5043532650384606],[102.42879867553711,-1.5035810549524484],[102.43000030517578,-1.5024656399014873],[102.4306869506836,-1.5010928205954173],[102.4310302734375,-1.4992051926423073],[102.43171691894531,-1.4981755767090021],[102.43283271789551,-1.497660768560877],[102.43412017822266,-1.4978323712903574],[102.43557929992676,-1.4990335900203746],[102.43695259094238,-1.5010928205954173],[102.43806838989258,-1.5035810549524484],[102.43875503540039,-1.5038384583448021],[102.43995666503906,-1.5038384583448021],[102.44193077087402,-1.502894645757749],[102.44356155395508,-1.502637242254096],[102.4449348449707,-1.5020366339609694],[102.44570732116699,-1.5009212181215332],[102.4460506439209,-1.4992051926423073],[102.44587898254395,-1.495515733309034],[102.44622230529785,-1.4931132913380338],[102.44776725769043,-1.4896812268256525]]}},{"type":"Feature","id":"pmtiles:10/803/516:waterway:5633439340:0","properties":{"name":"Sungai Bernai","name_int":"Sungai Bernai","class":"river","name:latin":"Sungai Bernai","name_de":"Sungai Bernai","name_en":"Sungai Bernai","waterway":"river","kind":"waterway","verification":"verified","source":"OpenMapTiles/OpenStreetMap national PMTiles","sourceId":"10/803/516:waterway:5633439340:0","sourceLayer":"waterway","archive":"https://its.hanifahseptiani45.workers.dev/v1/map/archive/indonesia.pmtiles","updatedAt":"2026-07-26T09:42:15.035Z"},"geometry":{"type":"LineString","coordinates":[[102.58097648620605,-1.7634563333547817],[102.58097648620605,-1.7625984327741122],[102.58140563964844,-1.7623410625228075],[102.58149147033691,-1.7616547416788109],[102.58183479309082,-1.7614831614282878],[102.5819206237793,-1.7610542107328797],[102.58243560791016,-1.7608826304270622],[102.5822639465332,-1.7597673580543187],[102.58260726928711,-1.7596815678441686],[102.58243560791016,-1.7591668265003904],[102.58286476135254,-1.7591668265003904],[102.58269309997559,-1.758909455775239],[102.58303642272949,-1.7587378752720895],[102.58363723754883,-1.758995246020902],[102.58320808410645,-1.7594241971900288],[102.5837230682373,-1.7596815678441686],[102.58355140686035,-1.759938938462767],[102.58398056030273,-1.7602820992323416],[102.58415222167969,-1.7591668265003904],[102.58346557617188,-1.757794182222753],[102.58406639099121,-1.757794182222753],[102.58389472961426,-1.7571078597054282],[102.58398056030273,-1.7565931176519172],[102.58423805236816,-1.7564215369359033],[102.58398056030273,-1.755735213914278],[102.5844955444336,-1.7553062618978004],[102.58346557617188,-1.7551346810636375],[102.58346557617188,-1.7547057289093857],[102.58380889892578,-1.7544483575695864],[102.5833797454834,-1.753676243337793],[102.5837230682373,-1.7524751761218198],[102.58286476135254,-1.7522178044753076],[102.58312225341797,-1.7510167363240186],[102.58286476135254,-1.750673573853689],[102.58295059204102,-1.750244620677421],[102.58269309997559,-1.7500730393794584],[102.58363723754883,-1.7488719698540791],[102.58423805236816,-1.7489577605599607],[102.58466720581055,-1.748528806991331],[102.58440971374512,-1.7482714348030868],[102.58458137512207,-1.748014062579557],[102.5851821899414,-1.748014062579557],[102.58543968200684,-1.7473277364776578],[102.58638381958008,-1.7471561549130001],[102.58638381958008,-1.7468987825366185],[102.5859546661377,-1.7467272009327672],[102.58646965026855,-1.7463840376780837],[102.58578300476074,-1.744925593146661],[102.58604049682617,-1.744410847747858],[102.58707046508789,-1.7450113840327646],[102.58818626403809,-1.7438961022082111],[102.58930206298828,-1.7433813565277632],[102.58964538574219,-1.7434671474842816],[102.58861541748047,-1.741493954495553],[102.58818626403809,-1.7415797455380186],[102.58818626403809,-1.7420944917109296],[102.58749961853027,-1.742180282726082],[102.58724212646484,-1.7416655365766047],[102.58732795715332,-1.741236581344637],[102.58689880371094,-1.7410649992245055],[102.58749961853027,-1.740979208158592],[102.5874137878418,-1.739949715063048],[102.58784294128418,-1.739778132825819],[102.58758544921875,-1.739177594872615],[102.58715629577637,-1.7392633860204967],[102.58715629577637,-1.7389202214055786],[102.58749961853027,-1.7388344302421217],[102.58784294128418,-1.738405474366246],[102.5874137878418,-1.738577056728289],[102.58724212646484,-1.738319683179384],[102.58784294128418,-1.737461771096278],[102.58844375610352,-1.7376333535440693],[102.58758544921875,-1.7369470236593685],[102.58801460266113,-1.7358317370650411],[102.5892162322998,-1.7346306584584426],[102.5888729095459,-1.734544867100226],[102.5888729095459,-1.7340301188691853],[102.58904457092285,-1.7338585360943881],[102.58981704711914,-1.734544867100226],[102.58990287780762,-1.7342874930021992],[102.59041786193848,-1.7342874930021992],[102.59058952331543,-1.7338585360943881],[102.59084701538086,-1.7344590757381155],[102.59093284606934,-1.7336869533040442],[102.59127616882324,-1.7334295790893606],[102.59110450744629,-1.7324858733362163],[102.59050369262695,-1.7326574562354153],[102.59033203125,-1.732228498958321],[102.59007453918457,-1.7324858733362163],[102.58981704711914,-1.732228498958321],[102.59024620056152,-1.7316279586072056],[102.58990287780762,-1.7313705841127813],[102.5899887084961,-1.7309416265443787],[102.58973121643066,-1.7305984604197846],[102.58964538574219,-1.7297405448366305],[102.5892162322998,-1.7301695026767163],[102.58844375610352,-1.7296547532569804],[102.5888729095459,-1.729225795300536],[102.58904457092285,-1.7294831700860414],[102.58938789367676,-1.729225795300536],[102.5888729095459,-1.728796837247117],[102.5888729095459,-1.728367879096794],[102.58913040161133,-1.728367879096794],[102.58904457092285,-1.7277673375235167],[102.58852958679199,-1.7280247125067518],[102.58852958679199,-1.7264804620843819],[102.58818626403809,-1.7251935857740222],[102.5874137878418,-1.7244214595699106],[102.58767127990723,-1.72399250043226],[102.58818626403809,-1.723735124903257],[102.58792877197266,-1.723306165610964],[102.58852958679199,-1.7232203737409009],[102.58964538574219,-1.7235635411979473],[102.59050369262695,-1.7232203737409009],[102.59033203125,-1.7227056224394204],[102.59093284606934,-1.7225340386413421],[102.59093284606934,-1.7221050790785597],[102.59153366088867,-1.721933495226395],[102.59136199951172,-1.7211613677005744],[102.59196281433105,-1.7207324078289048],[102.59222030639648,-1.720217655855535],[102.5929069519043,-1.720217655855535],[102.59316444396973,-1.7197886957716264],[102.59350776672363,-1.7198744877961332],[102.59376525878906,-1.7195313196749993],[102.59350776672363,-1.719188151492176],[102.59402275085449,-1.7187591911769005],[102.59453773498535,-1.7174723096529192],[102.59539604187012,-1.7169575568006366],[102.59556770324707,-1.717214933244108],[102.59565353393555,-1.71687176464512],[102.5954818725586,-1.7167001803225048],[102.59573936462402,-1.7164428038097128],[102.59599685668945,-1.7167001803225048],[102.59625434875488,-1.716271219448629],[102.59797096252441,-1.716185427262289],[102.5984001159668,-1.7166143881554348],[102.59882926940918,-1.7166143881554348],[102.59882926940918,-1.71687176464512],[102.59925842285156,-1.7167859724857237],[102.60063171386719,-1.717214933244108],[102.60071754455566,-1.7167859724857237],[102.6009750366211,-1.7171291411001306],[102.60149002075195,-1.7170433489523163],[102.60157585144043,-1.7167859724857237],[102.60217666625977,-1.7165285959844994],[102.60226249694824,-1.716099635072112],[102.60329246520996,-1.715842258478503],[102.60312080383301,-1.7163570116310893],[102.60354995727539,-1.7167859724857237],[102.60380744934082,-1.7167001803225048],[102.60380744934082,-1.716271219448629],[102.60432243347168,-1.716271219448629],[102.60475158691406,-1.7167001803225048],[102.60518074035645,-1.716271219448629],[102.60500907897949,-1.7157564662729357],[102.60526657104492,-1.7154132974121836],[102.60492324829102,-1.7150701284898702],[102.60552406311035,-1.7150701284898702],[102.60509490966797,-1.7144695827277445],[102.60483741760254,-1.7145553749910079],[102.60500907897949,-1.7141264136362224],[102.60466575622559,-1.7139548290674043],[102.60518074035645,-1.7133542829554216],[102.60518074035645,-1.7124963596117055],[102.60552406311035,-1.712324774896885],[102.6056957244873,-1.7127537366551735],[102.60595321655273,-1.7127537366551735],[102.60766983032227,-1.7122389825337052],[102.60869979858398,-1.7108663042007208],[102.61015892028809,-1.7105231344639407],[102.61024475097656,-1.7102657571210926],[102.60981559753418,-1.709836794806293],[102.61041641235352,-1.7100941722066807],[102.61058807373047,-1.709922587276921],[102.61041641235352,-1.7094078323956268],[102.61101722717285,-1.70966520985354],[102.6108455657959,-1.7090646623980916],[102.61144638061523,-1.7085499072867805],[102.61170387268066,-1.7085499072867805],[102.61178970336914,-1.7090646623980916],[102.6119613647461,-1.7089788698891084],[102.6119613647461,-1.7076919817947527],[102.61221885681152,-1.7075203966503665],[102.61178970336914,-1.7070056411253631],[102.61161804199219,-1.7062335075794266],[102.61110305786133,-1.7062335075794266],[102.61075973510742,-1.7052039957027176],[102.61144638061523,-1.7051182030214704],[102.6111888885498,-1.7046892395578226],[102.61187553405762,-1.7046892395578226],[102.61204719543457,-1.7044318614337612],[102.61187553405762,-1.7025444208064044],[102.61153221130371,-1.7022870423957954],[102.61101722717285,-1.7022870423957954],[102.61067390441895,-1.7013433212629963],[102.6111888885498,-1.7010001498274931],[102.61075973510742,-1.700828564086848],[102.61127471923828,-1.700056428065139],[102.61161804199219,-1.6999706351547843],[102.6126480102539,-1.7005711854472736],[102.61239051818848,-1.69919849878994],[102.61299133300781,-1.6983405691336486],[102.61281967163086,-1.697997397164471],[102.61384963989258,-1.6981689831566626],[102.6134204864502,-1.6977400181475844],[102.61410713195801,-1.6979116041626412],[102.61419296264648,-1.697225260011038],[102.61402130126953,-1.6967962947925628],[102.61479377746582,-1.6967105017374564],[102.61436462402344,-1.6961099502451447],[102.61462211608887,-1.695852570977081],[102.61590957641602,-1.695680984779358],[102.6166820526123,-1.6959383640702157],[102.6163387298584,-1.6961957433268822],[102.61676788330078,-1.6965389156158182],[102.61659622192383,-1.6970536739350734],[102.61693954467773,-1.6967962947925628],[102.6174545288086,-1.6969678808913784],[102.6192569732666,-1.6967962947925628],[102.61960029602051,-1.6970536739350734],[102.6207160949707,-1.6967962947925628],[102.62097358703613,-1.6973110530433075],[102.62131690979004,-1.6960241571595844],[102.62166023254395,-1.6957667778801095],[102.6218318939209,-1.6952520192184863],[102.62174606323242,-1.6946514672736157],[102.62226104736328,-1.694136708315483],[102.62166023254395,-1.694136708315483],[102.62148857116699,-1.6938793287851297],[102.62243270874023,-1.6928498103218175],[102.62269020080566,-1.6931071899889076],[102.62277603149414,-1.6937077424125562],[102.623291015625,-1.6934503628252173],[102.62449264526367,-1.693965121965718],[102.62603759765625,-1.6935361560247912],[102.6273250579834,-1.693965121965718],[102.62749671936035,-1.694308294650071],[102.62706756591797,-1.6947372604199984],[102.62749671936035,-1.6950804329675293],[102.6291275024414,-1.6948230535625868],[102.63101577758789,-1.6936219492205709],[102.63333320617676,-1.6949088467013667]]}},{"type":"Feature","id":"pmtiles:10/803/516:waterway:5633439542:0","properties":{"name":"Sungai Kapar","name_int":"Sungai Kapar","class":"river","name:latin":"Sungai Kapar","name_de":"Sungai Kapar","name_en":"Sungai Kapar","waterway":"river","kind":"waterway","verification":"verified","source":"OpenMapTiles/OpenStreetMap national PMTiles","sourceId":"10/803/516:waterway:5633439542:0","sourceLayer":"waterway","archive":"https://its.hanifahseptiani45.workers.dev/v1/map/archive/indonesia.pmtiles","updatedAt":"2026-07-26T09:42:15.035Z"},"geometry":{"type":"LineString","coordinates":[[102.55617141723633,-1.646692509148508],[102.55634307861328,-1.6474646661847032],[102.55677223205566,-1.6468640996268533],[102.55720138549805,-1.6470356900904193],[102.55754470825195,-1.6468640996268533],[102.55754470825195,-1.6473788709732275],[102.55677223205566,-1.647979437375895],[102.55634307861328,-1.6478936421866024],[102.55660057067871,-1.6482368229215894],[102.55720138549805,-1.6481510277433955],[102.55677223205566,-1.6486657987571647],[102.55694389343262,-1.6490089793590528],[102.55728721618652,-1.6490089793590528],[102.55763053894043,-1.648580003597445],[102.55780220031738,-1.6477220517969187],[102.55814552307129,-1.647979437375895],[102.55814552307129,-1.648580003597445],[102.55866050720215,-1.6487515939131754],[102.55866050720215,-1.6490947745002842],[102.55943298339844,-1.6490089793590528],[102.55986213684082,-1.6491805696378208],[102.5599479675293,-1.649952725709113],[102.55934715270996,-1.649952725709113],[102.55934715270996,-1.6506390864097256],[102.55900382995605,-1.6505532913351004],[102.55900382995605,-1.6501243159064671],[102.55874633789062,-1.6501243159064671],[102.55900382995605,-1.6509822666711926],[102.56003379821777,-1.651068061727301],[102.55951881408691,-1.650810676547863],[102.56020545959473,-1.6504674962567805],[102.5602912902832,-1.6511538567797004],[102.56072044372559,-1.6513254468734146],[102.56037712097168,-1.6515828319861896],[102.56063461303711,-1.6520118071000667],[102.56046295166016,-1.6521833971196713],[102.56080627441406,-1.6526123721038601],[102.56106376647949,-1.6526123721038601],[102.56097793579102,-1.6520118071000667],[102.56157875061035,-1.6526123721038601],[102.56200790405273,-1.6524407821213174],[102.56183624267578,-1.6520118071000667],[102.56226539611816,-1.6523549871244683],[102.5617504119873,-1.6532129369260389],[102.56123542785645,-1.6532129369260389],[102.56089210510254,-1.653813501566546],[102.55977630615234,-1.6538992965003416],[102.55969047546387,-1.6545856558372378],[102.55908966064453,-1.6551862200621912],[102.5584888458252,-1.6553578098073558],[102.55891799926758,-1.6564731427887835],[102.55874633789062,-1.6568163220413936],[102.5577163696289,-1.6568163220413936],[102.55745887756348,-1.6565589376075138],[102.55634307861328,-1.6567305272338047],[102.55582809448242,-1.6578458594424177],[102.5559139251709,-1.6591327804407143],[102.55548477172852,-1.6595617539207836]]}},{"type":"Feature","id":"pmtiles:10/803/516:waterway:5650340822:0","properties":{"name":"Sungai Belilas","name_int":"Sungai Belilas","class":"river","name:latin":"Sungai Belilas","name_de":"Sungai Belilas","name_en":"Sungai Belilas","waterway":"river","kind":"waterway","verification":"verified","source":"OpenMapTiles/OpenStreetMap national PMTiles","sourceId":"10/803/516:waterway:5650340822:0","sourceLayer":"waterway","archive":"https://its.hanifahseptiani45.workers.dev/v1/map/archive/indonesia.pmtiles","updatedAt":"2026-07-26T09:42:15.035Z"},"geometry":{"type":"LineString","coordinates":[[102.4863052368164,-1.5916112105854268],[102.48656272888184,-1.5908390322717736],[102.48724937438965,-1.5906674370517067],[102.48733520507812,-1.5894662701117426],[102.48716354370117,-1.5886940909956166],[102.48664855957031,-1.588093507039062],[102.48664855957031,-1.5874071251607091],[102.48690605163574,-1.5870639341360828],[102.48682022094727,-1.585776967286563],[102.48621940612793,-1.585776967286563],[102.48621940612793,-1.585176382482885],[102.48673439025879,-1.5850047867926804],[102.48716354370117,-1.5853479781588504],[102.48724937438965,-1.585090584639559],[102.48682022094727,-1.5839752123529252],[102.48621940612793,-1.5835462228520072],[102.48604774475098,-1.5826024456374768],[102.48570442199707,-1.582345051777125],[102.48536109924316,-1.5826024456374768],[102.48518943786621,-1.582345051777125],[102.48518943786621,-1.5829456374015507],[102.48493194580078,-1.5829456374015507],[102.48476028442383,-1.5824308497341235],[102.48415946960449,-1.5822592538165878],[102.48390197753906,-1.5815728700044929],[102.4833869934082,-1.5814012740159882],[102.4833869934082,-1.5811438800066355],[102.48381614685059,-1.5809722839826605],[102.48407363891602,-1.581229678013301],[102.48424530029297,-1.5810580819964173],[102.48415946960449,-1.5802858997449647],[102.48364448547363,-1.5803716977870863],[102.48390197753906,-1.5793421210477447],[102.48433113098145,-1.5794279191288467],[102.48415946960449,-1.5789131305891146],[102.48364448547363,-1.5787415343808675],[102.48373031616211,-1.5782267456711594],[102.48407363891602,-1.5778835531272222],[102.48441696166992,-1.57814094754049],[102.4848461151123,-1.5779693512685071],[102.48501777648926,-1.577454562367663],[102.48433113098145,-1.5759101949010415],[102.48518943786621,-1.5735078432326048],[102.48510360717773,-1.5729930532292258],[102.48553276062012,-1.5728214565332053],[102.48518943786621,-1.5719634728414746],[102.4856185913086,-1.5716202792660567],[102.4859619140625,-1.5719634728414746],[102.48690605163574,-1.5719634728414746],[102.48682022094727,-1.5716202792660567],[102.48621940612793,-1.5711912872174594],[102.4863052368164,-1.5708480935151528],[102.48682022094727,-1.5707622950807547],[102.48682022094727,-1.5705048997564717],[102.48587608337402,-1.5703333028559854],[102.48604774475098,-1.5698185120700288],[102.48647689819336,-1.5696469151131964],[102.4863052368164,-1.568874728633233],[102.48656272888184,-1.5683599374882249],[102.4856185913086,-1.5675019519651698],[102.48553276062012,-1.5677593476590062],[102.48536109924316,-1.5676735490979041],[102.48501777648926,-1.5671587576574808],[102.48458862304688,-1.567587750533292],[102.48398780822754,-1.5670729590717656],[102.48295783996582,-1.5669013618898049],[102.48287200927734,-1.5663865702595814],[102.4833869934082,-1.5653569866197188],[102.4830436706543,-1.564842194610165],[102.48227119445801,-1.5647563959296065],[102.48184204101562,-1.5634694153004034],[102.48132705688477,-1.5632120190798702],[102.48106956481934,-1.5620108363001322],[102.48106956481934,-1.5605522562873517],[102.48149871826172,-1.5593510719877912],[102.4819278717041,-1.5596084686811338],[102.48149871826172,-1.5587504795809224],[102.48141288757324,-1.55780669116686],[102.48209953308105,-1.5569487013326295],[102.48227119445801,-1.556262309213821],[102.4833869934082,-1.55609071114921],[102.48355865478516,-1.5553185196856845],[102.48390197753906,-1.55574751497808],[102.48415946960449,-1.5554901178131075],[102.48407363891602,-1.556262309213821],[102.48458862304688,-1.5559191130706296],[102.48493194580078,-1.5560049121116606],[102.48433113098145,-1.5566055053011638],[102.48493194580078,-1.556433907264477],[102.48544692993164,-1.5550611224683735],[102.48621940612793,-1.554975323388959],[102.48553276062012,-1.5547179261298112],[102.48639106750488,-1.5544605288392574],[102.48682022094727,-1.5538599350392843],[102.48621940612793,-1.5530019436002505],[102.4863052368164,-1.5528303452706353],[102.48682022094727,-1.552487148569611],[102.48724937438965,-1.5531735419159247],[102.48733520507812,-1.5526587469270794],[102.48785018920898,-1.5525729477500931],[102.48759269714355,-1.5515433573545465],[102.48699188232422,-1.5515433573545465],[102.48716354370117,-1.5508569634790916],[102.48656272888184,-1.5506853649754362],[102.48682022094727,-1.5499989708217043],[102.48639106750488,-1.5501705693810095],[102.48587608337402,-1.5509427627256969],[102.48613357543945,-1.549827372248501],[102.48527526855469,-1.549827372248501],[102.48570442199707,-1.5494841750603854],[102.4856185913086,-1.5492267771328159],[102.48493194580078,-1.5494841750603854],[102.48424530029297,-1.549398375754663],[102.48415946960449,-1.548454583162453],[102.48527526855469,-1.5468243949679703],[102.48544692993164,-1.5466527961377636],[102.48570442199707,-1.5469101943778725],[102.48587608337402,-1.546738595554615],[102.4856185913086,-1.5464811972937156],[102.48355865478516,-1.546395397866462],[102.48355865478516,-1.545623202865258],[102.48467445373535,-1.5450226065590442],[102.48398780822754,-1.544422010083025],[102.48347282409668,-1.544851007583219],[102.48321533203125,-1.5445078095900016],[102.48330116271973,-1.5441646115413334],[102.48415946960449,-1.5440788120205156],[102.48347282409668,-1.543735613902598],[102.48347282409668,-1.5434782152778013],[102.48398780822754,-1.5433066161772757],[102.48364448547363,-1.542963417934729],[102.48347282409668,-1.5422770212834962],[102.48467445373535,-1.5415906244108726],[102.4848461151123,-1.5410758266111628],[102.4845027923584,-1.5400462306384952],[102.48415946960449,-1.540132030321871],[102.48407363891602,-1.5407326280088967],[102.48330116271973,-1.5399604309516377],[102.48330116271973,-1.5395314324655942],[102.48278617858887,-1.5392740333325179],[102.48287200927734,-1.538845034708359],[102.48347282409668,-1.5387592349731705],[102.48261451721191,-1.5372148391497689],[102.48244285583496,-1.5372148391497689],[102.48235702514648,-1.5378154376583524],[102.4819278717041,-1.5374722385312793],[102.48270034790039,-1.5367000402936526],[102.48330116271973,-1.5365284406473734],[102.48330116271973,-1.5353272427374947],[102.48270034790039,-1.5364426408190752],[102.48132705688477,-1.5369574397372219],[102.48115539550781,-1.5367000402936526],[102.48046875,-1.5330106448627845],[102.48132705688477,-1.5318952449918015],[102.48132705688477,-1.5317236449600955],[102.4808120727539,-1.5317236449600955],[102.48132705688477,-1.5312946448207327],[102.48149871826172,-1.5305224443534655],[102.48106956481934,-1.529407043187689],[102.4815845489502,-1.5282916414421237],[102.48149871826172,-1.5273478395126148],[102.48098373413086,-1.5270046387081777],[102.4808120727539,-1.5274336397051655],[102.48055458068848,-1.5275194398942773],[102.48038291931152,-1.527090438914442],[102.48106956481934,-1.5256318349425584],[102.48132705688477,-1.5258034354611993],[102.48124122619629,-1.5263182369349266],[102.48252868652344,-1.5266614378489436],[102.48218536376953,-1.5259750359661268],[102.48261451721191,-1.5254602344102466],[102.48244285583496,-1.525202833586107],[102.48149871826172,-1.5251170333045536],[102.48218536376953,-1.5243448306166556],[102.48184204101562,-1.5239158290036983],[102.48209953308105,-1.5232294262452228],[102.48098373413086,-1.523057825521434],[102.48132705688477,-1.5223714224896554],[102.48098373413086,-1.5221140212963746],[102.48098373413086,-1.52117021665822],[102.48029708862305,-1.5206554139542732],[102.48055458068848,-1.5200548106444955],[102.4801254272461,-1.5195400076745642],[102.47995376586914,-1.5183388002675997],[102.4801254272461,-1.5176523957353254],[102.4808120727539,-1.5171375921931372],[102.48038291931152,-1.5167943897636036],[102.48072624206543,-1.515936383451674],[102.48021125793457,-1.5155931808316865],[102.4801254272461,-1.5149925761158158],[102.4793529510498,-1.5149925761158158],[102.47909545898438,-1.5143919712334366],[102.47875213623047,-1.5143919712334366],[102.47832298278809,-1.5137913661846198],[102.47763633728027,-1.5144777719411167],[102.47694969177246,-1.5141345690900465],[102.47677803039551,-1.5137913661846198],[102.47712135314941,-1.5129333586834264],[102.47840881347656,-1.5130191594488167],[102.47849464416504,-1.512675956366877],[102.4778938293457,-1.5120753508428777],[102.47866630554199,-1.511903749234051],[102.47926712036133,-1.5101019315227688],[102.47909545898438,-1.5098445288706017],[102.47883796691895,-1.5102735332739456],[102.47849464416504,-1.5102735332739456],[102.47858047485352,-1.5096729270855604],[102.47797966003418,-1.5089007188852577],[102.47858047485352,-1.5088149179571957],[102.47875213623047,-1.5083001123177127],[102.47926712036133,-1.508385913266082],[102.47943878173828,-1.5079569084903852],[102.48021125793457,-1.507270500673414],[102.48003959655762,-1.5070130976862544],[102.47918128967285,-1.5067556946686835],[102.4790096282959,-1.50641249059791],[102.4790096282959,-1.5046964694334264],[102.47961044311523,-1.5034094526740063],[102.47943878173828,-1.5028088445932326],[102.47978210449219,-1.502894645757749],[102.48055458068848,-1.5038384583448021],[102.48106956481934,-1.5040958617068156],[102.48124122619629,-1.503924259468846],[102.4808120727539,-1.5032378503820638],[102.48089790344238,-1.5028088445932326],[102.48149871826172,-1.5024656399014873],[102.48167037963867,-1.5030662480766495],[102.48227119445801,-1.502894645757749],[102.48321533203125,-1.5022082363473004],[102.48295783996582,-1.5019508327627733],[102.48209953308105,-1.5019508327627733],[102.4819278717041,-1.5016934291479345],[102.48227119445801,-1.5010070193601592],[102.48295783996582,-1.5005780131333637],[102.48201370239258,-1.4993767952507824],[102.48278617858887,-1.498432980737718],[102.48098373413086,-1.4980039740064086],[102.48141288757324,-1.49706015890186],[102.48132705688477,-1.4961163433910087],[102.4808120727539,-1.4961163433910087],[102.48003959655762,-1.4966311519018376],[102.47978210449219,-1.4963737476615222],[102.47978210449219,-1.4961163433910087],[102.48106956481934,-1.4956015347593734],[102.48235702514648,-1.4943145126520108],[102.48227119445801,-1.4938855051152586],[102.48106956481934,-1.4931132913380338],[102.48089790344238,-1.4924268788638528],[102.48175621032715,-1.4911398548973835],[102.48295783996582,-1.4903676401562365]]}},{"type":"Feature","id":"pmtiles:10/803/516:waterway:5650640920:0","properties":{"name":"Sungai Seranten","name_int":"Sungai Seranten","class":"river","name:latin":"Sungai Seranten","name_de":"Sungai Seranten","name_en":"Sungai Seranten","waterway":"river","kind":"waterway","verification":"verified","source":"OpenMapTiles/OpenStreetMap national PMTiles","sourceId":"10/803/516:waterway:5650640920:0","sourceLayer":"waterway","archive":"https://its.hanifahseptiani45.workers.dev/v1/map/archive/indonesia.pmtiles","updatedAt":"2026-07-26T09:42:15.035Z"},"geometry":{"type":"LineString","coordinates":[[102.53162384033203,-1.7105231344639407],[102.53256797790527,-1.7105231344639407],[102.53368377685547,-1.7118100206601952],[102.5350570678711,-1.7122389825337052],[102.53548622131348,-1.7121531901666742],[102.53677368164062,-1.7128395289953033],[102.53746032714844,-1.7127537366551735],[102.5379753112793,-1.7119816054211157],[102.53909111022949,-1.7118100206601952],[102.53934860229492,-1.7111236814629933],[102.54097938537598,-1.7106089269038875],[102.54115104675293,-1.7100083797437122],[102.54209518432617,-1.7100941722066807],[102.54218101501465,-1.7103515495725503],[102.54312515258789,-1.710179964665798],[102.5438117980957,-1.7089788698891084],[102.54544258117676,-1.7092362474045188],[102.54664421081543,-1.7091504549032095],[102.5467300415039,-1.7089788698891084],[102.54630088806152,-1.7084641147548183],[102.54724502563477,-1.7083783222190192],[102.5478458404541,-1.7095794173714012],[102.54827499389648,-1.709922587276921],[102.5489616394043,-1.709922587276921],[102.54913330078125,-1.7102657571210926],[102.54956245422363,-1.7102657571210926],[102.54990577697754,-1.7092362474045188],[102.5493049621582,-1.7084641147548183],[102.54947662353516,-1.707606189224478],[102.5504207611084,-1.7075203966503665],[102.55067825317383,-1.7061477149440805],[102.55033493041992,-1.7061477149440805],[102.55033493041992,-1.7058045443644119],[102.55110740661621,-1.705632959051627],[102.55196571350098,-1.7046892395578226],[102.55505561828613,-1.7055471663894934],[102.55642890930176,-1.703917105082425],[102.5570297241211,-1.7027160063943825],[102.557373046875,-1.7032307630666566],[102.55857467651367,-1.7030591775245085],[102.55977630615234,-1.7036597268551645],[102.56054878234863,-1.7032307630666566],[102.5617504119873,-1.7037455196014122],[102.5625228881836,-1.7020296639508388],[102.56346702575684,-1.701943871128222],[102.56595611572266,-1.7025444208064044],[102.56604194641113,-1.701600699799556],[102.56750106811523,-1.7015149069578541],[102.56750106811523,-1.7010859426920888],[102.56896018981934,-1.701600699799556],[102.56913185119629,-1.7014291141123294],[102.56878852844238,-1.7010001498274931],[102.56921768188477,-1.7006569783309402],[102.56938934326172,-1.701171735552876],[102.57016181945801,-1.7010001498274931],[102.57016181945801,-1.7015149069578541],[102.57084846496582,-1.7015149069578541],[102.5712776184082,-1.701171735552876],[102.5712776184082,-1.7022870423957954],[102.57170677185059,-1.7025444208064044],[102.57205009460449,-1.701600699799556],[102.57187843322754,-1.7010001498274931],[102.57247924804688,-1.7004853925597843],[102.57230758666992,-1.69954167054577],[102.57256507873535,-1.6988553269731455],[102.57376670837402,-1.6982547761470528],[102.57393836975098,-1.6970536739350734],[102.57505416870117,-1.6957667778801095],[102.57574081420898,-1.6953378123382663],[102.57625579833984,-1.693965121965718],[102.57745742797852,-1.6934503628252173],[102.57925987243652,-1.691648704756986],[102.57925987243652,-1.690962358386031],[102.57831573486328,-1.6908765650725996],[102.57831573486328,-1.6901044250810315],[102.57762908935547,-1.6900186317296857],[102.57728576660156,-1.689332284782438],[102.57908821105957,-1.6881311770413419]]}},{"type":"Feature","id":"pmtiles:10/803/516:waterway:5650641070:0","properties":{"name":"Sungai Mengkekal","name_int":"Sungai Mengkekal","class":"river","name:latin":"Sungai Mengkekal","name_de":"Sungai Mengkekal","name_en":"Sungai Mengkekal","waterway":"river","kind":"waterway","verification":"verified","source":"OpenMapTiles/OpenStreetMap national PMTiles","sourceId":"10/803/516:waterway:5650641070:0","sourceLayer":"waterway","archive":"https://its.hanifahseptiani45.workers.dev/v1/map/archive/indonesia.pmtiles","updatedAt":"2026-07-26T09:42:15.035Z"},"geometry":{"type":"LineString","coordinates":[[102.62775421142578,-1.7634563333547817],[102.6284408569336,-1.7612257910228948],[102.62792587280273,-1.7594241971900288],[102.62792587280273,-1.7587378752720895],[102.62929916381836,-1.7564215369359033],[102.62929916381836,-1.7534188718563826],[102.6287841796875,-1.7519604327934246],[102.62929916381836,-1.7505877832262797],[102.62895584106445,-1.7492151326540863],[102.6291275024414,-1.7488719698540791],[102.62826919555664,-1.748014062579557],[102.62852668762207,-1.7476708995599637],[102.6291275024414,-1.7475851087952634],[102.62938499450684,-1.7453545475380423],[102.62904167175293,-1.744410847747858],[102.62929916381836,-1.7440676840704015],[102.62921333312988,-1.7435529384368778],[102.6287841796875,-1.7434671474842816],[102.6287841796875,-1.7427808197226682],[102.62921333312988,-1.7425234467475832],[102.6287841796875,-1.742180282726082],[102.62904167175293,-1.7411507902865253],[102.62887001037598,-1.7393491771644705],[102.62784004211426,-1.7386628479034698],[102.6276683807373,-1.7376333535440693],[102.62835502624512,-1.7375475623221206],[102.62852668762207,-1.7370328149085879],[102.62998580932617,-1.7360891109529035],[102.63075828552246,-1.7359175283648796],[102.63153076171875,-1.7353169891841844],[102.63195991516113,-1.7355743631421205],[102.63307571411133,-1.7349738238524424],[102.6331615447998,-1.7340301188691853],[102.6339340209961,-1.7328290391190535],[102.63479232788086,-1.732743247679167],[102.63607978820801,-1.7317137500975974],[102.63625144958496,-1.731284792606857],[102.63668060302734,-1.7313705841127813],[102.63710975646973,-1.7307700434898408],[102.63762474060059,-1.7309416265443787],[102.63771057128906,-1.7305984604197846],[102.63848304748535,-1.730083711116464],[102.63874053955078,-1.7293973784947525],[102.64002799987793,-1.729225795300536],[102.64054298400879,-1.7299979195523179],[102.64131546020508,-1.7291400036976086],[102.64311790466309,-1.728110504160071],[102.64277458190918,-1.7278531291884605],[102.64286041259766,-1.7276815458546935],[102.64371871948242,-1.7272525874524405],[102.64389038085938,-1.7275099625054224],[102.64423370361328,-1.7274241708249747],[102.64466285705566,-1.7265662538074338],[102.64534950256348,-1.7266520455266061],[102.64698028564453,-1.725965711664756],[102.64792442321777,-1.7258799199145898],[102.64852523803711,-1.7254509611057642],[102.64912605285645,-1.7246788350060882],[102.64972686767578,-1.7228772062220372],[102.6507568359375,-1.7209039917891573],[102.65238761901855,-1.720217655855535],[102.65264511108398,-1.719188151492176],[102.65358924865723,-1.717558101781492],[102.65436172485352,-1.717214933244108],[102.65436172485352,-1.7163570116310893],[102.65487670898438,-1.7155848818502477],[102.65556335449219,-1.7151559207262181],[102.65633583068848,-1.7150701284898702],[102.65642166137695,-1.7153275051873749],[102.65693664550781,-1.715241712958715],[102.65753746032715,-1.7154990896331412],[102.65779495239258,-1.716185427262289],[102.65805244445801,-1.716271219448629],[102.65796661376953,-1.7167859724857237],[102.65822410583496,-1.7169575568006366],[102.65873908996582,-1.716271219448629],[102.65951156616211,-1.716271219448629],[102.65959739685059,-1.7156706740635173],[102.66088485717773,-1.716185427262289],[102.66200065612793,-1.716271219448629]]}},{"type":"Feature","id":"pmtiles:10/803/516:waterway:5654545060:1","properties":{"name":"Sungai Aur","name_int":"Sungai Aur","class":"river","name:latin":"Sungai Aur","name_de":"Sungai Aur","name_en":"Sungai Aur","waterway":"river","kind":"waterway","verification":"verified","source":"OpenMapTiles/OpenStreetMap national PMTiles","sourceId":"10/803/516:waterway:5654545060:1","sourceLayer":"waterway","archive":"https://its.hanifahseptiani45.workers.dev/v1/map/archive/indonesia.pmtiles","updatedAt":"2026-07-26T09:42:15.035Z"},"geometry":{"type":"LineString","coordinates":[[102.35343933105469,-1.7631989632221092],[102.35567092895508,-1.7625984327741122],[102.35627174377441,-1.7616547416788109],[102.35661506652832,-1.7615689515555175],[102.35695838928223,-1.7616547416788109],[102.3570442199707,-1.7624268526105311],[102.35798835754395,-1.7621694823355227],[102.35833168029785,-1.7623410625228075],[102.36013412475586,-1.7604536795934393],[102.35987663269043,-1.7582231336679683],[102.36047744750977,-1.757622601617058],[102.3621940612793,-1.7572794403584027],[102.36313819885254,-1.7556494235188609],[102.36408233642578,-1.7564215369359033],[102.36442565917969,-1.757794182222753],[102.36468315124512,-1.757794182222753],[102.36502647399902,-1.7572794403584027],[102.36528396606445,-1.755392052308963],[102.36588478088379,-1.755906794693317],[102.36820220947266,-1.7563357465719918],[102.3702621459961,-1.7555636331195075],[102.37223625183105,-1.7571078597054282],[102.37275123596191,-1.7564215369359033],[102.37343788146973,-1.7546199384667176],[102.37309455871582,-1.754190986194402],[102.37189292907715,-1.753676243337793],[102.37197875976562,-1.753333081354711],[102.37283706665039,-1.7523893855769188],[102.37472534179688,-1.751359898731522],[102.37549781799316,-1.751274108135533],[102.37618446350098,-1.7516172704959132],[102.37635612487793,-1.7523035950280814],[102.37618446350098,-1.7525609666627986],[102.37481117248535,-1.7527325477329754],[102.37481117248535,-1.754019405257921],[102.37558364868164,-1.756164165832331],[102.37584114074707,-1.756164165832331],[102.37695693969727,-1.755220471482673],[102.37730026245117,-1.755220471482673],[102.37712860107422,-1.7562499562041296],[102.37652778625488,-1.757022069373022],[102.37695693969727,-1.7583089239451795],[102.37669944763184,-1.758995246020902],[102.37712860107422,-1.7596815678441686],[102.3775577545166,-1.7596815678441686],[102.37875938415527,-1.757622601617058],[102.3790168762207,-1.757536811308313],[102.37953186035156,-1.757794182222753],[102.38056182861328,-1.758995246020902],[102.38107681274414,-1.7591668265003904],[102.38236427307129,-1.7590810362626144],[102.38442420959473,-1.7595099874120308],[102.38519668579102,-1.7602820992323416],[102.38579750061035,-1.7595099874120308],[102.38605499267578,-1.7595099874120308],[102.38648414611816,-1.7601105188554556],[102.38717079162598,-1.7598531482605182],[102.38828659057617,-1.760539469768048],[102.39034652709961,-1.7635421233911046]]}},{"type":"Feature","id":"pmtiles:10/803/516:waterway:5654545550:0","properties":{"name":"Sungai Mengupeh","name_int":"Sungai Mengupeh","class":"river","name:latin":"Sungai Mengupeh","name_de":"Sungai Mengupeh","name_en":"Sungai Mengupeh","waterway":"river","kind":"waterway","verification":"verified","source":"OpenMapTiles/OpenStreetMap national PMTiles","sourceId":"10/803/516:waterway:5654545550:0","sourceLayer":"waterway","archive":"https://its.hanifahseptiani45.workers.dev/v1/map/archive/indonesia.pmtiles","updatedAt":"2026-07-26T09:42:15.035Z"},"geometry":{"type":"LineString","coordinates":[[102.66200065612793,-1.4493540716333086],[102.6617431640625,-1.4502979069549298],[102.66036987304688,-1.4512417418829244],[102.6602840423584,-1.4516707576290884],[102.66097068786621,-1.4518423639047597],[102.66097068786621,-1.4520997732938525],[102.65985488891602,-1.4521855764170226],[102.65968322753906,-1.4523571826536141],[102.65994071960449,-1.4527861981880648],[102.65899658203125,-1.4532152136410588],[102.65891075134277,-1.4551028806657342],[102.65908241271973,-1.4554460926823651],[102.65865325927734,-1.456389925458737],[102.65839576721191,-1.456389925458737],[102.65813827514648,-1.4558751076297085],[102.65710830688477,-1.456389925458737],[102.6565933227539,-1.4559609106093632],[102.65607833862305,-1.4562183195287872],[102.65522003173828,-1.4572479549124182],[102.6547908782959,-1.4567331372794285],[102.65470504760742,-1.4570763490478242],[102.65419006347656,-1.4570763490478242],[102.65350341796875,-1.4559609106093632],[102.65324592590332,-1.4562183195287872],[102.65281677246094,-1.4561325165589096],[102.6522159576416,-1.4566473343291477],[102.65170097351074,-1.4578485753355181],[102.65084266662598,-1.4584491955983907],[102.65127182006836,-1.4585349984799905],[102.65127182006836,-1.458792407105193],[102.64981269836426,-1.45922142141508],[102.64972686767578,-1.460251055424905],[102.64938354492188,-1.4601652526087463],[102.64886856079102,-1.4595646328040743],[102.64740943908691,-1.4595646328040743],[102.64766693115234,-1.4606800694564583],[102.64689445495605,-1.4610232806227401],[102.64689445495605,-1.4612806889630434],[102.64758110046387,-1.4613664917365838],[102.6481819152832,-1.4626535329462769],[102.64698028564453,-1.4627393356673508],[102.6467227935791,-1.4632541519248718],[102.64723777770996,-1.4639405734177586],[102.64706611633301,-1.46428378408541],[102.64586448669434,-1.4641979814234247],[102.64457702636719,-1.464541192051641],[102.64389038085938,-1.4653992183922213],[102.64354705810547,-1.4666004547167688],[102.64303207397461,-1.4666004547167688],[102.64363288879395,-1.467887492920397],[102.64320373535156,-1.4677158878693604],[102.64277458190918,-1.468659715486993],[102.64303207397461,-1.469174530383171],[102.64294624328613,-1.4700325549464566],[102.64337539672852,-1.472949835994001],[102.64371871948242,-1.4732072429619905],[102.64509201049805,-1.473293045278055],[102.64500617980957,-1.4737220568087537],[102.64663696289062,-1.474322672812903],[102.64680862426758,-1.4746658818853717],[102.64534950256348,-1.474923288654992],[102.64500617980957,-1.4756955087851935],[102.64500617980957,-1.4770683439100907],[102.64431953430176,-1.478526980300913],[102.6441478729248,-1.47861278241173],[102.6438045501709,-1.4782695739486371],[102.64346122741699,-1.478526980300913],[102.64389038085938,-1.47861278241173],[102.64406204223633,-1.4789559908217313],[102.64346122741699,-1.47878438662336],[102.64311790466309,-1.4789559908217313],[102.64303207397461,-1.4796424074825438],[102.64277458190918,-1.4798140116145646],[102.64286041259766,-1.4805004280098188],[102.64251708984375,-1.4808436361277586],[102.6426887512207,-1.481530052204178],[102.64243125915527,-1.4821306660965945],[102.64286041259766,-1.4823022700359303],[102.64294624328613,-1.4833318933926165],[102.64243125915527,-1.4833318933926165],[102.64251708984375,-1.4837609029831924],[102.64131546020508,-1.482645477874712],[102.64105796813965,-1.4829028837188645],[102.64071464538574,-1.4828170817741437],[102.64002799987793,-1.4837609029831924],[102.63985633850098,-1.483675101071725],[102.63994216918945,-1.4829028837188645],[102.63874053955078,-1.4835892991569466]]}},{"type":"Feature","id":"pmtiles:10/803/516:waterway:5674659042:0","properties":{"name":"Sungai Cinio","name_int":"Sungai Cinio","class":"river","name:latin":"Sungai Cinio","name_de":"Sungai Cinio","name_en":"Sungai Cinio","waterway":"river","kind":"waterway","verification":"verified","source":"OpenMapTiles/OpenStreetMap national PMTiles","sourceId":"10/803/516:waterway:5674659042:0","sourceLayer":"waterway","archive":"https://its.hanifahseptiani45.workers.dev/v1/map/archive/indonesia.pmtiles","updatedAt":"2026-07-26T09:42:15.036Z"},"geometry":{"type":"LineString","coordinates":[[102.4995231628418,-1.40876878405372],[102.49960899353027,-1.4094552219141434],[102.49849319458008,-1.4113429249866698],[102.4984073638916,-1.4123725805623195],[102.49763488769531,-1.4124583851730392],[102.49720573425293,-1.413144821944698],[102.49634742736816,-1.4134880402544496],[102.49566078186035,-1.4148609129860432],[102.4954891204834,-1.4157189580307374],[102.49600410461426,-1.41700602500228],[102.49600410461426,-1.4175208515906803],[102.49566078186035,-1.4177782648419566],[102.49488830566406,-1.4175208515906803],[102.4943733215332,-1.4194943524520767],[102.49351501464844,-1.419322743748367],[102.49334335327148,-1.4199233741556583],[102.49282836914062,-1.420009178486822],[102.49205589294434,-1.4205240044069],[102.49094009399414,-1.420009178486822],[102.49102592468262,-1.4194085481018135],[102.49085426330566,-1.4192369393917375],[102.49025344848633,-1.419751765483781],[102.49016761779785,-1.4200949828148026],[102.48905181884766,-1.4194085481018135],[102.48699188232422,-1.4194943524520767],[102.4874210357666,-1.420009178486822],[102.48647689819336,-1.420009178486822],[102.4863052368164,-1.4206956130214365],[102.4859619140625,-1.4208672216232259],[102.48536109924316,-1.4200949828148026],[102.48501777648926,-1.4200949828148026],[102.48441696166992,-1.421124634501993],[102.4845027923584,-1.4218968729661583],[102.48415946960449,-1.4218968729661583],[102.48381614685059,-1.4215536559028692],[102.48347282409668,-1.4222400899784162],[102.48287200927734,-1.4224116984654103],[102.48261451721191,-1.422754915401086],[102.48218536376953,-1.422669111171956],[102.48184204101562,-1.4231839364989014],[102.4819278717041,-1.423870370089361],[102.48295783996582,-1.424041978455051],[102.48252868652344,-1.4251574325204643],[102.48175621032715,-1.425329040790274],[102.48106956481934,-1.4247284117899852],[102.4808120727539,-1.4256722572915237],[102.48003959655762,-1.4252432366569678],[102.47943878173828,-1.4252432366569678],[102.47849464416504,-1.4257580614088425],[102.47883796691895,-1.426272886045595],[102.47875213623047,-1.426444494232257],[102.47815132141113,-1.4257580614088425],[102.47763633728027,-1.4257580614088425],[102.47746467590332,-1.4265302983207846],[102.4778938293457,-1.4269593187154328],[102.47712135314941,-1.4277315552241134],[102.47677803039551,-1.4274741430833728],[102.47652053833008,-1.4276457511804068],[102.4749755859375,-1.4270451227847474],[102.47506141662598,-1.4278173592646226],[102.47566223144531,-1.4279031633019343],[102.47557640075684,-1.4285895954850503],[102.47549057006836,-1.428160575394628],[102.47514724731445,-1.428074771366937],[102.47514724731445,-1.4286753994935424],[102.47403144836426,-1.4287612034987944],[102.47368812561035,-1.4291902234770646],[102.47308731079102,-1.4291044194878282],[102.47274398803711,-1.4302198710978473],[102.47188568115234,-1.4304772829308803],[102.47145652770996,-1.4303056750454033],[102.47111320495605,-1.4308204986633086],[102.47102737426758,-1.4305630868688013],[102.47042655944824,-1.4303914789897334],[102.47016906738281,-1.4305630868688013],[102.4691390991211,-1.430134067147094],[102.46828079223633,-1.4304772829308803],[102.46828079223633,-1.4307346947350226],[102.46793746948242,-1.4306488908035107],[102.46793746948242,-1.431850145552474],[102.46665000915527,-1.4307346947350226],[102.4669075012207,-1.4324507726909133],[102.46587753295898,-1.432279164953144],[102.46536254882812,-1.433394615018912],[102.46501922607422,-1.4334804188476085],[102.46450424194336,-1.433137203513482],[102.4639892578125,-1.4336520264953947],[102.46381759643555,-1.433137203513482],[102.46313095092773,-1.432622380415836],[102.46270179748535,-1.4333088111869756],[102.46192932128906,-1.4332230073518417],[102.46227264404297,-1.4344242607511717],[102.46210098266602,-1.4345958683281737],[102.46029853820801,-1.4334804188476085],[102.4596118927002,-1.4339952417523563],[102.45926856994629,-1.4349390834435667],[102.45892524719238,-1.4348532796695537],[102.45866775512695,-1.4342526531612947],[102.4573802947998,-1.4340810455585569],[102.45677947998047,-1.4354539060201006],[102.45583534240723,-1.4363119433900238],[102.45600700378418,-1.43708417674749],[102.45643615722656,-1.4365693545381788],[102.45669364929199,-1.436740961954186],[102.45660781860352,-1.4381996244695046],[102.45583534240723,-1.438542839043535],[102.45532035827637,-1.438457035404852],[102.45514869689941,-1.4388860535659234],[102.45454788208008,-1.4391434644238217],[102.45283126831055,-1.438714446311181],[102.45205879211426,-1.438800249940158],[102.45180130004883,-1.440859536067137]]}},{"type":"Feature","id":"pmtiles:10/803/516:waterway:5745634010:0","properties":{"name":"Sungai Kilis Kecil","name_int":"Sungai Kilis Kecil","class":"river","name:latin":"Sungai Kilis Kecil","name_de":"Sungai Kilis Kecil","name_en":"Sungai Kilis Kecil","waterway":"river","kind":"waterway","verification":"verified","source":"OpenMapTiles/OpenStreetMap national PMTiles","sourceId":"10/803/516:waterway:5745634010:0","sourceLayer":"waterway","archive":"https://its.hanifahseptiani45.workers.dev/v1/map/archive/indonesia.pmtiles","updatedAt":"2026-07-26T09:42:15.036Z"},"geometry":{"type":"LineString","coordinates":[[102.52681732177734,-1.3990728277170064],[102.52716064453125,-1.4025050292467256],[102.52776145935059,-1.405250786846807],[102.52853393554688,-1.4067952740787462],[102.52861976623535,-1.4090261982750718],[102.52801895141602,-1.40988424547416],[102.5284481048584,-1.4115145342809399],[102.52947807312012,-1.4126299943849716],[102.53076553344727,-1.4128874081791025],[102.53188133239746,-1.413659649390297],[102.53479957580566,-1.4145176948792795],[102.53531455993652,-1.4149467175047903],[102.53608703613281,-1.4162337849051312],[102.53600120544434,-1.4174350471672312],[102.53643035888672,-1.4183788956502923],[102.53643035888672,-1.418893721933344],[102.53600120544434,-1.4199233741556583],[102.53600120544434,-1.4205240044069],[102.5350570678711,-1.4215536559028692],[102.5350570678711,-1.422754915401086],[102.53454208374023,-1.4237845659017268],[102.53497123718262,-1.424814215942476],[102.53488540649414,-1.4255006490473079],[102.53548622131348,-1.4269593187154328],[102.53514289855957,-1.4290186154953801],[102.5357437133789,-1.4309063025883972],[102.535400390625,-1.431678537769713],[102.53471374511719,-1.4323649688236344],[102.53411293029785,-1.433909437942944],[102.53445625305176,-1.435024887214368],[102.53471374511719,-1.438457035404852],[102.53522872924805,-1.4393150716462912],[102.53617286682129,-1.4402589111389545],[102.53617286682129,-1.4411169467021807],[102.53643035888672,-1.4416317678849424],[102.53746032714844,-1.4414601608369537],[102.53788948059082,-1.4418891784326746],[102.53926277160645,-1.4422323924510323],[102.54029273986816,-1.4432620341954845],[102.54097938537598,-1.443433641107589],[102.5420093536377,-1.4432620341954845],[102.54295349121094,-1.4440342651979137],[102.54329681396484,-1.4433478376531639],[102.54389762878418,-1.4433478376531639],[102.54398345947266,-1.4436052480067332],[102.54424095153809,-1.4433478376531639],[102.54449844360352,-1.4440342651979137],[102.54475593566895,-1.4436910514514523],[102.54518508911133,-1.4437768548929313],[102.54518508911133,-1.4443774788925765],[102.54458427429199,-1.4454071196654183],[102.54501342773438,-1.4458361365163341],[102.54475593566895,-1.4460077432340057],[102.54484176635742,-1.446436759971391],[102.54509925842285,-1.446350956630397],[102.5449275970459,-1.446865776627675],[102.54501342773438,-1.4470373832674568],[102.54552841186523,-1.4466083666436447],[102.54552841186523,-1.447380596508097],[102.54630088806152,-1.4471231865824876],[102.54655838012695,-1.4474663998101533],[102.54630088806152,-1.447638006404489],[102.54681587219238,-1.4483244326519724],[102.54630088806152,-1.4496972845230545],[102.5460433959961,-1.4526145919840587],[102.54801750183105,-1.4557035016605653],[102.54836082458496,-1.4557035016605653],[102.54844665527344,-1.456389925458737],[102.55050659179688,-1.4559609106093632],[102.55127906799316,-1.4560467135857778],[102.5518798828125,-1.455617698671091],[102.5529956817627,-1.4558751076297085],[102.55376815795898,-1.4571621519817484],[102.55359649658203,-1.4575053636847883],[102.5529956817627,-1.4576769695166973],[102.55282402038574,-1.458792407105193],[102.55385398864746,-1.4595646328040743],[102.55454063415527,-1.459736238478925],[102.55462646484375,-1.4601652526087463],[102.55505561828613,-1.460594266656699],[102.55548477172852,-1.460251055424905],[102.55557060241699,-1.4607658722529493],[102.55496978759766,-1.4612806889630434],[102.5544548034668,-1.4610232806227401],[102.55436897277832,-1.4611948861862203],[102.55454063415527,-1.461538097273845],[102.55505561828613,-1.4617097027979753],[102.55488395690918,-1.462224519291695],[102.55539894104004,-1.4628251383851278],[102.55548477172852,-1.4637689680642438],[102.55617141723633,-1.4640263760896062],[102.55668640136719,-1.4647985999883275],[102.55754470825195,-1.4640263760896062],[102.55891799926758,-1.464455389399518],[102.56011962890625,-1.4641121787581568],[102.56097793579102,-1.4641979814234247],[102.5617504119873,-1.4647127973460385],[102.56243705749512,-1.4646269947004953],[102.56269454956055,-1.4648844026273053],[102.5632095336914,-1.4646269947004953],[102.56312370300293,-1.4650560078954271],[102.56389617919922,-1.4653992183922213],[102.56492614746094,-1.4651418105245568],[102.56466865539551,-1.4657424288364354],[102.56492614746094,-1.4659140340388035],[102.56484031677246,-1.4663430469872054],[102.56518363952637,-1.4664288495670093],[102.56526947021484,-1.466857862416731],[102.5657844543457,-1.4672010726372804],[102.56629943847656,-1.4669436649768102],[102.56638526916504,-1.467286875184186],[102.56715774536133,-1.4674584802681352],[102.56732940673828,-1.4670294675335782],[102.56767272949219,-1.4670294675335782],[102.5680160522461,-1.4680590979582604],[102.5687026977539,-1.4681449004722253],[102.56956100463867,-1.4688313204655685],[102.5698184967041,-1.4684023079944382],[102.57059097290039,-1.468573912992781],[102.57084846496582,-1.4684023079944382],[102.57102012634277,-1.4677158878693604],[102.57136344909668,-1.4677158878693604],[102.57144927978516,-1.4682307029829218],[102.57110595703125,-1.4692603328543328],[102.57179260253906,-1.4690887279087121],[102.5735092163086,-1.4695177402480368]]}},{"type":"Feature","id":"pmtiles:10/803/516:waterway:6352084062:0","properties":{"name":"Sungai Langli","name_int":"Sungai Langli","class":"river","name:latin":"Sungai Langli","name_de":"Sungai Langli","name_en":"Sungai Langli","waterway":"river","kind":"waterway","verification":"verified","source":"OpenMapTiles/OpenStreetMap national PMTiles","sourceId":"10/803/516:waterway:6352084062:0","sourceLayer":"waterway","archive":"https://its.hanifahseptiani45.workers.dev/v1/map/archive/indonesia.pmtiles","updatedAt":"2026-07-26T09:42:15.036Z"},"geometry":{"type":"LineString","coordinates":[[102.58303642272949,-1.5703333028559854],[102.58398056030273,-1.5710196903733475],[102.5844955444336,-1.5725640614627139],[102.5874137878418,-1.5739368348050107],[102.58767127990723,-1.5735078432326048],[102.58818626403809,-1.5734220449075167],[102.58852958679199,-1.5727356581799086],[102.58938789367676,-1.5729930532292258],[102.58964538574219,-1.5726498598230876],[102.58981704711914,-1.5729072548829777],[102.59007453918457,-1.5728214565332053],[102.59007453918457,-1.5721350696080378],[102.59153366088867,-1.5710196903733475],[102.59342193603516,-1.5708480935151528],[102.5947093963623,-1.5720492712265184],[102.59745597839355,-1.5738510364976008],[102.59771347045898,-1.574709019412964],[102.5987434387207,-1.5753954054909514],[102.60063171386719,-1.5756528002119126],[102.60174751281738,-1.5766823787775905],[102.6027774810791,-1.576510782385327],[102.60294914245605,-1.5758243966748608],[102.60492324829102,-1.5752238089926465],[102.60629653930664,-1.5753954054909514],[102.6068115234375,-1.5749664142187072],[102.60672569274902,-1.5746232211373155],[102.60698318481445,-1.5743658262891813],[102.60706901550293,-1.5735936415541545],[102.60749816894531,-1.573250448246796],[102.60758399963379,-1.5718776744529208],[102.6079273223877,-1.5717060776651977],[102.60835647583008,-1.5721350696080378],[102.60869979858398,-1.5720492712265184],[102.60912895202637,-1.5727356581799086],[102.60955810546875,-1.5728214565332053],[102.60964393615723,-1.573250448246796],[102.61058807373047,-1.5736794398721656],[102.61127471923828,-1.5729930532292258],[102.61187553405762,-1.5729930532292258],[102.6126480102539,-1.5735936415541545],[102.61247634887695,-1.5751380107382005],[102.61299133300781,-1.5756528002119126],[102.61324882507324,-1.5764249841838875],[102.61427879333496,-1.5767681769684145],[102.61453628540039,-1.5764249841838875],[102.61445045471191,-1.5759101949010415],[102.61505126953125,-1.5762533877704215],[102.61505126953125,-1.5751380107382005],[102.61565208435059,-1.5749664142187072],[102.6166820526123,-1.5751380107382005],[102.61685371398926,-1.57488061595366],[102.61642456054688,-1.5741942297061229],[102.61651039123535,-1.5737652381866383],[102.6181411743164,-1.5733362465789327],[102.61796951293945,-1.5728214565332053],[102.61831283569336,-1.57247826309883],[102.61874198913574,-1.5726498598230876],[102.61882781982422,-1.572392464731422],[102.61934280395508,-1.572392464731422],[102.6189136505127,-1.5717918760608285],[102.61934280395508,-1.571448682457202],[102.61968612670898,-1.5717918760608285],[102.6203727722168,-1.571448682457202],[102.62148857116699,-1.571362884047474],[102.6218318939209,-1.5705048997564717],[102.62251853942871,-1.5706764966428608],[102.62286186218262,-1.5703333028559854],[102.62397766113281,-1.5715344808633773],[102.62432098388672,-1.571448682457202],[102.62423515319824,-1.5719634728414746],[102.62535095214844,-1.5717060776651977],[102.62578010559082,-1.571362884047474],[102.6262092590332,-1.5717918760608285],[102.62638092041016,-1.5709338919460123],[102.62698173522949,-1.5711054887971727],[102.62663841247559,-1.571448682457202],[102.62741088867188,-1.571448682457202],[102.62775421142578,-1.5705906982014142],[102.62749671936035,-1.5700759074788522],[102.62706756591797,-1.5700759074788522],[102.62715339660645,-1.569561116629501],[102.62672424316406,-1.5698185120700288],[102.62655258178711,-1.5692179226595186],[102.62758255004883,-1.5690463256534173],[102.6273250579834,-1.5684457360211894],[102.62801170349121,-1.5681883404117514],[102.62818336486816,-1.5676735490979041],[102.62861251831055,-1.568016743321209],[102.6291275024414,-1.567587750533292],[102.62955665588379,-1.5677593476590062],[102.63041496276855,-1.5674161533935091],[102.63075828552246,-1.5677593476590062],[102.63213157653809,-1.5669013618898049],[102.63264656066895,-1.5674161533935091],[102.6331615447998,-1.5671587576574808],[102.63350486755371,-1.5674161533935091],[102.63436317443848,-1.5673303548183526],[102.63453483581543,-1.5671587576574808],[102.63436317443848,-1.5666439660905098],[102.63504981994629,-1.5669871604825403],[102.63556480407715,-1.5665581674837057],[102.63590812683105,-1.5669013618898049],[102.63650894165039,-1.5669013618898049],[102.63607978820801,-1.5653569866197188],[102.63650894165039,-1.5650995906307372],[102.63642311096191,-1.564584798558002],[102.63668060302734,-1.5644989998669274],[102.63650894165039,-1.5641558050675428],[102.63693809509277,-1.5641558050675428],[102.63702392578125,-1.5644132011723428],[102.63736724853516,-1.5641558050675428],[102.63745307922363,-1.5644989998669274],[102.63779640197754,-1.564584798558002],[102.63813972473145,-1.5642416037726576],[102.63796806335449,-1.5639842076468113],[102.63848304748535,-1.5638126102120395],[102.63822555541992,-1.5631262203326628],[102.63874053955078,-1.562868824070037],[102.6401138305664,-1.5629546228277462],[102.64045715332031,-1.5636410127632416],[102.6408863067627,-1.563297817823539],[102.6408863067627,-1.5626114277758774],[102.64140129089355,-1.5631262203326628],[102.64200210571289,-1.5624398302288967],[102.64225959777832,-1.5629546228277462],[102.64328956604004,-1.5631262203326628],[102.64397621154785,-1.5637268114893885],[102.64431953430176,-1.5635552140335705],[102.64423370361328,-1.5631262203326628],[102.6449203491211,-1.563297817823539],[102.64466285705566,-1.5626972265441026],[102.6441478729248,-1.5624398302288967],[102.6441478729248,-1.5620108363001322],[102.64474868774414,-1.5620108363001322],[102.645263671875,-1.561067049348594],[102.64595031738281,-1.5616676410940755],[102.64543533325195,-1.560723853988435],[102.64603614807129,-1.5609812505138052],[102.64629364013672,-1.5603806585722566],[102.64698028564453,-1.5605522562873517],[102.64766693115234,-1.5598658653430135],[102.64723777770996,-1.5597800664592114],[102.64766693115234,-1.558836278506675],[102.6492977142334,-1.5586646806516598],[102.6492977142334,-1.5590078763477067],[102.64946937561035,-1.5590078763477067],[102.64981269836426,-1.558493082782661],[102.64955520629883,-1.5582356859529511],[102.65049934387207,-1.5578924901310671],[102.65032768249512,-1.5576350932279723],[102.65058517456055,-1.5574634952751012],[102.6511001586914,-1.5575492942532776],[102.65152931213379,-1.5572918973082466],[102.65152931213379,-1.5570345003317811],[102.65084266662598,-1.5570345003317811],[102.65084266662598,-1.5566913043142563],[102.65247344970703,-1.5569487013326295],[102.65307426452637,-1.5566055053011638],[102.65358924865723,-1.5568629023300105],[102.65358924865723,-1.556262309213821],[102.65376091003418,-1.556262309213821],[102.65470504760742,-1.5571202993274227],[102.65556335449219,-1.5575492942532776],[102.65530586242676,-1.556262309213821],[102.65582084655762,-1.5567771033238955],[102.65616416931152,-1.5567771033238955],[102.65650749206543,-1.556433907264477],[102.65788078308105,-1.5568629023300105],[102.65805244445801,-1.5567771033238955],[102.65822410583496,-1.55574751497808],[102.65865325927734,-1.5556617159265897],[102.65899658203125,-1.5568629023300105],[102.65813827514648,-1.5576350932279723],[102.66002655029297,-1.5587504795809224]]}},{"type":"Feature","id":"pmtiles:10/803/516:waterway:6368940420:0","properties":{"name":"Sungai Lingguh","name_int":"Sungai Lingguh","class":"river","name:latin":"Sungai Lingguh","name_de":"Sungai Lingguh","name_en":"Sungai Lingguh","waterway":"river","kind":"waterway","verification":"verified","source":"OpenMapTiles/OpenStreetMap national PMTiles","sourceId":"10/803/516:waterway:6368940420:0","sourceLayer":"waterway","archive":"https://its.hanifahseptiani45.workers.dev/v1/map/archive/indonesia.pmtiles","updatedAt":"2026-07-26T09:42:15.036Z"},"geometry":{"type":"LineString","coordinates":[[102.55230903625488,-1.4004457089321534],[102.5522232055664,-1.4012179542623073],[102.5515365600586,-1.40147536931579],[102.5522232055664,-1.4017327843409788],[102.55179405212402,-1.4025050292467256],[102.55256652832031,-1.4025908342205327],[102.5522232055664,-1.403019859042331],[102.55179405212402,-1.4029340540842696],[102.5522232055664,-1.403448883785444],[102.55205154418945,-1.403963713373301],[102.5529956817627,-1.4040495182935757],[102.55265235900879,-1.404821762434409],[102.55376815795898,-1.4049075673231926],[102.55428314208984,-1.4056798111803914],[102.55428314208984,-1.4065378596110634],[102.55582809448242,-1.4072242981284262],[102.55574226379395,-1.406623664436779],[102.55642890930176,-1.406280445114973],[102.55720138549805,-1.406966883708094],[102.55728721618652,-1.4073101029288893],[102.55685806274414,-1.4073959077262117],[102.55677223205566,-1.4076533220992076],[102.557373046875,-1.407996541218992],[102.55788803100586,-1.40876878405372],[102.5577163696289,-1.4096268313476372],[102.55797386169434,-1.40988424547416],[102.55960464477539,-1.4103132689551074],[102.56020545959473,-1.4108280970278457],[102.56114959716797,-1.4100558548760205],[102.56132125854492,-1.4106564876829282],[102.56200790405273,-1.411085511021497],[102.56260871887207,-1.4109997063601156],[102.5628662109375,-1.4116861435625623],[102.56243705749512,-1.4122867759484308],[102.56269454956055,-1.4128874081791025],[102.56372451782227,-1.4129732127708081],[102.56406784057617,-1.41271579898617],[102.56466865539551,-1.4132306265268966],[102.56475448608398,-1.413659649390297],[102.56526947021484,-1.4132306265268966],[102.5657844543457,-1.4134022356817724],[102.56604194641113,-1.4138312585134685],[102.56638526916504,-1.4137454539534815],[102.56698608398438,-1.4145176948792795],[102.56681442260742,-1.4148609129860432],[102.56741523742676,-1.414603499410731],[102.56767272949219,-1.414775108464113],[102.56732940673828,-1.415547349047202],[102.56818771362305,-1.4161479804340047],[102.56810188293457,-1.4165770027578617],[102.56887435913086,-1.4164053938378487],[102.5687026977539,-1.41700602500228],[102.56904602050781,-1.41700602500228],[102.56896018981934,-1.417349242740599],[102.56938934326172,-1.417692460428043],[102.57007598876953,-1.417692460428043],[102.57024765014648,-1.418293091258647],[102.56990432739258,-1.4186363088061427],[102.57016181945801,-1.418807917560784],[102.57024765014648,-1.419322743748367],[102.5709342956543,-1.4190653306688858],[102.57144927978516,-1.4192369393917375],[102.57187843322754,-1.419751765483781],[102.57196426391602,-1.4192369393917375],[102.57222175598145,-1.4191511350318962],[102.57256507873535,-1.4205240044069],[102.57325172424316,-1.4209530259193315],[102.57359504699707,-1.421811068705125],[102.57411003112793,-1.4215536559028692],[102.57402420043945,-1.4224975027041182],[102.57376670837402,-1.422754915401086],[102.57393836975098,-1.4230981322857161],[102.5735092163086,-1.4231839364989014],[102.57333755493164,-1.4235271533196823],[102.57402420043945,-1.4236987617109094],[102.57368087768555,-1.4242135868079515]]}},{"type":"Feature","id":"pmtiles:10/803/516:waterway:6371131680:0","properties":{"name":"Sungai Punti Kalo","name_int":"Sungai Punti Kalo","class":"river","name:latin":"Sungai Punti Kalo","name_de":"Sungai Punti Kalo","name_en":"Sungai Punti Kalo","waterway":"river","kind":"waterway","verification":"verified","source":"OpenMapTiles/OpenStreetMap national PMTiles","sourceId":"10/803/516:waterway:6371131680:0","sourceLayer":"waterway","archive":"https://its.hanifahseptiani45.workers.dev/v1/map/archive/indonesia.pmtiles","updatedAt":"2026-07-26T09:42:15.036Z"},"geometry":{"type":"LineString","coordinates":[[102.35017776489258,-1.4588782099737188],[102.35026359558105,-1.4584491955983907],[102.35095024108887,-1.4581917869339236],[102.3515510559082,-1.4581059840392356],[102.35180854797363,-1.4584491955983907],[102.35198020935059,-1.4581917869339236],[102.35292434692383,-1.4581059840392356],[102.35275268554688,-1.457762772427742],[102.35292434692383,-1.4576769695166973],[102.35455513000488,-1.4581059840392356],[102.35498428344727,-1.45793437824004],[102.3555850982666,-1.4584491955983907],[102.3570442199707,-1.4581059840392356],[102.35738754272461,-1.4583633927135082],[102.3585033416748,-1.4585349984799905],[102.35884666442871,-1.458964012838976],[102.36004829406738,-1.458792407105193],[102.36090660095215,-1.458277589825343],[102.36296653747559,-1.4590498157009506],[102.36502647399902,-1.458620801358336],[102.36571311950684,-1.4578485753355181],[102.36742973327637,-1.4576769695166973],[102.36957550048828,-1.4566473343291477],[102.36983299255371,-1.4570763490478242],[102.37034797668457,-1.4570763490478242],[102.37086296081543,-1.4575911666023842],[102.37154960632324,-1.4576769695166973],[102.37283706665039,-1.4575053636847883],[102.37360954284668,-1.4567331372794285],[102.37403869628906,-1.4569047431701563],[102.37489700317383,-1.4565615313756126],[102.37515449523926,-1.456389925458737],[102.37515449523926,-1.4557035016605653],[102.37558364868164,-1.455617698671091],[102.37541198730469,-1.4545880625428538],[102.37584114074707,-1.4544164564757978],[102.37549781799316,-1.4540732443025206],[102.37515449523926,-1.4540732443025206],[102.3757553100586,-1.4538158351383146],[102.37524032592773,-1.4532152136410588],[102.37584114074707,-1.4533010167218805],[102.3760986328125,-1.4526145919840587],[102.37541198730469,-1.4525287888771743],[102.37549781799316,-1.4517565607685583],[102.37661361694336,-1.451413348191167],[102.37678527832031,-1.4510701355616646],[102.37661361694336,-1.4500404973607885],[102.37687110900879,-1.4483244326519724],[102.37730026245117,-1.4472089898942784],[102.37781524658203,-1.4469515799491859],[102.37824440002441,-1.4458361365163341],[102.37936019897461,-1.4460077432340057],[102.37996101379395,-1.445321316285515],[102.38056182861328,-1.4451497095159596],[102.38099098205566,-1.4440342651979137],[102.38176345825195,-1.4443774788925765],[102.38142013549805,-1.4436910514514523],[102.381591796875,-1.443433641107589],[102.38219261169434,-1.4436910514514523],[102.3830509185791,-1.4436910514514523],[102.38348007202148,-1.4430904272704481],[102.3845100402832,-1.443433641107589],[102.3845100402832,-1.4428330168586143],[102.38554000854492,-1.4426614099011914],[102.3859691619873,-1.4427472133815087],[102.38622665405273,-1.4432620341954845],[102.38656997680664,-1.4428330168586143],[102.38725662231445,-1.4429188203324657],[102.38751411437988,-1.4424898029308366],[102.38888740539551,-1.4424039994408133],[102.38931655883789,-1.4417175714040837],[102.39008903503418,-1.441288553776019],[102.39086151123047,-1.441545964362561],[102.39137649536133,-1.4411169467021807],[102.39240646362305,-1.4411169467021807],[102.39360809326172,-1.439829893236194],[102.39343643188477,-1.4392292680366836],[102.39360809326172,-1.4386286426789638],[102.39463806152344,-1.438714446311181],[102.39463806152344,-1.4381138208179323],[102.39420890808105,-1.437513195166602],[102.39438056945801,-1.4360545322128644],[102.39377975463867,-1.4354539060201006],[102.39420890808105,-1.4348532796695537],[102.39412307739258,-1.434338456957832],[102.39352226257324,-1.4339952417523563],[102.39386558532715,-1.433137203513482],[102.39317893981934,-1.43270818427348],[102.39300727844238,-1.4321933610794275],[102.39377975463867,-1.4304772829308803],[102.39420890808105,-1.4305630868688013],[102.39463806152344,-1.4302198710978473],[102.39498138427734,-1.4303914789897334],[102.39566802978516,-1.429962459235938],[102.39609718322754,-1.4290186154953801],[102.39609718322754,-1.4279889673360344],[102.39704132080078,-1.426787710567183],[102.39704132080078,-1.4261870819474751],[102.39781379699707,-1.4256722572915237],[102.39901542663574,-1.4239561742738118],[102.4006462097168,-1.424041978455051],[102.40133285522461,-1.4236129575168803],[102.40227699279785,-1.4235271533196823],[102.40262031555176,-1.4243851951480906],[102.4032211303711,-1.424814215942476],[102.40373611450195,-1.424814215942476],[102.40519523620605,-1.4272167309137984],[102.4064826965332,-1.4284179874585021],[102.4079418182373,-1.4291044194878282],[102.41025924682617,-1.4294476354255607],[102.41154670715332,-1.4300482631931288],[102.41249084472656,-1.4300482631931288],[102.41334915161133,-1.4297050473451804],[102.41377830505371,-1.4287612034987944],[102.4130916595459,-1.4273883390300455],[102.41291999816895,-1.4252432366569678],[102.41377830505371,-1.4231839364989014],[102.41515159606934,-1.4224116984654103],[102.41652488708496,-1.4212104387885347],[102.41661071777344,-1.4207814173239228],[102.41781234741211,-1.420009178486822],[102.41875648498535,-1.42043820009485],[102.41944313049316,-1.4201807871395857],[102.41867065429688,-1.4196659611430675],[102.41815567016602,-1.418893721933344],[102.41815567016602,-1.417692460428043]]}},{"type":"Feature","id":"pmtiles:10/803/516:waterway:6374070422:0","properties":{"name":"Sungai Kumpeh","name_int":"Sungai Kumpeh","class":"river","name:latin":"Sungai Kumpeh","name_de":"Sungai Kumpeh","name_en":"Sungai Kumpeh","waterway":"river","kind":"waterway","verification":"verified","source":"OpenMapTiles/OpenStreetMap national PMTiles","sourceId":"10/803/516:waterway:6374070422:0","sourceLayer":"waterway","archive":"https://its.hanifahseptiani45.workers.dev/v1/map/archive/indonesia.pmtiles","updatedAt":"2026-07-26T09:42:15.036Z"},"geometry":{"type":"LineString","coordinates":[[102.36983299255371,-1.5735078432326048],[102.3694896697998,-1.5730788515719354],[102.36837387084961,-1.5725640614627139],[102.3680305480957,-1.5718776744529208],[102.36837387084961,-1.5706764966428608],[102.36794471740723,-1.5692179226595186],[102.36820220947266,-1.5662149730213883],[102.36717224121094,-1.564842194610165],[102.36708641052246,-1.5642416037726576],[102.3680305480957,-1.5624398302288967],[102.36871719360352,-1.5600374631000875],[102.36966133117676,-1.558836278506675],[102.3694896697998,-1.5585788817189155],[102.36880302429199,-1.5586646806516598],[102.36888885498047,-1.5580640880489938],[102.36828804016113,-1.557720892199157],[102.36863136291504,-1.5568629023300105],[102.3680305480957,-1.555404318751144],[102.36871719360352,-1.5548037252196707],[102.36863136291504,-1.5510285619688347],[102.36940383911133,-1.5496557736613994],[102.37051963806152,-1.5489693791739683],[102.37069129943848,-1.5481971851097995],[102.37034797668457,-1.5475107901499712],[102.3709487915039,-1.546309598435755],[102.3720645904541,-1.5457090023237043],[102.37249374389648,-1.5451084060417628],[102.37189292907715,-1.5440788120205156],[102.3702621459961,-1.542963417934729],[102.37017631530762,-1.5416764240320475],[102.36966133117676,-1.5411616262530856],[102.36966133117676,-1.540217830001822],[102.3691463470459,-1.5396172321697037],[102.36906051635742,-1.5385876354924335],[102.36871719360352,-1.5378154376583524],[102.36631393432617,-1.5367000402936526],[102.36571311950684,-1.533611244552631],[102.36639976501465,-1.5316378449390982],[102.3662281036377,-1.5310372446958809],[102.36528396606445,-1.5300934439737262],[102.36528396606445,-1.5296644435081674],[102.36639976501465,-1.5282058412838637],[102.36665725708008,-1.5264040371685752],[102.36682891845703,-1.5263182369349266],[102.3680305480957,-1.5268330382854174],[102.36966133117676,-1.527090438914442],[102.37034797668457,-1.5266614378489436],[102.37103462219238,-1.5266614378489436],[102.37249374389648,-1.5275194398942773],[102.37275123596191,-1.528634842040944],[102.37395286560059,-1.5288922424540488]]}},{"type":"Feature","id":"pmtiles:10/803/516:waterway:6374070782:0","properties":{"name":"Sungai Keruh Kecil","name_int":"Sungai Keruh Kecil","class":"river","name:latin":"Sungai Keruh Kecil","name_de":"Sungai Keruh Kecil","name_en":"Sungai Keruh Kecil","waterway":"river","kind":"waterway","verification":"verified","source":"OpenMapTiles/OpenStreetMap national PMTiles","sourceId":"10/803/516:waterway:6374070782:0","sourceLayer":"waterway","archive":"https://its.hanifahseptiani45.workers.dev/v1/map/archive/indonesia.pmtiles","updatedAt":"2026-07-26T09:42:15.036Z"},"geometry":{"type":"LineString","coordinates":[[102.31790542602539,-1.4315069299741339],[102.31756210327148,-1.432279164953144],[102.31670379638672,-1.4323649688236344],[102.3153305053711,-1.4315069299741339],[102.3130989074707,-1.4279889673360344],[102.31232643127441,-1.4279031633019343],[102.31138229370117,-1.4285037914733891],[102.30880737304688,-1.431678537769713],[102.30812072753906,-1.433137203513482],[102.30700492858887,-1.4345100645412856],[102.30545997619629,-1.4375989988407554],[102.30425834655762,-1.4383712317629715],[102.30417251586914,-1.4396582860524774],[102.30194091796875,-1.4426614099011914],[102.30134010314941,-1.4442058720517252],[102.30056762695312,-1.4454071196654183],[102.29962348937988,-1.445578726415519],[102.29936599731445,-1.4461793499386886],[102.29867935180664,-1.44609354658796]]}},{"type":"Feature","id":"pmtiles:10/803/516:waterway:6374362720:0","properties":{"name":"Sungai Kuamang Bungo","name_int":"Sungai Kuamang Bungo","class":"river","name:latin":"Sungai Kuamang Bungo","name_de":"Sungai Kuamang Bungo","name_en":"Sungai Kuamang Bungo","waterway":"river","kind":"waterway","verification":"verified","source":"OpenMapTiles/OpenStreetMap national PMTiles","sourceId":"10/803/516:waterway:6374362720:0","sourceLayer":"waterway","archive":"https://its.hanifahseptiani45.workers.dev/v1/map/archive/indonesia.pmtiles","updatedAt":"2026-07-26T09:42:15.036Z"},"geometry":{"type":"LineString","coordinates":[[102.41223335266113,-1.6494379550282048],[102.41360664367676,-1.6508964716113752],[102.41549491882324,-1.6506390864097256],[102.41824150085449,-1.6526981670895822],[102.4200439453125,-1.6533845268418759],[102.42073059082031,-1.6533845268418759],[102.42218971252441,-1.6528697570498991],[102.42347717285156,-1.6529555520245083],[102.42476463317871,-1.653298731885812],[102.42536544799805,-1.6540708863568199],[102.42630958557129,-1.6539850914304424],[102.42733955383301,-1.6534703217942166],[102.42836952209473,-1.654242476198462],[102.42939949035645,-1.6535561167428625],[102.43060111999512,-1.6535561167428625],[102.43120193481445,-1.654414066025268],[102.43223190307617,-1.6530413469953942],[102.43351936340332,-1.653298731885812],[102.43412017822266,-1.6537277066290272],[102.43549346923828,-1.6536419116877994],[102.43678092956543,-1.653127141962571],[102.43712425231934,-1.6534703217942166],[102.43789672851562,-1.6533845268418759],[102.43866920471191,-1.654671450737652],[102.43952751159668,-1.6554436046743604],[102.44072914123535,-1.6556151943972282],[102.44141578674316,-1.6551004251840595],[102.44278907775879,-1.6551862200621912],[102.4431324005127,-1.6555293995376559],[102.44399070739746,-1.6547572456343573],[102.44484901428223,-1.6544998609331003],[102.44544982910156,-1.6548430405273393],[102.4471664428711,-1.654242476198462],[102.4478530883789,-1.6543282711137266],[102.44828224182129,-1.6541566812795025],[102.44974136352539,-1.6541566812795025],[102.45085716247559,-1.6551862200621912],[102.45257377624512,-1.6551004251840595],[102.45514869689941,-1.6553578098073558],[102.4555778503418,-1.654671450737652],[102.45823860168457,-1.6545856558372378],[102.45969772338867,-1.6538992965003416],[102.46038436889648,-1.6539850914304424],[102.46064186096191,-1.6543282711137266],[102.46115684509277,-1.654242476198462],[102.4614143371582,-1.6547572456343573],[102.46124267578125,-1.6558725789536908],[102.46175765991211,-1.6562157583103243],[102.46192932128906,-1.6566447324225066],[102.46347427368164,-1.657073706441821],[102.46424674987793,-1.6569021168452451],[102.46407508850098,-1.6576742699127465],[102.46424674987793,-1.6581890384571238],[102.46484756469727,-1.657502680368225],[102.46493339538574,-1.6567305272338047],[102.46536254882812,-1.656301553140196],[102.46604919433594,-1.6562157583103243],[102.46725082397461,-1.6564731427887835],[102.46776580810547,-1.6573310908088104],[102.46862411499023,-1.657073706441821],[102.46931076049805,-1.657502680368225],[102.469482421875,-1.656301553140196],[102.47034072875977,-1.655958373798427],[102.47016906738281,-1.6553578098073558],[102.47068405151367,-1.6553578098073558],[102.47119903564453,-1.6548430405273393],[102.47265815734863,-1.6541566812795025],[102.47300148010254,-1.6535561167428625],[102.47282981872559,-1.6529555520245083],[102.47368812561035,-1.651840217065626],[102.4738597869873,-1.6506390864097256],[102.47428894042969,-1.6501243159064671],[102.4749755859375,-1.6498669306048726],[102.47514724731445,-1.6500385208096304],[102.47488975524902,-1.6505532913351004],[102.4753189086914,-1.6505532913351004],[102.47557640075684,-1.6501243159064671],[102.4760913848877,-1.650810676547863],[102.4760913848877,-1.6514970369522928],[102.47703552246094,-1.6514970369522928],[102.4775505065918,-1.6517544220428562],[102.47875213623047,-1.6543282711137266],[102.47866630554199,-1.6553578098073558],[102.47909545898438,-1.6557009892530914],[102.48072624206543,-1.6547572456343573],[102.48072624206543,-1.6545856558372378],[102.48029708862305,-1.6544998609331003],[102.48021125793457,-1.6538992965003416],[102.48167037963867,-1.6533845268418759],[102.48201370239258,-1.6535561167428625],[102.48235702514648,-1.6533845268418759],[102.48321533203125,-1.6537277066290272],[102.48433113098145,-1.6536419116877994],[102.48510360717773,-1.6529555520245083],[102.48553276062012,-1.653298731885812],[102.48647689819336,-1.6527839620715952],[102.48802185058594,-1.6535561167428625],[102.4888801574707,-1.653127141962571],[102.48905181884766,-1.6526981670895822],[102.49025344848633,-1.653127141962571],[102.49076843261719,-1.6526123721038601],[102.49222755432129,-1.6533845268418759],[102.49282836914062,-1.6534703217942166],[102.49377250671387,-1.6529555520245083],[102.49420166015625,-1.6524407821213174],[102.49497413635254,-1.6521833971196713],[102.49540328979492,-1.6527839620715952],[102.49531745910645,-1.6540708863568199],[102.49600410461426,-1.6561299634767437]]}},{"type":"Feature","id":"pmtiles:10/803/516:waterway:9606046690:0","properties":{"name":"Sungai Abu","name_int":"Sungai Abu","class":"river","name:latin":"Sungai Abu","name_de":"Sungai Abu","name_en":"Sungai Abu","waterway":"river","kind":"waterway","verification":"verified","source":"OpenMapTiles/OpenStreetMap national PMTiles","sourceId":"10/803/516:waterway:9606046690:0","sourceLayer":"waterway","archive":"https://its.hanifahseptiani45.workers.dev/v1/map/archive/indonesia.pmtiles","updatedAt":"2026-07-26T09:42:15.036Z"},"geometry":{"type":"LineString","coordinates":[[102.29790687561035,-1.7494725047128838],[102.2991943359375,-1.7499872487245653],[102.30056762695312,-1.7498156674030412],[102.30082511901855,-1.7503304113205331],[102.30168342590332,-1.7508451550966981],[102.30391502380371,-1.751274108135533],[102.30451583862305,-1.7511883175356218],[102.30537414550781,-1.7517030610761708],[102.30606079101562,-1.7527325477329754],[102.30606079101562,-1.7543625671151233],[102.30623245239258,-1.7547057289093857],[102.30683326721191,-1.7550488906406514],[102.30803489685059,-1.7551346810636375],[102.30846405029297,-1.755735213914278],[102.3101806640625,-1.7553062618978004],[102.31086730957031,-1.7556494235188609],[102.31155395507812,-1.7555636331195075],[102.31266975402832,-1.7563357465719918],[102.3130989074707,-1.7556494235188609],[102.31395721435547,-1.7554778427162034],[102.31507301330566,-1.756164165832331],[102.3160171508789,-1.756078375456596],[102.3171329498291,-1.7564215369359033],[102.31790542602539,-1.757022069373022],[102.31833457946777,-1.7568504886964007],[102.31850624084473,-1.7565073272958784],[102.3197078704834,-1.7563357465719918],[102.32099533081055,-1.7568504886964007],[102.3215103149414,-1.7556494235188609],[102.3222827911377,-1.7558210043057727],[102.32357025146484,-1.7547057289093857],[102.32494354248047,-1.7549631002137431],[102.32545852661133,-1.7544483575695864],[102.32545852661133,-1.75393361478379],[102.32597351074219,-1.7526467571998552],[102.32717514038086,-1.7526467571998552],[102.32726097106934,-1.7522178044753076],[102.3281192779541,-1.7521320139186116],[102.32897758483887,-1.7517030610761708],[102.32992172241211,-1.7519604327934246],[102.33043670654297,-1.7511883175356218],[102.33206748962402,-1.7519604327934246],[102.33241081237793,-1.7518746422249478],[102.33318328857422,-1.7510167363240186],[102.33438491821289,-1.7511025269317742],[102.33610153198242,-1.750416201959709],[102.33747482299805,-1.7508451550966981],[102.33824729919434,-1.7505877832262797],[102.3387622833252,-1.7499872487245653],[102.34099388122559,-1.7494725047128838],[102.34219551086426,-1.7500730393794584],[102.34339714050293,-1.7498156674030412],[102.34399795532227,-1.750244620677421],[102.34519958496094,-1.750244620677421],[102.34683036804199,-1.7510167363240186],[102.3489761352539,-1.7511883175356218],[102.35026359558105,-1.7510167363240186],[102.35163688659668,-1.751531479911705],[102.35198020935059,-1.7514456893235888],[102.35206604003906,-1.7510167363240186],[102.35240936279297,-1.7509309457123265],[102.35258102416992,-1.7517030610761708],[102.35343933105469,-1.7522178044753076],[102.35395431518555,-1.7522178044753076],[102.35429763793945,-1.7528183382621592],[102.3552417755127,-1.753333081354711],[102.35652923583984,-1.754534148020113],[102.35713005065918,-1.7543625671151233],[102.35798835754395,-1.754534148020113],[102.3581600189209,-1.7549631002137431],[102.35790252685547,-1.7554778427162034],[102.35841751098633,-1.756078375456596],[102.35944747924805,-1.756078375456596],[102.36004829406738,-1.755735213914278],[102.36056327819824,-1.755906794693317],[102.36090660095215,-1.757022069373022],[102.36047744750977,-1.757622601617058]]}},{"type":"Feature","id":"pmtiles:10/803/516:waterway:9667090890:0","properties":{"name":"Sungai Kilis Besar","name_int":"Sungai Kilis Besar","class":"river","name:latin":"Sungai Kilis Besar","name_de":"Sungai Kilis Besar","name_en":"Sungai Kilis Besar","waterway":"river","kind":"waterway","verification":"verified","source":"OpenMapTiles/OpenStreetMap national PMTiles","sourceId":"10/803/516:waterway:9667090890:0","sourceLayer":"waterway","archive":"https://its.hanifahseptiani45.workers.dev/v1/map/archive/indonesia.pmtiles","updatedAt":"2026-07-26T09:42:15.036Z"},"geometry":{"type":"LineString","coordinates":[[102.60071754455566,-1.4003599038797603],[102.6009750366211,-1.402076004330553],[102.60140419006348,-1.403191468949018],[102.60183334350586,-1.403448883785444],[102.60140419006348,-1.4040495182935757],[102.59977340698242,-1.4036204936606538],[102.59891510009766,-1.404135323210724],[102.5987434387207,-1.404821762434409],[102.59857177734375,-1.404821762434409],[102.59831428527832,-1.4040495182935757],[102.59685516357422,-1.404821762434409],[102.59771347045898,-1.4050791770912952],[102.59805679321289,-1.4055082014564135],[102.59771347045898,-1.4059372257427043],[102.59685516357422,-1.4055940063199728],[102.59642601013184,-1.4056798111803914],[102.59719848632812,-1.4063662499501532],[102.59676933288574,-1.406966883708094],[102.59634017944336,-1.406623664436779],[102.59642601013184,-1.4071384933248083],[102.59668350219727,-1.4073101029288893],[102.59779930114746,-1.4071384933248083],[102.5972843170166,-1.4078249316654166],[102.5972843170166,-1.408597174557002],[102.5961685180664,-1.4083397602882428],[102.59591102600098,-1.4076533220992076],[102.59531021118164,-1.408253955525666],[102.59496688842773,-1.4077391268838824],[102.59393692016602,-1.4080823459910476],[102.59385108947754,-1.4083397602882428],[102.59488105773926,-1.4084255650476507],[102.59419441223145,-1.408940393537776],[102.59359359741211,-1.4088545887973254],[102.59350776672363,-1.4091978077401848],[102.59367942810059,-1.40936941719265],[102.59488105773926,-1.4092836124679877],[102.59565353393555,-1.4099700501766677],[102.59462356567383,-1.4108280970278457],[102.59376525878906,-1.4106564876829282],[102.59393692016602,-1.4114287296353893],[102.59316444396973,-1.4115145342809399],[102.59307861328125,-1.4138312585134685],[102.59350776672363,-1.414346085806855],[102.59273529052734,-1.4140886721744437],[102.59247779846191,-1.414603499410731],[102.59204864501953,-1.4144318903446589],[102.59076118469238,-1.4133164311059119],[102.58930206298828,-1.411257120334767],[102.58913040161133,-1.4113429249866698],[102.58930206298828,-1.4116861435625623],[102.58904457092285,-1.4122867759484308],[102.58844375610352,-1.4119435574612282],[102.58861541748047,-1.411085511021497],[102.58707046508789,-1.4121151667111747],[102.58698463439941,-1.4129732127708081],[102.58655548095703,-1.4133164311059119],[102.5859546661377,-1.4159763714822304],[102.58398056030273,-1.4165770027578617],[102.58492469787598,-1.4168344161140425],[102.58526802062988,-1.4171776338777988],[102.5844955444336,-1.417692460428043],[102.58432388305664,-1.4180356780646264],[102.58398056030273,-1.4174350471672312],[102.58355140686035,-1.4175208515906803],[102.58355140686035,-1.41700602500228],[102.58295059204102,-1.417692460428043],[102.58260726928711,-1.417692460428043],[102.58234977722168,-1.417349242740599],[102.58277893066406,-1.4165770027578617],[102.58234977722168,-1.4162337849051312],[102.58183479309082,-1.416748611665156],[102.58140563964844,-1.4183788956502923],[102.58089065551758,-1.4190653306688858],[102.58054733276367,-1.4190653306688858],[102.58063316345215,-1.418293091258647],[102.58011817932129,-1.4183788956502923],[102.5804615020752,-1.4195801567991708],[102.58106231689453,-1.4199233741556583],[102.58054733276367,-1.420009178486822],[102.57943153381348,-1.4194943524520767],[102.57994651794434,-1.4205240044069],[102.58003234863281,-1.4212962430719074],[102.5796890258789,-1.4212104387885347],[102.5790023803711,-1.4201807871395857],[102.57883071899414,-1.4202665914611998],[102.57883071899414,-1.4215536559028692],[102.5796890258789,-1.4217252644408802],[102.58028984069824,-1.422754915401086],[102.58037567138672,-1.4233555449156796],[102.57977485656738,-1.4239561742738118],[102.5790023803711,-1.4231839364989014],[102.57865905761719,-1.4237845659017268],[102.57831573486328,-1.4237845659017268],[102.57737159729004,-1.426444494232257],[102.57711410522461,-1.426444494232257],[102.57711410522461,-1.4257580614088425],[102.5767707824707,-1.424814215942476],[102.57368087768555,-1.4242135868079515],[102.57179260253906,-1.425329040790274],[102.57299423217773,-1.4255864531710216],[102.57325172424316,-1.4263586901405318],[102.57393836975098,-1.4266161024061148],[102.57342338562012,-1.4272167309137984],[102.57308006286621,-1.4267019064882476],[102.57290840148926,-1.4274741430833728],[102.57428169250488,-1.4289328114997204],[102.57445335388184,-1.4294476354255607],[102.57651329040527,-1.429962459235938],[102.57556915283203,-1.4303914789897334],[102.57539749145508,-1.4308204986633086],[102.57556915283203,-1.4312495182566494],[102.57608413696289,-1.4315069299741339],[102.57591247558594,-1.43270818427348],[102.57634162902832,-1.4330513996718963],[102.57599830627441,-1.4337378303144561],[102.57556915283203,-1.4337378303144561],[102.57565498352051,-1.4340810455585569],[102.57702827453613,-1.4345100645412856],[102.57694244384766,-1.435024887214368],[102.57925987243652,-1.4356255135198523],[102.57977485656738,-1.4353681022654001],[102.57986068725586,-1.4363977471092966],[102.57874488830566,-1.4364835508253577],[102.5782299041748,-1.437513195166602],[102.57840156555176,-1.4376848025116828],[102.57908821105957,-1.437341587808632],[102.57925987243652,-1.4376848025116828],[102.5778865814209,-1.4382854281178368],[102.57857322692871,-1.4388860535659234],[102.57848739624023,-1.439829893236194],[102.5790023803711,-1.439829893236194],[102.57891654968262,-1.439057660807748],[102.57943153381348,-1.438457035404852],[102.58054733276367,-1.43802801716312],[102.58123397827148,-1.4363977471092966],[102.58389472961426,-1.4359687284807023],[102.58466720581055,-1.4361403359418006],[102.58355140686035,-1.43708417674749],[102.58355140686035,-1.4376848025116828],[102.58320808410645,-1.438457035404852],[102.5819206237793,-1.438457035404852],[102.58157730102539,-1.440173107564874],[102.58174896240234,-1.440859536067137],[102.58269309997559,-1.441288553776019],[102.58286476135254,-1.4417175714040837],[102.58312225341797,-1.4413743573081064],[102.58303642272949,-1.440859536067137],[102.58363723754883,-1.440773732515666],[102.5844955444336,-1.4419749819421241],[102.58612632751465,-1.4423181959475357],[102.58732795715332,-1.441545964362561],[102.5877571105957,-1.4417175714040837],[102.58818626403809,-1.4425756064176198],[102.58724212646484,-1.4431762307345934],[102.58707046508789,-1.4436052480067332],[102.5874137878418,-1.4437768548929313],[102.58878707885742,-1.4436052480067332],[102.58973121643066,-1.4440342651979137],[102.59007453918457,-1.4447206925353697],[102.58955955505371,-1.445321316285515],[102.59016036987305,-1.4456645297857023],[102.58913040161133,-1.4459219398767829],[102.5888729095459,-1.446350956630397],[102.5877571105957,-1.4454929230420959],[102.58732795715332,-1.4454071196654183],[102.58715629577637,-1.4460077432340057],[102.5874137878418,-1.4466941699749043],[102.58913040161133,-1.4472089898942784],[102.59033203125,-1.4484102359182884],[102.59161949157715,-1.449096661931847],[102.59273529052734,-1.4514991513403999],[102.59316444396973,-1.4514991513403999],[102.59402275085449,-1.4507269228801078],[102.59410858154297,-1.4513275450386658],[102.59496688842773,-1.4516707576290884],[102.59539604187012,-1.4522713795369526],[102.59599685668945,-1.4539874412510443],[102.59659767150879,-1.4534726228737327],[102.59668350219727,-1.4540732443025206],[102.5972843170166,-1.4537300320770612],[102.59737014770508,-1.4523571826536141],[102.59771347045898,-1.4522713795369526],[102.59814262390137,-1.4529578043790394],[102.59814262390137,-1.454673865571479],[102.59771347045898,-1.4553602896830995],[102.59625434875488,-1.4558751076297085],[102.59539604187012,-1.4565615313756126],[102.59428024291992,-1.4570763490478242],[102.59316444396973,-1.4568189402264125],[102.59299278259277,-1.4569905461106316],[102.59273529052734,-1.4590498157009506],[102.5932502746582,-1.460422661047346],[102.59316444396973,-1.460594266656699],[102.59239196777344,-1.4606800694564583],[102.59273529052734,-1.461881308308989],[102.59222030639648,-1.4625677302219202],[102.5961685180664,-1.4641979814234247],[102.5969409942627,-1.4659998366350635],[102.59634017944336,-1.467286875184186],[102.59676933288574,-1.4675442828051644],[102.59737014770508,-1.4670294675335782],[102.59779930114746,-1.4669436649768102],[102.59891510009766,-1.4694319377867657]]}},{"type":"Feature","id":"pmtiles:10/804/516:landuse:78211910:13","properties":{"class":"residential","kind":"green","verification":"verified","source":"OpenMapTiles/OpenStreetMap national PMTiles","sourceId":"10/804/516:landuse:78211910:13","sourceLayer":"landuse","archive":"https://its.hanifahseptiani45.workers.dev/v1/map/archive/indonesia.pmtiles","updatedAt":"2026-07-26T09:42:15.098Z"},"geometry":{"type":"Polygon","coordinates":[[[102.65324592590332,-1.496802754711922],[102.65384674072266,-1.495773137650005],[102.65341758728027,-1.4905392434554443],[102.65496253967285,-1.4893380200801687],[102.65582084655762,-1.4895954251442873],[102.65427589416504,-1.491912069367615],[102.65470504760742,-1.4959447405272215],[102.65410423278809,-1.4972317616783783],[102.65324592590332,-1.496802754711922]]]}},{"type":"Feature","id":"pmtiles:10/804/516:landuse:78211910:14","properties":{"class":"residential","kind":"green","verification":"verified","source":"OpenMapTiles/OpenStreetMap national PMTiles","sourceId":"10/804/516:landuse:78211910:14","sourceLayer":"landuse","archive":"https://its.hanifahseptiani45.workers.dev/v1/map/archive/indonesia.pmtiles","updatedAt":"2026-07-26T09:42:15.098Z"},"geometry":{"type":"Polygon","coordinates":[[[102.6507568359375,-1.5030662480766495],[102.65161514282227,-1.5007496156341915],[102.65255928039551,-1.5011786218273215],[102.6518726348877,-1.5034094526740063],[102.65316009521484,-1.5032378503820638],[102.6536750793457,-1.5044390661422682],[102.65152931213379,-1.5055544801845144],[102.65084266662598,-1.5049538726941876],[102.6507568359375,-1.5050396737743768],[102.6507568359375,-1.5030662480766495]]]}},{"type":"Feature","id":"pmtiles:10/804/516:waterway:5650641070:0","properties":{"name":"Sungai Mengkekal","name_int":"Sungai Mengkekal","class":"river","name:latin":"Sungai Mengkekal","name_de":"Sungai Mengkekal","name_en":"Sungai Mengkekal","waterway":"river","kind":"waterway","verification":"verified","source":"OpenMapTiles/OpenStreetMap national PMTiles","sourceId":"10/804/516:waterway:5650641070:0","sourceLayer":"waterway","archive":"https://its.hanifahseptiani45.workers.dev/v1/map/archive/indonesia.pmtiles","updatedAt":"2026-07-26T09:42:15.100Z"},"geometry":{"type":"LineString","coordinates":[[102.64972686767578,-1.7228772062220372],[102.6507568359375,-1.7209039917891573],[102.65238761901855,-1.720217655855535],[102.65264511108398,-1.719188151492176],[102.65358924865723,-1.717558101781492],[102.65436172485352,-1.717214933244108],[102.65436172485352,-1.7163570116310893],[102.65487670898438,-1.7155848818502477],[102.65556335449219,-1.7151559207262181],[102.65633583068848,-1.7150701284898702],[102.65642166137695,-1.7153275051873749],[102.65693664550781,-1.715241712958715],[102.65753746032715,-1.7154990896331412],[102.65779495239258,-1.716185427262289],[102.65805244445801,-1.716271219448629],[102.65796661376953,-1.7167859724857237],[102.65822410583496,-1.7169575568006366],[102.65873908996582,-1.716271219448629],[102.65951156616211,-1.716271219448629],[102.65959739685059,-1.7156706740635173],[102.66088485717773,-1.716185427262289],[102.66200065612793,-1.716271219448629]]}},{"type":"Feature","id":"pmtiles:10/804/516:waterway:6352084062:0","properties":{"name":"Sungai Langli","name_int":"Sungai Langli","class":"river","name:latin":"Sungai Langli","name_de":"Sungai Langli","name_en":"Sungai Langli","waterway":"river","kind":"waterway","verification":"verified","source":"OpenMapTiles/OpenStreetMap national PMTiles","sourceId":"10/804/516:waterway:6352084062:0","sourceLayer":"waterway","archive":"https://its.hanifahseptiani45.workers.dev/v1/map/archive/indonesia.pmtiles","updatedAt":"2026-07-26T09:42:15.101Z"},"geometry":{"type":"LineString","coordinates":[[102.65058517456055,-1.5574634952751012],[102.6511001586914,-1.5575492942532776],[102.65152931213379,-1.5572918973082466],[102.65152931213379,-1.5570345003317811],[102.65084266662598,-1.5570345003317811],[102.65084266662598,-1.5566913043142563],[102.65247344970703,-1.5569487013326295],[102.65307426452637,-1.5566055053011638],[102.65358924865723,-1.5568629023300105],[102.65358924865723,-1.556262309213821],[102.65376091003418,-1.556262309213821],[102.65470504760742,-1.5571202993274227],[102.65556335449219,-1.5575492942532776],[102.65530586242676,-1.556262309213821],[102.65582084655762,-1.5567771033238955],[102.65616416931152,-1.5567771033238955],[102.65650749206543,-1.556433907264477],[102.65788078308105,-1.5568629023300105],[102.65805244445801,-1.5567771033238955],[102.65822410583496,-1.55574751497808],[102.65865325927734,-1.5556617159265897],[102.65899658203125,-1.5568629023300105],[102.65813827514648,-1.5576350932279723],[102.66002655029297,-1.5587504795809224]]}},{"type":"Feature","id":"pmtiles:10/802/517:waterway:9606046690:2","properties":{"name":"Sungai Abu","name_int":"Sungai Abu","class":"river","name:latin":"Sungai Abu","name_de":"Sungai Abu","name_en":"Sungai Abu","waterway":"river","kind":"waterway","verification":"verified","source":"OpenMapTiles/OpenStreetMap national PMTiles","sourceId":"10/802/517:waterway:9606046690:2","sourceLayer":"waterway","archive":"https://its.hanifahseptiani45.workers.dev/v1/map/archive/indonesia.pmtiles","updatedAt":"2026-07-26T09:42:23.793Z"},"geometry":{"type":"LineString","coordinates":[[102.30537414550781,-1.7517030610761708],[102.30606079101562,-1.7527325477329754],[102.30606079101562,-1.7543625671151233],[102.30623245239258,-1.7547057289093857],[102.30683326721191,-1.7550488906406514],[102.30803489685059,-1.7551346810636375],[102.30846405029297,-1.755735213914278],[102.3101806640625,-1.7553062618978004],[102.31086730957031,-1.7556494235188609]]}},{"type":"Feature","id":"pmtiles:10/803/517:waterway:9606046690:0","properties":{"name":"Sungai Abu","name_int":"Sungai Abu","class":"river","name:latin":"Sungai Abu","name_de":"Sungai Abu","name_en":"Sungai Abu","waterway":"river","kind":"waterway","verification":"verified","source":"OpenMapTiles/OpenStreetMap national PMTiles","sourceId":"10/803/517:waterway:9606046690:0","sourceLayer":"waterway","archive":"https://its.hanifahseptiani45.workers.dev/v1/map/archive/indonesia.pmtiles","updatedAt":"2026-07-26T09:42:23.869Z"},"geometry":{"type":"LineString","coordinates":[[102.30537414550781,-1.7517030610761708],[102.30606079101562,-1.7527325477329754],[102.30606079101562,-1.7543625671151233],[102.30623245239258,-1.7547057289093857],[102.30683326721191,-1.7550488906406514],[102.30803489685059,-1.7551346810636375],[102.30846405029297,-1.755735213914278],[102.3101806640625,-1.7553062618978004],[102.31086730957031,-1.7556494235188609],[102.31155395507812,-1.7555636331195075],[102.31266975402832,-1.7563357465719918],[102.3130989074707,-1.7556494235188609],[102.31395721435547,-1.7554778427162034],[102.31507301330566,-1.756164165832331],[102.3160171508789,-1.756078375456596],[102.3171329498291,-1.7564215369359033],[102.31790542602539,-1.757022069373022],[102.31833457946777,-1.7568504886964007],[102.31850624084473,-1.7565073272958784],[102.3197078704834,-1.7563357465719918],[102.32099533081055,-1.7568504886964007],[102.3215103149414,-1.7556494235188609],[102.3222827911377,-1.7558210043057727],[102.32357025146484,-1.7547057289093857],[102.32494354248047,-1.7549631002137431],[102.32545852661133,-1.7544483575695864],[102.32545852661133,-1.75393361478379],[102.32597351074219,-1.7526467571998552],[102.32717514038086,-1.7526467571998552],[102.32726097106934,-1.7522178044753076],[102.3281192779541,-1.7521320139186116],[102.32897758483887,-1.7517030610761708]]}},{"type":"Feature","id":"pmtiles:10/803/517:waterway:9606046690:1","properties":{"name":"Sungai Abu","name_int":"Sungai Abu","class":"river","name:latin":"Sungai Abu","name_de":"Sungai Abu","name_en":"Sungai Abu","waterway":"river","kind":"waterway","verification":"verified","source":"OpenMapTiles/OpenStreetMap national PMTiles","sourceId":"10/803/517:waterway:9606046690:1","sourceLayer":"waterway","archive":"https://its.hanifahseptiani45.workers.dev/v1/map/archive/indonesia.pmtiles","updatedAt":"2026-07-26T09:42:23.869Z"},"geometry":{"type":"LineString","coordinates":[[102.35258102416992,-1.7517030610761708],[102.35343933105469,-1.7522178044753076],[102.35395431518555,-1.7522178044753076],[102.35429763793945,-1.7528183382621592],[102.3552417755127,-1.753333081354711],[102.35652923583984,-1.754534148020113],[102.35713005065918,-1.7543625671151233],[102.35798835754395,-1.754534148020113],[102.3581600189209,-1.7549631002137431],[102.35790252685547,-1.7554778427162034],[102.35841751098633,-1.756078375456596],[102.35944747924805,-1.756078375456596],[102.36004829406738,-1.755735213914278],[102.36056327819824,-1.755906794693317],[102.36090660095215,-1.757022069373022],[102.36047744750977,-1.757622601617058]]}},{"type":"Feature","id":"pmtiles:8/200/128:landuse:80349020:18","properties":{"class":"residential","kind":"green","verification":"verified","source":"OpenMapTiles/OpenStreetMap national PMTiles","sourceId":"8/200/128:landuse:80349020:18","sourceLayer":"landuse","archive":"https://its.hanifahseptiani45.workers.dev/v1/map/archive/indonesia.pmtiles","updatedAt":"2026-07-26T09:35:31.785Z"},"geometry":{"type":"Polygon","coordinates":[[[102.42622375488281,-1.418121482465807],[102.42828369140625,-1.422926523849796],[102.42210388183594,-1.4242993909796127],[102.4197006225586,-1.4218968729661583],[102.41523742675781,-1.422926523849796],[102.41214752197266,-1.4208672216232259],[102.41695404052734,-1.41846470003874],[102.4200439453125,-1.4208672216232259],[102.42622375488281,-1.418121482465807]]]}},{"type":"Feature","id":"pmtiles:8/200/128:landuse:80349020:19","properties":{"class":"residential","kind":"green","verification":"verified","source":"OpenMapTiles/OpenStreetMap national PMTiles","sourceId":"8/200/128:landuse:80349020:19","sourceLayer":"landuse","archive":"https://its.hanifahseptiani45.workers.dev/v1/map/archive/indonesia.pmtiles","updatedAt":"2026-07-26T09:35:31.785Z"},"geometry":{"type":"Polygon","coordinates":[[[102.42622375488281,-1.418121482465807],[102.43206024169922,-1.4109139016955652],[102.43583679199219,-1.4129732127708081],[102.43343353271484,-1.413659649390297],[102.4365234375,-1.4157189580307374],[102.43824005126953,-1.4225833069396288],[102.4361801147461,-1.4222400899784162],[102.4361801147461,-1.4177782648419566],[102.43171691894531,-1.414346085806855],[102.42622375488281,-1.418121482465807]]]}},{"type":"Feature","id":"pmtiles:8/200/128:landuse:80349020:20","properties":{"class":"residential","kind":"green","verification":"verified","source":"OpenMapTiles/OpenStreetMap national PMTiles","sourceId":"8/200/128:landuse:80349020:20","sourceLayer":"landuse","archive":"https://its.hanifahseptiani45.workers.dev/v1/map/archive/indonesia.pmtiles","updatedAt":"2026-07-26T09:35:31.785Z"},"geometry":{"type":"Polygon","coordinates":[[[102.337646484375,-1.428074771366937],[102.33078002929688,-1.424642607634297],[102.3263168334961,-1.4256722572915237],[102.32391357421875,-1.428074771366937],[102.3215103149414,-1.428074771366937],[102.32219696044922,-1.4263586901405318],[102.32940673828125,-1.4239561742738118],[102.32769012451172,-1.4198375698213255],[102.32940673828125,-1.4191511350318962],[102.3318099975586,-1.4232697407088892],[102.33489990234375,-1.422926523849796],[102.337646484375,-1.4260154737416144],[102.35584259033203,-1.424985824237865],[102.3541259765625,-1.4270451227847474],[102.3541259765625,-1.428074771366937],[102.35275268554688,-1.428074771366937],[102.35240936279297,-1.4263586901405318],[102.3431396484375,-1.4260154737416144],[102.34107971191406,-1.428074771366937],[102.337646484375,-1.428074771366937]]]}},{"type":"Feature","id":"pmtiles:8/200/129:landuse:78422820:13","properties":{"class":"residential","kind":"green","verification":"verified","source":"OpenMapTiles/OpenStreetMap national PMTiles","sourceId":"8/200/129:landuse:78422820:13","sourceLayer":"landuse","archive":"https://its.hanifahseptiani45.workers.dev/v1/map/archive/indonesia.pmtiles","updatedAt":"2026-07-26T09:35:34.474Z"},"geometry":{"type":"Polygon","coordinates":[[[102.33078002929688,-1.424642607634297],[102.3263168334961,-1.4256722572915237],[102.3211669921875,-1.4311637143444074],[102.32219696044922,-1.4263586901405318],[102.32940673828125,-1.4239561742738118],[102.32769012451172,-1.4198375698213255],[102.32940673828125,-1.4191511350318962],[102.3318099975586,-1.4232697407088892],[102.33489990234375,-1.422926523849796],[102.337646484375,-1.4260154737416144],[102.35584259033203,-1.424985824237865],[102.3541259765625,-1.4270451227847474],[102.35481262207031,-1.4349390834435667],[102.35103607177734,-1.4369983730539957],[102.3544692993164,-1.4404305182774522],[102.34691619873047,-1.4459219398767829],[102.34107971191406,-1.4472947932028148],[102.33833312988281,-1.4452355129023573],[102.3379898071289,-1.4397440896459557],[102.3318099975586,-1.4397440896459557],[102.32597351074219,-1.4459219398767829],[102.32425689697266,-1.4445490857204533],[102.32975006103516,-1.438714446311181],[102.3215103149414,-1.4349390834435667],[102.32185363769531,-1.4332230073518417],[102.32837677001953,-1.4335662226731216],[102.33146667480469,-1.4376848025116828],[102.33970642089844,-1.43802801716312],[102.33661651611328,-1.4304772829308803],[102.33043670654297,-1.4291044194878282],[102.33078002929688,-1.4273883390300455],[102.337646484375,-1.428074771366937],[102.33078002929688,-1.424642607634297]],[[102.35240936279297,-1.4263586901405318],[102.3431396484375,-1.4260154737416144],[102.34004974365234,-1.4287612034987944],[102.3489761352539,-1.4363119433900238],[102.35343933105469,-1.4342526531612947],[102.35240936279297,-1.4263586901405318]],[[102.35137939453125,-1.4394008752526872],[102.34416961669922,-1.4352822985074738],[102.33901977539062,-1.429790851311978],[102.34176635742188,-1.439057660807748],[102.34966278076172,-1.442146588951303],[102.35137939453125,-1.4394008752526872]]]}},{"type":"Feature","id":"pmtiles:8/200/129:landuse:78422820:14","properties":{"class":"residential","kind":"green","verification":"verified","source":"OpenMapTiles/OpenStreetMap national PMTiles","sourceId":"8/200/129:landuse:78422820:14","sourceLayer":"landuse","archive":"https://its.hanifahseptiani45.workers.dev/v1/map/archive/indonesia.pmtiles","updatedAt":"2026-07-26T09:35:34.474Z"},"geometry":{"type":"Polygon","coordinates":[[[102.39051818847656,-1.4620529138069145],[102.39154815673828,-1.458620801358336],[102.40459442138672,-1.4596504356431268],[102.403564453125,-1.4630825465188195],[102.39635467529297,-1.4627393356673508],[102.39566802978516,-1.4672010726372804],[102.39051818847656,-1.4620529138069145]]]}},{"type":"Feature","id":"pmtiles:8/200/129:landuse:78422820:15","properties":{"class":"residential","kind":"green","verification":"verified","source":"OpenMapTiles/OpenStreetMap national PMTiles","sourceId":"8/200/129:landuse:78422820:15","sourceLayer":"landuse","archive":"https://its.hanifahseptiani45.workers.dev/v1/map/archive/indonesia.pmtiles","updatedAt":"2026-07-26T09:35:34.474Z"},"geometry":{"type":"Polygon","coordinates":[[[102.37781524658203,-1.467887492920397],[102.38365173339844,-1.4682307029829218],[102.38468170166016,-1.470976381585217],[102.37987518310547,-1.4716628007081027],[102.37678527832031,-1.4802430218864941],[102.37403869628906,-1.479899813675587],[102.37781524658203,-1.467887492920397]]]}},{"type":"Feature","id":"pmtiles:8/200/129:landuse:78422820:17","properties":{"class":"residential","kind":"green","verification":"verified","source":"OpenMapTiles/OpenStreetMap national PMTiles","sourceId":"8/200/129:landuse:78422820:17","sourceLayer":"landuse","archive":"https://its.hanifahseptiani45.workers.dev/v1/map/archive/indonesia.pmtiles","updatedAt":"2026-07-26T09:35:34.474Z"},"geometry":{"type":"Polygon","coordinates":[[[102.42622375488281,-1.418121482465807],[102.43206024169922,-1.4109139016955652],[102.43583679199219,-1.4129732127708081],[102.43343353271484,-1.413659649390297],[102.4365234375,-1.4157189580307374],[102.43824005126953,-1.4225833069396288],[102.4361801147461,-1.4222400899784162],[102.4361801147461,-1.4177782648419566],[102.43171691894531,-1.414346085806855],[102.42622375488281,-1.418121482465807]]]}},{"type":"Feature","id":"pmtiles:8/200/129:landuse:78422820:18","properties":{"class":"residential","kind":"green","verification":"verified","source":"OpenMapTiles/OpenStreetMap national PMTiles","sourceId":"8/200/129:landuse:78422820:18","sourceLayer":"landuse","archive":"https://its.hanifahseptiani45.workers.dev/v1/map/archive/indonesia.pmtiles","updatedAt":"2026-07-26T09:35:34.474Z"},"geometry":{"type":"Polygon","coordinates":[[[102.42622375488281,-1.418121482465807],[102.42828369140625,-1.422926523849796],[102.42210388183594,-1.4242993909796127],[102.4197006225586,-1.4218968729661583],[102.41523742675781,-1.422926523849796],[102.41214752197266,-1.4208672216232259],[102.41695404052734,-1.41846470003874],[102.4200439453125,-1.4208672216232259],[102.42622375488281,-1.418121482465807]]]}},{"type":"Feature","id":"pmtiles:8/200/129:landuse:78422820:20","properties":{"class":"residential","kind":"green","verification":"verified","source":"OpenMapTiles/OpenStreetMap national PMTiles","sourceId":"8/200/129:landuse:78422820:20","sourceLayer":"landuse","archive":"https://its.hanifahseptiani45.workers.dev/v1/map/archive/indonesia.pmtiles","updatedAt":"2026-07-26T09:35:34.474Z"},"geometry":{"type":"Polygon","coordinates":[[[102.447509765625,-1.4888232098617067],[102.44544982910156,-1.4877935890641822],[102.44544982910156,-1.4840183086975998],[102.4581527709961,-1.4774973547127104],[102.45952606201172,-1.47063317194457],[102.45780944824219,-1.4665146521435304],[102.46227264404297,-1.4627393356673508],[102.46124267578125,-1.469946752504967],[102.4639892578125,-1.4747516841452182],[102.46089935302734,-1.4747516841452182],[102.45952606201172,-1.479899813675587],[102.45162963867188,-1.482645477874712],[102.45094299316406,-1.4853911386683052],[102.45025634765625,-1.487107174932163],[102.46192932128906,-1.4905392434554443],[102.46742248535156,-1.4857343460277406],[102.4636459350586,-1.4925984820024922],[102.447509765625,-1.4888232098617067]]]}},{"type":"Feature","id":"pmtiles:8/200/129:landuse:78422820:21","properties":{"class":"residential","kind":"green","verification":"verified","source":"OpenMapTiles/OpenStreetMap national PMTiles","sourceId":"8/200/129:landuse:78422820:21","sourceLayer":"landuse","archive":"https://its.hanifahseptiani45.workers.dev/v1/map/archive/indonesia.pmtiles","updatedAt":"2026-07-26T09:35:34.474Z"},"geometry":{"type":"Polygon","coordinates":[[[102.44064331054688,-1.4720060101903414],[102.44098663330078,-1.4720060101903414],[102.43995666503906,-1.469946752504967],[102.43892669677734,-1.4713195911730708],[102.42897033691406,-1.466857862416731],[102.42794036865234,-1.470976381585217],[102.42313385009766,-1.4637689680642438],[102.42210388183594,-1.469603542706011],[102.41386413574219,-1.4647985999883275],[102.40596771240234,-1.4651418105245568],[102.40631103515625,-1.4630825465188195],[102.41146087646484,-1.4606800694564583],[102.41317749023438,-1.4617097027979753],[102.41317749023438,-1.458620801358336],[102.41695404052734,-1.4575911666023842],[102.41798400878906,-1.460336858237767],[102.42347717285156,-1.4613664917365838],[102.42382049560547,-1.455188683674777],[102.42794036865234,-1.4548454716189667],[102.4365234375,-1.4634257573177933],[102.44338989257812,-1.4651418105245568],[102.44476318359375,-1.4558751076297085],[102.44682312011719,-1.4558751076297085],[102.4471664428711,-1.4613664917365838],[102.45059967041016,-1.465485021008206],[102.44991302490234,-1.479899813675587],[102.44579315185547,-1.481615854198779],[102.44304656982422,-1.4864207605866397],[102.44682312011719,-1.490196036843642],[102.44544982910156,-1.4946577186210845],[102.44098663330078,-1.4980897753593894],[102.43549346923828,-1.4946577186210845],[102.43824005126953,-1.481615854198779],[102.43446350097656,-1.481615854198779],[102.4313735961914,-1.4774973547127104],[102.43309020996094,-1.4764677286472647],[102.43961334228516,-1.4795566054115596],[102.43789672851562,-1.4730356383199705],[102.44064331054688,-1.4720060101903414]]]}},{"type":"Feature","id":"pmtiles:8/200/129:landuse:78422820:22","properties":{"class":"residential","kind":"green","verification":"verified","source":"OpenMapTiles/OpenStreetMap national PMTiles","sourceId":"8/200/129:landuse:78422820:22","sourceLayer":"landuse","archive":"https://its.hanifahseptiani45.workers.dev/v1/map/archive/indonesia.pmtiles","updatedAt":"2026-07-26T09:35:34.474Z"},"geometry":{"type":"Polygon","coordinates":[[[102.34004974365234,-1.5711912872174594],[102.34073638916016,-1.573250448246796],[102.33386993408203,-1.5804574958256552],[102.3379898071289,-1.5842326060108292],[102.33489990234375,-1.5876645183918043],[102.32597351074219,-1.5808006879445173],[102.31979370117188,-1.584918988942249],[102.32391357421875,-1.5797711114178128],[102.32940673828125,-1.582173455852498],[102.33112335205078,-1.5808006879445173],[102.32563018798828,-1.5735936415541545],[102.33112335205078,-1.5756528002119126],[102.3324966430664,-1.5742800279994213],[102.33009338378906,-1.5701617059414161],[102.33421325683594,-1.5735936415541545],[102.3318099975586,-1.5763391859789238],[102.33386993408203,-1.5780551494062678],[102.34004974365234,-1.5711912872174594]]]}},{"type":"Feature","id":"pmtiles:8/200/129:landuse:78422820:23","properties":{"class":"residential","kind":"green","verification":"verified","source":"OpenMapTiles/OpenStreetMap national PMTiles","sourceId":"8/200/129:landuse:78422820:23","sourceLayer":"landuse","archive":"https://its.hanifahseptiani45.workers.dev/v1/map/archive/indonesia.pmtiles","updatedAt":"2026-07-26T09:35:34.474Z"},"geometry":{"type":"Polygon","coordinates":[[[102.30674743652344,-1.6031080534200157],[102.30674743652344,-1.606196746481686],[102.31464385986328,-1.606196746481686],[102.31155395507812,-1.6134036787865398],[102.31361389160156,-1.6147764249055],[102.3105239868164,-1.6144332384626523],[102.3101806640625,-1.6116877448351943],[102.30537414550781,-1.6096286221850562],[102.30674743652344,-1.6031080534200157]]]}},{"type":"Feature","id":"pmtiles:8/200/129:landuse:78422820:24","properties":{"class":"residential","kind":"green","verification":"verified","source":"OpenMapTiles/OpenStreetMap national PMTiles","sourceId":"8/200/129:landuse:78422820:24","sourceLayer":"landuse","archive":"https://its.hanifahseptiani45.workers.dev/v1/map/archive/indonesia.pmtiles","updatedAt":"2026-07-26T09:35:34.474Z"},"geometry":{"type":"Polygon","coordinates":[[[102.30571746826172,-1.6013921108160645],[102.3098373413086,-1.5910964250751078],[102.3153305053711,-1.5856053716461531],[102.31979370117188,-1.5886940909956166],[102.31464385986328,-1.5948715158312723],[102.32391357421875,-1.5986465996620183],[102.32494354248047,-1.6044808064677056],[102.32975006103516,-1.6058535585941343],[102.33043670654297,-1.6110013708496922],[102.32734680175781,-1.606539934311627],[102.32357025146484,-1.6055103706489433],[102.32219696044922,-1.600019355698393],[102.31910705566406,-1.5979602212995445],[102.31498718261719,-1.6017352994518461],[102.30915069580078,-1.5989897887571942],[102.30571746826172,-1.6013921108160645]]]}},{"type":"Feature","id":"pmtiles:8/200/129:landuse:78422820:25","properties":{"class":"residential","kind":"green","verification":"verified","source":"OpenMapTiles/OpenStreetMap national PMTiles","sourceId":"8/200/129:landuse:78422820:25","sourceLayer":"landuse","archive":"https://its.hanifahseptiani45.workers.dev/v1/map/archive/indonesia.pmtiles","updatedAt":"2026-07-26T09:35:34.474Z"},"geometry":{"type":"Polygon","coordinates":[[[102.37129211425781,-1.5945283260484615],[102.37678527832031,-1.6003625445639784],[102.38021850585938,-1.5976170320322893],[102.37747192382812,-1.6013921108160645],[102.38056182861328,-1.606883122083886],[102.37850189208984,-1.608599060079996],[102.38262176513672,-1.613746865403158],[102.37266540527344,-1.6199242145875417],[102.36202239990234,-1.6158059838863181],[102.36099243164062,-1.6206105855577846],[102.35893249511719,-1.6199242145875417],[102.36270904541016,-1.6123741185893294],[102.36099243164062,-1.6096286221850562],[102.36751556396484,-1.6058535585941343],[102.36614227294922,-1.6037944300589686],[102.3702621459961,-1.600019355698393],[102.36957550048828,-1.5989897887571942],[102.37335205078125,-1.5979602212995445],[102.37129211425781,-1.5945283260484615]]]}},{"type":"Feature","id":"pmtiles:8/200/129:landuse:78422820:26","properties":{"class":"residential","kind":"green","verification":"verified","source":"OpenMapTiles/OpenStreetMap national PMTiles","sourceId":"8/200/129:landuse:78422820:26","sourceLayer":"landuse","archive":"https://its.hanifahseptiani45.workers.dev/v1/map/archive/indonesia.pmtiles","updatedAt":"2026-07-26T09:35:34.474Z"},"geometry":{"type":"Polygon","coordinates":[[[102.3541259765625,-1.6151196112904103],[102.35721588134766,-1.6127173053796184],[102.35721588134766,-1.6168355423452567],[102.35000610351562,-1.6236992520436928],[102.34931945800781,-1.62816065085525],[102.35103607177734,-1.6288470190274325],[102.3486328125,-1.633308406443092],[102.34691619873047,-1.63227885637923],[102.3482894897461,-1.6233560671115015],[102.34588623046875,-1.6209537709556798],[102.33867645263672,-1.6274742824493558],[102.33078002929688,-1.62232651196544],[102.33318328857422,-1.6230128821210599],[102.33558654785156,-1.6188946576962024],[102.33455657958984,-1.6233560671115015],[102.3379898071289,-1.6254151758303692],[102.34382629394531,-1.6188946576962024],[102.34004974365234,-1.617865100281989],[102.34176635742188,-1.6140900519618668],[102.33936309814453,-1.6099718094378943],[102.34210968017578,-1.6116877448351943],[102.34760284423828,-1.6034512417682691],[102.34382629394531,-1.6130604921120124],[102.34966278076172,-1.6140900519618668],[102.35721588134766,-1.606539934311627],[102.35584259033203,-1.6110013708496922],[102.35206604003906,-1.6134036787865398],[102.3541259765625,-1.6151196112904103]]]}},{"type":"Feature","id":"pmtiles:8/200/129:landuse:78422820:27","properties":{"class":"residential","kind":"green","verification":"verified","source":"OpenMapTiles/OpenStreetMap national PMTiles","sourceId":"8/200/129:landuse:78422820:27","sourceLayer":"landuse","archive":"https://its.hanifahseptiani45.workers.dev/v1/map/archive/indonesia.pmtiles","updatedAt":"2026-07-26T09:35:34.474Z"},"geometry":{"type":"Polygon","coordinates":[[[102.36202239990234,-1.6350243220437761],[102.36167907714844,-1.6394856957368376],[102.36648559570312,-1.64120160604962],[102.36579895019531,-1.6387993311997775],[102.37369537353516,-1.634337955979447],[102.37472534179688,-1.6315924893770841],[102.3757553100586,-1.6329652231470817],[102.37403869628906,-1.633651589680511],[102.37747192382812,-1.6401720600385374],[102.37678527832031,-1.6405152421011167],[102.37472534179688,-1.64120160604962],[102.3709487915039,-1.64291751489003],[102.37129211425781,-1.64463342225649],[102.37506866455078,-1.6425743332398213],[102.3757553100586,-1.6456629659682562],[102.36579895019531,-1.6473788709732275],[102.36442565917969,-1.6439470594868766],[102.36614227294922,-1.6422311515306518],[102.36167907714844,-1.6408584241048203],[102.36064910888672,-1.64291751489003],[102.35893249511719,-1.6418879697625641],[102.35343933105469,-1.6460061470874194],[102.35240936279297,-1.6436038780135647],[102.3599624633789,-1.6408584241048203],[102.36202239990234,-1.6350243220437761]]]}},{"type":"Feature","id":"pmtiles:8/200/129:landuse:78422820:28","properties":{"class":"residential","kind":"green","verification":"verified","source":"OpenMapTiles/OpenStreetMap national PMTiles","sourceId":"8/200/129:landuse:78422820:28","sourceLayer":"landuse","archive":"https://its.hanifahseptiani45.workers.dev/v1/map/archive/indonesia.pmtiles","updatedAt":"2026-07-26T09:35:34.474Z"},"geometry":{"type":"Polygon","coordinates":[[[102.39498138427734,-1.6738036204847901],[102.39944458007812,-1.673117267835167],[102.40184783935547,-1.6676264380006387],[102.40596771240234,-1.6686559697630656],[102.40493774414062,-1.6611060576783956],[102.4094009399414,-1.660076521974048],[102.4087142944336,-1.665224195127692],[102.41283416748047,-1.6655673728603375],[102.41729736328125,-1.6580174489572101],[102.4142074584961,-1.6669400831931114],[102.40287780761719,-1.67037185483602],[102.40184783935547,-1.673117267835167],[102.41249084472656,-1.673117267835167],[102.40837097167969,-1.6748331490087338],[102.39498138427734,-1.6738036204847901]]]}},{"type":"Feature","id":"pmtiles:8/200/129:landuse:78422820:29","properties":{"class":"residential","kind":"green","verification":"verified","source":"OpenMapTiles/OpenStreetMap national PMTiles","sourceId":"8/200/129:landuse:78422820:29","sourceLayer":"landuse","archive":"https://its.hanifahseptiani45.workers.dev/v1/map/archive/indonesia.pmtiles","updatedAt":"2026-07-26T09:35:34.474Z"},"geometry":{"type":"Polygon","coordinates":[[[102.41695404052734,-1.6882169704760344],[102.4148941040039,-1.6844420557703472],[102.41008758544922,-1.6844420557703472],[102.41455078125,-1.6830693576994946],[102.41523742675781,-1.6768922044335284],[102.42244720458984,-1.674489972894179],[102.4251937866211,-1.6689991468974625],[102.42450714111328,-1.678264906846735],[102.42073059082031,-1.6803239586595708],[102.42347717285156,-1.6823830083016418],[102.41867065429688,-1.6799807835080998],[102.41592407226562,-1.683412532307841],[102.41695404052734,-1.6882169704760344]]]}},{"type":"Feature","id":"pmtiles:8/200/129:landuse:78422820:30","properties":{"class":"residential","kind":"green","verification":"verified","source":"OpenMapTiles/OpenStreetMap national PMTiles","sourceId":"8/200/129:landuse:78422820:30","sourceLayer":"landuse","archive":"https://its.hanifahseptiani45.workers.dev/v1/map/archive/indonesia.pmtiles","updatedAt":"2026-07-26T09:35:34.474Z"},"geometry":{"type":"Polygon","coordinates":[[[102.43789672851562,-1.6398288779170969],[102.43721008300781,-1.633651589680511],[102.43961334228516,-1.64120160604962],[102.44270324707031,-1.6401720600385374],[102.44373321533203,-1.6418879697625641],[102.4416732788086,-1.64291751489003],[102.44304656982422,-1.6460061470874194],[102.44682312011719,-1.6456629659682562],[102.4420166015625,-1.6477220517969187],[102.4416732788086,-1.6532129369260389],[102.43995666503906,-1.648408413266921],[102.4365234375,-1.6494379550282048],[102.43240356445312,-1.6456629659682562],[102.43309020996094,-1.64120160604962],[102.43789672851562,-1.6398288779170969]]]}},{"type":"Feature","id":"pmtiles:8/200/129:landuse:78422820:31","properties":{"class":"residential","kind":"green","verification":"verified","source":"OpenMapTiles/OpenStreetMap national PMTiles","sourceId":"8/200/129:landuse:78422820:31","sourceLayer":"landuse","archive":"https://its.hanifahseptiani45.workers.dev/v1/map/archive/indonesia.pmtiles","updatedAt":"2026-07-26T09:35:34.474Z"},"geometry":{"type":"Polygon","coordinates":[[[102.44064331054688,-1.6635083055683424],[102.44064331054688,-1.6655673728603375],[102.44853973388672,-1.67037185483602],[102.44682312011719,-1.6720877384104398],[102.45197296142578,-1.6765490286797728],[102.44476318359375,-1.6820398335121638],[102.44064331054688,-1.6786080822995046],[102.43583679199219,-1.684785230136967],[102.43446350097656,-1.6837557068557771],[102.4368667602539,-1.6792944330243245],[102.43412017822266,-1.6772353801271294],[102.44064331054688,-1.66831279256877],[102.43824005126953,-1.6659105505332121],[102.44064331054688,-1.6635083055683424]]]}},{"type":"Feature","id":"pmtiles:8/200/129:landuse:78422820:32","properties":{"class":"residential","kind":"green","verification":"verified","source":"OpenMapTiles/OpenStreetMap national PMTiles","sourceId":"8/200/129:landuse:78422820:32","sourceLayer":"landuse","archive":"https://its.hanifahseptiani45.workers.dev/v1/map/archive/indonesia.pmtiles","updatedAt":"2026-07-26T09:35:34.474Z"},"geometry":{"type":"Polygon","coordinates":[[[102.41558074951172,-1.6497811354969514],[102.40734100341797,-1.641544787935544],[102.4090576171875,-1.6312493057881738],[102.40562438964844,-1.6309061221407433],[102.40562438964844,-1.6291902030258711],[102.41214752197266,-1.6288470190274325],[102.41249084472656,-1.6250719911896425],[102.4148941040039,-1.6250719911896425],[102.41455078125,-1.6288470190274325],[102.41867065429688,-1.6302197546702928],[102.42210388183594,-1.6250719911896425],[102.42691040039062,-1.6274742824493558],[102.42279052734375,-1.63227885637923],[102.42485046386719,-1.6346811390409357],[102.42176055908203,-1.635710687873413],[102.41523742675781,-1.6312493057881738],[102.4148941040039,-1.637083418828226],[102.41764068603516,-1.6398288779170969],[102.41867065429688,-1.6477220517969187],[102.41867065429688,-1.6501243159064671],[102.41558074951172,-1.6497811354969514]]]}},{"type":"Feature","id":"pmtiles:8/200/129:landuse:78422820:33","properties":{"class":"residential","kind":"green","verification":"verified","source":"OpenMapTiles/OpenStreetMap national PMTiles","sourceId":"8/200/129:landuse:78422820:33","sourceLayer":"landuse","archive":"https://its.hanifahseptiani45.workers.dev/v1/map/archive/indonesia.pmtiles","updatedAt":"2026-07-26T09:35:34.474Z"},"geometry":{"type":"Polygon","coordinates":[[[102.53952026367188,-1.660076521974048],[102.54810333251953,-1.6604197006017642],[102.54398345947266,-1.6556151943972282],[102.54844665527344,-1.6494379550282048],[102.54878997802734,-1.6514970369522928],[102.55462646484375,-1.6532129369260389],[102.55290985107422,-1.6504674962567805],[102.5570297241211,-1.6521833971196713],[102.55908966064453,-1.6449766035527915],[102.55840301513672,-1.6514970369522928],[102.56183624267578,-1.658360627942173],[102.557373046875,-1.6538992965003416],[102.55359649658203,-1.655958373798427],[102.55565643310547,-1.6593901645399143],[102.55531311035156,-1.6590469857335393],[102.54947662353516,-1.6672832606267747],[102.54913330078125,-1.6628219493266556],[102.53952026367188,-1.660076521974048]]]}},{"type":"Feature","id":"pmtiles:8/200/129:landuse:78422820:34","properties":{"class":"residential","kind":"green","verification":"verified","source":"OpenMapTiles/OpenStreetMap national PMTiles","sourceId":"8/200/129:landuse:78422820:34","sourceLayer":"landuse","archive":"https://its.hanifahseptiani45.workers.dev/v1/map/archive/indonesia.pmtiles","updatedAt":"2026-07-26T09:35:34.475Z"},"geometry":{"type":"Polygon","coordinates":[[[102.5079345703125,-1.6957667778801095],[102.51823425292969,-1.6964531225493005],[102.5189208984375,-1.694394087811645],[102.5192642211914,-1.6964531225493005],[102.52235412597656,-1.6961099502451447],[102.52784729003906,-1.690962358386031],[102.5295639038086,-1.695423605454252],[102.53128051757812,-1.6937077424125562],[102.5350570678711,-1.69713946697496],[102.54226684570312,-1.69713946697496],[102.53986358642578,-1.6981689831566626],[102.5405502319336,-1.7002280138744368],[102.54467010498047,-1.7050324103363863],[102.54226684570312,-1.7088072848596738],[102.5357437133789,-1.7064050928386507],[102.53265380859375,-1.7094936248854253],[102.53128051757812,-1.7050324103363863],[102.53402709960938,-1.701600699799556],[102.53162384033203,-1.69919849878994],[102.52750396728516,-1.7033165558320036],[102.52166748046875,-1.6985121550953721],[102.51823425292969,-1.7005711854472736],[102.5079345703125,-1.6957667778801095]]]}},{"type":"Feature","id":"pmtiles:8/200/129:landuse:78422820:35","properties":{"class":"residential","kind":"green","verification":"verified","source":"OpenMapTiles/OpenStreetMap national PMTiles","sourceId":"8/200/129:landuse:78422820:35","sourceLayer":"landuse","archive":"https://its.hanifahseptiani45.workers.dev/v1/map/archive/indonesia.pmtiles","updatedAt":"2026-07-26T09:35:34.475Z"},"geometry":{"type":"Polygon","coordinates":[[[102.5079345703125,-1.6957667778801095],[102.50312805175781,-1.6957667778801095],[102.50312805175781,-1.684785230136967],[102.4911117553711,-1.6840988813432745],[102.48973846435547,-1.681696658662304],[102.49832153320312,-1.675176325063191],[102.5075912475586,-1.675176325063191],[102.51033782958984,-1.6789512576920345],[102.50518798828125,-1.6858147528740517],[102.5079345703125,-1.6957667778801095]]]}},{"type":"Feature","id":"pmtiles:8/200/129:landuse:78422820:36","properties":{"class":"residential","kind":"green","verification":"verified","source":"OpenMapTiles/OpenStreetMap national PMTiles","sourceId":"8/200/129:landuse:78422820:36","sourceLayer":"landuse","archive":"https://its.hanifahseptiani45.workers.dev/v1/map/archive/indonesia.pmtiles","updatedAt":"2026-07-26T09:35:34.475Z"},"geometry":{"type":"Polygon","coordinates":[[[102.48870849609375,-1.7252793775551396],[102.49420166015625,-1.7201318638464613],[102.49317169189453,-1.7156706740635173],[102.49626159667969,-1.7108663042007208],[102.50244140625,-1.7081209445886572],[102.51411437988281,-1.7074346040724464],[102.5137710571289,-1.7177296860270843],[102.51033782958984,-1.7263088786266536],[102.4911117553711,-1.7269952123646135],[102.48870849609375,-1.7252793775551396]]]}},{"type":"Feature","id":"pmtiles:8/200/129:landuse:78422820:37","properties":{"class":"residential","kind":"green","verification":"verified","source":"OpenMapTiles/OpenStreetMap national PMTiles","sourceId":"8/200/129:landuse:78422820:37","sourceLayer":"landuse","archive":"https://its.hanifahseptiani45.workers.dev/v1/map/archive/indonesia.pmtiles","updatedAt":"2026-07-26T09:35:34.475Z"},"geometry":{"type":"Polygon","coordinates":[[[102.55359649658203,-1.7225340386413421],[102.56526947021484,-1.7218477032945287],[102.56595611572266,-1.7180728544719983],[102.56767272949219,-1.7197886957716264],[102.5741958618164,-1.7163570116310893],[102.57762908935547,-1.7221908709988298],[102.56973266601562,-1.7235635411979473],[102.56904602050781,-1.7448398022566494],[102.56664276123047,-1.728367879096794],[102.55325317382812,-1.7338585360943881],[102.55359649658203,-1.7225340386413421]]]}},{"type":"Feature","id":"pmtiles:8/200/129:landuse:78422820:38","properties":{"class":"residential","kind":"green","verification":"verified","source":"OpenMapTiles/OpenStreetMap national PMTiles","sourceId":"8/200/129:landuse:78422820:38","sourceLayer":"landuse","archive":"https://its.hanifahseptiani45.workers.dev/v1/map/archive/indonesia.pmtiles","updatedAt":"2026-07-26T09:35:34.475Z"},"geometry":{"type":"Polygon","coordinates":[[[102.63599395751953,-1.6937077424125562],[102.63359069824219,-1.6940509151424976],[102.63050079345703,-1.6889033178172639],[102.6346206665039,-1.69233505088512],[102.63599395751953,-1.6837557068557771],[102.63050079345703,-1.6806671337507169],[102.6291275024414,-1.6823830083016418],[102.6291275024414,-1.6779217313337398],[102.63668060302734,-1.6820398335121638],[102.63702392578125,-1.6803239586595708],[102.63908386230469,-1.6810103087815804],[102.64148712158203,-1.6858147528740517],[102.64629364013672,-1.6878737967145412],[102.63736724853516,-1.6865011010629871],[102.63668060302734,-1.6882169704760344],[102.63908386230469,-1.6889033178172639],[102.63599395751953,-1.6937077424125562]]]}},{"type":"Feature","id":"pmtiles:8/200/129:landuse:78422820:39","properties":{"class":"residential","kind":"green","verification":"verified","source":"OpenMapTiles/OpenStreetMap national PMTiles","sourceId":"8/200/129:landuse:78422820:39","sourceLayer":"landuse","archive":"https://its.hanifahseptiani45.workers.dev/v1/map/archive/indonesia.pmtiles","updatedAt":"2026-07-26T09:35:34.475Z"},"geometry":{"type":"Polygon","coordinates":[[[102.61161804199219,-1.5087291170257373],[102.6071548461914,-1.5097587279797722],[102.60372161865234,-1.5080427094522975],[102.59925842285156,-1.4967169533085496],[102.60234832763672,-1.4867639677860751],[102.6068115234375,-1.4864207605866397],[102.6126480102539,-1.4805862300442811],[102.60921478271484,-1.486077553333871],[102.60200500488281,-1.490196036843642],[102.601318359375,-1.493284894423084],[102.60406494140625,-1.5066698936560527],[102.61161804199219,-1.5087291170257373]]]}},{"type":"Feature","id":"pmtiles:8/200/129:landuse:78422820:40","properties":{"class":"residential","kind":"green","verification":"verified","source":"OpenMapTiles/OpenStreetMap national PMTiles","sourceId":"8/200/129:landuse:78422820:40","sourceLayer":"landuse","archive":"https://its.hanifahseptiani45.workers.dev/v1/map/archive/indonesia.pmtiles","updatedAt":"2026-07-26T09:35:34.475Z"},"geometry":{"type":"Polygon","coordinates":[[[102.57179260253906,-1.469946752504967],[102.5628662109375,-1.481615854198779],[102.55428314208984,-1.483675101071725],[102.54398345947266,-1.482988685660274],[102.54432678222656,-1.4809294381489337],[102.55565643310547,-1.481615854198779],[102.5628662109375,-1.4795566054115596],[102.56904602050781,-1.4720060101903414],[102.56149291992188,-1.4723492196197157],[102.55840301513672,-1.469946752504967],[102.57179260253906,-1.469946752504967]]]}},{"type":"Feature","id":"pmtiles:8/200/129:landuse:78422820:41","properties":{"class":"residential","kind":"green","verification":"verified","source":"OpenMapTiles/OpenStreetMap national PMTiles","sourceId":"8/200/129:landuse:78422820:41","sourceLayer":"landuse","archive":"https://its.hanifahseptiani45.workers.dev/v1/map/archive/indonesia.pmtiles","updatedAt":"2026-07-26T09:35:34.475Z"},"geometry":{"type":"Polygon","coordinates":[[[102.59651184082031,-1.468573912992781],[102.59101867675781,-1.4682307029829218],[102.58655548095703,-1.4610232806227401],[102.59479522705078,-1.4620529138069145],[102.59822845458984,-1.459307224267235],[102.59410858154297,-1.4641121787581568],[102.59651184082031,-1.468573912992781]]]}},{"type":"Feature","id":"pmtiles:8/200/129:transportation:448834790:6","properties":{"class":"trunk","highway":"trunk","kind":"road","verification":"verified","source":"OpenMapTiles/OpenStreetMap national PMTiles","sourceId":"8/200/129:transportation:448834790:6","sourceLayer":"transportation","archive":"https://its.hanifahseptiani45.workers.dev/v1/map/archive/indonesia.pmtiles","updatedAt":"2026-07-26T09:35:34.485Z"},"geometry":{"type":"LineString","coordinates":[[102.4416732788086,-1.47063317194457],[102.44132995605469,-1.468917122949918],[102.43961334228516,-1.4675442828051644]]}},{"type":"Feature","id":"pmtiles:8/200/129:transportation:448834790:7","properties":{"class":"trunk","highway":"trunk","kind":"road","verification":"verified","source":"OpenMapTiles/OpenStreetMap national PMTiles","sourceId":"8/200/129:transportation:448834790:7","sourceLayer":"transportation","archive":"https://its.hanifahseptiani45.workers.dev/v1/map/archive/indonesia.pmtiles","updatedAt":"2026-07-26T09:35:34.485Z"},"geometry":{"type":"LineString","coordinates":[[102.4423599243164,-1.4812726462004377],[102.44441986083984,-1.481615854198779]]}},{"type":"Feature","id":"pmtiles:8/200/129:transportation:448834790:9","properties":{"class":"trunk","highway":"trunk","kind":"road","verification":"verified","source":"OpenMapTiles/OpenStreetMap national PMTiles","sourceId":"8/200/129:transportation:448834790:9","sourceLayer":"transportation","archive":"https://its.hanifahseptiani45.workers.dev/v1/map/archive/indonesia.pmtiles","updatedAt":"2026-07-26T09:35:34.485Z"},"geometry":{"type":"LineString","coordinates":[[102.67822265625,-1.5372148391497689],[102.67753601074219,-1.5368716399261473],[102.67719268798828,-1.5306940444813506],[102.67066955566406,-1.521427617964136],[102.66345977783203,-1.5173091933874758],[102.65316009521484,-1.5131907609694224],[102.65247344970703,-1.5070130976862544],[102.6511001586914,-1.5032378503820638],[102.65419006347656,-1.496030541960792],[102.65384674072266,-1.4912256565185658],[102.65865325927734,-1.4853911386683052],[102.65865325927734,-1.481615854198779],[102.66620635986328,-1.4747516841452182],[102.6675796508789,-1.4720060101903414],[102.667236328125,-1.470289962251158],[102.66551971435547,-1.468917122949918],[102.65933990478516,-1.467887492920397],[102.65727996826172,-1.4692603328543328],[102.6565933227539,-1.4723492196197157],[102.65453338623047,-1.4720060101903414],[102.65384674072266,-1.4740652659738203],[102.64972686767578,-1.4768109373887484],[102.64080047607422,-1.4740652659738203],[102.63874053955078,-1.4761245198527888],[102.63668060302734,-1.4744084750859798],[102.63427734375,-1.4744084750859798],[102.62981414794922,-1.470289962251158],[102.61951446533203,-1.468573912992781],[102.61848449707031,-1.4672010726372804],[102.61127471923828,-1.467887492920397],[102.60955810546875,-1.4672010726372804],[102.6071548461914,-1.468917122949918],[102.6068115234375,-1.464455389399518],[102.60303497314453,-1.462396124763373],[102.6009750366211,-1.458964012838976],[102.59754180908203,-1.459307224267235],[102.5958251953125,-1.4620529138069145],[102.59239196777344,-1.4630825465188195],[102.5899887084961,-1.4627393356673508],[102.58758544921875,-1.466857862416731],[102.57865905761719,-1.4641121787581568],[102.56938934326172,-1.4713195911730708],[102.56149291992188,-1.4716628007081027],[102.557373046875,-1.47063317194457],[102.54261016845703,-1.4730356383199705],[102.53677368164062,-1.468573912992781],[102.53643035888672,-1.465485021008206],[102.53780364990234,-1.4617097027979753],[102.53299713134766,-1.4541590473507284],[102.53059387207031,-1.4531294105569827],[102.52716064453125,-1.4452355129023573],[102.5244140625,-1.446265153286177],[102.52304077148438,-1.4452355129023573],[102.52235412597656,-1.442146588951303],[102.51995086669922,-1.4424898029308366],[102.51823425292969,-1.4442058720517252],[102.51548767089844,-1.4418033749199992],[102.51171112060547,-1.4411169467021807],[102.50999450683594,-1.438714446311181],[102.50965118408203,-1.4359687284807023],[102.5079345703125,-1.4352822985074738],[102.5082778930664,-1.4321933610794275],[102.50587463378906,-1.429790851311978],[102.50175476074219,-1.4335662226731216],[102.49935150146484,-1.4325365765549805],[102.49523162841797,-1.4328797919791185],[102.49351501464844,-1.4321933610794275],[102.4917984008789,-1.4342526531612947],[102.48939514160156,-1.4345958683281737],[102.48973846435547,-1.4363119433900238],[102.48699188232422,-1.439057660807748],[102.48493194580078,-1.4394008752526872],[102.48321533203125,-1.4383712317629715],[102.4801254272461,-1.4400873039875393],[102.47703552246094,-1.4383712317629715],[102.47428894042969,-1.4383712317629715],[102.47051239013672,-1.440773732515666],[102.47085571289062,-1.445578726415519],[102.46639251708984,-1.4534726228737327],[102.46673583984375,-1.460336858237767],[102.46570587158203,-1.4617097027979753],[102.46330261230469,-1.4596504356431268],[102.46124267578125,-1.4613664917365838],[102.45986938476562,-1.4682307029829218],[102.45986938476562,-1.4761245198527888],[102.45643615722656,-1.4802430218864941],[102.44956970214844,-1.4819590621439431],[102.44853973388672,-1.4792133970944263],[102.4478530883789,-1.4792133970944263],[102.44441986083984,-1.481615854198779],[102.4420166015625,-1.4812726462004377]]}},{"type":"Feature","id":"pmtiles:8/200/129:water:74095213:0","properties":{"intermittent":0,"class":"river","id":7409521,"water":"river","kind":"waterway","verification":"verified","source":"OpenMapTiles/OpenStreetMap national PMTiles","sourceId":"8/200/129:water:74095213:0","sourceLayer":"water","archive":"https://its.hanifahseptiani45.workers.dev/v1/map/archive/indonesia.pmtiles","updatedAt":"2026-07-26T09:35:34.487Z"},"geometry":{"type":"Polygon","coordinates":[[[102.43412017822266,-1.3841426927919969],[102.43240356445312,-1.387231693970847],[102.42313385009766,-1.3951257897508214],[102.41832733154297,-1.4050791770912952],[102.41386413574219,-1.4102274642652475],[102.41317749023438,-1.4119435574612282],[102.41558074951172,-1.416748611665156],[102.42313385009766,-1.4177782648419566],[102.4251937866211,-1.416748611665156],[102.42862701416016,-1.41057068300573],[102.43000030517578,-1.4091978077401848],[102.43961334228516,-1.4122867759484308],[102.44132995605469,-1.4157189580307374],[102.43995666503906,-1.4236129575168803],[102.44064331054688,-1.4284179874585021],[102.44338989257812,-1.4332230073518417],[102.45197296142578,-1.4397440896459557],[102.4533462524414,-1.4418033749199992],[102.4526596069336,-1.4459219398767829],[102.44888305664062,-1.4555318956783623],[102.44853973388672,-1.460336858237767],[102.44922637939453,-1.462396124763373],[102.45162963867188,-1.464455389399518],[102.4588394165039,-1.4682307029829218],[102.45952606201172,-1.47063317194457],[102.45918273925781,-1.4747516841452182],[102.4581527709961,-1.4774973547127104],[102.45540618896484,-1.479899813675587],[102.447509765625,-1.4823022700359303],[102.44579315185547,-1.483675101071725],[102.44476318359375,-1.486077553333871],[102.44579315185547,-1.4881367960500995],[102.45231628417969,-1.4891664166873682],[102.4636459350586,-1.4925984820024922],[102.46536254882812,-1.4915688629698565],[102.46810913085938,-1.4847047237895197],[102.47257232666016,-1.4823022700359303],[102.47909545898438,-1.4857343460277406],[102.48767852783203,-1.4925984820024922],[102.4917984008789,-1.4925984820024922],[102.4966049194336,-1.4905392434554443],[102.49969482421875,-1.487107174932163],[102.49935150146484,-1.4840183086975998],[102.4911117553711,-1.4853911386683052],[102.48458862304688,-1.481615854198779],[102.4801254272461,-1.4733788475908085],[102.47978210449219,-1.468573912992781],[102.48321533203125,-1.4599936469666517],[102.48973846435547,-1.4531294105569827],[102.49557495117188,-1.4496972845230545],[102.50244140625,-1.4486676456977534],[102.51686096191406,-1.4510701355616646],[102.52716064453125,-1.4575911666023842],[102.53162384033203,-1.462396124763373],[102.53265380859375,-1.4658282314392608],[102.53128051757812,-1.4744084750859798],[102.53196716308594,-1.4778405632951603],[102.54020690917969,-1.4819590621439431],[102.54638671875,-1.483675101071725],[102.55531311035156,-1.483675101071725],[102.56355285644531,-1.4809294381489337],[102.56629943847656,-1.4788701887242155],[102.57282257080078,-1.468573912992781],[102.57659912109375,-1.4661714418177212],[102.58243560791016,-1.465485021008206],[102.59101867675781,-1.4682307029829218],[102.59891510009766,-1.468573912992781],[102.60234832763672,-1.469603542706011],[102.60406494140625,-1.4723492196197157],[102.60372161865234,-1.4788701887242155],[102.60269165039062,-1.4853911386683052],[102.59960174560547,-1.4943145126520108],[102.59960174560547,-1.498432980737718],[102.60200500488281,-1.5059834854334468],[102.60372161865234,-1.5080427094522975],[102.6064682006836,-1.5097587279797722],[102.61058807373047,-1.5090723207312493],[102.61848449707031,-1.5032378503820638],[102.61917114257812,-1.4998058017131228],[102.61573791503906,-1.4925984820024922],[102.61882781982422,-1.4847047237895197],[102.6291275024414,-1.4792133970944263],[102.63599395751953,-1.4788701887242155],[102.6397705078125,-1.4840183086975998],[102.63805389404297,-1.491912069367615],[102.63805389404297,-1.5066698936560527],[102.63874053955078,-1.5121611516422035],[102.64286041259766,-1.524859632439373],[102.64732360839844,-1.528634842040944],[102.65281677246094,-1.5289780425849102],[102.65727996826172,-1.519368406657307],[102.6613998413086,-1.5166227885284371],[102.66586303710938,-1.520741214413448],[102.6675796508789,-1.5241732299817272],[102.66826629638672,-1.5368716399261473],[102.66448974609375,-1.5509427627256969],[102.65796661376953,-1.5681025418682424],[102.6565933227539,-1.573250448246796],[102.65693664550781,-1.5787415343808675],[102.65899658203125,-1.582173455852498],[102.6617431640625,-1.5828598394658542],[102.66414642333984,-1.582173455852498],[102.6730728149414,-1.5766823787775905],[102.67684936523438,-1.5735936415541545],[102.67753601074219,-1.5677593476590062],[102.67547607421875,-1.55609071114921],[102.67547607421875,-1.5512859596773438],[102.67822265625,-1.5464811972937156],[102.67822265625,-1.550599565718386],[102.6778793334961,-1.5519723534136034],[102.67822265625,-1.5550611224683735],[102.67822265625,-1.5735936415541545],[102.6778793334961,-1.5756528002119126],[102.67135620117188,-1.5804574958256552],[102.66345977783203,-1.5842326060108292],[102.65968322753906,-1.584918988942249],[102.65556335449219,-1.5825166476875694],[102.65384674072266,-1.5790847267831936],[102.65350341796875,-1.5742800279994213],[102.66483306884766,-1.5403036296782915],[102.66620635986328,-1.5348124434266026],[102.66620635986328,-1.5282916414421237],[102.6620864868164,-1.519368406657307],[102.65968322753906,-1.5203980125562566],[102.65762329101562,-1.5231436258850408],[102.65522003173828,-1.5296644435081674],[102.65384674072266,-1.5306940444813506],[102.64904022216797,-1.5313804448554578],[102.64423370361328,-1.5289780425849102],[102.64148712158203,-1.5265756376255837],[102.63599395751953,-1.5107883384461473],[102.63530731201172,-1.4967169533085496],[102.63771057128906,-1.4857343460277406],[102.63702392578125,-1.4840183086975998],[102.63565063476562,-1.482645477874712],[102.62947082519531,-1.481615854198779],[102.61951446533203,-1.486077553333871],[102.61711120605469,-1.491912069367615],[102.6181411743164,-1.4953441303982657],[102.62123107910156,-1.4998058017131228],[102.62020111083984,-1.504610668339751],[102.61848449707031,-1.5066698936560527],[102.61093139648438,-1.5111315418265292],[102.60612487792969,-1.5114747451526682],[102.60269165039062,-1.5101019315227688],[102.60028839111328,-1.5073563016623694],[102.59754180908203,-1.49706015890186],[102.59822845458984,-1.4898528301783358],[102.60269165039062,-1.4761245198527888],[102.60234832763672,-1.4730356383199705],[102.6009750366211,-1.4713195911730708],[102.59101867675781,-1.470289962251158],[102.58312225341797,-1.4675442828051644],[102.57865905761719,-1.467887492920397],[102.5741958618164,-1.47063317194457],[102.56698608398438,-1.4812726462004377],[102.56458282470703,-1.4833318933926165],[102.55325317382812,-1.4864207605866397],[102.5467300415039,-1.486077553333871],[102.53643035888672,-1.4823022700359303],[102.52922058105469,-1.4771541460772397],[102.52887725830078,-1.4737220568087537],[102.53059387207031,-1.4665146521435304],[102.52853393554688,-1.4627393356673508],[102.52372741699219,-1.45793437824004],[102.51583099365234,-1.4534726228737327],[102.50724792480469,-1.451413348191167],[102.50038146972656,-1.4510701355616646],[102.49420166015625,-1.4527861981880648],[102.48905181884766,-1.4565615313756126],[102.48390197753906,-1.4627393356673508],[102.48184204101562,-1.4692603328543328],[102.48321533203125,-1.4761245198527888],[102.48699188232422,-1.4809294381489337],[102.49076843261719,-1.482645477874712],[102.49935150146484,-1.4823022700359303],[102.50072479248047,-1.4833318933926165],[102.50175476074219,-1.4881367960500995],[102.49866485595703,-1.4915688629698565],[102.49420166015625,-1.4936281005529963],[102.48733520507812,-1.4950009245365123],[102.48424530029297,-1.493284894423084],[102.4753189086914,-1.4853911386683052],[102.47291564941406,-1.4847047237895197],[102.4691390991211,-1.4877935890641822],[102.46673583984375,-1.491912069367615],[102.46673583984375,-1.4936281005529963],[102.4639892578125,-1.4953441303982657],[102.46124267578125,-1.4950009245365123],[102.45403289794922,-1.4915688629698565],[102.44441986083984,-1.4891664166873682],[102.44304656982422,-1.4864207605866397],[102.44441986083984,-1.482988685660274],[102.4471664428711,-1.4805862300442811],[102.45574951171875,-1.4778405632951603],[102.45746612548828,-1.4757813110053348],[102.4581527709961,-1.4726924289962682],[102.45712280273438,-1.468917122949918],[102.44956970214844,-1.4647985999883275],[102.44682312011719,-1.460336858237767],[102.447509765625,-1.4541590473507284],[102.45162963867188,-1.445578726415519],[102.45162963867188,-1.4428330168586143],[102.44991302490234,-1.4400873039875393],[102.4423599243164,-1.4345958683281737],[102.43995666503906,-1.4304772829308803],[102.43824005126953,-1.425329040790274],[102.43995666503906,-1.4164053938378487],[102.43858337402344,-1.4140028676239496],[102.4306869506836,-1.4109139016955652],[102.4251937866211,-1.4191511350318962],[102.42279052734375,-1.4198375698213255],[102.41386413574219,-1.4174350471672312],[102.41214752197266,-1.4153757400509477],[102.41146087646484,-1.4126299943849716],[102.41214752197266,-1.4091978077401848],[102.41764068603516,-1.4023334192896897],[102.42107391357422,-1.3951257897508214],[102.43240356445312,-1.3855155827021406],[102.43206024169922,-1.3841426927919969],[102.43412017822266,-1.3841426927919969]]]}},{"type":"Feature","id":"pmtiles:8/200/129:water:77520033:6","properties":{"intermittent":0,"class":"river","id":7752003,"water":"river","kind":"waterway","verification":"verified","source":"OpenMapTiles/OpenStreetMap national PMTiles","sourceId":"8/200/129:water:77520033:6","sourceLayer":"water","archive":"https://its.hanifahseptiani45.workers.dev/v1/map/archive/indonesia.pmtiles","updatedAt":"2026-07-26T09:35:34.489Z"},"geometry":{"type":"Polygon","coordinates":[[[102.46124267578125,-1.7043460687180954],[102.45918273925781,-1.7067482633111695],[102.46055603027344,-1.7043460687180954],[102.4581527709961,-1.7009143569590748],[102.46330261230469,-1.694394087811645],[102.46742248535156,-1.6937077424125562],[102.46604919433594,-1.691648704756986],[102.46604919433594,-1.6899328383745456],[102.46810913085938,-1.6892464913969718],[102.47085571289062,-1.690962358386031],[102.47257232666016,-1.6892464913969718],[102.47257232666016,-1.6875306228924813],[102.47016906738281,-1.687187449009869],[102.4698257446289,-1.6858147528740517],[102.47325897216797,-1.6823830083016418],[102.47291564941406,-1.6789512576920345],[102.47909545898438,-1.675176325063191],[102.48115539550781,-1.6720877384104398],[102.4863052368164,-1.670028677941275],[102.4856185913086,-1.66831279256877],[102.48355865478516,-1.6665969056996062],[102.48424530029297,-1.6638514835996574],[102.48802185058594,-1.6631651274773418],[102.49008178710938,-1.6641946615712584],[102.49042510986328,-1.6631651274773418],[102.48973846435547,-1.6611060576783956],[102.49076843261719,-1.6590469857335393],[102.49420166015625,-1.6576742699127465],[102.49557495117188,-1.655958373798427],[102.50141143798828,-1.6569879116454018],[102.50244140625,-1.6532129369260389],[102.50381469726562,-1.6532129369260389],[102.50621795654297,-1.6545856558372378],[102.5075912475586,-1.6590469857335393],[102.50896453857422,-1.658360627942173],[102.50896453857422,-1.6556151943972282],[102.50999450683594,-1.6545856558372378],[102.513427734375,-1.655958373798427],[102.51445770263672,-1.6538992965003416],[102.51720428466797,-1.6532129369260389],[102.51960754394531,-1.656301553140196],[102.52098083496094,-1.6566447324225066],[102.52510070800781,-1.6538992965003416],[102.52819061279297,-1.6480652325614926],[102.52784729003906,-1.6460061470874194],[102.52887725830078,-1.6453197847900327],[102.53883361816406,-1.6470356900904193],[102.5405502319336,-1.6494379550282048],[102.53402709960938,-1.646349328147494],[102.52853393554688,-1.6460061470874194],[102.53128051757812,-1.6525265771144433],[102.5299072265625,-1.6528697570498991],[102.52819061279297,-1.6504674962567805],[102.52681732177734,-1.6532129369260389],[102.52098083496094,-1.658360627942173],[102.51823425292969,-1.6573310908088104],[102.51754760742188,-1.6545856558372378],[102.51651763916016,-1.654242476198462],[102.5137710571289,-1.6569879116454018],[102.51205444335938,-1.6566447324225066],[102.51136779785156,-1.6556151943972282],[102.50999450683594,-1.656301553140196],[102.50965118408203,-1.6587038068676065],[102.5079345703125,-1.6597333432867742],[102.50656127929688,-1.6587038068676065],[102.50553131103516,-1.6545856558372378],[102.50415802001953,-1.6538992965003416],[102.50175476074219,-1.6576742699127465],[102.49557495117188,-1.6566447324225066],[102.49488830566406,-1.6580174489572101],[102.4911117553711,-1.6597333432867742],[102.4911117553711,-1.6635083055683424],[102.49042510986328,-1.6648810173352757],[102.48733520507812,-1.6638514835996574],[102.48493194580078,-1.6645378394831312],[102.48458862304688,-1.6659105505332121],[102.48699188232422,-1.6686559697630656],[102.48699188232422,-1.67037185483602],[102.48218536376953,-1.672430914945366],[102.4801254272461,-1.675176325063191],[102.47600555419922,-1.6786080822995046],[102.47394561767578,-1.6792944330243245],[102.47394561767578,-1.6823830083016418],[102.47051239013672,-1.6858147528740517],[102.47360229492188,-1.687187449009869],[102.47360229492188,-1.6895896649160704],[102.47119903564453,-1.691648704756986],[102.46776580810547,-1.6899328383745456],[102.46639251708984,-1.6906191851095258],[102.46845245361328,-1.694394087811645],[102.46707916259766,-1.6950804329675293],[102.4639892578125,-1.6947372604199984],[102.46261596679688,-1.6957667778801095],[102.45952606201172,-1.7009143569590748],[102.46124267578125,-1.7043460687180954]]]}},{"type":"Feature","id":"pmtiles:8/200/129:water:77520033:7","properties":{"intermittent":0,"class":"river","id":7752003,"water":"river","kind":"waterway","verification":"verified","source":"OpenMapTiles/OpenStreetMap national PMTiles","sourceId":"8/200/129:water:77520033:7","sourceLayer":"water","archive":"https://its.hanifahseptiani45.workers.dev/v1/map/archive/indonesia.pmtiles","updatedAt":"2026-07-26T09:35:34.489Z"},"geometry":{"type":"Polygon","coordinates":[[[102.54158020019531,-1.6525265771144433],[102.5405502319336,-1.6494379550282048],[102.54261016845703,-1.651840217065626],[102.54467010498047,-1.6521833971196713],[102.54535675048828,-1.6535561167428625],[102.54398345947266,-1.6566447324225066],[102.5467300415039,-1.6576742699127465],[102.54810333251953,-1.6604197006017642],[102.54913330078125,-1.6587038068676065],[102.54810333251953,-1.655272014936628],[102.54878997802734,-1.6538992965003416],[102.55084991455078,-1.6549288354166265],[102.55119323730469,-1.6573310908088104],[102.55531311035156,-1.6590469857335393],[102.55531311035156,-1.6611060576783956],[102.5522232055664,-1.6635083055683424],[102.55393981933594,-1.6676264380006387],[102.55599975585938,-1.6696855009865743],[102.55599975585938,-1.672430914945366],[102.55908966064453,-1.6727740914202798],[102.56080627441406,-1.6748331490087338],[102.56458282470703,-1.6748331490087338],[102.56561279296875,-1.6799807835080998],[102.56767272949219,-1.6786080822995046],[102.57076263427734,-1.678264906846735],[102.57282257080078,-1.6758626769917555],[102.57453918457031,-1.6762058528658486],[102.57556915283203,-1.6806671337507169],[102.5735092163086,-1.683412532307841],[102.5741958618164,-1.6858147528740517],[102.5796890258789,-1.6878737967145412],[102.58380889892578,-1.682726183030752],[102.58621215820312,-1.681696658662304],[102.58861541748047,-1.6823830083016418],[102.58827209472656,-1.6792944330243245],[102.5899887084961,-1.6786080822995046],[102.59136199951172,-1.6796376082963462],[102.5954818725586,-1.6796376082963462],[102.5954818725586,-1.681353483752119],[102.59342193603516,-1.682726183030752],[102.59376525878906,-1.6837557068557771],[102.59719848632812,-1.6823830083016418],[102.59994506835938,-1.6820398335121638],[102.60200500488281,-1.6837557068557771],[102.60200500488281,-1.6858147528740517],[102.6009750366211,-1.6865011010629871],[102.6016616821289,-1.687187449009869],[102.60543823242188,-1.6854715786888477],[102.6071548461914,-1.6878737967145412],[102.60818481445312,-1.685128404443148],[102.60612487792969,-1.6837557068557771],[102.6071548461914,-1.6820398335121638],[102.60921478271484,-1.681696658662304],[102.61299133300781,-1.682726183030752],[102.6126480102539,-1.683412532307841],[102.61436462402344,-1.6840988813432745],[102.61539459228516,-1.68684427506669],[102.6177978515625,-1.6899328383745456],[102.62088775634766,-1.6878737967145412],[102.6287841796875,-1.6878737967145412],[102.63153076171875,-1.6892464913969718],[102.6339340209961,-1.6940509151424976],[102.63668060302734,-1.694394087811645],[102.63427734375,-1.6961099502451447],[102.63290405273438,-1.6950804329675293],[102.63187408447266,-1.6913055316018557],[102.6291275024414,-1.6889033178172639],[102.62741088867188,-1.6899328383745456],[102.6229476928711,-1.6885601441769467],[102.6177978515625,-1.690962358386031],[102.6123046875,-1.6840988813432745],[102.60921478271484,-1.682726183030752],[102.60818481445312,-1.683412532307841],[102.60955810546875,-1.6858147528740517],[102.6071548461914,-1.6885601441769467],[102.60440826416016,-1.687187449009869],[102.60063171386719,-1.6878737967145412],[102.6009750366211,-1.6844420557703472],[102.59891510009766,-1.6830693576994946],[102.59376525878906,-1.684785230136967],[102.59239196777344,-1.6837557068557771],[102.58552551269531,-1.6830693576994946],[102.58380889892578,-1.6844420557703472],[102.58243560791016,-1.6875306228924813],[102.5796890258789,-1.6889033178172639],[102.5738525390625,-1.6865011010629871],[102.57247924804688,-1.683412532307841],[102.57488250732422,-1.6806671337507169],[102.5738525390625,-1.6765490286797728],[102.57110595703125,-1.6789512576920345],[102.56595611572266,-1.6806671337507169],[102.56458282470703,-1.6796376082963462],[102.56458282470703,-1.6768922044335284],[102.56389617919922,-1.6755195010575363],[102.56080627441406,-1.6755195010575363],[102.55874633789062,-1.6734604441900132],[102.55496978759766,-1.672430914945366],[102.55428314208984,-1.6714013851605927],[102.55531311035156,-1.6696855009865743],[102.55325317382812,-1.6679696153146324],[102.5515365600586,-1.6641946615712584],[102.5522232055664,-1.662478771116298],[102.55462646484375,-1.6607628791698943],[102.55496978759766,-1.6593901645399143],[102.5515365600586,-1.6580174489572101],[102.54913330078125,-1.6545856558372378],[102.54947662353516,-1.6597333432867742],[102.54878997802734,-1.6607628791698943],[102.54741668701172,-1.6611060576783956],[102.5460433959961,-1.6580174489572101],[102.54398345947266,-1.6580174489572101],[102.54295349121094,-1.6569879116454018],[102.54329681396484,-1.6535561167428625],[102.54158020019531,-1.6525265771144433]]]}},{"type":"Feature","id":"pmtiles:8/200/129:water:79917803:7","properties":{"intermittent":0,"class":"river","id":7991780,"water":"river","kind":"waterway","verification":"verified","source":"OpenMapTiles/OpenStreetMap national PMTiles","sourceId":"8/200/129:water:79917803:7","sourceLayer":"water","archive":"https://its.hanifahseptiani45.workers.dev/v1/map/archive/indonesia.pmtiles","updatedAt":"2026-07-26T09:35:34.490Z"},"geometry":{"type":"Polygon","coordinates":[[[102.22881317138672,-1.5567771033238955],[102.22709655761719,-1.55574751497808],[102.22949981689453,-1.55574751497808],[102.23224639892578,-1.5540315332852686],[102.2332763671875,-1.5485403825063742],[102.23464965820312,-1.5481971851097995],[102.23567962646484,-1.5492267771328159],[102.23602294921875,-1.5543747297354287],[102.23464965820312,-1.558836278506675],[102.23533630371094,-1.560209060843178],[102.23670959472656,-1.5598658653430135],[102.23876953125,-1.55609071114921],[102.24735260009766,-1.5526587469270794],[102.24906921386719,-1.5533451402176865],[102.25353240966797,-1.556433907264477],[102.25250244140625,-1.5598658653430135],[102.2549057006836,-1.560209060843178],[102.25799560546875,-1.558836278506675],[102.26005554199219,-1.559522669786844],[102.25662231445312,-1.5509427627256969],[102.25765228271484,-1.5485403825063742],[102.2603988647461,-1.5492267771328159],[102.26520538330078,-1.555404318751144],[102.26795196533203,-1.5499131715368435],[102.27035522460938,-1.5495699743626261],[102.27275848388672,-1.5512859596773438],[102.27481842041016,-1.5475107901499712],[102.27790832519531,-1.5471675925867174],[102.27928161621094,-1.5427060192164532],[102.2823715209961,-1.5403036296782915],[102.28202819824219,-1.5389308344400945],[102.27996826171875,-1.537901237431484],[102.28031158447266,-1.534126044152643],[102.28649139404297,-1.5276052400799784],[102.29061126708984,-1.5262324366978675],[102.29267120361328,-1.5272620393166534],[102.29507446289062,-1.5296644435081674],[102.29679107666016,-1.5289780425849102],[102.29644775390625,-1.5262324366978675],[102.29232788085938,-1.5224572228805755],[102.29301452636719,-1.5197116086781648],[102.29473114013672,-1.519025204581908],[102.29644775390625,-1.519368406657307],[102.2995376586914,-1.5217708196575614],[102.30159759521484,-1.5221140212963746],[102.30400085449219,-1.525546034678115],[102.30812072753906,-1.5217708196575614],[102.31155395507812,-1.5210844162160981],[102.31155395507812,-1.5197116086781648],[102.3098373413086,-1.5183388002675997],[102.30915069580078,-1.515936383451674],[102.31292724609375,-1.5128475579146397],[102.31121063232422,-1.508385913266082],[102.31155395507812,-1.5066698936560527],[102.31292724609375,-1.505297076994637],[102.31876373291016,-1.5063266895717646],[102.3208236694336,-1.5114747451526682],[102.32425689697266,-1.5114747451526682],[102.32563018798828,-1.5125043548055572],[102.32597351074219,-1.5142203698079015],[102.32494354248047,-1.5162795860172622],[102.32563018798828,-1.5166227885284371],[102.32769012451172,-1.5145635726454003],[102.32940673828125,-1.5104451350115653],[102.32597351074219,-1.504267463931285],[102.3270034790039,-1.502894645757749],[102.32975006103516,-1.502894645757749],[102.33352661132812,-1.5066698936560527],[102.33592987060547,-1.5155931808316865],[102.3427963256836,-1.515936383451674],[102.34622955322266,-1.5197116086781648],[102.34725952148438,-1.5179955980287048],[102.34691619873047,-1.5149067754285284],[102.34931945800781,-1.5135339639699197],[102.35034942626953,-1.5145635726454003],[102.35137939453125,-1.5186820024520102],[102.35481262207031,-1.5245164312379131],[102.35618591308594,-1.5241732299817272],[102.36133575439453,-1.519368406657307],[102.3651123046875,-1.5186820024520102],[102.3647689819336,-1.5166227885284371],[102.36579895019531,-1.5152499781573],[102.36854553222656,-1.5152499781573],[102.37163543701172,-1.5186820024520102],[102.37438201904297,-1.5276052400799784],[102.37541198730469,-1.5279484407884638],[102.37541198730469,-1.523830028670858],[102.37815856933594,-1.519025204581908],[102.37678527832031,-1.5179955980287048],[102.37266540527344,-1.5179955980287048],[102.37197875976562,-1.5166227885284371],[102.37266540527344,-1.5145635726454003],[102.37678527832031,-1.5142203698079015],[102.3819351196289,-1.5152499781573],[102.39120483398438,-1.5203980125562566],[102.39017486572266,-1.515936383451674],[102.39120483398438,-1.5118179484245502],[102.39463806152344,-1.5101019315227688],[102.3980712890625,-1.5094155243826037],[102.39978790283203,-1.5107883384461473],[102.40081787109375,-1.5101019315227688],[102.40081787109375,-1.508385913266082],[102.39875793457031,-1.504267463931285],[102.3984146118164,-1.5008354168795393],[102.39978790283203,-1.4987761860622584],[102.40253448486328,-1.4980897753593894],[102.40459442138672,-1.4953441303982657],[102.40665435791016,-1.4953441303982657],[102.40802764892578,-1.4980897753593894],[102.41111755371094,-1.4991193913330108],[102.41283416748047,-1.4925984820024922],[102.41695404052734,-1.4922552757118268],[102.41867065429688,-1.4946577186210845],[102.41832733154297,-1.4987761860622584],[102.41935729980469,-1.50014900682244],[102.42244720458984,-1.4998058017131228],[102.42347717285156,-1.4974033644414533],[102.425537109375,-1.49706015890186],[102.42691040039062,-1.498432980737718],[102.42725372314453,-1.5008354168795393],[102.42313385009766,-1.504610668339751],[102.42828369140625,-1.5032378503820638],[102.4310302734375,-1.4980897753593894],[102.43309020996094,-1.4967169533085496],[102.4361801147461,-1.4991193913330108],[102.43927001953125,-1.5035810549524484],[102.44544982910156,-1.5008354168795393],[102.44579315185547,-1.4922552757118268],[102.44682312011719,-1.490196036843642],[102.44888305664062,-1.4905392434554443],[102.44647979736328,-1.493284894423084],[102.44647979736328,-1.4998058017131228],[102.44544982910156,-1.5022082363473004],[102.43961334228516,-1.504267463931285],[102.43789672851562,-1.503924259468846],[102.43480682373047,-1.4987761860622584],[102.43309020996094,-1.4980897753593894],[102.42931365966797,-1.503924259468846],[102.42244720458984,-1.505297076994637],[102.42210388183594,-1.5035810549524484],[102.42485046386719,-1.5008354168795393],[102.42622375488281,-1.5004922118779263],[102.42622375488281,-1.4991193913330108],[102.42485046386719,-1.4991193913330108],[102.42141723632812,-1.501521826721202],[102.41901397705078,-1.5011786218273215],[102.41729736328125,-1.4991193913330108],[102.41729736328125,-1.4943145126520108],[102.41592407226562,-1.4929416882395827],[102.41317749023438,-1.4939713066293052],[102.41249084472656,-1.4991193913330108],[102.41146087646484,-1.5004922118779263],[102.40768432617188,-1.4991193913330108],[102.40631103515625,-1.4967169533085496],[102.40493774414062,-1.4967169533085496],[102.39944458007812,-1.5022082363473004],[102.40184783935547,-1.5080427094522975],[102.40150451660156,-1.5104451350115653],[102.39944458007812,-1.5118179484245502],[102.39429473876953,-1.5118179484245502],[102.392578125,-1.5131907609694224],[102.39154815673828,-1.5155931808316865],[102.3922348022461,-1.5210844162160981],[102.38983154296875,-1.521427617964136],[102.3867416381836,-1.519025204581908],[102.37850189208984,-1.5155931808316865],[102.37335205078125,-1.515936383451674],[102.37369537353516,-1.5169659909851703],[102.37815856933594,-1.5173091933874758],[102.37953186035156,-1.519025204581908],[102.37918853759766,-1.521427617964136],[102.37712860107422,-1.5231436258850408],[102.3764419555664,-1.5258892357153684],[102.37712860107422,-1.528634842040944],[102.37541198730469,-1.5300076438874726],[102.37300872802734,-1.5289780425849102],[102.37266540527344,-1.524859632439373],[102.36923217773438,-1.5173091933874758],[102.36614227294922,-1.5203980125562566],[102.36030578613281,-1.5210844162160981],[102.3599624633789,-1.5258892357153684],[102.35721588134766,-1.5265756376255837],[102.35687255859375,-1.525546034678115],[102.35481262207031,-1.525546034678115],[102.35275268554688,-1.5241732299817272],[102.35034942626953,-1.519368406657307],[102.34931945800781,-1.5149067754285284],[102.34794616699219,-1.5152499781573],[102.3482894897461,-1.519025204581908],[102.34657287597656,-1.5210844162160981],[102.34451293945312,-1.5203980125562566],[102.34176635742188,-1.5169659909851703],[102.33592987060547,-1.5176523957353254],[102.33455657958984,-1.5155931808316865],[102.33421325683594,-1.5118179484245502],[102.3324966430664,-1.5073563016623694],[102.32872009277344,-1.5035810549524484],[102.32769012451172,-1.503924259468846],[102.32734680175781,-1.5049538726941876],[102.32975006103516,-1.5076995055843838],[102.33043670654297,-1.5107883384461473],[102.32837677001953,-1.515936383451674],[102.32563018798828,-1.5173091933874758],[102.32357025146484,-1.5169659909851703],[102.32288360595703,-1.515936383451674],[102.32460021972656,-1.5149067754285284],[102.32494354248047,-1.5135339639699197],[102.32013702392578,-1.5121611516422035],[102.31807708740234,-1.5073563016623694],[102.31361389160156,-1.5063266895717646],[102.31224060058594,-1.5070130976862544],[102.31224060058594,-1.508385913266082],[102.31395721435547,-1.5101019315227688],[102.31430053710938,-1.5118179484245502],[102.31361389160156,-1.5135339639699197],[102.3101806640625,-1.5166227885284371],[102.31086730957031,-1.5179955980287048],[102.31292724609375,-1.5200548106444955],[102.31155395507812,-1.5224572228805755],[102.30812072753906,-1.5231436258850408],[102.30537414550781,-1.5258892357153684],[102.30297088623047,-1.5265756376255837],[102.30091094970703,-1.523486827305291],[102.29850769042969,-1.5224572228805755],[102.29610443115234,-1.5203980125562566],[102.29438781738281,-1.5200548106444955],[102.2933578491211,-1.5224572228805755],[102.29782104492188,-1.5258892357153684],[102.29747772216797,-1.5300076438874726],[102.29507446289062,-1.5306940444813506],[102.29164123535156,-1.5279484407884638],[102.2878646850586,-1.5279484407884638],[102.28134155273438,-1.5344692438171563],[102.2830581665039,-1.5348124434266026],[102.28614807128906,-1.5330964448287858],[102.2885513305664,-1.5348124434266026],[102.28923797607422,-1.5365284406473734],[102.2882080078125,-1.5382444364895633],[102.29061126708984,-1.5409900269657868],[102.28992462158203,-1.5475107901499712],[102.28614807128906,-1.5471675925867174],[102.28477478027344,-1.546137999563939],[102.28649139404297,-1.5409900269657868],[102.28580474853516,-1.5396172321697037],[102.28477478027344,-1.5392740333325179],[102.28065490722656,-1.5430492175005526],[102.27928161621094,-1.5475107901499712],[102.27447509765625,-1.5492267771328159],[102.27310180664062,-1.5526587469270794],[102.271728515625,-1.5523155501982018],[102.27001190185547,-1.550599565718386],[102.26795196533203,-1.5509427627256969],[102.2658920288086,-1.556433907264477],[102.26451873779297,-1.55609071114921],[102.2603988647461,-1.550599565718386],[102.25868225097656,-1.5495699743626261],[102.25765228271484,-1.5499131715368435],[102.25902557373047,-1.555404318751144],[102.26142883300781,-1.5598658653430135],[102.2607421875,-1.56123864700767],[102.25799560546875,-1.559522669786844],[102.2549057006836,-1.5608954516755205],[102.25215911865234,-1.5608954516755205],[102.25112915039062,-1.5591794741747407],[102.25250244140625,-1.5571202993274227],[102.24700927734375,-1.553688336779345],[102.23876953125,-1.5571202993274227],[102.23705291748047,-1.5605522562873517],[102.23499298095703,-1.56123864700767],[102.2336196899414,-1.558836278506675],[102.23533630371094,-1.5547179261298112],[102.23464965820312,-1.5488835798473843],[102.2336196899414,-1.553688336779345],[102.22881317138672,-1.5567771033238955]]]}},{"type":"Feature","id":"pmtiles:8/200/129:waterway:1973278170:0","properties":{"name_int":"Batang Hari","name_de":"Batang Hari","name":"Batang Hari","class":"river","name:latin":"Batang Hari","name_en":"Batang Hari","waterway":"river","kind":"waterway","verification":"verified","source":"OpenMapTiles/OpenStreetMap national PMTiles","sourceId":"8/200/129:waterway:1973278170:0","sourceLayer":"waterway","archive":"https://its.hanifahseptiani45.workers.dev/v1/map/archive/indonesia.pmtiles","updatedAt":"2026-07-26T09:35:34.492Z"},"geometry":{"type":"LineString","coordinates":[[102.43274688720703,-1.3841426927919969],[102.43309020996094,-1.3851723602991655],[102.42279052734375,-1.393752905426794],[102.41832733154297,-1.403019859042331],[102.41249084472656,-1.4109139016955652],[102.41317749023438,-1.4153757400509477],[102.41455078125,-1.417091829441631],[102.42416381835938,-1.41846470003874],[102.4306869506836,-1.4102274642652475],[102.43961334228516,-1.4133164311059119],[102.44029998779297,-1.416748611665156],[102.43892669677734,-1.425329040790274],[102.44064331054688,-1.4304772829308803],[102.44304656982422,-1.4342526531612947],[102.45197296142578,-1.440773732515666],[102.45231628417969,-1.44489229933734],[102.44853973388672,-1.4534726228737327],[102.447509765625,-1.460336858237767],[102.44956970214844,-1.4637689680642438],[102.45780944824219,-1.4682307029829218],[102.4588394165039,-1.47063317194457],[102.4581527709961,-1.4757813110053348],[102.45609283447266,-1.4781837718245754],[102.44647979736328,-1.4819590621439431],[102.44441986083984,-1.4840183086975998],[102.44407653808594,-1.4877935890641822],[102.4478530883789,-1.4898528301783358],[102.45540618896484,-1.4912256565185658],[102.46330261230469,-1.4939713066293052],[102.46501922607422,-1.493284894423084],[102.46879577636719,-1.4857343460277406],[102.47085571289062,-1.4840183086975998],[102.47325897216797,-1.483675101071725],[102.47634887695312,-1.485047931255565],[102.4859619140625,-1.4929416882395827],[102.48939514160156,-1.4939713066293052],[102.49282836914062,-1.493284894423084],[102.49832153320312,-1.4905392434554443],[102.50003814697266,-1.4881367960500995],[102.50038146972656,-1.4847047237895197],[102.49900817871094,-1.482988685660274],[102.49282836914062,-1.484361516270198],[102.48802185058594,-1.482988685660274],[102.48355865478516,-1.478526980300913],[102.48046875,-1.4716628007081027],[102.4808120727539,-1.4682307029829218],[102.4859619140625,-1.458277589825343],[102.491455078125,-1.4534726228737327],[102.49626159667969,-1.4507269228801078],[102.50106811523438,-1.4500404973607885],[102.50656127929688,-1.4500404973607885],[102.5137710571289,-1.4517565607685583],[102.52338409423828,-1.4562183195287872],[102.52819061279297,-1.460336858237767],[102.53093719482422,-1.4641121787581568],[102.53162384033203,-1.467887492920397],[102.5299072265625,-1.4750948931515353],[102.53128051757812,-1.4778405632951603],[102.53677368164062,-1.481615854198779],[102.54741668701172,-1.485047931255565],[102.5570297241211,-1.4847047237895197],[102.56389617919922,-1.4819590621439431],[102.5735092163086,-1.469603542706011],[102.57625579833984,-1.4672010726372804],[102.58071899414062,-1.4665146521435304],[102.59307861328125,-1.469603542706011],[102.59891510009766,-1.469603542706011],[102.60234832763672,-1.47063317194457],[102.60337829589844,-1.4737220568087537],[102.60269165039062,-1.4802430218864941],[102.59857177734375,-1.4936281005529963],[102.59891510009766,-1.5008354168795393],[102.60234832763672,-1.508385913266082],[102.6064682006836,-1.5104451350115653],[102.61127471923828,-1.5097587279797722],[102.61917114257812,-1.504267463931285],[102.62020111083984,-1.5008354168795393],[102.61642456054688,-1.493284894423084],[102.6177978515625,-1.4874503820248464],[102.61917114257812,-1.4853911386683052],[102.63015747070312,-1.479899813675587],[102.63530731201172,-1.479899813675587],[102.63736724853516,-1.4812726462004377],[102.63874053955078,-1.483675101071725],[102.63668060302734,-1.49706015890186],[102.63668060302734,-1.5101019315227688],[102.64251708984375,-1.5262324366978675],[102.6456069946289,-1.5289780425849102],[102.64904022216797,-1.5300076438874726],[102.65350341796875,-1.5300076438874726],[102.65453338623047,-1.5289780425849102],[102.6565933227539,-1.5224572228805755],[102.65968322753906,-1.5183388002675997],[102.6617431640625,-1.5179955980287048],[102.66277313232422,-1.5183388002675997],[102.66654968261719,-1.523830028670858],[102.667236328125,-1.5368716399261473],[102.65522003173828,-1.5729072548829777],[102.65522003173828,-1.5763391859789238],[102.65693664550781,-1.582173455852498],[102.66071319580078,-1.5835462228520072],[102.66345977783203,-1.5832030311873524],[102.67169952392578,-1.5790847267831936],[102.67753601074219,-1.5739368348050107],[102.67822265625,-1.5663865702595814]]}},{"type":"Feature","id":"pmtiles:8/201/129:landuse:78123660:6","properties":{"class":"residential","kind":"green","verification":"verified","source":"OpenMapTiles/OpenStreetMap national PMTiles","sourceId":"8/201/129:landuse:78123660:6","sourceLayer":"landuse","archive":"https://its.hanifahseptiani45.workers.dev/v1/map/archive/indonesia.pmtiles","updatedAt":"2026-07-26T09:35:34.573Z"},"geometry":{"type":"Polygon","coordinates":[[[102.63599395751953,-1.6937077424125562],[102.63427734375,-1.6940509151424976],[102.63427734375,-1.6919918778514216],[102.6346206665039,-1.69233505088512],[102.63599395751953,-1.6837557068557771],[102.63427734375,-1.682726183030752],[102.63427734375,-1.6810103087815804],[102.63668060302734,-1.6820398335121638],[102.63702392578125,-1.6803239586595708],[102.63908386230469,-1.6810103087815804],[102.64148712158203,-1.6858147528740517],[102.64629364013672,-1.6878737967145412],[102.63736724853516,-1.6865011010629871],[102.63668060302734,-1.6882169704760344],[102.63908386230469,-1.6889033178172639],[102.63599395751953,-1.6937077424125562]]]}}]}