{"type":"FeatureCollection","features":[{"type":"Feature","id":"pmtiles:10/892/519:mountain_peak:10701783111:0","properties":{"name_int":"Wagura","name_de":"Wagura","name":"Wagura","rank":2,"class":"peak","name:latin":"Wagura","name_en":"Wagura","kind":"poi","verification":"verified","source":"OpenMapTiles/OpenStreetMap national PMTiles","sourceId":"10/892/519:mountain_peak:10701783111:0","sourceLayer":"mountain_peak","archive":"https://its.hanifahseptiani45.workers.dev/v1/map/archive/indonesia.pmtiles","updatedAt":"2026-07-26T09:43:00.116Z"},"geometry":{"type":"Point","coordinates":[133.85004043579102,-2.816686279062921]}},{"type":"Feature","id":"pmtiles:10/892/520:landuse:11646627120:0","properties":{"class":"residential","kind":"green","verification":"verified","source":"OpenMapTiles/OpenStreetMap national PMTiles","sourceId":"10/892/520:landuse:11646627120:0","sourceLayer":"landuse","archive":"https://its.hanifahseptiani45.workers.dev/v1/map/archive/indonesia.pmtiles","updatedAt":"2026-07-26T09:43:27.198Z"},"geometry":{"type":"Polygon","coordinates":[[[133.77691268920898,-3.141287419773988],[133.77888679504395,-3.141373121493345],[133.77991676330566,-3.1423158399418725],[133.7797451019287,-3.1431728559743277],[133.778715133667,-3.1431728559743277],[133.77802848815918,-3.1418016299845846],[133.7772560119629,-3.1419730333318228],[133.77691268920898,-3.141287419773988]]]}},{"type":"Feature","id":"pmtiles:10/892/520:landuse:11646627120:1","properties":{"class":"residential","kind":"green","verification":"verified","source":"OpenMapTiles/OpenStreetMap national PMTiles","sourceId":"10/892/520:landuse:11646627120:1","sourceLayer":"landuse","archive":"https://its.hanifahseptiani45.workers.dev/v1/map/archive/indonesia.pmtiles","updatedAt":"2026-07-26T09:43:27.198Z"},"geometry":{"type":"Polygon","coordinates":[[[133.86085510253906,-3.0548965416430036],[133.8636875152588,-3.056182171631562],[133.8643741607666,-3.05592504575705],[133.86445999145508,-3.05643929744447],[133.86351585388184,-3.057210674513499],[133.86531829833984,-3.0569535488854456],[133.86480331420898,-3.0578963425536614],[133.86248588562012,-3.058239176409387],[133.8625717163086,-3.056782131765857],[133.86085510253906,-3.0548965416430036]]]}},{"type":"Feature","id":"pmtiles:10/892/520:landuse:11646627120:2","properties":{"class":"residential","kind":"green","verification":"verified","source":"OpenMapTiles/OpenStreetMap national PMTiles","sourceId":"10/892/520:landuse:11646627120:2","sourceLayer":"landuse","archive":"https://its.hanifahseptiani45.workers.dev/v1/map/archive/indonesia.pmtiles","updatedAt":"2026-07-26T09:43:27.198Z"},"geometry":{"type":"Polygon","coordinates":[[[133.8745880126953,-3.047782694562244],[133.8760471343994,-3.047439857369639],[133.8764762878418,-3.048296950146323],[133.8771629333496,-3.048296950146323],[133.8772487640381,-3.0505253881698593],[133.87630462646484,-3.05301094820841],[133.87544631958008,-3.051211060478778],[133.87587547302246,-3.0491540422402466],[133.87518882751465,-3.049411169735251],[133.8745880126953,-3.047782694562244]]]}},{"type":"Feature","id":"pmtiles:10/892/520:landuse:11646627120:3","properties":{"class":"residential","kind":"green","verification":"verified","source":"OpenMapTiles/OpenStreetMap national PMTiles","sourceId":"10/892/520:landuse:11646627120:3","sourceLayer":"landuse","archive":"https://its.hanifahseptiani45.workers.dev/v1/map/archive/indonesia.pmtiles","updatedAt":"2026-07-26T09:43:27.198Z"},"geometry":{"type":"Polygon","coordinates":[[[133.87639045715332,-3.0409259299737244],[133.8764762878418,-3.0402402511156765],[133.8771629333496,-3.0400688313330733],[133.8790512084961,-3.041697318167948],[133.8772487640381,-3.043068673595002],[133.87630462646484,-3.042297286381938],[133.87639045715332,-3.0409259299737244]]]}},{"type":"Feature","id":"pmtiles:10/892/520:mountain_peak:10701783111:0","properties":{"name_int":"Wagura","name_de":"Wagura","name":"Wagura","rank":2,"class":"peak","name:latin":"Wagura","name_en":"Wagura","kind":"poi","verification":"verified","source":"OpenMapTiles/OpenStreetMap national PMTiles","sourceId":"10/892/520:mountain_peak:10701783111:0","sourceLayer":"mountain_peak","archive":"https://its.hanifahseptiani45.workers.dev/v1/map/archive/indonesia.pmtiles","updatedAt":"2026-07-26T09:43:27.198Z"},"geometry":{"type":"Point","coordinates":[133.85004043579102,-2.816686279062921]}},{"type":"Feature","id":"pmtiles:10/892/520:mountain_peak:10701656041:0","properties":{"name_int":"Bukit Tonggaran","name_de":"Bukit Tonggaran","name":"Bukit Tonggaran","rank":1,"class":"peak","name:latin":"Bukit Tonggaran","name_en":"Bukit Tonggaran","kind":"poi","verification":"verified","source":"OpenMapTiles/OpenStreetMap national PMTiles","sourceId":"10/892/520:mountain_peak:10701656041:0","sourceLayer":"mountain_peak","archive":"https://its.hanifahseptiani45.workers.dev/v1/map/archive/indonesia.pmtiles","updatedAt":"2026-07-26T09:43:27.198Z"},"geometry":{"type":"Point","coordinates":[133.8333034515381,-3.050011133651182]}},{"type":"Feature","id":"pmtiles:10/892/520:park:5439845772:0","properties":{"name":"Cagar Alam Wagura Kote","name_int":"Wagura Kote Nature Reserve","class":"nature_reserve","name:latin":"Cagar Alam Wagura Kote","name_de":"Cagar Alam Wagura Kote","name_en":"Wagura Kote Nature Reserve","kind":"green","verification":"verified","source":"OpenMapTiles/OpenStreetMap national PMTiles","sourceId":"10/892/520:park:5439845772:0","sourceLayer":"park","archive":"https://its.hanifahseptiani45.workers.dev/v1/map/archive/indonesia.pmtiles","updatedAt":"2026-07-26T09:43:27.198Z"},"geometry":{"type":"Polygon","coordinates":[[[133.92788887023926,-2.8352031621670903],[133.9020538330078,-2.8343459055881652],[133.8947582244873,-2.835031710902115],[133.85201454162598,-2.8774651200962467],[133.82695198059082,-2.874807720389313],[133.8252353668213,-2.8652924642697144],[133.82068634033203,-2.8538054731557168],[133.8182830810547,-2.849433528440457],[133.81536483764648,-2.8463474398193256],[133.8113307952881,-2.8406038639998172],[133.80892753601074,-2.838375005984389],[133.80532264709473,-2.836146143670206],[133.8054084777832,-2.825687578578055],[133.80635261535645,-2.817114913952608],[133.80609512329102,-2.8136858304190184],[133.8032627105713,-2.8058846278244545],[133.91218185424805,-2.8058846278244545],[133.92788887023926,-2.8352031621670903]]]}},{"type":"Feature","id":"pmtiles:10/892/520:transportation:7017773210:0","properties":{"class":"primary_construction","highway":"primary_construction","kind":"road","verification":"verified","source":"OpenMapTiles/OpenStreetMap national PMTiles","sourceId":"10/892/520:transportation:7017773210:0","sourceLayer":"transportation","archive":"https://its.hanifahseptiani45.workers.dev/v1/map/archive/indonesia.pmtiles","updatedAt":"2026-07-26T09:43:27.198Z"},"geometry":{"type":"LineString","coordinates":[[133.75657081604004,-3.0013272647361333],[133.75811576843262,-3.0013272647361333],[133.7596607208252,-3.0007272738764925],[133.76163482666016,-2.9982415939500697],[133.7625789642334,-2.9982415939500697],[133.76343727111816,-2.9978987411030573],[133.76360893249512,-2.997470174893209],[133.76343727111816,-2.996355901962062],[133.7640380859375,-2.995413054749733],[133.7640380859375,-2.9944702067255236],[133.76446723937988,-2.9935273578896897],[133.76420974731445,-2.9923273672888655],[133.7648105621338,-2.9916416577842],[133.76506805419922,-2.9906988065150415],[133.7669563293457,-2.9891559572352975],[133.76704216003418,-2.9884702457478767],[133.76652717590332,-2.9861559663153656],[133.76566886901855,-2.9834988246573886],[133.76558303833008,-2.9816988218204017],[133.7661838531494,-2.979984530665746],[133.76601219177246,-2.979127384087036],[133.76652717590332,-2.9781845220796725],[133.76412391662598,-2.97621308072884],[133.76412391662598,-2.9756987911006973],[133.76498222351074,-2.974155920776596],[133.76532554626465,-2.972527333092728],[133.76463890075684,-2.9695272968572937],[133.7647247314453,-2.9684129956082757],[133.76317977905273,-2.965584379699422],[133.76300811767578,-2.9645557903022137],[133.76360893249512,-2.9624986086392227],[133.76541137695312,-2.959755693809626],[133.76446723937988,-2.9586413827204154],[133.76446723937988,-2.956327040725938],[133.76412391662598,-2.9550412930871204],[133.7643814086914,-2.954269843788879],[133.76566886901855,-2.9533269605852723],[133.76575469970703,-2.9526412268434825],[133.76541137695312,-2.951098324376858],[133.76575469970703,-2.9499840045966153],[133.76566886901855,-2.948955400731265],[133.76687049865723,-2.946298169677007],[133.76961708068848,-2.945526714311697],[133.7702178955078,-2.944926693102488],[133.76953125,-2.943983801977808],[133.76935958862305,-2.942955192568064],[133.77124786376953,-2.9398693586440743],[133.77150535583496,-2.938926463242254],[133.7709903717041,-2.938069284912956],[133.77090454101562,-2.937040670049001],[133.77202033996582,-2.9360120542376222],[133.77236366271973,-2.9353263098371656],[133.77511024475098,-2.934812001260653],[133.77545356750488,-2.934469128744823],[133.77562522888184,-2.9328404828584524],[133.77674102783203,-2.9311261162052347],[133.77845764160156,-2.929754620991531],[133.78171920776367,-2.9282116868677974],[133.78292083740234,-2.928040249611726],[133.78326416015625,-2.927440219008858],[133.7827491760254,-2.926240156839171],[133.7834358215332,-2.9254686876229954],[133.78463745117188,-2.9248686556434222],[133.78463745117188,-2.921954210033988],[133.78549575805664,-2.9213541761748303],[133.78583908081055,-2.9204112651768668],[133.78721237182617,-2.920154107494568],[133.78798484802246,-2.9193826340944327],[133.7881565093994,-2.918439721441544],[133.7874698638916,-2.9170682107161383],[133.7874698638916,-2.916468174247683],[133.7881565093994,-2.91492522185888],[133.78849983215332,-2.913467987104525],[133.7881565093994,-2.912439349671615],[133.78575325012207,-2.9110678316329626],[133.78515243530273,-2.9102963520025042],[133.78506660461426,-2.907553309040452],[133.78540992736816,-2.906696106746665],[133.78798484802246,-2.904553098163717],[133.78841400146484,-2.903181570536205],[133.7860107421875,-2.8931522242068013],[133.7842082977295,-2.8883518218990503],[133.78463745117188,-2.887408883345941],[133.7845516204834,-2.885437282024114],[133.78300666809082,-2.880122513608171],[133.7826633453369,-2.8778937323721863],[133.78360748291016,-2.874121938814838],[133.78403663635254,-2.873607602363535],[133.78480911254883,-2.8734361568282623],[133.78506660461426,-2.8730075428774313],[133.78506660461426,-2.8712930854652257],[133.7834358215332,-2.869578625479974],[133.78300666809082,-2.8687213945229075],[133.78257751464844,-2.866664037604167],[133.78249168395996,-2.8638351658012624],[133.7816333770752,-2.859891878298413],[133.78137588500977,-2.859463259274321],[133.780517578125,-2.858948916234013],[133.78008842468262,-2.8548341636140577],[133.778715133667,-2.8532054032964993],[133.77862930297852,-2.851233742982629],[133.7808609008789,-2.847461861664101],[133.780517578125,-2.846604614186873],[133.780517578125,-2.845318741775273],[133.77948760986328,-2.844204317858342],[133.77948760986328,-2.8436899679949903],[133.77854347229004,-2.8421469170289413],[133.778715133667,-2.8413753907721855],[133.7797451019287,-2.8417182913944146],[133.7808609008789,-2.8417182913944146],[133.78206253051758,-2.8400037872648767],[133.78240585327148,-2.839832336711922],[133.78437995910645,-2.84034668829446],[133.78652572631836,-2.8400037872648767],[133.78807067871094,-2.84034668829446],[133.7892723083496,-2.8400037872648767],[133.79210472106934,-2.839832336711922],[133.7926197052002,-2.8400895125318186],[133.79313468933105,-2.8408610396478906],[133.79279136657715,-2.8414611159373067],[133.79270553588867,-2.8426612675802403],[133.79416465759277,-2.843604242995468],[133.79656791687012,-2.844547217639814],[133.79759788513184,-2.845404466647338],[133.79759788513184,-2.845833090912066],[133.79708290100098,-2.846690338963299],[133.79708290100098,-2.8480619345186113],[133.79751205444336,-2.8482333838481964],[133.7992286682129,-2.847976209844262],[133.79948616027832,-2.84857628243077],[133.79897117614746,-2.849862151205926],[133.79905700683594,-2.8506336717814946],[133.80128860473633,-2.8525196087881426],[133.80154609680176,-2.8540626458566294],[133.8010311126709,-2.8548341636140577],[133.80154609680176,-2.856977265777118],[133.80077362060547,-2.859634706903165],[133.8013744354248,-2.8621206946409927],[133.80223274230957,-2.8635779952907825],[133.8018035888672,-2.8643495066489635],[133.80206108093262,-2.8649495706793005],[133.80266189575195,-2.8652924642697144],[133.80291938781738,-2.8669212074213704],[133.80343437194824,-2.868121332470551],[133.80412101745605,-2.8688928407657386],[133.8046360015869,-2.869064286982862],[133.8050651550293,-2.8697500715942397],[133.80600929260254,-2.8704358557941276],[133.80755424499512,-2.8710359166314277],[133.80927085876465,-2.8724932059240302],[133.80987167358398,-2.8735218795991244],[133.8097858428955,-2.87540777892886],[133.8105583190918,-2.876350727424665],[133.81150245666504,-2.876093559730407],[133.8127040863037,-2.877207952653336],[133.81364822387695,-2.8772936751407485],[133.81587982177734,-2.879522457550493],[133.81665229797363,-2.879951069052524],[133.81836891174316,-2.8800367913335663],[133.81991386413574,-2.8797796244710696],[133.82017135620117,-2.879951069052524],[133.82034301757812,-2.881151180399982],[133.82060050964355,-2.8812369025907003],[133.8215446472168,-2.8806368471202433],[133.82291793823242,-2.8810654582028263],[133.8223171234131,-2.8825227346765274],[133.82291793823242,-2.8843228971555277],[133.82291793823242,-2.8852658382692766],[133.82257461547852,-2.886037334962424],[133.81991386413574,-2.889037594900472],[133.81759643554688,-2.8901519751442635],[133.81725311279297,-2.8905805826389894],[133.81725311279297,-2.891437797142757],[133.81879806518555,-2.89263789635973],[133.81999969482422,-2.895552417740575],[133.82145881652832,-2.8970953966127126],[133.82128715515137,-2.898124048025977],[133.82180213928223,-2.89846693162265],[133.822660446167,-2.8987240942519747],[133.82575035095215,-2.89838121073322],[133.8270378112793,-2.8968382336133516],[133.82806777954102,-2.89623818638772],[133.82969856262207,-2.8964096284846335],[133.8299560546875,-2.8972668385798386],[133.83055686950684,-2.8974382805210013],[133.83193016052246,-2.8976097224361865],[133.83296012878418,-2.8970096756194152],[133.83407592773438,-2.8946094851728645],[133.83347511291504,-2.891266354293805],[133.83381843566895,-2.8883518218990503],[133.8346767425537,-2.88766604848351],[133.83527755737305,-2.8868088311318587],[133.83544921875,-2.886037334962424],[133.83630752563477,-2.8856944476078894],[133.8369083404541,-2.884665784923726],[133.83699417114258,-2.884065731261515],[133.83793830871582,-2.883980009283931],[133.83888244628906,-2.8834656772827145],[133.83974075317383,-2.8833799552599118],[133.84188652038574,-2.886294500410429],[133.8427448272705,-2.8861230567848963],[133.84489059448242,-2.8865516658002406],[133.846435546875,-2.890066253625889],[133.8475513458252,-2.8919521255340896],[133.84798049926758,-2.8922092896423095],[133.84832382202148,-2.8922092896423095],[133.8485813140869,-2.89118063285963],[133.84943962097168,-2.891094911418975],[133.84961128234863,-2.8901519751442635],[133.84943962097168,-2.8892947596692267],[133.85029792785645,-2.888951873297941],[133.85064125061035,-2.8883518218990503],[133.85098457336426,-2.8882661002447634],[133.8511562347412,-2.889037594900472],[133.85244369506836,-2.8892947596692267],[133.8527011871338,-2.8901519751442635],[133.8533878326416,-2.8902376966561434],[133.85424613952637,-2.8893804812458512],[133.85467529296875,-2.8892947596692267],[133.8559627532959,-2.8908377470581286],[133.85725021362305,-2.89092346851821],[133.8607692718506,-2.8895519243797025],[133.86334419250488,-2.888951873297941],[133.8636875152588,-2.8886089868231153],[133.86394500732422,-2.88766604848351],[133.86454582214355,-2.88766604848351],[133.86574745178223,-2.8871517181501503],[133.86574745178223,-2.8868945528961376],[133.86480331420898,-2.886723109361128],[133.86463165283203,-2.8859516131334857],[133.86480331420898,-2.8856944476078894],[133.86574745178223,-2.8858658912980957],[133.86883735656738,-2.8845800629913754],[133.86900901794434,-2.8843228971555277],[133.86900901794434,-2.884065731261515],[133.86780738830566,-2.8832085111949084],[133.86789321899414,-2.881151180399982],[133.86566162109375,-2.879351012904536],[133.86523246765137,-2.8779794548080133],[133.8669490814209,-2.8756649467777464],[133.8680648803711,-2.8748934430571467],[133.86815071105957,-2.874379106953569],[133.86995315551758,-2.873093265680481],[133.8705539703369,-2.87395049335683],[133.87158393859863,-2.87446482965359],[133.87398719787598,-2.874207661534186],[133.8750171661377,-2.8724932059240302],[133.87475967407227,-2.8708644707100746],[133.87621879577637,-2.870178686767389],[133.8771629333496,-2.87009296374562],[133.8787078857422,-2.8704358557941276],[133.87948036193848,-2.8698357946417303],[133.87990951538086,-2.868978563877519],[133.87999534606934,-2.868035609294523],[133.87879371643066,-2.8673498236549193],[133.8787078857422,-2.8670926539340513],[133.87922286987305,-2.866492591027253],[133.87930870056152,-2.8659782511424083],[133.87784957885742,-2.8653781876512596],[133.87784957885742,-2.864263783190381],[133.8772487640381,-2.8633208247225923],[133.877592086792,-2.862463589078274],[133.87784957885742,-2.8604919446630106],[133.87879371643066,-2.8598061545064013],[133.8790512084961,-2.858091677321127],[133.87939453125,-2.8574058857297615],[133.87990951538086,-2.8571487137773772],[133.8801670074463,-2.856377197574588],[133.8801670074463,-2.8547484394443785],[133.87930870056152,-2.8536340246565004],[133.87836456298828,-2.852948230403797],[133.87836456298828,-2.8525196087881426],[133.87887954711914,-2.8522624357420483],[133.87990951538086,-2.85243388444583],[133.88025283813477,-2.8531196790053315],[133.88093948364258,-2.8538054731557168],[133.8826560974121,-2.856891541767382],[133.88299942016602,-2.8572344377679144],[133.8842010498047,-2.8573201617520425],[133.88480186462402,-2.856977265777118],[133.88505935668945,-2.8565486456644464],[133.88591766357422,-2.8521767113805794],[133.8870334625244,-2.850719396257958],[133.88875007629395,-2.8496907021188917],[133.8896942138672,-2.849776426665599],[133.89209747314453,-2.8515766406713254],[133.89347076416016,-2.8519195382578033],[133.89415740966797,-2.85174808947734],[133.8965606689453,-2.849862151205926],[133.89947891235352,-2.849433528440457],[133.90291213989258,-2.8502050493033693],[133.90377044677734,-2.8499478757398577],[133.90402793884277,-2.850462222809398],[133.90402793884277,-2.851233742982629],[133.90437126159668,-2.851833813870755],[133.90660285949707,-2.854148370077496],[133.90728950500488,-2.854148370077496],[133.90892028808594,-2.8550913360847687],[133.90934944152832,-2.8556914049591455],[133.90986442565918,-2.8559485772379247],[133.91029357910156,-2.856977265777118],[133.91115188598633,-2.8574916097011],[133.91175270080566,-2.8574916097011],[133.912353515625,-2.8584345729631195],[133.9120101928711,-2.8592918116198405],[133.91243934631348,-2.8600633258631944],[133.91278266906738,-2.8636637188006944],[133.91098022460938,-2.8693214562603373],[133.91175270080566,-2.8713788083969547],[133.9120101928711,-2.8732647112672396],[133.91252517700195,-2.8738647706181553],[133.91286849975586,-2.875064888373487],[133.91295433044434,-2.8756649467777464],[133.91261100769043,-2.8773793976217235],[133.914155960083,-2.878150899660369],[133.9149284362793,-2.879436735230726],[133.91690254211426,-2.8815797912889423],[133.91887664794922,-2.8822655683755727],[133.91982078552246,-2.8830370671040555],[133.92093658447266,-2.885437282024114],[133.92136573791504,-2.8869802746539364],[133.92239570617676,-2.8886947084515384],[133.92291069030762,-2.8902376966561434],[133.92308235168457,-2.8917806827628993],[133.92394065856934,-2.8929807816170268],[133.92462730407715,-2.894438042803529],[133.9254856109619,-2.89718111759953],[133.92634391784668,-2.897524001481841],[133.92711639404297,-2.8986383733820276],[133.92977714538574,-2.900267068800389],[133.93037796020508,-2.901038555285254],[133.93183708190918,-2.901381437998438],[133.93295288085938,-2.902495806098017],[133.93338203430176,-2.9033530115807054],[133.9339828491211,-2.9036101730986985],[133.93424034118652,-2.9049817002057523],[133.9354419708252,-2.9077247494210496],[133.93621444702148,-2.90909627152773],[133.93681526184082,-2.9096963119248187],[133.93733024597168,-2.909782031955473],[133.93827438354492,-2.909010551444922],[133.93930435180664,-2.90909627152773],[133.9405059814453,-2.9085819509331827],[133.94170761108398,-2.907467588840376],[133.94436836242676,-2.9063532256467965],[133.9446258544922,-2.9053245817222404],[133.9441967010498,-2.904038775498563],[133.94514083862305,-2.903181570536205],[133.94634246826172,-2.903181570536205],[133.94771575927734,-2.9028386883691297],[133.94977569580078,-2.899409860977755],[133.9508056640625,-2.8988098151154276]]}},{"type":"Feature","id":"pmtiles:10/892/520:transportation:5418211680:0","properties":{"class":"primary","highway":"primary","kind":"road","verification":"verified","source":"OpenMapTiles/OpenStreetMap national PMTiles","sourceId":"10/892/520:transportation:5418211680:0","sourceLayer":"transportation","archive":"https://its.hanifahseptiani45.workers.dev/v1/map/archive/indonesia.pmtiles","updatedAt":"2026-07-26T09:43:27.199Z"},"geometry":{"type":"LineString","coordinates":[[133.5882568359375,-2.9746702111245185],[133.59289169311523,-2.973898775512694],[133.59460830688477,-2.973813060411402],[133.59623908996582,-2.974155920776596],[133.5970973968506,-2.9746702111245185],[133.5974407196045,-2.9759559359447536],[133.59864234924316,-2.9766416552356247],[133.60018730163574,-2.9762987956435296],[133.6010456085205,-2.976470225452914],[133.6018180847168,-2.9770702295757303],[133.60241889953613,-2.976984514721053],[133.60301971435547,-2.9772416592650757],[133.6025047302246,-2.9792130987749346],[133.60164642333984,-2.97964167211434],[133.6013889312744,-2.9801559599013814],[133.6013889312744,-2.9816988218204017],[133.6007022857666,-2.9836702533453234],[133.60130310058594,-2.985555967147832],[133.6013889312744,-2.986841679248343],[133.60344886779785,-2.9876131057861244],[133.60722541809082,-2.9885559597072273],[133.60971450805664,-2.9894988128183115],[133.61117362976074,-2.9925845082425013],[133.61160278320312,-2.9930130763645337],[133.6123752593994,-2.9929273627535338],[133.61623764038086,-2.9943844932285373],[133.61658096313477,-2.995670194979084],[133.6171817779541,-2.9964416153047324],[133.61726760864258,-2.9983273071450327],[133.61769676208496,-2.9992701518463036],[133.61889839172363,-2.99978443043166],[133.6204433441162,-2.9996130042634235],[133.62138748168945,-3.0004701348358367],[133.62284660339355,-3.00124155177636],[133.62224578857422,-3.00432721409166],[133.62095832824707,-3.0053557662590578],[133.61846923828125,-3.0057843293760698],[133.61812591552734,-3.0064700300131477],[133.61701011657715,-3.0068985926924654],[133.6164093017578,-3.01118421022052],[133.61589431762695,-3.012041331703429],[133.61598014831543,-3.0130698765923114],[133.61546516418457,-3.013584148672308],[133.61529350280762,-3.014441268265614],[133.61572265625,-3.0160697936325107],[133.61452102661133,-3.0181268748202967],[133.6149501800537,-3.01966968315584],[133.61615180969238,-3.0204410865018616],[133.61675262451172,-3.021383912069467],[133.61769676208496,-3.0222410255112067],[133.6186408996582,-3.0224981594117395],[133.61915588378906,-3.022926715777217],[133.6201000213623,-3.0230124270299967],[133.62104415893555,-3.0239552503636418],[133.62173080444336,-3.0242980950090583],[133.62421989440918,-3.0240409615351638],[133.6259365081787,-3.024212383857872],[133.62911224365234,-3.0233552719734007],[133.6315155029297,-3.0246409395460745],[133.6328887939453,-3.0247266506633963],[133.6340045928955,-3.025755183542728],[133.63503456115723,-3.0258408945719424],[133.63580703735352,-3.0262694496164073],[133.63709449768066,-3.0265265825617433],[133.63743782043457,-3.0271265591969296],[133.63829612731934,-3.0261837386210715],[133.63906860351562,-3.0262694496164073],[133.64035606384277,-3.0270408482693796],[133.64130020141602,-3.0263551606049788],[133.64378929138184,-3.02532662829492],[133.64559173583984,-3.026869426393972],[133.6461067199707,-3.02755511373293],[133.6465358734131,-3.0304692800804105],[133.6475658416748,-3.0304692800804105],[133.64850997924805,-3.030812122664372],[133.64971160888672,-3.03055499073659],[133.65288734436035,-3.0328691758867166],[133.6530590057373,-3.031926360312042],[133.65288734436035,-3.0303835694174523],[133.6520290374756,-3.0279836680993952],[133.65323066711426,-3.026612293529979],[133.65357398986816,-3.0252409172250196],[133.65262985229492,-3.0230124270299967],[133.65280151367188,-3.022669581978235],[133.65511894226074,-3.0211267779049535],[133.65880966186523,-3.0225838706983694],[133.65992546081543,-3.0238695391853554],[133.66018295288086,-3.0237838280003047],[133.66069793701172,-3.022926715777217],[133.66121292114258,-3.022755293251336],[133.66164207458496,-3.023269560747707],[133.66198539733887,-3.024212383857872],[133.66275787353516,-3.0246409395460745],[133.66395950317383,-3.024212383857872],[133.6651611328125,-3.0247266506633963],[133.66687774658203,-3.0249837839747045],[133.66910934448242,-3.0239552503636418],[133.6699676513672,-3.0239552503636418],[133.67168426513672,-3.0231838495152488],[133.672456741333,-3.0224981594117395],[133.6728858947754,-3.0225838706983694],[133.67374420166016,-3.02344098319233],[133.6746883392334,-3.0236124056098532],[133.67588996887207,-3.0244695172911094],[133.6769199371338,-3.023698116808461],[133.6769199371338,-3.0228410045176446],[133.6779499053955,-3.022326736818158],[133.67897987365723,-3.022155314197491],[133.67975234985352,-3.022926715777217],[133.6812973022461,-3.023269560747707],[133.68361473083496,-3.0231838495152488],[133.68447303771973,-3.022755293251336],[133.6849021911621,-3.021383912069467],[133.68584632873535,-3.0204410865018616],[133.68799209594727,-3.0206982208287627],[133.69013786315918,-3.0206125093932457],[133.69056701660156,-3.0204410865018616],[133.6915111541748,-3.0193268370483963],[133.6933994293213,-3.0190697023968056],[133.6963176727295,-3.0178697398847163],[133.6974334716797,-3.0169269112671344],[133.69915008544922,-3.016669776047692],[133.7010383605957,-3.0174411815235516],[133.7021541595459,-3.017612604888299],[133.7057590484619,-3.0155555227274107],[133.70601654052734,-3.01366986066202],[133.70756149291992,-3.0123841801076736],[133.70850563049316,-3.012041331703429],[133.71005058288574,-3.0122984680167377],[133.71150970458984,-3.0110127858430076],[133.71185302734375,-3.0104128003092114],[133.71339797973633,-3.009812814445013],[133.7139129638672,-3.0086985541065445],[133.71502876281738,-3.007670005090887],[133.71614456176758,-3.005955754575737],[133.71648788452148,-3.004927202973775],[133.71854782104492,-3.003212948150079],[133.71914863586426,-3.0031272353382548],[133.7197494506836,-3.003470086545221],[133.72069358825684,-3.0035557993301296],[133.7252426147461,-3.002870096862381],[133.72601509094238,-3.002270106849963],[133.72859001159668,-3.0038129376445255],[133.72979164123535,-3.002870096862381],[133.73004913330078,-3.0005558478561056],[133.73133659362793,-2.998413020333274],[133.7310791015625,-2.9960987618937764],[133.73159408569336,-2.994641633699402],[133.73245239257812,-2.989755954435253],[133.73245239257812,-2.987870247844924],[133.73270988464355,-2.9866702510552443],[133.7325382232666,-2.9852131103335324],[133.73279571533203,-2.984184539248716],[133.7333106994629,-2.9839273963271182],[133.73700141906738,-2.985470252954272],[133.74034881591797,-2.987355963667085],[133.74103546142578,-2.9882131038296222],[133.7412929534912,-2.9900130959919267],[133.74017715454102,-2.9917273714957417],[133.74043464660645,-2.9933559307414725],[133.74120712280273,-2.994127352697305],[133.74189376831055,-2.9943844932285373],[133.74378204345703,-2.9943844932285373],[133.7446403503418,-2.99472734717628],[133.74627113342285,-2.9936130714537654],[133.74953269958496,-2.993441644318935],[133.75064849853516,-2.9936130714537654],[133.75133514404297,-2.994127352697305],[133.75288009643555,-2.9940416391734885],[133.75322341918945,-2.994213066214428],[133.75356674194336,-2.994898774109899],[133.75494003295898,-2.9952416278966183],[133.7552833557129,-2.995670194979084],[133.75622749328613,-2.998927299321707],[133.75657081604004,-3.0013272647361333]]}},{"type":"Feature","id":"pmtiles:10/892/520:water:1540:0","properties":{"class":"ocean","water":"ocean","kind":"waterway","verification":"verified","source":"OpenMapTiles/OpenStreetMap national PMTiles","sourceId":"10/892/520:water:1540:0","sourceLayer":"water","archive":"https://its.hanifahseptiani45.workers.dev/v1/map/archive/indonesia.pmtiles","updatedAt":"2026-07-26T09:43:27.199Z"},"geometry":{"type":"Polygon","coordinates":[[[133.62473487854004,-2.811456920712587],[133.62473487854004,-2.810942556329337],[133.62473487854004,-2.809485189345736],[133.6252498626709,-2.808027820542989],[133.62662315368652,-2.8058846278244545],[133.63228797912598,-2.8058846278244545],[133.63022804260254,-2.8077706376243157],[133.62868309020996,-2.808713641382596],[133.62756729125977,-2.8098280993879285],[133.62688064575195,-2.8105996466145626],[133.62662315368652,-2.8111997385493055],[133.62627983093262,-2.8122284668622513],[133.6260223388672,-2.8140287392264725],[133.62756729125977,-2.8214869808100644],[133.6292839050293,-2.8271449252736573],[133.63031387329102,-2.833231471086279],[133.63065719604492,-2.8338315513360186],[133.63057136535645,-2.836660496893316],[133.63117218017578,-2.8436899679949903],[133.63082885742188,-2.844975842223249],[133.62988471984863,-2.8464331646148793],[133.62945556640625,-2.847976209844262],[133.6296272277832,-2.8484048331522445],[133.63031387329102,-2.8489191809112384],[133.63168716430664,-2.8492620792895877],[133.6344337463379,-2.849176354704582],[133.63752365112305,-2.849862151205926],[133.63529205322266,-2.850033600267409],[133.6318588256836,-2.850805120728026],[133.63022804260254,-2.850976569649035],[133.62876892089844,-2.850547947298651],[133.6278247833252,-2.849433528440457],[133.62773895263672,-2.847890485163518],[133.62911224365234,-2.845404466647338],[133.6292839050293,-2.8435185179895655],[133.62911224365234,-2.8399180619915825],[133.62842559814453,-2.8339172770605785],[133.62799644470215,-2.8313455025625416],[133.62627983093262,-2.8254303995594654],[133.624906539917,-2.822687153150639],[133.6244773864746,-2.820972620856196],[133.6244773864746,-2.8199439002659403],[133.62353324890137,-2.8138572848353647],[133.6237907409668,-2.8125713760982904],[133.62473487854004,-2.811456920712587]]]}},{"type":"Feature","id":"pmtiles:10/892/520:water:1540:1","properties":{"class":"ocean","water":"ocean","kind":"waterway","verification":"verified","source":"OpenMapTiles/OpenStreetMap national PMTiles","sourceId":"10/892/520:water:1540:1","sourceLayer":"water","archive":"https://its.hanifahseptiani45.workers.dev/v1/map/archive/indonesia.pmtiles","updatedAt":"2026-07-26T09:43:27.200Z"},"geometry":{"type":"Polygon","coordinates":[[[133.69983673095703,-3.167940314402756],[133.6582088470459,-3.167940314402756],[133.65760803222656,-3.1669976191911076],[133.65657806396484,-3.16476942709798],[133.65245819091797,-3.1627126301440143],[133.64988327026367,-3.1580848220848026],[133.65039825439453,-3.1517429775505548],[133.65262985229492,-3.152428584229895],[133.65468978881836,-3.1505431647747315],[133.65365982055664,-3.1430014528241372],[133.65245819091797,-3.137859345232968],[133.65168571472168,-3.132802914764511],[133.650484085083,-3.1315173776989553],[133.64996910095215,-3.129546217800481],[133.6479949951172,-3.1261181047992466],[133.64773750305176,-3.1238041221898953],[133.64782333374023,-3.122775683837318],[133.64816665649414,-3.121918651107464],[133.64885330200195,-3.121233024420164],[133.6523723602295,-3.118833327492041],[133.65554809570312,-3.117462069645498],[133.6603546142578,-3.1162622175635306],[133.6629295349121,-3.117804884274733],[133.6618995666504,-3.1206331007017667],[133.66704940795898,-3.1207188041110783],[133.670654296875,-3.114205325097828],[133.6735725402832,-3.1003211960046144],[133.6787223815918,-3.0970643985661894],[133.7029266357422,-3.072380977309166],[133.7084197998047,-3.058839135393143],[133.71451377868652,-3.0518967323503006],[133.71665954589844,-3.045468541393163],[133.72404098510742,-3.035354776642805],[133.727388381958,-3.0322692024342928],[133.72953414916992,-3.0309835439156387],[133.73004913330078,-3.029183619423364],[133.73082160949707,-3.029097908658599],[133.73236656188965,-3.0295264624145517],[133.73408317565918,-3.0301264373878496],[133.73854637145996,-3.031069254531076],[133.74300956726074,-3.0322692024342928],[133.7435245513916,-3.032097781386753],[133.74403953552246,-3.0312406757415857],[133.74601364135742,-3.031069254531076],[133.74704360961914,-3.030640701385977],[133.74807357788086,-3.0308978332933947],[133.75039100646973,-3.0321834919139263],[133.75107765197754,-3.031583518081135],[133.75279426574707,-3.030640701385977],[133.75330924987793,-3.0299550160008266],[133.7533950805664,-3.029097908658599],[133.75253677368164,-3.0267837154460864],[133.75322341918945,-3.0259266055943925],[133.75425338745117,-3.0233552719734007],[133.75717163085938,-3.0205267979509216],[133.75802993774414,-3.020183952114067],[133.76197814941406,-3.0206125093932457],[133.7662696838379,-3.0216410461730447],[133.7680721282959,-3.022669581978235],[133.76978874206543,-3.024126672699907],[133.77073287963867,-3.024555228421974],[133.771333694458,-3.024212383857872],[133.77202033996582,-3.02344098319233],[133.7732219696045,-3.023269560747707],[133.77442359924316,-3.0237838280003047],[133.77596855163574,-3.025069495064926],[133.77656936645508,-3.0252409172250196],[133.77734184265137,-3.0249837839747045],[133.77802848815918,-3.0233552719734007],[133.778715133667,-3.0231838495152488],[133.77991676330566,-3.0233552719734007],[133.78111839294434,-3.022926715777217],[133.78223419189453,-3.023098138275998],[133.7830924987793,-3.0236124056098532],[133.78352165222168,-3.024212383857872],[133.78437995910645,-3.0244695172911094],[133.78540992736816,-3.024212383857872],[133.7878131866455,-3.024126672699907],[133.789701461792,-3.0252409172250196],[133.79201889038086,-3.0296978838694173],[133.79493713378906,-3.028326511470482],[133.7955379486084,-3.02601231661005],[133.79287719726562,-3.025069495064926],[133.79253387451172,-3.0218124688749413],[133.79528045654297,-3.0096413898517227],[133.79940032958984,-3.0032986609551813],[133.7999153137207,-3.0015844035751513],[133.79716873168945,-2.9996987173508955],[133.7966537475586,-2.9943844932285373],[133.79948616027832,-2.989927382146419],[133.79819869995117,-2.9875273917531473],[133.80197525024414,-2.984613110651054],[133.80609512329102,-2.981013105679054],[133.80403518676758,-2.979127384087036],[133.80489349365234,-2.9719273264979194],[133.8086700439453,-2.967212977621841],[133.8079833984375,-2.9650700851203737],[133.80695343017578,-2.963870063506093],[133.80901336669922,-2.9587270989978123],[133.8266944885254,-2.9447552584119165],[133.82394790649414,-2.9359263362105708],[133.82034301757812,-2.9283831240976355],[133.81467819213867,-2.9208398611831825],[133.81107330322266,-2.919296914795055],[133.8086700439453,-2.9136394265853056],[133.80146026611328,-2.909181991604001],[133.80592346191406,-2.908667671048576],[133.81484985351562,-2.906096064753555],[133.81759643554688,-2.907467588840376],[133.82617950439453,-2.9199826690069983],[133.82909774780273,-2.9234114337850343],[133.83424758911133,-2.930954679395441],[133.8380241394043,-2.9348977193731827],[133.84248733520508,-2.937297823853825],[133.84729385375977,-2.938326438480857],[133.8519287109375,-2.940555100253988],[133.8541603088379,-2.938326438480857],[133.85604858398438,-2.9408979709008634],[133.8530445098877,-2.942955192568064],[133.85433197021484,-2.9520412094721706],[133.85828018188477,-2.9546984267985295],[133.8581085205078,-2.958041368593044],[133.85364532470703,-2.9619843126261145],[133.85055541992188,-2.966955830740943],[133.85604858398438,-2.987355963667085],[133.85570526123047,-2.9928416491358405],[133.8577651977539,-2.998670159857724],[133.85931015014648,-3.006041467165474],[133.86188507080078,-3.008612841725622],[133.86119842529297,-3.0103270880631356],[133.86377334594727,-3.0110127858430076],[133.8658332824707,-3.013584148672308],[133.86488914489746,-3.0178697398847163],[133.85939598083496,-3.021298200688065],[133.8581943511963,-3.025755183542728],[133.86566162109375,-3.038011791817624],[133.86780738830566,-3.038097501875697],[133.8677215576172,-3.039468861879442],[133.86926651000977,-3.040668800453034],[133.87106895446777,-3.0437543506542255],[133.87192726135254,-3.044525736824312],[133.8727855682373,-3.044868574944843],[133.8731288909912,-3.045811379213575],[133.87493133544922,-3.047439857369639],[133.87450218200684,-3.04812553164561],[133.87527465820312,-3.0497540062996364],[133.87450218200684,-3.051468187481859],[133.87553215026855,-3.0513824784876675],[133.87553215026855,-3.052153859189346],[133.87587547302246,-3.052496694879011],[133.87587547302246,-3.05292523933727],[133.87621879577637,-3.0530966570727003],[133.8771629333496,-3.05292523933727],[133.87836456298828,-3.0544679979713294],[133.8779354095459,-3.0548108329223567],[133.87845039367676,-3.0556679198209196],[133.87845039367676,-3.0566107146188557],[133.87879371643066,-3.0566107146188557],[133.87913703918457,-3.056867840329062],[133.87913703918457,-3.058839135393143],[133.87982368469238,-3.0586677185748954],[133.88025283813477,-3.0592676773188714],[133.87990951538086,-3.0599533440437057],[133.8800811767578,-3.0602961772416393],[133.88102531433105,-3.060553302068115],[133.88239860534668,-3.061838925274955],[133.88257026672363,-3.0624388822434696],[133.8819694519043,-3.0627817146459932],[133.88239860534668,-3.0644958750119997],[133.88351440429688,-3.064667290897617],[133.88463020324707,-3.065781493484806],[133.8848876953125,-3.0672385258861965],[133.88531684875488,-3.0676670644499637],[133.88505935668945,-3.069724047164584],[133.88591766357422,-3.0720381479845713],[133.88952255249023,-3.0743522437885247],[133.8900375366211,-3.074952193733239],[133.89278411865234,-3.0742665366260127],[133.89286994934082,-3.073752293506402],[133.89347076416016,-3.073580879078108],[133.89398574829102,-3.0739237079071415],[133.89450073242188,-3.073152342886928],[133.8958740234375,-3.0718667332809844],[133.8962173461914,-3.071266781601736],[133.8962173461914,-3.0698954622120738],[133.89647483825684,-3.0694669245417856],[133.89647483825684,-3.067838479827401],[133.8962173461914,-3.0671528181528345],[133.89690399169922,-3.065781493484806],[133.89827728271484,-3.0644958750119997],[133.90016555786133,-3.0633816710863044],[133.90342712402344,-3.0632959630439984],[133.90514373779297,-3.0629531308061075],[133.9090061187744,-3.0611532597566367],[133.91175270080566,-3.058753426987451],[133.91501426696777,-3.0540394541286133],[133.9160442352295,-3.0545537067193465],[133.912353515625,-3.060381885523981],[133.90969276428223,-3.0628674227294823],[133.9060878753662,-3.0639816271904152],[133.90145301818848,-3.064667290897617],[133.89862060546875,-3.0656957856346736],[133.89793395996094,-3.0662100326324406],[133.89776229858398,-3.0681813104997673],[133.89896392822266,-3.0703239997104816],[133.89930725097656,-3.0720381479845713],[133.89965057373047,-3.0721238553260406],[133.90188217163086,-3.0710096593502954],[133.90308380126953,-3.070752537036938],[133.90437126159668,-3.0708382444815925],[133.90703201293945,-3.0715239037912596],[133.9101219177246,-3.0734951718536365],[133.91252517700195,-3.0744379509441444],[133.91364097595215,-3.0744379509441444],[133.91655921936035,-3.072723806523655],[133.91793251037598,-3.073666586295701],[133.91613006591797,-3.075037900840641],[133.91424179077148,-3.0758092644973942],[133.9126968383789,-3.075980678567575],[133.9101219177246,-3.0754664362743966],[133.9090919494629,-3.07486648661893],[133.9072036743164,-3.073066635628038],[133.90600204467773,-3.072723806523655],[133.90454292297363,-3.0726380992303604],[133.90308380126953,-3.0733237573840455],[133.9028263092041,-3.07400941509718],[133.90402793884277,-3.075980678567575],[133.90445709228516,-3.077266283215323],[133.90480041503906,-3.0794946609307488],[133.90480041503906,-3.081894447102087],[133.90368461608887,-3.0860940598774533],[133.90368461608887,-3.0868654155225954],[133.9042854309082,-3.0874653584149883],[133.90668869018555,-3.087808182772804],[133.90668869018555,-3.0883224191020417],[133.90488624572754,-3.0881510070199596],[133.90291213989258,-3.0874653584149883],[133.9028263092041,-3.0880653009685375],[133.90128135681152,-3.091407831846695],[133.90145301818848,-3.091836360685079],[133.90110969543457,-3.091836360685079],[133.9006805419922,-3.093036240511424],[133.90085220336914,-3.0939790022796103],[133.90188217163086,-3.095693112437033],[133.90188217163086,-3.0961216395430995],[133.9035987854004,-3.0986070933388845],[133.90445709228516,-3.098949914094149],[133.90600204467773,-3.0990356192656208],[133.90660285949707,-3.0994641450188425],[133.90728950500488,-3.1001497858630103],[133.90771865844727,-3.1022924106363945],[133.9086627960205,-3.1035779834161588],[133.90952110290527,-3.103663688212535],[133.9102077484131,-3.1033208689852927],[133.90986442565918,-3.103920802559969],[133.91003608703613,-3.105377782680165],[133.91037940979004,-3.1072632833812293],[133.9112377166748,-3.1087202588887948],[133.91175270080566,-3.1089773720048157],[133.91407012939453,-3.1090630763628866],[133.91544342041016,-3.1082060324687717],[133.91681671142578,-3.108120328041082],[133.91690254211426,-3.1082917368895124],[133.91595840454102,-3.1082917368895124],[133.91535758972168,-3.108548850109969],[133.9149284362793,-3.1096630066744524],[133.91578674316406,-3.110520049384675],[133.9178466796875,-3.111548499717344],[133.9160442352295,-3.1110342746764132],[133.91407012939453,-3.1099201195606554],[133.91226768493652,-3.1100915281166266],[133.9108943939209,-3.1110342746764132],[133.91063690185547,-3.111719908008567],[133.91063690185547,-3.112405540894656],[133.91106605529785,-3.1136911013535666],[133.91355514526367,-3.1157479948238773],[133.91733169555664,-3.117804884274733],[133.91956329345703,-3.1202902869946314],[133.92085075378418,-3.1209759142970626],[133.92162322998047,-3.120890210908726],[133.92205238342285,-3.121747244477575],[133.92059326171875,-3.1226042773472784],[133.91982078552246,-3.122689980595794],[133.91887664794922,-3.1220900577093715],[133.91801834106445,-3.120033176640902],[133.91767501831055,-3.119690362738112],[133.91681671142578,-3.119261845202402],[133.9160442352295,-3.119261845202402],[133.9156150817871,-3.119604659244942],[133.91552925109863,-3.1201188800991275],[133.91510009765625,-3.1207188041110783],[133.91510009765625,-3.1214044311339393],[133.91475677490234,-3.121918651107464],[133.91484260559082,-3.1240612316206438],[133.91467094421387,-3.1250896687138834],[133.91681671142578,-3.1283463795250697],[133.91793251037598,-3.1306603521118745],[133.91810417175293,-3.1316030802190937],[133.9175033569336,-3.1334028315215505],[133.91655921936035,-3.135116877503819],[133.91467094421387,-3.1371737289750854],[133.91389846801758,-3.1376879412106575],[133.91252517700195,-3.137859345232968],[133.9120101928711,-3.1374308351244906],[133.91209602355957,-3.137088026911229],[133.91261100769043,-3.137345133081709],[133.91321182250977,-3.1372594310319073],[133.91475677490234,-3.1361453037451525],[133.91578674316406,-3.1350311752713935],[133.9170742034912,-3.1326315099136366],[133.9170742034912,-3.131260270096462],[133.91587257385254,-3.1285177850770793],[133.91372680664062,-3.1261181047992466],[133.91261100769043,-3.1238041221898953],[133.91098022460938,-3.1184905131980116],[133.91037940979004,-3.1173763659707276],[133.9086627960205,-3.1164336250875664],[133.9076328277588,-3.1162622175635306],[133.90668869018555,-3.1167764400519076],[133.9061737060547,-3.1172049586002544],[133.90591621398926,-3.118061995173335],[133.9068603515625,-3.1211473210527885],[133.9083194732666,-3.1214044311339393],[133.9083194732666,-3.12166154115215],[133.9061737060547,-3.12166154115215],[133.9060878753662,-3.122689980595794],[133.90591621398926,-3.1226042773472784],[133.90565872192383,-3.1214044311339393],[133.90522956848145,-3.1206331007017667],[133.9046287536621,-3.1201188800991275],[133.90402793884277,-3.1201188800991275],[133.9028263092041,-3.120804507513398],[133.9020538330078,-3.120033176640902],[133.9020538330078,-3.119604659244942],[133.8991355895996,-3.116690736321303],[133.89836311340332,-3.117462069645498],[133.89819145202637,-3.1184905131980116],[133.89819145202637,-3.119604659244942],[133.89930725097656,-3.1214044311339393],[133.8992214202881,-3.121747244477575],[133.89870643615723,-3.120890210908726],[133.89827728271484,-3.1205473972854634],[133.89776229858398,-3.11909043813921],[133.8969898223877,-3.11797629154745],[133.89741897583008,-3.117033551201871],[133.8973331451416,-3.116605032583692],[133.89647483825684,-3.1155765871881727],[133.89681816101074,-3.1152337718330187],[133.89681816101074,-3.1147195485909975],[133.89604568481445,-3.114205325097828],[133.89561653137207,-3.1132625813749115],[133.89578819274902,-3.112491244974052],[133.89535903930664,-3.1118056121437263],[133.89450073242188,-3.111719908008567],[133.8944149017334,-3.1113770913982393],[133.89527320861816,-3.111119978867336],[133.89501571655273,-3.110434345144995],[133.89432907104492,-3.110434345144995],[133.8940715789795,-3.1088916676397673],[133.8936424255371,-3.108377441303304],[133.89389991760254,-3.1074346923688836],[133.8936424255371,-3.1062348288707966],[133.89415740966797,-3.10580630586243],[133.89501571655273,-3.1043493263333346],[133.89501571655273,-3.103663688212535],[133.8932991027832,-3.1009211312815097],[133.89244079589844,-3.1001497858630103],[133.89175415039062,-3.1001497858630103],[133.8910675048828,-3.100578311164952],[133.8907241821289,-3.1012639512869384],[133.89046669006348,-3.1031494593299698],[133.8900375366211,-3.103492278612819],[133.8896942138672,-3.1054634873305247],[133.88978004455566,-3.1062348288707966],[133.89141082763672,-3.108120328041082],[133.89132499694824,-3.1087202588887948],[133.89098167419434,-3.1086345545028706],[133.89029502868652,-3.108120328041082],[133.8900375366211,-3.1072632833812293],[133.8896942138672,-3.106663351705251],[133.88943672180176,-3.105720601239895],[133.8896083831787,-3.102892344794867],[133.8892650604248,-3.1023781155370216],[133.8889217376709,-3.1020352958928186],[133.88789176940918,-3.1020352958928186],[133.8874626159668,-3.1035779834161588],[133.88772010803223,-3.1082060324687717],[133.88754844665527,-3.110862866273706],[133.88772010803223,-3.111462795561266],[133.88840675354004,-3.111634203866444],[133.88686180114746,-3.113519693383026],[133.88626098632812,-3.1146338446929036],[133.8860034942627,-3.1155765871881727],[133.8860034942627,-3.1167764400519076],[133.88789176940918,-3.121233024420164],[133.88772010803223,-3.1218329477960225],[133.88797760009766,-3.122689980595794],[133.88849258422852,-3.123289903139522],[133.8892650604248,-3.123118496733426],[133.8896942138672,-3.1233756063320754],[133.888578414917,-3.123718419032329],[133.8874626159668,-3.122775683837318],[133.88737678527832,-3.121575837819748],[133.88651847839355,-3.1190047345971266],[133.8856601715088,-3.117290662288994],[133.8852310180664,-3.115490883359854],[133.88531684875488,-3.114205325097828],[133.8863468170166,-3.111634203866444],[133.88651847839355,-3.1107771620618934],[133.88626098632812,-3.110520049384675],[133.88660430908203,-3.1100915281166266],[133.88677597045898,-3.1086345545028706],[133.88643264770508,-3.10709187436575],[133.88626098632812,-3.103920802559969],[133.88694763183594,-3.1003211960046144],[133.8874626159668,-3.09852138813271],[133.88866424560547,-3.09680728255222],[133.89201164245605,-3.093207651804363],[133.89278411865234,-3.0886652431831862],[133.89381408691406,-3.084894172205537],[133.89467239379883,-3.0830943381586167],[133.8958740234375,-3.0814659142539824],[133.89690399169922,-3.0787232999413447],[133.89690399169922,-3.076752041542292],[133.89647483825684,-3.0758949715359307],[133.89501571655273,-3.07486648661893],[133.8925266265869,-3.075980678567575],[133.89166831970215,-3.076666334572664],[133.8914966583252,-3.0781233521189932],[133.8907241821289,-3.0792375406630157],[133.8900375366211,-3.079580367672847],[133.888578414917,-3.079837487857816],[133.8878059387207,-3.079323247425819],[133.88694763183594,-3.079066127116704],[133.88463020324707,-3.0761520926101866],[133.88385772705078,-3.0757235574519797],[133.88368606567383,-3.0747807794977575],[133.88291358947754,-3.073752293506402],[133.88248443603516,-3.071266781601736],[133.88188362121582,-3.0708382444815925],[133.88128280639648,-3.0698954622120738],[133.88076782226562,-3.0672385258861965],[133.87879371643066,-3.066381448243405],[133.87664794921875,-3.063038838875869],[133.8757038116455,-3.060896135074117],[133.87587547302246,-3.060381885523981],[133.8753604888916,-3.058924843791999],[133.8745880126953,-3.0590105521839916],[133.87372970581055,-3.0584963017292495],[133.87347221374512,-3.057982051027878],[133.87304306030273,-3.057982051027878],[133.87261390686035,-3.05858201015549],[133.8709831237793,-3.0556679198209196],[133.8690948486328,-3.0552393764571804],[133.8672924041748,-3.0560107543887227],[133.8662624359131,-3.0560107543887227],[133.86540412902832,-3.056353588847017],[133.86531829833984,-3.0558393371185133],[133.86420249938965,-3.05549650249597],[133.8636875152588,-3.056182171631562],[133.86274337768555,-3.05592504575705],[133.86051177978516,-3.054639415460514],[133.86025428771973,-3.0543822892164627],[133.8595676422119,-3.052496694879011],[133.85716438293457,-3.0505253881698593],[133.8567352294922,-3.0487254962786494],[133.855619430542,-3.048296950146323],[133.85467529296875,-3.045468541393163],[133.85364532470703,-3.0434972218081384],[133.85381698608398,-3.037411821220516],[133.85330200195312,-3.0352690663670643],[133.85210037231445,-3.0329548863527407],[133.85021209716797,-3.030212148071172],[133.84875297546387,-3.0259266055943925],[133.8460922241211,-3.024555228421974],[133.84514808654785,-3.022326736818158],[133.8449764251709,-3.0208696436795464],[133.83939743041992,-3.0187268561000025],[133.83407592773438,-3.019755394665779],[133.82720947265625,-3.033297728148952],[133.82549285888672,-3.044097189020235],[133.8255786895752,-3.057467800079934],[133.8270378112793,-3.0607247185848365],[133.82686614990234,-3.066381448243405],[133.83150100708008,-3.071695318549885],[133.83098602294922,-3.080266021361453],[133.8277244567871,-3.0896937147624755],[133.82463455200195,-3.0893508910134244],[133.8182830810547,-3.1001497858630103],[133.81450653076172,-3.102720935070053],[133.81253242492676,-3.1045207357940114],[133.81193161010742,-3.1044350310671547],[133.81098747253418,-3.102892344794867],[133.81030082702637,-3.1024638204306996],[133.8083267211914,-3.1022067057288183],[133.8072109222412,-3.1028066399359346],[133.80712509155273,-3.1035779834161588],[133.80669593811035,-3.1029780496468646],[133.80592346191406,-3.1033208689852927],[133.80446434020996,-3.1044350310671547],[133.80437850952148,-3.10580630586243],[133.8046360015869,-3.106577647152264],[133.8050651550293,-3.1067490562512745],[133.8054084777832,-3.1075203968522658],[133.80523681640625,-3.109148780713994],[133.80455017089844,-3.110434345144995],[133.8046360015869,-3.112062724507382],[133.80489349365234,-3.112491244974052],[133.80455017089844,-3.112491244974052],[133.8039493560791,-3.1146338446929036],[133.80420684814453,-3.115919402431686],[133.80266189575195,-3.116690736321303],[133.80197525024414,-3.1173763659707276],[133.800687789917,-3.117290662288994],[133.8002586364746,-3.118833327492041],[133.7987995147705,-3.119261845202402],[133.7955379486084,-3.1195189557447804],[133.79150390625,-3.1190047345971266],[133.7903881072998,-3.1184048096070427],[133.78952980041504,-3.1163479213290373],[133.78961563110352,-3.11514806797679],[133.78918647766113,-3.1149766602434],[133.7885856628418,-3.11514806797679],[133.7874698638916,-3.1148052524820997],[133.78686904907227,-3.1138625092962116],[133.78558158874512,-3.114205325097828],[133.78515243530273,-3.113605397371785],[133.78369331359863,-3.115662291009528],[133.78292083740234,-3.1148909563662386],[133.78171920776367,-3.114119621157883],[133.78103256225586,-3.1125769490464847],[133.77991676330566,-3.111291387228235],[133.77948760986328,-3.1100058238421298],[133.7783718109131,-3.1086345545028706],[133.77888679504395,-3.111119978867336],[133.7782859802246,-3.112405540894656],[133.77485275268555,-3.113433989387289],[133.77202033996582,-3.113091173334638],[133.771333694458,-3.11514806797679],[133.7728786468506,-3.118319106009082],[133.77124786376953,-3.121918651107464],[133.7761402130127,-3.134345557159264],[133.77708435058594,-3.1350311752713935],[133.7772560119629,-3.1357167929341614],[133.77674102783203,-3.137088026911229],[133.77639770507812,-3.137602239188965],[133.77605438232422,-3.137602239188965],[133.7761402130127,-3.1389734706927186],[133.7764835357666,-3.139573383909749],[133.77631187438965,-3.1402589985930405],[133.7768268585205,-3.141373121493345],[133.77691268920898,-3.1421444366509235],[133.7768268585205,-3.1430014528241372],[133.7757968902588,-3.1465152117729644],[133.7743377685547,-3.1488291441247185],[133.77330780029297,-3.1483149373795953],[133.7724494934082,-3.1490005463166852],[133.77296447753906,-3.1503717628367127],[133.77399444580078,-3.1516572766838635],[133.77519607543945,-3.154142598951225],[133.7742519378662,-3.15508530584367],[133.77330780029297,-3.1553424075750343],[133.7728786468506,-3.1580848220848026],[133.7709903717041,-3.1586847242936216],[133.76996040344238,-3.1584276233894144],[133.77159118652344,-3.1663120221345054],[133.77184867858887,-3.167940314402756],[133.70198249816895,-3.167940314402756],[133.70052337646484,-3.1649408266599153],[133.6988067626953,-3.162369830254974],[133.69657516479492,-3.1580848220848026],[133.692626953125,-3.154485401556471],[133.69108200073242,-3.1556852097846217],[133.6933135986328,-3.1568850166275837],[133.69348526000977,-3.1582562227512625],[133.6958885192871,-3.159970227859475],[133.69657516479492,-3.162198430267935],[133.69640350341797,-3.1644266278890854],[133.69897842407227,-3.166826219969508],[133.69983673095703,-3.167940314402756]],[[133.90771865844727,-3.1033208689852927],[133.90711784362793,-3.1011782462960014],[133.90643119812012,-3.0998069654964695],[133.90557289123535,-3.0993784398820736],[133.90291213989258,-3.0988642089157565],[133.9024829864502,-3.099292734738384],[133.90308380126953,-3.1018638860290366],[133.90342712402344,-3.1024638204306996],[133.90557289123535,-3.1042636215925654],[133.9072036743164,-3.1042636215925654],[133.9076328277588,-3.103663688212535],[133.90771865844727,-3.1033208689852927]],[[133.90497207641602,-3.11797629154745],[133.90600204467773,-3.1164336250875664],[133.9060878753662,-3.115319475682284],[133.90480041503906,-3.1144624368758116],[133.9035987854004,-3.1131768773582564],[133.90196800231934,-3.1123198368082967],[133.90145301818848,-3.112405540894656],[133.90093803405762,-3.113005469304042],[133.90093803405762,-3.114376732956785],[133.9013671875,-3.1148052524820997],[133.90179634094238,-3.115919402431686],[133.90222549438477,-3.1160908100115563],[133.9024829864502,-3.117033551201871],[133.90497207641602,-3.11797629154745]],[[133.80695343017578,-2.910039192008327],[133.81227493286133,-2.912953668505523],[133.81450653076172,-2.916211015663194],[133.8163948059082,-2.91741108855436],[133.81948471069336,-2.9187825988614122],[133.82137298583984,-2.9199826690069983],[133.82326126098633,-2.920496984391221],[133.82360458374023,-2.917753966288018],[133.81776809692383,-2.908496230811295],[133.81536483764648,-2.9071247079749725],[133.80815505981445,-2.908667671048576],[133.80695343017578,-2.910039192008327]],[[133.78944396972656,-3.107348987878538],[133.789701461792,-3.1092344850581526],[133.79055976867676,-3.1094058937255653],[133.79270553588867,-3.1092344850581526],[133.79399299621582,-3.1059777150866665],[133.79382133483887,-3.105292078022842],[133.79347801208496,-3.104949259324002],[133.79279136657715,-3.104863554631919],[133.79210472106934,-3.104006507328549],[133.79193305969238,-3.1033208689852927],[133.7921905517578,-3.099292734738384],[133.79201889038086,-3.098692798538096],[133.7921905517578,-3.0975786304068578],[133.79193305969238,-3.096293050336996],[133.79210472106934,-3.095178879680944],[133.79304885864258,-3.0927791235200743],[133.7929630279541,-3.0896937147624755],[133.79339218139648,-3.0872082400740197],[133.79322052001953,-3.086179766087895],[133.7922763824463,-3.0841228151298594],[133.78978729248047,-3.083008631699471],[133.78832817077637,-3.0815516208374163],[133.78772735595703,-3.080266021361453],[133.78764152526855,-3.0789804203332096],[133.78592491149902,-3.0783804726556525],[133.7852382659912,-3.0776948177533257],[133.7838649749756,-3.0739237079071415],[133.78214836120605,-3.0716096111740114],[133.7812900543213,-3.0689526791105664],[133.78060340881348,-3.065524369913831],[133.78008842468262,-3.0645815829582403],[133.78026008605957,-3.0636387951720963],[133.78000259399414,-3.0631245469387807],[133.7801742553711,-3.0625245903544],[133.7794017791748,-3.061753217109171],[133.7779426574707,-3.0562678802427143],[133.77802848815918,-3.0558393371185133],[133.77751350402832,-3.055067959063777],[133.77768516540527,-3.0543822892164627],[133.77665519714355,-3.053953745339541],[133.77553939819336,-3.052153859189346],[133.77493858337402,-3.051811023390286],[133.7735652923584,-3.049925424540831],[133.77313613891602,-3.0506968062880873],[133.77339363098145,-3.0518967323503006],[133.77330780029297,-3.0524109859668584],[133.77296447753906,-3.05275382157447],[133.7721061706543,-3.05292523933727],[133.77150535583496,-3.0532680747807746],[133.771333694458,-3.053696618931312],[133.76961708068848,-3.05292523933727],[133.7687587738037,-3.0520681502498235],[133.7672996520996,-3.05112535146408],[133.76721382141113,-3.05292523933727],[133.76687049865723,-3.0530966570727003],[133.7662696838379,-3.05292523933727],[133.76575469970703,-3.053610910114884],[133.76601219177246,-3.0538680365436335],[133.7662696838379,-3.0548965416430036],[133.76498222351074,-3.0554107938232136],[133.76412391662598,-3.0560107543887227],[133.76343727111816,-3.0556679198209196],[133.76275062561035,-3.0562678802427143],[133.76249313354492,-3.0569535488854456],[133.76283645629883,-3.057124965977664],[133.7629222869873,-3.05755350858837],[133.76249313354492,-3.0584963017292495],[133.76051902770996,-3.059696219073288],[133.76060485839844,-3.060553302068115],[133.75983238220215,-3.060467593799487],[133.75940322875977,-3.0611532597566367],[133.75940322875977,-3.06149609257065],[133.76008987426758,-3.0624388822434696],[133.75948905944824,-3.0626960065556545],[133.75940322875977,-3.063038838875869],[133.76008987426758,-3.064067335177839],[133.75940322875977,-3.0644101670588952],[133.7593173980713,-3.064667290897617],[133.760347366333,-3.0666385716083795],[133.76008987426758,-3.068009895177326],[133.76043319702148,-3.069209801857113],[133.76017570495605,-3.0700668772320654],[133.75974655151367,-3.0703239997104816],[133.7600040435791,-3.072295269988345],[133.7596607208252,-3.0734951718536365],[133.760347366333,-3.07400941509718],[133.76129150390625,-3.0740951222803545],[133.76026153564453,-3.0752950221215514],[133.75957489013672,-3.0758092644973942],[133.75957489013672,-3.076066385592327],[133.76017570495605,-3.0770948693518676],[133.76086235046387,-3.0773519901367052],[133.7618064880371,-3.0780376452596414],[133.76206398010254,-3.0787232999413447],[133.7618064880371,-3.0792375406630157],[133.7622356414795,-3.079837487857816],[133.76240730285645,-3.0797517811363946],[133.7625789642334,-3.0783804726556525],[133.76317977905273,-3.0779519383933973],[133.76386642456055,-3.0782090589714386],[133.76420974731445,-3.079837487857816],[133.76489639282227,-3.0809516746085137],[133.7654972076416,-3.0830943381586167],[133.7669563293457,-3.0859226474358223],[133.76678466796875,-3.087036827812142],[133.76558303833008,-3.087122533946541],[133.76541137695312,-3.0873796523082433],[133.76747131347656,-3.0880653009685375],[133.76815795898438,-3.0890080671536566],[133.77081871032715,-3.0915792434028333],[133.7721061706543,-3.094664646675298],[133.77159118652344,-3.095264585157622],[133.77073287963867,-3.094921763209314],[133.77081871032715,-3.095693112437033],[133.7717628479004,-3.09680728255222],[133.77227783203125,-3.09680728255222],[133.77339363098145,-3.096464461103139],[133.77399444580078,-3.0970643985661894],[133.77399444580078,-3.0974929251174217],[133.77296447753906,-3.0986070933388845],[133.7728786468506,-3.0990356192656208],[133.7732219696045,-3.0992070295877454],[133.7743377685547,-3.0992070295877454],[133.77485275268555,-3.100406901065014],[133.7757968902588,-3.1004926061184506],[133.77631187438965,-3.101092541298115],[133.77691268920898,-3.1006640162045045],[133.77742767333984,-3.0997212603874686],[133.77845764160156,-3.0997212603874686],[133.77991676330566,-3.098692798538096],[133.78043174743652,-3.098692798538096],[133.78103256225586,-3.0991213244301434],[133.7816333770752,-3.098692798538096],[133.782320022583,-3.0986070933388845],[133.7845516204834,-3.0997212603874686],[133.78540992736816,-3.1004926061184506],[133.7856674194336,-3.1009211312815097],[133.78643989562988,-3.101092541298115],[133.7867832183838,-3.101778181086715],[133.78721237182617,-3.101949590964395],[133.78772735595703,-3.1028066399359346],[133.7882423400879,-3.1029780496468646],[133.78944396972656,-3.102635230197208],[133.79030227661133,-3.1029780496468646],[133.79055976867676,-3.1034065738025447],[133.79047393798828,-3.1044350310671547],[133.78987312316895,-3.105292078022842],[133.78944396972656,-3.107348987878538]],[[133.7826633453369,-3.108463145710118],[133.7826633453369,-3.1094058937255653],[133.7830924987793,-3.112062724507382],[133.78369331359863,-3.1129197652664686],[133.7837791442871,-3.113433989387289],[133.78412246704102,-3.1132625813749115],[133.78446578979492,-3.113348285384589],[133.78463745117188,-3.1127483571704175],[133.78429412841797,-3.1123198368082967],[133.78369331359863,-3.1088059632677556],[133.78283500671387,-3.1082917368895124],[133.7826633453369,-3.108463145710118]],[[133.76901626586914,-3.1521714817780833],[133.76953125,-3.1517429775505548],[133.77004623413086,-3.15140017404147],[133.7702178955078,-3.150885968566101],[133.76996040344238,-3.149429051673181],[133.76961708068848,-3.148657741904543],[133.76798629760742,-3.146943718151718],[133.76781463623047,-3.1471151206538934],[133.7680721282959,-3.1476293279912397],[133.767728805542,-3.1488291441247185],[133.76798629760742,-3.1491719484804435],[133.7684154510498,-3.1491719484804435],[133.76850128173828,-3.14951475272332],[133.76824378967285,-3.1510573704194655],[133.7684154510498,-3.151914379262749],[133.76858711242676,-3.152085780946706],[133.76901626586914,-3.1521714817780833]],[[133.76317977905273,-3.141287419773988],[133.76455307006836,-3.140773209310126],[133.76558303833008,-3.1388877687764563],[133.76300811767578,-3.135288281947581],[133.76214981079102,-3.1359738994418365],[133.76317977905273,-3.1382021531932622],[133.76317977905273,-3.141287419773988]],[[133.7607765197754,-3.1321172951926286],[133.76094818115234,-3.1321172951926286],[133.7618923187256,-3.1303175416807107],[133.76120567321777,-3.128689190601051],[133.76051902770996,-3.1280892711445034],[133.76026153564453,-3.128260676738549],[133.75983238220215,-3.129289109714236],[133.75983238220215,-3.1298890284840155],[133.76008987426758,-3.131003162430858],[133.76060485839844,-3.131260270096462],[133.7607765197754,-3.1321172951926286]],[[133.76008987426758,-3.1246611533808277],[133.760347366333,-3.1245754502932215],[133.76086235046387,-3.1240612316206438],[133.76120567321777,-3.122175760999852],[133.76094818115234,-3.1195189557447804],[133.7606906890869,-3.1193475487234963],[133.760347366333,-3.1201188800991275],[133.75957489013672,-3.1202902869946314],[133.75914573669434,-3.1214044311339393],[133.75837326049805,-3.121575837819748],[133.7582015991211,-3.122175760999852],[133.7582015991211,-3.123289903139522],[133.75880241394043,-3.123632715867757],[133.758544921875,-3.1240612316206438],[133.7588882446289,-3.1245754502932215],[133.75828742980957,-3.1246611533808277],[133.75828742980957,-3.1250896687138834],[133.75863075256348,-3.1252610747981038],[133.75871658325195,-3.125946698855003],[133.75940322875977,-3.126032401830628],[133.76008987426758,-3.1246611533808277]],[[133.7606906890869,-3.114291029030781],[133.76103401184082,-3.113776805328385],[133.7611198425293,-3.1121484286146455],[133.76060485839844,-3.1107771620618934],[133.7600040435791,-3.1055491919739353],[133.75974655151367,-3.1046921452268634],[133.75940322875977,-3.1044350310671547],[133.75897407531738,-3.1045207357940114],[133.7588882446289,-3.1052063733585697],[133.7592315673828,-3.105034964009164],[133.7592315673828,-3.1082060324687717],[133.75957489013672,-3.1090630763628866],[133.75940322875977,-3.1106914578431315],[133.75957489013672,-3.111205683051267],[133.75940322875977,-3.1118056121437263],[133.75957489013672,-3.1127483571704175],[133.75905990600586,-3.1136911013535666],[133.7593173980713,-3.114205325097828],[133.76017570495605,-3.1144624368758116],[133.7606906890869,-3.114291029030781]],[[133.75133514404297,-3.0334691490062795],[133.74876022338867,-3.0351833560845165],[133.74755859375,-3.0384403420399906],[133.74858856201172,-3.043411512179148],[133.7508201599121,-3.0401545412277784],[133.75253677368164,-3.039126022041856],[133.7537384033203,-3.0370689807296287],[133.7530517578125,-3.034497673579466],[133.75133514404297,-3.0334691490062795]]]}},{"type":"Feature","id":"pmtiles:10/892/520:water:4164863:0","properties":{"intermittent":0,"class":"river","id":416486,"water":"river","kind":"waterway","verification":"verified","source":"OpenMapTiles/OpenStreetMap national PMTiles","sourceId":"10/892/520:water:4164863:0","sourceLayer":"water","archive":"https://its.hanifahseptiani45.workers.dev/v1/map/archive/indonesia.pmtiles","updatedAt":"2026-07-26T09:43:27.200Z"},"geometry":{"type":"Polygon","coordinates":[[[133.87372970581055,-3.0584963017292495],[133.87802124023438,-3.054210871686223],[133.87836456298828,-3.0544679979713294],[133.8779354095459,-3.0548108329223567],[133.87845039367676,-3.0556679198209196],[133.87845039367676,-3.0566107146188557],[133.87879371643066,-3.0566107146188557],[133.87913703918457,-3.056867840329062],[133.87913703918457,-3.058839135393143],[133.87982368469238,-3.0586677185748954],[133.88025283813477,-3.0592676773188714],[133.87990951538086,-3.0599533440437057],[133.8800811767578,-3.0602961772416393],[133.88102531433105,-3.060553302068115],[133.88239860534668,-3.061838925274955],[133.88257026672363,-3.0624388822434696],[133.8819694519043,-3.0627817146459932],[133.88239860534668,-3.0644958750119997],[133.88351440429688,-3.064667290897617],[133.88463020324707,-3.065781493484806],[133.8848876953125,-3.0672385258861965],[133.88531684875488,-3.0676670644499637],[133.88505935668945,-3.069724047164584],[133.88591766357422,-3.0720381479845713],[133.88952255249023,-3.0743522437885247],[133.8900375366211,-3.074952193733239],[133.89046669006348,-3.074952193733239],[133.89278411865234,-3.0742665366260127],[133.89286994934082,-3.073752293506402],[133.89347076416016,-3.073580879078108],[133.89398574829102,-3.0739237079071415],[133.89450073242188,-3.073152342886928],[133.8958740234375,-3.0718667332809844],[133.8962173461914,-3.071266781601736],[133.8962173461914,-3.0698954622120738],[133.89647483825684,-3.0694669245417856],[133.89647483825684,-3.067838479827401],[133.8962173461914,-3.0671528181528345],[133.89690399169922,-3.065781493484806],[133.89827728271484,-3.0644958750119997],[133.90016555786133,-3.0633816710863044],[133.90342712402344,-3.0632959630439984],[133.90514373779297,-3.0629531308061075],[133.9090061187744,-3.0611532597566367],[133.91175270080566,-3.058753426987451],[133.91501426696777,-3.0540394541286133],[133.9160442352295,-3.0545537067193465],[133.912353515625,-3.060381885523981],[133.90969276428223,-3.0628674227294823],[133.9060878753662,-3.0639816271904152],[133.90342712402344,-3.064324459098927],[133.8992214202881,-3.065438662043107],[133.89793395996094,-3.0662100326324406],[133.89776229858398,-3.0676670644499637],[133.8980197906494,-3.068609848685611],[133.89896392822266,-3.0703239997104816],[133.89930725097656,-3.0720381479845713],[133.89965057373047,-3.0721238553260406],[133.90188217163086,-3.0710096593502954],[133.90308380126953,-3.070752537036938],[133.90437126159668,-3.0708382444815925],[133.90703201293945,-3.0715239037912596],[133.9101219177246,-3.0734951718536365],[133.91252517700195,-3.0744379509441444],[133.91364097595215,-3.0744379509441444],[133.91655921936035,-3.072723806523655],[133.91793251037598,-3.073666586295701],[133.91613006591797,-3.075037900840641],[133.91424179077148,-3.0758092644973942],[133.9126968383789,-3.075980678567575],[133.9101219177246,-3.0754664362743966],[133.9090919494629,-3.07486648661893],[133.9072036743164,-3.073066635628038],[133.90600204467773,-3.072723806523655],[133.90454292297363,-3.0726380992303604],[133.90308380126953,-3.0733237573840455],[133.9028263092041,-3.07400941509718],[133.90402793884277,-3.075980678567575],[133.90445709228516,-3.077266283215323],[133.90480041503906,-3.0794946609307488],[133.90480041503906,-3.081894447102087],[133.90368461608887,-3.0860940598774533],[133.90368461608887,-3.0868654155225954],[133.9042854309082,-3.0874653584149883],[133.90668869018555,-3.087808182772804],[133.90668869018555,-3.0883224191020417],[133.90488624572754,-3.0881510070199596],[133.90291213989258,-3.0874653584149883],[133.9028263092041,-3.0880653009685375],[133.90128135681152,-3.091407831846695],[133.90145301818848,-3.091836360685079],[133.90110969543457,-3.091836360685079],[133.9006805419922,-3.093036240511424],[133.90085220336914,-3.0939790022796103],[133.90188217163086,-3.095693112437033],[133.90188217163086,-3.0961216395430995],[133.9035987854004,-3.0986070933388845],[133.90445709228516,-3.098949914094149],[133.90600204467773,-3.0990356192656208],[133.90660285949707,-3.0994641450188425],[133.90728950500488,-3.1001497858630103],[133.90771865844727,-3.1022924106363945],[133.9086627960205,-3.1035779834161588],[133.90952110290527,-3.103663688212535],[133.9102077484131,-3.1033208689852927],[133.90986442565918,-3.103920802559969],[133.91003608703613,-3.105377782680165],[133.91037940979004,-3.1072632833812293],[133.9112377166748,-3.1087202588887948],[133.91175270080566,-3.1089773720048157],[133.91407012939453,-3.1090630763628866],[133.91544342041016,-3.1082060324687717],[133.91681671142578,-3.108120328041082],[133.91690254211426,-3.1082917368895124],[133.91595840454102,-3.1082917368895124],[133.91535758972168,-3.108548850109969],[133.9149284362793,-3.1096630066744524],[133.91578674316406,-3.110520049384675],[133.9178466796875,-3.111548499717344],[133.9160442352295,-3.1110342746764132],[133.91407012939453,-3.1099201195606554],[133.91226768493652,-3.1100915281166266],[133.9108943939209,-3.1110342746764132],[133.91063690185547,-3.111719908008567],[133.91063690185547,-3.112405540894656],[133.91106605529785,-3.1136911013535666],[133.91355514526367,-3.1157479948238773],[133.91733169555664,-3.117804884274733],[133.91956329345703,-3.1202902869946314],[133.92085075378418,-3.1209759142970626],[133.92162322998047,-3.120890210908726],[133.92196655273438,-3.1214044311339393],[133.92205238342285,-3.121747244477575],[133.92059326171875,-3.1226042773472784],[133.91982078552246,-3.122689980595794],[133.91887664794922,-3.1220900577093715],[133.91801834106445,-3.120033176640902],[133.91767501831055,-3.119690362738112],[133.91681671142578,-3.119261845202402],[133.9160442352295,-3.119261845202402],[133.9156150817871,-3.119604659244942],[133.91552925109863,-3.1201188800991275],[133.91510009765625,-3.1207188041110783],[133.91510009765625,-3.1214044311339393],[133.91475677490234,-3.121918651107464],[133.91484260559082,-3.1240612316206438],[133.91467094421387,-3.1250896687138834],[133.91681671142578,-3.1283463795250697],[133.91793251037598,-3.1306603521118745],[133.91810417175293,-3.1316030802190937],[133.9175033569336,-3.1334028315215505],[133.91655921936035,-3.135116877503819],[133.91467094421387,-3.1371737289750854],[133.91389846801758,-3.1376879412106575],[133.91252517700195,-3.137859345232968],[133.9120101928711,-3.1374308351244906],[133.91209602355957,-3.137088026911229],[133.91261100769043,-3.137345133081709],[133.91321182250977,-3.1372594310319073],[133.91475677490234,-3.1361453037451525],[133.91578674316406,-3.1350311752713935],[133.9170742034912,-3.1326315099136366],[133.9170742034912,-3.131260270096462],[133.91587257385254,-3.1285177850770793],[133.91372680664062,-3.1261181047992466],[133.91261100769043,-3.1238041221898953],[133.91098022460938,-3.1184905131980116],[133.91037940979004,-3.1173763659707276],[133.9086627960205,-3.1164336250875664],[133.9076328277588,-3.1162622175635306],[133.90668869018555,-3.1167764400519076],[133.9061737060547,-3.1172049586002544],[133.90591621398926,-3.118061995173335],[133.9068603515625,-3.1211473210527885],[133.9083194732666,-3.1214044311339393],[133.9083194732666,-3.12166154115215],[133.9061737060547,-3.12166154115215],[133.9060878753662,-3.122689980595794],[133.90591621398926,-3.1226042773472784],[133.90565872192383,-3.1214044311339393],[133.90522956848145,-3.1206331007017667],[133.9046287536621,-3.1201188800991275],[133.90402793884277,-3.1201188800991275],[133.9028263092041,-3.120804507513398],[133.9020538330078,-3.120033176640902],[133.9020538330078,-3.119604659244942],[133.8991355895996,-3.116690736321303],[133.89836311340332,-3.117462069645498],[133.89819145202637,-3.1184905131980116],[133.89819145202637,-3.119604659244942],[133.89930725097656,-3.1214044311339393],[133.8992214202881,-3.121747244477575],[133.89870643615723,-3.120890210908726],[133.89827728271484,-3.1205473972854634],[133.89776229858398,-3.11909043813921],[133.8969898223877,-3.11797629154745],[133.89741897583008,-3.117033551201871],[133.8973331451416,-3.116605032583692],[133.89647483825684,-3.1155765871881727],[133.89681816101074,-3.1152337718330187],[133.89681816101074,-3.1147195485909975],[133.89604568481445,-3.114205325097828],[133.89561653137207,-3.1132625813749115],[133.89578819274902,-3.112491244974052],[133.89535903930664,-3.1118056121437263],[133.89450073242188,-3.111719908008567],[133.8944149017334,-3.1113770913982393],[133.89527320861816,-3.111119978867336],[133.89501571655273,-3.110434345144995],[133.89432907104492,-3.110434345144995],[133.8940715789795,-3.1088916676397673],[133.8936424255371,-3.108377441303304],[133.89389991760254,-3.1074346923688836],[133.8936424255371,-3.1062348288707966],[133.89415740966797,-3.10580630586243],[133.89501571655273,-3.1043493263333346],[133.89501571655273,-3.103663688212535],[133.8932991027832,-3.1009211312815097],[133.89244079589844,-3.1001497858630103],[133.89175415039062,-3.1001497858630103],[133.8910675048828,-3.100578311164952],[133.8907241821289,-3.1012639512869384],[133.89046669006348,-3.1031494593299698],[133.8900375366211,-3.103492278612819],[133.8896942138672,-3.1054634873305247],[133.88978004455566,-3.1062348288707966],[133.89141082763672,-3.108120328041082],[133.89132499694824,-3.1087202588887948],[133.89098167419434,-3.1086345545028706],[133.89029502868652,-3.108120328041082],[133.8900375366211,-3.1072632833812293],[133.8896942138672,-3.106663351705251],[133.88943672180176,-3.105720601239895],[133.8896083831787,-3.102892344794867],[133.8892650604248,-3.1023781155370216],[133.8889217376709,-3.1020352958928186],[133.88789176940918,-3.1020352958928186],[133.8874626159668,-3.1035779834161588],[133.88772010803223,-3.1082060324687717],[133.88754844665527,-3.110862866273706],[133.88772010803223,-3.111462795561266],[133.88840675354004,-3.111634203866444],[133.88686180114746,-3.113519693383026],[133.88626098632812,-3.1146338446929036],[133.8860034942627,-3.1155765871881727],[133.8860034942627,-3.1167764400519076],[133.88789176940918,-3.121233024420164],[133.88772010803223,-3.1218329477960225],[133.88797760009766,-3.122689980595794],[133.88849258422852,-3.123289903139522],[133.8892650604248,-3.123118496733426],[133.8896942138672,-3.1233756063320754],[133.888578414917,-3.123718419032329],[133.8874626159668,-3.122775683837318],[133.88737678527832,-3.121575837819748],[133.88651847839355,-3.1190047345971266],[133.8856601715088,-3.117290662288994],[133.8852310180664,-3.115490883359854],[133.88531684875488,-3.114205325097828],[133.8863468170166,-3.111634203866444],[133.88651847839355,-3.1107771620618934],[133.88626098632812,-3.110520049384675],[133.88660430908203,-3.1100915281166266],[133.88677597045898,-3.1086345545028706],[133.88643264770508,-3.10709187436575],[133.88626098632812,-3.103920802559969],[133.88694763183594,-3.1003211960046144],[133.8874626159668,-3.09852138813271],[133.88866424560547,-3.09680728255222],[133.89201164245605,-3.093207651804363],[133.89278411865234,-3.0886652431831862],[133.89381408691406,-3.084894172205537],[133.89467239379883,-3.0830943381586167],[133.8958740234375,-3.0814659142539824],[133.89690399169922,-3.0787232999413447],[133.89690399169922,-3.076752041542292],[133.89647483825684,-3.0758949715359307],[133.89501571655273,-3.07486648661893],[133.8925266265869,-3.075980678567575],[133.89166831970215,-3.076666334572664],[133.8914966583252,-3.0781233521189932],[133.8907241821289,-3.0792375406630157],[133.8900375366211,-3.079580367672847],[133.888578414917,-3.079837487857816],[133.8878059387207,-3.079323247425819],[133.88694763183594,-3.079066127116704],[133.88463020324707,-3.0761520926101866],[133.88385772705078,-3.0757235574519797],[133.88368606567383,-3.0747807794977575],[133.88291358947754,-3.073752293506402],[133.88248443603516,-3.071266781601736],[133.88188362121582,-3.0708382444815925],[133.88128280639648,-3.0698954622120738],[133.88076782226562,-3.0672385258861965],[133.87879371643066,-3.066381448243405],[133.87664794921875,-3.063038838875869],[133.8757038116455,-3.060896135074117],[133.87587547302246,-3.060381885523981],[133.8753604888916,-3.058924843791999],[133.8745880126953,-3.0590105521839916],[133.87372970581055,-3.0584963017292495]],[[133.9024829864502,-3.099292734738384],[133.90308380126953,-3.1018638860290366],[133.90411376953125,-3.1031494593299698],[133.90557289123535,-3.1042636215925654],[133.90677452087402,-3.1043493263333346],[133.90746116638184,-3.103920802559969],[133.90771865844727,-3.1033208689852927],[133.90694618225098,-3.100578311164952],[133.90643119812012,-3.0998069654964695],[133.90557289123535,-3.0993784398820736],[133.90291213989258,-3.0988642089157565],[133.9024829864502,-3.099292734738384]],[[133.90119552612305,-3.112834061221932],[133.90093803405762,-3.113005469304042],[133.90093803405762,-3.114376732956785],[133.9013671875,-3.1148052524820997],[133.90179634094238,-3.115919402431686],[133.90222549438477,-3.1160908100115563],[133.9024829864502,-3.117033551201871],[133.90497207641602,-3.11797629154745],[133.90600204467773,-3.1164336250875664],[133.9060878753662,-3.115319475682284],[133.90480041503906,-3.1144624368758116],[133.9035987854004,-3.1131768773582564],[133.90231132507324,-3.112491244974052],[133.90196800231934,-3.1123198368082967],[133.90145301818848,-3.112405540894656],[133.90119552612305,-3.112834061221932]]]}},{"type":"Feature","id":"pmtiles:8/222/129:mountain_peak:10701783111:0","properties":{"name_int":"Wagura","name_de":"Wagura","name":"Wagura","rank":3,"class":"peak","name:latin":"Wagura","name_en":"Wagura","kind":"poi","verification":"verified","source":"OpenMapTiles/OpenStreetMap national PMTiles","sourceId":"8/222/129:mountain_peak:10701783111:0","sourceLayer":"mountain_peak","archive":"https://its.hanifahseptiani45.workers.dev/v1/map/archive/indonesia.pmtiles","updatedAt":"2026-07-26T09:35:36.491Z"},"geometry":{"type":"Point","coordinates":[133.84986877441406,-2.8165148250628818]}},{"type":"Feature","id":"pmtiles:8/222/129:mountain_peak:10701656041:0","properties":{"name_int":"Bukit Tonggaran","name_de":"Bukit Tonggaran","name":"Bukit Tonggaran","rank":1,"class":"peak","name:latin":"Bukit Tonggaran","name_en":"Bukit Tonggaran","kind":"poi","verification":"verified","source":"OpenMapTiles/OpenStreetMap national PMTiles","sourceId":"8/222/129:mountain_peak:10701656041:0","sourceLayer":"mountain_peak","archive":"https://its.hanifahseptiani45.workers.dev/v1/map/archive/indonesia.pmtiles","updatedAt":"2026-07-26T09:35:36.491Z"},"geometry":{"type":"Point","coordinates":[133.83338928222656,-3.050011133651182]}},{"type":"Feature","id":"pmtiles:8/223/129:mountain_peak:10701783111:0","properties":{"name_int":"Wagura","name_de":"Wagura","name":"Wagura","rank":3,"class":"peak","name:latin":"Wagura","name_en":"Wagura","kind":"poi","verification":"verified","source":"OpenMapTiles/OpenStreetMap national PMTiles","sourceId":"8/223/129:mountain_peak:10701783111:0","sourceLayer":"mountain_peak","archive":"https://its.hanifahseptiani45.workers.dev/v1/map/archive/indonesia.pmtiles","updatedAt":"2026-07-26T09:35:36.558Z"},"geometry":{"type":"Point","coordinates":[133.84986877441406,-2.8165148250628818]}},{"type":"Feature","id":"pmtiles:8/223/129:mountain_peak:10701656041:0","properties":{"name_int":"Bukit Tonggaran","name_de":"Bukit Tonggaran","name":"Bukit Tonggaran","rank":2,"class":"peak","name:latin":"Bukit Tonggaran","name_en":"Bukit Tonggaran","kind":"poi","verification":"verified","source":"OpenMapTiles/OpenStreetMap national PMTiles","sourceId":"8/223/129:mountain_peak:10701656041:0","sourceLayer":"mountain_peak","archive":"https://its.hanifahseptiani45.workers.dev/v1/map/archive/indonesia.pmtiles","updatedAt":"2026-07-26T09:35:36.558Z"},"geometry":{"type":"Point","coordinates":[133.83338928222656,-3.050011133651182]}},{"type":"Feature","id":"pmtiles:8/222/130:mountain_peak:10701783111:0","properties":{"name_int":"Wagura","name_de":"Wagura","name":"Wagura","rank":3,"class":"peak","name:latin":"Wagura","name_en":"Wagura","kind":"poi","verification":"verified","source":"OpenMapTiles/OpenStreetMap national PMTiles","sourceId":"8/222/130:mountain_peak:10701783111:0","sourceLayer":"mountain_peak","archive":"https://its.hanifahseptiani45.workers.dev/v1/map/archive/indonesia.pmtiles","updatedAt":"2026-07-26T09:35:38.907Z"},"geometry":{"type":"Point","coordinates":[133.84986877441406,-2.8165148250628818]}},{"type":"Feature","id":"pmtiles:8/222/130:mountain_peak:10701656041:0","properties":{"name_int":"Bukit Tonggaran","name_de":"Bukit Tonggaran","name":"Bukit Tonggaran","rank":3,"class":"peak","name:latin":"Bukit Tonggaran","name_en":"Bukit Tonggaran","kind":"poi","verification":"verified","source":"OpenMapTiles/OpenStreetMap national PMTiles","sourceId":"8/222/130:mountain_peak:10701656041:0","sourceLayer":"mountain_peak","archive":"https://its.hanifahseptiani45.workers.dev/v1/map/archive/indonesia.pmtiles","updatedAt":"2026-07-26T09:35:38.907Z"},"geometry":{"type":"Point","coordinates":[133.83338928222656,-3.050011133651182]}},{"type":"Feature","id":"pmtiles:8/222/130:transportation:3444753230:5","properties":{"class":"primary","highway":"primary","kind":"road","verification":"verified","source":"OpenMapTiles/OpenStreetMap national PMTiles","sourceId":"8/222/130:transportation:3444753230:5","sourceLayer":"transportation","archive":"https://its.hanifahseptiani45.workers.dev/v1/map/archive/indonesia.pmtiles","updatedAt":"2026-07-26T09:35:38.908Z"},"geometry":{"type":"LineString","coordinates":[[133.61572265625,-3.012641316340037],[133.61572265625,-3.0160697936325107],[133.61469268798828,-3.0181268748202967],[133.61572265625,-3.0205267979509216]]}},{"type":"Feature","id":"pmtiles:8/223/130:mountain_peak:10701783111:0","properties":{"name_int":"Wagura","name_de":"Wagura","name":"Wagura","rank":3,"class":"peak","name:latin":"Wagura","name_en":"Wagura","kind":"poi","verification":"verified","source":"OpenMapTiles/OpenStreetMap national PMTiles","sourceId":"8/223/130:mountain_peak:10701783111:0","sourceLayer":"mountain_peak","archive":"https://its.hanifahseptiani45.workers.dev/v1/map/archive/indonesia.pmtiles","updatedAt":"2026-07-26T09:35:38.978Z"},"geometry":{"type":"Point","coordinates":[133.84986877441406,-2.8165148250628818]}},{"type":"Feature","id":"pmtiles:8/223/130:mountain_peak:10701656041:0","properties":{"name_int":"Bukit Tonggaran","name_de":"Bukit Tonggaran","name":"Bukit Tonggaran","rank":4,"class":"peak","name:latin":"Bukit Tonggaran","name_en":"Bukit Tonggaran","kind":"poi","verification":"verified","source":"OpenMapTiles/OpenStreetMap national PMTiles","sourceId":"8/223/130:mountain_peak:10701656041:0","sourceLayer":"mountain_peak","archive":"https://its.hanifahseptiani45.workers.dev/v1/map/archive/indonesia.pmtiles","updatedAt":"2026-07-26T09:35:38.978Z"},"geometry":{"type":"Point","coordinates":[133.83338928222656,-3.050011133651182]}},{"type":"Feature","id":"pmtiles:8/223/130:park:5439845772:0","properties":{"name":"Cagar Alam Wagura Kote","name_int":"Wagura Kote Nature Reserve","class":"nature_reserve","name:latin":"Cagar Alam Wagura Kote","name_de":"Cagar Alam Wagura Kote","name_en":"Wagura Kote Nature Reserve","kind":"green","verification":"verified","source":"OpenMapTiles/OpenStreetMap national PMTiles","sourceId":"8/223/130:park:5439845772:0","sourceLayer":"park","archive":"https://its.hanifahseptiani45.workers.dev/v1/map/archive/indonesia.pmtiles","updatedAt":"2026-07-26T09:35:38.979Z"},"geometry":{"type":"Polygon","coordinates":[[[133.92780303955078,-2.835031710902115],[133.9020538330078,-2.8343459055881652],[133.89484405517578,-2.835031710902115],[133.8519287109375,-2.8775508425643324],[133.82686614990234,-2.874807720389313],[133.8251495361328,-2.8652067408817317],[133.8182830810547,-2.849433528440457],[133.81141662597656,-2.8405181387710456],[133.80523681640625,-2.836060418110776],[133.80592346191406,-2.8137715576303464],[133.8031768798828,-2.805198805324565],[133.79871368408203,-2.7969689039787795],[133.7969970703125,-2.79079644005931],[133.7969970703125,-2.7894247770059906],[133.91063690185547,-2.7894247770059906],[133.90960693359375,-2.8007409492748963],[133.92780303955078,-2.835031710902115]]]}},{"type":"Feature","id":"pmtiles:8/223/130:transportation:7017773210:0","properties":{"class":"primary_construction","highway":"primary_construction","kind":"road","verification":"verified","source":"OpenMapTiles/OpenStreetMap national PMTiles","sourceId":"8/223/130:transportation:7017773210:0","sourceLayer":"transportation","archive":"https://its.hanifahseptiani45.workers.dev/v1/map/archive/indonesia.pmtiles","updatedAt":"2026-07-26T09:35:38.979Z"},"geometry":{"type":"LineString","coordinates":[[133.75648498535156,-3.0013272647361333],[133.75957489013672,-3.000641560869667],[133.76163482666016,-2.9982415939500697],[133.7633514404297,-2.9978987411030573],[133.7640380859375,-2.9924130809467755],[133.76712799072266,-2.988298817809067],[133.76575469970703,-2.9817845363079982],[133.76644134521484,-2.9780130925370543],[133.7640380859375,-2.9762987956435296],[133.76541137695312,-2.972527333092728],[133.76300811767578,-2.9646415061218363],[133.76541137695312,-2.9601842746994436],[133.7640380859375,-2.9550412930871204],[133.76575469970703,-2.9533269605852723],[133.76575469970703,-2.9488696836995416],[133.76678466796875,-2.946469604130044],[133.7702178955078,-2.945098127766684],[133.76953125,-2.9430409100551316],[133.77124786376953,-2.9399550763683635],[133.77090454101562,-2.937212105925468],[133.77227783203125,-2.9351548736713085],[133.7753677368164,-2.934469128744823],[133.7757110595703,-2.9327547645882106],[133.77845764160156,-2.9296689024848632],[133.78292083740234,-2.9279545309738637],[133.78292083740234,-2.926240156839171],[133.78463745117188,-2.9248686556434222],[133.78463745117188,-2.921782771821242],[133.78807067871094,-2.918354002070245],[133.78738403320312,-2.916296735197875],[133.78841400146484,-2.913553706848191],[133.7853240966797,-2.9104677919660276],[133.78498077392578,-2.9077247494210496],[133.78841400146484,-2.9032672910617094],[133.78257751464844,-2.8778937323721863],[133.78498077392578,-2.8713788083969547],[133.78292083740234,-2.868635671391857],[133.7801742553711,-2.8549198877773563],[133.77845764160156,-2.8521767113805794],[133.7808609008789,-2.847376136945087],[133.77845764160156,-2.841546841096033],[133.7808609008789,-2.8418897416673303],[133.78257751464844,-2.839832336711922],[133.7921905517578,-2.839832336711922],[133.79322052001953,-2.8408610396478906],[133.79287719726562,-2.8425755425042922],[133.7976837158203,-2.845318741775273],[133.7969970703125,-2.8480619345186113],[133.79940032958984,-2.8480619345186113],[133.79905700683594,-2.850462222809398],[133.80146026611328,-2.8525196087881426],[133.80077362060547,-2.859720430707995],[133.80352020263672,-2.868292778803365],[133.80935668945312,-2.8724074830759463],[133.81004333496094,-2.8758363919781402],[133.8134765625,-2.877207952653336],[133.81656646728516,-2.879951069052524],[133.81999969482422,-2.8796081798638085],[133.82034301757812,-2.880979735999219],[133.82308959960938,-2.880979735999219],[133.82274627685547,-2.8861230567848963],[133.81725311279297,-2.8905805826389894],[133.82171630859375,-2.89846693162265],[133.82583618164062,-2.89846693162265],[133.82823944091797,-2.8964096284846335],[133.8306427001953,-2.8974382805210013],[133.83304595947266,-2.8970953966127126],[133.83407592773438,-2.894695206347805],[133.83373260498047,-2.888180378583982],[133.83716583251953,-2.884065731261515],[133.83888244628906,-2.8833799552599118],[133.83991241455078,-2.8833799552599118],[133.84197235107422,-2.886465944010112],[133.84471893310547,-2.886465944010112],[133.84815216064453,-2.892295010998751],[133.84952545166016,-2.89092346851821],[133.84952545166016,-2.8892090380860935],[133.85089874267578,-2.888180378583982],[133.8526153564453,-2.8902376966561434],[133.85467529296875,-2.8892090380860935],[133.85604858398438,-2.89092346851821],[133.8632583618164,-2.8888661516889442],[133.86394500732422,-2.88749460506493],[133.86566162109375,-2.8871517181501503],[133.86463165283203,-2.8868088311318587],[133.86497497558594,-2.8857801694562255],[133.8690948486328,-2.884408619107276],[133.86531829833984,-2.8778937323721863],[133.8680648803711,-2.87446482965359],[133.86978149414062,-2.873093265680481],[133.87149810791016,-2.87446482965359],[133.8739013671875,-2.874121938814838],[133.87493133544922,-2.8724074830759463],[133.8745880126953,-2.8706930247629856],[133.8787078857422,-2.870350132791657],[133.8800811767578,-2.868978563877519],[133.8787078857422,-2.8669212074213704],[133.87939453125,-2.8658925278057836],[133.87802124023438,-2.8652067408817317],[133.87733459472656,-2.86314937764503],[133.87767791748047,-2.8604062209158627],[133.8800811767578,-2.856291473520045],[133.8800811767578,-2.8549198877773563],[133.87836456298828,-2.8525196087881426],[133.8800811767578,-2.8525196087881426],[133.88248443603516,-2.856977265777118],[133.8842010498047,-2.8573201617520425],[133.88591766357422,-2.8521767113805794],[133.88866424560547,-2.849776426665599],[133.89347076416016,-2.851833813870755],[133.89724731445312,-2.849776426665599],[133.90377044677734,-2.849776426665599],[133.9065170288086,-2.8542340942919395],[133.912353515625,-2.8583488490622386],[133.9126968383789,-2.8634922717744757],[133.91098022460938,-2.8693214562603373],[133.9130401611328,-2.8751506110219935],[133.9126968383789,-2.877207952653336],[133.91681671142578,-2.8816655134473734],[133.91990661621094,-2.8830370671040555],[133.92539978027344,-2.8970953966127126],[133.93192291259766,-2.9015528793160286],[133.93672943115234,-2.909782031955473],[133.94428253173828,-2.9063532256467965],[133.94428253173828,-2.9039530550316073],[133.94771575927734,-2.9029244089206543],[133.94977569580078,-2.899495581789253],[133.95423889160156,-2.8970953966127126],[133.95973205566406,-2.891266354293805],[133.95870208740234,-2.8888661516889442],[133.96453857421875,-2.8830370671040555],[133.9676284790039,-2.8782366220768694],[133.96625518798828,-2.8720645916192353],[133.96728515625,-2.867606993317949],[133.96934509277344,-2.8658925278057836],[133.96968841552734,-2.85800595339461],[133.9727783203125,-2.856291473520045],[133.97415161132812,-2.8566343696997905],[133.9775848388672,-2.8525196087881426],[133.97998809814453,-2.851833813870755],[133.98101806640625,-2.853891197395768],[133.98479461669922,-2.855262784366573],[133.98822784423828,-2.8535483003972644],[133.9896011352539,-2.850462222809398],[133.99337768554688,-2.849776426665599],[133.99749755859375,-2.8442900428132702],[134.00367736816406,-2.8432613429336584],[134.0057373046875,-2.8405181387710456],[134.00436401367188,-2.8357175158095345],[134.0060806274414,-2.835031710902115],[134.0057373046875,-2.833660099867842],[134.0108871459961,-2.8285165440208573],[134.01500701904297,-2.8271449252736573],[134.0160369873047,-2.8250874941127364],[134.01809692382812,-2.824058777164936],[134.0170669555664,-2.823372965360221],[134.0163803100586,-2.8199439002659403],[134.01535034179688,-2.819600993200325],[134.0160369873047,-2.8134286487472338],[134.01500701904297,-2.81068537405271],[134.01981353759766,-2.8082850034050324],[134.0215301513672,-2.80965664437943],[134.02084350585938,-2.8041700708205184],[134.02324676513672,-2.8041700708205184],[134.02496337890625,-2.8003980365679126],[134.0270233154297,-2.799712210852803],[134.03182983398438,-2.802112599098649],[134.04041290283203,-2.7928539316376657],[134.04178619384766,-2.7894247770059906]]}},{"type":"Feature","id":"pmtiles:8/223/130:transportation:5418211680:0","properties":{"class":"primary","highway":"primary","kind":"road","verification":"verified","source":"OpenMapTiles/OpenStreetMap national PMTiles","sourceId":"8/223/130:transportation:5418211680:0","sourceLayer":"transportation","archive":"https://its.hanifahseptiani45.workers.dev/v1/map/archive/indonesia.pmtiles","updatedAt":"2026-07-26T09:35:38.980Z"},"geometry":{"type":"LineString","coordinates":[[133.57177734375,-2.963612915848003],[133.57486724853516,-2.965670095439364],[133.57486724853516,-2.967384408842534],[133.5769271850586,-2.9687558576507627],[133.57864379882812,-2.9721844722213433],[133.58070373535156,-2.9711558889681413],[133.58173370361328,-2.9721844722213433],[133.582763671875,-2.971498750159057],[133.58448028564453,-2.97355591506755],[133.5875701904297,-2.974927356208539],[133.59615325927734,-2.9742416358512287],[133.5985565185547,-2.9766416552356247],[133.60027313232422,-2.9762987956435296],[133.60301971435547,-2.977327374099758],[133.60267639160156,-2.979041669392444],[133.60130310058594,-2.980070245286896],[133.60061645507812,-2.9838416820065277],[133.60130310058594,-2.9869273933348666],[133.6098861694336,-2.9893273850401982],[133.61125946044922,-2.9924130809467755],[133.6164093017578,-2.9944702067255236],[133.61778259277344,-2.9992701518463036],[133.6205291748047,-2.9996130042634235],[133.62293243408203,-3.0013272647361333],[133.62224578857422,-3.0044129268092945],[133.61709594726562,-3.0068128801700738],[133.6153793334961,-3.0143555563366533],[133.61572265625,-3.0160697936325107],[133.61469268798828,-3.0181268748202967],[133.6150360107422,-3.0198411061689683],[133.61778259277344,-3.0222410255112067],[133.6219024658203,-3.0242980950090583],[133.62911224365234,-3.023269560747707],[133.6373519897461,-3.0270408482693796],[133.6383819580078,-3.0263551606049788],[133.64044189453125,-3.0270408482693796],[133.6438751220703,-3.02532662829492],[133.64627838134766,-3.027726535499852],[133.64662170410156,-3.0304692800804105],[133.64971160888672,-3.0304692800804105],[133.65280151367188,-3.0328691758867166],[133.65211486816406,-3.0280693789523525],[133.6534881591797,-3.02532662829492],[133.65245819091797,-3.022926715777217],[133.65520477294922,-3.0212124892998844],[133.6600112915039,-3.0239552503636418],[133.66138458251953,-3.022926715777217],[133.66275787353516,-3.0246409395460745],[133.66687774658203,-3.0249837839747045],[133.67237091064453,-3.0225838706983694],[133.6758041381836,-3.0242980950090583],[133.67786407470703,-3.0222410255112067],[133.68370056152344,-3.023269560747707],[133.68576049804688,-3.0205267979509216],[133.69022369384766,-3.0205267979509216],[133.6974334716797,-3.0167554877942706],[133.70223999023438,-3.0174411815235516],[133.70567321777344,-3.015384099038357],[133.70738983154297,-3.0122984680167377],[133.71013641357422,-3.0122984680167377],[133.71322631835938,-3.009898526731547],[133.71837615966797,-3.0030415225196805],[133.7207794189453,-3.0037272248798104],[133.7259292602539,-3.0023558197290754],[133.72867584228516,-3.0037272248798104],[133.7314224243164,-2.9982415939500697],[133.73348236083984,-2.9838416820065277],[133.74103546142578,-2.988298817809067],[133.7413787841797,-2.9900130959919267],[133.74000549316406,-2.9917273714957417],[133.74103546142578,-2.994127352697305],[133.74481201171875,-2.994813060646436],[133.74618530273438,-2.99378449856178],[133.74961853027344,-2.993441644318935],[133.75511169433594,-2.995498768166229],[133.75648498535156,-3.0013272647361333]]}},{"type":"Feature","id":"pmtiles:8/223/130:water:170:0","properties":{"class":"ocean","water":"ocean","kind":"waterway","verification":"verified","source":"OpenMapTiles/OpenStreetMap national PMTiles","sourceId":"8/223/130:water:170:0","sourceLayer":"water","archive":"https://its.hanifahseptiani45.workers.dev/v1/map/archive/indonesia.pmtiles","updatedAt":"2026-07-26T09:35:38.982Z"},"geometry":{"type":"Polygon","coordinates":[[[133.62464904785156,-2.811028283742303],[133.62533569335938,-2.8079420929097267],[133.62808227539062,-2.803484247315211],[133.6383819580078,-2.7935397613629505],[133.64181518554688,-2.7894247770059906],[133.64627838134766,-2.7894247770059906],[133.64559173583984,-2.7921681015118764],[133.626708984375,-2.8113711933311265],[133.6260223388672,-2.814114466412576],[133.63048553466797,-2.833660099867842],[133.63117218017578,-2.843604242995468],[133.62945556640625,-2.8480619345186113],[133.6315155029297,-2.8490906301131815],[133.6376953125,-2.849776426665599],[133.63014221191406,-2.850805120728026],[133.62773895263672,-2.849433528440457],[133.62911224365234,-2.843604242995468],[133.62842559814453,-2.8340030027788004],[133.62430572509766,-2.820972620856196],[133.62361907958984,-2.8137715576303464],[133.62464904785156,-2.811028283742303]]]}},{"type":"Feature","id":"pmtiles:8/223/130:water:4164863:0","properties":{"intermittent":0,"class":"river","id":416486,"water":"river","kind":"waterway","verification":"verified","source":"OpenMapTiles/OpenStreetMap national PMTiles","sourceId":"8/223/130:water:4164863:0","sourceLayer":"water","archive":"https://its.hanifahseptiani45.workers.dev/v1/map/archive/indonesia.pmtiles","updatedAt":"2026-07-26T09:35:38.986Z"},"geometry":{"type":"Polygon","coordinates":[[[133.8739013671875,-3.05858201015549],[133.87836456298828,-3.0544679979713294],[133.8790512084961,-3.058924843791999],[133.8797378540039,-3.05858201015549],[133.8800811767578,-3.0602961772416393],[133.88248443603516,-3.061667508936523],[133.88248443603516,-3.0644101670588952],[133.8845443725586,-3.065781493484806],[133.88591766357422,-3.071952440636224],[133.890380859375,-3.075037900840641],[133.89415740966797,-3.07400941509718],[133.8958740234375,-3.071952440636224],[133.8962173461914,-3.0671528181528345],[133.89827728271484,-3.0644101670588952],[133.90033721923828,-3.0633816710863044],[133.90514373779297,-3.063038838875869],[133.90892028808594,-3.061324676177364],[133.91510009765625,-3.054125162910836],[133.91613006591797,-3.0544679979713294],[133.912353515625,-3.0602961772416393],[133.90960693359375,-3.063038838875869],[133.89930725097656,-3.065438662043107],[133.89793395996094,-3.0661243248166556],[133.89793395996094,-3.067838479827401],[133.89930725097656,-3.071952440636224],[133.90445709228516,-3.070923951919397],[133.9126968383789,-3.0743522437885247],[133.91647338867188,-3.0726380992303604],[133.9178466796875,-3.073666586295701],[133.9126968383789,-3.076066385592327],[133.90995025634766,-3.0753807292014272],[133.9061737060547,-3.0726380992303604],[133.90308380126953,-3.0733237573840455],[133.90480041503906,-3.0794946609307488],[133.90377044677734,-3.0866940032053947],[133.9065170288086,-3.0884081251326876],[133.90308380126953,-3.0873796523082433],[133.9006805419922,-3.093207651804363],[133.90377044677734,-3.098692798538096],[133.9065170288086,-3.0993784398820736],[133.90857696533203,-3.103492278612819],[133.91029357910156,-3.103492278612819],[133.90995025634766,-3.1055491919739353],[133.91132354736328,-3.1086345545028706],[133.91407012939453,-3.1089773720048157],[133.91681671142578,-3.107948919164798],[133.91544342041016,-3.1086345545028706],[133.91475677490234,-3.1096630066744524],[133.9178466796875,-3.111719908008567],[133.91407012939453,-3.1100058238421298],[133.912353515625,-3.1100058238421298],[133.91063690185547,-3.111719908008567],[133.91098022460938,-3.113776805328385],[133.92196655273438,-3.1213187277805474],[133.91990661621094,-3.122689980595794],[133.9175033569336,-3.119604659244942],[133.91578674316406,-3.119604659244942],[133.91475677490234,-3.1250896687138834],[133.9181900024414,-3.1316030802190937],[133.91647338867188,-3.1350311752713935],[133.91372680664062,-3.137773643225316],[133.9120101928711,-3.1374308351244906],[133.91578674316406,-3.1350311752713935],[133.9171600341797,-3.131260270096462],[133.9126968383789,-3.123718419032329],[133.91098022460938,-3.118576216781989],[133.90857696533203,-3.116519328839118],[133.9068603515625,-3.116862143775549],[133.90583038330078,-3.118233402404158],[133.9068603515625,-3.1209759142970626],[133.90823364257812,-3.1213187277805474],[133.9061737060547,-3.12166154115215],[133.9061737060547,-3.122689980595794],[133.90514373779297,-3.1206331007017667],[133.90411376953125,-3.119947473175685],[133.90274047851562,-3.1206331007017667],[133.89930725097656,-3.116862143775549],[133.89827728271484,-3.118576216781989],[133.89930725097656,-3.12166154115215],[133.89690399169922,-3.117890587914573],[133.89690399169922,-3.1148052524820997],[133.8951873779297,-3.111719908008567],[133.89450073242188,-3.111719908008567],[133.8951873779297,-3.1110342746764132],[133.89415740966797,-3.1103486408983514],[133.89347076416016,-3.1062348288707966],[133.8951873779297,-3.1038350977844402],[133.89244079589844,-3.1000640807817916],[133.8907241821289,-3.101092541298115],[133.8896942138672,-3.1055491919739353],[133.89141082763672,-3.1086345545028706],[133.8896942138672,-3.106577647152264],[133.88935089111328,-3.1024638204306996],[133.88797760009766,-3.102121000814293],[133.88729095458984,-3.103492278612819],[133.88763427734375,-3.1110342746764132],[133.88832092285156,-3.111719908008567],[133.88626098632812,-3.1148052524820997],[133.88591766357422,-3.116862143775549],[133.88797760009766,-3.122689980595794],[133.8896942138672,-3.1233756063320754],[133.88866424560547,-3.123718419032329],[133.88763427734375,-3.122689980595794],[133.8852310180664,-3.115490883359854],[133.88660430908203,-3.1086345545028706],[133.88626098632812,-3.1038350977844402],[133.88694763183594,-3.100406901065014],[133.88866424560547,-3.0966358718415563],[133.89209747314453,-3.093207651804363],[133.89381408691406,-3.0849798785127263],[133.8958740234375,-3.0815516208374163],[133.89690399169922,-3.076752041542292],[133.89484405517578,-3.0746950723696784],[133.89175415039062,-3.076752041542292],[133.89141082763672,-3.0781233521189932],[133.8900375366211,-3.0794946609307488],[133.88694763183594,-3.079151833893306],[133.88282775878906,-3.073666586295701],[133.88076782226562,-3.0671528181528345],[133.8787078857422,-3.0664671560386125],[133.87664794921875,-3.063038838875869],[133.87527465820312,-3.058924843791999],[133.8739013671875,-3.05858201015549]]]}}]}