{"type":"FeatureCollection","features":[{"type":"Feature","id":"pmtiles:10/811/525:landuse:3954972370:14","properties":{"class":"residential","kind":"green","verification":"verified","source":"OpenMapTiles/OpenStreetMap national PMTiles","sourceId":"10/811/525:landuse:3954972370:14","sourceLayer":"landuse","archive":"https://its.hanifahseptiani45.workers.dev/v1/map/archive/indonesia.pmtiles","updatedAt":"2026-07-26T09:44:10.101Z"},"geometry":{"type":"Polygon","coordinates":[[[105.25125503540039,-4.919509935024621],[105.25503158569336,-4.919766478479218],[105.25503158569336,-4.920621622613737],[105.25168418884277,-4.920792651308773],[105.25125503540039,-4.919509935024621]]]}},{"type":"Feature","id":"pmtiles:10/811/525:landuse:3954972370:15","properties":{"class":"residential","kind":"green","verification":"verified","source":"OpenMapTiles/OpenStreetMap national PMTiles","sourceId":"10/811/525:landuse:3954972370:15","sourceLayer":"landuse","archive":"https://its.hanifahseptiani45.workers.dev/v1/map/archive/indonesia.pmtiles","updatedAt":"2026-07-26T09:44:10.101Z"},"geometry":{"type":"Polygon","coordinates":[[[105.2438735961914,-4.920450593874719],[105.24447441101074,-4.919253391471159],[105.25074005126953,-4.919424420517785],[105.25056838989258,-4.920450593874719],[105.24979591369629,-4.92070713696674],[105.2438735961914,-4.920450593874719]]]}},{"type":"Feature","id":"pmtiles:10/811/525:landuse:3954972370:16","properties":{"class":"residential","kind":"green","verification":"verified","source":"OpenMapTiles/OpenStreetMap national PMTiles","sourceId":"10/811/525:landuse:3954972370:16","sourceLayer":"landuse","archive":"https://its.hanifahseptiani45.workers.dev/v1/map/archive/indonesia.pmtiles","updatedAt":"2026-07-26T09:44:10.101Z"},"geometry":{"type":"Polygon","coordinates":[[[105.23571968078613,-4.9205361082497205],[105.23262977600098,-4.920365079488732],[105.2328872680664,-4.919424420517785],[105.23589134216309,-4.918996847818832],[105.24395942687988,-4.919338905999965],[105.24215698242188,-4.921305737130197],[105.23571968078613,-4.921305737130197],[105.23571968078613,-4.9205361082497205]]]}},{"type":"Feature","id":"pmtiles:10/811/525:landuse:3954972370:17","properties":{"class":"residential","kind":"green","verification":"verified","source":"OpenMapTiles/OpenStreetMap national PMTiles","sourceId":"10/811/525:landuse:3954972370:17","sourceLayer":"landuse","archive":"https://its.hanifahseptiani45.workers.dev/v1/map/archive/indonesia.pmtiles","updatedAt":"2026-07-26T09:44:10.101Z"},"geometry":{"type":"Polygon","coordinates":[[[105.22396087646484,-4.920279565091761],[105.22387504577637,-4.916602435630509],[105.22318840026855,-4.916345890956862],[105.22387504577637,-4.911386007851391],[105.22499084472656,-4.911557038917692],[105.22481918334961,-4.915490741331141],[105.22636413574219,-4.915832801313158],[105.22662162780762,-4.916516920750269],[105.22799491882324,-4.916516920750269],[105.22790908813477,-4.915832801313158],[105.23099899291992,-4.916345890956862],[105.2322006225586,-4.916089346184421],[105.23503303527832,-4.913865954018334],[105.2354621887207,-4.914806620840238],[105.23529052734375,-4.917286554277112],[105.23194313049316,-4.919424420517785],[105.2314281463623,-4.920450593874719],[105.22524833679199,-4.920963679959868],[105.22396087646484,-4.920279565091761]]]}},{"type":"Feature","id":"pmtiles:10/811/525:transportation:439369530:1","properties":{"class":"secondary","highway":"secondary","kind":"road","verification":"verified","source":"OpenMapTiles/OpenStreetMap national PMTiles","sourceId":"10/811/525:transportation:439369530:1","sourceLayer":"transportation","archive":"https://its.hanifahseptiani45.workers.dev/v1/map/archive/indonesia.pmtiles","updatedAt":"2026-07-26T09:44:10.101Z"},"geometry":{"type":"LineString","coordinates":[[105.3797435760498,-4.921305737130197],[105.37313461303711,-4.917030009866977],[105.37047386169434,-4.913181831859347]]}},{"type":"Feature","id":"pmtiles:10/810/526:transportation:2799014820:0","properties":{"subclass":"rail","class":"rail","railway":"rail","kind":"railway","verification":"verified","source":"OpenMapTiles/OpenStreetMap national PMTiles","sourceId":"10/810/526:transportation:2799014820:0","sourceLayer":"transportation","archive":"https://its.hanifahseptiani45.workers.dev/v1/map/archive/indonesia.pmtiles","updatedAt":"2026-07-26T09:44:19.022Z"},"geometry":{"type":"LineString","coordinates":[[105.11409759521484,-5.013740202838733],[105.1226806640625,-5.02408589676503]]}},{"type":"Feature","id":"pmtiles:10/811/526:landuse:3954849080:0","properties":{"class":"residential","kind":"green","verification":"verified","source":"OpenMapTiles/OpenStreetMap national PMTiles","sourceId":"10/811/526:landuse:3954849080:0","sourceLayer":"landuse","archive":"https://its.hanifahseptiani45.workers.dev/v1/map/archive/indonesia.pmtiles","updatedAt":"2026-07-26T09:44:19.087Z"},"geometry":{"type":"Polygon","coordinates":[[[105.19649505615234,-4.986635418524941],[105.19572257995605,-4.985267323989987],[105.19761085510254,-4.985523841932363],[105.19829750061035,-4.985267323989987],[105.1984691619873,-4.98449776956177],[105.20001411437988,-4.984925299910969],[105.20035743713379,-4.982958658001095],[105.20190238952637,-4.984754287804677],[105.20138740539551,-4.985865865699708],[105.20018577575684,-4.985865865699708],[105.20112991333008,-4.986635418524941],[105.19941329956055,-4.988260027083086],[105.19932746887207,-4.989115082604073],[105.19692420959473,-4.988516543856335],[105.19675254821777,-4.988858566064735],[105.19838333129883,-4.989799126218841],[105.19786834716797,-4.990739685024863],[105.19718170166016,-4.990910695572026],[105.19563674926758,-4.990141147758834],[105.19477844238281,-4.990568674433135],[105.19383430480957,-4.988687554982803],[105.19477844238281,-4.98697744171335],[105.1944351196289,-4.986378901016721],[105.19649505615234,-4.986635418524941]]]}},{"type":"Feature","id":"pmtiles:10/811/526:landuse:3954849080:1","properties":{"class":"residential","kind":"green","verification":"verified","source":"OpenMapTiles/OpenStreetMap national PMTiles","sourceId":"10/811/526:landuse:3954849080:1","sourceLayer":"landuse","archive":"https://its.hanifahseptiani45.workers.dev/v1/map/archive/indonesia.pmtiles","updatedAt":"2026-07-26T09:44:19.087Z"},"geometry":{"type":"Polygon","coordinates":[[[105.16439437866211,-4.940204122221601],[105.16722679138184,-4.939006955418662],[105.16817092895508,-4.939434515239313],[105.16842842102051,-4.941230263474679],[105.16945838928223,-4.940460657683829],[105.17314910888672,-4.940973728310354],[105.17692565917969,-4.940033098524992],[105.17752647399902,-4.940460657683829],[105.17744064331055,-4.944736234099324],[105.17606735229492,-4.944992767806696],[105.1746940612793,-4.944137655062349],[105.17289161682129,-4.944137655062349],[105.17289161682129,-4.945163790223063],[105.17126083374023,-4.944565211572524],[105.17091751098633,-4.944821745346147],[105.1706600189209,-4.946446456937849],[105.16971588134766,-4.946702989982612],[105.1695442199707,-4.946018901642361],[105.16834259033203,-4.946275434852794],[105.16894340515137,-4.949097293605817],[105.16765594482422,-4.949353825623078],[105.16894340515137,-4.952517712322802],[105.16731262207031,-4.952945263418584],[105.1662826538086,-4.951320567783895],[105.16448020935059,-4.951662609301863],[105.16430854797363,-4.9510640365293455],[105.16242027282715,-4.951662609301863],[105.16216278076172,-4.950721994701809],[105.16053199768066,-4.951235057376763],[105.16070365905762,-4.952090160950547],[105.15830039978027,-4.9528597532215315],[105.15804290771484,-4.953714854694198],[105.15975952148438,-4.953287304096122],[105.16018867492676,-4.954997504829166],[105.15881538391113,-4.9555105641861275],[105.15907287597656,-4.956451171972645],[105.1585578918457,-4.956793210835727],[105.15984535217285,-4.956707701136551],[105.16018867492676,-4.957819326362397],[105.15169143676758,-4.959529515364181],[105.15083312988281,-4.958246874028049],[105.14945983886719,-4.957904835917674],[105.14928817749023,-4.957391778419989],[105.14774322509766,-4.959016459128705],[105.14748573303223,-4.960726645029894],[105.14345169067383,-4.963206406716196],[105.1362419128418,-4.9694485241742825],[105.13435363769531,-4.967139802686091],[105.1351261138916,-4.966028193159772],[105.13426780700684,-4.965173107633547],[105.13701438903809,-4.962180299562334],[105.13641357421875,-4.961667245387062],[105.13821601867676,-4.95961502469801],[105.1395034790039,-4.960128080468394],[105.1406192779541,-4.9591019685289695],[105.14104843139648,-4.959444006019282],[105.1431941986084,-4.957220759165551],[105.14388084411621,-4.957648307218648],[105.14473915100098,-4.956793210835727],[105.14422416687012,-4.956365662229189],[105.1446533203125,-4.9542279150468715],[105.14551162719727,-4.954569955060734],[105.14671325683594,-4.953543834488158],[105.14748573303223,-4.953971384920322],[105.14808654785156,-4.953372814237866],[105.14731407165527,-4.9528597532215315],[105.15229225158691,-4.948071164542242],[105.15040397644043,-4.947045033887662],[105.15083312988281,-4.946018901642361],[105.15169143676758,-4.946275434852794],[105.15186309814453,-4.945762368332524],[105.15315055847168,-4.945676857207161],[105.1527214050293,-4.944565211572524],[105.15289306640625,-4.9427694723751046],[105.15460968017578,-4.943368052648495],[105.15538215637207,-4.945591346070756],[105.15632629394531,-4.945505834923296],[105.15658378601074,-4.946189923793696],[105.15993118286133,-4.945334812595263],[105.15984535217285,-4.944650722841445],[105.1637077331543,-4.943710098276142],[105.16396522521973,-4.94422316638645],[105.16499519348145,-4.943966632380977],[105.16439437866211,-4.940204122221601]]]}},{"type":"Feature","id":"pmtiles:10/811/526:landuse:3954849080:2","properties":{"class":"residential","kind":"green","verification":"verified","source":"OpenMapTiles/OpenStreetMap national PMTiles","sourceId":"10/811/526:landuse:3954849080:2","sourceLayer":"landuse","archive":"https://its.hanifahseptiani45.workers.dev/v1/map/archive/indonesia.pmtiles","updatedAt":"2026-07-26T09:44:19.087Z"},"geometry":{"type":"Polygon","coordinates":[[[105.1926326751709,-4.92789030337353],[105.19083023071289,-4.929344029988613],[105.18885612487793,-4.929344029988613],[105.18662452697754,-4.931054292521779],[105.1856803894043,-4.930797753422553],[105.18482208251953,-4.931738396301867],[105.1842212677002,-4.931396344499916],[105.18465042114258,-4.929686082847525],[105.18293380737305,-4.928488897070835],[105.18130302429199,-4.928830950370013],[105.18095970153809,-4.927633763052498],[105.18499374389648,-4.926522087183642],[105.18636703491211,-4.924726299160611],[105.18739700317383,-4.925495923192997],[105.18997192382812,-4.923529104450822],[105.18980026245117,-4.922930506287813],[105.19125938415527,-4.922502935841564],[105.19237518310547,-4.925239381947847],[105.19160270690918,-4.926265546334491],[105.1926326751709,-4.92789030337353]]]}},{"type":"Feature","id":"pmtiles:10/811/526:landuse:3954849080:3","properties":{"class":"residential","kind":"green","verification":"verified","source":"OpenMapTiles/OpenStreetMap national PMTiles","sourceId":"10/811/526:landuse:3954849080:3","sourceLayer":"landuse","archive":"https://its.hanifahseptiani45.workers.dev/v1/map/archive/indonesia.pmtiles","updatedAt":"2026-07-26T09:44:19.087Z"},"geometry":{"type":"Polygon","coordinates":[[[105.22396087646484,-4.920279565091761],[105.22387504577637,-4.916602435630509],[105.22318840026855,-4.916345890956862],[105.22387504577637,-4.911386007851391],[105.22499084472656,-4.911557038917692],[105.22481918334961,-4.915490741331141],[105.22636413574219,-4.915832801313158],[105.22662162780762,-4.916516920750269],[105.22799491882324,-4.916516920750269],[105.22790908813477,-4.915832801313158],[105.23099899291992,-4.916345890956862],[105.2322006225586,-4.916089346184421],[105.23503303527832,-4.913865954018334],[105.2354621887207,-4.914806620840238],[105.23529052734375,-4.917286554277112],[105.23194313049316,-4.919424420517785],[105.2314281463623,-4.920450593874719],[105.22524833679199,-4.920963679959868],[105.22396087646484,-4.920279565091761]]]}},{"type":"Feature","id":"pmtiles:10/811/526:landuse:3954849080:4","properties":{"class":"residential","kind":"green","verification":"verified","source":"OpenMapTiles/OpenStreetMap national PMTiles","sourceId":"10/811/526:landuse:3954849080:4","sourceLayer":"landuse","archive":"https://its.hanifahseptiani45.workers.dev/v1/map/archive/indonesia.pmtiles","updatedAt":"2026-07-26T09:44:19.087Z"},"geometry":{"type":"Polygon","coordinates":[[[105.21297454833984,-4.952603222564065],[105.2164077758789,-4.952432202070469],[105.21657943725586,-4.953372814237866],[105.22138595581055,-4.954655465036552],[105.22052764892578,-4.95756279763016],[105.21949768066406,-4.957391778419989],[105.21958351135254,-4.955681583883276],[105.21846771240234,-4.955681583883276],[105.21838188171387,-4.957819326362397],[105.2164077758789,-4.9591019685289695],[105.21657943725586,-4.960128080468394],[105.21795272827148,-4.961581736319076],[105.21889686584473,-4.961325209048638],[105.22078514099121,-4.963035388968038],[105.22069931030273,-4.96414700353867],[105.2189826965332,-4.964318020998675],[105.21855354309082,-4.965002090395259],[105.21477699279785,-4.964489038414328],[105.21443367004395,-4.961923772524557],[105.21374702453613,-4.961923772524557],[105.21400451660156,-4.964489038414328],[105.21211624145508,-4.964660055785643],[105.21100044250488,-4.961325209048638],[105.21142959594727,-4.960897663376343],[105.21400451660156,-4.960812154208668],[105.21426200866699,-4.960213589724702],[105.21100044250488,-4.959871552633047],[105.21125793457031,-4.957904835917674],[105.21048545837402,-4.9561946427091215],[105.21100044250488,-4.954826484954978],[105.21220207214355,-4.954826484954978],[105.21228790283203,-4.953458324368526],[105.21297454833984,-4.952603222564065]]]}},{"type":"Feature","id":"pmtiles:10/811/526:landuse:3954849080:5","properties":{"class":"residential","kind":"green","verification":"verified","source":"OpenMapTiles/OpenStreetMap national PMTiles","sourceId":"10/811/526:landuse:3954849080:5","sourceLayer":"landuse","archive":"https://its.hanifahseptiani45.workers.dev/v1/map/archive/indonesia.pmtiles","updatedAt":"2026-07-26T09:44:19.087Z"},"geometry":{"type":"Polygon","coordinates":[[[105.2409553527832,-4.934474804373195],[105.23357391357422,-4.934560316943646],[105.23357391357422,-4.937211201161347],[105.23537635803223,-4.937296713379098],[105.23554801940918,-4.940118610378818],[105.23323059082031,-4.940204122221601],[105.23048400878906,-4.9387504193939264],[105.23048400878906,-4.937125688932568],[105.2310848236084,-4.93686915218008],[105.23014068603516,-4.934474804373195],[105.22627830505371,-4.934389291791717],[105.22619247436523,-4.93686915218008],[105.22747993469238,-4.937040176692761],[105.2273941040039,-4.9391779793800055],[105.22679328918457,-4.941828845138602],[105.22439002990723,-4.941743333505428],[105.22456169128418,-4.943197029768427],[105.22619247436523,-4.943539075484395],[105.22722244262695,-4.945249301414677],[105.22507667541504,-4.945505834923296],[105.22653579711914,-4.947558099413811],[105.2244758605957,-4.949695868158031],[105.22112846374512,-4.950893015637689],[105.21649360656738,-4.950978526089031],[105.21117210388184,-4.95191914032425],[105.21100044250488,-4.951149546958575],[105.2010440826416,-4.953458324368526],[105.19949913024902,-4.956793210835727],[105.19855499267578,-4.956793210835727],[105.1966667175293,-4.948498718512113],[105.19795417785645,-4.947814632027743],[105.20027160644531,-4.944907256581942],[105.20233154296875,-4.944137655062349],[105.20370483398438,-4.9420853799719],[105.20301818847656,-4.939434515239313],[105.19057273864746,-4.942170891560934],[105.18919944763184,-4.944565211572524],[105.18722534179688,-4.944308677699539],[105.18610954284668,-4.942512937806683],[105.18413543701172,-4.942854983875847],[105.1845645904541,-4.944479700292575],[105.18113136291504,-4.945078279020393],[105.17950057983398,-4.941144751764284],[105.18010139465332,-4.940631681270133],[105.17941474914551,-4.937724274302482],[105.18035888671875,-4.93686915218008],[105.1860237121582,-4.9354154420420855],[105.1871395111084,-4.93686915218008],[105.19280433654785,-4.9354154420420855],[105.19246101379395,-4.933876216071511],[105.19598007202148,-4.93302108898979],[105.19615173339844,-4.930199161805646],[105.19941329956055,-4.929515056440096],[105.20138740539551,-4.93028467492681],[105.20284652709961,-4.92977159603474],[105.2021598815918,-4.922588449952812],[105.20379066467285,-4.9219898509433335],[105.20413398742676,-4.920365079488732],[105.20198822021484,-4.919851992942114],[105.20190238952637,-4.91874030406764],[105.20404815673828,-4.916260376043695],[105.20988464355469,-4.913865954018334],[105.21039962768555,-4.912668739779292],[105.21065711975098,-4.912668739779292],[105.21014213562012,-4.911386007851391],[105.20842552185059,-4.911300492301777],[105.20756721496582,-4.910359820532264],[105.21803855895996,-4.910359820532264],[105.21803855895996,-4.910530851861793],[105.21632194519043,-4.910958429993656],[105.21615028381348,-4.911813585434913],[105.21503448486328,-4.911642554434394],[105.21503448486328,-4.9106163675101016],[105.21409034729004,-4.910701883147439],[105.21288871765137,-4.912583224394226],[105.21323204040527,-4.912583224394226],[105.21477699279785,-4.913438377751248],[105.22052764892578,-4.914379045176716],[105.2215576171875,-4.916260376043695],[105.2215576171875,-4.91737206905853],[105.21958351135254,-4.920023021834936],[105.21769523620605,-4.920450593874719],[105.21657943725586,-4.922502935841564],[105.21537780761719,-4.923187048423628],[105.21486282348633,-4.925581436919387],[105.21906852722168,-4.926265546334491],[105.21915435791016,-4.928745437061735],[105.22078514099121,-4.928830950370013],[105.22087097167969,-4.927035168584936],[105.22361755371094,-4.927035168584936],[105.22361755371094,-4.928061330199213],[105.2244758605957,-4.928232356980885],[105.22713661193848,-4.927633763052498],[105.23357391357422,-4.928574410412125],[105.2409553527832,-4.928745437061735],[105.24490356445312,-4.928232356980885],[105.24541854858398,-4.926009005386334],[105.24172782897949,-4.925837978032547],[105.24164199829102,-4.925495923192997],[105.24104118347168,-4.925495923192997],[105.24086952209473,-4.928061330199213],[105.23966789245605,-4.927975816791886],[105.23966789245605,-4.925495923192997],[105.23812294006348,-4.925239381947847],[105.22833824157715,-4.925495923192997],[105.22550582885742,-4.924811812985979],[105.22112846374512,-4.925068354396089],[105.22138595581055,-4.923785646355768],[105.23597717285156,-4.924127702075111],[105.23571968078613,-4.9205361082497205],[105.23262977600098,-4.920365079488732],[105.2328872680664,-4.919424420517785],[105.23589134216309,-4.918996847818832],[105.24395942687988,-4.919338905999965],[105.24198532104492,-4.92147676564943],[105.24069786071777,-4.924042188161778],[105.2409553527832,-4.9245552714768905],[105.24224281311035,-4.924127702075111],[105.24747848510742,-4.924298729868809],[105.24679183959961,-4.927633763052498],[105.24593353271484,-4.928488897070835],[105.24713516235352,-4.928830950370013],[105.25614738464355,-4.92865992374243],[105.25631904602051,-4.927035168584936],[105.2574348449707,-4.926949655045561],[105.25777816772461,-4.928574410412125],[105.26026725769043,-4.928830950370013],[105.2603530883789,-4.9272061956306885],[105.26138305664062,-4.9272061956306885],[105.26155471801758,-4.928745437061735],[105.26567459106445,-4.929087490228838],[105.26558876037598,-4.930028135530307],[105.26327133178711,-4.930199161805646],[105.26335716247559,-4.93148185746692],[105.26335716247559,-4.933534165371029],[105.26610374450684,-4.9337051907432965],[105.26601791381836,-4.934816854588888],[105.25752067565918,-4.934645829503069],[105.25752067565918,-4.936356078377472],[105.25846481323242,-4.936527103022442],[105.25863647460938,-4.9374677377815175],[105.24456024169922,-4.9374677377815175],[105.24404525756836,-4.9382373470466945],[105.24370193481445,-4.9375532499662],[105.24112701416016,-4.937211201161347],[105.24181365966797,-4.9354154420420855],[105.24327278137207,-4.936441590705471],[105.24559020996094,-4.936356078377472],[105.24567604064941,-4.93592851657219],[105.24773597717285,-4.936441590705471],[105.2479076385498,-4.93592851657219],[105.24876594543457,-4.93592851657219],[105.24893760681152,-4.936527103022442],[105.25125503540039,-4.936527103022442],[105.25185585021973,-4.935843004178054],[105.25185585021973,-4.936441590705471],[105.25503158569336,-4.936185053688433],[105.25494575500488,-4.9349878796306115],[105.24687767028809,-4.934645829503069],[105.24687767028809,-4.93558646692955],[105.24550437927246,-4.93532992958184],[105.24481773376465,-4.934560316943646],[105.2409553527832,-4.934474804373195]],[[105.24078369140625,-4.931994935037707],[105.24086952209473,-4.933534165371029],[105.24370193481445,-4.932935576221027],[105.24473190307617,-4.933363139954693],[105.24584770202637,-4.932850063441265],[105.24722099304199,-4.9334486526683605],[105.24919509887695,-4.9334486526683605],[105.24928092956543,-4.93302108898979],[105.24979591369629,-4.933876216071511],[105.25031089782715,-4.933876216071511],[105.25091171264648,-4.9309687794997075],[105.25168418884277,-4.93054121422422],[105.2519416809082,-4.933277627229984],[105.25279998779297,-4.9334486526683605],[105.26215553283691,-4.9337051907432965],[105.26241302490234,-4.9315673704229255],[105.26232719421387,-4.9301136486734976],[105.25769233703613,-4.93028467492681],[105.25769233703613,-4.932850063441265],[105.25657653808594,-4.932935576221027],[105.25649070739746,-4.931738396301867],[105.2548599243164,-4.93148185746692],[105.25460243225098,-4.930199161805646],[105.24086952209473,-4.9301136486734976],[105.24069786071777,-4.931994935037707],[105.24078369140625,-4.931994935037707]],[[105.2394962310791,-4.931909422136769],[105.2391529083252,-4.931909422136769],[105.23906707763672,-4.930883266466637],[105.23357391357422,-4.930883266466637],[105.23357391357422,-4.933363139954693],[105.2394962310791,-4.933363139954693],[105.2394962310791,-4.931909422136769]]]}},{"type":"Feature","id":"pmtiles:10/811/526:landuse:3954849080:6","properties":{"class":"residential","kind":"green","verification":"verified","source":"OpenMapTiles/OpenStreetMap national PMTiles","sourceId":"10/811/526:landuse:3954849080:6","sourceLayer":"landuse","archive":"https://its.hanifahseptiani45.workers.dev/v1/map/archive/indonesia.pmtiles","updatedAt":"2026-07-26T09:44:19.087Z"},"geometry":{"type":"Polygon","coordinates":[[[105.2438735961914,-4.920450593874719],[105.24447441101074,-4.919253391471159],[105.25074005126953,-4.919424420517785],[105.25056838989258,-4.920450593874719],[105.24979591369629,-4.92070713696674],[105.2438735961914,-4.920450593874719]]]}},{"type":"Feature","id":"pmtiles:10/811/526:landuse:3954849080:8","properties":{"class":"residential","kind":"green","verification":"verified","source":"OpenMapTiles/OpenStreetMap national PMTiles","sourceId":"10/811/526:landuse:3954849080:8","sourceLayer":"landuse","archive":"https://its.hanifahseptiani45.workers.dev/v1/map/archive/indonesia.pmtiles","updatedAt":"2026-07-26T09:44:19.087Z"},"geometry":{"type":"Polygon","coordinates":[[[105.25125503540039,-4.919509935024621],[105.25503158569336,-4.919766478479218],[105.25503158569336,-4.920621622613737],[105.25168418884277,-4.920792651308773],[105.25125503540039,-4.919509935024621]]]}},{"type":"Feature","id":"pmtiles:10/811/526:landuse:3954849080:9","properties":{"class":"residential","kind":"green","verification":"verified","source":"OpenMapTiles/OpenStreetMap national PMTiles","sourceId":"10/811/526:landuse:3954849080:9","sourceLayer":"landuse","archive":"https://its.hanifahseptiani45.workers.dev/v1/map/archive/indonesia.pmtiles","updatedAt":"2026-07-26T09:44:19.087Z"},"geometry":{"type":"Polygon","coordinates":[[[105.26593208312988,-4.916858980205333],[105.26558876037598,-4.915747286334124],[105.26636123657227,-4.915148681173491],[105.26567459106445,-4.913096316540106],[105.26344299316406,-4.911129461169651],[105.2640438079834,-4.910359820532264],[105.2713394165039,-4.910359820532264],[105.26790618896484,-4.915576256343115],[105.26764869689941,-4.916858980205333],[105.26747703552246,-4.918825818662356],[105.26867866516113,-4.921818822555991],[105.26747703552246,-4.922160879286707],[105.26730537414551,-4.924640785324243],[105.26644706726074,-4.925581436919387],[105.24782180786133,-4.925581436919387],[105.24782180786133,-4.924384243749174],[105.26232719421387,-4.924298729868809],[105.26241302490234,-4.923272562446925],[105.26318550109863,-4.924042188161778],[105.2651596069336,-4.924042188161778],[105.26576042175293,-4.923443590460522],[105.26636123657227,-4.920878165639806],[105.25683403015137,-4.920963679959868],[105.25631904602051,-4.921391251395306],[105.25588989257812,-4.921391251395306],[105.25606155395508,-4.9205361082497205],[105.25674819946289,-4.919766478479218],[105.26610374450684,-4.91993750739401],[105.2666187286377,-4.916858980205333],[105.26593208312988,-4.916858980205333]]]}},{"type":"Feature","id":"pmtiles:10/811/526:landuse:3954849080:10","properties":{"class":"residential","kind":"green","verification":"verified","source":"OpenMapTiles/OpenStreetMap national PMTiles","sourceId":"10/811/526:landuse:3954849080:10","sourceLayer":"landuse","archive":"https://its.hanifahseptiani45.workers.dev/v1/map/archive/indonesia.pmtiles","updatedAt":"2026-07-26T09:44:19.087Z"},"geometry":{"type":"Polygon","coordinates":[[[105.2698802947998,-5.0026248118685],[105.27005195617676,-5.001598766256308],[105.27116775512695,-5.001171246776607],[105.27159690856934,-5.00023070293868],[105.27228355407715,-5.00023070293868],[105.27322769165039,-5.00134225460198],[105.27305603027344,-5.0025393081289025],[105.2735710144043,-5.003223337732862],[105.27151107788086,-5.0045913947959235],[105.27142524719238,-5.005617435716061],[105.27271270751953,-5.0058739456946455],[105.27297019958496,-5.007755015797088],[105.2724552154541,-5.007926021901724],[105.27254104614258,-5.0092085662608525],[105.27159690856934,-5.009379571985306],[105.27176856994629,-5.010747616170136],[105.27219772338867,-5.010747616170136],[105.27228355407715,-5.012030154992388],[105.27185440063477,-5.012201159978474],[105.2724552154541,-5.013996709629524],[105.27374267578125,-5.015279242072154],[105.2739143371582,-5.016818277677643],[105.27451515197754,-5.016134262300952],[105.27597427368164,-5.0172457869240645],[105.27580261230469,-5.018186306280413],[105.27640342712402,-5.018955821109088],[105.27580261230469,-5.0201528423718],[105.27726173400879,-5.023487390018431],[105.27468681335449,-5.026992921714921],[105.2739143371582,-5.02895943123643],[105.2721118927002,-5.028360928967203],[105.27116775512695,-5.027505924771276],[105.27142524719238,-5.026821920606352],[105.27039527893066,-5.026052415062281],[105.27348518371582,-5.021691866481561],[105.27339935302734,-5.02058034943326],[105.27151107788086,-5.01792980113585],[105.27005195617676,-5.017160285097191],[105.26962280273438,-5.013398193627623],[105.27005195617676,-5.012201159978474],[105.2706527709961,-5.012030154992388],[105.27048110961914,-5.010833118836615],[105.26996612548828,-5.008524542915765],[105.26799201965332,-5.006215958842958],[105.26850700378418,-5.003821863049865],[105.26773452758789,-5.003479848650031],[105.26790618896484,-5.002710315596929],[105.2698802947998,-5.0026248118685]]]}},{"type":"Feature","id":"pmtiles:10/811/526:landuse:3954849080:11","properties":{"class":"residential","kind":"green","verification":"verified","source":"OpenMapTiles/OpenStreetMap national PMTiles","sourceId":"10/811/526:landuse:3954849080:11","sourceLayer":"landuse","archive":"https://its.hanifahseptiani45.workers.dev/v1/map/archive/indonesia.pmtiles","updatedAt":"2026-07-26T09:44:19.087Z"},"geometry":{"type":"Polygon","coordinates":[[[105.24893760681152,-4.99886263676305],[105.24953842163086,-4.998435115497173],[105.2545166015625,-4.9987771325322115],[105.25666236877441,-4.999888686662686],[105.2596664428711,-5.003992870182756],[105.25863647460938,-5.004249380798285],[105.25734901428223,-5.003223337732862],[105.25631904602051,-5.003479848650031],[105.25623321533203,-5.00433488431446],[105.25554656982422,-5.004249380798285],[105.25554656982422,-5.003052330398901],[105.25520324707031,-5.003137834071467],[105.25503158569336,-5.005275422254812],[105.2545166015625,-5.00544642900779],[105.24885177612305,-5.004249380798285],[105.24893760681152,-4.99886263676305]]]}},{"type":"Feature","id":"pmtiles:10/811/526:landuse:3954849080:12","properties":{"class":"residential","kind":"green","verification":"verified","source":"OpenMapTiles/OpenStreetMap national PMTiles","sourceId":"10/811/526:landuse:3954849080:12","sourceLayer":"landuse","archive":"https://its.hanifahseptiani45.workers.dev/v1/map/archive/indonesia.pmtiles","updatedAt":"2026-07-26T09:44:19.087Z"},"geometry":{"type":"Polygon","coordinates":[[[105.24816513061523,-4.9987771325322115],[105.24507522583008,-5.001000238906556],[105.24267196655273,-5.000658223032488],[105.23983955383301,-5.001171246776607],[105.24001121520996,-5.00023070293868],[105.2391529083252,-5.000145198886429],[105.23923873901367,-4.998007593952309],[105.23846626281738,-4.997751080891462],[105.23855209350586,-4.996981541106408],[105.23923873901367,-4.996981541106408],[105.23975372314453,-4.9942453923304555],[105.24189949035645,-4.992107768153943],[105.24404525756836,-4.9912527165326],[105.24404525756836,-4.986207889288906],[105.24395942687988,-4.985523841932363],[105.24301528930664,-4.985438335962698],[105.24301528930664,-4.984412263458552],[105.24224281311035,-4.983215176844894],[105.24275779724121,-4.982274607261402],[105.2438735961914,-4.983044164293489],[105.24507522583008,-4.982787645382913],[105.24559020996094,-4.983215176844894],[105.24533271789551,-4.985352829981906],[105.24842262268066,-4.985096311972725],[105.24799346923828,-4.986806430141414],[105.24516105651855,-4.987918004562815],[105.24541854858398,-4.989970137011113],[105.2449893951416,-4.9912527165326],[105.24567604064941,-4.99176574763915],[105.24559020996094,-4.992620798591744],[105.2461051940918,-4.992620798591744],[105.24619102478027,-4.9936468582634035],[105.24739265441895,-4.995014935328072],[105.24962425231934,-4.993304838551225],[105.25091171264648,-4.993475848429611],[105.25091171264648,-4.994074382652755],[105.25185585021973,-4.9942453923304555],[105.25245666503906,-4.995356954148164],[105.25211334228516,-4.99672502764389],[105.24816513061523,-4.9987771325322115]]]}},{"type":"Feature","id":"pmtiles:10/811/526:landuse:3954849080:13","properties":{"class":"residential","kind":"green","verification":"verified","source":"OpenMapTiles/OpenStreetMap national PMTiles","sourceId":"10/811/526:landuse:3954849080:13","sourceLayer":"landuse","archive":"https://its.hanifahseptiani45.workers.dev/v1/map/archive/indonesia.pmtiles","updatedAt":"2026-07-26T09:44:19.087Z"},"geometry":{"type":"Polygon","coordinates":[[[105.23529052734375,-4.970987667339401],[105.23426055908203,-4.97107317518757],[105.23340225219727,-4.969534032222228],[105.2322006225586,-4.969705048284808],[105.23228645324707,-4.968849967527987],[105.23297309875488,-4.9683369185413255],[105.23280143737793,-4.967738360885477],[105.23357391357422,-4.96662675236837],[105.23709297180176,-4.965002090395259],[105.23795127868652,-4.966797769185305],[105.23932456970215,-4.966541243943254],[105.2394962310791,-4.967054294327539],[105.23606300354004,-4.967994885661682],[105.23649215698242,-4.9694485241742825],[105.23529052734375,-4.970987667339401]]]}},{"type":"Feature","id":"pmtiles:10/811/526:landuse:3954849080:14","properties":{"class":"residential","kind":"green","verification":"verified","source":"OpenMapTiles/OpenStreetMap national PMTiles","sourceId":"10/811/526:landuse:3954849080:14","sourceLayer":"landuse","archive":"https://its.hanifahseptiani45.workers.dev/v1/map/archive/indonesia.pmtiles","updatedAt":"2026-07-26T09:44:19.087Z"},"geometry":{"type":"Polygon","coordinates":[[[105.23606300354004,-4.9745789874041435],[105.23674964904785,-4.973467390429562],[105.2354621887207,-4.971757237573442],[105.23589134216309,-4.970645635835666],[105.23589134216309,-4.971329698665542],[105.23760795593262,-4.972441299248828],[105.23829460144043,-4.973894927949601],[105.23735046386719,-4.975092031528533],[105.23606300354004,-4.9745789874041435]]]}},{"type":"Feature","id":"pmtiles:10/811/526:landuse:3954849080:15","properties":{"class":"residential","kind":"green","verification":"verified","source":"OpenMapTiles/OpenStreetMap national PMTiles","sourceId":"10/811/526:landuse:3954849080:15","sourceLayer":"landuse","archive":"https://its.hanifahseptiani45.workers.dev/v1/map/archive/indonesia.pmtiles","updatedAt":"2026-07-26T09:44:19.087Z"},"geometry":{"type":"Polygon","coordinates":[[[105.23305892944336,-4.974835509516325],[105.23271560668945,-4.975519567993388],[105.23177146911621,-4.9753485534407815],[105.23134231567383,-4.976032611384596],[105.2296257019043,-4.975861596965302],[105.23014068603516,-4.973723912974904],[105.2310848236084,-4.973381882892241],[105.23305892944336,-4.974835509516325]]]}},{"type":"Feature","id":"pmtiles:10/811/526:landuse:3954849080:16","properties":{"class":"residential","kind":"green","verification":"verified","source":"OpenMapTiles/OpenStreetMap national PMTiles","sourceId":"10/811/526:landuse:3954849080:16","sourceLayer":"landuse","archive":"https://its.hanifahseptiani45.workers.dev/v1/map/archive/indonesia.pmtiles","updatedAt":"2026-07-26T09:44:19.087Z"},"geometry":{"type":"Polygon","coordinates":[[[105.2340030670166,-4.976118118577588],[105.23434638977051,-4.975605075253043],[105.23348808288574,-4.974835509516325],[105.23340225219727,-4.974151450328364],[105.2354621887207,-4.974407972607153],[105.23683547973633,-4.975947104180506],[105.23726463317871,-4.978084780949217],[105.2394962310791,-4.980136944111507],[105.23941040039062,-4.980649983901401],[105.24232864379883,-4.9815050493282484],[105.24181365966797,-4.982958658001095],[105.24138450622559,-4.982531126372223],[105.24086952209473,-4.982531126372223],[105.2409553527832,-4.983215176844894],[105.23983955383301,-4.982873151697575],[105.23812294006348,-4.981847075187545],[105.23709297180176,-4.978854342885484],[105.2365779876709,-4.978683329199683],[105.2365779876709,-4.977144204026672],[105.23426055908203,-4.977571739158165],[105.23383140563965,-4.977144204026672],[105.2340030670166,-4.976118118577588]]]}},{"type":"Feature","id":"pmtiles:10/811/526:landuse:3954849080:17","properties":{"class":"residential","kind":"green","verification":"verified","source":"OpenMapTiles/OpenStreetMap national PMTiles","sourceId":"10/811/526:landuse:3954849080:17","sourceLayer":"landuse","archive":"https://its.hanifahseptiani45.workers.dev/v1/map/archive/indonesia.pmtiles","updatedAt":"2026-07-26T09:44:19.087Z"},"geometry":{"type":"Polygon","coordinates":[[[105.21417617797852,-4.972868837435129],[105.21546363830566,-4.972783329820075],[105.21666526794434,-4.973638405470908],[105.21632194519043,-4.9763746400898725],[105.21383285522461,-4.976887682814407],[105.2134895324707,-4.9774862321541065],[105.21426200866699,-4.977828260103706],[105.21486282348633,-4.979196370123688],[105.21288871765137,-4.9815050493282484],[105.2120304107666,-4.981334036331845],[105.21117210388184,-4.9820180880504665],[105.21005630493164,-4.984412263458552],[105.20833969116211,-4.984754287804677],[105.20730972290039,-4.9840702389343505],[105.20739555358887,-4.983642708028711],[105.20585060119629,-4.983813720424365],[105.20559310913086,-4.983471695588577],[105.20627975463867,-4.982787645382913],[105.20851135253906,-4.9826166327202515],[105.20593643188477,-4.981163023290975],[105.205078125,-4.98141954283561],[105.20550727844238,-4.983129670574755],[105.20482063293457,-4.983471695588577],[105.20421981811523,-4.983557201814193],[105.2039623260498,-4.982958658001095],[105.20276069641113,-4.9840702389343505],[105.20078659057617,-4.982531126372223],[105.20035743713379,-4.981334036331845],[105.20130157470703,-4.981077516753842],[105.20155906677246,-4.979110863330803],[105.20404815673828,-4.979025356526819],[105.20559310913086,-4.976716668617357],[105.20670890808105,-4.976118118577588],[105.20816802978516,-4.977571739158165],[105.2094554901123,-4.976802175721431],[105.20902633666992,-4.9763746400898725],[105.2094554901123,-4.975434060722648],[105.20988464355469,-4.975263046147816],[105.21048545837402,-4.976289132930219],[105.2109146118164,-4.976118118577588],[105.2102279663086,-4.974835509516325],[105.21125793457031,-4.97492101686484],[105.21271705627441,-4.973296375343821],[105.2134895324707,-4.973552897955784],[105.21417617797852,-4.972868837435129]]]}},{"type":"Feature","id":"pmtiles:10/811/526:landuse:3954849080:18","properties":{"class":"residential","kind":"green","verification":"verified","source":"OpenMapTiles/OpenStreetMap national PMTiles","sourceId":"10/811/526:landuse:3954849080:18","sourceLayer":"landuse","archive":"https://its.hanifahseptiani45.workers.dev/v1/map/archive/indonesia.pmtiles","updatedAt":"2026-07-26T09:44:19.087Z"},"geometry":{"type":"Polygon","coordinates":[[[105.24704933166504,-5.045546274992759],[105.24627685546875,-5.0494791758183055],[105.24576187133789,-5.050419648569331],[105.24490356445312,-5.050334151102874],[105.24456024169922,-5.045375278763856],[105.24559020996094,-5.045375278763856],[105.24567604064941,-5.045888267315348],[105.24704933166504,-5.045546274992759]]]}},{"type":"Feature","id":"pmtiles:10/811/526:landuse:3954849080:19","properties":{"class":"residential","kind":"green","verification":"verified","source":"OpenMapTiles/OpenStreetMap national PMTiles","sourceId":"10/811/526:landuse:3954849080:19","sourceLayer":"landuse","archive":"https://its.hanifahseptiani45.workers.dev/v1/map/archive/indonesia.pmtiles","updatedAt":"2026-07-26T09:44:19.087Z"},"geometry":{"type":"Polygon","coordinates":[[[105.26121139526367,-5.021606365237417],[105.26069641113281,-5.022461377174324],[105.2596664428711,-5.021777367714492],[105.25803565979004,-5.022461377174324],[105.25880813598633,-5.024855404631609],[105.25666236877441,-5.026736420035235],[105.25649070739746,-5.0279334270095575],[105.2534008026123,-5.0279334270095575],[105.25219917297363,-5.021777367714492],[105.2548599243164,-5.021349861437727],[105.25468826293945,-5.015108237892022],[105.25408744812012,-5.014338718527199],[105.2541732788086,-5.012799677077254],[105.25494575500488,-5.012970681861887],[105.25588989257812,-5.010833118836615],[105.25829315185547,-5.009123063381864],[105.25846481323242,-5.005959448998496],[105.26018142700195,-5.006386965350046],[105.25812149047852,-5.0112606320011395],[105.25880813598633,-5.011431637188622],[105.25897979736328,-5.014937233667112],[105.25975227355957,-5.015193739987694],[105.25975227355957,-5.020238343806511],[105.26121139526367,-5.021606365237417]]]}},{"type":"Feature","id":"pmtiles:10/811/526:landuse:3954849080:20","properties":{"class":"residential","kind":"green","verification":"verified","source":"OpenMapTiles/OpenStreetMap national PMTiles","sourceId":"10/811/526:landuse:3954849080:20","sourceLayer":"landuse","archive":"https://its.hanifahseptiani45.workers.dev/v1/map/archive/indonesia.pmtiles","updatedAt":"2026-07-26T09:44:19.088Z"},"geometry":{"type":"Polygon","coordinates":[[[105.26086807250977,-5.022632379427151],[105.2640438079834,-5.021349861437727],[105.26773452758789,-5.032208433953784],[105.26867866516113,-5.032379433647492],[105.26850700378418,-5.033490930561186],[105.27339935302734,-5.032635933103805],[105.27563095092773,-5.029643433156153],[105.27846336364746,-5.029557932955484],[105.27889251708984,-5.028360928967203],[105.27983665466309,-5.0288739309459345],[105.28069496154785,-5.032293933806244],[105.28026580810547,-5.03331993115961],[105.27923583984375,-5.03383292922949],[105.27880668640137,-5.035542919873592],[105.27820587158203,-5.035628419287761],[105.27829170227051,-5.036996408385477],[105.27983665466309,-5.036996408385477],[105.28000831604004,-5.038278895550079],[105.28060913085938,-5.038193396484502],[105.28078079223633,-5.037509403554978],[105.2849006652832,-5.037423904388191],[105.28584480285645,-5.03785140010973],[105.2849006652832,-5.0407583635580835],[105.28824806213379,-5.047769221867497],[105.28756141662598,-5.048025715247533],[105.28558731079102,-5.046401255461291],[105.28524398803711,-5.044947787994545],[105.2845573425293,-5.045204282489934],[105.28361320495605,-5.044434798699683],[105.28369903564453,-5.045888267315348],[105.28464317321777,-5.045888267315348],[105.2849006652832,-5.046828745273089],[105.28361320495605,-5.048282208526132],[105.28275489807129,-5.048367706263122],[105.28284072875977,-5.049735668522047],[105.28524398803711,-5.050163156136151],[105.28558731079102,-5.049308180626127],[105.28678894042969,-5.050248653625147],[105.28816223144531,-5.050077658635885],[105.28756141662598,-5.048453203988842],[105.28841972351074,-5.048196710777859],[105.28944969177246,-5.050676140901018],[105.28850555419922,-5.052215092759937],[105.28738975524902,-5.052044098289372],[105.28670310974121,-5.051189125259967],[105.28112411499023,-5.0514456172872],[105.28060913085938,-5.050932633131239],[105.28043746948242,-5.047256234803214],[105.2808666229248,-5.04614476143901],[105.27966499328613,-5.044349300444466],[105.27975082397461,-5.043237822101787],[105.28060913085938,-5.042639332975256],[105.27992248535156,-5.041869846144877],[105.2790641784668,-5.042981326829391],[105.27631759643555,-5.0430668252647735],[105.27640342712402,-5.04614476143901],[105.27545928955078,-5.046059263409049],[105.27640342712402,-5.047854719672117],[105.27751922607422,-5.048025715247533],[105.27880668640137,-5.04913718538883],[105.27897834777832,-5.0514456172872],[105.27812004089355,-5.052129595530289],[105.2764892578125,-5.052129595530289],[105.27640342712402,-5.053925034983777],[105.27726173400879,-5.0541815259281435],[105.27803421020508,-5.0557204694615905],[105.27734756469727,-5.056404443191596],[105.27571678161621,-5.056575436511224],[105.27571678161621,-5.057173912774303],[105.27786254882812,-5.057088416199164],[105.2808666229248,-5.056147953127507],[105.28120994567871,-5.055121991855287],[105.28249740600586,-5.0541815259281435],[105.28387069702148,-5.054010531976516],[105.28507232666016,-5.054609010609738],[105.28541564941406,-5.055805966217349],[105.28541564941406,-5.056746429785676],[105.28352737426758,-5.057943381442527],[105.2768325805664,-5.061277735100788],[105.27880668640137,-5.064612071573336],[105.28189659118652,-5.065381531394479],[105.28155326843262,-5.067262429323165],[105.28241157531738,-5.068630351650697],[105.28438568115234,-5.069057826784032],[105.28567314147949,-5.070853219254488],[105.28567314147949,-5.07444398921713],[105.28481483459473,-5.075897390426547],[105.28481483459473,-5.077436282255377],[105.2863597869873,-5.077521776138198],[105.28644561767578,-5.078462208101101],[105.28515815734863,-5.07863319558335],[105.2830982208252,-5.0817109625076],[105.28103828430176,-5.081454482491978],[105.28078079223633,-5.082480401941822],[105.27983665466309,-5.082394908716722],[105.27983665466309,-5.081112508979018],[105.2753734588623,-5.07948813231431],[105.27631759643555,-5.076666836799944],[105.27872085571289,-5.07632486074732],[105.27915000915527,-5.075811896328389],[105.28129577636719,-5.076410354777465],[105.2816390991211,-5.074273000624302],[105.28060913085938,-5.072990584733901],[105.27923583984375,-5.0739310233027055],[105.27700424194336,-5.0702547556522575],[105.27829170227051,-5.069228816758169],[105.27872085571289,-5.069656291495434],[105.2794075012207,-5.069314311728249],[105.27854919433594,-5.067262429323165],[105.27545928955078,-5.067433419772485],[105.27365684509277,-5.0643555847627795],[105.2761459350586,-5.062816661762767],[105.27597427368164,-5.0617052150963815],[105.27545928955078,-5.061106743023458],[105.27279853820801,-5.0609357509009385],[105.2721118927002,-5.059311323483186],[105.27236938476562,-5.05760139548066],[105.27348518371582,-5.056746429785676],[105.27425765991211,-5.057259409338158],[105.27425765991211,-5.056147953127507],[105.27331352233887,-5.0553784823257075],[105.27400016784668,-5.0540960289579715],[105.27382850646973,-5.051274622613647],[105.27339935302734,-5.051103627895003],[105.2735710144043,-5.049650170965421],[105.27477264404297,-5.048282208526132],[105.27477264404297,-5.046059263409049],[105.27468681335449,-5.044520296943659],[105.27322769165039,-5.04426380217798],[105.27305603027344,-5.043408818893738],[105.27400016784668,-5.043237822101787],[105.27400016784668,-5.042724831455672],[105.27236938476562,-5.038535392679307],[105.27151107788086,-5.038193396484502],[105.27056694030762,-5.038877388694161],[105.2680778503418,-5.03896288766974],[105.2680778503418,-5.038535392679307],[105.2706527709961,-5.037509403554978],[105.27099609375,-5.036825409905688],[105.27082443237305,-5.036055916189994],[105.26824951171875,-5.034260427312006],[105.26850700378418,-5.03383292922949],[105.26679039001465,-5.033148931713072],[105.26455879211426,-5.03383292922949],[105.26421546936035,-5.033490930561186],[105.26284217834473,-5.02895943123643],[105.26198387145996,-5.029130431783727],[105.2611255645752,-5.026821920606352],[105.26164054870605,-5.025624911589475],[105.26249885559082,-5.025197407836188],[105.26086807250977,-5.022632379427151]]]}},{"type":"Feature","id":"pmtiles:10/811/526:landuse:3954849080:21","properties":{"class":"residential","kind":"green","verification":"verified","source":"OpenMapTiles/OpenStreetMap national PMTiles","sourceId":"10/811/526:landuse:3954849080:21","sourceLayer":"landuse","archive":"https://its.hanifahseptiani45.workers.dev/v1/map/archive/indonesia.pmtiles","updatedAt":"2026-07-26T09:44:19.088Z"},"geometry":{"type":"Polygon","coordinates":[[[105.26876449584961,-5.013740202838733],[105.26764869689941,-5.015022735785166],[105.26567459106445,-5.015022735785166],[105.26395797729492,-5.015792254343808],[105.26464462280273,-5.018271807972866],[105.26395797729492,-5.01852831298298],[105.26181221008301,-5.016134262300952],[105.26129722595215,-5.016390768151211],[105.26078224182129,-5.015279242072154],[105.26215553283691,-5.0145952250829],[105.26232719421387,-5.013654700552749],[105.26601791381836,-5.012115657491023],[105.26644706726074,-5.0128851794751625],[105.26824951171875,-5.012714174668133],[105.26876449584961,-5.013740202838733]]]}},{"type":"Feature","id":"pmtiles:10/811/526:landuse:3954849080:22","properties":{"class":"residential","kind":"green","verification":"verified","source":"OpenMapTiles/OpenStreetMap national PMTiles","sourceId":"10/811/526:landuse:3954849080:22","sourceLayer":"landuse","archive":"https://its.hanifahseptiani45.workers.dev/v1/map/archive/indonesia.pmtiles","updatedAt":"2026-07-26T09:44:19.088Z"},"geometry":{"type":"Polygon","coordinates":[[[105.27992248535156,-5.028360928967203],[105.2790641784668,-5.026907421166257],[105.27957916259766,-5.024769903802408],[105.28009414672852,-5.024769903802408],[105.28035163879395,-5.023829393940929],[105.28103828430176,-5.024171397683972],[105.2808666229248,-5.026479918254537],[105.28129577636719,-5.027591425241383],[105.27992248535156,-5.028360928967203]]]}},{"type":"Feature","id":"pmtiles:10/811/526:landuse:3954849080:23","properties":{"class":"residential","kind":"green","verification":"verified","source":"OpenMapTiles/OpenStreetMap national PMTiles","sourceId":"10/811/526:landuse:3954849080:23","sourceLayer":"landuse","archive":"https://its.hanifahseptiani45.workers.dev/v1/map/archive/indonesia.pmtiles","updatedAt":"2026-07-26T09:44:19.088Z"},"geometry":{"type":"Polygon","coordinates":[[[105.2849006652832,-5.037252906020839],[105.28515815734863,-5.0316954346029945],[105.28816223144531,-5.032721432900104],[105.28730392456055,-5.033063431972948],[105.28850555419922,-5.033747429579279],[105.28833389282227,-5.034602425575713],[105.28738975524902,-5.034944423659596],[105.28927803039551,-5.035457420448168],[105.28927803039551,-5.036055916189994],[105.2915096282959,-5.036055916189994],[105.29082298278809,-5.031951934328944],[105.28850555419922,-5.032635933103805],[105.28764724731445,-5.031951934328944],[105.28721809387207,-5.029728933345595],[105.28970718383789,-5.0288739309459345],[105.29082298278809,-5.030241934246391],[105.29219627380371,-5.029814433523796],[105.29219627380371,-5.026394417638528],[105.29133796691895,-5.024855404631609],[105.29168128967285,-5.023658392002119],[105.29228210449219,-5.022290374876647],[105.29511451721191,-5.02100785621451],[105.29597282409668,-5.019468830490638],[105.29854774475098,-5.019383328955058],[105.29863357543945,-5.020836853535641],[105.29468536376953,-5.024256898591688],[105.29614448547363,-5.026394417638528],[105.29751777648926,-5.026479918254537],[105.29854774475098,-5.028788430644212],[105.29932022094727,-5.028617430007088],[105.29983520507812,-5.03049843454518],[105.30172348022461,-5.0307549347428875],[105.30215263366699,-5.031780934522871],[105.30738830566406,-5.030327434357218],[105.30876159667969,-5.032122934090054],[105.30816078186035,-5.033747429579279],[105.30627250671387,-5.0345169260266545],[105.30515670776367,-5.03417492771797],[105.29417037963867,-5.037167406820302],[105.29348373413086,-5.036654411380908],[105.2933120727539,-5.037594902710538],[105.29228210449219,-5.03785140010973],[105.29116630554199,-5.03973237794375],[105.28687477111816,-5.0384498936474955],[105.28704643249512,-5.037680401854843],[105.2849006652832,-5.037252906020839]]]}},{"type":"Feature","id":"pmtiles:10/811/526:landuse:3954849080:24","properties":{"class":"residential","kind":"green","verification":"verified","source":"OpenMapTiles/OpenStreetMap national PMTiles","sourceId":"10/811/526:landuse:3954849080:24","sourceLayer":"landuse","archive":"https://its.hanifahseptiani45.workers.dev/v1/map/archive/indonesia.pmtiles","updatedAt":"2026-07-26T09:44:19.088Z"},"geometry":{"type":"Polygon","coordinates":[[[105.29065132141113,-5.0428103299248335],[105.29288291931152,-5.04289582838274],[105.2933120727539,-5.044007307310935],[105.29253959655762,-5.045546274992759],[105.2918529510498,-5.045717271176571],[105.29219627380371,-5.047512728386067],[105.29176712036133,-5.04913718538883],[105.29030799865723,-5.04913718538883],[105.28996467590332,-5.048453203988842],[105.28996467590332,-5.044007307310935],[105.29065132141113,-5.0428103299248335]]]}},{"type":"Feature","id":"pmtiles:10/811/526:landuse:3954849080:25","properties":{"class":"residential","kind":"green","verification":"verified","source":"OpenMapTiles/OpenStreetMap national PMTiles","sourceId":"10/811/526:landuse:3954849080:25","sourceLayer":"landuse","archive":"https://its.hanifahseptiani45.workers.dev/v1/map/archive/indonesia.pmtiles","updatedAt":"2026-07-26T09:44:19.088Z"},"geometry":{"type":"Polygon","coordinates":[[[105.26533126831055,-5.0430668252647735],[105.26850700378418,-5.043152323688915],[105.26867866516113,-5.042639332975256],[105.26970863342285,-5.042553834483584],[105.2698802947998,-5.042981326829391],[105.2724552154541,-5.042981326829391],[105.27236938476562,-5.044007307310935],[105.27151107788086,-5.043921808999414],[105.27151107788086,-5.04426380217798],[105.27202606201172,-5.044520296943659],[105.27236938476562,-5.047427230536385],[105.27305603027344,-5.04759822622448],[105.27279853820801,-5.048453203988842],[105.27322769165039,-5.050077658635885],[105.27279853820801,-5.051103627895003],[105.26962280273438,-5.05084713573244],[105.26945114135742,-5.047512728386067],[105.26679039001465,-5.044349300444466],[105.26524543762207,-5.044092805611214],[105.26533126831055,-5.0430668252647735]]]}},{"type":"Feature","id":"pmtiles:10/811/526:landuse:3954849080:26","properties":{"class":"residential","kind":"green","verification":"verified","source":"OpenMapTiles/OpenStreetMap national PMTiles","sourceId":"10/811/526:landuse:3954849080:26","sourceLayer":"landuse","archive":"https://its.hanifahseptiani45.workers.dev/v1/map/archive/indonesia.pmtiles","updatedAt":"2026-07-26T09:44:19.088Z"},"geometry":{"type":"Polygon","coordinates":[[[105.25923728942871,-5.0428103299248335],[105.26215553283691,-5.0422973389409975],[105.2643871307373,-5.040330869749042],[105.2651596069336,-5.040416368533343],[105.26541709899902,-5.041185857085779],[105.2643871307373,-5.042126341856317],[105.26447296142578,-5.04289582838274],[105.26490211486816,-5.0430668252647735],[105.26490211486816,-5.044434798699683],[105.26395797729492,-5.045546274992759],[105.26249885559082,-5.045631773090292],[105.26215553283691,-5.048025715247533],[105.26155471801758,-5.048367706263122],[105.25940895080566,-5.048453203988842],[105.2588939666748,-5.046743247333254],[105.25777816772461,-5.045973765367833],[105.25606155395508,-5.045802769251594],[105.25528907775879,-5.0451187843360685],[105.25528907775879,-5.043323320503404],[105.25434494018555,-5.042981326829391],[105.2541732788086,-5.042126341856317],[105.25726318359375,-5.039817876806836],[105.25863647460938,-5.039817876806836],[105.25906562805176,-5.039988874499244],[105.25915145874023,-5.041698848947632],[105.25863647460938,-5.041698848947632],[105.2585506439209,-5.0424683359806295],[105.25923728942871,-5.0428103299248335]]]}},{"type":"Feature","id":"pmtiles:10/811/526:landuse:3954849080:27","properties":{"class":"residential","kind":"green","verification":"verified","source":"OpenMapTiles/OpenStreetMap national PMTiles","sourceId":"10/811/526:landuse:3954849080:27","sourceLayer":"landuse","archive":"https://its.hanifahseptiani45.workers.dev/v1/map/archive/indonesia.pmtiles","updatedAt":"2026-07-26T09:44:19.088Z"},"geometry":{"type":"Polygon","coordinates":[[[105.25726318359375,-5.059567812293935],[105.25812149047852,-5.060251781958925],[105.25897979736328,-5.060080789610453],[105.25975227355957,-5.061192239067779],[105.25614738464355,-5.0657235132432135],[105.25468826293945,-5.064612071573336],[105.2541732788086,-5.062560174240048],[105.25640487670898,-5.059824301003019],[105.25726318359375,-5.059567812293935]]]}},{"type":"Feature","id":"pmtiles:10/811/526:landuse:3954849080:28","properties":{"class":"residential","kind":"green","verification":"verified","source":"OpenMapTiles/OpenStreetMap national PMTiles","sourceId":"10/811/526:landuse:3954849080:28","sourceLayer":"landuse","archive":"https://its.hanifahseptiani45.workers.dev/v1/map/archive/indonesia.pmtiles","updatedAt":"2026-07-26T09:44:19.088Z"},"geometry":{"type":"Polygon","coordinates":[[[105.26275634765625,-5.061876207015516],[105.26455879211426,-5.062303686615607],[105.26387214660645,-5.066578467073384],[105.26086807250977,-5.066065494910987],[105.26052474975586,-5.065039549364826],[105.26275634765625,-5.061876207015516]]]}},{"type":"Feature","id":"pmtiles:10/811/526:landuse:3954849080:29","properties":{"class":"residential","kind":"green","verification":"verified","source":"OpenMapTiles/OpenStreetMap national PMTiles","sourceId":"10/811/526:landuse:3954849080:29","sourceLayer":"landuse","archive":"https://its.hanifahseptiani45.workers.dev/v1/map/archive/indonesia.pmtiles","updatedAt":"2026-07-26T09:44:19.088Z"},"geometry":{"type":"Polygon","coordinates":[[[105.28515815734863,-5.067262429323165],[105.28387069702148,-5.067347924553488],[105.28335571289062,-5.066834953001873],[105.28249740600586,-5.062902157581064],[105.28421401977539,-5.061876207015516],[105.28421401977539,-5.061021246967854],[105.28610229492188,-5.059995293419263],[105.28567314147949,-5.058883841906038],[105.28661727905273,-5.058370863640775],[105.28730392456055,-5.059225827190346],[105.28730392456055,-5.0609357509009385],[105.28867721557617,-5.060508270396923],[105.29030799865723,-5.060764758733228],[105.29030799865723,-5.061961702958143],[105.28987884521484,-5.062218190718184],[105.28927803039551,-5.064612071573336],[105.28833389282227,-5.06495405382914],[105.28756141662598,-5.064697567154241],[105.28764724731445,-5.0637571151424225],[105.28532981872559,-5.063158644968155],[105.28498649597168,-5.0640136021904],[105.28558731079102,-5.064270089136642],[105.28558731079102,-5.0657235132432135],[105.28515815734863,-5.067262429323165]]]}},{"type":"Feature","id":"pmtiles:10/811/526:landuse:3954849080:30","properties":{"class":"residential","kind":"green","verification":"verified","source":"OpenMapTiles/OpenStreetMap national PMTiles","sourceId":"10/811/526:landuse:3954849080:30","sourceLayer":"landuse","archive":"https://its.hanifahseptiani45.workers.dev/v1/map/archive/indonesia.pmtiles","updatedAt":"2026-07-26T09:44:19.088Z"},"geometry":{"type":"Polygon","coordinates":[[[105.27262687683105,-5.063158644968155],[105.27262687683105,-5.0645265759811195],[105.27056694030762,-5.064612071573336],[105.27013778686523,-5.065809008677107],[105.26936531066895,-5.0657235132432135],[105.26833534240723,-5.067518914980184],[105.26773452758789,-5.067433419772485],[105.26747703552246,-5.068801341737981],[105.26327133178711,-5.074614977764639],[105.26267051696777,-5.0817964558234365],[105.25940895080566,-5.086156599885015],[105.25726318359375,-5.085301672003638],[105.25940895080566,-5.080428561408681],[105.25700569152832,-5.078462208101101],[105.25511741638184,-5.076068378588843],[105.25554656982422,-5.0732470681158475],[105.25734901428223,-5.0739310233027055],[105.25983810424805,-5.076666836799944],[105.26009559631348,-5.0782912205735045],[105.26095390319824,-5.0780347391970935],[105.26232719421387,-5.074273000624302],[105.2625846862793,-5.071622671642274],[105.2611255645752,-5.070682229710457],[105.26164054870605,-5.069570796570616],[105.2629280090332,-5.068801341737981],[105.2640438079834,-5.06914332177675],[105.26670455932617,-5.06854485659008],[105.26627540588379,-5.065552522341463],[105.26713371276855,-5.0617907110616045],[105.26799201965332,-5.061876207015516],[105.26824951171875,-5.062816661762767],[105.27262687683105,-5.063158644968155]]]}},{"type":"Feature","id":"pmtiles:10/811/526:landuse:3954849080:31","properties":{"class":"residential","kind":"green","verification":"verified","source":"OpenMapTiles/OpenStreetMap national PMTiles","sourceId":"10/811/526:landuse:3954849080:31","sourceLayer":"landuse","archive":"https://its.hanifahseptiani45.workers.dev/v1/map/archive/indonesia.pmtiles","updatedAt":"2026-07-26T09:44:19.088Z"},"geometry":{"type":"Polygon","coordinates":[[[105.2629280090332,-5.084190264060737],[105.26430130004883,-5.082651388357959],[105.26756286621094,-5.08094152215449],[105.26859283447266,-5.081027015572431],[105.26970863342285,-5.083933785032258],[105.26927947998047,-5.085729136086229],[105.2669620513916,-5.08709701924316],[105.2680778503418,-5.087353497011463],[105.2724552154541,-5.091457127400361],[105.27331352233887,-5.091200651268011],[105.27400016784668,-5.092055571311363],[105.27348518371582,-5.092910490218003],[105.2706527709961,-5.094534833008353],[105.26893615722656,-5.093679916261948],[105.26739120483398,-5.09162811143176],[105.26533126831055,-5.090089253512616],[105.26335716247559,-5.0864985707196695],[105.26232719421387,-5.086840541372652],[105.2629280090332,-5.084190264060737]]]}},{"type":"Feature","id":"pmtiles:10/811/526:landuse:3954849080:32","properties":{"class":"residential","kind":"green","verification":"verified","source":"OpenMapTiles/OpenStreetMap national PMTiles","sourceId":"10/811/526:landuse:3954849080:32","sourceLayer":"landuse","archive":"https://its.hanifahseptiani45.workers.dev/v1/map/archive/indonesia.pmtiles","updatedAt":"2026-07-26T09:44:19.088Z"},"geometry":{"type":"Polygon","coordinates":[[[105.21477699279785,-5.069314311728249],[105.2149486541748,-5.06820287623448],[105.21778106689453,-5.068373866434911],[105.21838188171387,-5.068630351650697],[105.21872520446777,-5.070083765949761],[105.22018432617188,-5.069912776201974],[105.22104263305664,-5.071366187614899],[105.22147178649902,-5.074273000624302],[105.21941184997559,-5.074187506310892],[105.21924018859863,-5.073076079205876],[105.2186393737793,-5.073161573666525],[105.21855354309082,-5.07444398921713],[105.21975517272949,-5.07444398921713],[105.21975517272949,-5.074956954723731],[105.21838188171387,-5.07529893150155],[105.21838188171387,-5.07632486074732],[105.21477699279785,-5.075127943135314],[105.21409034729004,-5.069570796570616],[105.21477699279785,-5.069314311728249]]]}},{"type":"Feature","id":"pmtiles:10/811/526:landuse:3954849080:33","properties":{"class":"residential","kind":"green","verification":"verified","source":"OpenMapTiles/OpenStreetMap national PMTiles","sourceId":"10/811/526:landuse:3954849080:33","sourceLayer":"landuse","archive":"https://its.hanifahseptiani45.workers.dev/v1/map/archive/indonesia.pmtiles","updatedAt":"2026-07-26T09:44:19.088Z"},"geometry":{"type":"Polygon","coordinates":[[[105.15521049499512,-5.129499951332846],[105.15521049499512,-5.131551634850979],[105.15666961669922,-5.132321014469468],[105.15624046325684,-5.132919420197879],[105.15572547912598,-5.132577474136099],[105.15503883361816,-5.133688798166631],[105.15589714050293,-5.134372688915207],[105.15555381774902,-5.1350565789303175],[105.15658378601074,-5.134885606495303],[105.1567554473877,-5.13599692650331],[105.15589714050293,-5.1369372726891385],[105.15495300292969,-5.136851786729579],[105.15486717224121,-5.136424356759761],[105.15280723571777,-5.136851786729579],[105.15254974365234,-5.136424356759761],[105.15229225158691,-5.136851786729579],[105.15220642089844,-5.135142065130637],[105.15289306640625,-5.135142065130637],[105.15280723571777,-5.1344581752072145],[105.15349388122559,-5.133603311771495],[105.1530647277832,-5.132491987592019],[105.15203475952148,-5.133090393160032],[105.15186309814453,-5.1300128728307754],[105.15289306640625,-5.129243490429332],[105.15237808227539,-5.127533748439433],[105.15366554260254,-5.126935337661308],[105.15366554260254,-5.12770472284447],[105.15469551086426,-5.128388620006746],[105.15383720397949,-5.128559594182846],[105.15426635742188,-5.1298418990439245],[105.15521049499512,-5.129499951332846]]]}},{"type":"Feature","id":"pmtiles:10/811/526:landuse:3954849080:34","properties":{"class":"residential","kind":"green","verification":"verified","source":"OpenMapTiles/OpenStreetMap national PMTiles","sourceId":"10/811/526:landuse:3954849080:34","sourceLayer":"landuse","archive":"https://its.hanifahseptiani45.workers.dev/v1/map/archive/indonesia.pmtiles","updatedAt":"2026-07-26T09:44:19.088Z"},"geometry":{"type":"Polygon","coordinates":[[[105.18241882324219,-5.151042298848878],[105.18216133117676,-5.151897138867639],[105.18336296081543,-5.152068106733424],[105.18267631530762,-5.154461652023727],[105.18327713012695,-5.154889069876546],[105.18379211425781,-5.157026154825516],[105.18181800842285,-5.157880986790957],[105.18121719360352,-5.157710020489958],[105.18104553222656,-5.158393885417624],[105.18224716186523,-5.158735817605148],[105.18241882324219,-5.159505164353476],[105.18070220947266,-5.160445475779113],[105.17941474914551,-5.16010354451285],[105.17889976501465,-5.158906783629831],[105.17778396606445,-5.15865033457554],[105.17804145812988,-5.157282604536022],[105.17898559570312,-5.157282604536022],[105.1790714263916,-5.156598738411162],[105.17786979675293,-5.156513255093756],[105.1779556274414,-5.155914871549669],[105.1779556274414,-5.154889069876546],[105.18001556396484,-5.15420520117398],[105.17915725708008,-5.153606815455262],[105.17950057983398,-5.152324558445827],[105.18173217773438,-5.150614878408348],[105.18207550048828,-5.150871330707162],[105.18224716186523,-5.150358426006079],[105.18156051635742,-5.149931005105685],[105.18250465393066,-5.149589068178486],[105.1819896697998,-5.148819709419882],[105.18241882324219,-5.147708411791868],[105.18310546875,-5.147110019957083],[105.18353462219238,-5.147366473669507],[105.18499374389648,-5.1453148410753755],[105.18533706665039,-5.144374507258803],[105.18653869628906,-5.14386159731869],[105.18722534179688,-5.144374507258803],[105.18576622009277,-5.147537442753659],[105.18645286560059,-5.1478793807841186],[105.18525123596191,-5.152666493901364],[105.18353462219238,-5.152495526196603],[105.18353462219238,-5.152068106733424],[105.18362045288086,-5.151640686982759],[105.18241882324219,-5.151042298848878]]]}},{"type":"Feature","id":"pmtiles:10/811/526:landuse:3954849080:35","properties":{"class":"residential","kind":"green","verification":"verified","source":"OpenMapTiles/OpenStreetMap national PMTiles","sourceId":"10/811/526:landuse:3954849080:35","sourceLayer":"landuse","archive":"https://its.hanifahseptiani45.workers.dev/v1/map/archive/indonesia.pmtiles","updatedAt":"2026-07-26T09:44:19.088Z"},"geometry":{"type":"Polygon","coordinates":[[[105.17975807189941,-5.150871330707162],[105.17580986022949,-5.149418099645914],[105.17589569091797,-5.148648740680443],[105.17950057983398,-5.148648740680443],[105.17984390258789,-5.147793896293749],[105.18104553222656,-5.148306803063647],[105.17975807189941,-5.150871330707162]]]}},{"type":"Feature","id":"pmtiles:10/811/526:landuse:3954849080:36","properties":{"class":"residential","kind":"green","verification":"verified","source":"OpenMapTiles/OpenStreetMap national PMTiles","sourceId":"10/811/526:landuse:3954849080:36","sourceLayer":"landuse","archive":"https://its.hanifahseptiani45.workers.dev/v1/map/archive/indonesia.pmtiles","updatedAt":"2026-07-26T09:44:19.088Z"},"geometry":{"type":"Polygon","coordinates":[[[105.28738975524902,-5.145229356240378],[105.28824806213379,-5.144887416785551],[105.28902053833008,-5.1453148410753755],[105.28867721557617,-5.147280989110186],[105.28756141662598,-5.148477771895031],[105.28618812561035,-5.147537442753659],[105.28670310974121,-5.14591323459878],[105.28593063354492,-5.145827749844173],[105.28575897216797,-5.145143871393898],[105.28738975524902,-5.145229356240378]]]}},{"type":"Feature","id":"pmtiles:10/811/526:landuse:3954849080:37","properties":{"class":"residential","kind":"green","verification":"verified","source":"OpenMapTiles/OpenStreetMap national PMTiles","sourceId":"10/811/526:landuse:3954849080:37","sourceLayer":"landuse","archive":"https://its.hanifahseptiani45.workers.dev/v1/map/archive/indonesia.pmtiles","updatedAt":"2026-07-26T09:44:19.088Z"},"geometry":{"type":"Polygon","coordinates":[[[105.25151252746582,-5.138390532247357],[105.25022506713867,-5.139159903612793],[105.25056838989258,-5.139587331747677],[105.24996757507324,-5.140185730654679],[105.24893760681152,-5.139501846143631],[105.24576187133789,-5.140100245130952],[105.2438735961914,-5.144545477146991],[105.24258613586426,-5.14591323459878],[105.24155616760254,-5.1453148410753755],[105.24232864379883,-5.143776112288478],[105.2409553527832,-5.14283577619851],[105.2409553527832,-5.140698643556078],[105.24009704589844,-5.140100245130952],[105.23966789245605,-5.141297041418966],[105.23795127868652,-5.140698643556078],[105.2394962310791,-5.136851786729579],[105.23666381835938,-5.134372688915207],[105.23717880249023,-5.133432338946832],[105.23923873901367,-5.131893581462634],[105.24138450622559,-5.13300490668469],[105.23941040039062,-5.133688798166631],[105.23932456970215,-5.134287202611745],[105.24009704589844,-5.13462914775684],[105.24001121520996,-5.135313037496857],[105.24215698242188,-5.135484009817262],[105.24327278137207,-5.136424356759761],[105.24430274963379,-5.135484009817262],[105.24395942687988,-5.134116229970445],[105.24490356445312,-5.133945257283287],[105.24730682373047,-5.1317226081797145],[105.2490234375,-5.132491987592019],[105.24859428405762,-5.13326136607634],[105.24928092956543,-5.1344581752072145],[105.2501392364502,-5.134116229970445],[105.24962425231934,-5.133688798166631],[105.24988174438477,-5.13300490668469],[105.25177001953125,-5.1344581752072145],[105.25125503540039,-5.13599692650331],[105.25151252746582,-5.138390532247357]]]}},{"type":"Feature","id":"pmtiles:10/811/526:landuse:3954849080:38","properties":{"class":"residential","kind":"green","verification":"verified","source":"OpenMapTiles/OpenStreetMap national PMTiles","sourceId":"10/811/526:landuse:3954849080:38","sourceLayer":"landuse","archive":"https://its.hanifahseptiani45.workers.dev/v1/map/archive/indonesia.pmtiles","updatedAt":"2026-07-26T09:44:19.088Z"},"geometry":{"type":"Polygon","coordinates":[[[105.2273941040039,-5.151555202998125],[105.2285099029541,-5.153093912962021],[105.23031234741211,-5.153606815455262],[105.23211479187012,-5.152837461560125],[105.2325439453125,-5.153264880505773],[105.23185729980469,-5.156085838334107],[105.22782325744629,-5.158308402341959],[105.22610664367676,-5.159077749608457],[105.22327423095703,-5.1624970595062365],[105.22327423095703,-5.161300303138489],[105.22439002990723,-5.160616441343137],[105.22336006164551,-5.15967613017088],[105.22481918334961,-5.15796646992419],[105.22361755371094,-5.1584793684817924],[105.22164344787598,-5.160616441343137],[105.22112846374512,-5.161727716386196],[105.22172927856445,-5.1621551293458765],[105.22027015686035,-5.163950260630855],[105.2175235748291,-5.161471268472141],[105.21803855895996,-5.160958372332971],[105.21683692932129,-5.160530958566881],[105.21709442138672,-5.159761613062301],[105.21795272827148,-5.159248715540997],[105.21821022033691,-5.159761613062301],[105.21872520446777,-5.159590647267947],[105.21924018859863,-5.1610438550516164],[105.22018432617188,-5.161471268472141],[105.22078514099121,-5.16078740686109],[105.22027015686035,-5.160189027346689],[105.22095680236816,-5.15796646992419],[105.22584915161133,-5.154632619199361],[105.22524833679199,-5.1573680877498305],[105.22610664367676,-5.156598738411162],[105.2267074584961,-5.157880986790957],[105.22747993469238,-5.157710020489958],[105.22799491882324,-5.157197121310702],[105.22696495056152,-5.154889069876546],[105.22808074951172,-5.154034233883294],[105.22722244262695,-5.153350364260405],[105.2273941040039,-5.151555202998125]]]}},{"type":"Feature","id":"pmtiles:10/811/526:landuse:3954849080:39","properties":{"class":"residential","kind":"green","verification":"verified","source":"OpenMapTiles/OpenStreetMap national PMTiles","sourceId":"10/811/526:landuse:3954849080:39","sourceLayer":"landuse","archive":"https://its.hanifahseptiani45.workers.dev/v1/map/archive/indonesia.pmtiles","updatedAt":"2026-07-26T09:44:19.088Z"},"geometry":{"type":"Polygon","coordinates":[[[105.25906562805176,-5.099920782352143],[105.26018142700195,-5.098552926479968],[105.260009765625,-5.097356050201725],[105.26086807250977,-5.096073680285912],[105.26249885559082,-5.095988188867167],[105.2629280090332,-5.095389748617521],[105.26370048522949,-5.095646223078475],[105.26327133178711,-5.096415645847088],[105.26378631591797,-5.096586628559422],[105.26370048522949,-5.097185067694198],[105.26473045349121,-5.097356050201725],[105.26610374450684,-5.098894890721198],[105.26713371276855,-5.0989803817530515],[105.26790618896484,-5.100262745864853],[105.26756286621094,-5.100946672343753],[105.26833534240723,-5.103169428366826],[105.26850700378418,-5.103083937892919],[105.27151107788086,-5.10513570612207],[105.27288436889648,-5.105477666855506],[105.27400016784668,-5.106589037979759],[105.27545928955078,-5.10701648789923],[105.2753734588623,-5.107700407177589],[105.27382850646973,-5.109068243545096],[105.2735710144043,-5.111205482024218],[105.27271270751953,-5.112145864696174],[105.27048110961914,-5.1125733109088145],[105.26945114135742,-5.112060375419418],[105.26927947998047,-5.1106925454394485],[105.27013778686523,-5.10881177444854],[105.2680778503418,-5.107871386883161],[105.26713371276855,-5.104708254948875],[105.26764869689941,-5.104451784108235],[105.26730537414551,-5.103511390148498],[105.2669620513916,-5.102656485352568],[105.26653289794922,-5.102827466402886],[105.2658462524414,-5.1007756907923465],[105.26370048522949,-5.0982109620566405],[105.26370048522949,-5.100946672343753],[105.26069641113281,-5.104451784108235],[105.2596664428711,-5.105306686511582],[105.25872230529785,-5.105221196322518],[105.25554656982422,-5.103083937892919],[105.25606155395508,-5.101545107415006],[105.25717735290527,-5.10051921837983],[105.25906562805176,-5.099920782352143]]]}},{"type":"Feature","id":"pmtiles:10/811/526:landuse:3954849080:40","properties":{"class":"residential","kind":"green","verification":"verified","source":"OpenMapTiles/OpenStreetMap national PMTiles","sourceId":"10/811/526:landuse:3954849080:40","sourceLayer":"landuse","archive":"https://its.hanifahseptiani45.workers.dev/v1/map/archive/indonesia.pmtiles","updatedAt":"2026-07-26T09:44:19.088Z"},"geometry":{"type":"Polygon","coordinates":[[[105.25571823120117,-5.093850899702204],[105.25477409362793,-5.097270558953653],[105.25262832641602,-5.097270558953653],[105.25177001953125,-5.1003482367145665],[105.25091171264648,-5.100433727552883],[105.2504825592041,-5.102485504256677],[105.24971008300781,-5.103169428366826],[105.24962425231934,-5.101117653849613],[105.2504825592041,-5.098723908623356],[105.24893760681152,-5.098723908623356],[105.24859428405762,-5.099407836741577],[105.24670600891113,-5.098894890721198],[105.24653434753418,-5.100433727552883],[105.24704933166504,-5.101032163102374],[105.24619102478027,-5.103767861365142],[105.24765014648438,-5.104964725686983],[105.24807929992676,-5.107614917307686],[105.24473190307617,-5.111290971415087],[105.24361610412598,-5.113770158786295],[105.24310111999512,-5.113428202478133],[105.24284362792969,-5.114283092906049],[105.2435302734375,-5.11479602661484],[105.24327278137207,-5.116847757339414],[105.24430274963379,-5.118472039497405],[105.24284362792969,-5.117788131722989],[105.24009704589844,-5.113599180655044],[105.23941040039062,-5.115223471058201],[105.23958206176758,-5.116505802675448],[105.24086952209473,-5.116847757339414],[105.24138450622559,-5.118301062622336],[105.24104118347168,-5.118813993110393],[105.23958206176758,-5.118813993110393],[105.23932456970215,-5.11813008570158],[105.23846626281738,-5.1180445972240705],[105.2383804321289,-5.116676780030275],[105.23752212524414,-5.115821892799332],[105.23923873901367,-5.111290971415087],[105.23889541625977,-5.1104360769930395],[105.23958206176758,-5.109495691811247],[105.24052619934082,-5.109495691811247],[105.24104118347168,-5.107700407177589],[105.2449893951416,-5.104451784108235],[105.24507522583008,-5.1029129569109415],[105.2431869506836,-5.103767861365142],[105.23992538452148,-5.103425899720165],[105.24086952209473,-5.099065872773522],[105.2424144744873,-5.098467435391214],[105.24344444274902,-5.097099576423361],[105.24292945861816,-5.092654014665371],[105.24473190307617,-5.092568522791765],[105.24533271789551,-5.094363849750039],[105.24713516235352,-5.0944493413848875],[105.24687767028809,-5.092312047102709],[105.25382995605469,-5.0917136034304065],[105.2548599243164,-5.09376540798776],[105.25571823120117,-5.093850899702204]]]}},{"type":"Feature","id":"pmtiles:10/811/526:landuse:3954849080:41","properties":{"class":"residential","kind":"green","verification":"verified","source":"OpenMapTiles/OpenStreetMap national PMTiles","sourceId":"10/811/526:landuse:3954849080:41","sourceLayer":"landuse","archive":"https://its.hanifahseptiani45.workers.dev/v1/map/archive/indonesia.pmtiles","updatedAt":"2026-07-26T09:44:19.088Z"},"geometry":{"type":"Polygon","coordinates":[[[105.2548599243164,-5.13326136607634],[105.25683403015137,-5.132150041301088],[105.25975227355957,-5.133603311771495],[105.25700569152832,-5.135654982091793],[105.25528907775879,-5.134885606495303],[105.25580406188965,-5.134030743632593],[105.2548599243164,-5.13326136607634]]]}},{"type":"Feature","id":"pmtiles:10/811/526:landuse:3954849080:42","properties":{"class":"residential","kind":"green","verification":"verified","source":"OpenMapTiles/OpenStreetMap national PMTiles","sourceId":"10/811/526:landuse:3954849080:42","sourceLayer":"landuse","archive":"https://its.hanifahseptiani45.workers.dev/v1/map/archive/indonesia.pmtiles","updatedAt":"2026-07-26T09:44:19.088Z"},"geometry":{"type":"Polygon","coordinates":[[[105.25777816772461,-5.124370713690169],[105.25992393493652,-5.126165951551187],[105.26009559631348,-5.1274482612197545],[105.2588939666748,-5.1286450812537225],[105.25786399841309,-5.131124201328689],[105.25357246398926,-5.132064554699738],[105.25262832641602,-5.1316371215210665],[105.25237083435059,-5.1298418990439245],[105.25365829467773,-5.128816055361142],[105.25400161743164,-5.127362773988622],[105.25503158569336,-5.126935337661308],[105.25614738464355,-5.127961184366157],[105.25657653808594,-5.127362773988622],[105.25631904602051,-5.126251438942532],[105.25588989257812,-5.126593388393459],[105.25546073913574,-5.125824001871408],[105.25777816772461,-5.124370713690169]]]}},{"type":"Feature","id":"pmtiles:10/811/526:landuse:3954849080:43","properties":{"class":"residential","kind":"green","verification":"verified","source":"OpenMapTiles/OpenStreetMap national PMTiles","sourceId":"10/811/526:landuse:3954849080:43","sourceLayer":"landuse","archive":"https://its.hanifahseptiani45.workers.dev/v1/map/archive/indonesia.pmtiles","updatedAt":"2026-07-26T09:44:19.088Z"},"geometry":{"type":"Polygon","coordinates":[[[105.26206970214844,-5.126849850361523],[105.2625846862793,-5.128559594182846],[105.26232719421387,-5.129927385943077],[105.26172637939453,-5.130953227839598],[105.26095390319824,-5.131124201328689],[105.25923728942871,-5.130183846571796],[105.26078224182129,-5.128559594182846],[105.26241302490234,-5.12283193436582],[105.26447296142578,-5.121891567399217],[105.26541709899902,-5.11949789978793],[105.26885032653809,-5.119326923187117],[105.26945114135742,-5.11975436460348],[105.26867866516113,-5.120523758432924],[105.26773452758789,-5.123430348987824],[105.26636123657227,-5.124285226047149],[105.26412963867188,-5.124798151733728],[105.26206970214844,-5.126849850361523]]]}},{"type":"Feature","id":"pmtiles:10/811/526:landuse:3954849080:44","properties":{"class":"residential","kind":"green","verification":"verified","source":"OpenMapTiles/OpenStreetMap national PMTiles","sourceId":"10/811/526:landuse:3954849080:44","sourceLayer":"landuse","archive":"https://its.hanifahseptiani45.workers.dev/v1/map/archive/indonesia.pmtiles","updatedAt":"2026-07-26T09:44:19.088Z"},"geometry":{"type":"Polygon","coordinates":[[[105.26970863342285,-5.124370713690169],[105.27091026306152,-5.123430348987824],[105.27219772338867,-5.121378639379799],[105.27468681335449,-5.12035278210638],[105.27580261230469,-5.122746446516928],[105.2768325805664,-5.1225754707848665],[105.2776050567627,-5.123430348987824],[105.27992248535156,-5.1214641274116275],[105.28078079223633,-5.1224899829016834],[105.2779483795166,-5.126165951551187],[105.27932167053223,-5.127875697203706],[105.27837753295898,-5.128816055361142],[105.27846336364746,-5.130183846571796],[105.2753734588623,-5.129927385943077],[105.2735710144043,-5.130611280723983],[105.2724552154541,-5.132321014469468],[105.27108192443848,-5.132235527891012],[105.27082443237305,-5.130782254304691],[105.26979446411133,-5.130098359707006],[105.27039527893066,-5.128217645784844],[105.26936531066895,-5.125140101962671],[105.26970863342285,-5.124370713690169]]]}},{"type":"Feature","id":"pmtiles:10/811/526:landuse:3954849080:45","properties":{"class":"residential","kind":"green","verification":"verified","source":"OpenMapTiles/OpenStreetMap national PMTiles","sourceId":"10/811/526:landuse:3954849080:45","sourceLayer":"landuse","archive":"https://its.hanifahseptiani45.workers.dev/v1/map/archive/indonesia.pmtiles","updatedAt":"2026-07-26T09:44:19.088Z"},"geometry":{"type":"Polygon","coordinates":[[[105.28867721557617,-5.112829778499446],[105.28876304626465,-5.113257224255591],[105.28927803039551,-5.1130007568361435],[105.28970718383789,-5.111889396831671],[105.28987884521484,-5.111547439519228],[105.28987884521484,-5.111376460794531],[105.28996467590332,-5.111205482024218],[105.29125213623047,-5.111290971415087],[105.29168128967285,-5.109410202180825],[105.29288291931152,-5.109666671037857],[105.29305458068848,-5.111034503208259],[105.2958869934082,-5.112487821689115],[105.29623031616211,-5.113171735127182],[105.29605865478516,-5.113941136871873],[105.29623031616211,-5.114026625897537],[105.2970027923584,-5.111889396831671],[105.29640197753906,-5.111974886131236],[105.2958869934082,-5.111119992621937],[105.29623031616211,-5.110607055968714],[105.29459953308105,-5.108555305249368],[105.29511451721191,-5.107785897036067],[105.29168128967285,-5.109068243545096],[105.29116630554199,-5.107871386883161],[105.2903938293457,-5.108042366543117],[105.28902053833008,-5.106674527986456],[105.28944969177246,-5.104366293805228],[105.29399871826172,-5.101887070062318],[105.29520034790039,-5.101887070062318],[105.29648780822754,-5.101032163102374],[105.29803276062012,-5.101972560695685],[105.29932022094727,-5.100690199999562],[105.29940605163574,-5.099664309598083],[105.29871940612793,-5.099664309598083],[105.29863357543945,-5.09915136378261],[105.29949188232422,-5.098381944291077],[105.30180931091309,-5.0982109620566405],[105.30180931091309,-5.0978689974512434],[105.30172348022461,-5.096928593847551],[105.29966354370117,-5.096672119898514],[105.29906272888184,-5.0947913078105245],[105.29983520507812,-5.092995982046148],[105.30120849609375,-5.09162811143176],[105.30326843261719,-5.091029667122953],[105.30326843261719,-5.09034573008816],[105.30412673950195,-5.09000376129805],[105.30455589294434,-5.09068769869647],[105.30567169189453,-5.090431222257294],[105.30635833740234,-5.0909441750333855],[105.31073570251465,-5.089918269072129],[105.31167984008789,-5.08872137671608],[105.31545639038086,-5.088806869101063],[105.31494140625,-5.089576300054759],[105.31545639038086,-5.090602206561442],[105.31519889831543,-5.09162811143176],[105.31597137451172,-5.092995982046148],[105.31434059143066,-5.095988188867167],[105.31125068664551,-5.096843102542579],[105.31039237976074,-5.0976125238777],[105.30858993530273,-5.096330154473861],[105.3068733215332,-5.0962446630892515],[105.30704498291016,-5.096928593847551],[105.30592918395996,-5.0976125238777],[105.30558586120605,-5.097270558953653],[105.3054141998291,-5.0979544886196635],[105.30550003051758,-5.098723908623356],[105.30635833740234,-5.098723908623356],[105.30730247497559,-5.099493327705119],[105.30618667602539,-5.101459616724696],[105.30421257019043,-5.102485504256677],[105.30206680297852,-5.102485504256677],[105.2999210357666,-5.104366293805228],[105.30009269714355,-5.104879235452344],[105.30086517333984,-5.104964725686983],[105.30172348022461,-5.103767861365142],[105.3036117553711,-5.103340409280449],[105.30404090881348,-5.103853351747901],[105.3054141998291,-5.102570994810321],[105.30635833740234,-5.1029129569109415],[105.30764579772949,-5.101374126023003],[105.30858993530273,-5.101716088761435],[105.30961990356445,-5.102485504256677],[105.30919075012207,-5.104451784108235],[105.31030654907227,-5.104793745206308],[105.31082153320312,-5.106247077839001],[105.31167984008789,-5.105477666855506],[105.31519889831543,-5.1064180579321885],[105.31820297241211,-5.106332567891286],[105.31837463378906,-5.108127856356006],[105.31768798828125,-5.108982753857646],[105.31631469726562,-5.109068243545096],[105.31391143798828,-5.1104360769930395],[105.31391143798828,-5.110521566486582],[105.3160572052002,-5.110008629354226],[105.31794548034668,-5.1107780348987575],[105.32240867614746,-5.108042366543117],[105.32798767089844,-5.108469815493493],[105.33056259155273,-5.106247077839001],[105.33305168151855,-5.10240001369165],[105.33536911010742,-5.101630598093919],[105.3369140625,-5.09915136378261],[105.33854484558105,-5.099835291445515],[105.33820152282715,-5.101288635309942],[105.33914566040039,-5.100861181573734],[105.34197807312012,-5.101630598093919],[105.3420639038086,-5.103083937892919],[105.33777236938477,-5.104879235452344],[105.33777236938477,-5.105990607613748],[105.34043312072754,-5.105648647153842],[105.34300804138184,-5.106589037979759],[105.34300804138184,-5.107871386883161],[105.34232139587402,-5.108555305249368],[105.34017562866211,-5.108555305249368],[105.33991813659668,-5.108982753857646],[105.34077644348145,-5.1103505874880994],[105.34034729003906,-5.111205482024218],[105.33880233764648,-5.1107780348987575],[105.33905982971191,-5.109410202180825],[105.3372573852539,-5.107614917307686],[105.33751487731934,-5.107272957714116],[105.3365707397461,-5.1064180579321885],[105.33528327941895,-5.106332567891286],[105.33476829528809,-5.107871386883161],[105.33296585083008,-5.109239222885762],[105.33511161804199,-5.109324712538992],[105.3354549407959,-5.1100941189048115],[105.33416748046875,-5.111632928864452],[105.33339500427246,-5.113941136871873],[105.33133506774902,-5.115308959912625],[105.33013343811035,-5.115223471058201],[105.32790184020996,-5.113086245987375],[105.32721519470215,-5.113513691572308],[105.32678604125977,-5.115308959912625],[105.32798767089844,-5.1157364040134325],[105.32833099365234,-5.1167622686905645],[105.33021926879883,-5.117531666119078],[105.33124923706055,-5.11949789978793],[105.33099174499512,-5.121036687138215],[105.32876014709473,-5.121378639379799],[105.32910346984863,-5.125140101962671],[105.32867431640625,-5.126165951551187],[105.32721519470215,-5.126593388393459],[105.32318115234375,-5.125140101962671],[105.32266616821289,-5.127875697203706],[105.31957626342773,-5.12727728674605],[105.31768798828125,-5.12813215865674],[105.31665802001953,-5.129414464376467],[105.3138256072998,-5.129756412133332],[105.31176567077637,-5.1286450812537225],[105.3120231628418,-5.127106312226559],[105.3105640411377,-5.126336926322438],[105.30755996704102,-5.125994976734191],[105.30738830566406,-5.127362773988622],[105.30919075012207,-5.128388620006746],[105.30901908874512,-5.129927385943077],[105.30773162841797,-5.1298418990439245],[105.30747413635254,-5.13035482026703],[105.30489921569824,-5.127790210029815],[105.30498504638672,-5.126251438942532],[105.3065299987793,-5.127020824949668],[105.30670166015625,-5.125909489308526],[105.30601501464844,-5.125482052008564],[105.30610084533691,-5.123943275360659],[105.30438423156738,-5.1236868122257135],[105.30266761779785,-5.124969126871079],[105.3028392791748,-5.1256530269628655],[105.30378341674805,-5.125909489308526],[105.3028392791748,-5.12813215865674],[105.3010368347168,-5.128901542397671],[105.29974937438965,-5.131979068086906],[105.29760360717773,-5.1316371215210665],[105.29580116271973,-5.128901542397671],[105.29459953308105,-5.12898702942276],[105.29374122619629,-5.130782254304691],[105.29305458068848,-5.130611280723983],[105.2933120727539,-5.129499951332846],[105.2900505065918,-5.130269333425147],[105.2900505065918,-5.129328977408633],[105.2915096282959,-5.127961184366157],[105.29073715209961,-5.127961184366157],[105.29090881347656,-5.126678875727592],[105.29245376586914,-5.125824001871408],[105.2958869934082,-5.125909489308526],[105.29854774475098,-5.124114250726791],[105.29863357543945,-5.122062543314229],[105.2999210357666,-5.121293151336559],[105.29966354370117,-5.118813993110393],[105.30077934265137,-5.116933245976853],[105.29854774475098,-5.11642031398091],[105.29648780822754,-5.11992534109001],[105.2981185913086,-5.1206092465790505],[105.29794692993164,-5.121293151336559],[105.29837608337402,-5.1214641274116275],[105.29837608337402,-5.122062543314229],[105.29760360717773,-5.12197705536245],[105.29760360717773,-5.123173885647006],[105.29657363891602,-5.124712664147907],[105.29434204101562,-5.125311077008504],[105.29425621032715,-5.124798151733728],[105.29193878173828,-5.124627176550618],[105.29202461242676,-5.121293151336559],[105.29451370239258,-5.120438270275372],[105.29451370239258,-5.120267293925963],[105.29348373413086,-5.120438270275372],[105.29202461242676,-5.121036687138215],[105.28953552246094,-5.122062543314229],[105.28790473937988,-5.124627176550618],[105.28575897216797,-5.126336926322438],[105.28532981872559,-5.128388620006746],[105.28584480285645,-5.130183846571796],[105.28687477111816,-5.131124201328689],[105.28644561767578,-5.1316371215210665],[105.28524398803711,-5.130953227839598],[105.28301239013672,-5.131979068086906],[105.28292655944824,-5.132577474136099],[105.28447151184082,-5.133774284550313],[105.28301239013672,-5.135313037496857],[105.28181076049805,-5.134885606495303],[105.28129577636719,-5.137108244573895],[105.2790641784668,-5.138305046482728],[105.27957916259766,-5.1404421871570065],[105.27854919433594,-5.142493835457756],[105.27709007263184,-5.143092231633517],[105.27116775512695,-5.142237379781676],[105.27056694030762,-5.14283577619851],[105.2684211730957,-5.14334868696524],[105.26919364929199,-5.143690627246784],[105.27228355407715,-5.143263201866148],[105.27228355407715,-5.144459992208638],[105.27314186096191,-5.144374507258803],[105.27331352233887,-5.143690627246784],[105.27434349060059,-5.144032567344652],[105.27494430541992,-5.14334868696524],[105.27580261230469,-5.144289022297485],[105.27674674987793,-5.143605142193621],[105.28292655944824,-5.143947082337405],[105.28318405151367,-5.145742265078098],[105.28129577636719,-5.1466825968732905],[105.28060913085938,-5.149931005105685],[105.27915000915527,-5.149418099645914],[105.27777671813965,-5.149589068178486],[105.27751922607422,-5.150187457680403],[105.2750301361084,-5.149247131067369],[105.2739143371582,-5.149589068178486],[105.27348518371582,-5.150871330707162],[105.27219772338867,-5.150871330707162],[105.27108192443848,-5.151811654917509],[105.26919364929199,-5.151897138867639],[105.26910781860352,-5.152581010054732],[105.26850700378418,-5.152581010054732],[105.2684211730957,-5.150187457680403],[105.27039527893066,-5.148477771895031],[105.27108192443848,-5.145571295511459],[105.26799201965332,-5.1453148410753755],[105.26782035827637,-5.14591323459878],[105.2666187286377,-5.146084204073517],[105.26670455932617,-5.146511627559377],[105.26464462280273,-5.146853566141274],[105.26421546936035,-5.148477771895031],[105.2588939666748,-5.148477771895031],[105.25880813598633,-5.149760036665086],[105.26155471801758,-5.149931005105685],[105.26138305664062,-5.150785846619044],[105.25812149047852,-5.150871330707162],[105.25846481323242,-5.150016489308754],[105.25726318359375,-5.150187457680403],[105.25683403015137,-5.148563256293471],[105.25734901428223,-5.147537442753659],[105.25649070739746,-5.147622927278519],[105.25571823120117,-5.1483922874850805],[105.25288581848145,-5.148135834186306],[105.2515983581543,-5.149589068178486],[105.25125503540039,-5.148905193772364],[105.2534008026123,-5.146597112222082],[105.25494575500488,-5.146169688793677],[105.25657653808594,-5.144203537324685],[105.25897979736328,-5.144118052340417],[105.26018142700195,-5.144887416785551],[105.25923728942871,-5.14591323459878],[105.2596664428711,-5.146426142885176],[105.26309967041016,-5.146340658199492],[105.26352882385254,-5.145827749844173],[105.2625846862793,-5.144459992208638],[105.26267051696777,-5.143605142193621],[105.2643871307373,-5.1414680121336716],[105.26679039001465,-5.142579320660161],[105.2666187286377,-5.140869614431423],[105.26893615722656,-5.137022758637258],[105.27142524719238,-5.136595328782079],[105.27151107788086,-5.13591144041763],[105.27408599853516,-5.1366808147760565],[105.27417182922363,-5.13727921641275],[105.27305603027344,-5.138390532247357],[105.27297019958496,-5.139587331747677],[105.27202606201172,-5.140185730654679],[105.27254104614258,-5.140527672634846],[105.27494430541992,-5.139587331747677],[105.27571678161621,-5.137022758637258],[105.2768325805664,-5.13591144041763],[105.27606010437012,-5.1355694959602545],[105.27588844299316,-5.134800120260593],[105.27640342712402,-5.133774284550313],[105.2779483795166,-5.132748447189897],[105.27949333190918,-5.130440307097473],[105.27915000915527,-5.129499951332846],[105.28181076049805,-5.129328977408633],[105.28369903564453,-5.1236868122257135],[105.28756141662598,-5.11992534109001],[105.2871322631836,-5.119583388071206],[105.28807640075684,-5.1162493365575585],[105.28936386108398,-5.115223471058201],[105.29202461242676,-5.11590738157382],[105.29399871826172,-5.11642031398091],[105.29614448547363,-5.116163847828744],[105.29691696166992,-5.11479602661484],[105.29597282409668,-5.114539559811817],[105.29580116271973,-5.115650915216094],[105.29314041137695,-5.115052493315119],[105.29253959655762,-5.115052493315119],[105.29245376586914,-5.1157364040134325],[105.29176712036133,-5.115565426407358],[105.29168128967285,-5.115650915216094],[105.28876304626465,-5.113342713372575],[105.28884887695312,-5.113941136871873],[105.28678894042969,-5.115479937587196],[105.28584480285645,-5.113941136871873],[105.28644561767578,-5.113513691572308],[105.28627395629883,-5.1130007568361435],[105.28515815734863,-5.113513691572308],[105.28472900390625,-5.112658800117103],[105.28550148010254,-5.112316843215467],[105.28498649597168,-5.111632928864452],[105.28429985046387,-5.111974886131236],[105.28284072875977,-5.111376460794531],[105.2823257446289,-5.111889396831671],[105.28138160705566,-5.111461950162578],[105.281982421875,-5.108298835947551],[105.27880668640137,-5.108042366543117],[105.27932167053223,-5.1064180579321885],[105.28060913085938,-5.105819627406575],[105.28412818908691,-5.105819627406575],[105.28507232666016,-5.106674527986456],[105.28627395629883,-5.106503547961665],[105.28644561767578,-5.108213346157484],[105.28824806213379,-5.107700407177589],[105.28944969177246,-5.108042366543117],[105.29030799865723,-5.109837650218864],[105.28919219970703,-5.1107780348987575],[105.28953552246094,-5.111547439519228],[105.28867721557617,-5.111889396831671],[105.28867721557617,-5.112829778499446]],[[105.29511451721191,-5.107785897036067],[105.2958869934082,-5.108127856356006],[105.29674530029297,-5.107358447629608],[105.29803276062012,-5.107358447629608],[105.29854774475098,-5.106247077839001],[105.29786109924316,-5.105648647153842],[105.29657363891602,-5.105990607613748],[105.29605865478516,-5.107443937533716],[105.29511451721191,-5.107785897036067]]]}},{"type":"Feature","id":"pmtiles:10/811/526:landuse:3954849080:46","properties":{"class":"residential","kind":"green","verification":"verified","source":"OpenMapTiles/OpenStreetMap national PMTiles","sourceId":"10/811/526:landuse:3954849080:46","sourceLayer":"landuse","archive":"https://its.hanifahseptiani45.workers.dev/v1/map/archive/indonesia.pmtiles","updatedAt":"2026-07-26T09:44:19.088Z"},"geometry":{"type":"Polygon","coordinates":[[[105.28507232666016,-5.10051921837983],[105.28567314147949,-5.101032163102374],[105.28687477111816,-5.099578818657292],[105.28644561767578,-5.098894890721198],[105.28678894042969,-5.0979544886196635],[105.28807640075684,-5.096330154473861],[105.2889347076416,-5.096330154473861],[105.28936386108398,-5.098039979776715],[105.29013633728027,-5.09701408514114],[105.29382705688477,-5.096928593847551],[105.29417037963867,-5.0989803817530515],[105.29580116271973,-5.099749800527491],[105.29520034790039,-5.100861181573734],[105.29348373413086,-5.100091764131264],[105.28927803039551,-5.101630598093919],[105.28790473937988,-5.104024332479256],[105.2863597869873,-5.104024332479256],[105.28421401977539,-5.10240001369165],[105.2845573425293,-5.101630598093919],[105.28181076049805,-5.101887070062318],[105.27571678161621,-5.105648647153842],[105.27442932128906,-5.105221196322518],[105.27348518371582,-5.103938842119277],[105.27322769165039,-5.101972560695685],[105.27022361755371,-5.101630598093919],[105.26962280273438,-5.099749800527491],[105.27108192443848,-5.098125470922369],[105.27563095092773,-5.09915136378261],[105.27580261230469,-5.099835291445515],[105.27485847473145,-5.1003482367145665],[105.27511596679688,-5.100690199999562],[105.27666091918945,-5.10051921837983],[105.27786254882812,-5.099322345766623],[105.27923583984375,-5.094363849750039],[105.28138160705566,-5.09051671441506],[105.28369903564453,-5.088037437227229],[105.28181076049805,-5.087182511843949],[105.28129577636719,-5.086413078028045],[105.28249740600586,-5.08461772888117],[105.28326988220215,-5.084361250022951],[105.28378486633301,-5.0817964558234365],[105.2849006652832,-5.081881949127947],[105.28515815734863,-5.084104771062599],[105.28773307800293,-5.082651388357959],[105.29760360717773,-5.072734101250035],[105.29777526855469,-5.07179366093726],[105.2999210357666,-5.069912776201974],[105.29983520507812,-5.068801341737981],[105.30120849609375,-5.066578467073384],[105.3028392791748,-5.065039549364826],[105.30386924743652,-5.065894504099717],[105.30309677124023,-5.069741786408926],[105.29777526855469,-5.075811896328389],[105.29365539550781,-5.082651388357959],[105.29142379760742,-5.085130686291123],[105.29193878173828,-5.08590012163981],[105.29073715209961,-5.08709701924316],[105.28970718383789,-5.086755048726431],[105.28816223144531,-5.088293914620735],[105.2885913848877,-5.088977853836951],[105.29520034790039,-5.085814628868704],[105.29623031616211,-5.083335333568655],[105.29829025268555,-5.082394908716722],[105.30095100402832,-5.080086587351303],[105.30009269714355,-5.078547701847896],[105.30035018920898,-5.077265294455728],[105.30155181884766,-5.076495848796299],[105.30404090881348,-5.076752330784771],[105.30481338500977,-5.0773507883612155],[105.30472755432129,-5.078120233000561],[105.3054141998291,-5.0780347391970935],[105.30884742736816,-5.0762393667058205],[105.30884742736816,-5.07529893150155],[105.30730247497559,-5.074273000624302],[105.30695915222168,-5.072734101250035],[105.30730247497559,-5.067689905361647],[105.30850410461426,-5.066065494910987],[105.31167984008789,-5.065894504099717],[105.3138256072998,-5.064697567154241],[105.3160572052002,-5.060251781958925],[105.31760215759277,-5.0609357509009385],[105.31537055969238,-5.065979999511001],[105.30927658081055,-5.069570796570616],[105.30961990356445,-5.070596734921452],[105.31322479248047,-5.071537176977799],[105.3175163269043,-5.069998271081531],[105.31820297241211,-5.0702547556522575],[105.31837463378906,-5.066920448288769],[105.32506942749023,-5.054950998151909],[105.33425331115723,-5.0494791758183055],[105.34232139587402,-5.046914243201641],[105.34292221069336,-5.047940217465452],[105.33648490905762,-5.0505906434683965],[105.33313751220703,-5.05324105863572],[105.33373832702637,-5.0540960289579715],[105.3328800201416,-5.055036495009233],[105.33124923706055,-5.053583046900016],[105.32489776611328,-5.059482316034973],[105.32120704650879,-5.068373866434911],[105.32258033752441,-5.06914332177675],[105.32292366027832,-5.070511240121135],[105.31777381896973,-5.074273000624302],[105.3164005279541,-5.074614977764639],[105.3152847290039,-5.074358494926372],[105.31408309936523,-5.075384425667679],[105.3138256072998,-5.077008812671252],[105.31022071838379,-5.08094152215449],[105.3083324432373,-5.0817964558234365],[105.30592918395996,-5.082052935702919],[105.30369758605957,-5.083591812835451],[105.30318260192871,-5.084361250022951],[105.30344009399414,-5.084959700533204],[105.30472755432129,-5.084190264060737],[105.30730247497559,-5.084874207637213],[105.30876159667969,-5.086926034007504],[105.3079891204834,-5.087951944740013],[105.30704498291016,-5.08812292970309],[105.30635833740234,-5.088977853836951],[105.30489921569824,-5.08872137671608],[105.30292510986328,-5.086584063399954],[105.30043601989746,-5.08709701924316],[105.30129432678223,-5.088892361474677],[105.3024959564209,-5.089490807772009],[105.30266761779785,-5.09068769869647],[105.30129432678223,-5.091371635367622],[105.30017852783203,-5.090602206561442],[105.29854774475098,-5.091371635367622],[105.29726028442383,-5.091115159201166],[105.29537200927734,-5.089747284586153],[105.29468536376953,-5.089832776834825],[105.29090881347656,-5.094021883096971],[105.28661727905273,-5.095817205995573],[105.28738975524902,-5.096415645847088],[105.28670310974121,-5.097527032663763],[105.28593063354492,-5.09701408514114],[105.28541564941406,-5.098467435391214],[105.28447151184082,-5.0978689974512434],[105.28404235839844,-5.099322345766623],[105.28507232666016,-5.10051921837983]]]}},{"type":"Feature","id":"pmtiles:10/811/526:landuse:3954849080:47","properties":{"class":"residential","kind":"green","verification":"verified","source":"OpenMapTiles/OpenStreetMap national PMTiles","sourceId":"10/811/526:landuse:3954849080:47","sourceLayer":"landuse","archive":"https://its.hanifahseptiani45.workers.dev/v1/map/archive/indonesia.pmtiles","updatedAt":"2026-07-26T09:44:19.088Z"},"geometry":{"type":"Polygon","coordinates":[[[105.31245231628418,-5.133688798166631],[105.31313896179199,-5.134800120260593],[105.31219482421875,-5.1374501882057615],[105.31262397766113,-5.138305046482728],[105.3120231628418,-5.141040585260868],[105.3097915649414,-5.141809953425323],[105.30893325805664,-5.1404421871570065],[105.3083324432373,-5.140869614431423],[105.30858993530273,-5.1415534974737795],[105.30738830566406,-5.143776112288478],[105.30455589294434,-5.144545477146991],[105.30180931091309,-5.142921261354985],[105.30163764953613,-5.142322865018514],[105.30035018920898,-5.142408350243869],[105.29923439025879,-5.141895438719558],[105.29863357543945,-5.141126070658373],[105.2984619140625,-5.1399292740490665],[105.29760360717773,-5.139416360528131],[105.2970027923584,-5.140356701667713],[105.29648780822754,-5.140185730654679],[105.29511451721191,-5.144545477146991],[105.29580116271973,-5.1466825968732905],[105.29434204101562,-5.148563256293471],[105.2933120727539,-5.148648740680443],[105.29288291931152,-5.150272941848982],[105.29193878173828,-5.151384234994367],[105.29296875,-5.1530084291729],[105.29228210449219,-5.153521331735135],[105.2918529510498,-5.1531793967396595],[105.28910636901855,-5.153435848003525],[105.28876304626465,-5.150700362519444],[105.28979301452637,-5.150614878408348],[105.29193878173828,-5.146853566141274],[105.29065132141113,-5.14599871934189],[105.29090881347656,-5.144801931893127],[105.29305458068848,-5.144459992208638],[105.29391288757324,-5.142322865018514],[105.29459953308105,-5.14215189453337],[105.2958869934082,-5.1399292740490665],[105.29631614685059,-5.138903446594213],[105.29502868652344,-5.138219560706645],[105.29459953308105,-5.138732475191134],[105.29365539550781,-5.13813407491908],[105.29322624206543,-5.139416360528131],[105.29202461242676,-5.139330874901148],[105.29193878173828,-5.138732475191134],[105.28936386108398,-5.138646989472392],[105.28816223144531,-5.1376211599529],[105.28807640075684,-5.134372688915207],[105.28696060180664,-5.1350565789303175],[105.28558731079102,-5.134714634014443],[105.28515815734863,-5.13334685251732],[105.28773307800293,-5.131551634850979],[105.28962135314941,-5.133432338946832],[105.28996467590332,-5.132406501036471],[105.29236793518066,-5.1317226081797145],[105.29502868652344,-5.133603311771495],[105.29803276062012,-5.132235527891012],[105.2995777130127,-5.133090393160032],[105.30258178710938,-5.130696767520078],[105.30592918395996,-5.131466148169423],[105.31013488769531,-5.13120968805606],[105.31116485595703,-5.130183846571796],[105.31193733215332,-5.131295174771964],[105.31279563903809,-5.131295174771964],[105.31245231628418,-5.133688798166631]]]}},{"type":"Feature","id":"pmtiles:10/811/526:landuse:3954849080:48","properties":{"class":"residential","kind":"green","verification":"verified","source":"OpenMapTiles/OpenStreetMap national PMTiles","sourceId":"10/811/526:landuse:3954849080:48","sourceLayer":"landuse","archive":"https://its.hanifahseptiani45.workers.dev/v1/map/archive/indonesia.pmtiles","updatedAt":"2026-07-26T09:44:19.088Z"},"geometry":{"type":"Polygon","coordinates":[[[105.33382415771484,-5.125054614422595],[105.33511161804199,-5.125311077008504],[105.33511161804199,-5.125909489308526],[105.3343391418457,-5.126507901047901],[105.3328800201416,-5.126422413690889],[105.33245086669922,-5.124627176550618],[105.33056259155273,-5.123943275360659],[105.33219337463379,-5.1224899829016834],[105.33339500427246,-5.122062543314229],[105.3325366973877,-5.121891567399217],[105.33090591430664,-5.122319007100998],[105.33073425292969,-5.123173885647006],[105.32970428466797,-5.123002910029285],[105.32979011535645,-5.121720591438475],[105.33159255981445,-5.121036687138215],[105.33167839050293,-5.119241434869565],[105.33279418945312,-5.118301062622336],[105.33262252807617,-5.117531666119078],[105.3354549407959,-5.1157364040134325],[105.33622741699219,-5.1157364040134325],[105.3369140625,-5.116505802675448],[105.33708572387695,-5.113513691572308],[105.33914566040039,-5.113428202478133],[105.34146308898926,-5.11479602661484],[105.34257888793945,-5.113428202478133],[105.34343719482422,-5.111205482024218],[105.34412384033203,-5.112145864696174],[105.34558296203613,-5.109410202180825],[105.34695625305176,-5.1100941189048115],[105.34601211547852,-5.111034503208259],[105.34566879272461,-5.112658800117103],[105.34721374511719,-5.113684669726368],[105.34738540649414,-5.11479602661484],[105.34781455993652,-5.115052493315119],[105.34944534301758,-5.113770158786295],[105.35219192504883,-5.115821892799332],[105.3530502319336,-5.115992870336868],[105.35347938537598,-5.115479937587196],[105.3545093536377,-5.116078359088533],[105.35408020019531,-5.116676780030275],[105.35476684570312,-5.11813008570158],[105.35433769226074,-5.119326923187117],[105.35614013671875,-5.118301062622336],[105.35948753356934,-5.119583388071206],[105.36008834838867,-5.12035278210638],[105.35957336425781,-5.121378639379799],[105.36223411560059,-5.122404495007061],[105.36386489868164,-5.121549615432002],[105.36489486694336,-5.123943275360659],[105.36463737487793,-5.126593388393459],[105.36240577697754,-5.126593388393459],[105.36189079284668,-5.126422413690889],[105.36214828491211,-5.125225589491308],[105.36128997802734,-5.124627176550618],[105.36094665527344,-5.125054614422595],[105.35965919494629,-5.124370713690169],[105.35965919494629,-5.124798151733728],[105.35871505737305,-5.124370713690169],[105.35845756530762,-5.123601324491176],[105.35802841186523,-5.124114250726791],[105.3574275970459,-5.123857787660455],[105.35691261291504,-5.126935337661308],[105.35502433776855,-5.126935337661308],[105.35468101501465,-5.126422413690889],[105.35588264465332,-5.121806079424559],[105.35382270812988,-5.1206092465790505],[105.35322189331055,-5.12112217521576],[105.35279273986816,-5.120780222837013],[105.35279273986816,-5.1200108293161435],[105.35004615783691,-5.118301062622336],[105.34910202026367,-5.118728504724274],[105.34832954406738,-5.116933245976853],[105.34772872924805,-5.116591291358574],[105.34704208374023,-5.116933245976853],[105.34618377685547,-5.116334825274947],[105.3464412689209,-5.115650915216094],[105.34515380859375,-5.11479602661484],[105.34326553344727,-5.1167622686905645],[105.34223556518555,-5.116334825274947],[105.33966064453125,-5.117531666119078],[105.3398323059082,-5.11907045820017],[105.33871650695801,-5.119326923187117],[105.33828735351562,-5.1183865510655835],[105.33794403076172,-5.118472039497405],[105.33768653869629,-5.120523758432924],[105.33519744873047,-5.11992534109001],[105.33459663391113,-5.121378639379799],[105.3354549407959,-5.121806079424559],[105.33571243286133,-5.1225754707848665],[105.33408164978027,-5.1236868122257135],[105.33382415771484,-5.125054614422595]]]}},{"type":"Feature","id":"pmtiles:10/811/526:landuse:3954849080:49","properties":{"class":"residential","kind":"green","verification":"verified","source":"OpenMapTiles/OpenStreetMap national PMTiles","sourceId":"10/811/526:landuse:3954849080:49","sourceLayer":"landuse","archive":"https://its.hanifahseptiani45.workers.dev/v1/map/archive/indonesia.pmtiles","updatedAt":"2026-07-26T09:44:19.088Z"},"geometry":{"type":"Polygon","coordinates":[[[105.31682968139648,-5.105990607613748],[105.3152847290039,-5.105734137285907],[105.31485557556152,-5.102485504256677],[105.31597137451172,-5.101630598093919],[105.31880378723145,-5.100861181573734],[105.31743049621582,-5.099236854780315],[105.31820297241211,-5.0947913078105245],[105.31914710998535,-5.0933379492450115],[105.32146453857422,-5.0933379492450115],[105.3218936920166,-5.092226555183629],[105.32172203063965,-5.091286143323501],[105.3193187713623,-5.092055571311363],[105.31871795654297,-5.090431222257294],[105.3200912475586,-5.089747284586153],[105.32060623168945,-5.091029667122953],[105.32120704650879,-5.090858682932449],[105.32112121582031,-5.09034573008816],[105.32378196716309,-5.088977853836951],[105.32541275024414,-5.088635884319714],[105.325927734375,-5.089063346187871],[105.32515525817871,-5.091115159201166],[105.32524108886719,-5.091970079358163],[105.3262710571289,-5.091970079358163],[105.32618522644043,-5.092739506527607],[105.32601356506348,-5.093936391405279],[105.32532691955566,-5.094363849750039],[105.32721519470215,-5.096672119898514],[105.32687187194824,-5.097356050201725],[105.32524108886719,-5.097099576423361],[105.32618522644043,-5.099236854780315],[105.3285026550293,-5.098723908623356],[105.32961845397949,-5.096586628559422],[105.33013343811035,-5.096586628559422],[105.33039093017578,-5.094705816221179],[105.33099174499512,-5.094534833008353],[105.33159255981445,-5.095817205995573],[105.33279418945312,-5.0946203246204504],[105.33476829528809,-5.096159171693273],[105.33605575561523,-5.095988188867167],[105.33631324768066,-5.096928593847551],[105.33571243286133,-5.09701408514114],[105.33390998840332,-5.100006273247388],[105.32987594604492,-5.102143541928257],[105.32927513122559,-5.103938842119277],[105.32764434814453,-5.105477666855506],[105.32472610473633,-5.103682370970986],[105.32464027404785,-5.105221196322518],[105.32309532165527,-5.106247077839001],[105.31991958618164,-5.105990607613748],[105.31828880310059,-5.105306686511582],[105.31743049621582,-5.105306686511582],[105.31682968139648,-5.105990607613748]]]}},{"type":"Feature","id":"pmtiles:10/811/526:landuse:3954849080:50","properties":{"class":"residential","kind":"green","verification":"verified","source":"OpenMapTiles/OpenStreetMap national PMTiles","sourceId":"10/811/526:landuse:3954849080:50","sourceLayer":"landuse","archive":"https://its.hanifahseptiani45.workers.dev/v1/map/archive/indonesia.pmtiles","updatedAt":"2026-07-26T09:44:19.088Z"},"geometry":{"type":"Polygon","coordinates":[[[105.3383731842041,-5.096928593847551],[105.33751487731934,-5.096586628559422],[105.33622741699219,-5.093850899702204],[105.33708572387695,-5.092483030906777],[105.34163475036621,-5.091029667122953],[105.34292221069336,-5.091457127400361],[105.3435230255127,-5.091200651268011],[105.34369468688965,-5.089832776834825],[105.34515380859375,-5.089234330855618],[105.34661293029785,-5.089918269072129],[105.34661293029785,-5.091457127400361],[105.3490161895752,-5.094705816221179],[105.347900390625,-5.095902697437069],[105.34687042236328,-5.095475240115874],[105.34309387207031,-5.096586628559422],[105.3398323059082,-5.096159171693273],[105.3383731842041,-5.096928593847551]]]}},{"type":"Feature","id":"pmtiles:10/811/526:landuse:3954849080:51","properties":{"class":"residential","kind":"green","verification":"verified","source":"OpenMapTiles/OpenStreetMap national PMTiles","sourceId":"10/811/526:landuse:3954849080:51","sourceLayer":"landuse","archive":"https://its.hanifahseptiani45.workers.dev/v1/map/archive/indonesia.pmtiles","updatedAt":"2026-07-26T09:44:19.088Z"},"geometry":{"type":"Polygon","coordinates":[[[105.36240577697754,-5.105392176689236],[105.36266326904297,-5.10701648789923],[105.36017417907715,-5.107700407177589],[105.35897254943848,-5.106930997938136],[105.35862922668457,-5.105990607613748],[105.35553932189941,-5.106589037979759],[105.35365104675293,-5.105306686511582],[105.35210609436035,-5.105306686511582],[105.35176277160645,-5.104793745206308],[105.35322189331055,-5.103511390148498],[105.35725593566895,-5.103340409280449],[105.36240577697754,-5.105392176689236]]]}},{"type":"Feature","id":"pmtiles:10/811/526:landuse:3954849080:52","properties":{"class":"residential","kind":"green","verification":"verified","source":"OpenMapTiles/OpenStreetMap national PMTiles","sourceId":"10/811/526:landuse:3954849080:52","sourceLayer":"landuse","archive":"https://its.hanifahseptiani45.workers.dev/v1/map/archive/indonesia.pmtiles","updatedAt":"2026-07-26T09:44:19.088Z"},"geometry":{"type":"Polygon","coordinates":[[[105.36626815795898,-5.121378639379799],[105.36867141723633,-5.119241434869565],[105.3709888458252,-5.119839852852451],[105.3713321685791,-5.118899481485073],[105.37330627441406,-5.1180445972240705],[105.37510871887207,-5.118899481485073],[105.37545204162598,-5.1183865510655835],[105.37759780883789,-5.118899481485073],[105.3782844543457,-5.1209511990492445],[105.37776947021484,-5.123173885647006],[105.37605285644531,-5.124285226047149],[105.37356376647949,-5.12419973839269],[105.37364959716797,-5.1236868122257135],[105.37296295166016,-5.123515836745213],[105.37124633789062,-5.123772299948797],[105.369873046875,-5.1224899829016834],[105.36746978759766,-5.122660958656624],[105.36592483520508,-5.123430348987824],[105.36558151245117,-5.12197705536245],[105.36626815795898,-5.121378639379799]]]}},{"type":"Feature","id":"pmtiles:10/811/526:landuse:3954849080:53","properties":{"class":"residential","kind":"green","verification":"verified","source":"OpenMapTiles/OpenStreetMap national PMTiles","sourceId":"10/811/526:landuse:3954849080:53","sourceLayer":"landuse","archive":"https://its.hanifahseptiani45.workers.dev/v1/map/archive/indonesia.pmtiles","updatedAt":"2026-07-26T09:44:19.088Z"},"geometry":{"type":"Polygon","coordinates":[[[105.33888816833496,-5.151555202998125],[105.33905982971191,-5.150187457680403],[105.34249305725098,-5.150016489308754],[105.34455299377441,-5.147537442753659],[105.34747123718262,-5.147110019957083],[105.34772872924805,-5.147708411791868],[105.34910202026367,-5.148050349730411],[105.3519344329834,-5.147366473669507],[105.35322189331055,-5.149076162442853],[105.3548526763916,-5.149161646760859],[105.35493850708008,-5.150614878408348],[105.35279273986816,-5.150956814783768],[105.35270690917969,-5.151555202998125],[105.34687042236328,-5.150871330707162],[105.34412384033203,-5.152495526196603],[105.34446716308594,-5.153093912962021],[105.34566879272461,-5.153350364260405],[105.34781455993652,-5.156085838334107],[105.3493595123291,-5.154974553412586],[105.35116195678711,-5.154632619199361],[105.35416603088379,-5.1560003549476505],[105.3545093536377,-5.1573680877498305],[105.36008834838867,-5.15796646992419],[105.36154747009277,-5.159163232580482],[105.36480903625488,-5.159505164353476],[105.36609649658203,-5.160359992979821],[105.36635398864746,-5.161642233759693],[105.36798477172852,-5.161984164196568],[105.36798477172852,-5.16300995440109],[105.3658390045166,-5.163779295965526],[105.35296440124512,-5.160958372332971],[105.35717010498047,-5.1645486365964075],[105.35656929016113,-5.166001833018257],[105.35287857055664,-5.163522848881101],[105.35270690917969,-5.162753507005519],[105.35099029541016,-5.161385785811078],[105.34326553344727,-5.158992266624907],[105.34197807312012,-5.159590647267947],[105.3409481048584,-5.159077749608457],[105.34086227416992,-5.158051953045899],[105.34000396728516,-5.1574535709521285],[105.33682823181152,-5.15967613017088],[105.33571243286133,-5.159505164353476],[105.33408164978027,-5.160616441343137],[105.33339500427246,-5.159505164353476],[105.33554077148438,-5.15796646992419],[105.33614158630371,-5.155829388140205],[105.33931732177734,-5.153606815455262],[105.33888816833496,-5.151555202998125]]]}},{"type":"Feature","id":"pmtiles:10/811/526:landuse:3954849080:54","properties":{"class":"residential","kind":"green","verification":"verified","source":"OpenMapTiles/OpenStreetMap national PMTiles","sourceId":"10/811/526:landuse:3954849080:54","sourceLayer":"landuse","archive":"https://its.hanifahseptiani45.workers.dev/v1/map/archive/indonesia.pmtiles","updatedAt":"2026-07-26T09:44:19.088Z"},"geometry":{"type":"Polygon","coordinates":[[[105.36746978759766,-5.152666493901364],[105.36704063415527,-5.152324558445827],[105.36712646484375,-5.150529394285741],[105.36515235900879,-5.150101973500327],[105.36523818969727,-5.149332615362383],[105.36721229553223,-5.149674552427541],[105.36892890930176,-5.148905193772364],[105.37545204162598,-5.149418099645914],[105.37562370300293,-5.147964865263006],[105.37656784057617,-5.148050349730411],[105.3764820098877,-5.149161646760859],[105.37759780883789,-5.151127782902506],[105.38034439086914,-5.151042298848878],[105.380859375,-5.151982622806287],[105.38068771362305,-5.153435848003525],[105.37837028503418,-5.1550600369371296],[105.37699699401855,-5.155401970920238],[105.37742614746094,-5.156855188294301],[105.37579536437988,-5.15967613017088],[105.37407875061035,-5.158992266624907],[105.37347793579102,-5.156513255093756],[105.37184715270996,-5.155231003951698],[105.36961555480957,-5.154889069876546],[105.36884307861328,-5.153521331735135],[105.36746978759766,-5.152666493901364]]]}},{"type":"Feature","id":"pmtiles:10/811/526:landuse:3954849080:55","properties":{"class":"residential","kind":"green","verification":"verified","source":"OpenMapTiles/OpenStreetMap national PMTiles","sourceId":"10/811/526:landuse:3954849080:55","sourceLayer":"landuse","archive":"https://its.hanifahseptiani45.workers.dev/v1/map/archive/indonesia.pmtiles","updatedAt":"2026-07-26T09:44:19.088Z"},"geometry":{"type":"Polygon","coordinates":[[[105.37785530090332,-5.16121482045439],[105.37854194641113,-5.160359992979821],[105.38283348083496,-5.1610438550516164],[105.3860092163086,-5.163437366496581],[105.38575172424316,-5.164463154350187],[105.38497924804688,-5.164805083265875],[105.38472175598145,-5.166600207046997],[105.3860092163086,-5.1671985805107],[105.38575172424316,-5.167711471601237],[105.38446426391602,-5.167967916990804],[105.38437843322754,-5.167284062387964],[105.38334846496582,-5.167113098621925],[105.38352012634277,-5.164463154350187],[105.38111686706543,-5.16121482045439],[105.3805160522461,-5.16121482045439],[105.38043022155762,-5.1621551293458765],[105.37982940673828,-5.1624970595062365],[105.3779411315918,-5.1625825420175175],[105.37785530090332,-5.16121482045439]]]}},{"type":"Feature","id":"pmtiles:10/811/526:landuse:3954849080:56","properties":{"class":"residential","kind":"green","verification":"verified","source":"OpenMapTiles/OpenStreetMap national PMTiles","sourceId":"10/811/526:landuse:3954849080:56","sourceLayer":"landuse","archive":"https://its.hanifahseptiani45.workers.dev/v1/map/archive/indonesia.pmtiles","updatedAt":"2026-07-26T09:44:19.088Z"},"geometry":{"type":"Polygon","coordinates":[[[105.31828880310059,-5.147622927278519],[105.31700134277344,-5.147195504539383],[105.3164005279541,-5.1426648058510835],[105.32052040100098,-5.14334868696524],[105.32240867614746,-5.143092231633517],[105.32292366027832,-5.140869614431423],[105.32240867614746,-5.140271216166937],[105.32103538513184,-5.1404421871570065],[105.31768798828125,-5.138390532247357],[105.31803131103516,-5.136766300758552],[105.31708717346191,-5.137108244573895],[105.31631469726562,-5.136082412577522],[105.31416893005371,-5.136253384691571],[105.31356811523438,-5.1344581752072145],[105.31391143798828,-5.133945257283287],[105.31468391418457,-5.1344581752072145],[105.3152847290039,-5.133688798166631],[105.3160572052002,-5.134287202611745],[105.31691551208496,-5.134116229970445],[105.31717300415039,-5.133432338946832],[105.3160572052002,-5.132833933699615],[105.31622886657715,-5.131551634850979],[105.31708717346191,-5.131551634850979],[105.31657218933105,-5.131124201328689],[105.31657218933105,-5.1296709252113],[105.31880378723145,-5.129072516436395],[105.31888961791992,-5.127961184366157],[105.31974792480469,-5.127790210029815],[105.32069206237793,-5.130611280723983],[105.32103538513184,-5.128217645784844],[105.32326698303223,-5.127961184366157],[105.32386779785156,-5.126251438942532],[105.32464027404785,-5.126678875727592],[105.32464027404785,-5.128901542397671],[105.32524108886719,-5.128901542397671],[105.32584190368652,-5.130183846571796],[105.32549858093262,-5.131124201328689],[105.32661437988281,-5.132064554699738],[105.3270435333252,-5.132064554699738],[105.32747268676758,-5.129756412133332],[105.32815933227539,-5.129328977408633],[105.33013343811035,-5.129072516436395],[105.33090591430664,-5.130098359707006],[105.33082008361816,-5.1308677410778785],[105.33159255981445,-5.130696767520078],[105.33279418945312,-5.129499951332846],[105.3328800201416,-5.128046671517168],[105.33665657043457,-5.127961184366157],[105.33820152282715,-5.130782254304691],[105.33905982971191,-5.130696767520078],[105.33957481384277,-5.128901542397671],[105.3427505493164,-5.1296709252113],[105.34309387207031,-5.130696767520078],[105.34429550170898,-5.130696767520078],[105.34378051757812,-5.132833933699615],[105.33811569213867,-5.133090393160032],[105.33811569213867,-5.13317587962392],[105.34060478210449,-5.133859770922527],[105.34300804138184,-5.133688798166631],[105.34300804138184,-5.134885606495303],[105.34378051757812,-5.135313037496857],[105.34343719482422,-5.136851786729579],[105.34197807312012,-5.136595328782079],[105.34077644348145,-5.1374501882057615],[105.33957481384277,-5.13719373049905],[105.33974647521973,-5.13813407491908],[105.33820152282715,-5.140613158101189],[105.3372573852539,-5.140100245130952],[105.33519744873047,-5.141211556044425],[105.33485412597656,-5.141040585260868],[105.33528327941895,-5.137877617487604],[105.33348083496094,-5.13727921641275],[105.33090591430664,-5.139074417951406],[105.3299617767334,-5.1385615037421815],[105.3299617767334,-5.135142065130637],[105.32927513122559,-5.134885606495303],[105.32678604125977,-5.13591144041763],[105.32386779785156,-5.1344581752072145],[105.32361030578613,-5.135654982091793],[105.32403945922852,-5.136253384691571],[105.32438278198242,-5.135142065130637],[105.32524108886719,-5.1355694959602545],[105.32532691955566,-5.136851786729579],[105.32618522644043,-5.137706645809274],[105.32567024230957,-5.1388179608984075],[105.32910346984863,-5.140784128999485],[105.32824516296387,-5.142408350243869],[105.32730102539062,-5.14283577619851],[105.32601356506348,-5.142579320660161],[105.32498359680176,-5.144032567344652],[105.31940460205078,-5.14591323459878],[105.31828880310059,-5.147622927278519]]]}},{"type":"Feature","id":"pmtiles:10/811/526:landuse:3954849080:57","properties":{"class":"residential","kind":"green","verification":"verified","source":"OpenMapTiles/OpenStreetMap national PMTiles","sourceId":"10/811/526:landuse:3954849080:57","sourceLayer":"landuse","archive":"https://its.hanifahseptiani45.workers.dev/v1/map/archive/indonesia.pmtiles","updatedAt":"2026-07-26T09:44:19.089Z"},"geometry":{"type":"Polygon","coordinates":[[[105.44188499450684,-5.141809953425323],[105.43931007385254,-5.141809953425323],[105.43845176696777,-5.141297041418966],[105.43913841247559,-5.139587331747677],[105.43879508972168,-5.138219560706645],[105.43630599975586,-5.135313037496857],[105.43587684631348,-5.136338870731393],[105.43098449707031,-5.138646989472392],[105.43115615844727,-5.139416360528131],[105.43004035949707,-5.139416360528131],[105.42969703674316,-5.1376211599529],[105.42866706848145,-5.1376211599529],[105.42712211608887,-5.138903446594213],[105.42317390441895,-5.140613158101189],[105.42257308959961,-5.141809953425323],[105.42360305786133,-5.144545477146991],[105.42248725891113,-5.1453148410753755],[105.42051315307617,-5.143263201866148],[105.41974067687988,-5.14386159731869],[105.4193115234375,-5.143092231633517],[105.41879653930664,-5.143092231633517],[105.41888236999512,-5.14386159731869],[105.41828155517578,-5.144459992208638],[105.41699409484863,-5.143006746500006],[105.41810989379883,-5.142322865018514],[105.41836738586426,-5.140185730654679],[105.42016983032227,-5.138988932278551],[105.42137145996094,-5.137364702314997],[105.4251480102539,-5.13599692650331],[105.42557716369629,-5.134800120260593],[105.42686462402344,-5.13462914775684],[105.42394638061523,-5.128388620006746],[105.42712211608887,-5.127533748439433],[105.42720794677734,-5.125824001871408],[105.42806625366211,-5.1257385144228635],[105.43089866638184,-5.1256530269628655],[105.43184280395508,-5.126165951551187],[105.42909622192383,-5.128303132901522],[105.43089866638184,-5.130440307097473],[105.43252944946289,-5.130611280723983],[105.43484687805176,-5.128730568313159],[105.43596267700195,-5.128816055361142],[105.43767929077148,-5.1295854382778],[105.43750762939453,-5.131124201328689],[105.43845176696777,-5.132235527891012],[105.43742179870605,-5.132577474136099],[105.43819427490234,-5.1335178253648905],[105.43956756591797,-5.131551634850979],[105.4401683807373,-5.131808094826894],[105.43939590454102,-5.13334685251732],[105.43742179870605,-5.134885606495303],[105.43948173522949,-5.137364702314997],[105.44394493103027,-5.139330874901148],[105.44626235961914,-5.139159903612793],[105.44840812683105,-5.139672817340227],[105.44832229614258,-5.140185730654679],[105.44737815856934,-5.140271216166937],[105.44591903686523,-5.142322865018514],[105.44188499450684,-5.141809953425323]]]}},{"type":"Feature","id":"pmtiles:10/811/526:landuse:3954849080:58","properties":{"class":"residential","kind":"green","verification":"verified","source":"OpenMapTiles/OpenStreetMap national PMTiles","sourceId":"10/811/526:landuse:3954849080:58","sourceLayer":"landuse","archive":"https://its.hanifahseptiani45.workers.dev/v1/map/archive/indonesia.pmtiles","updatedAt":"2026-07-26T09:44:19.089Z"},"geometry":{"type":"Polygon","coordinates":[[[105.4086685180664,-5.142921261354985],[105.4127025604248,-5.142579320660161],[105.41330337524414,-5.143690627246784],[105.41304588317871,-5.1446309620738475],[105.41115760803223,-5.14599871934189],[105.41004180908203,-5.1478793807841186],[105.41407585144043,-5.147110019957083],[105.41467666625977,-5.147537442753659],[105.41579246520996,-5.149760036665086],[105.41467666625977,-5.151726170955882],[105.41510581970215,-5.152410042326977],[105.41922569274902,-5.1527519777365],[105.42171478271484,-5.1537777828609705],[105.42231559753418,-5.154547135617307],[105.42231559753418,-5.156256805072488],[105.41716575622559,-5.156342288424412],[105.41433334350586,-5.1571116380738715],[105.41278839111328,-5.156940671565664],[105.41132926940918,-5.156085838334107],[105.41158676147461,-5.156855188294301],[105.41313171386719,-5.15796646992419],[105.41647911071777,-5.1573680877498305],[105.41853904724121,-5.158564851534422],[105.42034149169922,-5.160445475779113],[105.42231559753418,-5.159847095942212],[105.42454719543457,-5.16121482045439],[105.42574882507324,-5.16121482045439],[105.42583465576172,-5.1625825420175175],[105.42866706848145,-5.163779295965526],[105.42806625366211,-5.167113098621925],[105.42729377746582,-5.1674550261078736],[105.42780876159668,-5.167625989781655],[105.4277229309082,-5.168566289162726],[105.42695045471191,-5.169164660769397],[105.42729377746582,-5.171558141542164],[105.42643547058105,-5.171387178929876],[105.4259204864502,-5.1730968029748965],[105.42660713195801,-5.173267765125402],[105.42643547058105,-5.173951613265615],[105.42755126953125,-5.174208056127654],[105.42643547058105,-5.175661230382531],[105.4244613647461,-5.17489190325162],[105.42506217956543,-5.172925840778191],[105.4236888885498,-5.171301697606424],[105.42411804199219,-5.169592068713754],[105.42265892028809,-5.168053398764258],[105.42016983032227,-5.166600207046997],[105.41991233825684,-5.1674550261078736],[105.42171478271484,-5.168224362276561],[105.42111396789551,-5.1705323651759585],[105.41682243347168,-5.169164660769397],[105.41682243347168,-5.1696775502680055],[105.41553497314453,-5.16925014238133],[105.413818359375,-5.169592068713754],[105.41244506835938,-5.171301697606424],[105.41175842285156,-5.171216216271432],[105.41184425354004,-5.170617846603278],[105.41107177734375,-5.170446883737085],[105.41064262390137,-5.169592068713754],[105.40875434875488,-5.1694211055706205],[105.40849685668945,-5.171045253566803],[105.40763854980469,-5.171045253566803],[105.40583610534668,-5.170446883737085],[105.40403366088867,-5.168651770855433],[105.40420532226562,-5.164805083265875],[105.39854049682617,-5.163779295965526],[105.39862632751465,-5.162753507005519],[105.3999137878418,-5.161471268472141],[105.40437698364258,-5.1624115769834305],[105.40017127990723,-5.159847095942212],[105.39862632751465,-5.1576245373222065],[105.39931297302246,-5.155145520450162],[105.40180206298828,-5.152239074553194],[105.40111541748047,-5.150614878408348],[105.40051460266113,-5.149589068178486],[105.39605140686035,-5.149760036665086],[105.39579391479492,-5.148819709419882],[105.39519309997559,-5.148648740680443],[105.39536476135254,-5.146426142885176],[105.39605140686035,-5.145742265078098],[105.40034294128418,-5.146084204073517],[105.40102958679199,-5.147537442753659],[105.40437698364258,-5.147537442753659],[105.40283203125,-5.146169688793677],[105.40291786193848,-5.144289022297485],[105.4057502746582,-5.143177716755574],[105.40669441223145,-5.143434172052849],[105.4086685180664,-5.142921261354985]]]}},{"type":"Feature","id":"pmtiles:10/811/526:landuse:3954849080:59","properties":{"class":"residential","kind":"green","verification":"verified","source":"OpenMapTiles/OpenStreetMap national PMTiles","sourceId":"10/811/526:landuse:3954849080:59","sourceLayer":"landuse","archive":"https://its.hanifahseptiani45.workers.dev/v1/map/archive/indonesia.pmtiles","updatedAt":"2026-07-26T09:44:19.089Z"},"geometry":{"type":"Polygon","coordinates":[[[105.42085647583008,-5.119839852852451],[105.41982650756836,-5.119241434869565],[105.42016983032227,-5.1179591087351355],[105.42085647583008,-5.117189711820629],[105.42325973510742,-5.116591291358574],[105.42360305786133,-5.118301062622336],[105.42463302612305,-5.117873620234775],[105.42617797851562,-5.11992534109001],[105.42549133300781,-5.1209511990492445],[105.42308807373047,-5.122319007100998],[105.42085647583008,-5.119839852852451]]]}},{"type":"Feature","id":"pmtiles:10/811/526:landuse:3954849080:60","properties":{"class":"residential","kind":"green","verification":"verified","source":"OpenMapTiles/OpenStreetMap national PMTiles","sourceId":"10/811/526:landuse:3954849080:60","sourceLayer":"landuse","archive":"https://its.hanifahseptiani45.workers.dev/v1/map/archive/indonesia.pmtiles","updatedAt":"2026-07-26T09:44:19.089Z"},"geometry":{"type":"Polygon","coordinates":[[[105.41364669799805,-5.116676780030275],[105.41424751281738,-5.116078359088533],[105.41467666625977,-5.117104223217453],[105.41596412658691,-5.115821892799332],[105.41690826416016,-5.11590738157382],[105.41810989379883,-5.1151379821923655],[105.41750907897949,-5.114026625897537],[105.41828155517578,-5.113428202478133],[105.41862487792969,-5.114112114911791],[105.4193115234375,-5.113342713372575],[105.42025566101074,-5.113257224255591],[105.42308807373047,-5.114625048757574],[105.42154312133789,-5.116591291358574],[105.42119979858398,-5.1162493365575585],[105.41707992553711,-5.118215574167678],[105.41476249694824,-5.117788131722989],[105.41364669799805,-5.116676780030275]]]}},{"type":"Feature","id":"pmtiles:10/811/526:landuse:3954849080:61","properties":{"class":"residential","kind":"green","verification":"verified","source":"OpenMapTiles/OpenStreetMap national PMTiles","sourceId":"10/811/526:landuse:3954849080:61","sourceLayer":"landuse","archive":"https://its.hanifahseptiani45.workers.dev/v1/map/archive/indonesia.pmtiles","updatedAt":"2026-07-26T09:44:19.089Z"},"geometry":{"type":"Polygon","coordinates":[[[105.40772438049316,-5.11975436460348],[105.40755271911621,-5.118728504724274],[105.40901184082031,-5.116591291358574],[105.40918350219727,-5.115394448755609],[105.40849685668945,-5.114539559811817],[105.40549278259277,-5.1130007568361435],[105.40617942810059,-5.111632928864452],[105.40884017944336,-5.112231353961533],[105.4086685180664,-5.113770158786295],[105.40961265563965,-5.113684669726368],[105.4094409942627,-5.114625048757574],[105.41055679321289,-5.113086245987375],[105.41141510009766,-5.1130007568361435],[105.41330337524414,-5.114283092906049],[105.41373252868652,-5.115394448755609],[105.4127025604248,-5.117360688992704],[105.41047096252441,-5.1179591087351355],[105.41047096252441,-5.118984969848341],[105.40926933288574,-5.119668876343056],[105.40772438049316,-5.11975436460348]]]}},{"type":"Feature","id":"pmtiles:10/811/526:landuse:3954849080:62","properties":{"class":"residential","kind":"green","verification":"verified","source":"OpenMapTiles/OpenStreetMap national PMTiles","sourceId":"10/811/526:landuse:3954849080:62","sourceLayer":"landuse","archive":"https://its.hanifahseptiani45.workers.dev/v1/map/archive/indonesia.pmtiles","updatedAt":"2026-07-26T09:44:19.089Z"},"geometry":{"type":"Polygon","coordinates":[[[105.40420532226562,-5.125824001871408],[105.40549278259277,-5.126251438942532],[105.40592193603516,-5.128816055361142],[105.40695190429688,-5.130183846571796],[105.41167259216309,-5.127533748439433],[105.41519165039062,-5.128217645784844],[105.41459083557129,-5.1295854382778],[105.40823936462402,-5.131380661476413],[105.40781021118164,-5.131551634850979],[105.40789604187012,-5.132321014469468],[105.40678024291992,-5.131808094826894],[105.40497779846191,-5.133432338946832],[105.40369033813477,-5.133090393160032],[105.4039478302002,-5.132406501036471],[105.40257453918457,-5.132064554699738],[105.40017127990723,-5.129414464376467],[105.40068626403809,-5.127020824949668],[105.40343284606934,-5.128046671517168],[105.40420532226562,-5.125824001871408]]]}},{"type":"Feature","id":"pmtiles:10/811/526:landuse:3954849080:63","properties":{"class":"residential","kind":"green","verification":"verified","source":"OpenMapTiles/OpenStreetMap national PMTiles","sourceId":"10/811/526:landuse:3954849080:63","sourceLayer":"landuse","archive":"https://its.hanifahseptiani45.workers.dev/v1/map/archive/indonesia.pmtiles","updatedAt":"2026-07-26T09:44:19.089Z"},"geometry":{"type":"Polygon","coordinates":[[[105.4086685180664,-5.123943275360659],[105.4086685180664,-5.123601324491176],[105.40377616882324,-5.123857787660455],[105.40111541748047,-5.124712664147907],[105.40102958679199,-5.123430348987824],[105.39914131164551,-5.123772299948797],[105.39819717407227,-5.122404495007061],[105.40377616882324,-5.1200108293161435],[105.40411949157715,-5.120865710948834],[105.4083251953125,-5.121207663281865],[105.41304588317871,-5.120780222837013],[105.41536331176758,-5.121635103440951],[105.41733741760254,-5.121549615432002],[105.41802406311035,-5.123173885647006],[105.41613578796387,-5.124883639308123],[105.41356086730957,-5.124969126871079],[105.41364669799805,-5.1245416889419175],[105.41132926940918,-5.124114250726791],[105.4086685180664,-5.123943275360659]]]}},{"type":"Feature","id":"pmtiles:10/811/526:landuse:3954849080:64","properties":{"class":"residential","kind":"green","verification":"verified","source":"OpenMapTiles/OpenStreetMap national PMTiles","sourceId":"10/811/526:landuse:3954849080:64","sourceLayer":"landuse","archive":"https://its.hanifahseptiani45.workers.dev/v1/map/archive/indonesia.pmtiles","updatedAt":"2026-07-26T09:44:19.089Z"},"geometry":{"type":"Polygon","coordinates":[[[105.40987014770508,-5.134116229970445],[105.40961265563965,-5.13334685251732],[105.41759490966797,-5.130183846571796],[105.42489051818848,-5.123344861218982],[105.4248046875,-5.122319007100998],[105.42798042297363,-5.12112217521576],[105.43115615844727,-5.121207663281865],[105.43192863464355,-5.119241434869565],[105.43355941772461,-5.118557527917787],[105.4343318939209,-5.11907045820017],[105.43561935424805,-5.1180445972240705],[105.43656349182129,-5.118215574167678],[105.435791015625,-5.119839852852451],[105.43458938598633,-5.120096317530837],[105.43424606323242,-5.120780222837013],[105.43501853942871,-5.125482052008564],[105.43458938598633,-5.126593388393459],[105.43527603149414,-5.1274482612197545],[105.4343318939209,-5.127875697203706],[105.43407440185547,-5.127362773988622],[105.43252944946289,-5.1284741071005016],[105.4314136505127,-5.128046671517168],[105.43115615844727,-5.1274482612197545],[105.43278694152832,-5.1257385144228635],[105.43201446533203,-5.1236868122257135],[105.42875289916992,-5.12419973839269],[105.42677879333496,-5.125140101962671],[105.42506217956543,-5.124456201321763],[105.42394638061523,-5.126080464148416],[105.42248725891113,-5.126678875727592],[105.42377471923828,-5.1274482612197545],[105.42231559753418,-5.127875697203706],[105.42051315307617,-5.129499951332846],[105.42051315307617,-5.13035482026703],[105.42197227478027,-5.131808094826894],[105.41836738586426,-5.134116229970445],[105.41793823242188,-5.13497109271853],[105.41759490966797,-5.133688798166631],[105.41553497314453,-5.134372688915207],[105.41519165039062,-5.133603311771495],[105.41364669799805,-5.134201716296829],[105.41338920593262,-5.135484009817262],[105.41047096252441,-5.136424356759761],[105.40987014770508,-5.134116229970445]]]}},{"type":"Feature","id":"pmtiles:10/811/526:landuse:3954849080:65","properties":{"class":"residential","kind":"green","verification":"verified","source":"OpenMapTiles/OpenStreetMap national PMTiles","sourceId":"10/811/526:landuse:3954849080:65","sourceLayer":"landuse","archive":"https://its.hanifahseptiani45.workers.dev/v1/map/archive/indonesia.pmtiles","updatedAt":"2026-07-26T09:44:19.089Z"},"geometry":{"type":"Polygon","coordinates":[[[105.3848934173584,-5.123344861218982],[105.38686752319336,-5.123088397843858],[105.38944244384766,-5.123857787660455],[105.3947639465332,-5.123088397843858],[105.39673805236816,-5.1224899829016834],[105.39673805236816,-5.122660958656624],[105.39785385131836,-5.123943275360659],[105.39802551269531,-5.123943275360659],[105.3984546661377,-5.124456201321763],[105.39836883544922,-5.124627176550618],[105.39931297302246,-5.125824001871408],[105.39905548095703,-5.126507901047901],[105.3987979888916,-5.12676436305027],[105.39742469787598,-5.129499951332846],[105.3976821899414,-5.1300128728307754],[105.39982795715332,-5.1296709252113],[105.40077209472656,-5.131551634850979],[105.40214538574219,-5.132150041301088],[105.40180206298828,-5.13317587962392],[105.39828300476074,-5.134543661487754],[105.39828300476074,-5.134201716296829],[105.39236068725586,-5.13591144041763],[105.39313316345215,-5.1369372726891385],[105.39304733276367,-5.139074417951406],[105.39278984069824,-5.1399292740490665],[105.3915023803711,-5.140613158101189],[105.38952827453613,-5.139843788490936],[105.3866958618164,-5.14215189453337],[105.38060188293457,-5.1426648058510835],[105.380859375,-5.144203537324685],[105.37837028503418,-5.144972901666492],[105.37819862365723,-5.145485810710909],[105.3805160522461,-5.147366473669507],[105.38000106811523,-5.148563256293471],[105.37888526916504,-5.148648740680443],[105.37673950195312,-5.146853566141274],[105.37485122680664,-5.146084204073517],[105.37356376647949,-5.143434172052849],[105.36884307861328,-5.141297041418966],[105.36789894104004,-5.138988932278551],[105.36558151245117,-5.139330874901148],[105.36463737487793,-5.136424356759761],[105.3640365600586,-5.136167898640281],[105.36214828491211,-5.137022758637258],[105.36231994628906,-5.137535674085058],[105.35940170288086,-5.1388179608984075],[105.35897254943848,-5.138219560706645],[105.35725593566895,-5.137963103309559],[105.35665512084961,-5.1369372726891385],[105.35820007324219,-5.13591144041763],[105.35794258117676,-5.134287202611745],[105.35957336425781,-5.133688798166631],[105.3603458404541,-5.134372688915207],[105.36128997802734,-5.134372688915207],[105.36223411560059,-5.13300490668469],[105.36206245422363,-5.131808094826894],[105.36334991455078,-5.131380661476413],[105.36395072937012,-5.132064554699738],[105.36455154418945,-5.1316371215210665],[105.36592483520508,-5.131893581462634],[105.36704063415527,-5.132577474136099],[105.36746978759766,-5.134030743632593],[105.36961555480957,-5.133859770922527],[105.37107467651367,-5.134885606495303],[105.37150382995605,-5.1344581752072145],[105.37210464477539,-5.135313037496857],[105.3724479675293,-5.135398523662786],[105.38000106811523,-5.126422413690889],[105.37965774536133,-5.126165951551187],[105.38000106811523,-5.1257385144228635],[105.38068771362305,-5.1256530269628655],[105.380859375,-5.125396564514261],[105.3848934173584,-5.123344861218982]]]}},{"type":"Feature","id":"pmtiles:10/811/526:landuse:3954849080:66","properties":{"class":"residential","kind":"green","verification":"verified","source":"OpenMapTiles/OpenStreetMap national PMTiles","sourceId":"10/811/526:landuse:3954849080:66","sourceLayer":"landuse","archive":"https://its.hanifahseptiani45.workers.dev/v1/map/archive/indonesia.pmtiles","updatedAt":"2026-07-26T09:44:19.089Z"},"geometry":{"type":"Polygon","coordinates":[[[105.39055824279785,-5.115479937587196],[105.38832664489746,-5.1151379821923655],[105.38609504699707,-5.115650915216094],[105.38515090942383,-5.1151379821923655],[105.38472175598145,-5.116163847828744],[105.38369178771973,-5.116163847828744],[105.38240432739258,-5.117531666119078],[105.38137435913086,-5.116163847828744],[105.3834342956543,-5.114625048757574],[105.38360595703125,-5.113941136871873],[105.38274765014648,-5.11479602661484],[105.38206100463867,-5.113513691572308],[105.38274765014648,-5.112915267673515],[105.38214683532715,-5.111376460794531],[105.37776947021484,-5.1124023324579895],[105.37759780883789,-5.113513691572308],[105.3768253326416,-5.113770158786295],[105.37639617919922,-5.114625048757574],[105.37579536437988,-5.114283092906049],[105.3753662109375,-5.11479602661484],[105.3739070892334,-5.113855647834782],[105.3750228881836,-5.113086245987375],[105.37219047546387,-5.109581181430244],[105.37176132202148,-5.107871386883161],[105.37313461303711,-5.1075294274264],[105.37562370300293,-5.107956876718845],[105.37725448608398,-5.109837650218864],[105.37871360778809,-5.109923139792244],[105.37931442260742,-5.109239222885762],[105.38240432739258,-5.110863524346669],[105.38300514221191,-5.1106925454394485],[105.38300514221191,-5.109837650218864],[105.38446426391602,-5.109666671037857],[105.38429260253906,-5.109068243545096],[105.38497924804688,-5.108469815493493],[105.38549423217773,-5.1091537332211345],[105.38652420043945,-5.108042366543117],[105.38832664489746,-5.107443937533716],[105.39124488830566,-5.108127856356006],[105.39158821105957,-5.108726284726899],[105.39090156555176,-5.108555305249368],[105.39107322692871,-5.109410202180825],[105.38849830627441,-5.1097521606340734],[105.38678169250488,-5.111205482024218],[105.38592338562012,-5.111119992621937],[105.38592338562012,-5.111889396831671],[105.38506507873535,-5.112915267673515],[105.38695335388184,-5.111803907520667],[105.38918495178223,-5.112316843215467],[105.38944244384766,-5.113941136871873],[105.39055824279785,-5.11479602661484],[105.39055824279785,-5.115479937587196]]]}},{"type":"Feature","id":"pmtiles:10/811/526:landuse:3954849080:67","properties":{"class":"residential","kind":"green","verification":"verified","source":"OpenMapTiles/OpenStreetMap national PMTiles","sourceId":"10/811/526:landuse:3954849080:67","sourceLayer":"landuse","archive":"https://its.hanifahseptiani45.workers.dev/v1/map/archive/indonesia.pmtiles","updatedAt":"2026-07-26T09:44:19.089Z"},"geometry":{"type":"Polygon","coordinates":[[[105.39776802062988,-5.104109822827837],[105.39939880371094,-5.102998447407629],[105.39914131164551,-5.102229032527447],[105.4002571105957,-5.100690199999562],[105.40205955505371,-5.099578818657292],[105.4017162322998,-5.098894890721198],[105.40300369262695,-5.097698015080255],[105.40266036987305,-5.096672119898514],[105.40420532226562,-5.0962446630892515],[105.40437698364258,-5.096843102542579],[105.40514945983887,-5.096415645847088],[105.40755271911621,-5.09701408514114],[105.4083251953125,-5.0982109620566405],[105.40703773498535,-5.100262745864853],[105.40497779846191,-5.101203144585455],[105.40300369262695,-5.104708254948875],[105.40360450744629,-5.106589037979759],[105.40308952331543,-5.106930997938136],[105.40231704711914,-5.1064180579321885],[105.4017162322998,-5.107101977848927],[105.4002571105957,-5.104793745206308],[105.39914131164551,-5.105990607613748],[105.3987979888916,-5.105306686511582],[105.39819717407227,-5.105648647153842],[105.39776802062988,-5.104109822827837]]]}},{"type":"Feature","id":"pmtiles:10/811/526:landuse:3954849080:68","properties":{"class":"residential","kind":"green","verification":"verified","source":"OpenMapTiles/OpenStreetMap national PMTiles","sourceId":"10/811/526:landuse:3954849080:68","sourceLayer":"landuse","archive":"https://its.hanifahseptiani45.workers.dev/v1/map/archive/indonesia.pmtiles","updatedAt":"2026-07-26T09:44:19.089Z"},"geometry":{"type":"Polygon","coordinates":[[[105.39656639099121,-5.105221196322518],[105.39742469787598,-5.106247077839001],[105.39648056030273,-5.106760017981756],[105.39579391479492,-5.108640794993832],[105.39639472961426,-5.109239222885762],[105.3962230682373,-5.1103505874880994],[105.39536476135254,-5.1106925454394485],[105.39510726928711,-5.111889396831671],[105.39459228515625,-5.112231353961533],[105.39484977722168,-5.1130007568361435],[105.39545059204102,-5.112829778499446],[105.39613723754883,-5.115223471058201],[105.39510726928711,-5.115308959912625],[105.39467811584473,-5.114881515526349],[105.39347648620605,-5.116078359088533],[105.39098739624023,-5.115650915216094],[105.39115905761719,-5.11479602661484],[105.39261817932129,-5.11479602661484],[105.39339065551758,-5.113342713372575],[105.39287567138672,-5.1104360769930395],[105.39304733276367,-5.107785897036067],[105.39656639099121,-5.105221196322518]]]}},{"type":"Feature","id":"pmtiles:10/811/526:landuse:3954849080:69","properties":{"class":"residential","kind":"green","verification":"verified","source":"OpenMapTiles/OpenStreetMap national PMTiles","sourceId":"10/811/526:landuse:3954849080:69","sourceLayer":"landuse","archive":"https://its.hanifahseptiani45.workers.dev/v1/map/archive/indonesia.pmtiles","updatedAt":"2026-07-26T09:44:19.089Z"},"geometry":{"type":"Polygon","coordinates":[[[105.38506507873535,-5.101117653849613],[105.38643836975098,-5.0982109620566405],[105.38806915283203,-5.098296453179543],[105.38841247558594,-5.097270558953653],[105.38755416870117,-5.096415645847088],[105.38858413696289,-5.094534833008353],[105.39064407348633,-5.0941928664462495],[105.39167404174805,-5.096073680285912],[105.39313316345215,-5.096843102542579],[105.391845703125,-5.099236854780315],[105.38969993591309,-5.099749800527491],[105.38815498352051,-5.10240001369165],[105.38506507873535,-5.101117653849613]]]}},{"type":"Feature","id":"pmtiles:10/811/526:landuse:3954849080:70","properties":{"class":"residential","kind":"green","verification":"verified","source":"OpenMapTiles/OpenStreetMap national PMTiles","sourceId":"10/811/526:landuse:3954849080:70","sourceLayer":"landuse","archive":"https://its.hanifahseptiani45.workers.dev/v1/map/archive/indonesia.pmtiles","updatedAt":"2026-07-26T09:44:19.089Z"},"geometry":{"type":"Polygon","coordinates":[[[105.40703773498535,-5.095988188867167],[105.40635108947754,-5.093679916261948],[105.40909767150879,-5.091799095417699],[105.4123592376709,-5.094534833008353],[105.41184425354004,-5.0951332740541915],[105.4123592376709,-5.097441541438428],[105.40969848632812,-5.099322345766623],[105.40703773498535,-5.095988188867167]]]}},{"type":"Feature","id":"pmtiles:10/811/526:landuse:3954849080:71","properties":{"class":"residential","kind":"green","verification":"verified","source":"OpenMapTiles/OpenStreetMap national PMTiles","sourceId":"10/811/526:landuse:3954849080:71","sourceLayer":"landuse","archive":"https://its.hanifahseptiani45.workers.dev/v1/map/archive/indonesia.pmtiles","updatedAt":"2026-07-26T09:44:19.089Z"},"geometry":{"type":"Polygon","coordinates":[[[105.41047096252441,-5.108897264158799],[105.40935516357422,-5.108042366543117],[105.40961265563965,-5.107358447629608],[105.41029930114746,-5.107187467787227],[105.41201591491699,-5.104195313165022],[105.413818359375,-5.102229032527447],[105.4141616821289,-5.101459616724696],[105.413818359375,-5.1007756907923465],[105.41476249694824,-5.10051921837983],[105.41596412658691,-5.101545107415006],[105.41630744934082,-5.103682370970986],[105.41707992553711,-5.103511390148498],[105.41793823242188,-5.105392176689236],[105.41699409484863,-5.105563157010366],[105.41733741760254,-5.105990607613748],[105.41579246520996,-5.107871386883161],[105.4134750366211,-5.106760017981756],[105.41261672973633,-5.108213346157484],[105.41175842285156,-5.107956876718845],[105.41047096252441,-5.108897264158799]]]}},{"type":"Feature","id":"pmtiles:10/811/526:landuse:3954849080:72","properties":{"class":"residential","kind":"green","verification":"verified","source":"OpenMapTiles/OpenStreetMap national PMTiles","sourceId":"10/811/526:landuse:3954849080:72","sourceLayer":"landuse","archive":"https://its.hanifahseptiani45.workers.dev/v1/map/archive/indonesia.pmtiles","updatedAt":"2026-07-26T09:44:19.089Z"},"geometry":{"type":"Polygon","coordinates":[[[105.42119979858398,-5.112316843215467],[105.42016983032227,-5.112231353961533],[105.42016983032227,-5.111547439519228],[105.41948318481445,-5.112487821689115],[105.41845321655273,-5.111632928864452],[105.41913986206055,-5.110607055968714],[105.41862487792969,-5.1097521606340734],[105.42008399963379,-5.108213346157484],[105.41905403137207,-5.106930997938136],[105.4193115234375,-5.106247077839001],[105.42085647583008,-5.106674527986456],[105.42403221130371,-5.103682370970986],[105.42471885681152,-5.102229032527447],[105.42214393615723,-5.101801579417568],[105.42162895202637,-5.104195313165022],[105.41982650756836,-5.105392176689236],[105.41810989379883,-5.103511390148498],[105.41793823242188,-5.100690199999562],[105.41879653930664,-5.100177255003743],[105.41862487792969,-5.099664309598083],[105.41725158691406,-5.10051921837983],[105.41587829589844,-5.100433727552883],[105.41356086730957,-5.097270558953653],[105.41201591491699,-5.09239753901042],[105.41210174560547,-5.0909441750333855],[105.41407585144043,-5.090858682932449],[105.41459083557129,-5.092055571311363],[105.41553497314453,-5.091029667122953],[105.41622161865234,-5.091115159201166],[105.4152774810791,-5.092568522791765],[105.41604995727539,-5.0933379492450115],[105.41759490966797,-5.09376540798776],[105.41853904724121,-5.092312047102709],[105.41871070861816,-5.0909441750333855],[105.41604995727539,-5.085301672003638],[105.41793823242188,-5.084361250022951],[105.42162895202637,-5.089319823172431],[105.42154312133789,-5.092226555183629],[105.41879653930664,-5.095047782510335],[105.41948318481445,-5.095817205995573],[105.4207706451416,-5.094278358103821],[105.42205810546875,-5.09376540798776],[105.42291641235352,-5.0946203246204504],[105.4222297668457,-5.0953042571077845],[105.42231559753418,-5.096586628559422],[105.42068481445312,-5.096330154473861],[105.42034149169922,-5.097270558953653],[105.42137145996094,-5.097783506271426],[105.4233455657959,-5.096672119898514],[105.42343139648438,-5.0941928664462495],[105.4251480102539,-5.0932524574623415],[105.42583465576172,-5.093936391405279],[105.42943954467773,-5.091542619421745],[105.4277229309082,-5.090089253512616],[105.42866706848145,-5.089234330855618],[105.42986869812012,-5.0909441750333855],[105.43124198913574,-5.089319823172431],[105.43278694152832,-5.089918269072129],[105.43149948120117,-5.091371635367622],[105.43235778808594,-5.0928249983784895],[105.43192863464355,-5.093508932776231],[105.43072700500488,-5.092910490218003],[105.42823791503906,-5.095902697437069],[105.4302978515625,-5.097783506271426],[105.42952537536621,-5.098894890721198],[105.43055534362793,-5.098039979776715],[105.43184280395508,-5.099322345766623],[105.43021202087402,-5.101117653849613],[105.43038368225098,-5.101972560695685],[105.42866706848145,-5.103511390148498],[105.42935371398926,-5.104109822827837],[105.42686462402344,-5.105648647153842],[105.42600631713867,-5.104366293805228],[105.42506217956543,-5.106161587775318],[105.42317390441895,-5.1075294274264],[105.42463302612305,-5.109923139792244],[105.42119979858398,-5.112316843215467]]]}},{"type":"Feature","id":"pmtiles:10/811/526:landuse:3954849080:73","properties":{"class":"residential","kind":"green","verification":"verified","source":"OpenMapTiles/OpenStreetMap national PMTiles","sourceId":"10/811/526:landuse:3954849080:73","sourceLayer":"landuse","archive":"https://its.hanifahseptiani45.workers.dev/v1/map/archive/indonesia.pmtiles","updatedAt":"2026-07-26T09:44:19.089Z"},"geometry":{"type":"Polygon","coordinates":[[[105.4354476928711,-5.127362773988622],[105.43656349182129,-5.1257385144228635],[105.43879508972168,-5.125140101962671],[105.43991088867188,-5.122404495007061],[105.44188499450684,-5.121806079424559],[105.44282913208008,-5.122319007100998],[105.44291496276855,-5.123772299948797],[105.44411659240723,-5.12283193436582],[105.44978141784668,-5.1224899829016834],[105.4519271850586,-5.123857787660455],[105.45166969299316,-5.124969126871079],[105.44857978820801,-5.125140101962671],[105.4478931427002,-5.1257385144228635],[105.44780731201172,-5.126849850361523],[105.44506072998047,-5.128388620006746],[105.44488906860352,-5.129927385943077],[105.44300079345703,-5.129756412133332],[105.44317245483398,-5.1308677410778785],[105.44076919555664,-5.13120968805606],[105.43999671936035,-5.1295854382778],[105.43622016906738,-5.128730568313159],[105.4354476928711,-5.127362773988622]]]}},{"type":"Feature","id":"pmtiles:10/811/526:landuse:3954849080:74","properties":{"class":"residential","kind":"green","verification":"verified","source":"OpenMapTiles/OpenStreetMap national PMTiles","sourceId":"10/811/526:landuse:3954849080:74","sourceLayer":"landuse","archive":"https://its.hanifahseptiani45.workers.dev/v1/map/archive/indonesia.pmtiles","updatedAt":"2026-07-26T09:44:19.089Z"},"geometry":{"type":"Polygon","coordinates":[[[105.45647621154785,-5.07632486074732],[105.45802116394043,-5.07410201198617],[105.45802116394043,-5.072563112204165],[105.4588794708252,-5.072477617664248],[105.45905113220215,-5.071366187614899],[105.46008110046387,-5.071537176977799],[105.46076774597168,-5.074358494926372],[105.46016693115234,-5.075127943135314],[105.46136856079102,-5.075811896328389],[105.46231269836426,-5.0780347391970935],[105.46128273010254,-5.078120233000561],[105.46016693115234,-5.0768378247582575],[105.45827865600586,-5.077863751556137],[105.45784950256348,-5.077521776138198],[105.45853614807129,-5.075982884513351],[105.45819282531738,-5.075640908098109],[105.45681953430176,-5.076666836799944],[105.45647621154785,-5.07632486074732]]]}},{"type":"Feature","id":"pmtiles:10/811/526:landuse:3954849080:75","properties":{"class":"residential","kind":"green","verification":"verified","source":"OpenMapTiles/OpenStreetMap national PMTiles","sourceId":"10/811/526:landuse:3954849080:75","sourceLayer":"landuse","archive":"https://its.hanifahseptiani45.workers.dev/v1/map/archive/indonesia.pmtiles","updatedAt":"2026-07-26T09:44:19.089Z"},"geometry":{"type":"Polygon","coordinates":[[[105.44883728027344,-5.076410354777465],[105.44909477233887,-5.07529893150155],[105.44737815856934,-5.075042448935179],[105.44548988342285,-5.075726402218905],[105.44514656066895,-5.074700472021405],[105.44600486755371,-5.074529483496548],[105.44591903686523,-5.073589045799878],[105.44857978820801,-5.07444398921713],[105.44952392578125,-5.07444398921713],[105.44995307922363,-5.073760034573951],[105.45072555541992,-5.074187506310892],[105.45021057128906,-5.074614977764639],[105.44986724853516,-5.076581342803777],[105.44883728027344,-5.076410354777465]]]}},{"type":"Feature","id":"pmtiles:10/811/526:landuse:3954849080:76","properties":{"class":"residential","kind":"green","verification":"verified","source":"OpenMapTiles/OpenStreetMap national PMTiles","sourceId":"10/811/526:landuse:3954849080:76","sourceLayer":"landuse","archive":"https://its.hanifahseptiani45.workers.dev/v1/map/archive/indonesia.pmtiles","updatedAt":"2026-07-26T09:44:19.089Z"},"geometry":{"type":"Polygon","coordinates":[[[105.45330047607422,-5.05743040243199],[105.45604705810547,-5.057515898961981],[105.45724868774414,-5.058285367223718],[105.46016693115234,-5.058114374355696],[105.4606819152832,-5.057002919612728],[105.46231269836426,-5.056917423015008],[105.46248435974121,-5.058114374355696],[105.46488761901855,-5.057173912774303],[105.46780586242676,-5.058370863640775],[105.46660423278809,-5.060166285790345],[105.4676342010498,-5.061106743023458],[105.46737670898438,-5.062731165933158],[105.4661750793457,-5.063842610836403],[105.46531677246094,-5.063415132253525],[105.46488761901855,-5.062047198889459],[105.46274185180664,-5.0609357509009385],[105.46274185180664,-5.059995293419263],[105.46171188354492,-5.059482316034973],[105.45553207397461,-5.060166285790345],[105.45570373535156,-5.062474678376532],[105.4533863067627,-5.062303686615607],[105.45312881469727,-5.061277735100788],[105.45450210571289,-5.059311323483186],[105.45269966125488,-5.058627352824232],[105.45330047607422,-5.05743040243199]]]}},{"type":"Feature","id":"pmtiles:10/811/526:landuse:3954849080:77","properties":{"class":"residential","kind":"green","verification":"verified","source":"OpenMapTiles/OpenStreetMap national PMTiles","sourceId":"10/811/526:landuse:3954849080:77","sourceLayer":"landuse","archive":"https://its.hanifahseptiani45.workers.dev/v1/map/archive/indonesia.pmtiles","updatedAt":"2026-07-26T09:44:19.089Z"},"geometry":{"type":"Polygon","coordinates":[[[105.42806625366211,-5.043237822101787],[105.42943954467773,-5.042126341856317],[105.43227195739746,-5.0422973389409975],[105.43390274047852,-5.043921808999414],[105.43750762939453,-5.045460776883942],[105.44282913208008,-5.048966190106455],[105.44557571411133,-5.049735668522047],[105.44609069824219,-5.051103627895003],[105.44720649719238,-5.049051687753291],[105.44943809509277,-5.051360119956058],[105.44909477233887,-5.0528135730515515],[105.45098304748535,-5.055292985513518],[105.44832229614258,-5.05623344982682],[105.4464340209961,-5.055292985513518],[105.44626235961914,-5.053412052790421],[105.44523239135742,-5.053583046900016],[105.44480323791504,-5.055207488690044],[105.44145584106445,-5.054523513695997],[105.4427433013916,-5.051702109212954],[105.44025421142578,-5.0505906434683965],[105.43845176696777,-5.052215092759937],[105.43699264526367,-5.0505906434683965],[105.43828010559082,-5.04913718538883],[105.4328727722168,-5.045802769251594],[105.42789459228516,-5.045033286170934],[105.42806625366211,-5.043237822101787]]]}},{"type":"Feature","id":"pmtiles:10/811/526:landuse:3954849080:78","properties":{"class":"residential","kind":"green","verification":"verified","source":"OpenMapTiles/OpenStreetMap national PMTiles","sourceId":"10/811/526:landuse:3954849080:78","sourceLayer":"landuse","archive":"https://its.hanifahseptiani45.workers.dev/v1/map/archive/indonesia.pmtiles","updatedAt":"2026-07-26T09:44:19.089Z"},"geometry":{"type":"Polygon","coordinates":[[[105.40841102600098,-5.0729050902506],[105.40901184082031,-5.073161573666525],[105.41055679321289,-5.072221133976541],[105.41184425354004,-5.072819595755988],[105.41167259216309,-5.073332562553858],[105.41338920593262,-5.074529483496548],[105.41296005249023,-5.077863751556137],[105.41364669799805,-5.078120233000561],[105.41321754455566,-5.0792316514140765],[105.4112434387207,-5.079830106689201],[105.41132926940918,-5.079317145058823],[105.41021347045898,-5.079060664090562],[105.40987014770508,-5.07948813231431],[105.4086685180664,-5.078804183020239],[105.40935516357422,-5.078376714342966],[105.40849685668945,-5.077008812671252],[105.40892601013184,-5.075127943135314],[105.40746688842773,-5.074273000624302],[105.40841102600098,-5.0729050902506]]]}},{"type":"Feature","id":"pmtiles:10/811/526:landuse:3954849080:79","properties":{"class":"residential","kind":"green","verification":"verified","source":"OpenMapTiles/OpenStreetMap national PMTiles","sourceId":"10/811/526:landuse:3954849080:79","sourceLayer":"landuse","archive":"https://its.hanifahseptiani45.workers.dev/v1/map/archive/indonesia.pmtiles","updatedAt":"2026-07-26T09:44:19.089Z"},"geometry":{"type":"Polygon","coordinates":[[[105.39347648620605,-5.08666955606887],[105.39433479309082,-5.086926034007504],[105.39416313171387,-5.0875244821335315],[105.39545059204102,-5.087695467210196],[105.39536476135254,-5.088464899492934],[105.39433479309082,-5.0891488385274215],[105.39450645446777,-5.089747284586153],[105.39682388305664,-5.089747284586153],[105.3969955444336,-5.090174745715828],[105.39922714233398,-5.089832776834825],[105.39905548095703,-5.088806869101063],[105.3999137878418,-5.088464899492934],[105.40068626403809,-5.090431222257294],[105.39922714233398,-5.091286143323501],[105.39648056030273,-5.091799095417699],[105.39656639099121,-5.092739506527607],[105.39605140686035,-5.092995982046148],[105.39742469787598,-5.094534833008353],[105.39648056030273,-5.095475240115874],[105.39510726928711,-5.094705816221179],[105.39467811584473,-5.092910490218003],[105.39278984069824,-5.092739506527607],[105.39313316345215,-5.091029667122953],[105.39210319519043,-5.09162811143176],[105.391845703125,-5.091115159201166],[105.3921890258789,-5.091029667122953],[105.39167404174805,-5.088635884319714],[105.39321899414062,-5.088806869101063],[105.3933048248291,-5.088037437227229],[105.39270401000977,-5.087951944740013],[105.39347648620605,-5.08666955606887]]]}},{"type":"Feature","id":"pmtiles:10/811/526:landuse:3954849080:80","properties":{"class":"residential","kind":"green","verification":"verified","source":"OpenMapTiles/OpenStreetMap national PMTiles","sourceId":"10/811/526:landuse:3954849080:80","sourceLayer":"landuse","archive":"https://its.hanifahseptiani45.workers.dev/v1/map/archive/indonesia.pmtiles","updatedAt":"2026-07-26T09:44:19.089Z"},"geometry":{"type":"Polygon","coordinates":[[[105.38515090942383,-5.07991560025458],[105.38266181945801,-5.079659119524436],[105.3819751739502,-5.080172080882662],[105.38171768188477,-5.082138428973394],[105.380859375,-5.081198002374279],[105.37931442260742,-5.0812834957582],[105.3782844543457,-5.080514054894664],[105.37897109985352,-5.07948813231431],[105.3837776184082,-5.077778257718663],[105.38540840148926,-5.078889676721687],[105.38935661315918,-5.080001093808619],[105.38935661315918,-5.08094152215449],[105.38712501525879,-5.081112508979018],[105.38703918457031,-5.082651388357959],[105.38540840148926,-5.084788714729882],[105.38403511047363,-5.085472657670735],[105.38326263427734,-5.0845322359397755],[105.38266181945801,-5.085472657670735],[105.38171768188477,-5.084275757047507],[105.38240432739258,-5.082223922232515],[105.38352012634277,-5.080856028725222],[105.3848934173584,-5.080856028725222],[105.38515090942383,-5.07991560025458]]]}},{"type":"Feature","id":"pmtiles:10/811/526:landuse:3954849080:81","properties":{"class":"residential","kind":"green","verification":"verified","source":"OpenMapTiles/OpenStreetMap national PMTiles","sourceId":"10/811/526:landuse:3954849080:81","sourceLayer":"landuse","archive":"https://its.hanifahseptiani45.workers.dev/v1/map/archive/indonesia.pmtiles","updatedAt":"2026-07-26T09:44:19.089Z"},"geometry":{"type":"Polygon","coordinates":[[[105.33820152282715,-5.080001093808619],[105.33682823181152,-5.080770535284586],[105.33588409423828,-5.082993361054079],[105.33785820007324,-5.082394908716722],[105.34103393554688,-5.08384829200007],[105.34214973449707,-5.084788714729882],[105.3412914276123,-5.086840541372652],[105.33777236938477,-5.088464899492934],[105.33554077148438,-5.088635884319714],[105.33270835876465,-5.087780959731489],[105.33227920532227,-5.087011526631002],[105.33082008361816,-5.087438989578175],[105.32970428466797,-5.086584063399954],[105.32979011535645,-5.0845322359397755],[105.32918930053711,-5.082907867897077],[105.33056259155273,-5.080428561408681],[105.3314208984375,-5.080172080882662],[105.3303050994873,-5.078462208101101],[105.33047676086426,-5.076923318720418],[105.33167839050293,-5.076410354777465],[105.33322334289551,-5.0768378247582575],[105.3339958190918,-5.078547701847896],[105.33485412597656,-5.075726402218905],[105.33794403076172,-5.073589045799878],[105.33931732177734,-5.07410201198617],[105.33957481384277,-5.075897390426547],[105.34103393554688,-5.075897390426547],[105.34086227416992,-5.076923318720418],[105.34335136413574,-5.076923318720418],[105.34403800964355,-5.077863751556137],[105.34403800964355,-5.079402638692244],[105.34257888793945,-5.080514054894664],[105.34086227416992,-5.080770535284586],[105.34026145935059,-5.080001093808619],[105.33820152282715,-5.080001093808619]]]}},{"type":"Feature","id":"pmtiles:10/811/526:landuse:3954849080:82","properties":{"class":"residential","kind":"green","verification":"verified","source":"OpenMapTiles/OpenStreetMap national PMTiles","sourceId":"10/811/526:landuse:3954849080:82","sourceLayer":"landuse","archive":"https://its.hanifahseptiani45.workers.dev/v1/map/archive/indonesia.pmtiles","updatedAt":"2026-07-26T09:44:19.089Z"},"geometry":{"type":"Polygon","coordinates":[[[105.31828880310059,-5.089063346187871],[105.31691551208496,-5.08872137671608],[105.31674385070801,-5.08812292970309],[105.31828880310059,-5.0860711071479585],[105.31803131103516,-5.085558150487259],[105.31468391418457,-5.085729136086229],[105.3160572052002,-5.083249840457029],[105.32197952270508,-5.082565895155554],[105.32283782958984,-5.081625469180395],[105.32412528991699,-5.0817964558234365],[105.32644271850586,-5.081027015572431],[105.32773017883301,-5.081625469180395],[105.32798767089844,-5.083506319757845],[105.32584190368652,-5.085130686291123],[105.32378196716309,-5.084959700533204],[105.32215118408203,-5.085814628868704],[105.32052040100098,-5.087951944740013],[105.31828880310059,-5.089063346187871]]]}},{"type":"Feature","id":"pmtiles:10/811/526:landuse:3954849080:83","properties":{"class":"residential","kind":"green","verification":"verified","source":"OpenMapTiles/OpenStreetMap national PMTiles","sourceId":"10/811/526:landuse:3954849080:83","sourceLayer":"landuse","archive":"https://its.hanifahseptiani45.workers.dev/v1/map/archive/indonesia.pmtiles","updatedAt":"2026-07-26T09:44:19.089Z"},"geometry":{"type":"Polygon","coordinates":[[[105.2995777130127,-5.0528135730515515],[105.30120849609375,-5.051274622613647],[105.30472755432129,-5.052215092759937],[105.30412673950195,-5.0547800044033835],[105.30052185058594,-5.057259409338158],[105.30009269714355,-5.058627352824232],[105.30077934265137,-5.059738804777965],[105.30198097229004,-5.059824301003019],[105.30550003051758,-5.058028877904761],[105.30592918395996,-5.058712849196127],[105.30215263366699,-5.061106743023458],[105.2955436706543,-5.061021246967854],[105.29520034790039,-5.060593766520313],[105.29580116271973,-5.058199870795363],[105.29631614685059,-5.058199870795363],[105.29648780822754,-5.057088416199164],[105.29537200927734,-5.056489939857059],[105.29494285583496,-5.0553784823257075],[105.29537200927734,-5.054267022887032],[105.29768943786621,-5.052215092759937],[105.2995777130127,-5.0528135730515515]]]}},{"type":"Feature","id":"pmtiles:10/811/526:landuse:3954849080:84","properties":{"class":"residential","kind":"green","verification":"verified","source":"OpenMapTiles/OpenStreetMap national PMTiles","sourceId":"10/811/526:landuse:3954849080:84","sourceLayer":"landuse","archive":"https://its.hanifahseptiani45.workers.dev/v1/map/archive/indonesia.pmtiles","updatedAt":"2026-07-26T09:44:19.089Z"},"geometry":{"type":"Polygon","coordinates":[[[105.29417037963867,-5.0407583635580835],[105.2940845489502,-5.0384498936474955],[105.29657363891602,-5.038278895550079],[105.29829025268555,-5.039048386634079],[105.29897689819336,-5.040929361002924],[105.30009269714355,-5.040587366068223],[105.30035018920898,-5.041784347551882],[105.29983520507812,-5.041955344726603],[105.30009269714355,-5.0430668252647735],[105.2995777130127,-5.043323320503404],[105.2999210357666,-5.045973765367833],[105.29923439025879,-5.046828745273089],[105.29717445373535,-5.046914243201641],[105.29623031616211,-5.045888267315348],[105.29648780822754,-5.043921808999414],[105.29537200927734,-5.043579815640669],[105.29511451721191,-5.0413568544180976],[105.29417037963867,-5.0407583635580835]]]}},{"type":"Feature","id":"pmtiles:10/811/526:landuse:3954849080:85","properties":{"class":"residential","kind":"green","verification":"verified","source":"OpenMapTiles/OpenStreetMap national PMTiles","sourceId":"10/811/526:landuse:3954849080:85","sourceLayer":"landuse","archive":"https://its.hanifahseptiani45.workers.dev/v1/map/archive/indonesia.pmtiles","updatedAt":"2026-07-26T09:44:19.089Z"},"geometry":{"type":"Polygon","coordinates":[[[105.33313751220703,-4.949182804289293],[105.33262252807617,-4.948071164542242],[105.33159255981445,-4.947985653715122],[105.33082008361816,-4.943453564071959],[105.33185005187988,-4.943453564071959],[105.33116340637207,-4.943026006844221],[105.3314208984375,-4.942512937806683],[105.33236503601074,-4.943368052648495],[105.33330917358398,-4.943111518311852],[105.33442497253418,-4.9461044127235425],[105.33451080322266,-4.948840761489095],[105.33313751220703,-4.949182804289293]]]}},{"type":"Feature","id":"pmtiles:10/811/526:transportation:5747593492:0","properties":{"class":"primary_construction","highway":"primary_construction","kind":"road","verification":"verified","source":"OpenMapTiles/OpenStreetMap national PMTiles","sourceId":"10/811/526:transportation:5747593492:0","sourceLayer":"transportation","archive":"https://its.hanifahseptiani45.workers.dev/v1/map/archive/indonesia.pmtiles","updatedAt":"2026-07-26T09:44:19.089Z"},"geometry":{"type":"LineString","coordinates":[[105.1937484741211,-4.983642708028711],[105.19392013549805,-4.981334036331845],[105.19529342651367,-4.979794917362511],[105.19881248474121,-4.977144204026672],[105.19906997680664,-4.975434060722648]]}},{"type":"Feature","id":"pmtiles:10/811/526:transportation:3933396950:0","properties":{"class":"primary","ramp":1,"highway":"primary","kind":"road","verification":"verified","source":"OpenMapTiles/OpenStreetMap national PMTiles","sourceId":"10/811/526:transportation:3933396950:0","sourceLayer":"transportation","archive":"https://its.hanifahseptiani45.workers.dev/v1/map/archive/indonesia.pmtiles","updatedAt":"2026-07-26T09:44:19.089Z"},"geometry":{"type":"LineString","coordinates":[[105.28429985046387,-5.084361250022951],[105.28438568115234,-5.084361250022951]]}},{"type":"Feature","id":"pmtiles:10/811/526:transportation:3933396950:1","properties":{"class":"primary","ramp":1,"highway":"primary","kind":"road","verification":"verified","source":"OpenMapTiles/OpenStreetMap national PMTiles","sourceId":"10/811/526:transportation:3933396950:1","sourceLayer":"transportation","archive":"https://its.hanifahseptiani45.workers.dev/v1/map/archive/indonesia.pmtiles","updatedAt":"2026-07-26T09:44:19.089Z"},"geometry":{"type":"LineString","coordinates":[[105.28421401977539,-5.082822374728721],[105.28429985046387,-5.082822374728721]]}},{"type":"Feature","id":"pmtiles:10/811/526:transportation:3933396950:2","properties":{"class":"primary","ramp":1,"highway":"primary","kind":"road","verification":"verified","source":"OpenMapTiles/OpenStreetMap national PMTiles","sourceId":"10/811/526:transportation:3933396950:2","sourceLayer":"transportation","archive":"https://its.hanifahseptiani45.workers.dev/v1/map/archive/indonesia.pmtiles","updatedAt":"2026-07-26T09:44:19.089Z"},"geometry":{"type":"LineString","coordinates":[[105.30961990356445,-5.116334825274947],[105.3097915649414,-5.116163847828744]]}},{"type":"Feature","id":"pmtiles:10/811/526:transportation:3935594060:0","properties":{"class":"trunk","ramp":1,"highway":"trunk","kind":"road","verification":"verified","source":"OpenMapTiles/OpenStreetMap national PMTiles","sourceId":"10/811/526:transportation:3935594060:0","sourceLayer":"transportation","archive":"https://its.hanifahseptiani45.workers.dev/v1/map/archive/indonesia.pmtiles","updatedAt":"2026-07-26T09:44:19.089Z"},"geometry":{"type":"LineString","coordinates":[[105.17289161682129,-5.231563155376335],[105.17280578613281,-5.231563155376335]]}},{"type":"Feature","id":"pmtiles:10/811/526:transportation:3935594060:1","properties":{"class":"trunk","ramp":1,"highway":"trunk","kind":"road","verification":"verified","source":"OpenMapTiles/OpenStreetMap national PMTiles","sourceId":"10/811/526:transportation:3935594060:1","sourceLayer":"transportation","archive":"https://its.hanifahseptiani45.workers.dev/v1/map/archive/indonesia.pmtiles","updatedAt":"2026-07-26T09:44:19.089Z"},"geometry":{"type":"LineString","coordinates":[[105.17306327819824,-5.230622950072046],[105.17297744750977,-5.230537476792534]]}},{"type":"Feature","id":"pmtiles:10/811/526:transportation:3935594060:2","properties":{"class":"trunk","ramp":1,"highway":"trunk","kind":"road","verification":"verified","source":"OpenMapTiles/OpenStreetMap national PMTiles","sourceId":"10/811/526:transportation:3935594060:2","sourceLayer":"transportation","archive":"https://its.hanifahseptiani45.workers.dev/v1/map/archive/indonesia.pmtiles","updatedAt":"2026-07-26T09:44:19.089Z"},"geometry":{"type":"LineString","coordinates":[[105.17271995544434,-5.2336999803592335],[105.17280578613281,-5.2336999803592335]]}},{"type":"Feature","id":"pmtiles:10/811/526:transportation:3935594060:3","properties":{"class":"trunk","ramp":1,"highway":"trunk","kind":"road","verification":"verified","source":"OpenMapTiles/OpenStreetMap national PMTiles","sourceId":"10/811/526:transportation:3935594060:3","sourceLayer":"transportation","archive":"https://its.hanifahseptiani45.workers.dev/v1/map/archive/indonesia.pmtiles","updatedAt":"2026-07-26T09:44:19.089Z"},"geometry":{"type":"LineString","coordinates":[[105.17271995544434,-5.238571914020156],[105.17280578613281,-5.238571914020156]]}},{"type":"Feature","id":"pmtiles:10/811/526:transportation:3935594060:4","properties":{"class":"trunk","ramp":1,"highway":"trunk","kind":"road","verification":"verified","source":"OpenMapTiles/OpenStreetMap national PMTiles","sourceId":"10/811/526:transportation:3935594060:4","sourceLayer":"transportation","archive":"https://its.hanifahseptiani45.workers.dev/v1/map/archive/indonesia.pmtiles","updatedAt":"2026-07-26T09:44:19.089Z"},"geometry":{"type":"LineString","coordinates":[[105.1735782623291,-5.240623243147894],[105.17366409301758,-5.240537771235381]]}},{"type":"Feature","id":"pmtiles:10/811/526:transportation:3935594060:5","properties":{"class":"trunk","ramp":1,"highway":"trunk","kind":"road","verification":"verified","source":"OpenMapTiles/OpenStreetMap national PMTiles","sourceId":"10/811/526:transportation:3935594060:5","sourceLayer":"transportation","archive":"https://its.hanifahseptiani45.workers.dev/v1/map/archive/indonesia.pmtiles","updatedAt":"2026-07-26T09:44:19.089Z"},"geometry":{"type":"LineString","coordinates":[[105.1735782623291,-5.240366827375269],[105.17349243164062,-5.240452299311173]]}},{"type":"Feature","id":"pmtiles:10/811/526:transportation:3935594060:6","properties":{"class":"trunk","ramp":1,"highway":"trunk","kind":"road","verification":"verified","source":"OpenMapTiles/OpenStreetMap national PMTiles","sourceId":"10/811/526:transportation:3935594060:6","sourceLayer":"transportation","archive":"https://its.hanifahseptiani45.workers.dev/v1/map/archive/indonesia.pmtiles","updatedAt":"2026-07-26T09:44:19.089Z"},"geometry":{"type":"LineString","coordinates":[[105.17778396606445,-5.2455805940576425],[105.17786979675293,-5.245495122823755]]}},{"type":"Feature","id":"pmtiles:10/811/526:transportation:3935594060:7","properties":{"class":"trunk","ramp":1,"highway":"trunk","kind":"road","verification":"verified","source":"OpenMapTiles/OpenStreetMap national PMTiles","sourceId":"10/811/526:transportation:3935594060:7","sourceLayer":"transportation","archive":"https://its.hanifahseptiani45.workers.dev/v1/map/archive/indonesia.pmtiles","updatedAt":"2026-07-26T09:44:19.089Z"},"geometry":{"type":"LineString","coordinates":[[105.18490791320801,-5.263016480735999],[105.18499374389648,-5.263016480735999]]}},{"type":"Feature","id":"pmtiles:10/811/526:transportation:3935594060:8","properties":{"class":"trunk","ramp":1,"highway":"trunk","kind":"road","verification":"verified","source":"OpenMapTiles/OpenStreetMap national PMTiles","sourceId":"10/811/526:transportation:3935594060:8","sourceLayer":"transportation","archive":"https://its.hanifahseptiani45.workers.dev/v1/map/archive/indonesia.pmtiles","updatedAt":"2026-07-26T09:44:19.089Z"},"geometry":{"type":"LineString","coordinates":[[105.1856803894043,-5.2654096035429205],[105.18576622009277,-5.2654096035429205]]}},{"type":"Feature","id":"pmtiles:10/811/526:transportation:3935594060:9","properties":{"class":"trunk","ramp":1,"highway":"trunk","kind":"road","verification":"verified","source":"OpenMapTiles/OpenStreetMap national PMTiles","sourceId":"10/811/526:transportation:3935594060:9","sourceLayer":"transportation","archive":"https://its.hanifahseptiani45.workers.dev/v1/map/archive/indonesia.pmtiles","updatedAt":"2026-07-26T09:44:19.089Z"},"geometry":{"type":"LineString","coordinates":[[105.27597427368164,-5.142237379781676],[105.27597427368164,-5.14215189453337]]}},{"type":"Feature","id":"pmtiles:10/811/526:transportation:3935594060:10","properties":{"class":"trunk","ramp":1,"highway":"trunk","kind":"road","verification":"verified","source":"OpenMapTiles/OpenStreetMap national PMTiles","sourceId":"10/811/526:transportation:3935594060:10","sourceLayer":"transportation","archive":"https://its.hanifahseptiani45.workers.dev/v1/map/archive/indonesia.pmtiles","updatedAt":"2026-07-26T09:44:19.089Z"},"geometry":{"type":"LineString","coordinates":[[105.28841972351074,-5.123259373438714],[105.28850555419922,-5.123344861218982]]}},{"type":"Feature","id":"pmtiles:10/811/526:transportation:3935594060:11","properties":{"class":"trunk","ramp":1,"highway":"trunk","kind":"road","verification":"verified","source":"OpenMapTiles/OpenStreetMap national PMTiles","sourceId":"10/811/526:transportation:3935594060:11","sourceLayer":"transportation","archive":"https://its.hanifahseptiani45.workers.dev/v1/map/archive/indonesia.pmtiles","updatedAt":"2026-07-26T09:44:19.089Z"},"geometry":{"type":"LineString","coordinates":[[105.2885913848877,-5.123173885647006],[105.28850555419922,-5.123173885647006]]}},{"type":"Feature","id":"pmtiles:10/811/526:transportation:3935594060:12","properties":{"class":"trunk","ramp":1,"highway":"trunk","kind":"road","verification":"verified","source":"OpenMapTiles/OpenStreetMap national PMTiles","sourceId":"10/811/526:transportation:3935594060:12","sourceLayer":"transportation","archive":"https://its.hanifahseptiani45.workers.dev/v1/map/archive/indonesia.pmtiles","updatedAt":"2026-07-26T09:44:19.089Z"},"geometry":{"type":"LineString","coordinates":[[105.2885913848877,-5.1229174222032725],[105.28867721557617,-5.1229174222032725]]}},{"type":"Feature","id":"pmtiles:10/811/526:transportation:3935594060:13","properties":{"class":"trunk","ramp":1,"highway":"trunk","kind":"road","verification":"verified","source":"OpenMapTiles/OpenStreetMap national PMTiles","sourceId":"10/811/526:transportation:3935594060:13","sourceLayer":"transportation","archive":"https://its.hanifahseptiani45.workers.dev/v1/map/archive/indonesia.pmtiles","updatedAt":"2026-07-26T09:44:19.089Z"},"geometry":{"type":"LineString","coordinates":[[105.30035018920898,-5.114112114911791],[105.30035018920898,-5.114197603914633]]}},{"type":"Feature","id":"pmtiles:10/811/526:transportation:3935594060:14","properties":{"class":"trunk","ramp":1,"highway":"trunk","kind":"road","verification":"verified","source":"OpenMapTiles/OpenStreetMap national PMTiles","sourceId":"10/811/526:transportation:3935594060:14","sourceLayer":"transportation","archive":"https://its.hanifahseptiani45.workers.dev/v1/map/archive/indonesia.pmtiles","updatedAt":"2026-07-26T09:44:19.089Z"},"geometry":{"type":"LineString","coordinates":[[105.3028392791748,-5.114112114911791],[105.3028392791748,-5.114197603914633]]}},{"type":"Feature","id":"pmtiles:10/811/526:transportation:3935594060:15","properties":{"class":"trunk","ramp":1,"highway":"trunk","kind":"road","verification":"verified","source":"OpenMapTiles/OpenStreetMap national PMTiles","sourceId":"10/811/526:transportation:3935594060:15","sourceLayer":"transportation","archive":"https://its.hanifahseptiani45.workers.dev/v1/map/archive/indonesia.pmtiles","updatedAt":"2026-07-26T09:44:19.089Z"},"geometry":{"type":"LineString","coordinates":[[105.30189514160156,-5.114197603914633],[105.30189514160156,-5.114112114911791]]}},{"type":"Feature","id":"pmtiles:10/811/526:transportation:3935594060:16","properties":{"class":"trunk","ramp":1,"highway":"trunk","kind":"road","verification":"verified","source":"OpenMapTiles/OpenStreetMap national PMTiles","sourceId":"10/811/526:transportation:3935594060:16","sourceLayer":"transportation","archive":"https://its.hanifahseptiani45.workers.dev/v1/map/archive/indonesia.pmtiles","updatedAt":"2026-07-26T09:44:19.089Z"},"geometry":{"type":"LineString","coordinates":[[105.29459953308105,-5.120267293925963],[105.29459953308105,-5.12018180573412]]}},{"type":"Feature","id":"pmtiles:10/811/526:transportation:3935594060:17","properties":{"class":"trunk","ramp":1,"highway":"trunk","kind":"road","verification":"verified","source":"OpenMapTiles/OpenStreetMap national PMTiles","sourceId":"10/811/526:transportation:3935594060:17","sourceLayer":"transportation","archive":"https://its.hanifahseptiani45.workers.dev/v1/map/archive/indonesia.pmtiles","updatedAt":"2026-07-26T09:44:19.089Z"},"geometry":{"type":"LineString","coordinates":[[105.30901908874512,-5.113855647834782],[105.30927658081055,-5.114197603914633],[105.30901908874512,-5.114454070854649]]}},{"type":"Feature","id":"pmtiles:10/811/526:transportation:5747651550:0","properties":{"class":"motorway","toll":1,"ramp":1,"highway":"motorway","kind":"road","verification":"verified","source":"OpenMapTiles/OpenStreetMap national PMTiles","sourceId":"10/811/526:transportation:5747651550:0","sourceLayer":"transportation","archive":"https://its.hanifahseptiani45.workers.dev/v1/map/archive/indonesia.pmtiles","updatedAt":"2026-07-26T09:44:19.089Z"},"geometry":{"type":"LineString","coordinates":[[105.21615028381348,-4.9592729872962735],[105.2164077758789,-4.959358496663327]]}},{"type":"Feature","id":"pmtiles:10/811/526:transportation:5747651550:1","properties":{"class":"motorway","toll":1,"ramp":1,"highway":"motorway","kind":"road","verification":"verified","source":"OpenMapTiles/OpenStreetMap national PMTiles","sourceId":"10/811/526:transportation:5747651550:1","sourceLayer":"transportation","archive":"https://its.hanifahseptiani45.workers.dev/v1/map/archive/indonesia.pmtiles","updatedAt":"2026-07-26T09:44:19.089Z"},"geometry":{"type":"LineString","coordinates":[[105.21615028381348,-4.959358496663327],[105.22602081298828,-4.959016459128705],[105.2273941040039,-4.958930949717356],[105.22919654846191,-4.9591874779181495],[105.22953987121582,-4.959786043332443],[105.22842407226562,-4.961154190812962],[105.2281665802002,-4.962607844403692]]}},{"type":"Feature","id":"pmtiles:10/811/526:transportation:5747651550:2","properties":{"class":"motorway","toll":1,"ramp":1,"highway":"motorway","kind":"road","verification":"verified","source":"OpenMapTiles/OpenStreetMap national PMTiles","sourceId":"10/811/526:transportation:5747651550:2","sourceLayer":"transportation","archive":"https://its.hanifahseptiani45.workers.dev/v1/map/archive/indonesia.pmtiles","updatedAt":"2026-07-26T09:44:19.089Z"},"geometry":{"type":"LineString","coordinates":[[105.21649360656738,-4.959529515364181],[105.21623611450195,-4.95961502469801]]}},{"type":"Feature","id":"pmtiles:10/811/526:transportation:5747651550:3","properties":{"class":"motorway","toll":1,"ramp":1,"highway":"motorway","kind":"road","verification":"verified","source":"OpenMapTiles/OpenStreetMap national PMTiles","sourceId":"10/811/526:transportation:5747651550:3","sourceLayer":"transportation","archive":"https://its.hanifahseptiani45.workers.dev/v1/map/archive/indonesia.pmtiles","updatedAt":"2026-07-26T09:44:19.089Z"},"geometry":{"type":"LineString","coordinates":[[105.22602081298828,-4.959016459128705],[105.22756576538086,-4.958674421416902],[105.22790908813477,-4.956707701136551]]}},{"type":"Feature","id":"pmtiles:10/811/526:transportation:5747651550:4","properties":{"class":"motorway","toll":1,"ramp":1,"highway":"motorway","kind":"road","verification":"verified","source":"OpenMapTiles/OpenStreetMap national PMTiles","sourceId":"10/811/526:transportation:5747651550:4","sourceLayer":"transportation","archive":"https://its.hanifahseptiani45.workers.dev/v1/map/archive/indonesia.pmtiles","updatedAt":"2026-07-26T09:44:19.089Z"},"geometry":{"type":"LineString","coordinates":[[105.22799491882324,-4.956707701136551],[105.22833824157715,-4.960042571201015],[105.22902488708496,-4.960299098969912],[105.22936820983887,-4.959957061922566],[105.22936820983887,-4.959444006019282],[105.22842407226562,-4.959016459128705],[105.22602081298828,-4.9591874779181495]]}},{"type":"Feature","id":"pmtiles:10/811/526:transportation:5747651550:5","properties":{"class":"motorway","toll":1,"ramp":1,"highway":"motorway","kind":"road","verification":"verified","source":"OpenMapTiles/OpenStreetMap national PMTiles","sourceId":"10/811/526:transportation:5747651550:5","sourceLayer":"transportation","archive":"https://its.hanifahseptiani45.workers.dev/v1/map/archive/indonesia.pmtiles","updatedAt":"2026-07-26T09:44:19.089Z"},"geometry":{"type":"LineString","coordinates":[[105.22799491882324,-4.961923772524557],[105.22765159606934,-4.959444006019282],[105.22722244262695,-4.9591874779181495],[105.22602081298828,-4.9591874779181495],[105.21623611450195,-4.959529515364181]]}},{"type":"Feature","id":"pmtiles:10/811/526:transportation:5747651550:6","properties":{"class":"motorway","toll":1,"ramp":1,"highway":"motorway","kind":"road","verification":"verified","source":"OpenMapTiles/OpenStreetMap national PMTiles","sourceId":"10/811/526:transportation:5747651550:6","sourceLayer":"transportation","archive":"https://its.hanifahseptiani45.workers.dev/v1/map/archive/indonesia.pmtiles","updatedAt":"2026-07-26T09:44:19.089Z"},"geometry":{"type":"LineString","coordinates":[[105.21220207214355,-5.088806869101063],[105.2131462097168,-5.085729136086229]]}},{"type":"Feature","id":"pmtiles:10/811/526:transportation:5747651550:7","properties":{"class":"motorway","toll":1,"ramp":1,"highway":"motorway","kind":"road","verification":"verified","source":"OpenMapTiles/OpenStreetMap national PMTiles","sourceId":"10/811/526:transportation:5747651550:7","sourceLayer":"transportation","archive":"https://its.hanifahseptiani45.workers.dev/v1/map/archive/indonesia.pmtiles","updatedAt":"2026-07-26T09:44:19.089Z"},"geometry":{"type":"LineString","coordinates":[[105.21331787109375,-5.084874207637213],[105.21297454833984,-5.088037437227229]]}},{"type":"Feature","id":"pmtiles:10/811/526:transportation:5747651550:8","properties":{"class":"motorway","toll":1,"ramp":1,"highway":"motorway","kind":"road","verification":"verified","source":"OpenMapTiles/OpenStreetMap national PMTiles","sourceId":"10/811/526:transportation:5747651550:8","sourceLayer":"transportation","archive":"https://its.hanifahseptiani45.workers.dev/v1/map/archive/indonesia.pmtiles","updatedAt":"2026-07-26T09:44:19.089Z"},"geometry":{"type":"LineString","coordinates":[[105.20190238952637,-5.158393885417624],[105.20353317260742,-5.158051953045899],[105.20439147949219,-5.156598738411162],[105.2054214477539,-5.15574390471923],[105.20567893981934,-5.154889069876546],[105.20567893981934,-5.15215359064905]]}},{"type":"Feature","id":"pmtiles:10/811/526:transportation:5747651550:9","properties":{"class":"motorway","toll":1,"ramp":1,"highway":"motorway","kind":"road","verification":"verified","source":"OpenMapTiles/OpenStreetMap national PMTiles","sourceId":"10/811/526:transportation:5747651550:9","sourceLayer":"transportation","archive":"https://its.hanifahseptiani45.workers.dev/v1/map/archive/indonesia.pmtiles","updatedAt":"2026-07-26T09:44:19.089Z"},"geometry":{"type":"LineString","coordinates":[[105.18035888671875,-5.158137436156096],[105.18465042114258,-5.158821300623245],[105.20670890808105,-5.158308402341959],[105.20756721496582,-5.1584793684817924],[105.20808219909668,-5.159163232580482],[105.20808219909668,-5.15967613017088],[105.2076530456543,-5.160359992979821]]}},{"type":"Feature","id":"pmtiles:10/811/526:transportation:5747651550:10","properties":{"class":"motorway","toll":1,"ramp":1,"highway":"motorway","kind":"road","verification":"verified","source":"OpenMapTiles/OpenStreetMap national PMTiles","sourceId":"10/811/526:transportation:5747651550:10","sourceLayer":"transportation","archive":"https://its.hanifahseptiani45.workers.dev/v1/map/archive/indonesia.pmtiles","updatedAt":"2026-07-26T09:44:19.089Z"},"geometry":{"type":"LineString","coordinates":[[105.21821022033691,-5.172669397396547],[105.21803855895996,-5.171387178929876],[105.21829605102539,-5.170446883737085],[105.22095680236816,-5.167540507950534],[105.2212142944336,-5.166771170951435],[105.2212142944336,-5.165916350968033],[105.22069931030273,-5.164890565465996],[105.21434783935547,-5.158821300623245],[105.21297454833984,-5.158308402341959],[105.20576477050781,-5.158222919254797],[105.20482063293457,-5.158051953045899],[105.20439147949219,-5.1574535709521285],[105.20439147949219,-5.156855188294301],[105.20482063293457,-5.156256805072488]]}},{"type":"Feature","id":"pmtiles:10/811/526:transportation:5747651550:11","properties":{"class":"motorway","toll":1,"ramp":1,"highway":"motorway","kind":"road","verification":"verified","source":"OpenMapTiles/OpenStreetMap national PMTiles","sourceId":"10/811/526:transportation:5747651550:11","sourceLayer":"transportation","archive":"https://its.hanifahseptiani45.workers.dev/v1/map/archive/indonesia.pmtiles","updatedAt":"2026-07-26T09:44:19.089Z"},"geometry":{"type":"LineString","coordinates":[[105.20662307739258,-5.1645486365964075],[105.20610809326172,-5.160445475779113],[105.20576477050781,-5.156769705011428],[105.20533561706543,-5.1564277717648395],[105.20482063293457,-5.1564277717648395],[105.20439147949219,-5.1571116380738715],[105.20456314086914,-5.1576245373222065],[105.205078125,-5.158051953045899],[105.21297454833984,-5.158222919254797],[105.21434783935547,-5.158735817605148],[105.22069931030273,-5.164805083265875],[105.22130012512207,-5.165916350968033],[105.22130012512207,-5.166771170951435],[105.22095680236816,-5.167625989781655],[105.21838188171387,-5.170446883737085],[105.21812438964844,-5.171387178929876],[105.21829605102539,-5.172669397396547]]}},{"type":"Feature","id":"pmtiles:10/811/526:transportation:5747651550:12","properties":{"class":"motorway","toll":1,"ramp":1,"highway":"motorway","kind":"road","verification":"verified","source":"OpenMapTiles/OpenStreetMap national PMTiles","sourceId":"10/811/526:transportation:5747651550:12","sourceLayer":"transportation","archive":"https://its.hanifahseptiani45.workers.dev/v1/map/archive/indonesia.pmtiles","updatedAt":"2026-07-26T09:44:19.089Z"},"geometry":{"type":"LineString","coordinates":[[105.20610809326172,-5.160445475779113],[105.20576477050781,-5.159248715540997],[105.20516395568848,-5.158735817605148],[105.20198822021484,-5.1584793684817924]]}},{"type":"Feature","id":"pmtiles:10/811/526:transportation:5747651550:13","properties":{"class":"motorway","toll":1,"ramp":1,"highway":"motorway","kind":"road","verification":"verified","source":"OpenMapTiles/OpenStreetMap national PMTiles","sourceId":"10/811/526:transportation:5747651550:13","sourceLayer":"transportation","archive":"https://its.hanifahseptiani45.workers.dev/v1/map/archive/indonesia.pmtiles","updatedAt":"2026-07-26T09:44:19.089Z"},"geometry":{"type":"LineString","coordinates":[[105.21082878112793,-5.158222919254797],[105.20902633666992,-5.1584793684817924],[105.20816802978516,-5.159932578810611],[105.20705223083496,-5.160872889602786],[105.20679473876953,-5.161727716386196],[105.20679473876953,-5.1645486365964075]]}},{"type":"Feature","id":"pmtiles:10/811/526:transportation:5747651550:14","properties":{"class":"motorway","toll":1,"ramp":1,"highway":"motorway","kind":"road","verification":"verified","source":"OpenMapTiles/OpenStreetMap national PMTiles","sourceId":"10/811/526:transportation:5747651550:14","sourceLayer":"transportation","archive":"https://its.hanifahseptiani45.workers.dev/v1/map/archive/indonesia.pmtiles","updatedAt":"2026-07-26T09:44:19.089Z"},"geometry":{"type":"LineString","coordinates":[[105.20636558532715,-5.156171321709039],[105.20662307739258,-5.157282604536022],[105.20713806152344,-5.157795503646213],[105.20979881286621,-5.158137436156096]]}},{"type":"Feature","id":"pmtiles:10/811/526:transportation:5747651550:15","properties":{"class":"motorway","toll":1,"ramp":1,"highway":"motorway","kind":"road","verification":"verified","source":"OpenMapTiles/OpenStreetMap national PMTiles","sourceId":"10/811/526:transportation:5747651550:15","sourceLayer":"transportation","archive":"https://its.hanifahseptiani45.workers.dev/v1/map/archive/indonesia.pmtiles","updatedAt":"2026-07-26T09:44:19.089Z"},"geometry":{"type":"LineString","coordinates":[[105.20585060119629,-5.15215359064905],[105.20636558532715,-5.156171321709039],[105.20662307739258,-5.159761613062301],[105.20705223083496,-5.160189027346689],[105.2076530456543,-5.16010354451285],[105.2079963684082,-5.15967613017088],[105.20791053771973,-5.158906783629831],[105.20748138427734,-5.158564851534422],[105.20670890808105,-5.158393885417624],[105.18465042114258,-5.158906783629831],[105.18035888671875,-5.158222919254797]]}},{"type":"Feature","id":"pmtiles:10/811/526:transportation:5747651550:16","properties":{"class":"motorway","toll":1,"ramp":1,"highway":"motorway","kind":"road","verification":"verified","source":"OpenMapTiles/OpenStreetMap national PMTiles","sourceId":"10/811/526:transportation:5747651550:16","sourceLayer":"transportation","archive":"https://its.hanifahseptiani45.workers.dev/v1/map/archive/indonesia.pmtiles","updatedAt":"2026-07-26T09:44:19.089Z"},"geometry":{"type":"LineString","coordinates":[[105.2120304107666,-5.0909441750333855],[105.2109146118164,-5.093594424524767]]}},{"type":"Feature","id":"pmtiles:10/811/526:transportation:5747651550:17","properties":{"class":"motorway","toll":1,"ramp":1,"highway":"motorway","kind":"road","verification":"verified","source":"OpenMapTiles/OpenStreetMap national PMTiles","sourceId":"10/811/526:transportation:5747651550:17","sourceLayer":"transportation","archive":"https://its.hanifahseptiani45.workers.dev/v1/map/archive/indonesia.pmtiles","updatedAt":"2026-07-26T09:44:19.089Z"},"geometry":{"type":"LineString","coordinates":[[105.21074295043945,-5.09376540798776],[105.21108627319336,-5.09214106325318]]}},{"type":"Feature","id":"pmtiles:10/811/526:transportation:3447114700:0","properties":{"class":"secondary","highway":"secondary","kind":"road","verification":"verified","source":"OpenMapTiles/OpenStreetMap national PMTiles","sourceId":"10/811/526:transportation:3447114700:0","sourceLayer":"transportation","archive":"https://its.hanifahseptiani45.workers.dev/v1/map/archive/indonesia.pmtiles","updatedAt":"2026-07-26T09:44:19.089Z"},"geometry":{"type":"LineString","coordinates":[[105.19906997680664,-4.975434060722648],[105.19829750061035,-4.972355791578266],[105.20027160644531,-4.968080393898234],[105.1992416381836,-4.965429633407837],[105.19967079162598,-4.962864371175542],[105.19932746887207,-4.961154190812962],[105.19906997680664,-4.956707701136551],[105.19598007202148,-4.943966632380977],[105.19546508789062,-4.940631681270133],[105.19477844238281,-4.937895298594654]]}},{"type":"Feature","id":"pmtiles:10/811/526:transportation:3447114700:1","properties":{"class":"secondary","highway":"secondary","kind":"road","verification":"verified","source":"OpenMapTiles/OpenStreetMap national PMTiles","sourceId":"10/811/526:transportation:3447114700:1","sourceLayer":"transportation","archive":"https://its.hanifahseptiani45.workers.dev/v1/map/archive/indonesia.pmtiles","updatedAt":"2026-07-26T09:44:19.089Z"},"geometry":{"type":"LineString","coordinates":[[105.21220207214355,-4.93379070341291],[105.2054214477539,-4.9337051907432965],[105.20413398742676,-4.934645829503069],[105.20293235778809,-4.934816854588888],[105.20095825195312,-4.936441590705471],[105.19477844238281,-4.937895298594654],[105.15340805053711,-4.947985653715122],[105.13993263244629,-4.939947586660125],[105.13546943664551,-4.939776562897308],[105.1252555847168,-4.938579395322293],[105.12207984924316,-4.938066322842715],[105.12062072753906,-4.9374677377815175],[105.1116943359375,-4.941315775174061]]}},{"type":"Feature","id":"pmtiles:10/811/526:transportation:3447114700:2","properties":{"class":"secondary","highway":"secondary","kind":"road","verification":"verified","source":"OpenMapTiles/OpenStreetMap national PMTiles","sourceId":"10/811/526:transportation:3447114700:2","sourceLayer":"transportation","archive":"https://its.hanifahseptiani45.workers.dev/v1/map/archive/indonesia.pmtiles","updatedAt":"2026-07-26T09:44:19.089Z"},"geometry":{"type":"LineString","coordinates":[[105.27528762817383,-5.043921808999414],[105.27176856994629,-5.043665313997252],[105.26352882385254,-5.043579815640669],[105.24722099304199,-5.045375278763856],[105.24627685546875,-5.045973765367833],[105.24627685546875,-5.046743247333254],[105.24524688720703,-5.046743247333254],[105.24524688720703,-5.052044098289372],[105.24232864379883,-5.051958601037185],[105.2409553527832,-5.052471584381152],[105.24035453796387,-5.052300589978287],[105.23632049560547,-5.049906663601519],[105.23245811462402,-5.047256234803214],[105.22430419921875,-5.045375278763856],[105.22112846374512,-5.042382837466448],[105.2200984954834,-5.041869846144877],[105.21932601928711,-5.041185857085779],[105.21683692932129,-5.040245370953471],[105.2131462097168,-5.039390382378912],[105.21125793457031,-5.03973237794375],[105.2047348022461,-5.041784347551882],[105.20044326782227,-5.0410148597084685]]}},{"type":"Feature","id":"pmtiles:10/811/526:transportation:3447114700:3","properties":{"class":"secondary","highway":"secondary","kind":"road","verification":"verified","source":"OpenMapTiles/OpenStreetMap national PMTiles","sourceId":"10/811/526:transportation:3447114700:3","sourceLayer":"transportation","archive":"https://its.hanifahseptiani45.workers.dev/v1/map/archive/indonesia.pmtiles","updatedAt":"2026-07-26T09:44:19.090Z"},"geometry":{"type":"LineString","coordinates":[[105.23632049560547,-5.049906663601519],[105.23580551147461,-5.0518731037737155],[105.23589134216309,-5.056147953127507],[105.2376937866211,-5.064783062723848],[105.2383804321289,-5.066492971741255],[105.23855209350586,-5.071195198206723],[105.23932456970215,-5.074358494926372],[105.2479076385498,-5.074358494926372],[105.24919509887695,-5.074700472021405],[105.2504825592041,-5.072392123113005],[105.25357246398926,-5.072306628550436],[105.25571823120117,-5.071537176977799],[105.25614738464355,-5.0729050902506],[105.2559757232666,-5.074614977764639],[105.25958061218262,-5.078547701847896],[105.26078224182129,-5.079573625925036],[105.26078224182129,-5.080428561408681],[105.26318550109863,-5.080599548369321],[105.26335716247559,-5.080856028725222],[105.26327133178711,-5.081967442421103],[105.2666187286377,-5.088550391912008],[105.27125358581543,-5.092995982046148],[105.27108192443848,-5.095988188867167],[105.2761459350586,-5.104366293805228],[105.27709007263184,-5.103511390148498],[105.28378486633301,-5.094278358103821],[105.29923439025879,-5.0860711071479585],[105.30447006225586,-5.081027015572431],[105.30858993530273,-5.079573625925036],[105.31296730041504,-5.073161573666525]]}},{"type":"Feature","id":"pmtiles:10/811/526:transportation:3447114700:4","properties":{"class":"secondary","highway":"secondary","kind":"road","verification":"verified","source":"OpenMapTiles/OpenStreetMap national PMTiles","sourceId":"10/811/526:transportation:3447114700:4","sourceLayer":"transportation","archive":"https://its.hanifahseptiani45.workers.dev/v1/map/archive/indonesia.pmtiles","updatedAt":"2026-07-26T09:44:19.090Z"},"geometry":{"type":"LineString","coordinates":[[105.30755996704102,-5.115223471058201],[105.30901908874512,-5.115223471058201],[105.3091049194336,-5.113086245987375],[105.31004905700684,-5.112316843215467],[105.31004905700684,-5.111803907520667],[105.31451225280762,-5.106589037979759],[105.31700134277344,-5.104537274399831],[105.3262710571289,-5.102998447407629],[105.33502578735352,-5.096501137208946],[105.33974647521973,-5.095646223078475]]}},{"type":"Feature","id":"pmtiles:10/811/526:transportation:3447114700:5","properties":{"class":"secondary","highway":"secondary","kind":"road","verification":"verified","source":"OpenMapTiles/OpenStreetMap national PMTiles","sourceId":"10/811/526:transportation:3447114700:5","sourceLayer":"transportation","archive":"https://its.hanifahseptiani45.workers.dev/v1/map/archive/indonesia.pmtiles","updatedAt":"2026-07-26T09:44:19.090Z"},"geometry":{"type":"LineString","coordinates":[[105.31949043273926,-5.1194124114932436],[105.33159255981445,-5.1200108293161435],[105.33554077148438,-5.118984969848341],[105.33571243286133,-5.118813993110393],[105.3354549407959,-5.11813008570158],[105.34146308898926,-5.115992870336868],[105.34395217895508,-5.113171735127182],[105.3522777557373,-5.118813993110393],[105.35287857055664,-5.119668876343056],[105.35493850708008,-5.120523758432924],[105.36068916320801,-5.124285226047149],[105.36592483520508,-5.121207663281865],[105.36892890930176,-5.121207663281865],[105.37510871887207,-5.123344861218982],[105.3779411315918,-5.125824001871408],[105.39064407348633,-5.125824001871408],[105.3958797454834,-5.1229174222032725],[105.39948463439941,-5.122148031254596],[105.40111541748047,-5.121293151336559],[105.40386199951172,-5.121036687138215]]}},{"type":"Feature","id":"pmtiles:10/811/526:transportation:3447114700:6","properties":{"class":"secondary","highway":"secondary","kind":"road","verification":"verified","source":"OpenMapTiles/OpenStreetMap national PMTiles","sourceId":"10/811/526:transportation:3447114700:6","sourceLayer":"transportation","archive":"https://its.hanifahseptiani45.workers.dev/v1/map/archive/indonesia.pmtiles","updatedAt":"2026-07-26T09:44:19.090Z"},"geometry":{"type":"LineString","coordinates":[[105.33382415771484,-5.119583388071206],[105.33313751220703,-5.1286450812537225],[105.33502578735352,-5.128730568313159],[105.33485412597656,-5.135398523662786]]}},{"type":"Feature","id":"pmtiles:10/811/526:transportation:3447114700:8","properties":{"class":"secondary","highway":"secondary","kind":"road","verification":"verified","source":"OpenMapTiles/OpenStreetMap national PMTiles","sourceId":"10/811/526:transportation:3447114700:8","sourceLayer":"transportation","archive":"https://its.hanifahseptiani45.workers.dev/v1/map/archive/indonesia.pmtiles","updatedAt":"2026-07-26T09:44:19.090Z"},"geometry":{"type":"LineString","coordinates":[[105.42111396789551,-5.12770472284447],[105.42583465576172,-5.123515836745213],[105.42669296264648,-5.123259373438714],[105.4291820526123,-5.123259373438714],[105.4332160949707,-5.121549615432002],[105.43750762939453,-5.115821892799332],[105.43853759765625,-5.1151379821923655],[105.43948173522949,-5.114967004426433],[105.45278549194336,-5.115052493315119],[105.45390129089355,-5.114539559811817],[105.45707702636719,-5.111376460794531],[105.45845031738281,-5.110521566486582],[105.45956611633301,-5.1104360769930395],[105.46257019042969,-5.111376460794531],[105.46377182006836,-5.111461950162578],[105.47072410583496,-5.108555305249368],[105.47355651855469,-5.10701648789923],[105.4742431640625,-5.1068455079656445]]}},{"type":"Feature","id":"pmtiles:10/811/526:transportation:3447114700:9","properties":{"class":"secondary","highway":"secondary","kind":"road","verification":"verified","source":"OpenMapTiles/OpenStreetMap national PMTiles","sourceId":"10/811/526:transportation:3447114700:9","sourceLayer":"transportation","archive":"https://its.hanifahseptiani45.workers.dev/v1/map/archive/indonesia.pmtiles","updatedAt":"2026-07-26T09:44:19.090Z"},"geometry":{"type":"LineString","coordinates":[[105.4068660736084,-5.123857787660455],[105.40678024291992,-5.1256530269628655],[105.40523529052734,-5.128046671517168],[105.4054069519043,-5.130269333425147],[105.40446281433105,-5.133945257283287]]}},{"type":"Feature","id":"pmtiles:10/811/526:transportation:3447114700:10","properties":{"class":"secondary","highway":"secondary","kind":"road","verification":"verified","source":"OpenMapTiles/OpenStreetMap national PMTiles","sourceId":"10/811/526:transportation:3447114700:10","sourceLayer":"transportation","archive":"https://its.hanifahseptiani45.workers.dev/v1/map/archive/indonesia.pmtiles","updatedAt":"2026-07-26T09:44:19.090Z"},"geometry":{"type":"LineString","coordinates":[[105.41004180908203,-5.133945257283287],[105.41055679321289,-5.136167898640281],[105.41055679321289,-5.137022758637258],[105.40918350219727,-5.141980924002297],[105.40849685668945,-5.142921261354985],[105.40532112121582,-5.145571295511459],[105.40472030639648,-5.1470245353633],[105.40463447570801,-5.152837461560125],[105.40489196777344,-5.16078740686109],[105.40523529052734,-5.160872889602786],[105.40635108947754,-5.162753507005519],[105.40635108947754,-5.167540507950534],[105.41356086730957,-5.167711471601237],[105.41356086730957,-5.169335623981752],[105.41330337524414,-5.169848513341918],[105.413818359375,-5.17147266024179],[105.41390419006348,-5.173182284055926],[105.41484832763672,-5.176943440188012],[105.41570663452148,-5.178567568876133],[105.41802406311035,-5.179593332213656],[105.41810989379883,-5.1801916933918335]]}},{"type":"Feature","id":"pmtiles:10/811/526:transportation:3447114700:11","properties":{"class":"secondary","highway":"secondary","kind":"road","verification":"verified","source":"OpenMapTiles/OpenStreetMap national PMTiles","sourceId":"10/811/526:transportation:3447114700:11","sourceLayer":"transportation","archive":"https://its.hanifahseptiani45.workers.dev/v1/map/archive/indonesia.pmtiles","updatedAt":"2026-07-26T09:44:19.090Z"},"geometry":{"type":"LineString","coordinates":[[105.39948463439941,-5.133859770922527],[105.39725303649902,-5.12915800343859],[105.39407730102539,-5.123943275360659]]}},{"type":"Feature","id":"pmtiles:10/811/526:transportation:3447114700:12","properties":{"class":"secondary","highway":"secondary","kind":"road","verification":"verified","source":"OpenMapTiles/OpenStreetMap national PMTiles","sourceId":"10/811/526:transportation:3447114700:12","sourceLayer":"transportation","archive":"https://its.hanifahseptiani45.workers.dev/v1/map/archive/indonesia.pmtiles","updatedAt":"2026-07-26T09:44:19.090Z"},"geometry":{"type":"LineString","coordinates":[[105.38137435913086,-5.125909489308526],[105.37528038024902,-5.134885606495303],[105.37519454956055,-5.140185730654679]]}},{"type":"Feature","id":"pmtiles:10/811/526:transportation:3447114700:13","properties":{"class":"secondary","highway":"secondary","kind":"road","verification":"verified","source":"OpenMapTiles/OpenStreetMap national PMTiles","sourceId":"10/811/526:transportation:3447114700:13","sourceLayer":"transportation","archive":"https://its.hanifahseptiani45.workers.dev/v1/map/archive/indonesia.pmtiles","updatedAt":"2026-07-26T09:44:19.090Z"},"geometry":{"type":"LineString","coordinates":[[105.38326263427734,-5.109837650218864],[105.38394927978516,-5.111803907520667],[105.38463592529297,-5.11274428931398],[105.38626670837402,-5.113770158786295],[105.39064407348633,-5.1151379821923655],[105.39261817932129,-5.115479937587196],[105.3962230682373,-5.114197603914633],[105.39759635925293,-5.114283092906049],[105.3987979888916,-5.115223471058201],[105.40060043334961,-5.118215574167678],[105.40386199951172,-5.121036687138215],[105.40497779846191,-5.121549615432002],[105.41158676147461,-5.121293151336559],[105.41845321655273,-5.122062543314229],[105.42119979858398,-5.124285226047149],[105.42248725891113,-5.126422413690889]]}},{"type":"Feature","id":"pmtiles:10/811/526:transportation:3447114700:14","properties":{"class":"secondary","highway":"secondary","kind":"road","verification":"verified","source":"OpenMapTiles/OpenStreetMap national PMTiles","sourceId":"10/811/526:transportation:3447114700:14","sourceLayer":"transportation","archive":"https://its.hanifahseptiani45.workers.dev/v1/map/archive/indonesia.pmtiles","updatedAt":"2026-07-26T09:44:19.090Z"},"geometry":{"type":"LineString","coordinates":[[105.38317680358887,-5.109666671037857],[105.38257598876953,-5.1083843257262345],[105.38068771362305,-5.107187467787227],[105.37699699401855,-5.103169428366826],[105.3727912902832,-5.097527032663763],[105.37167549133301,-5.097356050201725],[105.36961555480957,-5.0979544886196635],[105.36274909973145,-5.0989803817530515],[105.36163330078125,-5.098809399677961],[105.35974502563477,-5.098039979776715],[105.35725593566895,-5.09376540798776],[105.35708427429199,-5.088892361474677],[105.35511016845703,-5.0845322359397755]]}},{"type":"Feature","id":"pmtiles:10/811/526:transportation:3447114700:15","properties":{"class":"secondary","highway":"secondary","kind":"road","verification":"verified","source":"OpenMapTiles/OpenStreetMap national PMTiles","sourceId":"10/811/526:transportation:3447114700:15","sourceLayer":"transportation","archive":"https://its.hanifahseptiani45.workers.dev/v1/map/archive/indonesia.pmtiles","updatedAt":"2026-07-26T09:44:19.090Z"},"geometry":{"type":"LineString","coordinates":[[105.4354476928711,-5.133945257283287],[105.43862342834473,-5.137535674085058],[105.43913841247559,-5.138476018000503],[105.43922424316406,-5.139843788490936],[105.43819427490234,-5.142322865018514],[105.43845176696777,-5.143263201866148],[105.43913841247559,-5.143434172052849],[105.44265747070312,-5.148050349730411],[105.44445991516113,-5.1478793807841186],[105.44574737548828,-5.148734225055918],[105.44634819030762,-5.150272941848982],[105.44626235961914,-5.15215359064905],[105.44574737548828,-5.15386326654658],[105.44583320617676,-5.154547135617307],[105.44626235961914,-5.1550600369371296],[105.44926643371582,-5.156684221717057],[105.4508113861084,-5.158564851534422],[105.4511547088623,-5.16010354451285],[105.45098304748535,-5.161727716386196],[105.44900894165039,-5.165745386832981]]}},{"type":"Feature","id":"pmtiles:10/811/526:transportation:3447114700:16","properties":{"class":"secondary","highway":"secondary","kind":"road","verification":"verified","source":"OpenMapTiles/OpenStreetMap national PMTiles","sourceId":"10/811/526:transportation:3447114700:16","sourceLayer":"transportation","archive":"https://its.hanifahseptiani45.workers.dev/v1/map/archive/indonesia.pmtiles","updatedAt":"2026-07-26T09:44:19.090Z"},"geometry":{"type":"LineString","coordinates":[[105.43167114257812,-5.044947787994545],[105.43210029602051,-5.043921808999414],[105.43407440185547,-5.041698848947632],[105.43733596801758,-5.029643433156153],[105.43776512145996,-5.029215932040529],[105.4496955871582,-5.026052415062281],[105.45433044433594,-5.02459890211037],[105.46171188354492,-5.013654700552749],[105.47003746032715,-5.008781051754042],[105.4742431640625,-5.006557971812427]]}},{"type":"Feature","id":"pmtiles:10/811/526:transportation:3447114700:17","properties":{"class":"secondary","highway":"secondary","kind":"road","verification":"verified","source":"OpenMapTiles/OpenStreetMap national PMTiles","sourceId":"10/811/526:transportation:3447114700:17","sourceLayer":"transportation","archive":"https://its.hanifahseptiani45.workers.dev/v1/map/archive/indonesia.pmtiles","updatedAt":"2026-07-26T09:44:19.090Z"},"geometry":{"type":"LineString","coordinates":[[105.40592193603516,-5.012030154992388],[105.41287422180176,-5.014424220723626],[105.41690826416016,-5.0132271889549],[105.41725158691406,-5.010063594435664],[105.4167366027832,-5.008952057590321],[105.41519165039062,-5.007070990931311],[105.41656494140625,-5.0058739456946455],[105.42016983032227,-5.005360925636879],[105.41999816894531,-5.003308841383088],[105.42034149169922,-5.0026248118685],[105.42231559753418,-5.000059694823008],[105.42497634887695,-4.997580072128443],[105.43098449707031,-4.989542609946838],[105.42806625366211,-4.979452890435596],[105.43244361877441,-4.978084780949217],[105.43304443359375,-4.973296375343821],[105.43913841247559,-4.973296375343821],[105.44360160827637,-4.971586222043584],[105.44351577758789,-4.970902159480119],[105.44394493103027,-4.969277508045096],[105.44583320617676,-4.963975986034342],[105.44214248657227,-4.951320567783895],[105.4372501373291,-4.951320567783895],[105.43381690979004,-4.949182804289293],[105.43295860290527,-4.944137655062349],[105.43244361877441,-4.943539075484395],[105.42643547058105,-4.944565211572524],[105.4251480102539,-4.944992767806696],[105.42471885681152,-4.945676857207161],[105.42411804199219,-4.9481566753583195],[105.42300224304199,-4.948669740022694],[105.41725158691406,-4.948840761489095],[105.41081428527832,-4.945163790223063],[105.41287422180176,-4.940717193046737],[105.41287422180176,-4.940204122221601],[105.41253089904785,-4.939349003297252],[105.40952682495117,-4.936099541327366],[105.40892601013184,-4.936185053688433],[105.40437698364258,-4.9382373470466945],[105.39364814758301,-4.935843004178054],[105.38188934326172,-4.924469757618525],[105.38034439086914,-4.921733308345836],[105.37313461303711,-4.917030009866977],[105.37047386169434,-4.913181831859347]]}},{"type":"Feature","id":"pmtiles:10/811/526:transportation:3447114700:18","properties":{"class":"secondary","highway":"secondary","kind":"road","verification":"verified","source":"OpenMapTiles/OpenStreetMap national PMTiles","sourceId":"10/811/526:transportation:3447114700:18","sourceLayer":"transportation","archive":"https://its.hanifahseptiani45.workers.dev/v1/map/archive/indonesia.pmtiles","updatedAt":"2026-07-26T09:44:19.090Z"},"geometry":{"type":"LineString","coordinates":[[105.36798477172852,-4.998691628290189],[105.36789894104004,-4.999546670208062],[105.3672981262207,-5.000316206979775],[105.35794258117676,-5.006301462102101],[105.3519344329834,-5.013825705113518],[105.3424072265625,-5.018613814630612],[105.34086227416992,-5.027847926584343],[105.33648490905762,-5.031182434847793],[105.32893180847168,-5.032892432459008],[105.3285026550293,-5.03810789740767],[105.32506942749023,-5.042211840404278],[105.31794548034668,-5.047256234803214],[105.31717300415039,-5.051787606498976],[105.31648635864258,-5.053668543937874],[105.31708717346191,-5.055463979126614],[105.31794548034668,-5.059482316034973],[105.3152847290039,-5.0657235132432135],[105.3091049194336,-5.068630351650697],[105.30884742736816,-5.069057826784032],[105.30884742736816,-5.072135639391334],[105.31296730041504,-5.073161573666525],[105.32026290893555,-5.0711097034856465],[105.32206535339355,-5.069912776201974],[105.32352447509766,-5.069998271081531],[105.32936096191406,-5.065381531394479],[105.33305168151855,-5.064783062723848],[105.34232139587402,-5.058456360046563],[105.34721374511719,-5.058541856441053],[105.35030364990234,-5.059738804777965],[105.35605430603027,-5.060508270396923],[105.3585433959961,-5.064868558282143],[105.35837173461914,-5.066834953001873],[105.36017417907715,-5.067775400535396],[105.36120414733887,-5.07632486074732],[105.36086082458496,-5.077008812671252],[105.35794258117676,-5.079659119524436],[105.35785675048828,-5.0802575744026655],[105.35905838012695,-5.082993361054079]]}},{"type":"Feature","id":"pmtiles:10/811/526:transportation:3447114700:19","properties":{"class":"secondary","highway":"secondary","kind":"road","verification":"verified","source":"OpenMapTiles/OpenStreetMap national PMTiles","sourceId":"10/811/526:transportation:3447114700:19","sourceLayer":"transportation","archive":"https://its.hanifahseptiani45.workers.dev/v1/map/archive/indonesia.pmtiles","updatedAt":"2026-07-26T09:44:19.090Z"},"geometry":{"type":"LineString","coordinates":[[105.4742431640625,-5.173866132288509],[105.46806335449219,-5.1694211055706205],[105.44909477233887,-5.166856652886366],[105.44900894165039,-5.164121225250071],[105.44849395751953,-5.163266401692965],[105.4423999786377,-5.16078740686109],[105.44154167175293,-5.160189027346689],[105.43999671936035,-5.158137436156096],[105.42840957641602,-5.149845520891134],[105.42531967163086,-5.148135834186306],[105.4204273223877,-5.141638982802434],[105.4163932800293,-5.1316371215210665]]}},{"type":"Feature","id":"pmtiles:10/811/526:transportation:3484540160:0","properties":{"class":"primary","highway":"primary","kind":"road","verification":"verified","source":"OpenMapTiles/OpenStreetMap national PMTiles","sourceId":"10/811/526:transportation:3484540160:0","sourceLayer":"transportation","archive":"https://its.hanifahseptiani45.workers.dev/v1/map/archive/indonesia.pmtiles","updatedAt":"2026-07-26T09:44:19.090Z"},"geometry":{"type":"LineString","coordinates":[[105.21220207214355,-4.93379070341291],[105.22130012512207,-4.933876216071511],[105.22138595581055,-4.929173003493105],[105.23374557495117,-4.929429543219854],[105.26069641113281,-4.929429543219854],[105.26095390319824,-4.9292585167463585],[105.26086807250977,-4.925153868177475],[105.26636123657227,-4.924982840603718],[105.26721954345703,-4.915234196229363],[105.2666187286377,-4.912925285868695],[105.26850700378418,-4.910359820532264]]}},{"type":"Feature","id":"pmtiles:10/811/526:transportation:3484540160:1","properties":{"class":"primary","highway":"primary","kind":"road","verification":"verified","source":"OpenMapTiles/OpenStreetMap national PMTiles","sourceId":"10/811/526:transportation:3484540160:1","sourceLayer":"transportation","archive":"https://its.hanifahseptiani45.workers.dev/v1/map/archive/indonesia.pmtiles","updatedAt":"2026-07-26T09:44:19.090Z"},"geometry":{"type":"LineString","coordinates":[[105.22610664367676,-4.972355791578266],[105.22859573364258,-4.974835509516325],[105.23520469665527,-4.974750002156711],[105.23649215698242,-4.9763746400898725],[105.23743629455566,-4.979452890435596],[105.24456024169922,-4.984241251218705],[105.24473190307617,-4.992278778344456],[105.24850845336914,-4.9982641069127],[105.24910926818848,-4.9986061240370105],[105.24988174438477,-5.000658223032488],[105.25039672851562,-5.001085742847167],[105.25794982910156,-5.0026248118685],[105.25958061218262,-5.004249380798285],[105.260009765625,-5.0051899188615465],[105.26009559631348,-5.005959448998496],[105.25932312011719,-5.008268033976833],[105.25683403015137,-5.012628672247843],[105.25691986083984,-5.018186306280413],[105.25717735290527,-5.019383328955058],[105.2611255645752,-5.022204873710976],[105.26249885559082,-5.023572891015888],[105.26653289794922,-5.032122934090054],[105.2753734588623,-5.038706390709237],[105.28507232666016,-5.0386208916998925],[105.28670310974121,-5.033747429579279],[105.28721809387207,-5.033063431972948],[105.28790473937988,-5.032635933103805],[105.29691696166992,-5.030241934246391],[105.29966354370117,-5.029130431783727],[105.30721664428711,-5.022717880536746],[105.30816078186035,-5.021178858848529],[105.30927658081055,-5.016048760328474],[105.31451225280762,-5.001513262382701],[105.32403945922852,-4.979281876905446],[105.33451080322266,-4.954655465036552],[105.33528327941895,-4.953458324368526],[105.34669876098633,-4.945334812595263],[105.34729957580566,-4.944479700292575],[105.3475570678711,-4.943368052648495],[105.3453254699707,-4.9322514736744125],[105.3453254699707,-4.931396344499916],[105.34566879272461,-4.930626727301345],[105.34687042236328,-4.929515056440096],[105.37261962890625,-4.911642554434394],[105.37407875061035,-4.910359820532264]]}},{"type":"Feature","id":"pmtiles:10/811/526:transportation:3484540160:2","properties":{"class":"primary","highway":"primary","kind":"road","verification":"verified","source":"OpenMapTiles/OpenStreetMap national PMTiles","sourceId":"10/811/526:transportation:3484540160:2","sourceLayer":"transportation","archive":"https://its.hanifahseptiani45.workers.dev/v1/map/archive/indonesia.pmtiles","updatedAt":"2026-07-26T09:44:19.090Z"},"geometry":{"type":"LineString","coordinates":[[105.21306037902832,-4.976032611384596],[105.21254539489746,-4.975434060722648],[105.20087242126465,-4.981847075187545],[105.19821166992188,-4.983044164293489],[105.19580841064453,-4.983471695588577],[105.1929759979248,-4.983642708028711],[105.17958641052246,-4.983557201814193],[105.1779556274414,-4.9840702389343505],[105.17580986022949,-4.986036877516568],[105.17417907714844,-4.986378901016721],[105.17040252685547,-4.991167211309175],[105.16757011413574,-4.993988877797193],[105.16379356384277,-4.9998031825657705],[105.16156196594238,-5.001427758497925],[105.1607894897461,-5.001684270118744],[105.15795707702637,-5.001940781639064],[105.1559829711914,-5.003308841383088],[105.15280723571777,-5.0036508558723085],[105.14542579650879,-5.003394345022144],[105.14285087585449,-5.002795819314173],[105.1402759552002,-5.001769773970025],[105.13813018798828,-5.00023070293868],[105.13641357421875,-4.9998031825657705],[105.13529777526855,-4.999888686662686],[105.13066291809082,-4.998349611210514],[105.1278305053711,-4.997922089609844],[105.12594223022461,-4.997922089609844],[105.12465476989746,-4.997580072128443],[105.12207984924316,-4.9982641069127],[105.11984825134277,-5.00023070293868],[105.11916160583496,-5.000401711009701],[105.11847496032715,-5.000401711009701],[105.11624336242676,-4.9998031825657705],[105.11478424072266,-4.999119149388633],[105.11229515075684,-4.9986061240370105],[105.1116943359375,-4.9987771325322115]]}},{"type":"Feature","id":"pmtiles:10/811/526:transportation:3484540160:3","properties":{"class":"primary","highway":"primary","kind":"road","verification":"verified","source":"OpenMapTiles/OpenStreetMap national PMTiles","sourceId":"10/811/526:transportation:3484540160:3","sourceLayer":"transportation","archive":"https://its.hanifahseptiani45.workers.dev/v1/map/archive/indonesia.pmtiles","updatedAt":"2026-07-26T09:44:19.090Z"},"geometry":{"type":"LineString","coordinates":[[105.27554512023926,-5.038706390709237],[105.2753734588623,-5.038877388694161]]}},{"type":"Feature","id":"pmtiles:10/811/526:transportation:3484540160:4","properties":{"class":"primary","highway":"primary","kind":"road","verification":"verified","source":"OpenMapTiles/OpenStreetMap national PMTiles","sourceId":"10/811/526:transportation:3484540160:4","sourceLayer":"transportation","archive":"https://its.hanifahseptiani45.workers.dev/v1/map/archive/indonesia.pmtiles","updatedAt":"2026-07-26T09:44:19.090Z"},"geometry":{"type":"LineString","coordinates":[[105.2753734588623,-5.038706390709237],[105.2753734588623,-5.038877388694161],[105.27520179748535,-5.058541856441053],[105.27751922607422,-5.063671619437159],[105.28292655944824,-5.072221133976541],[105.2830982208252,-5.076581342803777],[105.28275489807129,-5.079830106689201],[105.28361320495605,-5.080856028725222],[105.28421401977539,-5.0817109625076],[105.28438568115234,-5.085387164842857]]}},{"type":"Feature","id":"pmtiles:10/811/526:transportation:3484540160:5","properties":{"class":"primary","highway":"primary","kind":"road","verification":"verified","source":"OpenMapTiles/OpenStreetMap national PMTiles","sourceId":"10/811/526:transportation:3484540160:5","sourceLayer":"transportation","archive":"https://its.hanifahseptiani45.workers.dev/v1/map/archive/indonesia.pmtiles","updatedAt":"2026-07-26T09:44:19.090Z"},"geometry":{"type":"LineString","coordinates":[[105.29022216796875,-5.121635103440951],[105.28867721557617,-5.114368581886055],[105.28696060180664,-5.111376460794531],[105.28618812561035,-5.110607055968714],[105.2834415435791,-5.110008629354226],[105.2830982208252,-5.109495691811247],[105.28284072875977,-5.107785897036067],[105.26885032653809,-5.106674527986456],[105.26644706726074,-5.1007756907923465],[105.26232719421387,-5.096586628559422],[105.2299690246582,-5.0982109620566405],[105.22790908813477,-5.098467435391214],[105.22344589233398,-5.098381944291077],[105.22018432617188,-5.097783506271426],[105.2175235748291,-5.097783506271426],[105.21486282348633,-5.096159171693273],[105.21185874938965,-5.095475240115874],[105.20868301391602,-5.094363849750039],[105.20688056945801,-5.093594424524767],[105.20524978637695,-5.092483030906777],[105.20190238952637,-5.09239753901042],[105.20095825195312,-5.09214106325318],[105.19949913024902,-5.095475240115874],[105.19941329956055,-5.096843102542579],[105.19872665405273,-5.098467435391214],[105.19864082336426,-5.099749800527491],[105.19658088684082,-5.099407836741577],[105.19357681274414,-5.098552926479968],[105.18937110900879,-5.0979544886196635],[105.18559455871582,-5.099065872773522],[105.18499374389648,-5.0989803817530515],[105.1827621459961,-5.0979544886196635],[105.16963005065918,-5.0978689974512434],[105.16765594482422,-5.098894890721198],[105.16705513000488,-5.098809399677961],[105.1582145690918,-5.090858682932449],[105.15632629394531,-5.09000376129805],[105.1530647277832,-5.0860711071479585],[105.14825820922852,-5.083249840457029],[105.1406192779541,-5.080599548369321],[105.13984680175781,-5.076923318720418],[105.13933181762695,-5.076410354777465],[105.13830184936523,-5.074358494926372],[105.13667106628418,-5.0729050902506],[105.1116943359375,-5.075042448935179]]}},{"type":"Feature","id":"pmtiles:10/811/526:transportation:3484540160:6","properties":{"class":"primary","highway":"primary","kind":"road","verification":"verified","source":"OpenMapTiles/OpenStreetMap national PMTiles","sourceId":"10/811/526:transportation:3484540160:6","sourceLayer":"transportation","archive":"https://its.hanifahseptiani45.workers.dev/v1/map/archive/indonesia.pmtiles","updatedAt":"2026-07-26T09:44:19.090Z"},"geometry":{"type":"LineString","coordinates":[[105.30610084533691,-5.114197603914633],[105.30610084533691,-5.115223471058201],[105.30755996704102,-5.115223471058201],[105.30755996704102,-5.123430348987824],[105.30610084533691,-5.135398523662786],[105.30575752258301,-5.13591144041763],[105.30215263366699,-5.13727921641275],[105.29906272888184,-5.138646989472392],[105.29829025268555,-5.138732475191134],[105.29305458068848,-5.136338870731393],[105.28962135314941,-5.134287202611745],[105.2878189086914,-5.132321014469468],[105.28541564941406,-5.13035482026703],[105.28438568115234,-5.129756412133332]]}},{"type":"Feature","id":"pmtiles:10/811/526:transportation:3484540160:7","properties":{"class":"primary","highway":"primary","kind":"road","verification":"verified","source":"OpenMapTiles/OpenStreetMap national PMTiles","sourceId":"10/811/526:transportation:3484540160:7","sourceLayer":"transportation","archive":"https://its.hanifahseptiani45.workers.dev/v1/map/archive/indonesia.pmtiles","updatedAt":"2026-07-26T09:44:19.090Z"},"geometry":{"type":"LineString","coordinates":[[105.30610084533691,-5.114026625897537],[105.30610084533691,-5.113086245987375],[105.29511451721191,-5.100262745864853],[105.2940845489502,-5.099749800527491],[105.29211044311523,-5.100006273247388],[105.29047966003418,-5.099578818657292],[105.28378486633301,-5.0941928664462495],[105.28464317321777,-5.088977853836951],[105.28438568115234,-5.085387164842857],[105.28412818908691,-5.0817109625076],[105.28361320495605,-5.080856028725222]]}},{"type":"Feature","id":"pmtiles:10/811/526:transportation:3484540160:8","properties":{"class":"primary","highway":"primary","kind":"road","verification":"verified","source":"OpenMapTiles/OpenStreetMap national PMTiles","sourceId":"10/811/526:transportation:3484540160:8","sourceLayer":"transportation","archive":"https://its.hanifahseptiani45.workers.dev/v1/map/archive/indonesia.pmtiles","updatedAt":"2026-07-26T09:44:19.090Z"},"geometry":{"type":"LineString","coordinates":[[105.30901908874512,-5.115223471058201],[105.31150817871094,-5.1179591087351355],[105.31725883483887,-5.1183865510655835],[105.32146453857422,-5.120523758432924],[105.32215118408203,-5.12197705536245],[105.32094955444336,-5.129927385943077],[105.32103538513184,-5.1300128728307754],[105.32326698303223,-5.131038714589877],[105.32498359680176,-5.132321014469468],[105.32601356506348,-5.132491987592019],[105.33021926879883,-5.13462914775684],[105.33614158630371,-5.135740468211864],[105.3427505493164,-5.137706645809274],[105.35184860229492,-5.134714634014443],[105.35699844360352,-5.13591144041763],[105.3577709197998,-5.13591144041763],[105.36120414733887,-5.134543661487754],[105.36283493041992,-5.132491987592019],[105.36420822143555,-5.132235527891012],[105.36712646484375,-5.134030743632593],[105.36995887756348,-5.134800120260593],[105.37270545959473,-5.136851786729579],[105.37485122680664,-5.1400147595957435],[105.37605285644531,-5.140527672634846],[105.37699699401855,-5.140271216166937],[105.38043022155762,-5.138390532247357],[105.3852367401123,-5.13813407491908],[105.39270401000977,-5.13599692650331],[105.39553642272949,-5.135740468211864],[105.40094375610352,-5.13326136607634],[105.40188789367676,-5.13317587962392],[105.40703773498535,-5.134543661487754],[105.41218757629395,-5.13326136607634],[105.41750907897949,-5.131124201328689],[105.42111396789551,-5.12770472284447],[105.42283058166504,-5.127362773988622],[105.42428970336914,-5.128303132901522],[105.42729377746582,-5.134372688915207],[105.42832374572754,-5.135142065130637],[105.42926788330078,-5.1350565789303175],[105.43416023254395,-5.133688798166631],[105.43742179870605,-5.134201716296829],[105.43913841247559,-5.133090393160032],[105.4409408569336,-5.130183846571796],[105.44205665588379,-5.129499951332846],[105.44308662414551,-5.129499951332846],[105.44463157653809,-5.1295854382778],[105.44754981994629,-5.130953227839598],[105.45278549194336,-5.130696767520078],[105.4742431640625,-5.137108244573895]]}},{"type":"Feature","id":"pmtiles:10/811/526:transportation:3484540160:9","properties":{"class":"primary","highway":"primary","kind":"road","verification":"verified","source":"OpenMapTiles/OpenStreetMap national PMTiles","sourceId":"10/811/526:transportation:3484540160:9","sourceLayer":"transportation","archive":"https://its.hanifahseptiani45.workers.dev/v1/map/archive/indonesia.pmtiles","updatedAt":"2026-07-26T09:44:19.090Z"},"geometry":{"type":"LineString","coordinates":[[105.30215263366699,-5.13727921641275],[105.30223846435547,-5.137792131654166],[105.30258178710938,-5.13813407491908],[105.30532836914062,-5.139501846143631],[105.30584335327148,-5.1400147595957435],[105.30644416809082,-5.141382526782053],[105.30670166015625,-5.144203537324685],[105.30610084533691,-5.1466825968732905],[105.3028392791748,-5.153350364260405],[105.30275344848633,-5.154376168418651],[105.30670166015625,-5.1610438550516164],[105.30876159667969,-5.162838989482239],[105.31176567077637,-5.164463154350187],[105.31339645385742,-5.166600207046997],[105.3138256072998,-5.168224362276561],[105.31365394592285,-5.170104957866215],[105.31296730041504,-5.172071029101986],[105.31502723693848,-5.181986773526958],[105.31511306762695,-5.183354450206608],[105.31562805175781,-5.1847221239247006],[105.31571388244629,-5.186260753316645],[105.31700134277344,-5.189252521953065],[105.31708717346191,-5.19147496947069],[105.31820297241211,-5.19361193085129],[105.31846046447754,-5.201048499964557],[105.31966209411621,-5.206433546897458],[105.32112121582031,-5.207801170522885],[105.3218936920166,-5.214211866592677],[105.32034873962402,-5.218913002113965],[105.31777381896973,-5.223186731106168],[105.31588554382324,-5.224725266410843],[105.3138256072998,-5.224383370002911],[105.31322479248047,-5.2254945326465645],[105.30318260192871,-5.235409435089835],[105.30180931091309,-5.237375302252488],[105.30172348022461,-5.248828492269965],[105.30000686645508,-5.248913963047201],[105.2984619140625,-5.249854140823601],[105.29863357543945,-5.254982358280159],[105.29820442199707,-5.260452410368259],[105.2981185913086,-5.271477837928359]]}},{"type":"Feature","id":"pmtiles:10/811/526:transportation:3484540160:10","properties":{"class":"primary","highway":"primary","kind":"road","verification":"verified","source":"OpenMapTiles/OpenStreetMap national PMTiles","sourceId":"10/811/526:transportation:3484540160:10","sourceLayer":"transportation","archive":"https://its.hanifahseptiani45.workers.dev/v1/map/archive/indonesia.pmtiles","updatedAt":"2026-07-26T09:44:19.090Z"},"geometry":{"type":"LineString","coordinates":[[105.42489051818848,-5.043494317272845],[105.42420387268066,-5.044691293397804]]}},{"type":"Feature","id":"pmtiles:10/811/526:transportation:3484540160:11","properties":{"class":"primary","highway":"primary","kind":"road","verification":"verified","source":"OpenMapTiles/OpenStreetMap national PMTiles","sourceId":"10/811/526:transportation:3484540160:11","sourceLayer":"transportation","archive":"https://its.hanifahseptiani45.workers.dev/v1/map/archive/indonesia.pmtiles","updatedAt":"2026-07-26T09:44:19.090Z"},"geometry":{"type":"LineString","coordinates":[[105.42643547058105,-5.043921808999414],[105.42489051818848,-5.043494317272845],[105.42085647583008,-5.039646879069423],[105.4163932800293,-5.037936899220284],[105.41313171386719,-5.0358849174628375],[105.40660858154297,-5.028018927423545],[105.40446281433105,-5.022461377174324],[105.40454864501953,-5.019725335030145],[105.40403366088867,-5.017587794119578],[105.40386199951172,-5.015792254343808],[105.4042911529541,-5.0145952250829],[105.40549278259277,-5.012970681861887],[105.40626525878906,-5.011089626768879],[105.40600776672363,-5.0103201026699935],[105.40446281433105,-5.008353536967675],[105.40257453918457,-5.008268033976833],[105.39974212646484,-5.008524542915765],[105.39759635925293,-5.008268033976833],[105.39373397827148,-5.005788442379625],[105.39287567138672,-5.005531932367504],[105.3863525390625,-5.005788442379625],[105.38223266601562,-5.005275422254812],[105.38171768188477,-5.005018912041535],[105.3805160522461,-5.003308841383088],[105.37691116333008,-5.001085742847167],[105.37442207336426,-5.00023070293868],[105.37090301513672,-4.998520619772677],[105.36446571350098,-4.9987771325322115],[105.35785675048828,-4.9970670455715975],[105.35502433776855,-4.995356954148164],[105.35279273986816,-4.994416401963534],[105.3504753112793,-4.992535293546652],[105.34712791442871,-4.990996200828889],[105.34111976623535,-4.989029577102102],[105.33768653869629,-4.985438335962698],[105.3369140625,-4.985010805947411],[105.33554077148438,-4.98449776956177],[105.33193588256836,-4.984412263458552],[105.3310775756836,-4.9841557450820915],[105.32961845397949,-4.982873151697575],[105.32755851745605,-4.979538397184001],[105.32618522644043,-4.979025356526819],[105.32403945922852,-4.979281876905446],[105.32361030578613,-4.979281876905446],[105.32223701477051,-4.980393464056505],[105.32103538513184,-4.98141954283561],[105.31983375549316,-4.982958658001095],[105.31923294067383,-4.98330068310392],[105.31768798828125,-4.9837282142321015],[105.31614303588867,-4.98330068310392],[105.31296730041504,-4.980649983901401],[105.31013488769531,-4.976289132930219],[105.30884742736816,-4.975519567993388],[105.3050708770752,-4.974322465191989],[105.303955078125,-4.973723912974904],[105.30258178710938,-4.972441299248828],[105.29966354370117,-4.967994885661682],[105.29623031616211,-4.96483107311262],[105.29434204101562,-4.96440352971203],[105.29142379760742,-4.964574547105528],[105.28884887695312,-4.962607844403692],[105.28653144836426,-4.961667245387062],[105.28352737426758,-4.960812154208668],[105.28078079223633,-4.960555626639135],[105.27606010437012,-4.958588911961272],[105.27382850646973,-4.9591019685289695],[105.26730537414551,-4.959016459128705],[105.26370048522949,-4.958161364517068],[105.26129722595215,-4.95833238352796],[105.25958061218262,-4.9591874779181495],[105.25786399841309,-4.959529515364181],[105.25537490844727,-4.960555626639135],[105.25271415710449,-4.9620092815482195],[105.25108337402344,-4.961923772524557],[105.2461051940918,-4.962351317532125],[105.23855209350586,-4.965857176143217],[105.23202896118164,-4.9694485241742825],[105.22790908813477,-4.970987667339401],[105.22387504577637,-4.973894927949601],[105.22147178649902,-4.974322465191989],[105.21924018859863,-4.975519567993388],[105.21331787109375,-4.976118118577588]]}},{"type":"Feature","id":"pmtiles:10/811/526:transportation:1108192140:1","properties":{"subclass":"rail","class":"rail","railway":"rail","kind":"railway","verification":"verified","source":"OpenMapTiles/OpenStreetMap national PMTiles","sourceId":"10/811/526:transportation:1108192140:1","sourceLayer":"transportation","archive":"https://its.hanifahseptiani45.workers.dev/v1/map/archive/indonesia.pmtiles","updatedAt":"2026-07-26T09:44:19.090Z"},"geometry":{"type":"LineString","coordinates":[[105.11409759521484,-5.013740202838733],[105.12474060058594,-5.02656541885932],[105.1310920715332,-5.036483412811151]]}},{"type":"Feature","id":"pmtiles:10/811/526:transportation:1108192140:2","properties":{"subclass":"rail","class":"rail","railway":"rail","kind":"railway","verification":"verified","source":"OpenMapTiles/OpenStreetMap national PMTiles","sourceId":"10/811/526:transportation:1108192140:2","sourceLayer":"transportation","archive":"https://its.hanifahseptiani45.workers.dev/v1/map/archive/indonesia.pmtiles","updatedAt":"2026-07-26T09:44:19.090Z"},"geometry":{"type":"LineString","coordinates":[[105.13649940490723,-5.075640908098109],[105.13315200805664,-5.0407583635580835],[105.13272285461426,-5.039390382378912],[105.13160705566406,-5.037167406820302]]}},{"type":"Feature","id":"pmtiles:10/811/526:transportation:1108192140:3","properties":{"subclass":"rail","class":"rail","railway":"rail","kind":"railway","verification":"verified","source":"OpenMapTiles/OpenStreetMap national PMTiles","sourceId":"10/811/526:transportation:1108192140:3","sourceLayer":"transportation","archive":"https://its.hanifahseptiani45.workers.dev/v1/map/archive/indonesia.pmtiles","updatedAt":"2026-07-26T09:44:19.090Z"},"geometry":{"type":"LineString","coordinates":[[105.1732349395752,-5.194295756963186],[105.17374992370605,-5.190534704168925],[105.17332077026367,-5.1872010249878],[105.13778686523438,-5.087438989578175],[105.1365852355957,-5.076153872652995]]}},{"type":"Feature","id":"pmtiles:10/811/526:transportation:1108192140:4","properties":{"subclass":"rail","class":"rail","railway":"rail","kind":"railway","verification":"verified","source":"OpenMapTiles/OpenStreetMap national PMTiles","sourceId":"10/811/526:transportation:1108192140:4","sourceLayer":"transportation","archive":"https://its.hanifahseptiani45.workers.dev/v1/map/archive/indonesia.pmtiles","updatedAt":"2026-07-26T09:44:19.090Z"},"geometry":{"type":"LineString","coordinates":[[105.18224716186523,-5.271477837928359],[105.18078804016113,-5.2663497564113015],[105.17898559570312,-5.255153298135227],[105.17692565917969,-5.246777190103003],[105.17580986022949,-5.244213052910709],[105.17289161682129,-5.23959757942589],[105.17186164855957,-5.235409435089835],[105.17023086547852,-5.210109028643544],[105.17031669616699,-5.208997838754456],[105.17168998718262,-5.205065920297429],[105.17314910888672,-5.194808626060237]]}},{"type":"Feature","id":"pmtiles:10/811/526:transportation:535473050:0","properties":{"class":"trunk","highway":"trunk","kind":"road","verification":"verified","source":"OpenMapTiles/OpenStreetMap national PMTiles","sourceId":"10/811/526:transportation:535473050:0","sourceLayer":"transportation","archive":"https://its.hanifahseptiani45.workers.dev/v1/map/archive/indonesia.pmtiles","updatedAt":"2026-07-26T09:44:19.090Z"},"geometry":{"type":"LineString","coordinates":[[105.2131462097168,-4.975947104180506],[105.21374702453613,-4.975092031528533],[105.21546363830566,-4.973552897955784],[105.21580696105957,-4.972954345039071],[105.21726608276367,-4.966968785957874],[105.216064453125,-4.9585034024945855],[105.21529197692871,-4.947643610296154],[105.21228790283203,-4.935757491772904],[105.21211624145508,-4.928488897070835],[105.21297454833984,-4.924726299160611],[105.21323204040527,-4.921904336755162],[105.21151542663574,-4.915063166106634],[105.21151542663574,-4.910359820532264]]}},{"type":"Feature","id":"pmtiles:10/811/526:transportation:535473050:1","properties":{"class":"trunk","highway":"trunk","kind":"road","verification":"verified","source":"OpenMapTiles/OpenStreetMap national PMTiles","sourceId":"10/811/526:transportation:535473050:1","sourceLayer":"transportation","archive":"https://its.hanifahseptiani45.workers.dev/v1/map/archive/indonesia.pmtiles","updatedAt":"2026-07-26T09:44:19.090Z"},"geometry":{"type":"LineString","coordinates":[[105.21323204040527,-4.976203625759453],[105.21263122558594,-4.977229711075211]]}},{"type":"Feature","id":"pmtiles:10/811/526:transportation:535473050:2","properties":{"class":"trunk","highway":"trunk","kind":"road","verification":"verified","source":"OpenMapTiles/OpenStreetMap national PMTiles","sourceId":"10/811/526:transportation:535473050:2","sourceLayer":"transportation","archive":"https://its.hanifahseptiani45.workers.dev/v1/map/archive/indonesia.pmtiles","updatedAt":"2026-07-26T09:44:19.090Z"},"geometry":{"type":"LineString","coordinates":[[105.1776123046875,-5.191645926647652],[105.17786979675293,-5.191816883778301]]}},{"type":"Feature","id":"pmtiles:10/811/526:transportation:535473050:3","properties":{"class":"trunk","highway":"trunk","kind":"road","verification":"verified","source":"OpenMapTiles/OpenStreetMap national PMTiles","sourceId":"10/811/526:transportation:535473050:3","sourceLayer":"transportation","archive":"https://its.hanifahseptiani45.workers.dev/v1/map/archive/indonesia.pmtiles","updatedAt":"2026-07-26T09:44:19.090Z"},"geometry":{"type":"LineString","coordinates":[[105.17580986022949,-5.198655130981265],[105.17546653747559,-5.206262593735104],[105.17366409301758,-5.210109028643544],[105.17306327819824,-5.211989499363639],[105.17280578613281,-5.216861601853708],[105.17220497131348,-5.2207079718385785],[105.17314910888672,-5.22968274335534],[105.17271995544434,-5.2328452512418835],[105.17289161682129,-5.23464018103931],[105.17254829406738,-5.237460774597579],[105.1735782623291,-5.240366827375269],[105.18138885498047,-5.249854140823601],[105.18293380737305,-5.253016546575921],[105.18387794494629,-5.256691754719725],[105.18465042114258,-5.258657554824438],[105.18465042114258,-5.261990853857],[105.1856803894043,-5.26506772942011],[105.18671035766602,-5.271477837928359]]}},{"type":"Feature","id":"pmtiles:10/811/526:transportation:535473050:4","properties":{"class":"trunk","highway":"trunk","kind":"road","verification":"verified","source":"OpenMapTiles/OpenStreetMap national PMTiles","sourceId":"10/811/526:transportation:535473050:4","sourceLayer":"transportation","archive":"https://its.hanifahseptiani45.workers.dev/v1/map/archive/indonesia.pmtiles","updatedAt":"2026-07-26T09:44:19.090Z"},"geometry":{"type":"LineString","coordinates":[[105.27288436889648,-5.141809953425323],[105.2768325805664,-5.142237379781676],[105.27769088745117,-5.141895438719558],[105.27829170227051,-5.141382526782053],[105.27863502502441,-5.140613158101189],[105.27863502502441,-5.137022758637258],[105.27889251708984,-5.13599692650331],[105.28429985046387,-5.129927385943077],[105.28567314147949,-5.126165951551187],[105.28807640075684,-5.124028763049438],[105.28910636901855,-5.122062543314229],[105.29211044311523,-5.121036687138215],[105.2933120727539,-5.12035278210638],[105.29545783996582,-5.12018180573412],[105.29605865478516,-5.119839852852451],[105.2973461151123,-5.117275200412394],[105.29751777648926,-5.1151379821923655],[105.2981185913086,-5.114539559811817],[105.29897689819336,-5.114197603914633],[105.30601501464844,-5.114197603914633]]}},{"type":"Feature","id":"pmtiles:10/811/526:transportation:535473050:5","properties":{"class":"trunk","highway":"trunk","kind":"road","verification":"verified","source":"OpenMapTiles/OpenStreetMap national PMTiles","sourceId":"10/811/526:transportation:535473050:5","sourceLayer":"transportation","archive":"https://its.hanifahseptiani45.workers.dev/v1/map/archive/indonesia.pmtiles","updatedAt":"2026-07-26T09:44:19.090Z"},"geometry":{"type":"LineString","coordinates":[[105.30601501464844,-5.114112114911791],[105.2988052368164,-5.114112114911791],[105.29803276062012,-5.114454070854649],[105.29751777648926,-5.115052493315119],[105.29726028442383,-5.117275200412394],[105.29597282409668,-5.11992534109001],[105.29545783996582,-5.12018180573412],[105.29339790344238,-5.120438270275372],[105.2918529510498,-5.121207663281865],[105.28927803039551,-5.12197705536245],[105.28807640075684,-5.124114250726791],[105.28567314147949,-5.126165951551187],[105.28464317321777,-5.129328977408633],[105.28412818908691,-5.130269333425147],[105.27880668640137,-5.136338870731393],[105.27872085571289,-5.1404421871570065],[105.27829170227051,-5.141382526782053],[105.27777671813965,-5.141980924002297],[105.2768325805664,-5.142322865018514],[105.27288436889648,-5.141809953425323],[105.26790618896484,-5.1385615037421815],[105.2640438079834,-5.13813407491908],[105.26069641113281,-5.139330874901148],[105.25992393493652,-5.139416360528131],[105.25391578674316,-5.136338870731393],[105.25125503540039,-5.136424356759761],[105.24996757507324,-5.136851786729579],[105.24782180786133,-5.138732475191134],[105.24507522583008,-5.139672817340227],[105.2431869506836,-5.1435196571289765],[105.23846626281738,-5.150785846619044],[105.23760795593262,-5.151555202998125],[105.23537635803223,-5.152581010054732],[105.23331642150879,-5.154974553412586],[105.22627830505371,-5.159077749608457],[105.22284507751465,-5.163266401692965],[105.22250175476074,-5.163950260630855],[105.2226734161377,-5.165232494151127],[105.22361755371094,-5.166856652886366],[105.22370338439941,-5.168053398764258],[105.22207260131836,-5.170361402286687],[105.2204418182373,-5.172071029101986],[105.2175235748291,-5.172925840778191],[105.21477699279785,-5.1754047881095175],[105.2109146118164,-5.176772479030802],[105.2076530456543,-5.17993525295627],[105.20464897155762,-5.181217454093485],[105.20190238952637,-5.183525409583339],[105.20087242126465,-5.183867328197991],[105.19623756408691,-5.183952807822735],[105.19349098205566,-5.185576918494263],[105.18919944763184,-5.188568690372406],[105.18190383911133,-5.191218533618326],[105.17786979675293,-5.191816883778301],[105.17744064331055,-5.192073319387333]]}},{"type":"Feature","id":"pmtiles:10/811/526:transportation:535473050:6","properties":{"class":"trunk","highway":"trunk","kind":"road","verification":"verified","source":"OpenMapTiles/OpenStreetMap national PMTiles","sourceId":"10/811/526:transportation:535473050:6","sourceLayer":"transportation","archive":"https://its.hanifahseptiani45.workers.dev/v1/map/archive/indonesia.pmtiles","updatedAt":"2026-07-26T09:44:19.090Z"},"geometry":{"type":"LineString","coordinates":[[105.30610084533691,-5.114026625897537],[105.30610084533691,-5.114197603914633],[105.30610084533691,-5.114026625897537]]}},{"type":"Feature","id":"pmtiles:10/811/526:transportation:535473050:7","properties":{"class":"trunk","highway":"trunk","kind":"road","verification":"verified","source":"OpenMapTiles/OpenStreetMap national PMTiles","sourceId":"10/811/526:transportation:535473050:7","sourceLayer":"transportation","archive":"https://its.hanifahseptiani45.workers.dev/v1/map/archive/indonesia.pmtiles","updatedAt":"2026-07-26T09:44:19.090Z"},"geometry":{"type":"LineString","coordinates":[[105.4742431640625,-5.0679463908489595],[105.47192573547363,-5.067775400535396],[105.4698657989502,-5.066749457703693],[105.46694755554199,-5.064270089136642],[105.46428680419922,-5.060593766520313],[105.46265602111816,-5.059225827190346],[105.46196937561035,-5.058969338244069],[105.45639038085938,-5.059311323483186],[105.45501708984375,-5.058969338244069],[105.4533863067627,-5.058199870795363],[105.45218467712402,-5.056746429785676],[105.44986724853516,-5.0557204694615905],[105.44797897338867,-5.053754040964449],[105.44617652893066,-5.052557081565681],[105.4423999786377,-5.05084713573244],[105.43733596801758,-5.04734173267542],[105.43390274047852,-5.045631773090292],[105.4317569732666,-5.044947787994545],[105.42652130126953,-5.043921808999414],[105.42351722717285,-5.045033286170934],[105.39399147033691,-5.062303686615607],[105.38463592529297,-5.06495405382914],[105.37991523742676,-5.067860895697834],[105.37751197814941,-5.070340250486538],[105.3764820098877,-5.072135639391334],[105.37013053894043,-5.079317145058823],[105.36266326904297,-5.081198002374279],[105.36026000976562,-5.082565895155554],[105.35313606262207,-5.085472657670735],[105.33923149108887,-5.096073680285912],[105.33880233764648,-5.096843102542579],[105.33768653869629,-5.100690199999562],[105.33648490905762,-5.102229032527447],[105.33013343811035,-5.108213346157484],[105.31760215759277,-5.113855647834782],[105.31648635864258,-5.114112114911791],[105.30618667602539,-5.114112114911791]]}},{"type":"Feature","id":"pmtiles:10/811/526:transportation:535473050:8","properties":{"class":"trunk","highway":"trunk","kind":"road","verification":"verified","source":"OpenMapTiles/OpenStreetMap national PMTiles","sourceId":"10/811/526:transportation:535473050:8","sourceLayer":"transportation","archive":"https://its.hanifahseptiani45.workers.dev/v1/map/archive/indonesia.pmtiles","updatedAt":"2026-07-26T09:44:19.090Z"},"geometry":{"type":"LineString","coordinates":[[105.18662452697754,-5.271477837928359],[105.1856803894043,-5.265324135029857],[105.1845645904541,-5.261990853857],[105.1845645904541,-5.258657554824438],[105.18267631530762,-5.252760135896423],[105.18130302429199,-5.249939611460249],[105.1735782623291,-5.240623243147894],[105.17254829406738,-5.237802663861089],[105.1724624633789,-5.236776995509558],[105.17280578613281,-5.234725653758318],[105.17263412475586,-5.2328452512418835],[105.17306327819824,-5.22968274335534],[105.172119140625,-5.2207079718385785],[105.17271995544434,-5.216776126697312],[105.17297744750977,-5.211989499363639],[105.1735782623291,-5.210194504707474],[105.17538070678711,-5.206262593735104],[105.17580986022949,-5.198655130981265],[105.17658233642578,-5.194979582333161],[105.17744064331055,-5.192073319387333],[105.17786979675293,-5.189679916314589],[105.17812728881836,-5.185747877269307],[105.17804145812988,-5.183012531314304],[105.17881393432617,-5.181388414048541],[105.18173217773438,-5.177712764823468],[105.18216133117676,-5.17668699843486],[105.1819896697998,-5.174379017977941],[105.18061637878418,-5.168395325742708],[105.18010139465332,-5.161727716386196],[105.18027305603027,-5.158821300623245],[105.18104553222656,-5.154461652023727],[105.18216133117676,-5.150956814783768],[105.18559455871582,-5.145143871393898],[105.1871395111084,-5.138048589120061],[105.19100189208984,-5.132064554699738],[105.19177436828613,-5.1284741071005016],[105.19280433654785,-5.127191799492039],[105.19366264343262,-5.125225589491308],[105.19289016723633,-5.114881515526349],[105.19057273864746,-5.1104360769930395],[105.18945693969727,-5.102058051317655],[105.1900577545166,-5.098809399677961],[105.19280433654785,-5.09162811143176],[105.1926326751709,-5.08590012163981],[105.19718170166016,-5.0792316514140765],[105.1966667175293,-5.068031885988788],[105.20121574401855,-5.061277735100788],[105.20155906677246,-5.060422774262221],[105.20173072814941,-5.057173912774303],[105.20018577575684,-5.0481112130183305],[105.20009994506836,-5.042981326829391],[105.2021598815918,-5.032635933103805],[105.20413398742676,-5.02459890211037],[105.20636558532715,-5.014082211870743],[105.2076530456543,-5.009550577664996],[105.20833969116211,-5.0039073666219025],[105.21151542663574,-4.999290157749897],[105.21228790283203,-4.996383009537681],[105.21228790283203,-4.995527963491284],[105.21177291870117,-4.994159887497176],[105.2102279663086,-4.9916802424825875],[105.20979881286621,-4.986635418524941],[105.20979881286621,-4.98466878173484],[105.21031379699707,-4.9821891008688794],[105.21263122558594,-4.977229711075211],[105.21374702453613,-4.975092031528533]]}},{"type":"Feature","id":"pmtiles:10/811/526:transportation:5436988290:0","properties":{"class":"motorway","toll":1,"highway":"motorway","kind":"road","verification":"verified","source":"OpenMapTiles/OpenStreetMap national PMTiles","sourceId":"10/811/526:transportation:5436988290:0","sourceLayer":"transportation","archive":"https://its.hanifahseptiani45.workers.dev/v1/map/archive/indonesia.pmtiles","updatedAt":"2026-07-26T09:44:19.090Z"},"geometry":{"type":"LineString","coordinates":[[105.22172927856445,-4.910359820532264],[105.22172927856445,-4.912754255153402],[105.22456169128418,-4.923785646355768],[105.22756576538086,-4.934132753981203],[105.22833824157715,-4.9373822255858215],[105.22859573364258,-4.9396910509993575],[105.22790908813477,-4.954569955060734],[105.22859573364258,-4.970731143728244],[105.22953987121582,-5.003052330398901],[105.22928237915039,-5.005531932367504],[105.22679328918457,-5.019383328955058],[105.22662162780762,-5.021606365237417],[105.2267074584961,-5.025368409371183],[105.22713661193848,-5.028189928217827],[105.23074150085449,-5.043408818893738],[105.23082733154297,-5.045460776883942],[105.23031234741211,-5.047769221867497],[105.22945404052734,-5.0494791758183055],[105.21623611450195,-5.063586123720583],[105.21512031555176,-5.065381531394479],[105.21391868591309,-5.0679463908489595],[105.21331787109375,-5.0704257453094925],[105.21306037902832,-5.073076079205876],[105.21323204040527,-5.085729136086229],[105.21263122558594,-5.088293914620735],[105.20954132080078,-5.0979544886196635],[105.20705223083496,-5.109837650218864],[105.20696640014648,-5.112487821689115],[105.20730972290039,-5.115223471058201],[105.20859718322754,-5.11975436460348],[105.2091121673584,-5.122404495007061],[105.20919799804688,-5.125140101962671],[105.20688056945801,-5.13719373049905],[105.20627975463867,-5.142493835457756],[105.20585060119629,-5.15215359064905],[105.20748138427734,-5.173353246183353],[105.20928382873535,-5.188226774304141],[105.21014213562012,-5.201903272396208],[105.21615028381348,-5.219596800710036],[105.2164077758789,-5.221477243004912],[105.21632194519043,-5.223955999230668],[105.21537780761719,-5.226862114733251],[105.2116870880127,-5.232417886245273],[105.21100044250488,-5.233785453206721],[105.2102279663086,-5.236606050620679],[105.2102279663086,-5.239084746933472],[105.21477699279785,-5.260708817880527],[105.21512031555176,-5.263700231049128],[105.21529197692871,-5.271477837928359]]}},{"type":"Feature","id":"pmtiles:10/811/526:transportation:5436988290:1","properties":{"class":"motorway","toll":1,"highway":"motorway","kind":"road","verification":"verified","source":"OpenMapTiles/OpenStreetMap national PMTiles","sourceId":"10/811/526:transportation:5436988290:1","sourceLayer":"transportation","archive":"https://its.hanifahseptiani45.workers.dev/v1/map/archive/indonesia.pmtiles","updatedAt":"2026-07-26T09:44:19.090Z"},"geometry":{"type":"LineString","coordinates":[[105.21520614624023,-5.271477837928359],[105.21503448486328,-5.263614762301103],[105.21469116210938,-5.260794287027807],[105.21014213562012,-5.239084746933472],[105.21031379699707,-5.235922270597769],[105.2109146118164,-5.2336999803592335],[105.21529197692871,-5.226776640940301],[105.21632194519043,-5.223272205388852],[105.21632194519043,-5.221477243004912],[105.21597862243652,-5.219596800710036],[105.21005630493164,-5.201903272396208],[105.2091121673584,-5.188141295258134],[105.20739555358887,-5.173353246183353],[105.20567893981934,-5.15215359064905],[105.2061939239502,-5.142493835457756],[105.20679473876953,-5.13719373049905],[105.20902633666992,-5.125140101962671],[105.20902633666992,-5.122404495007061],[105.20859718322754,-5.11975436460348],[105.20722389221191,-5.115223471058201],[105.20688056945801,-5.112487821689115],[105.20696640014648,-5.109837650218864],[105.2094554901123,-5.0979544886196635],[105.21254539489746,-5.088293914620735],[105.2131462097168,-5.085729136086229],[105.21297454833984,-5.074273000624302],[105.21323204040527,-5.070169260806679],[105.21383285522461,-5.067860895697834],[105.21503448486328,-5.065381531394479],[105.21615028381348,-5.063586123720583],[105.21743774414062,-5.062047198889459],[105.22936820983887,-5.0494791758183055],[105.23022651672363,-5.047683724051623],[105.23074150085449,-5.045460776883942],[105.23065567016602,-5.043494317272845],[105.2273941040039,-5.029643433156153],[105.22662162780762,-5.025368409371183],[105.22653579711914,-5.021606365237417],[105.2267074584961,-5.0192978274082805],[105.22919654846191,-5.005531932367504],[105.22945404052734,-5.003052330398901],[105.22790908813477,-4.958417893016801],[105.22799491882324,-4.949524846912652],[105.2285099029541,-4.9396910509993575],[105.22825241088867,-4.9373822255858215],[105.22207260131836,-4.914977651028821],[105.2215576171875,-4.911813585434913],[105.2215576171875,-4.910359820532264]]}},{"type":"Feature","id":"pmtiles:10/811/526:transportation:1108192080:1","properties":{"subclass":"rail","brunnel":"bridge","class":"rail","layer":1,"railway":"rail","bridge":true,"kind":"railway","verification":"verified","source":"OpenMapTiles/OpenStreetMap national PMTiles","sourceId":"10/811/526:transportation:1108192080:1","sourceLayer":"transportation","archive":"https://its.hanifahseptiani45.workers.dev/v1/map/archive/indonesia.pmtiles","updatedAt":"2026-07-26T09:44:19.090Z"},"geometry":{"type":"LineString","coordinates":[[105.1310920715332,-5.036483412811151],[105.13160705566406,-5.037167406820302]]}},{"type":"Feature","id":"pmtiles:10/811/526:transportation:1108192080:2","properties":{"subclass":"rail","brunnel":"bridge","class":"rail","layer":1,"railway":"rail","bridge":true,"kind":"railway","verification":"verified","source":"OpenMapTiles/OpenStreetMap national PMTiles","sourceId":"10/811/526:transportation:1108192080:2","sourceLayer":"transportation","archive":"https://its.hanifahseptiani45.workers.dev/v1/map/archive/indonesia.pmtiles","updatedAt":"2026-07-26T09:44:19.090Z"},"geometry":{"type":"LineString","coordinates":[[105.1365852355957,-5.076153872652995],[105.13649940490723,-5.075640908098109]]}},{"type":"Feature","id":"pmtiles:10/811/526:transportation:1108192080:3","properties":{"subclass":"rail","brunnel":"bridge","class":"rail","layer":1,"railway":"rail","bridge":true,"kind":"railway","verification":"verified","source":"OpenMapTiles/OpenStreetMap national PMTiles","sourceId":"10/811/526:transportation:1108192080:3","sourceLayer":"transportation","archive":"https://its.hanifahseptiani45.workers.dev/v1/map/archive/indonesia.pmtiles","updatedAt":"2026-07-26T09:44:19.090Z"},"geometry":{"type":"LineString","coordinates":[[105.17314910888672,-5.194808626060237],[105.1732349395752,-5.194295756963186]]}},{"type":"Feature","id":"pmtiles:10/811/526:transportation_name:55163839411:0","properties":{"name_int":"Tegineneng","ref":"108","name_de":"Tegineneng","name":"Tegineneng","ref_length":3,"subclass":"junction","class":"motorway","name:latin":"Tegineneng","name_en":"Tegineneng","highway":"motorway","kind":"road","verification":"verified","source":"OpenMapTiles/OpenStreetMap national PMTiles","sourceId":"10/811/526:transportation_name:55163839411:0","sourceLayer":"transportation_name","archive":"https://its.hanifahseptiani45.workers.dev/v1/map/archive/indonesia.pmtiles","updatedAt":"2026-07-26T09:44:19.090Z"},"geometry":{"type":"Point","coordinates":[105.20585060119629,-5.15215359064905]}},{"type":"Feature","id":"pmtiles:10/811/526:transportation_name:55163839491:0","properties":{"name_int":"Tegineneng","ref":"108","name_de":"Tegineneng","name":"Tegineneng","ref_length":3,"subclass":"junction","class":"motorway","name:latin":"Tegineneng","name_en":"Tegineneng","highway":"motorway","kind":"road","verification":"verified","source":"OpenMapTiles/OpenStreetMap national PMTiles","sourceId":"10/811/526:transportation_name:55163839491:0","sourceLayer":"transportation_name","archive":"https://its.hanifahseptiani45.workers.dev/v1/map/archive/indonesia.pmtiles","updatedAt":"2026-07-26T09:44:19.090Z"},"geometry":{"type":"Point","coordinates":[105.20662307739258,-5.1645486365964075]}},{"type":"Feature","id":"pmtiles:10/811/526:transportation_name:63874929441:0","properties":{"name_int":"Gunung Sugih","ref":"131","name_de":"Gunung Sugih","name":"Gunung Sugih","ref_length":3,"subclass":"junction","class":"motorway","name:latin":"Gunung Sugih","name_en":"Gunung Sugih","highway":"motorway","kind":"road","verification":"verified","source":"OpenMapTiles/OpenStreetMap national PMTiles","sourceId":"10/811/526:transportation_name:63874929441:0","sourceLayer":"transportation_name","archive":"https://its.hanifahseptiani45.workers.dev/v1/map/archive/indonesia.pmtiles","updatedAt":"2026-07-26T09:44:19.090Z"},"geometry":{"type":"Point","coordinates":[105.22799491882324,-4.961923772524557]}},{"type":"Feature","id":"pmtiles:10/811/526:transportation_name:63874929731:0","properties":{"name_int":"Gunung Sugih","ref":"131","name_de":"Gunung Sugih","name":"Gunung Sugih","ref_length":3,"subclass":"junction","class":"motorway","name:latin":"Gunung Sugih","name_en":"Gunung Sugih","highway":"motorway","kind":"road","verification":"verified","source":"OpenMapTiles/OpenStreetMap national PMTiles","sourceId":"10/811/526:transportation_name:63874929731:0","sourceLayer":"transportation_name","archive":"https://its.hanifahseptiani45.workers.dev/v1/map/archive/indonesia.pmtiles","updatedAt":"2026-07-26T09:44:19.090Z"},"geometry":{"type":"Point","coordinates":[105.22799491882324,-4.956707701136551]}},{"type":"Feature","id":"pmtiles:10/811/526:transportation_name:65730067091:0","properties":{"subclass":"junction","class":"motorway","highway":"motorway","kind":"road","verification":"verified","source":"OpenMapTiles/OpenStreetMap national PMTiles","sourceId":"10/811/526:transportation_name:65730067091:0","sourceLayer":"transportation_name","archive":"https://its.hanifahseptiani45.workers.dev/v1/map/archive/indonesia.pmtiles","updatedAt":"2026-07-26T09:44:19.090Z"},"geometry":{"type":"Point","coordinates":[105.21331787109375,-5.084874207637213]}},{"type":"Feature","id":"pmtiles:10/811/526:transportation_name:94082879521:0","properties":{"subclass":"junction","class":"motorway","highway":"motorway","kind":"road","verification":"verified","source":"OpenMapTiles/OpenStreetMap national PMTiles","sourceId":"10/811/526:transportation_name:94082879521:0","sourceLayer":"transportation_name","archive":"https://its.hanifahseptiani45.workers.dev/v1/map/archive/indonesia.pmtiles","updatedAt":"2026-07-26T09:44:19.090Z"},"geometry":{"type":"Point","coordinates":[105.21074295043945,-5.09376540798776]}},{"type":"Feature","id":"pmtiles:10/811/526:transportation_name:5747651550:0","properties":{"name":"Simpang Susun Tegineneng","name_int":"Simpang Susun Tegineneng","class":"motorway","name:latin":"Simpang Susun Tegineneng","name_de":"Simpang Susun Tegineneng","name_en":"Simpang Susun Tegineneng","highway":"motorway","kind":"road","verification":"verified","source":"OpenMapTiles/OpenStreetMap national PMTiles","sourceId":"10/811/526:transportation_name:5747651550:0","sourceLayer":"transportation_name","archive":"https://its.hanifahseptiani45.workers.dev/v1/map/archive/indonesia.pmtiles","updatedAt":"2026-07-26T09:44:19.090Z"},"geometry":{"type":"LineString","coordinates":[[105.20662307739258,-5.1645486365964075],[105.20610809326172,-5.160445475779113],[105.20576477050781,-5.156769705011428],[105.20533561706543,-5.1564277717648395],[105.20482063293457,-5.1564277717648395],[105.20439147949219,-5.1571116380738715],[105.20456314086914,-5.1576245373222065],[105.205078125,-5.158051953045899],[105.21297454833984,-5.158222919254797],[105.21434783935547,-5.158735817605148],[105.22069931030273,-5.164805083265875],[105.22130012512207,-5.165916350968033],[105.22130012512207,-5.166771170951435],[105.22095680236816,-5.167625989781655],[105.21838188171387,-5.170446883737085],[105.21812438964844,-5.171387178929876],[105.21829605102539,-5.172669397396547]]}},{"type":"Feature","id":"pmtiles:10/811/526:transportation_name:5747651550:1","properties":{"name":"Simpang Susun Tegineneng","name_int":"Simpang Susun Tegineneng","class":"motorway","name:latin":"Simpang Susun Tegineneng","name_de":"Simpang Susun Tegineneng","name_en":"Simpang Susun Tegineneng","highway":"motorway","kind":"road","verification":"verified","source":"OpenMapTiles/OpenStreetMap national PMTiles","sourceId":"10/811/526:transportation_name:5747651550:1","sourceLayer":"transportation_name","archive":"https://its.hanifahseptiani45.workers.dev/v1/map/archive/indonesia.pmtiles","updatedAt":"2026-07-26T09:44:19.090Z"},"geometry":{"type":"LineString","coordinates":[[105.20585060119629,-5.15215359064905],[105.20636558532715,-5.156171321709039],[105.20662307739258,-5.159761613062301],[105.20705223083496,-5.160189027346689],[105.2076530456543,-5.16010354451285],[105.2079963684082,-5.15967613017088],[105.20791053771973,-5.158906783629831],[105.20748138427734,-5.158564851534422],[105.20670890808105,-5.158393885417624],[105.18465042114258,-5.158906783629831],[105.18035888671875,-5.158222919254797]]}},{"type":"Feature","id":"pmtiles:10/811/526:transportation_name:535473050:0","properties":{"name_int":"Jalan Lintas Tengah Sumatera","ref":"5","name_de":"Jalan Lintas Tengah Sumatera","name":"Jalan Lintas Tengah Sumatera","ref_length":1,"class":"trunk","name:latin":"Jalan Lintas Tengah Sumatera","name_en":"Jalan Lintas Tengah Sumatera","network":"road","highway":"trunk","kind":"road","verification":"verified","source":"OpenMapTiles/OpenStreetMap national PMTiles","sourceId":"10/811/526:transportation_name:535473050:0","sourceLayer":"transportation_name","archive":"https://its.hanifahseptiani45.workers.dev/v1/map/archive/indonesia.pmtiles","updatedAt":"2026-07-26T09:44:19.090Z"},"geometry":{"type":"LineString","coordinates":[[105.2131462097168,-4.975947104180506],[105.21374702453613,-4.975092031528533],[105.21546363830566,-4.973552897955784],[105.21580696105957,-4.972954345039071],[105.21726608276367,-4.966968785957874],[105.216064453125,-4.9585034024945855],[105.21529197692871,-4.947643610296154],[105.21228790283203,-4.935757491772904],[105.21220207214355,-4.931396344499916]]}},{"type":"Feature","id":"pmtiles:10/811/526:transportation_name:535473050:1","properties":{"name_int":"Jalan Lintas Tengah Sumatera","ref":"5","name_de":"Jalan Lintas Tengah Sumatera","name":"Jalan Lintas Tengah Sumatera","ref_length":1,"class":"trunk","name:latin":"Jalan Lintas Tengah Sumatera","name_en":"Jalan Lintas Tengah Sumatera","network":"road","highway":"trunk","kind":"road","verification":"verified","source":"OpenMapTiles/OpenStreetMap national PMTiles","sourceId":"10/811/526:transportation_name:535473050:1","sourceLayer":"transportation_name","archive":"https://its.hanifahseptiani45.workers.dev/v1/map/archive/indonesia.pmtiles","updatedAt":"2026-07-26T09:44:19.090Z"},"geometry":{"type":"LineString","coordinates":[[105.17580986022949,-5.198655130981265],[105.17546653747559,-5.206262593735104],[105.17366409301758,-5.210109028643544],[105.17306327819824,-5.211989499363639],[105.17280578613281,-5.216861601853708],[105.17220497131348,-5.2207079718385785],[105.17314910888672,-5.22968274335534],[105.17271995544434,-5.2328452512418835],[105.17289161682129,-5.23464018103931],[105.17254829406738,-5.237460774597579],[105.1735782623291,-5.240366827375269],[105.18138885498047,-5.249854140823601],[105.18293380737305,-5.253016546575921],[105.18387794494629,-5.256691754719725],[105.18465042114258,-5.258657554824438],[105.18465042114258,-5.261990853857],[105.1856803894043,-5.26506772942011],[105.1860237121582,-5.267888185310412],[105.1874828338623,-5.27549480554066],[105.1882553100586,-5.277204145574771]]}},{"type":"Feature","id":"pmtiles:10/811/526:transportation_name:535473050:2","properties":{"name_int":"Jalan Lintas Tengah Sumatera","ref":"5","name_de":"Jalan Lintas Tengah Sumatera","name":"Jalan Lintas Tengah Sumatera","ref_length":1,"class":"trunk","name:latin":"Jalan Lintas Tengah Sumatera","name_en":"Jalan Lintas Tengah Sumatera","network":"road","highway":"trunk","kind":"road","verification":"verified","source":"OpenMapTiles/OpenStreetMap national PMTiles","sourceId":"10/811/526:transportation_name:535473050:2","sourceLayer":"transportation_name","archive":"https://its.hanifahseptiani45.workers.dev/v1/map/archive/indonesia.pmtiles","updatedAt":"2026-07-26T09:44:19.090Z"},"geometry":{"type":"LineString","coordinates":[[105.18808364868164,-5.277033211783291],[105.18731117248535,-5.274811068208479],[105.1856803894043,-5.265324135029857],[105.1845645904541,-5.261990853857],[105.1845645904541,-5.258657554824438],[105.18267631530762,-5.252760135896423],[105.18130302429199,-5.249939611460249],[105.1735782623291,-5.240623243147894],[105.17254829406738,-5.237802663861089],[105.1724624633789,-5.236776995509558],[105.17280578613281,-5.234725653758318],[105.17263412475586,-5.2328452512418835],[105.17306327819824,-5.22968274335534],[105.172119140625,-5.2207079718385785],[105.17271995544434,-5.216776126697312],[105.17297744750977,-5.211989499363639],[105.1735782623291,-5.210194504707474],[105.17538070678711,-5.206262593735104],[105.17580986022949,-5.198655130981265],[105.17786979675293,-5.189679916314589],[105.17812728881836,-5.185747877269307],[105.17804145812988,-5.183012531314304],[105.17881393432617,-5.181388414048541],[105.18173217773438,-5.177712764823468],[105.18216133117676,-5.17668699843486],[105.1819896697998,-5.174379017977941],[105.18061637878418,-5.168395325742708],[105.18010139465332,-5.161727716386196],[105.18027305603027,-5.158821300623245],[105.18104553222656,-5.154461652023727],[105.18216133117676,-5.150956814783768],[105.18559455871582,-5.145143871393898],[105.1871395111084,-5.138048589120061],[105.19100189208984,-5.132064554699738],[105.19177436828613,-5.1284741071005016],[105.19280433654785,-5.127191799492039],[105.19366264343262,-5.125225589491308],[105.19289016723633,-5.114881515526349],[105.19057273864746,-5.1104360769930395],[105.18945693969727,-5.102058051317655],[105.1900577545166,-5.098809399677961],[105.19280433654785,-5.09162811143176],[105.1926326751709,-5.08590012163981],[105.19718170166016,-5.0792316514140765],[105.1966667175293,-5.068031885988788],[105.20121574401855,-5.061277735100788],[105.20155906677246,-5.060422774262221],[105.20173072814941,-5.057173912774303],[105.20018577575684,-5.0481112130183305],[105.20009994506836,-5.042981326829391],[105.2021598815918,-5.032635933103805],[105.20413398742676,-5.02459890211037],[105.20636558532715,-5.014082211870743],[105.2076530456543,-5.009550577664996],[105.20833969116211,-5.0039073666219025],[105.21151542663574,-4.999290157749897],[105.21228790283203,-4.996383009537681],[105.21228790283203,-4.995527963491284],[105.21177291870117,-4.994159887497176],[105.2102279663086,-4.9916802424825875],[105.20979881286621,-4.98466878173484],[105.21031379699707,-4.9821891008688794],[105.21263122558594,-4.977229711075211],[105.21306037902832,-4.976118118577588]]}},{"type":"Feature","id":"pmtiles:10/811/526:transportation_name:2798682790:0","properties":{"name":"Jalan Raya Metro","name_int":"Jalan Raya Metro","class":"trunk","name:latin":"Jalan Raya Metro","name_de":"Jalan Raya Metro","name_en":"Jalan Raya Metro","highway":"trunk","kind":"road","verification":"verified","source":"OpenMapTiles/OpenStreetMap national PMTiles","sourceId":"10/811/526:transportation_name:2798682790:0","sourceLayer":"transportation_name","archive":"https://its.hanifahseptiani45.workers.dev/v1/map/archive/indonesia.pmtiles","updatedAt":"2026-07-26T09:44:19.091Z"},"geometry":{"type":"LineString","coordinates":[[105.29022216796875,-5.121635103440951],[105.28910636901855,-5.122062543314229],[105.28807640075684,-5.124028763049438],[105.28567314147949,-5.126165951551187],[105.28429985046387,-5.129927385943077],[105.27889251708984,-5.13599692650331],[105.27863502502441,-5.137022758637258],[105.27863502502441,-5.140613158101189],[105.27829170227051,-5.141382526782053],[105.27769088745117,-5.141895438719558],[105.2768325805664,-5.142237379781676],[105.27288436889648,-5.141809953425323],[105.26790618896484,-5.1385615037421815],[105.2640438079834,-5.13813407491908],[105.26069641113281,-5.139330874901148],[105.25992393493652,-5.139416360528131],[105.25391578674316,-5.136338870731393],[105.25125503540039,-5.136424356759761],[105.24996757507324,-5.136851786729579],[105.24782180786133,-5.138732475191134],[105.24507522583008,-5.139672817340227],[105.2431869506836,-5.1435196571289765],[105.23846626281738,-5.150785846619044],[105.23760795593262,-5.151555202998125],[105.23537635803223,-5.152581010054732],[105.23331642150879,-5.154974553412586],[105.22627830505371,-5.159077749608457],[105.22284507751465,-5.163266401692965],[105.22250175476074,-5.163950260630855],[105.2226734161377,-5.165232494151127],[105.22361755371094,-5.166856652886366],[105.22370338439941,-5.168053398764258],[105.22207260131836,-5.170361402286687],[105.2204418182373,-5.172071029101986],[105.2175235748291,-5.172925840778191],[105.21477699279785,-5.1754047881095175],[105.2109146118164,-5.176772479030802],[105.2076530456543,-5.17993525295627],[105.20464897155762,-5.181217454093485],[105.20190238952637,-5.183525409583339],[105.20087242126465,-5.183867328197991],[105.19623756408691,-5.183952807822735],[105.19349098205566,-5.185576918494263],[105.18919944763184,-5.188568690372406],[105.18190383911133,-5.191218533618326],[105.17786979675293,-5.191816883778301],[105.17744064331055,-5.192073319387333]]}},{"type":"Feature","id":"pmtiles:10/811/526:transportation_name:5436988290:0","properties":{"route_1_ref":"3","name_int":"Bakauheni-Terbanggi Besar Toll Road","route_1_name":"Jalan Tol Bakauheni–Terbanggi Besar","name:id":"Jalan Tol Bakauheni-Terbanggi Besar","route_1_network":"ID:toll","network":"road","ref":"3","name_de":"Jalan Tol Bakauheni–Terbanggi Besar","name":"Jalan Tol Bakauheni–Terbanggi Besar","ref_length":1,"name:en":"Bakauheni-Terbanggi Besar Toll Road","class":"motorway","name:latin":"Jalan Tol Bakauheni–Terbanggi Besar","name_en":"Bakauheni-Terbanggi Besar Toll Road","highway":"motorway","kind":"road","verification":"verified","source":"OpenMapTiles/OpenStreetMap national PMTiles","sourceId":"10/811/526:transportation_name:5436988290:0","sourceLayer":"transportation_name","archive":"https://its.hanifahseptiani45.workers.dev/v1/map/archive/indonesia.pmtiles","updatedAt":"2026-07-26T09:44:19.091Z"},"geometry":{"type":"LineString","coordinates":[[105.20688056945801,-5.13719373049905],[105.20627975463867,-5.142493835457756],[105.20585060119629,-5.15215359064905],[105.20748138427734,-5.173353246183353],[105.20928382873535,-5.188226774304141],[105.21014213562012,-5.201903272396208],[105.21615028381348,-5.219596800710036],[105.2164077758789,-5.221477243004912],[105.21632194519043,-5.223955999230668],[105.21537780761719,-5.226862114733251],[105.2116870880127,-5.232417886245273],[105.21100044250488,-5.233785453206721],[105.2102279663086,-5.236606050620679],[105.2102279663086,-5.239084746933472],[105.21477699279785,-5.260708817880527],[105.21512031555176,-5.263700231049128],[105.21520614624023,-5.271050499418777],[105.21597862243652,-5.275922140990687],[105.21726608276367,-5.28062281151071]]}},{"type":"Feature","id":"pmtiles:10/811/526:transportation_name:5436988290:1","properties":{"route_1_ref":"3","name_int":"Bakauheni-Terbanggi Besar Toll Road","route_1_name":"Jalan Tol Bakauheni–Terbanggi Besar","name:id":"Jalan Tol Bakauheni-Terbanggi Besar","route_1_network":"ID:toll","network":"road","ref":"3","name_de":"Jalan Tol Bakauheni–Terbanggi Besar","name":"Jalan Tol Bakauheni–Terbanggi Besar","ref_length":1,"name:en":"Bakauheni-Terbanggi Besar Toll Road","class":"motorway","name:latin":"Jalan Tol Bakauheni–Terbanggi Besar","name_en":"Bakauheni-Terbanggi Besar Toll Road","highway":"motorway","kind":"road","verification":"verified","source":"OpenMapTiles/OpenStreetMap national PMTiles","sourceId":"10/811/526:transportation_name:5436988290:1","sourceLayer":"transportation_name","archive":"https://its.hanifahseptiani45.workers.dev/v1/map/archive/indonesia.pmtiles","updatedAt":"2026-07-26T09:44:19.091Z"},"geometry":{"type":"LineString","coordinates":[[105.21615028381348,-5.277033211783291],[105.21512031555176,-5.271050499418777],[105.21503448486328,-5.263614762301103],[105.21469116210938,-5.260794287027807],[105.21014213562012,-5.239084746933472],[105.21031379699707,-5.235922270597769],[105.2109146118164,-5.2336999803592335],[105.21529197692871,-5.226776640940301],[105.21632194519043,-5.223272205388852],[105.21632194519043,-5.221477243004912],[105.21597862243652,-5.219596800710036],[105.21005630493164,-5.201903272396208],[105.2091121673584,-5.188141295258134],[105.20739555358887,-5.173353246183353],[105.20567893981934,-5.15215359064905],[105.2061939239502,-5.142493835457756],[105.20679473876953,-5.13719373049905]]}},{"type":"Feature","id":"pmtiles:10/811/526:transportation_name:5747651530:0","properties":{"route_1_ref":"3","name_int":"Jalan Tol Bakauheni–Terbanggi Besar","ref":"3","route_1_name":"Jalan Tol Bakauheni–Terbanggi Besar","name_de":"Jalan Tol Bakauheni–Terbanggi Besar","name":"Jalan Tol Bakauheni–Terbanggi Besar","ref_length":1,"route_1_network":"ID:toll","class":"motorway","name:latin":"Jalan Tol Bakauheni–Terbanggi Besar","name_en":"Jalan Tol Bakauheni–Terbanggi Besar","network":"road","highway":"motorway","kind":"road","verification":"verified","source":"OpenMapTiles/OpenStreetMap national PMTiles","sourceId":"10/811/526:transportation_name:5747651530:0","sourceLayer":"transportation_name","archive":"https://its.hanifahseptiani45.workers.dev/v1/map/archive/indonesia.pmtiles","updatedAt":"2026-07-26T09:44:19.091Z"},"geometry":{"type":"LineString","coordinates":[[105.22172927856445,-4.900525445363272],[105.22172927856445,-4.912754255153402],[105.22456169128418,-4.923785646355768],[105.22756576538086,-4.934132753981203],[105.22833824157715,-4.9373822255858215],[105.22859573364258,-4.9396910509993575],[105.22790908813477,-4.954569955060734],[105.22859573364258,-4.970731143728244],[105.22953987121582,-5.003052330398901],[105.22928237915039,-5.005531932367504],[105.22679328918457,-5.019383328955058],[105.22662162780762,-5.021606365237417],[105.2267074584961,-5.025368409371183],[105.22713661193848,-5.028189928217827],[105.23074150085449,-5.043408818893738],[105.23082733154297,-5.045460776883942],[105.23031234741211,-5.047769221867497],[105.22945404052734,-5.0494791758183055],[105.21623611450195,-5.063586123720583],[105.21512031555176,-5.065381531394479],[105.21391868591309,-5.0679463908489595],[105.21331787109375,-5.0704257453094925],[105.21306037902832,-5.073076079205876],[105.21323204040527,-5.085729136086229],[105.21263122558594,-5.088293914620735],[105.20954132080078,-5.0979544886196635],[105.20705223083496,-5.109837650218864],[105.20696640014648,-5.112487821689115],[105.20730972290039,-5.115223471058201],[105.20859718322754,-5.11975436460348],[105.2091121673584,-5.122404495007061],[105.20919799804688,-5.125140101962671],[105.20688056945801,-5.13719373049905]]}},{"type":"Feature","id":"pmtiles:10/811/526:transportation_name:5747651530:1","properties":{"route_1_ref":"3","name_int":"Jalan Tol Bakauheni–Terbanggi Besar","ref":"3","route_1_name":"Jalan Tol Bakauheni–Terbanggi Besar","name_de":"Jalan Tol Bakauheni–Terbanggi Besar","name":"Jalan Tol Bakauheni–Terbanggi Besar","ref_length":1,"route_1_network":"ID:toll","class":"motorway","name:latin":"Jalan Tol Bakauheni–Terbanggi Besar","name_en":"Jalan Tol Bakauheni–Terbanggi Besar","network":"road","highway":"motorway","kind":"road","verification":"verified","source":"OpenMapTiles/OpenStreetMap national PMTiles","sourceId":"10/811/526:transportation_name:5747651530:1","sourceLayer":"transportation_name","archive":"https://its.hanifahseptiani45.workers.dev/v1/map/archive/indonesia.pmtiles","updatedAt":"2026-07-26T09:44:19.091Z"},"geometry":{"type":"LineString","coordinates":[[105.20679473876953,-5.13719373049905],[105.20902633666992,-5.125140101962671],[105.20902633666992,-5.122404495007061],[105.20859718322754,-5.11975436460348],[105.20722389221191,-5.115223471058201],[105.20688056945801,-5.112487821689115],[105.20696640014648,-5.109837650218864],[105.2094554901123,-5.0979544886196635],[105.21254539489746,-5.088293914620735],[105.2131462097168,-5.085729136086229],[105.21297454833984,-5.074273000624302],[105.21323204040527,-5.070169260806679],[105.21383285522461,-5.067860895697834],[105.21503448486328,-5.065381531394479],[105.21615028381348,-5.063586123720583],[105.21743774414062,-5.062047198889459],[105.22936820983887,-5.0494791758183055],[105.23022651672363,-5.047683724051623],[105.23074150085449,-5.045460776883942],[105.23065567016602,-5.043494317272845],[105.2273941040039,-5.029643433156153],[105.22662162780762,-5.025368409371183],[105.22653579711914,-5.021606365237417],[105.2267074584961,-5.0192978274082805],[105.22919654846191,-5.005531932367504],[105.22945404052734,-5.003052330398901],[105.22790908813477,-4.958417893016801],[105.22799491882324,-4.949524846912652],[105.2285099029541,-4.9396910509993575],[105.22825241088867,-4.9373822255858215],[105.22207260131836,-4.914977651028821],[105.2215576171875,-4.911813585434913],[105.22164344787598,-4.900525445363272]]}},{"type":"Feature","id":"pmtiles:10/811/526:water:12783745342:0","properties":{"intermittent":0,"class":"lake","id":1278374534,"water":"lake","kind":"waterway","verification":"verified","source":"OpenMapTiles/OpenStreetMap national PMTiles","sourceId":"10/811/526:water:12783745342:0","sourceLayer":"water","archive":"https://its.hanifahseptiani45.workers.dev/v1/map/archive/indonesia.pmtiles","updatedAt":"2026-07-26T09:44:19.091Z"},"geometry":{"type":"Polygon","coordinates":[[[105.29468536376953,-5.0729050902506],[105.29528617858887,-5.072392123113005],[105.2958869934082,-5.071195198206723],[105.29605865478516,-5.0702547556522575],[105.29691696166992,-5.068886836764648],[105.29717445373535,-5.067775400535396],[105.29854774475098,-5.067262429323165],[105.29914855957031,-5.065809008677107],[105.2995777130127,-5.065809008677107],[105.29974937438965,-5.065552522341463],[105.2995777130127,-5.064868558282143],[105.30069351196289,-5.064270089136642],[105.29966354370117,-5.063158644968155],[105.29906272888184,-5.062816661762767],[105.29657363891602,-5.063073149183765],[105.29571533203125,-5.063329636503042],[105.29520034790039,-5.063671619437159],[105.29425621032715,-5.0637571151424225],[105.29425621032715,-5.063073149183765],[105.29391288757324,-5.0629876533880775],[105.29382705688477,-5.062645670092252],[105.29417037963867,-5.062560174240048],[105.29382705688477,-5.061876207015516],[105.29391288757324,-5.060764758733228],[105.29399871826172,-5.0617907110616045],[105.29468536376953,-5.063244140741261],[105.29502868652344,-5.06350062799271],[105.29545783996582,-5.063073149183765],[105.2970027923584,-5.062902157581064],[105.29829025268555,-5.062474678376532],[105.29949188232422,-5.062560174240048],[105.30043601989746,-5.063073149183765],[105.30043601989746,-5.063244140741261],[105.30086517333984,-5.063158644968155],[105.30155181884766,-5.06350062799271],[105.30146598815918,-5.062902157581064],[105.30223846435547,-5.062132694809478],[105.30326843261719,-5.062047198889459],[105.3036117553711,-5.061534223132043],[105.30489921569824,-5.062047198889459],[105.30575752258301,-5.061021246967854],[105.30627250671387,-5.060850254822725],[105.30644416809082,-5.060080789610453],[105.30773162841797,-5.05990979721679],[105.30807495117188,-5.059482316034973],[105.30884742736816,-5.059225827190346],[105.30927658081055,-5.057943381442527],[105.30987739562988,-5.057515898961981],[105.3105640411377,-5.05631894651485],[105.31064987182617,-5.055634972694548],[105.30970573425293,-5.055634972694548],[105.30635833740234,-5.054352519834637],[105.30558586120605,-5.05469450751221],[105.30447006225586,-5.056062456416896],[105.30412673950195,-5.056062456416896],[105.30438423156738,-5.055549475916223],[105.30610084533691,-5.054010531976516],[105.30592918395996,-5.053412052790421],[105.30627250671387,-5.051702109212954],[105.30550003051758,-5.049393678227844],[105.3065299987793,-5.051702109212954],[105.30635833740234,-5.052899070190946],[105.30661582946777,-5.053839537979769],[105.30755996704102,-5.054609010609738],[105.30936241149902,-5.05469450751221],[105.3094482421875,-5.054950998151909],[105.30987739562988,-5.055121991855287],[105.31125068664551,-5.055207488690044],[105.31245231628418,-5.054609010609738],[105.31339645385742,-5.055292985513518],[105.3145980834961,-5.0553784823257075],[105.31614303588867,-5.0547800044033835],[105.31631469726562,-5.054352519834637],[105.31648635864258,-5.054438016770959],[105.31657218933105,-5.055292985513518],[105.31682968139648,-5.055549475916223],[105.31597137451172,-5.0557204694615905],[105.31537055969238,-5.056404443191596],[105.31511306762695,-5.057173912774303],[105.31476974487305,-5.057344905890716],[105.31468391418457,-5.059054834570787],[105.31416893005371,-5.060850254822725],[105.31322479248047,-5.062132694809478],[105.31253814697266,-5.062731165933158],[105.31185150146484,-5.062902157581064],[105.31116485595703,-5.063586123720583],[105.3109073638916,-5.0637571151424225],[105.31039237976074,-5.063415132253525],[105.31004905700684,-5.063415132253525],[105.30790328979492,-5.064441080377591],[105.30618667602539,-5.066150990299661],[105.30567169189453,-5.067518914980184],[105.30575752258301,-5.0693998066870165],[105.30524253845215,-5.07179366093726],[105.30447006225586,-5.072563112204165],[105.303955078125,-5.072734101250035],[105.3042984008789,-5.0735035513958735],[105.3036117553711,-5.073076079205876],[105.30292510986328,-5.074016517650094],[105.30266761779785,-5.073760034573951],[105.30223846435547,-5.074273000624302],[105.30163764953613,-5.074273000624302],[105.3010368347168,-5.074785966266845],[105.3013801574707,-5.0739310233027055],[105.30223846435547,-5.074016517650094],[105.30266761779785,-5.073418056980515],[105.30292510986328,-5.0736745401925845],[105.30266761779785,-5.072990584733901],[105.30318260192871,-5.073332562553858],[105.30481338500977,-5.072050144794801],[105.3054141998291,-5.068972331779989],[105.3054141998291,-5.066834953001873],[105.3065299987793,-5.065125044889186],[105.30773162841797,-5.0640136021904],[105.30876159667969,-5.0637571151424225],[105.30996322631836,-5.063158644968155],[105.31116485595703,-5.063158644968155],[105.31167984008789,-5.062560174240048],[105.31296730041504,-5.0617907110616045],[105.3138256072998,-5.060764758733228],[105.31425476074219,-5.059140330886208],[105.31408309936523,-5.056917423015008],[105.31416893005371,-5.056575436511224],[105.3138256072998,-5.056404443191596],[105.31288146972656,-5.056746429785676],[105.31193733215332,-5.057857884968996],[105.31142234802246,-5.058114374355696],[105.31099319458008,-5.058114374355696],[105.3097915649414,-5.058798345556724],[105.30884742736816,-5.060508270396923],[105.30876159667969,-5.061277735100788],[105.30790328979492,-5.061534223132043],[105.30755996704102,-5.061106743023458],[105.30730247497559,-5.061106743023458],[105.30695915222168,-5.0617907110616045],[105.30635833740234,-5.062047198889459],[105.30558586120605,-5.061961702958143],[105.30524253845215,-5.062645670092252],[105.30412673950195,-5.062389182501732],[105.30266761779785,-5.062816661762767],[105.30223846435547,-5.063671619437159],[105.30129432678223,-5.064099097850459],[105.30035018920898,-5.065809008677107],[105.29974937438965,-5.066065494910987],[105.2988052368164,-5.068031885988788],[105.29768943786621,-5.06820287623448],[105.29751777648926,-5.069228816758169],[105.29657363891602,-5.0704257453094925],[105.29597282409668,-5.072563112204165],[105.29494285583496,-5.0732470681158475],[105.29468536376953,-5.0729050902506]]]}},{"type":"Feature","id":"pmtiles:10/811/526:water:13006838072:0","properties":{"intermittent":0,"class":"lake","id":1300683807,"water":"lake","kind":"waterway","verification":"verified","source":"OpenMapTiles/OpenStreetMap national PMTiles","sourceId":"10/811/526:water:13006838072:0","sourceLayer":"water","archive":"https://its.hanifahseptiani45.workers.dev/v1/map/archive/indonesia.pmtiles","updatedAt":"2026-07-26T09:44:19.091Z"},"geometry":{"type":"Polygon","coordinates":[[[105.40806770324707,-5.06854485659008],[105.41047096252441,-5.069827281311106],[105.41055679321289,-5.070169260806679],[105.41098594665527,-5.070511240121135],[105.41081428527832,-5.070682229710457],[105.41021347045898,-5.070511240121135],[105.40969848632812,-5.070938714009529],[105.40918350219727,-5.071024208753229],[105.4072093963623,-5.070853219254488],[105.40755271911621,-5.071451682302026],[105.40712356567383,-5.0729050902506],[105.40712356567383,-5.0732470681158475],[105.40746688842773,-5.073332562553858],[105.40746688842773,-5.073760034573951],[105.40712356567383,-5.074700472021405],[105.40789604187012,-5.075127943135314],[105.40823936462402,-5.075897390426547],[105.40815353393555,-5.077521776138198],[105.40901184082031,-5.078205726792703],[105.4086685180664,-5.07863319558335],[105.40815353393555,-5.078804183020239],[105.40823936462402,-5.0792316514140765],[105.41004180908203,-5.080172080882662],[105.4094409942627,-5.080856028725222],[105.40763854980469,-5.080514054894664],[105.4072093963623,-5.080856028725222],[105.40660858154297,-5.080599548369321],[105.40617942810059,-5.080001093808619],[105.40626525878906,-5.0792316514140765],[105.40738105773926,-5.078462208101101],[105.40746688842773,-5.0780347391970935],[105.40609359741211,-5.0780347391970935],[105.40463447570801,-5.077607270009679],[105.40446281433105,-5.077436282255377],[105.40454864501953,-5.0768378247582575],[105.40343284606934,-5.07632486074732],[105.40360450744629,-5.07529893150155],[105.40386199951172,-5.074956954723731],[105.40420532226562,-5.075127943135314],[105.40497779846191,-5.074529483496548],[105.40437698364258,-5.073845528943991],[105.4042911529541,-5.073332562553858],[105.40446281433105,-5.072392123113005],[105.40523529052734,-5.070596734921452],[105.4054069519043,-5.069570796570616],[105.40695190429688,-5.068288371340344],[105.40755271911621,-5.068801341737981],[105.40806770324707,-5.06854485659008]]]}},{"type":"Feature","id":"pmtiles:10/811/526:waterway:613207460:0","properties":{"name":"Way Sekampung","name_int":"Way Sekampung","class":"river","name:latin":"Way Sekampung","name_de":"Way Sekampung","name_en":"Way Sekampung","waterway":"river","kind":"waterway","verification":"verified","source":"OpenMapTiles/OpenStreetMap national PMTiles","sourceId":"10/811/526:waterway:613207460:0","sourceLayer":"waterway","archive":"https://its.hanifahseptiani45.workers.dev/v1/map/archive/indonesia.pmtiles","updatedAt":"2026-07-26T09:44:19.091Z"},"geometry":{"type":"LineString","coordinates":[[105.11109352111816,-5.2496831995151325],[105.11366844177246,-5.249170375308594],[105.11598587036133,-5.246777190103003],[105.11667251586914,-5.246435305752769],[105.12062072753906,-5.245409651578143],[105.12310981750488,-5.2425036222640955],[105.12422561645508,-5.241563433413674],[105.1252555847168,-5.240195883468374],[105.12551307678223,-5.236947940351698],[105.12697219848633,-5.236349633199751],[105.12722969055176,-5.237118885147083],[105.1267147064209,-5.238486441827021],[105.1270580291748,-5.240110411497383],[105.12731552124023,-5.240281355427669],[105.12894630432129,-5.23891380267581],[105.13057708740234,-5.238486441827021],[105.13143539428711,-5.236606050620679],[105.13237953186035,-5.236349633199751],[105.1351261138916,-5.239084746933472],[105.13641357421875,-5.241734376946297],[105.13787269592285,-5.242161735573163],[105.13855934143066,-5.241734376946297],[105.13933181762695,-5.23891380267581],[105.14010429382324,-5.237888136147745],[105.13984680175781,-5.237460774597579],[105.13873100280762,-5.236691523070974],[105.13890266418457,-5.236178688194016],[105.14019012451172,-5.234896599161289],[105.14036178588867,-5.234041871679153],[105.14096260070801,-5.233272615946547],[105.14225006103516,-5.233358088852441],[105.1446533203125,-5.234298290046439],[105.14533996582031,-5.234811126465644],[105.14551162719727,-5.235067544517534],[105.14525413513184,-5.236862467936476],[105.14559745788574,-5.237631719252718],[105.1472282409668,-5.238315497405665],[105.14834403991699,-5.2375462469309895],[105.1516056060791,-5.236435105685075],[105.15315055847168,-5.235665852896389],[105.1545238494873,-5.234212817269025],[105.15521049499512,-5.232075994037814],[105.15323638916016,-5.229939163509059],[105.15332221984863,-5.22882800875108],[105.1530647277832,-5.228229693833796],[105.15323638916016,-5.227545904656836],[105.15289306640625,-5.226349271800629],[105.15409469604492,-5.22455431823019],[105.15392303466797,-5.22233198763827],[105.15460968017578,-5.221477243004912],[105.15632629394531,-5.220109649167853],[105.15701293945312,-5.219169426674867],[105.15692710876465,-5.21557947328543],[105.15581130981445,-5.211989499363639],[105.15589714050293,-5.210963788759543],[105.15641212463379,-5.210023552567989],[105.15804290771484,-5.208912362527755],[105.15950202941895,-5.208484981219883],[105.16190528869629,-5.208314028615376],[105.16310691833496,-5.2079721232668845],[105.16585350036621,-5.205749733969213],[105.16593933105469,-5.205151397047061],[105.16559600830078,-5.204553059555678],[105.16439437866211,-5.203612813776488],[105.16233444213867,-5.2027580436669325],[105.1622486114502,-5.201903272396208],[105.16525268554688,-5.199253474080024],[105.16593933105469,-5.199253474080024],[105.16860008239746,-5.2003646811834585],[105.16988754272461,-5.2003646811834585],[105.1706600189209,-5.199766339140709],[105.1706600189209,-5.199082518966961],[105.16971588134766,-5.1983132203838665],[105.16928672790527,-5.19711653183127],[105.16937255859375,-5.195834363002135],[105.17306327819824,-5.194552191563886],[105.17443656921387,-5.195150538559716],[105.17641067504883,-5.197287487477979],[105.17812728881836,-5.198227742705512],[105.17932891845703,-5.199253474080024],[105.17915725708008,-5.2003646811834585],[105.17941474914551,-5.200535635948384],[105.18035888671875,-5.200279203783609],[105.18173217773438,-5.201048499964557],[105.18319129943848,-5.199509906662584],[105.18482208251953,-5.198398698050639],[105.18662452697754,-5.19942442914666],[105.18799781799316,-5.199937294068093],[105.18834114074707,-5.199680861659601],[105.18945693969727,-5.200279203783609],[105.19100189208984,-5.198655130981265],[105.19237518310547,-5.198398698050639],[105.19331932067871,-5.19882608621036],[105.19452095031738,-5.200450158571741],[105.19563674926758,-5.200022771514384],[105.19615173339844,-5.199253474080024],[105.19649505615234,-5.197629398632216],[105.19718170166016,-5.196432708780449],[105.19984245300293,-5.194295756963186],[105.19984245300293,-5.192073319387333],[105.19932746887207,-5.190791140299339],[105.19967079162598,-5.190107310386551],[105.20233154296875,-5.19019278916619],[105.2039623260498,-5.189508958604719],[105.20851135253906,-5.188568690372406],[105.21220207214355,-5.18882512730201],[105.2149486541748,-5.186431711906479],[105.21409034729004,-5.184978562417086],[105.2120304107666,-5.183781848561679],[105.2116870880127,-5.18326897050089],[105.21185874938965,-5.182414172807441],[105.21323204040527,-5.18215773327384],[105.21503448486328,-5.1836963689138],[105.21563529968262,-5.183867328197991],[105.21675109863281,-5.182927051562302],[105.21769523620605,-5.179593332213656],[105.21829605102539,-5.179336891535328],[105.21984100341797,-5.1791659310253095],[105.2204418182373,-5.179422371773015],[105.22087097167969,-5.179764292608084],[105.22164344787598,-5.181302934076797],[105.22353172302246,-5.181815813733806],[105.22387504577637,-5.183183490783591],[105.22473335266113,-5.184038287435897],[105.22756576538086,-5.182927051562302],[105.23074150085449,-5.183098011054739],[105.23297309875488,-5.18215773327384],[105.23520469665527,-5.18232869297448],[105.2376937866211,-5.183439929900757],[105.23820877075195,-5.183354450206608],[105.23846626281738,-5.1827560920236095],[105.23846626281738,-5.180619093886534],[105.23958206176758,-5.179849772787961],[105.24112701416016,-5.180020733113025],[105.2424144744873,-5.180704573950777],[105.2438735961914,-5.182414172807441],[105.24473190307617,-5.1827560920236095],[105.24670600891113,-5.18215773327384],[105.24765014648438,-5.181559373957327],[105.24850845336914,-5.180533613810709],[105.2493667602539,-5.180106213258199],[105.25074005126953,-5.1801916933918335],[105.25245666503906,-5.181131974098605],[105.25460243225098,-5.180533613810709],[105.25571823120117,-5.180619093886534],[105.25666236877441,-5.1803626536244],[105.25923728942871,-5.177541803874249],[105.26284217834473,-5.177627284354628],[105.2666187286377,-5.178396608158053],[105.26713371276855,-5.178225647393745],[105.26902198791504,-5.175832191840115],[105.26945114135742,-5.175575749636394],[105.2706527709961,-5.176088633939841],[105.2713394165039,-5.176857959615177],[105.27125358581543,-5.179336891535328],[105.27142524719238,-5.180106213258199],[105.27185440063477,-5.1802771735139],[105.27700424194336,-5.178653049217843],[105.2776050567627,-5.178054686583209],[105.27846336364746,-5.176003153251486],[105.27949333190918,-5.175062864917123],[105.28060913085938,-5.175062864917123],[105.28181076049805,-5.175661230382531],[105.2830982208252,-5.175832191840115],[105.28335571289062,-5.1754902688787325],[105.2830982208252,-5.1724984350843926],[105.2834415435791,-5.171729104108266],[105.28464317321777,-5.170959772197193],[105.28773307800293,-5.170446883737085],[105.29047966003418,-5.16925014238133],[105.29090881347656,-5.169592068713754],[105.2903938293457,-5.171558141542164],[105.29356956481934,-5.17378065129985],[105.29665946960449,-5.17412257518518],[105.2988052368164,-5.172327472726067],[105.29940605163574,-5.172412953911007],[105.29983520507812,-5.1736096892879],[105.29966354370117,-5.176430556577742],[105.30000686645508,-5.17882400986656],[105.30095100402832,-5.178311127781683],[105.30172348022461,-5.176174114616643],[105.30266761779785,-5.174464498885769],[105.30635833740234,-5.173695170299638],[105.3065299987793,-5.1730113218823135],[105.30635833740234,-5.1724984350843926],[105.30532836914062,-5.171558141542164],[105.30515670776367,-5.171216216271432],[105.30532836914062,-5.170703328019073],[105.30695915222168,-5.170275920824736],[105.31047821044922,-5.170446883737085],[105.31262397766113,-5.170275920824736],[105.3152847290039,-5.171985547870889],[105.31631469726562,-5.1724984350843926],[105.31674385070801,-5.172412953911007],[105.31846046447754,-5.169592068713754],[105.32069206237793,-5.168566289162726],[105.3215503692627,-5.167711471601237],[105.32206535339355,-5.1649760476545765],[105.32266616821289,-5.1645486365964075],[105.32412528991699,-5.165061529831618],[105.32609939575195,-5.167284062387964],[105.32781600952148,-5.167967916990804],[105.33116340637207,-5.167284062387964],[105.33416748046875,-5.164890565465996],[105.33708572387695,-5.166001833018257],[105.33828735351562,-5.166001833018257],[105.33923149108887,-5.162753507005519],[105.33974647521973,-5.162838989482239],[105.34214973449707,-5.165147011997149],[105.34317970275879,-5.165745386832981],[105.3449821472168,-5.165317976293608],[105.34764289855957,-5.164206707542391],[105.34841537475586,-5.164121225250071],[105.34953117370605,-5.165061529831618],[105.35038948059082,-5.166771170951435],[105.34927368164062,-5.168566289162726],[105.34858703613281,-5.170190439351245],[105.34867286682129,-5.171216216271432],[105.34918785095215,-5.171643622830999],[105.35030364990234,-5.171643622830999],[105.35614013671875,-5.169335623981752],[105.35965919494629,-5.170190439351245],[105.36206245422363,-5.1719000666282255],[105.36317825317383,-5.171643622830999],[105.36540985107422,-5.170617846603278],[105.36609649658203,-5.170959772197193],[105.36764144897461,-5.175832191840115],[105.37004470825195,-5.176003153251486],[105.37073135375977,-5.175832191840115],[105.3724479675293,-5.174464498885769],[105.37751197814941,-5.171558141542164],[105.37931442260742,-5.1690791791459105],[105.38025856018066,-5.1688227342062305],[105.38060188293457,-5.1694211055706205],[105.3805160522461,-5.171130734924873],[105.38103103637695,-5.172071029101986],[105.3823184967041,-5.172754878535315],[105.38540840148926,-5.172156510321557],[105.38661003112793,-5.173438727229751],[105.38824081420898,-5.176259595281891],[105.38987159729004,-5.177883725726446],[105.39158821105957,-5.177541803874249],[105.39562225341797,-5.175319307328735],[105.39716720581055,-5.173267765125402],[105.39776802062988,-5.1719000666282255],[105.39785385131836,-5.170959772197193],[105.39836883544922,-5.170703328019073],[105.39922714233398,-5.171130734924873],[105.39939880371094,-5.171558141542164],[105.39793968200684,-5.179422371773015],[105.39819717407227,-5.180020733113025],[105.40085792541504,-5.182927051562302],[105.40188789367676,-5.183354450206608],[105.40583610534668,-5.1827560920236095],[105.40643692016602,-5.180875534044603],[105.40695190429688,-5.180619093886534],[105.40746688842773,-5.180704573950777],[105.4109001159668,-5.184294726205991],[105.41158676147461,-5.186089794680498],[105.41210174560547,-5.186517191184052],[105.41338920593262,-5.186004315345059],[105.41647911071777,-5.1836963689138],[105.41682243347168,-5.183183490783591],[105.41733741760254,-5.180790054003467],[105.4178524017334,-5.1804481337233454],[105.42180061340332,-5.180704573950777],[105.42308807373047,-5.181131974098605],[105.42351722717285,-5.181644853894397],[105.42428970336914,-5.184038287435897],[105.4248046875,-5.1847221239247006],[105.42566299438477,-5.1852350008053065],[105.42652130126953,-5.185064041891394],[105.42720794677734,-5.184294726205991],[105.42746543884277,-5.183439929900757],[105.42789459228516,-5.183183490783591],[105.43072700500488,-5.184380205772868],[105.43227195739746,-5.184209246627518],[105.4332160949707,-5.184380205772868],[105.4343318939209,-5.186004315345059],[105.43458938598633,-5.186089794680498],[105.43767929077148,-5.182927051562302],[105.4398250579834,-5.181388414048541],[105.43991088867188,-5.180704573950777],[105.43956756591797,-5.179080450752963],[105.43991088867188,-5.178396608158053],[105.44445991516113,-5.178396608158053],[105.4471206665039,-5.17882400986656],[105.44815063476562,-5.179336891535328],[105.44909477233887,-5.179507851999119],[105.45063972473145,-5.178738529547971],[105.4511547088623,-5.178738529547971],[105.45132637023926,-5.179507851999119],[105.4496955871582,-5.180533613810709],[105.44832229614258,-5.18207225340619],[105.44815063476562,-5.1824996526288345],[105.44832229614258,-5.183354450206608],[105.44883728027344,-5.184123767037505],[105.44978141784668,-5.184294726205991],[105.45166969299316,-5.183354450206608],[105.4526138305664,-5.18232869297448],[105.4533863067627,-5.180790054003467],[105.45407295227051,-5.180020733113025],[105.45458793640137,-5.1804481337233454],[105.45527458190918,-5.182670612236919],[105.45458793640137,-5.18480760343374],[105.45467376708984,-5.1866026704500285],[105.45390129089355,-5.1880558162005315],[105.45321464538574,-5.188739648337048],[105.45124053955078,-5.188996085197175],[105.45124053955078,-5.189594437465459],[105.4519271850586,-5.190534704168925],[105.45501708984375,-5.19147496947069],[105.45690536499023,-5.191218533618326],[105.46042442321777,-5.191218533618326],[105.46111106872559,-5.191047576325488],[105.46282768249512,-5.189679916314589],[105.46342849731445,-5.189508958604719],[105.46377182006836,-5.191133054977698],[105.46454429626465,-5.1923297548920715],[105.46531677246094,-5.19309906078054],[105.46686172485352,-5.1930135823948405],[105.46720504760742,-5.193355495868076],[105.46703338623047,-5.193782887448819],[105.46488761901855,-5.195065060452222],[105.46480178833008,-5.195492450873687],[105.46514511108398,-5.196090796976705],[105.46849250793457,-5.1961762749450315],[105.4702091217041,-5.195663406961103],[105.47209739685059,-5.196432708780449],[105.47235488891602,-5.195919841005249],[105.47201156616211,-5.194894104202504],[105.47244071960449,-5.193184539154643],[105.47226905822754,-5.191645926647652],[105.47269821166992,-5.190962097661682],[105.4738998413086,-5.190876618986309],[105.47784805297852,-5.191816883778301]]}},{"type":"Feature","id":"pmtiles:10/811/526:waterway:3959486480:0","properties":{"name":"Way Seputih","name_int":"Way Seputih","class":"river","name:latin":"Way Seputih","name_de":"Way Seputih","name_en":"Way Seputih","waterway":"river","kind":"waterway","verification":"verified","source":"OpenMapTiles/OpenStreetMap national PMTiles","sourceId":"10/811/526:waterway:3959486480:0","sourceLayer":"waterway","archive":"https://its.hanifahseptiani45.workers.dev/v1/map/archive/indonesia.pmtiles","updatedAt":"2026-07-26T09:44:19.091Z"},"geometry":{"type":"LineString","coordinates":[[105.1105785369873,-4.997238054468511],[105.11220932006836,-4.996212000417643],[105.11246681213379,-4.995784477422333],[105.11195182800293,-4.9943308971525795],[105.11332511901855,-4.992620798591744],[105.11401176452637,-4.992278778344456],[105.11555671691895,-4.992364283423015],[105.11615753173828,-4.99202226304196],[105.11624336242676,-4.990825190304022],[105.11598587036133,-4.9903976637968555],[105.11615753173828,-4.989970137011113],[105.11744499206543,-4.990055642390558],[105.11847496032715,-4.989799126218841],[105.11993408203125,-4.989799126218841],[105.12087821960449,-4.990483169120566],[105.12130737304688,-4.991167211309175],[105.12182235717773,-4.991338221744897],[105.12328147888184,-4.993304838551225],[105.12405395507812,-4.9936468582634035],[105.12465476989746,-4.993561353352092],[105.12585639953613,-4.992278778344456],[105.12843132019043,-4.992364283423015],[105.13160705566406,-4.994074382652755],[105.13323783874512,-4.994159887497176],[105.13452529907227,-4.994758421095895],[105.13495445251465,-4.994587411552018],[105.1351261138916,-4.9942453923304555],[105.1351261138916,-4.99321933359532],[105.13847351074219,-4.9916802424825875],[105.14130592346191,-4.99244978849039],[105.1420783996582,-4.99176574763915],[105.14190673828125,-4.989884631620541],[105.1420783996582,-4.989371599043167],[105.1449966430664,-4.985780359774566],[105.1461124420166,-4.985010805947411],[105.14774322509766,-4.9845832756538755],[105.14963150024414,-4.983386189351805],[105.15212059020996,-4.9821891008688794],[105.15280723571777,-4.9821891008688794],[105.15409469604492,-4.9826166327202515],[105.15581130981445,-4.982274607261402],[105.15744209289551,-4.980820997075739],[105.15907287597656,-4.9802224507709525],[105.16336441040039,-4.980136944111507],[105.16525268554688,-4.979196370123688],[105.16799926757812,-4.9802224507709525],[105.16997337341309,-4.979452890435596],[105.17040252685547,-4.979538397184001],[105.17160415649414,-4.980564477297563],[105.17289161682129,-4.980649983901401],[105.17306327819824,-4.9820180880504665],[105.17452239990234,-4.981676062280144],[105.17512321472168,-4.981761568739401],[105.17555236816406,-4.982445620013081],[105.17538070678711,-4.983813720424365],[105.17641067504883,-4.9837282142321015],[105.17735481262207,-4.982702139057139],[105.17975807189941,-4.98141954283561],[105.18061637878418,-4.977315218112622],[105.1827621459961,-4.97697318989627],[105.18370628356934,-4.976203625759453],[105.18379211425781,-4.975434060722648],[105.18327713012695,-4.973980435420302],[105.18353462219238,-4.973809420467816],[105.18662452697754,-4.973638405470908],[105.18928527832031,-4.974493480011205],[105.19057273864746,-4.973980435420302],[105.19091606140137,-4.974322465191989],[105.19108772277832,-4.975263046147816],[105.19143104553223,-4.975519567993388],[105.19186019897461,-4.975434060722648],[105.19237518310547,-4.974493480011205],[105.19280433654785,-4.974407972607153],[105.19340515136719,-4.9746644947859835],[105.1944351196289,-4.975690582501571],[105.19598007202148,-4.975434060722648],[105.19761085510254,-4.976802175721431],[105.1981258392334,-4.97492101686484],[105.19915580749512,-4.9745789874041435],[105.20001411437988,-4.97492101686484],[105.20078659057617,-4.976460147238399],[105.20190238952637,-4.977229711075211],[105.20327568054199,-4.977058696967035],[105.20456314086914,-4.976289132930219],[105.2054214477539,-4.976289132930219],[105.20593643188477,-4.976032611384596],[105.20645141601562,-4.975434060722648],[105.20636558532715,-4.9745789874041435],[105.20662307739258,-4.973809420467816],[105.2079963684082,-4.9730398526319135],[105.20851135253906,-4.972954345039071],[105.20902633666992,-4.973723912974904],[105.2094554901123,-4.973980435420302],[105.21005630493164,-4.973894927949601],[105.21039962768555,-4.972013760784989],[105.21177291870117,-4.971671729814062],[105.21237373352051,-4.971244190850641],[105.21297454833984,-4.971244190850641],[105.21443367004395,-4.972441299248828],[105.21958351135254,-4.973552897955784],[105.2212142944336,-4.973467390429562],[105.2230167388916,-4.9719282530589055],[105.22344589233398,-4.971158683024655],[105.22370338439941,-4.970047080276856],[105.22318840026855,-4.966199210131947],[105.22336006164551,-4.962949880077332],[105.22361755371094,-4.962607844403692],[105.2244758605957,-4.962265808552772],[105.22756576538086,-4.963120897847659],[105.22953987121582,-4.963120897847659],[105.23031234741211,-4.962778862262681],[105.23125648498535,-4.961068681678498],[105.23151397705078,-4.9585034024945855],[105.23245811462402,-4.957135249521727],[105.23348808288574,-4.954398935075929],[105.23340225219727,-4.952175671247119],[105.23417472839355,-4.951577098938969],[105.23537635803223,-4.951662609301863],[105.23632049560547,-4.952945263418584],[105.23649215698242,-4.956878720523832],[105.23700714111328,-4.958161364517068],[105.24026870727539,-4.95961502469801],[105.24112701416016,-4.9597005340207545],[105.24181365966797,-4.95961502469801],[105.24275779724121,-4.958674421416902],[105.2435302734375,-4.956793210835727],[105.24447441101074,-4.955596074040244],[105.24473190307617,-4.9540568949735615],[105.24507522583008,-4.953629344596706],[105.24576187133789,-4.9538003647806335],[105.24662017822266,-4.954655465036552],[105.2464485168457,-4.956451171972645],[105.24679183959961,-4.956793210835727],[105.24842262268066,-4.9561946427091215],[105.24962425231934,-4.955254034557441],[105.24953842163086,-4.9549119948976],[105.2486801147461,-4.9542279150468715],[105.24953842163086,-4.952603222564065],[105.24919509887695,-4.951149546958575],[105.24876594543457,-4.950721994701809],[105.24876594543457,-4.949952399943186],[105.24919509887695,-4.949695868158031],[105.25074005126953,-4.949952399943186],[105.25116920471191,-4.949695868158031],[105.25177001953125,-4.948669740022694],[105.25262832641602,-4.948755250761437],[105.25357246398926,-4.9496103575408625],[105.25460243225098,-4.949268314961714],[105.25520324707031,-4.947729121167484],[105.25580406188965,-4.947216055773879],[105.25657653808594,-4.946018901642361],[105.2574348449707,-4.945676857207161],[105.25880813598633,-4.945847879446845],[105.25940895080566,-4.946531967963821],[105.26018142700195,-4.949353825623078],[105.26061058044434,-4.9498668893592],[105.26275634765625,-4.950978526089031],[105.26421546936035,-4.952603222564065],[105.26627540588379,-4.952945263418584],[105.26799201965332,-4.952603222564065],[105.26919364929199,-4.950807505175263],[105.2721118927002,-4.9481566753583195],[105.27297019958496,-4.946531967963821],[105.27331352233887,-4.946275434852794],[105.27417182922363,-4.946275434852794],[105.27494430541992,-4.94678850097543],[105.27580261230469,-4.946189923793696],[105.27709007263184,-4.9461044127235425],[105.27751922607422,-4.9463609459008495],[105.27769088745117,-4.948498718512113],[105.27820587158203,-4.948755250761437],[105.27872085571289,-4.948669740022694],[105.28026580810547,-4.94678850097543],[105.28326988220215,-4.945334812595263],[105.28378486633301,-4.944821745346147],[105.28387069702148,-4.94422316638645],[105.28292655944824,-4.941572310205984],[105.28275489807129,-4.940033098524992],[105.28387069702148,-4.9373822255858215],[105.28387069702148,-4.935843004178054],[105.28326988220215,-4.9349878796306115],[105.28189659118652,-4.934389291791717],[105.28172492980957,-4.9336196780626835],[105.28241157531738,-4.9309687794997075],[105.28378486633301,-4.929942622376132],[105.28575897216797,-4.929087490228838],[105.2863597869873,-4.92865992374243],[105.28644561767578,-4.928146843595556],[105.28627395629883,-4.927291709137052],[105.28507232666016,-4.925410409455623],[105.28326988220215,-4.9233580764592375],[105.28284072875977,-4.922331907586113],[105.28361320495605,-4.922331907586113],[105.2845573425293,-4.922844992220547],[105.28756141662598,-4.923187048423628],[105.28850555419922,-4.923101534389346],[105.28910636901855,-4.9227594781422965],[105.2900505065918,-4.921305737130197],[105.2900505065918,-4.919851992942114],[105.28970718383789,-4.918911333246086],[105.28841972351074,-4.917030009866977],[105.28696060180664,-4.914293530011079],[105.28670310974121,-4.913096316540106],[105.28730392456055,-4.911300492301777],[105.28936386108398,-4.9086495048249645]]}},{"type":"Feature","id":"pmtiles:10/811/526:waterway:6652697560:0","properties":{"name":"Way Tulung Waya","name_int":"Way Tulung Waya","class":"river","name:latin":"Way Tulung Waya","name_de":"Way Tulung Waya","name_en":"Way Tulung Waya","waterway":"river","kind":"waterway","verification":"verified","source":"OpenMapTiles/OpenStreetMap national PMTiles","sourceId":"10/811/526:waterway:6652697560:0","sourceLayer":"waterway","archive":"https://its.hanifahseptiani45.workers.dev/v1/map/archive/indonesia.pmtiles","updatedAt":"2026-07-26T09:44:19.091Z"},"geometry":{"type":"LineString","coordinates":[[105.11117935180664,-5.018955821109088],[105.11195182800293,-5.018699316267046],[105.11229515075684,-5.018271807972866],[105.11186599731445,-5.016561771995384],[105.1120376586914,-5.015877756349894],[105.11186599731445,-5.014937233667112],[105.11246681213379,-5.014937233667112],[105.11341094970703,-5.013996709629524],[105.11555671691895,-5.012628672247843],[105.11778831481934,-5.009465074830743],[105.1186466217041,-5.009123063381864],[105.11890411376953,-5.008011524937288],[105.11847496032715,-5.007755015797088],[105.1183032989502,-5.007241997214834],[105.11924743652344,-5.006557971812427],[105.11898994445801,-5.004847905176803],[105.11924743652344,-5.004676898267377],[105.11984825134277,-5.004762401727675],[105.1197624206543,-5.003821863049865],[105.12096405029297,-5.003223337732862],[105.12216567993164,-5.004249380798285],[105.12336730957031,-5.004249380798285],[105.12362480163574,-5.00407837373244],[105.12328147888184,-5.002453804378149],[105.12345314025879,-5.001855277810137],[105.12396812438965,-5.001769773970025],[105.12456893920898,-5.002368300616226],[105.12482643127441,-5.002282796843133],[105.12499809265137,-5.001256750694878],[105.12611389160156,-5.000487215028457],[105.12697219848633,-4.99920465357485],[105.12748718261719,-4.99920465357485],[105.12774467468262,-5.000059694823008],[105.12868881225586,-5.000487215028457],[105.12937545776367,-5.000145198886429],[105.12877464294434,-4.999375661913788],[105.12886047363281,-4.99886263676305],[105.12989044189453,-4.998948140982748],[105.13049125671387,-4.999546670208062],[105.13083457946777,-4.99946116606651],[105.13092041015625,-4.997409063320788],[105.13143539428711,-4.997152550025632],[105.13229370117188,-4.997751080891462],[105.13323783874512,-4.99766557651553],[105.13340950012207,-4.996896036630048],[105.13435363769531,-4.995955486653912],[105.13615608215332,-4.995100440049825],[105.13641357421875,-4.9942453923304555],[105.13710021972656,-4.9937323631635735],[105.13667106628418,-4.993390343496003],[105.13667106628418,-4.992535293546652]]}},{"type":"Feature","id":"pmtiles:10/811/526:waterway:12989073420:0","properties":{"name":"Way Batanghari","name_int":"Way Batanghari","class":"river","name:latin":"Way Batanghari","name_de":"Way Batanghari","name_en":"Way Batanghari","waterway":"river","kind":"waterway","verification":"verified","source":"OpenMapTiles/OpenStreetMap national PMTiles","sourceId":"10/811/526:waterway:12989073420:0","sourceLayer":"waterway","archive":"https://its.hanifahseptiani45.workers.dev/v1/map/archive/indonesia.pmtiles","updatedAt":"2026-07-26T09:44:19.091Z"},"geometry":{"type":"LineString","coordinates":[[105.26653289794922,-5.14899067811335],[105.26730537414551,-5.148477771895031],[105.26747703552246,-5.148135834186306],[105.26799201965332,-5.148221318630732],[105.26885032653809,-5.147793896293749],[105.26910781860352,-5.148135834186306],[105.27056694030762,-5.147708411791868],[105.2713394165039,-5.146939050758036],[105.27219772338867,-5.147110019957083],[105.27314186096191,-5.146768081513031],[105.27348518371582,-5.1470245353633],[105.27485847473145,-5.147110019957083],[105.27494430541992,-5.1466825968732905],[105.27545928955078,-5.146340658199492],[105.27606010437012,-5.1453148410753755],[105.27631759643555,-5.143776112288478],[105.27674674987793,-5.14334868696524],[105.27743339538574,-5.143776112288478],[105.27863502502441,-5.143605142193621],[105.27923583984375,-5.143263201866148],[105.27975082397461,-5.14334868696524],[105.27983665466309,-5.14386159731869],[105.28043746948242,-5.144118052340417],[105.28060913085938,-5.143947082337405],[105.28043746948242,-5.143177716755574],[105.28120994567871,-5.14386159731869],[105.28189659118652,-5.143263201866148],[105.28215408325195,-5.143263201866148],[105.28266906738281,-5.144032567344652],[105.28292655944824,-5.143947082337405],[105.28284072875977,-5.143263201866148],[105.2834415435791,-5.143690627246784],[105.28318405151367,-5.142493835457756],[105.28361320495605,-5.141980924002297],[105.28369903564453,-5.141382526782053],[105.28387069702148,-5.141382526782053],[105.28378486633301,-5.140784128999485],[105.28481483459473,-5.140527672634846],[105.2845573425293,-5.140185730654679],[105.28532981872559,-5.139672817340227],[105.28498649597168,-5.139330874901148],[105.28575897216797,-5.139074417951406],[105.28584480285645,-5.138732475191134],[105.28532981872559,-5.138305046482728],[105.28524398803711,-5.137963103309559],[105.28550148010254,-5.137877617487604],[105.28575897216797,-5.138219560706645],[105.28610229492188,-5.138048589120061],[105.2860164642334,-5.137706645809274],[105.28524398803711,-5.137108244573895],[105.28524398803711,-5.136851786729579],[105.28558731079102,-5.1366808147760565],[105.28610229492188,-5.1369372726891385],[105.28661727905273,-5.136595328782079],[105.28764724731445,-5.136424356759761],[105.28807640075684,-5.135654982091793],[105.28850555419922,-5.13599692650331],[105.2885913848877,-5.13497109271853],[105.28953552246094,-5.134372688915207],[105.29030799865723,-5.13300490668469],[105.29022216796875,-5.132150041301088],[105.29082298278809,-5.1317226081797145],[105.29142379760742,-5.132321014469468],[105.29168128967285,-5.131979068086906],[105.29296875,-5.131551634850979],[105.29314041137695,-5.1317226081797145],[105.29271125793457,-5.132235527891012],[105.29296875,-5.132577474136099],[105.29348373413086,-5.132577474136099],[105.29374122619629,-5.13317587962392],[105.2940845489502,-5.13300490668469],[105.29417037963867,-5.132406501036471],[105.29459953308105,-5.132748447189897],[105.29451370239258,-5.1335178253648905],[105.29511451721191,-5.13326136607634],[105.29562950134277,-5.133688798166631],[105.29562950134277,-5.133090393160032],[105.29614448547363,-5.13317587962392],[105.29640197753906,-5.132406501036471],[105.29683113098145,-5.132150041301088],[105.29717445373535,-5.132235527891012],[105.29820442199707,-5.131893581462634],[105.29932022094727,-5.132833933699615],[105.30017852783203,-5.132406501036471],[105.29966354370117,-5.132150041301088],[105.29966354370117,-5.131893581462634],[105.30035018920898,-5.131124201328689],[105.30035018920898,-5.130611280723983],[105.30077934265137,-5.13035482026703],[105.30069351196289,-5.129756412133332],[105.30241012573242,-5.128901542397671],[105.30292510986328,-5.12898702942276],[105.30352592468262,-5.1300128728307754],[105.3042984008789,-5.130782254304691],[105.3050708770752,-5.131038714589877],[105.30987739562988,-5.130953227839598],[105.31099319458008,-5.1300128728307754],[105.31185150146484,-5.1308677410778785],[105.31288146972656,-5.1308677410778785],[105.31408309936523,-5.13035482026703],[105.31511306762695,-5.129414464376467],[105.31691551208496,-5.1296709252113],[105.31734466552734,-5.129499951332846],[105.31777381896973,-5.128217645784844],[105.31949043273926,-5.12770472284447],[105.32103538513184,-5.1274482612197545],[105.32275199890137,-5.128046671517168],[105.32326698303223,-5.12770472284447],[105.32283782958984,-5.126593388393459],[105.32369613647461,-5.126080464148416],[105.32498359680176,-5.126422413690889],[105.32489776611328,-5.125824001871408],[105.32549858093262,-5.125225589491308],[105.32575607299805,-5.12419973839269],[105.32747268676758,-5.121036687138215],[105.32798767089844,-5.120865710948834],[105.32893180847168,-5.1214641274116275],[105.33124923706055,-5.121207663281865],[105.3314208984375,-5.1209511990492445],[105.33124923706055,-5.118557527917787],[105.3314208984375,-5.118215574167678],[105.33193588256836,-5.1176171546651545],[105.33485412597656,-5.115821892799332],[105.33511161804199,-5.1151379821923655],[105.33493995666504,-5.114454070854649],[105.3354549407959,-5.114026625897537],[105.33648490905762,-5.112145864696174],[105.33854484558105,-5.113428202478133],[105.33905982971191,-5.112829778499446],[105.34034729003906,-5.11274428931398],[105.34172058105469,-5.113855647834782],[105.34326553344727,-5.111205482024218],[105.34335136413574,-5.110179608443971],[105.34558296203613,-5.109068243545096],[105.34669876098633,-5.109324712538992],[105.34721374511719,-5.108726284726899],[105.34815788269043,-5.108897264158799],[105.34867286682129,-5.108555305249368],[105.3493595123291,-5.108469815493493],[105.35021781921387,-5.108726284726899],[105.35116195678711,-5.109666671037857],[105.3519344329834,-5.109581181430244],[105.35244941711426,-5.108982753857646],[105.35279273986816,-5.109068243545096],[105.3530502319336,-5.110008629354226],[105.35253524780273,-5.1106925454394485],[105.3522777557373,-5.111547439519228],[105.35236358642578,-5.111974886131236],[105.35270690917969,-5.112060375419418],[105.35382270812988,-5.111034503208259],[105.35502433776855,-5.111119992621937],[105.35605430603027,-5.111718418198265],[105.3563117980957,-5.111205482024218],[105.35708427429199,-5.110863524346669],[105.3574275970459,-5.111034503208259],[105.35785675048828,-5.1124023324579895],[105.35845756530762,-5.11274428931398],[105.35871505737305,-5.112145864696174],[105.35811424255371,-5.111803907520667],[105.35820007324219,-5.111461950162578],[105.35957336425781,-5.111034503208259],[105.35974502563477,-5.111547439519228],[105.36051750183105,-5.111718418198265],[105.36026000976562,-5.111034503208259],[105.36068916320801,-5.1103505874880994],[105.36026000976562,-5.110008629354226],[105.36068916320801,-5.109666671037857],[105.36060333251953,-5.108897264158799],[105.36257743835449,-5.108640794993832],[105.36266326904297,-5.107614917307686],[105.3632640838623,-5.107871386883161],[105.36343574523926,-5.109495691811247],[105.36523818969727,-5.1097521606340734],[105.36764144897461,-5.108469815493493],[105.36815643310547,-5.10881177444854],[105.36824226379395,-5.110179608443971],[105.36884307861328,-5.110179608443971],[105.36892890930176,-5.1103505874880994],[105.36798477172852,-5.111205482024218],[105.36995887756348,-5.1107780348987575],[105.37081718444824,-5.11094901378317],[105.37107467651367,-5.1106925454394485],[105.37141799926758,-5.11094901378317],[105.37141799926758,-5.111290971415087],[105.37184715270996,-5.111034503208259],[105.37184715270996,-5.1104360769930395],[105.37356376647949,-5.1091537332211345],[105.37382125854492,-5.109581181430244],[105.3742504119873,-5.109581181430244],[105.37407875061035,-5.108213346157484],[105.37347793579102,-5.107785897036067],[105.37356376647949,-5.1075294274264],[105.3753662109375,-5.1075294274264],[105.3764820098877,-5.108469815493493],[105.37725448608398,-5.108640794993832],[105.37802696228027,-5.110008629354226],[105.37854194641113,-5.109581181430244],[105.3779411315918,-5.1083843257262345],[105.37819862365723,-5.107700407177589],[105.37854194641113,-5.107187467787227],[105.37922859191895,-5.107187467787227],[105.37948608398438,-5.107443937533716],[105.38008689880371,-5.109239222885762],[105.380859375,-5.108982753857646],[105.38137435913086,-5.109410202180825],[105.38291931152344,-5.1097521606340734],[105.38403511047363,-5.1091537332211345],[105.38446426391602,-5.108469815493493],[105.38455009460449,-5.106930997938136],[105.38497924804688,-5.1064180579321885],[105.38429260253906,-5.105990607613748],[105.38437843322754,-5.105819627406575],[105.38575172424316,-5.105050215910225],[105.38609504699707,-5.105050215910225],[105.38652420043945,-5.105477666855506],[105.38703918457031,-5.104708254948875],[105.3878116607666,-5.104708254948875],[105.3874683380127,-5.10590511751586],[105.38806915283203,-5.1064180579321885],[105.3889274597168,-5.1064180579321885],[105.38918495178223,-5.105648647153842],[105.38987159729004,-5.105221196322518],[105.39004325866699,-5.106589037979759],[105.39115905761719,-5.10590511751586],[105.39236068725586,-5.106503547961665],[105.3929615020752,-5.106076097700239],[105.39287567138672,-5.104879235452344],[105.39364814758301,-5.104879235452344],[105.39424896240234,-5.105819627406575],[105.39467811584473,-5.106076097700239],[105.39553642272949,-5.105477666855506],[105.39519309997559,-5.103938842119277],[105.39665222167969,-5.103682370970986],[105.39682388305664,-5.103425899720165],[105.39639472961426,-5.102570994810321],[105.39690971374512,-5.102229032527447],[105.3969955444336,-5.101801579417568],[105.39682388305664,-5.101716088761435],[105.39579391479492,-5.10231452311524],[105.39527893066406,-5.101716088761435],[105.39545059204102,-5.100946672343753],[105.39613723754883,-5.10060470919538],[105.39776802062988,-5.10051921837983],[105.39742469787598,-5.099664309598083],[105.3976821899414,-5.099493327705119],[105.39888381958008,-5.099835291445515],[105.39999961853027,-5.100690199999562],[105.4002571105957,-5.100262745864853],[105.39922714233398,-5.099065872773522],[105.39965629577637,-5.098809399677961],[105.40128707885742,-5.09915136378261],[105.40163040161133,-5.098894890721198],[105.40102958679199,-5.097783506271426],[105.4013729095459,-5.097270558953653],[105.4031753540039,-5.095389748617521],[105.40437698364258,-5.095389748617521],[105.40463447570801,-5.094962290955095],[105.40463447570801,-5.094107374777295],[105.40308952331543,-5.092654014665371],[105.4031753540039,-5.091884587393608],[105.40300369262695,-5.092226555183629],[105.40257453918457,-5.092226555183629],[105.4024887084961,-5.091457127400361],[105.40291786193848,-5.09068769869647],[105.40377616882324,-5.090602206561442],[105.4039478302002,-5.090260237907685],[105.40334701538086,-5.088977853836951],[105.40343284606934,-5.088550391912008],[105.4039478302002,-5.088037437227229],[105.40377616882324,-5.086755048726431],[105.40472030639648,-5.086327585325051],[105.40549278259277,-5.085387164842857],[105.40514945983887,-5.085216179153051],[105.40369033813477,-5.085387164842857],[105.40369033813477,-5.084959700533204],[105.40446281433105,-5.084190264060737],[105.40660858154297,-5.083762798956556],[105.40781021118164,-5.0812834957582],[105.40789604187012,-5.0802575744026655],[105.40763854980469,-5.07991560025458],[105.40763854980469,-5.079317145058823],[105.40806770324707,-5.078376714342966],[105.4079818725586,-5.076068378588843],[105.40729522705078,-5.074871460500944],[105.40609359741211,-5.074614977764639],[105.40592193603516,-5.074273000624302],[105.4068660736084,-5.07179366093726],[105.40635108947754,-5.071280692916474],[105.40635108947754,-5.070682229710457],[105.40918350219727,-5.067518914980184],[105.41055679321289,-5.067604410176571],[105.41098594665527,-5.067775400535396],[105.41141510009766,-5.0687158466999875],[105.41218757629395,-5.0687158466999875],[105.4123592376709,-5.068288371340344],[105.41150093078613,-5.067518914980184],[105.4112434387207,-5.065979999511001],[105.41132926940918,-5.065381531394479],[105.41227340698242,-5.065039549364826],[105.41184425354004,-5.0643555847627795],[105.41201591491699,-5.064099097850459],[105.41330337524414,-5.063244140741261],[105.41433334350586,-5.061876207015516],[105.41544914245605,-5.061363231122513],[105.41604995727539,-5.060337278116208],[105.41871070861816,-5.059396819764714],[105.41948318481445,-5.057344905890716],[105.42025566101074,-5.057515898961981],[105.42034149169922,-5.056489939857059],[105.41991233825684,-5.055207488690044],[105.4193115234375,-5.05469450751221],[105.41828155517578,-5.055292985513518],[105.4181957244873,-5.05469450751221],[105.42085647583008,-5.053754040964449],[105.42171478271484,-5.053925034983777],[105.42274475097656,-5.0530700644359],[105.42317390441895,-5.053412052790421],[105.42377471923828,-5.05324105863572],[105.4248046875,-5.052300589978287],[105.42463302612305,-5.051189125259967],[105.42497634887695,-5.048966190106455],[105.42531967163086,-5.0494791758183055],[105.42566299438477,-5.0494791758183055],[105.42634963989258,-5.048367706263122],[105.4262638092041,-5.047940217465452],[105.42566299438477,-5.047256234803214],[105.42617797851562,-5.046401255461291],[105.42574882507324,-5.045631773090292],[105.42566299438477,-5.044776791607987],[105.42643547058105,-5.044349300444466],[105.42660713195801,-5.04383631067661],[105.42643547058105,-5.0430668252647735],[105.42523384094238,-5.043408818893738],[105.42506217956543,-5.04289582838274],[105.42566299438477,-5.041955344726603],[105.42669296264648,-5.041698848947632],[105.42755126953125,-5.0410148597084685],[105.42798042297363,-5.039988874499244],[105.42780876159668,-5.03973237794375],[105.42660713195801,-5.039304883459579],[105.42489051818848,-5.039561380183841],[105.42428970336914,-5.036568912101657],[105.4248046875,-5.036312414196431],[105.42652130126953,-5.036483412811151],[105.42720794677734,-5.035286421563612],[105.42806625366211,-5.034944423659596],[105.42815208435059,-5.03357643024512],[105.42780876159668,-5.033063431972948],[105.42815208435059,-5.032208433953784],[105.42652130126953,-5.0314389347759345],[105.42652130126953,-5.030669434688221],[105.42806625366211,-5.029728933345595],[105.42866706848145,-5.031182434847793],[105.43012619018555,-5.030669434688221],[105.43021202087402,-5.030156434124336],[105.42986869812012,-5.029728933345595],[105.42986869812012,-5.028531929671686],[105.43038368225098,-5.028189928217827],[105.43098449707031,-5.028446429325072],[105.43132781982422,-5.027676925700263],[105.43192863464355,-5.027249423293597],[105.43184280395508,-5.02656541885932],[105.43098449707031,-5.024940905449583],[105.43107032775879,-5.023230886958814],[105.43235778808594,-5.022974383798228],[105.43218612670898,-5.021862868936225],[105.43270111083984,-5.0214353627154935],[105.4328727722168,-5.020409346642296],[105.43278694152832,-5.019896338000422],[105.43235778808594,-5.019468830490638],[105.43261528015137,-5.018699316267046],[105.43338775634766,-5.018613814630612],[105.43484687805176,-5.02058034943326],[105.43587684631348,-5.020665850811923],[105.43622016906738,-5.02032384523001],[105.43604850769043,-5.019126824281102],[105.43742179870605,-5.018699316267046],[105.43776512145996,-5.018357309654107],[105.43785095214844,-5.017160285097191],[105.43750762939453,-5.016048760328474],[105.43647766113281,-5.014851731537846],[105.43750762939453,-5.013483695947187],[105.43785095214844,-5.013569198255567],[105.43853759765625,-5.0156212502980395],[105.43905258178711,-5.016219764262232],[105.43965339660645,-5.016390768151211],[105.44042587280273,-5.015963258344769],[105.4409408569336,-5.0146807272457465],[105.44137001037598,-5.014766229397395],[105.4412841796875,-5.01536474414543],[105.4416275024414,-5.015706752326537],[105.44300079345703,-5.015450246207493],[105.44428825378418,-5.014253216319574],[105.4453182220459,-5.013825705113518],[105.44548988342285,-5.012970681861887],[105.44677734375,-5.011944652482555],[105.44626235961914,-5.011517139765601],[105.44626235961914,-5.011089626768879],[105.44686317443848,-5.010747616170136],[105.44677734375,-5.009807086100679],[105.44720649719238,-5.008952057590321],[105.44857978820801,-5.0080970279616395],[105.44952392578125,-5.009721583299964],[105.45003890991211,-5.010063594435664],[105.45124053955078,-5.0103201026699935],[105.4522705078125,-5.01023459993641],[105.45295715332031,-5.010747616170136],[105.45415878295898,-5.010918621491882],[105.45578956604004,-5.010405605392393],[105.45690536499023,-5.011346134600473],[105.457763671875,-5.0110041241359795],[105.45836448669434,-5.010405605392393],[105.45836448669434,-5.009892588890182],[105.45681953430176,-5.009294069128671],[105.4566478729248,-5.008524542915765],[105.45750617980957,-5.0080970279616395],[105.45905113220215,-5.007840518855005],[105.46008110046387,-5.00886655467778],[105.4606819152832,-5.008781051754042],[105.4603385925293,-5.007584009647729],[105.45973777770996,-5.006985487772766],[105.46051025390625,-5.004505891313272],[105.46042442321777,-5.00407837373244],[105.4617977142334,-5.00407837373244],[105.46239852905273,-5.00433488431446],[105.4629135131836,-5.003992870182756],[105.46299934387207,-5.002111789263438],[105.46368598937988,-5.001684270118744],[105.46445846557617,-5.000572719036057],[105.46445846557617,-4.999717678457699],[105.46420097351074,-4.999033645191261],[105.46540260314941,-4.9987771325322115],[105.46651840209961,-4.997836585256238],[105.4676342010498,-4.997409063320788],[105.46892166137695,-4.9974945677302],[105.4698657989502,-4.998093098283604],[105.47029495239258,-4.998093098283604],[105.4698657989502,-4.995613468146118],[105.47038078308105,-4.994074382652755],[105.47012329101562,-4.9937323631635735],[105.46917915344238,-4.993561353352092],[105.46926498413086,-4.993133828628245],[105.4698657989502,-4.992535293546652],[105.46977996826172,-4.99176574763915],[105.47012329101562,-4.990910695572026],[105.46960830688477,-4.989713620805972],[105.4702091217041,-4.988944071588989],[105.47218322753906,-4.987233958987744],[105.47209739685059,-4.986122383408315],[105.47286987304688,-4.986122383408315],[105.47364234924316,-4.984925299910969],[105.47364234924316,-4.983899226605487],[105.47338485717773,-4.982702139057139],[105.47295570373535,-4.9820180880504665],[105.4727840423584,-4.9809065036462385],[105.47304153442383,-4.980564477297563],[105.47415733337402,-4.980649983901401],[105.47467231750488,-4.980051437440935],[105.47450065612793,-4.979794917362511],[105.47364234924316,-4.979538397184001],[105.47381401062012,-4.979110863330803],[105.47432899475098,-4.979025356526819],[105.47441482543945,-4.978426808587599],[105.47372817993164,-4.977742753132986],[105.47347068786621,-4.976460147238399],[105.47432899475098,-4.9745789874041435]]}},{"type":"Feature","id":"pmtiles:10/812/526:landuse:15119939942:0","properties":{"class":"residential","kind":"green","verification":"verified","source":"OpenMapTiles/OpenStreetMap national PMTiles","sourceId":"10/812/526:landuse:15119939942:0","sourceLayer":"landuse","archive":"https://its.hanifahseptiani45.workers.dev/v1/map/archive/indonesia.pmtiles","updatedAt":"2026-07-26T09:44:19.170Z"},"geometry":{"type":"Polygon","coordinates":[[[105.4632568359375,-5.057772388484182],[105.46488761901855,-5.057173912774303],[105.46780586242676,-5.058370863640775],[105.46660423278809,-5.060166285790345],[105.4676342010498,-5.061106743023458],[105.46737670898438,-5.062731165933158],[105.4661750793457,-5.063842610836403],[105.46531677246094,-5.063415132253525],[105.46488761901855,-5.062047198889459],[105.4632568359375,-5.061192239067779],[105.4632568359375,-5.057772388484182]]]}},{"type":"Feature","id":"pmtiles:10/811/527:transportation:1776850550:7","properties":{"class":"trunk","ramp":1,"highway":"trunk","kind":"road","verification":"verified","source":"OpenMapTiles/OpenStreetMap national PMTiles","sourceId":"10/811/527:transportation:1776850550:7","sourceLayer":"transportation","archive":"https://its.hanifahseptiani45.workers.dev/v1/map/archive/indonesia.pmtiles","updatedAt":"2026-07-26T09:44:28.426Z"},"geometry":{"type":"LineString","coordinates":[[105.1856803894043,-5.2654096035429205],[105.18576622009277,-5.2654096035429205]]}},{"type":"Feature","id":"pmtiles:10/811/527:transportation:1776850550:8","properties":{"class":"trunk","ramp":1,"highway":"trunk","kind":"road","verification":"verified","source":"OpenMapTiles/OpenStreetMap national PMTiles","sourceId":"10/811/527:transportation:1776850550:8","sourceLayer":"transportation","archive":"https://its.hanifahseptiani45.workers.dev/v1/map/archive/indonesia.pmtiles","updatedAt":"2026-07-26T09:44:28.426Z"},"geometry":{"type":"LineString","coordinates":[[105.18490791320801,-5.263016480735999],[105.18499374389648,-5.263016480735999]]}},{"type":"Feature","id":"pmtiles:8/202/131:landuse:160196120:14","properties":{"class":"residential","kind":"green","verification":"verified","source":"OpenMapTiles/OpenStreetMap national PMTiles","sourceId":"8/202/131:landuse:160196120:14","sourceLayer":"landuse","archive":"https://its.hanifahseptiani45.workers.dev/v1/map/archive/indonesia.pmtiles","updatedAt":"2026-07-26T09:35:39.833Z"},"geometry":{"type":"Polygon","coordinates":[[[105.44300079345703,-5.130953227839598],[105.4416275024414,-5.130269333425147],[105.43750762939453,-5.128559594182846],[105.435791015625,-5.127533748439433],[105.44197082519531,-5.121720591438475],[105.44300079345703,-5.123772299948797],[105.44986724853516,-5.122404495007061],[105.4519271850586,-5.123772299948797],[105.44300079345703,-5.130953227839598]]]}},{"type":"Feature","id":"pmtiles:8/202/131:landuse:160196120:15","properties":{"class":"residential","kind":"green","verification":"verified","source":"OpenMapTiles/OpenStreetMap national PMTiles","sourceId":"8/202/131:landuse:160196120:15","sourceLayer":"landuse","archive":"https://its.hanifahseptiani45.workers.dev/v1/map/archive/indonesia.pmtiles","updatedAt":"2026-07-26T09:35:39.833Z"},"geometry":{"type":"Polygon","coordinates":[[[105.43132781982422,-5.128217645784844],[105.43167114257812,-5.126165951551187],[105.43201446533203,-5.123772299948797],[105.4251480102539,-5.124456201321763],[105.42068481445312,-5.1295854382778],[105.42205810546875,-5.1316371215210665],[105.41793823242188,-5.1350565789303175],[105.41519165039062,-5.133688798166631],[105.41038513183594,-5.136424356759761],[105.40969848632812,-5.134030743632593],[105.41759490966797,-5.130269333425147],[105.4248046875,-5.122404495007061],[105.43647766113281,-5.118301062622336],[105.43407440185547,-5.120694734713737],[105.43510437011719,-5.127191799492039],[105.43510437011719,-5.127533748439433],[105.43132781982422,-5.128217645784844]]]}},{"type":"Feature","id":"pmtiles:8/202/131:landuse:160196120:16","properties":{"class":"residential","kind":"green","verification":"verified","source":"OpenMapTiles/OpenStreetMap national PMTiles","sourceId":"8/202/131:landuse:160196120:16","sourceLayer":"landuse","archive":"https://its.hanifahseptiani45.workers.dev/v1/map/archive/indonesia.pmtiles","updatedAt":"2026-07-26T09:35:39.833Z"},"geometry":{"type":"Polygon","coordinates":[[[105.42892456054688,-5.128217645784844],[105.42926788330078,-5.128559594182846],[105.43098449707031,-5.130269333425147],[105.435791015625,-5.128901542397671],[105.43819427490234,-5.133688798166631],[105.43750762939453,-5.134714634014443],[105.43956756591797,-5.1374501882057615],[105.44849395751953,-5.139843788490936],[105.44609069824219,-5.142237379781676],[105.44197082519531,-5.141895438719558],[105.43853759765625,-5.141211556044425],[105.4361343383789,-5.135398523662786],[105.43132781982422,-5.139501846143631],[105.42858123779297,-5.137792131654166],[105.42308807373047,-5.140527672634846],[105.42240142822266,-5.1453148410753755],[105.41690826416016,-5.142921261354985],[105.42137145996094,-5.1374501882057615],[105.42686462402344,-5.134714634014443],[105.42377471923828,-5.128559594182846],[105.42823791503906,-5.125824001871408],[105.43167114257812,-5.126165951551187],[105.42892456054688,-5.128217645784844]]]}},{"type":"Feature","id":"pmtiles:8/202/131:landuse:160196120:17","properties":{"class":"residential","kind":"green","verification":"verified","source":"OpenMapTiles/OpenStreetMap national PMTiles","sourceId":"8/202/131:landuse:160196120:17","sourceLayer":"landuse","archive":"https://its.hanifahseptiani45.workers.dev/v1/map/archive/indonesia.pmtiles","updatedAt":"2026-07-26T09:35:39.833Z"},"geometry":{"type":"Polygon","coordinates":[[[105.4086685180664,-5.124114250726791],[105.40111541748047,-5.124798151733728],[105.39802551269531,-5.122404495007061],[105.40386199951172,-5.1200108293161435],[105.41725158691406,-5.121378639379799],[105.41793823242188,-5.123088397843858],[105.41622161865234,-5.124798151733728],[105.4086685180664,-5.124114250726791]]]}},{"type":"Feature","id":"pmtiles:8/202/131:landuse:160196120:18","properties":{"class":"residential","kind":"green","verification":"verified","source":"OpenMapTiles/OpenStreetMap national PMTiles","sourceId":"8/202/131:landuse:160196120:18","sourceLayer":"landuse","archive":"https://its.hanifahseptiani45.workers.dev/v1/map/archive/indonesia.pmtiles","updatedAt":"2026-07-26T09:35:39.833Z"},"geometry":{"type":"Polygon","coordinates":[[[105.42102813720703,-5.112487821689115],[105.41862487792969,-5.111461950162578],[105.4189682006836,-5.10701648789923],[105.4248046875,-5.102229032527447],[105.42205810546875,-5.101887070062318],[105.41999816894531,-5.105306686511582],[105.41862487792969,-5.099493327705119],[105.41587829589844,-5.10051921837983],[105.41210174560547,-5.092312047102709],[105.41622161865234,-5.091286143323501],[105.41519165039062,-5.092654014665371],[105.41759490966797,-5.093679916261948],[105.41862487792969,-5.0909441750333855],[105.41622161865234,-5.085130686291123],[105.41793823242188,-5.084446742987041],[105.42171478271484,-5.089234330855618],[105.4189682006836,-5.095047782510335],[105.42308807373047,-5.094705816221179],[105.42137145996094,-5.097783506271426],[105.42343139648438,-5.094363849750039],[105.42926788330078,-5.09162811143176],[105.42858123779297,-5.089234330855618],[105.4299545288086,-5.0909441750333855],[105.43270111083984,-5.089918269072129],[105.43201446533203,-5.0933379492450115],[105.42823791503906,-5.095731714542708],[105.43167114257812,-5.09915136378261],[105.42926788330078,-5.104280803490809],[105.42617797851562,-5.104280803490809],[105.42308807373047,-5.107700407177589],[105.4248046875,-5.1100941189048115],[105.42102813720703,-5.112487821689115]]]}},{"type":"Feature","id":"pmtiles:8/202/131:landuse:160196120:19","properties":{"class":"residential","kind":"green","verification":"verified","source":"OpenMapTiles/OpenStreetMap national PMTiles","sourceId":"8/202/131:landuse:160196120:19","sourceLayer":"landuse","archive":"https://its.hanifahseptiani45.workers.dev/v1/map/archive/indonesia.pmtiles","updatedAt":"2026-07-26T09:35:39.833Z"},"geometry":{"type":"Polygon","coordinates":[[[105.40763854980469,-5.097099576423361],[105.4031753540039,-5.10701648789923],[105.3976821899414,-5.104280803490809],[105.4024887084961,-5.096757611226238],[105.40729522705078,-5.097099576423361],[105.40626525878906,-5.093679916261948],[105.40901184082031,-5.091970079358163],[105.41244506835938,-5.094705816221179],[105.41244506835938,-5.097441541438428],[105.40969848632812,-5.099493327705119],[105.40763854980469,-5.097099576423361]]]}},{"type":"Feature","id":"pmtiles:8/202/131:landuse:160196120:20","properties":{"class":"residential","kind":"green","verification":"verified","source":"OpenMapTiles/OpenStreetMap national PMTiles","sourceId":"8/202/131:landuse:160196120:20","sourceLayer":"landuse","archive":"https://its.hanifahseptiani45.workers.dev/v1/map/archive/indonesia.pmtiles","updatedAt":"2026-07-26T09:35:39.833Z"},"geometry":{"type":"Polygon","coordinates":[[[105.41038513183594,-5.109068243545096],[105.40969848632812,-5.107358447629608],[105.41484832763672,-5.10051921837983],[105.41793823242188,-5.105306686511582],[105.41038513183594,-5.109068243545096]]]}},{"type":"Feature","id":"pmtiles:8/202/131:landuse:160196120:21","properties":{"class":"residential","kind":"green","verification":"verified","source":"OpenMapTiles/OpenStreetMap national PMTiles","sourceId":"8/202/131:landuse:160196120:21","sourceLayer":"landuse","archive":"https://its.hanifahseptiani45.workers.dev/v1/map/archive/indonesia.pmtiles","updatedAt":"2026-07-26T09:35:39.833Z"},"geometry":{"type":"Polygon","coordinates":[[[105.38497924804688,-5.101203144585455],[105.38841247558594,-5.094705816221179],[105.39321899414062,-5.096757611226238],[105.38806915283203,-5.102570994810321],[105.38497924804688,-5.101203144585455]]]}},{"type":"Feature","id":"pmtiles:8/202/131:landuse:160196120:22","properties":{"class":"residential","kind":"green","verification":"verified","source":"OpenMapTiles/OpenStreetMap national PMTiles","sourceId":"8/202/131:landuse:160196120:22","sourceLayer":"landuse","archive":"https://its.hanifahseptiani45.workers.dev/v1/map/archive/indonesia.pmtiles","updatedAt":"2026-07-26T09:35:39.834Z"},"geometry":{"type":"Polygon","coordinates":[[[105.39047241210938,-5.115565426407358],[105.38532257080078,-5.115223471058201],[105.38223266601562,-5.1176171546651545],[105.38223266601562,-5.111461950162578],[105.3753662109375,-5.114881515526349],[105.37158966064453,-5.108042366543117],[105.38257598876953,-5.1107780348987575],[105.38841247558594,-5.107358447629608],[105.39115905761719,-5.108042366543117],[105.38497924804688,-5.112829778499446],[105.38909912109375,-5.112145864696174],[105.39047241210938,-5.115565426407358]]]}},{"type":"Feature","id":"pmtiles:8/202/131:landuse:160196120:23","properties":{"class":"residential","kind":"green","verification":"verified","source":"OpenMapTiles/OpenStreetMap national PMTiles","sourceId":"8/202/131:landuse:160196120:23","sourceLayer":"landuse","archive":"https://its.hanifahseptiani45.workers.dev/v1/map/archive/indonesia.pmtiles","updatedAt":"2026-07-26T09:35:39.834Z"},"geometry":{"type":"Polygon","coordinates":[[[105.39665222167969,-5.122404495007061],[105.3969955444336,-5.122746446516928],[105.39939880371094,-5.125824001871408],[105.39905548095703,-5.126507901047901],[105.3973388671875,-5.1295854382778],[105.39802551269531,-5.130953227839598],[105.40008544921875,-5.129243490429332],[105.40077209472656,-5.126849850361523],[105.40351867675781,-5.127875697203706],[105.40420532226562,-5.125824001871408],[105.40695190429688,-5.130269333425147],[105.41175842285156,-5.127533748439433],[105.41519165039062,-5.128217645784844],[105.40489196777344,-5.13334685251732],[105.40283203125,-5.1316371215210665],[105.39939880371094,-5.133688798166631],[105.39939880371094,-5.134030743632593],[105.39871215820312,-5.134372688915207],[105.39836883544922,-5.134372688915207],[105.39253234863281,-5.135740468211864],[105.39287567138672,-5.139159903612793],[105.3805160522461,-5.142579320660161],[105.37811279296875,-5.1453148410753755],[105.3805160522461,-5.147366473669507],[105.37879943847656,-5.148734225055918],[105.36781311035156,-5.139159903612793],[105.36575317382812,-5.139501846143631],[105.3647232055664,-5.136424356759761],[105.3592300415039,-5.1388179608984075],[105.35682678222656,-5.137108244573895],[105.36334991455078,-5.131295174771964],[105.37261962890625,-5.1350565789303175],[105.37811279296875,-5.128901542397671],[105.37982940673828,-5.125824001871408],[105.38188934326172,-5.124798151733728],[105.38497924804688,-5.123430348987824],[105.38566589355469,-5.123430348987824],[105.3863525390625,-5.123088397843858],[105.38703918457031,-5.123430348987824],[105.39596557617188,-5.122746446516928],[105.39665222167969,-5.122404495007061]]]}},{"type":"Feature","id":"pmtiles:8/202/131:landuse:160196120:24","properties":{"class":"residential","kind":"green","verification":"verified","source":"OpenMapTiles/OpenStreetMap national PMTiles","sourceId":"8/202/131:landuse:160196120:24","sourceLayer":"landuse","archive":"https://its.hanifahseptiani45.workers.dev/v1/map/archive/indonesia.pmtiles","updatedAt":"2026-07-26T09:35:39.834Z"},"geometry":{"type":"Polygon","coordinates":[[[105.4086685180664,-5.142921261354985],[105.41278839111328,-5.142579320660161],[105.41004180908203,-5.148050349730411],[105.41450500488281,-5.147708411791868],[105.41519165039062,-5.152495526196603],[105.42240142822266,-5.154547135617307],[105.42240142822266,-5.156256805072488],[105.41141510009766,-5.156940671565664],[105.41656494140625,-5.157282604536022],[105.42858123779297,-5.163779295965526],[105.42652130126953,-5.175746711117085],[105.4244613647461,-5.174720941539931],[105.42411804199219,-5.169592068713754],[105.41999816894531,-5.166514725077491],[105.42102813720703,-5.170617846603278],[105.41690826416016,-5.16925014238133],[105.41175842285156,-5.171301697606424],[105.4086685180664,-5.16925014238133],[105.40763854980469,-5.170959772197193],[105.40420532226562,-5.168566289162726],[105.40420532226562,-5.164805083265875],[105.39871215820312,-5.163779295965526],[105.40008544921875,-5.161385785811078],[105.40454864501953,-5.1624115769834305],[105.39871215820312,-5.1576245373222065],[105.40111541748047,-5.150785846619044],[105.39596557617188,-5.149760036665086],[105.39527893066406,-5.146340658199492],[105.40420532226562,-5.147708411791868],[105.40283203125,-5.144289022297485],[105.4086685180664,-5.142921261354985]]]}},{"type":"Feature","id":"pmtiles:8/202/131:landuse:160196120:25","properties":{"class":"residential","kind":"green","verification":"verified","source":"OpenMapTiles/OpenStreetMap national PMTiles","sourceId":"8/202/131:landuse:160196120:25","sourceLayer":"landuse","archive":"https://its.hanifahseptiani45.workers.dev/v1/map/archive/indonesia.pmtiles","updatedAt":"2026-07-26T09:35:39.834Z"},"geometry":{"type":"Polygon","coordinates":[[[105.33897399902344,-5.1514697190019945],[105.34446716308594,-5.147366473669507],[105.35202026367188,-5.147366473669507],[105.35511016845703,-5.150443910151651],[105.34687042236328,-5.150785846619044],[105.34446716308594,-5.1531793967396595],[105.347900390625,-5.156256805072488],[105.35099029541016,-5.154547135617307],[105.35442352294922,-5.157282604536022],[105.3647232055664,-5.15967613017088],[105.36815643310547,-5.163095436843236],[105.3530502319336,-5.1610438550516164],[105.35648345947266,-5.16617279708413],[105.35099029541016,-5.161385785811078],[105.3420639038086,-5.15967613017088],[105.34000396728516,-5.157282604536022],[105.33416748046875,-5.160701924107883],[105.33897399902344,-5.1514697190019945]]]}},{"type":"Feature","id":"pmtiles:8/202/131:landuse:160196120:26","properties":{"class":"residential","kind":"green","verification":"verified","source":"OpenMapTiles/OpenStreetMap national PMTiles","sourceId":"8/202/131:landuse:160196120:26","sourceLayer":"landuse","archive":"https://its.hanifahseptiani45.workers.dev/v1/map/archive/indonesia.pmtiles","updatedAt":"2026-07-26T09:35:39.834Z"},"geometry":{"type":"Polygon","coordinates":[[[105.36746978759766,-5.152837461560125],[105.36540985107422,-5.149418099645914],[105.3753662109375,-5.149418099645914],[105.3757095336914,-5.148050349730411],[105.380859375,-5.15215359064905],[105.3757095336914,-5.15967613017088],[105.36746978759766,-5.152837461560125]]]}},{"type":"Feature","id":"pmtiles:8/202/131:landuse:160196120:27","properties":{"class":"residential","kind":"green","verification":"verified","source":"OpenMapTiles/OpenStreetMap national PMTiles","sourceId":"8/202/131:landuse:160196120:27","sourceLayer":"landuse","archive":"https://its.hanifahseptiani45.workers.dev/v1/map/archive/indonesia.pmtiles","updatedAt":"2026-07-26T09:35:39.834Z"},"geometry":{"type":"Polygon","coordinates":[[[105.36643981933594,-5.121378639379799],[105.37330627441406,-5.1179591087351355],[105.37742614746094,-5.118984969848341],[105.37811279296875,-5.121036687138215],[105.37605285644531,-5.124456201321763],[105.36609649658203,-5.123430348987824],[105.36643981933594,-5.121378639379799]]]}},{"type":"Feature","id":"pmtiles:8/202/131:landuse:160196120:28","properties":{"class":"residential","kind":"green","verification":"verified","source":"OpenMapTiles/OpenStreetMap national PMTiles","sourceId":"8/202/131:landuse:160196120:28","sourceLayer":"landuse","archive":"https://its.hanifahseptiani45.workers.dev/v1/map/archive/indonesia.pmtiles","updatedAt":"2026-07-26T09:35:39.834Z"},"geometry":{"type":"Polygon","coordinates":[[[105.33828735351562,-5.096757611226238],[105.3369140625,-5.092654014665371],[105.34515380859375,-5.089234330855618],[105.34893035888672,-5.094705816221179],[105.33828735351562,-5.096757611226238]]]}},{"type":"Feature","id":"pmtiles:8/202/131:landuse:160196120:29","properties":{"class":"residential","kind":"green","verification":"verified","source":"OpenMapTiles/OpenStreetMap national PMTiles","sourceId":"8/202/131:landuse:160196120:29","sourceLayer":"landuse","archive":"https://its.hanifahseptiani45.workers.dev/v1/map/archive/indonesia.pmtiles","updatedAt":"2026-07-26T09:35:39.834Z"},"geometry":{"type":"Polygon","coordinates":[[[105.3530502319336,-5.1200108293161435],[105.35614013671875,-5.118301062622336],[105.35957336425781,-5.121378639379799],[105.36369323730469,-5.121720591438475],[105.3647232055664,-5.126507901047901],[105.3585433959961,-5.123772299948797],[105.35511016845703,-5.126849850361523],[105.35579681396484,-5.121720591438475],[105.35270690917969,-5.120694734713737],[105.3530502319336,-5.12035278210638],[105.3530502319336,-5.1200108293161435]]]}},{"type":"Feature","id":"pmtiles:8/202/131:landuse:160196120:30","properties":{"class":"residential","kind":"green","verification":"verified","source":"OpenMapTiles/OpenStreetMap national PMTiles","sourceId":"8/202/131:landuse:160196120:30","sourceLayer":"landuse","archive":"https://its.hanifahseptiani45.workers.dev/v1/map/archive/indonesia.pmtiles","updatedAt":"2026-07-26T09:35:39.834Z"},"geometry":{"type":"Polygon","coordinates":[[[105.3317642211914,-5.119668876343056],[105.33279418945312,-5.1176171546651545],[105.3369140625,-5.116591291358574],[105.3369140625,-5.113513691572308],[105.34137725830078,-5.114881515526349],[105.34549713134766,-5.109410202180825],[105.34721374511719,-5.114881515526349],[105.34927368164062,-5.113855647834782],[105.35442352294922,-5.1162493365575585],[105.35270690917969,-5.1200108293161435],[105.34515380859375,-5.114881515526349],[105.33794403076172,-5.118643016326743],[105.33760070800781,-5.12035278210638],[105.33519744873047,-5.1200108293161435],[105.33382415771484,-5.125140101962671],[105.33519744873047,-5.125824001871408],[105.33279418945312,-5.126507901047901],[105.33073425292969,-5.124114250726791],[105.33313751220703,-5.122062543314229],[105.32970428466797,-5.123088397843858],[105.3317642211914,-5.119668876343056]]]}},{"type":"Feature","id":"pmtiles:8/202/131:landuse:160196120:31","properties":{"class":"residential","kind":"green","verification":"verified","source":"OpenMapTiles/OpenStreetMap national PMTiles","sourceId":"8/202/131:landuse:160196120:31","sourceLayer":"landuse","archive":"https://its.hanifahseptiani45.workers.dev/v1/map/archive/indonesia.pmtiles","updatedAt":"2026-07-26T09:35:39.834Z"},"geometry":{"type":"Polygon","coordinates":[[[105.29914855957031,-5.094705816221179],[105.30120849609375,-5.09162811143176],[105.3152847290039,-5.088892361474677],[105.31425476074219,-5.096073680285912],[105.30189514160156,-5.097783506271426],[105.29914855957031,-5.094705816221179]]]}},{"type":"Feature","id":"pmtiles:8/202/131:landuse:160196120:32","properties":{"class":"residential","kind":"green","verification":"verified","source":"OpenMapTiles/OpenStreetMap national PMTiles","sourceId":"8/202/131:landuse:160196120:32","sourceLayer":"landuse","archive":"https://its.hanifahseptiani45.workers.dev/v1/map/archive/indonesia.pmtiles","updatedAt":"2026-07-26T09:35:39.834Z"},"geometry":{"type":"Polygon","coordinates":[[[105.22533416748047,-5.157282604536022],[105.22773742675781,-5.158308402341959],[105.22327423095703,-5.1624115769834305],[105.22361755371094,-5.15865033457554],[105.22018432617188,-5.164121225250071],[105.21709442138672,-5.15967613017088],[105.22018432617188,-5.161385785811078],[105.22087097167969,-5.15796646992419],[105.22567749023438,-5.154547135617307],[105.22533416748047,-5.157282604536022]]]}},{"type":"Feature","id":"pmtiles:8/202/131:landuse:160196120:33","properties":{"class":"residential","kind":"green","verification":"verified","source":"OpenMapTiles/OpenStreetMap national PMTiles","sourceId":"8/202/131:landuse:160196120:33","sourceLayer":"landuse","archive":"https://its.hanifahseptiani45.workers.dev/v1/map/archive/indonesia.pmtiles","updatedAt":"2026-07-26T09:35:39.834Z"},"geometry":{"type":"Polygon","coordinates":[[[105.25142669677734,-5.138476018000503],[105.24593353271484,-5.140185730654679],[105.24250030517578,-5.14599871934189],[105.24112701416016,-5.140869614431423],[105.238037109375,-5.140527672634846],[105.23941040039062,-5.136766300758552],[105.23666381835938,-5.134372688915207],[105.23941040039062,-5.131979068086906],[105.24147033691406,-5.13300490668469],[105.24009704589844,-5.135398523662786],[105.2431869506836,-5.136424356759761],[105.24730682373047,-5.1316371215210665],[105.25177001953125,-5.134372688915207],[105.25142669677734,-5.138476018000503]]]}},{"type":"Feature","id":"pmtiles:8/202/131:landuse:160196120:34","properties":{"class":"residential","kind":"green","verification":"verified","source":"OpenMapTiles/OpenStreetMap national PMTiles","sourceId":"8/202/131:landuse:160196120:34","sourceLayer":"landuse","archive":"https://its.hanifahseptiani45.workers.dev/v1/map/archive/indonesia.pmtiles","updatedAt":"2026-07-26T09:35:39.834Z"},"geometry":{"type":"Polygon","coordinates":[[[105.29193878173828,-5.1466825968732905],[105.29090881347656,-5.144972901666492],[105.29640197753906,-5.140185730654679],[105.29571533203125,-5.1466825968732905],[105.29193878173828,-5.1514697190019945],[105.29296875,-5.1531793967396595],[105.28919219970703,-5.153521331735135],[105.28884887695312,-5.150785846619044],[105.29193878173828,-5.1466825968732905]]]}},{"type":"Feature","id":"pmtiles:8/202/131:landuse:160196120:35","properties":{"class":"residential","kind":"green","verification":"verified","source":"OpenMapTiles/OpenStreetMap national PMTiles","sourceId":"8/202/131:landuse:160196120:35","sourceLayer":"landuse","archive":"https://its.hanifahseptiani45.workers.dev/v1/map/archive/indonesia.pmtiles","updatedAt":"2026-07-26T09:35:39.834Z"},"geometry":{"type":"Polygon","coordinates":[[[105.27408599853516,-5.1374501882057615],[105.27202606201172,-5.140185730654679],[105.27511596679688,-5.139501846143631],[105.27545928955078,-5.13813407491908],[105.2764892578125,-5.133688798166631],[105.27889251708984,-5.130269333425147],[105.27236938476562,-5.132321014469468],[105.26996612548828,-5.129927385943077],[105.26962280273438,-5.124456201321763],[105.27477264404297,-5.12035278210638],[105.27751922607422,-5.123430348987824],[105.28095245361328,-5.122404495007061],[105.27786254882812,-5.126165951551187],[105.27854919433594,-5.1295854382778],[105.281982421875,-5.129243490429332],[105.28816223144531,-5.1162493365575585],[105.29468536376953,-5.115223471058201],[105.28884887695312,-5.113171735127182],[105.29159545898438,-5.109410202180825],[105.2984619140625,-5.114197603914633],[105.2988052368164,-5.114197603914633],[105.29434204101562,-5.107700407177589],[105.29159545898438,-5.109068243545096],[105.29090881347656,-5.1083843257262345],[105.28953552246094,-5.10701648789923],[105.28919219970703,-5.106674527986456],[105.29399871826172,-5.101887070062318],[105.2981185913086,-5.101887070062318],[105.29949188232422,-5.098467435391214],[105.30738830566406,-5.099493327705119],[105.30189514160156,-5.1035968805654335],[105.30876159667969,-5.101887070062318],[105.31082153320312,-5.106332567891286],[105.31700134277344,-5.106332567891286],[105.31494140625,-5.102570994810321],[105.31871795654297,-5.100861181573734],[105.31837463378906,-5.094705816221179],[105.32180786132812,-5.092312047102709],[105.31871795654297,-5.090260237907685],[105.325927734375,-5.088892361474677],[105.3262710571289,-5.09915136378261],[105.3310775756836,-5.094363849750039],[105.33588409423828,-5.096073680285912],[105.32764434814453,-5.105648647153842],[105.32489776611328,-5.1035968805654335],[105.32318115234375,-5.106332567891286],[105.31803131103516,-5.105990607613748],[105.31768798828125,-5.109068243545096],[105.31356811523438,-5.1107780348987575],[105.31803131103516,-5.1107780348987575],[105.32249450683594,-5.108042366543117],[105.32798767089844,-5.1083843257262345],[105.3369140625,-5.09915136378261],[105.33828735351562,-5.101203144585455],[105.3420639038086,-5.101545107415006],[105.33794403076172,-5.104964725686983],[105.34309387207031,-5.106674527986456],[105.34000396728516,-5.109068243545096],[105.34034729003906,-5.111119992621937],[105.33519744873047,-5.106332567891286],[105.33279418945312,-5.109068243545096],[105.33554077148438,-5.1100941189048115],[105.33348083496094,-5.113855647834782],[105.3314208984375,-5.115223471058201],[105.32730102539062,-5.113513691572308],[105.32661437988281,-5.115223471058201],[105.3314208984375,-5.119326923187117],[105.32867431640625,-5.121378639379799],[105.32867431640625,-5.123430348987824],[105.32867431640625,-5.124798151733728],[105.32867431640625,-5.126165951551187],[105.32352447509766,-5.125140101962671],[105.32661437988281,-5.131979068086906],[105.32833099365234,-5.129243490429332],[105.3317642211914,-5.130611280723983],[105.33279418945312,-5.128217645784844],[105.3365707397461,-5.127875697203706],[105.33828735351562,-5.130953227839598],[105.33966064453125,-5.128901542397671],[105.34446716308594,-5.130611280723983],[105.34378051757812,-5.132662960668725],[105.34309387207031,-5.132662960668725],[105.34343719482422,-5.136766300758552],[105.33966064453125,-5.137108244573895],[105.33828735351562,-5.140527672634846],[105.33519744873047,-5.141211556044425],[105.33519744873047,-5.137792131654166],[105.3310775756836,-5.139159903612793],[105.33004760742188,-5.1350565789303175],[105.32386779785156,-5.134372688915207],[105.32901763916016,-5.140869614431423],[105.31837463378906,-5.147708411791868],[105.31631469726562,-5.142579320660161],[105.32249450683594,-5.143263201866148],[105.32283782958984,-5.140869614431423],[105.31356811523438,-5.134372688915207],[105.31700134277344,-5.134030743632593],[105.31665802001953,-5.128901542397671],[105.31391143798828,-5.1295854382778],[105.30773162841797,-5.126165951551187],[105.3091049194336,-5.128217645784844],[105.30738830566406,-5.130269333425147],[105.30498504638672,-5.127875697203706],[105.30601501464844,-5.124114250726791],[105.30120849609375,-5.125140101962671],[105.3036117553711,-5.125824001871408],[105.29983520507812,-5.131979068086906],[105.29571533203125,-5.128901542397671],[105.28987884521484,-5.130269333425147],[105.29090881347656,-5.126849850361523],[105.29605865478516,-5.125140101962671],[105.29605865478516,-5.124798151733728],[105.29193878173828,-5.124798151733728],[105.29193878173828,-5.121378639379799],[105.28953552246094,-5.122062543314229],[105.28575897216797,-5.126507901047901],[105.28678894042969,-5.130953227839598],[105.28301239013672,-5.131979068086906],[105.28438568115234,-5.133688798166631],[105.27923583984375,-5.13813407491908],[105.27854919433594,-5.142579320660161],[105.27099609375,-5.142579320660161],[105.27099609375,-5.143263201866148],[105.27580261230469,-5.144289022297485],[105.28301239013672,-5.143947082337405],[105.28335571289062,-5.145656780300513],[105.28060913085938,-5.149760036665086],[105.27511596679688,-5.149076162442853],[105.26893615722656,-5.152495526196603],[105.27099609375,-5.145656780300513],[105.25897979736328,-5.1483922874850805],[105.26138305664062,-5.150785846619044],[105.25829315185547,-5.150785846619044],[105.25726318359375,-5.147708411791868],[105.25142669677734,-5.148734225055918],[105.25657653808594,-5.144289022297485],[105.26309967041016,-5.146340658199492],[105.26447296142578,-5.1415534974737795],[105.26687622070312,-5.142237379781676],[105.26893615722656,-5.137108244573895],[105.2713394165039,-5.135740468211864],[105.27408599853516,-5.1374501882057615]]]}},{"type":"Feature","id":"pmtiles:8/202/131:landuse:160196120:36","properties":{"class":"residential","kind":"green","verification":"verified","source":"OpenMapTiles/OpenStreetMap national PMTiles","sourceId":"8/202/131:landuse:160196120:36","sourceLayer":"landuse","archive":"https://its.hanifahseptiani45.workers.dev/v1/map/archive/indonesia.pmtiles","updatedAt":"2026-07-26T09:35:39.834Z"},"geometry":{"type":"Polygon","coordinates":[[[105.2878189086914,-5.1316371215210665],[105.29502868652344,-5.133688798166631],[105.30052185058594,-5.132662960668725],[105.30670166015625,-5.131295174771964],[105.31116485595703,-5.130269333425147],[105.31253814697266,-5.133688798166631],[105.31253814697266,-5.134372688915207],[105.31219482421875,-5.140869614431423],[105.3091049194336,-5.140527672634846],[105.30464172363281,-5.1446309620738475],[105.29502868652344,-5.13813407491908],[105.28953552246094,-5.138476018000503],[105.28816223144531,-5.134372688915207],[105.28507232666016,-5.13334685251732],[105.2874755859375,-5.131979068086906],[105.2878189086914,-5.1316371215210665]]]}},{"type":"Feature","id":"pmtiles:8/202/131:landuse:160196120:37","properties":{"class":"residential","kind":"green","verification":"verified","source":"OpenMapTiles/OpenStreetMap national PMTiles","sourceId":"8/202/131:landuse:160196120:37","sourceLayer":"landuse","archive":"https://its.hanifahseptiani45.workers.dev/v1/map/archive/indonesia.pmtiles","updatedAt":"2026-07-26T09:35:39.834Z"},"geometry":{"type":"Polygon","coordinates":[[[105.26206970214844,-5.126849850361523],[105.26103973388672,-5.130953227839598],[105.25863647460938,-5.129927385943077],[105.25794982910156,-5.130953227839598],[105.25245666503906,-5.1316371215210665],[105.25794982910156,-5.124456201321763],[105.2603530883789,-5.127875697203706],[105.26241302490234,-5.122746446516928],[105.2655029296875,-5.119326923187117],[105.26927947998047,-5.119668876343056],[105.26790618896484,-5.123430348987824],[105.26206970214844,-5.126849850361523]]]}},{"type":"Feature","id":"pmtiles:8/202/131:landuse:160196120:38","properties":{"class":"residential","kind":"green","verification":"verified","source":"OpenMapTiles/OpenStreetMap national PMTiles","sourceId":"8/202/131:landuse:160196120:38","sourceLayer":"landuse","archive":"https://its.hanifahseptiani45.workers.dev/v1/map/archive/indonesia.pmtiles","updatedAt":"2026-07-26T09:35:39.834Z"},"geometry":{"type":"Polygon","coordinates":[[[105.26859283447266,-5.103938842119277],[105.27305603027344,-5.105306686511582],[105.27545928955078,-5.107700407177589],[105.2706527709961,-5.112487821689115],[105.26721954345703,-5.1035968805654335],[105.26859283447266,-5.103938842119277]]]}},{"type":"Feature","id":"pmtiles:8/202/131:landuse:160196120:39","properties":{"class":"residential","kind":"green","verification":"verified","source":"OpenMapTiles/OpenStreetMap national PMTiles","sourceId":"8/202/131:landuse:160196120:39","sourceLayer":"landuse","archive":"https://its.hanifahseptiani45.workers.dev/v1/map/archive/indonesia.pmtiles","updatedAt":"2026-07-26T09:35:39.834Z"},"geometry":{"type":"Polygon","coordinates":[[[105.25897979736328,-5.099835291445515],[105.26069641113281,-5.096073680285912],[105.26378631591797,-5.095731714542708],[105.26824951171875,-5.103254918829322],[105.26378631591797,-5.098125470922369],[105.26378631591797,-5.100861181573734],[105.25863647460938,-5.105306686511582],[105.25554656982422,-5.103254918829322],[105.25897979736328,-5.099835291445515]]]}},{"type":"Feature","id":"pmtiles:8/202/131:landuse:160196120:40","properties":{"class":"residential","kind":"green","verification":"verified","source":"OpenMapTiles/OpenStreetMap national PMTiles","sourceId":"8/202/131:landuse:160196120:40","sourceLayer":"landuse","archive":"https://its.hanifahseptiani45.workers.dev/v1/map/archive/indonesia.pmtiles","updatedAt":"2026-07-26T09:35:39.834Z"},"geometry":{"type":"Polygon","coordinates":[[[105.25588989257812,-5.093679916261948],[105.24971008300781,-5.103254918829322],[105.25039672851562,-5.098809399677961],[105.24662017822266,-5.098809399677961],[105.24799346923828,-5.107700407177589],[105.2431869506836,-5.113513691572308],[105.24421691894531,-5.118301062622336],[105.24009704589844,-5.113513691572308],[105.24147033691406,-5.118301062622336],[105.23975372314453,-5.118984969848341],[105.23735046386719,-5.11590738157382],[105.23906707763672,-5.1104360769930395],[105.24490356445312,-5.104622764680059],[105.24490356445312,-5.1029129569109415],[105.23975372314453,-5.1035968805654335],[105.2435302734375,-5.097099576423361],[105.24284362792969,-5.092654014665371],[105.24696350097656,-5.094363849750039],[105.24696350097656,-5.092312047102709],[105.25382995605469,-5.09162811143176],[105.25588989257812,-5.093679916261948]]]}},{"type":"Feature","id":"pmtiles:8/202/131:landuse:160196120:41","properties":{"class":"residential","kind":"green","verification":"verified","source":"OpenMapTiles/OpenStreetMap national PMTiles","sourceId":"8/202/131:landuse:160196120:41","sourceLayer":"landuse","archive":"https://its.hanifahseptiani45.workers.dev/v1/map/archive/indonesia.pmtiles","updatedAt":"2026-07-26T09:35:39.834Z"},"geometry":{"type":"Polygon","coordinates":[[[105.28438568115234,-5.102570994810321],[105.28472900390625,-5.101203144585455],[105.28816223144531,-5.096415645847088],[105.28953552246094,-5.098125470922369],[105.29399871826172,-5.097099576423361],[105.29571533203125,-5.099835291445515],[105.28919219970703,-5.101545107415006],[105.2878189086914,-5.103938842119277],[105.28438568115234,-5.102570994810321]]]}},{"type":"Feature","id":"pmtiles:8/202/131:landuse:160196120:42","properties":{"class":"residential","kind":"green","verification":"verified","source":"OpenMapTiles/OpenStreetMap national PMTiles","sourceId":"8/202/131:landuse:160196120:42","sourceLayer":"landuse","archive":"https://its.hanifahseptiani45.workers.dev/v1/map/archive/indonesia.pmtiles","updatedAt":"2026-07-26T09:35:39.834Z"},"geometry":{"type":"Polygon","coordinates":[[[105.28953552246094,-5.108042366543117],[105.28884887695312,-5.113171735127182],[105.28850555419922,-5.113171735127182],[105.28678894042969,-5.115565426407358],[105.28507232666016,-5.111803907520667],[105.28129577636719,-5.111461950162578],[105.281982421875,-5.1083843257262345],[105.27889251708984,-5.108042366543117],[105.27923583984375,-5.106332567891286],[105.28953552246094,-5.108042366543117]]]}},{"type":"Feature","id":"pmtiles:8/202/131:landuse:160196120:43","properties":{"class":"residential","kind":"green","verification":"verified","source":"OpenMapTiles/OpenStreetMap national PMTiles","sourceId":"8/202/131:landuse:160196120:43","sourceLayer":"landuse","archive":"https://its.hanifahseptiani45.workers.dev/v1/map/archive/indonesia.pmtiles","updatedAt":"2026-07-26T09:35:39.834Z"},"geometry":{"type":"Polygon","coordinates":[[[105.28129577636719,-5.0864985707196695],[105.28369903564453,-5.0817109625076],[105.28507232666016,-5.084104771062599],[105.2878189086914,-5.08273688154901],[105.30292510986328,-5.06495405382914],[105.30292510986328,-5.069741786408926],[105.29090881347656,-5.087182511843949],[105.29502868652344,-5.085814628868704],[105.30086517333984,-5.080001093808619],[105.30052185058594,-5.077265294455728],[105.30532836914062,-5.077949245382285],[105.30876159667969,-5.0762393667058205],[105.30704498291016,-5.072819595755988],[105.30841827392578,-5.065979999511001],[105.31150817871094,-5.065979999511001],[105.31597137451172,-5.060166285790345],[105.31768798828125,-5.060850254822725],[105.3152847290039,-5.065979999511001],[105.3094482421875,-5.069741786408926],[105.31322479248047,-5.071451682302026],[105.31837463378906,-5.070083765949761],[105.32524108886719,-5.055036495009233],[105.3424072265625,-5.046828745273089],[105.32489776611328,-5.059482316034973],[105.32112121582031,-5.068373866434911],[105.32283782958984,-5.0704257453094925],[105.3152847290039,-5.074187506310892],[105.31013488769531,-5.081027015572431],[105.3036117553711,-5.083762798956556],[105.30738830566406,-5.084788714729882],[105.30807495117188,-5.087866452241428],[105.30052185058594,-5.087182511843949],[105.30258178710938,-5.089576300054759],[105.30120849609375,-5.091286143323501],[105.29468536376953,-5.089918269072129],[105.28953552246094,-5.093679916261948],[105.28438568115234,-5.097783506271426],[105.28438568115234,-5.101545107415006],[105.27580261230469,-5.105648647153842],[105.26962280273438,-5.099835291445515],[105.27099609375,-5.098125470922369],[105.27580261230469,-5.09915136378261],[105.27511596679688,-5.100861181573734],[105.27786254882812,-5.09915136378261],[105.28369903564453,-5.0882084221675825],[105.28129577636719,-5.0864985707196695]]]}},{"type":"Feature","id":"pmtiles:8/202/131:landuse:160196120:44","properties":{"class":"residential","kind":"green","verification":"verified","source":"OpenMapTiles/OpenStreetMap national PMTiles","sourceId":"8/202/131:landuse:160196120:44","sourceLayer":"landuse","archive":"https://its.hanifahseptiani45.workers.dev/v1/map/archive/indonesia.pmtiles","updatedAt":"2026-07-26T09:35:39.834Z"},"geometry":{"type":"Polygon","coordinates":[[[105.26275634765625,-5.084104771062599],[105.26859283447266,-5.081027015572431],[105.26927947998047,-5.085814628868704],[105.26687622070312,-5.087182511843949],[105.27339935302734,-5.092995982046148],[105.26893615722656,-5.093679916261948],[105.26241302490234,-5.086840541372652],[105.26275634765625,-5.084104771062599]]]}},{"type":"Feature","id":"pmtiles:8/202/131:landuse:160196120:45","properties":{"class":"residential","kind":"green","verification":"verified","source":"OpenMapTiles/OpenStreetMap national PMTiles","sourceId":"8/202/131:landuse:160196120:45","sourceLayer":"landuse","archive":"https://its.hanifahseptiani45.workers.dev/v1/map/archive/indonesia.pmtiles","updatedAt":"2026-07-26T09:35:39.834Z"},"geometry":{"type":"Polygon","coordinates":[[[105.260009765625,-5.0782912205735045],[105.26344299316406,-5.074529483496548],[105.26275634765625,-5.0817109625076],[105.25932312011719,-5.086156599885015],[105.25726318359375,-5.085472657670735],[105.25932312011719,-5.0803430679113575],[105.25520324707031,-5.0762393667058205],[105.25554656982422,-5.073161573666525],[105.260009765625,-5.0782912205735045]]]}},{"type":"Feature","id":"pmtiles:8/202/131:landuse:160196120:46","properties":{"class":"residential","kind":"green","verification":"verified","source":"OpenMapTiles/OpenStreetMap national PMTiles","sourceId":"8/202/131:landuse:160196120:46","sourceLayer":"landuse","archive":"https://its.hanifahseptiani45.workers.dev/v1/map/archive/indonesia.pmtiles","updatedAt":"2026-07-26T09:35:39.834Z"},"geometry":{"type":"Polygon","coordinates":[[[105.26721954345703,-5.061876207015516],[105.27271270751953,-5.063244140741261],[105.26344299316406,-5.074529483496548],[105.26241302490234,-5.074187506310892],[105.26103973388672,-5.070767724488121],[105.26653289794922,-5.0687158466999875],[105.26721954345703,-5.061876207015516]]]}},{"type":"Feature","id":"pmtiles:8/202/131:landuse:160196120:47","properties":{"class":"residential","kind":"green","verification":"verified","source":"OpenMapTiles/OpenStreetMap national PMTiles","sourceId":"8/202/131:landuse:160196120:47","sourceLayer":"landuse","archive":"https://its.hanifahseptiani45.workers.dev/v1/map/archive/indonesia.pmtiles","updatedAt":"2026-07-26T09:35:39.834Z"},"geometry":{"type":"Polygon","coordinates":[[[105.27408599853516,-5.05743040243199],[105.27477264404297,-5.04614476143901],[105.27889251708984,-5.049222683013113],[105.27889251708984,-5.051616611915648],[105.2764892578125,-5.052300589978287],[105.27786254882812,-5.056062456416896],[105.28266906738281,-5.054010531976516],[105.28541564941406,-5.0557204694615905],[105.2761459350586,-5.061876207015516],[105.27202606201172,-5.059140330886208],[105.27408599853516,-5.05743040243199]]]}},{"type":"Feature","id":"pmtiles:8/202/131:landuse:160196120:48","properties":{"class":"residential","kind":"green","verification":"verified","source":"OpenMapTiles/OpenStreetMap national PMTiles","sourceId":"8/202/131:landuse:160196120:48","sourceLayer":"landuse","archive":"https://its.hanifahseptiani45.workers.dev/v1/map/archive/indonesia.pmtiles","updatedAt":"2026-07-26T09:35:39.834Z"},"geometry":{"type":"Polygon","coordinates":[[[105.27374267578125,-5.064270089136642],[105.2761459350586,-5.061876207015516],[105.281982421875,-5.065296035904026],[105.2823257446289,-5.0687158466999875],[105.28575897216797,-5.070767724488121],[105.28472900390625,-5.077607270009679],[105.28644561767578,-5.0782912205735045],[105.28335571289062,-5.081368989130752],[105.28369903564453,-5.0817109625076],[105.27992248535156,-5.082394908716722],[105.27545928955078,-5.079317145058823],[105.2764892578125,-5.076581342803777],[105.28129577636719,-5.0762393667058205],[105.2816390991211,-5.074187506310892],[105.2768325805664,-5.0704257453094925],[105.27957916259766,-5.0693998066870165],[105.27854919433594,-5.067347924553488],[105.27545928955078,-5.067347924553488],[105.27374267578125,-5.064270089136642]]]}},{"type":"Feature","id":"pmtiles:8/202/131:landuse:160196120:49","properties":{"class":"residential","kind":"green","verification":"verified","source":"OpenMapTiles/OpenStreetMap national PMTiles","sourceId":"8/202/131:landuse:160196120:49","sourceLayer":"landuse","archive":"https://its.hanifahseptiani45.workers.dev/v1/map/archive/indonesia.pmtiles","updatedAt":"2026-07-26T09:35:39.834Z"},"geometry":{"type":"Polygon","coordinates":[[[105.27374267578125,-5.029044931515699],[105.27030944824219,-5.0259669143901675],[105.27339935302734,-5.021520863982062],[105.26996612548828,-5.0170747832590905],[105.2706527709961,-5.010918621491882],[105.2761459350586,-5.0174167905442175],[105.27717590332031,-5.023572891015888],[105.27374267578125,-5.029044931515699]]]}},{"type":"Feature","id":"pmtiles:8/202/131:landuse:160196120:50","properties":{"class":"residential","kind":"green","verification":"verified","source":"OpenMapTiles/OpenStreetMap national PMTiles","sourceId":"8/202/131:landuse:160196120:50","sourceLayer":"landuse","archive":"https://its.hanifahseptiani45.workers.dev/v1/map/archive/indonesia.pmtiles","updatedAt":"2026-07-26T09:35:39.834Z"},"geometry":{"type":"Polygon","coordinates":[[[105.26103973388672,-5.021520863982062],[105.25794982910156,-5.022546878306343],[105.25897979736328,-5.024940905449583],[105.25657653808594,-5.028018927423545],[105.25348663330078,-5.028018927423545],[105.25211334228516,-5.021862868936225],[105.2548599243164,-5.021520863982062],[105.2541732788086,-5.012970681861887],[105.25829315185547,-5.0092085662608525],[105.25863647460938,-5.006130455572631],[105.260009765625,-5.006472468586836],[105.25794982910156,-5.0112606320011395],[105.26103973388672,-5.021520863982062]]]}},{"type":"Feature","id":"pmtiles:8/202/131:landuse:160196120:51","properties":{"class":"residential","kind":"green","verification":"verified","source":"OpenMapTiles/OpenStreetMap national PMTiles","sourceId":"8/202/131:landuse:160196120:51","sourceLayer":"landuse","archive":"https://its.hanifahseptiani45.workers.dev/v1/map/archive/indonesia.pmtiles","updatedAt":"2026-07-26T09:35:39.834Z"},"geometry":{"type":"Polygon","coordinates":[[[105.26412963867188,-5.033490930561186],[105.26069641113281,-5.022546878306343],[105.26412963867188,-5.021178858848529],[105.26859283447266,-5.03383292922949],[105.27889251708984,-5.028360928967203],[105.28060913085938,-5.032464933477499],[105.27820587158203,-5.036910909151217],[105.28507232666016,-5.037936899220284],[105.28507232666016,-5.031780934522871],[105.28816223144531,-5.032806932685176],[105.2874755859375,-5.034858924155486],[105.29159545898438,-5.036226914872188],[105.29090881347656,-5.032122934090054],[105.28850555419922,-5.032464933477499],[105.2871322631836,-5.029728933345595],[105.29228210449219,-5.029728933345595],[105.29159545898438,-5.023572891015888],[105.29605865478516,-5.019468830490638],[105.2984619140625,-5.020836853535641],[105.29468536376953,-5.024256898591688],[105.29983520507812,-5.03041293445682],[105.30738830566406,-5.03041293445682],[105.30876159667969,-5.032122934090054],[105.30635833740234,-5.0345169260266545],[105.2933120727539,-5.036568912101657],[105.29125213623047,-5.039646879069423],[105.28575897216797,-5.037594902710538],[105.28507232666016,-5.040672864818774],[105.28816223144531,-5.047854719672117],[105.28369903564453,-5.044434798699683],[105.28472900390625,-5.046828745273089],[105.28266906738281,-5.049564673397512],[105.28816223144531,-5.049906663601519],[105.28850555419922,-5.048538701703279],[105.28953552246094,-5.0505906434683965],[105.28850555419922,-5.052300589978287],[105.28060913085938,-5.050932633131239],[105.27992248535156,-5.041698848947632],[105.27477264404297,-5.04614476143901],[105.27236938476562,-5.0386208916998925],[105.26824951171875,-5.03896288766974],[105.27099609375,-5.036910909151217],[105.26790618896484,-5.03383292922949],[105.26412963867188,-5.033490930561186]]]}},{"type":"Feature","id":"pmtiles:8/202/131:landuse:160196120:52","properties":{"class":"residential","kind":"green","verification":"verified","source":"OpenMapTiles/OpenStreetMap national PMTiles","sourceId":"8/202/131:landuse:160196120:52","sourceLayer":"landuse","archive":"https://its.hanifahseptiani45.workers.dev/v1/map/archive/indonesia.pmtiles","updatedAt":"2026-07-26T09:35:39.834Z"},"geometry":{"type":"Polygon","coordinates":[[[105.2651596069336,-5.0430668252647735],[105.27236938476562,-5.0430668252647735],[105.27271270751953,-5.050932633131239],[105.26962280273438,-5.050932633131239],[105.26927947998047,-5.047512728386067],[105.2651596069336,-5.0430668252647735]]]}},{"type":"Feature","id":"pmtiles:8/202/131:landuse:160196120:53","properties":{"class":"residential","kind":"green","verification":"verified","source":"OpenMapTiles/OpenStreetMap national PMTiles","sourceId":"8/202/131:landuse:160196120:53","sourceLayer":"landuse","archive":"https://its.hanifahseptiani45.workers.dev/v1/map/archive/indonesia.pmtiles","updatedAt":"2026-07-26T09:35:39.834Z"},"geometry":{"type":"Polygon","coordinates":[[[105.25932312011719,-5.042724831455672],[105.26447296142578,-5.040330869749042],[105.2655029296875,-5.0410148597084685],[105.26481628417969,-5.042724831455672],[105.26172637939453,-5.048196710777859],[105.25623321533203,-5.045802769251594],[105.2541732788086,-5.042040843297102],[105.25863647460938,-5.039646879069423],[105.25932312011719,-5.042724831455672]]]}},{"type":"Feature","id":"pmtiles:8/202/131:landuse:160196120:54","properties":{"class":"residential","kind":"green","verification":"verified","source":"OpenMapTiles/OpenStreetMap national PMTiles","sourceId":"8/202/131:landuse:160196120:54","sourceLayer":"landuse","archive":"https://its.hanifahseptiani45.workers.dev/v1/map/archive/indonesia.pmtiles","updatedAt":"2026-07-26T09:35:39.834Z"},"geometry":{"type":"Polygon","coordinates":[[[105.21469116210938,-5.0693998066870165],[105.22018432617188,-5.069741786408926],[105.2215576171875,-5.074187506310892],[105.21881103515625,-5.073161573666525],[105.21846771240234,-5.0762393667058205],[105.21469116210938,-5.075213437324095],[105.21469116210938,-5.0693998066870165]]]}},{"type":"Feature","id":"pmtiles:8/202/131:landuse:160196120:55","properties":{"class":"residential","kind":"green","verification":"verified","source":"OpenMapTiles/OpenStreetMap national PMTiles","sourceId":"8/202/131:landuse:160196120:55","sourceLayer":"landuse","archive":"https://its.hanifahseptiani45.workers.dev/v1/map/archive/indonesia.pmtiles","updatedAt":"2026-07-26T09:35:39.834Z"},"geometry":{"type":"Polygon","coordinates":[[[105.16456604003906,-4.940118610378818],[105.17692565917969,-4.940118610378818],[105.1776123046875,-4.944565211572524],[105.16834259033203,-4.946275434852794],[105.16902923583984,-4.952432202070469],[105.16044616699219,-4.9510640365293455],[105.15804290771484,-4.9538003647806335],[105.15975952148438,-4.953116283779465],[105.15872955322266,-4.956878720523832],[105.16010284423828,-4.957904835917674],[105.15151977539062,-4.95961502469801],[105.14911651611328,-4.957220759165551],[105.13607025146484,-4.969534032222228],[105.13435363769531,-4.965087599019938],[105.13641357421875,-4.961667245387062],[105.14808654785156,-4.953458324368526],[105.15220642089844,-4.947985653715122],[105.1504898071289,-4.946959522927955],[105.15323638916016,-4.945591346070756],[105.15289306640625,-4.942854983875847],[105.15666961669922,-4.946275434852794],[105.16490936279297,-4.94388112102375],[105.16456604003906,-4.940118610378818]]]}},{"type":"Feature","id":"pmtiles:8/202/131:landuse:160196120:56","properties":{"class":"residential","kind":"green","verification":"verified","source":"OpenMapTiles/OpenStreetMap national PMTiles","sourceId":"8/202/131:landuse:160196120:56","sourceLayer":"landuse","archive":"https://its.hanifahseptiani45.workers.dev/v1/map/archive/indonesia.pmtiles","updatedAt":"2026-07-26T09:35:39.834Z"},"geometry":{"type":"Polygon","coordinates":[[[105.19271850585938,-4.92780478994419],[105.18482208251953,-4.931909422136769],[105.18104553222656,-4.92746273611678],[105.19134521484375,-4.922331907586113],[105.19271850585938,-4.92780478994419]]]}},{"type":"Feature","id":"pmtiles:8/202/131:landuse:160196120:57","properties":{"class":"residential","kind":"green","verification":"verified","source":"OpenMapTiles/OpenStreetMap national PMTiles","sourceId":"8/202/131:landuse:160196120:57","sourceLayer":"landuse","archive":"https://its.hanifahseptiani45.workers.dev/v1/map/archive/indonesia.pmtiles","updatedAt":"2026-07-26T09:35:39.835Z"},"geometry":{"type":"Polygon","coordinates":[[[105.20198822021484,-4.918911333246086],[105.2105712890625,-4.912754255153402],[105.22052764892578,-4.914464560331368],[105.2215576171875,-4.9161748611195435],[105.21537780761719,-4.923016020344079],[105.21503448486328,-4.925752464339155],[105.21846771240234,-4.926094519046714],[105.21846771240234,-4.925410409455623],[105.21915435791016,-4.925068354396089],[105.21915435791016,-4.928830950370013],[105.22087097167969,-4.927120682113326],[105.24044036865234,-4.928830950370013],[105.24078369140625,-4.928830950370013],[105.24147033691406,-4.928830950370013],[105.24696350097656,-4.928830950370013],[105.2490234375,-4.928830950370013],[105.25623321533203,-4.928830950370013],[105.25760650634766,-4.9267786279338],[105.25760650634766,-4.928488897070835],[105.26138305664062,-4.927120682113326],[105.2655029296875,-4.929173003493105],[105.26344299316406,-4.9315673704229255],[105.26344299316406,-4.9336196780626835],[105.26618957519531,-4.9336196780626835],[105.25760650634766,-4.934645829503069],[105.25863647460938,-4.9373822255858215],[105.2438735961914,-4.938066322842715],[105.24112701416016,-4.9373822255858215],[105.24215698242188,-4.934645829503069],[105.23357391357422,-4.934645829503069],[105.23563385009766,-4.940118610378818],[105.23048400878906,-4.9387504193939264],[105.23014068603516,-4.934645829503069],[105.22636413574219,-4.93430377919924],[105.2273941040039,-4.939092467404848],[105.22464752197266,-4.943197029768427],[105.2273941040039,-4.945249301414677],[105.22499084472656,-4.945591346070756],[105.2267074584961,-4.947643610296154],[105.22430419921875,-4.949695868158031],[105.20095825195312,-4.953458324368526],[105.19855499267578,-4.956878720523832],[105.19649505615234,-4.948669740022694],[105.20233154296875,-4.94422316638645],[105.20301818847656,-4.939434515239313],[105.19065856933594,-4.942170891560934],[105.18928527832031,-4.944565211572524],[105.18619537353516,-4.942512937806683],[105.18104553222656,-4.944907256581942],[105.17932891845703,-4.937724274302482],[105.19271850585938,-4.93532992958184],[105.19237518310547,-4.9339617287190976],[105.19580841064453,-4.932935576221027],[105.19615173339844,-4.930199161805646],[105.20267486572266,-4.9298571092109285],[105.20198822021484,-4.922673964053047],[105.20404815673828,-4.920279565091761],[105.20198822021484,-4.918911333246086]],[[105.26206970214844,-4.9336196780626835],[105.26344299316406,-4.9315673704229255],[105.25760650634766,-4.930199161805646],[105.25657653808594,-4.932935576221027],[105.2545166015625,-4.930199161805646],[105.25177001953125,-4.930199161805646],[105.24078369140625,-4.930199161805646],[105.24078369140625,-4.93430377919924],[105.25039672851562,-4.9339617287190976],[105.25177001953125,-4.93054121422422],[105.25279998779297,-4.9336196780626835],[105.25623321533203,-4.9336196780626835],[105.25726318359375,-4.9336196780626835],[105.26206970214844,-4.9336196780626835]]]}},{"type":"Feature","id":"pmtiles:8/202/131:landuse:160196120:58","properties":{"class":"residential","kind":"green","verification":"verified","source":"OpenMapTiles/OpenStreetMap national PMTiles","sourceId":"8/202/131:landuse:160196120:58","sourceLayer":"landuse","archive":"https://its.hanifahseptiani45.workers.dev/v1/map/archive/indonesia.pmtiles","updatedAt":"2026-07-26T09:35:39.835Z"},"geometry":{"type":"Polygon","coordinates":[[[105.23529052734375,-4.917201039484723],[105.23185729980469,-4.920279565091761],[105.23151397705078,-4.920621622613737],[105.22396087646484,-4.920279565091761],[105.22396087646484,-4.911386007851391],[105.2267074584961,-4.916516920750269],[105.23494720458984,-4.913780438786873],[105.23529052734375,-4.917201039484723]]]}},{"type":"Feature","id":"pmtiles:8/202/131:landuse:160196120:59","properties":{"class":"residential","kind":"green","verification":"verified","source":"OpenMapTiles/OpenStreetMap national PMTiles","sourceId":"8/202/131:landuse:160196120:59","sourceLayer":"landuse","archive":"https://its.hanifahseptiani45.workers.dev/v1/map/archive/indonesia.pmtiles","updatedAt":"2026-07-26T09:35:39.835Z"},"geometry":{"type":"Polygon","coordinates":[[[105.2486801147461,-4.919253391471159],[105.25108337402344,-4.919595449520472],[105.24284362792969,-4.920621622613737],[105.24078369140625,-4.924042188161778],[105.24730682373047,-4.924384243749174],[105.24696350097656,-4.92780478994419],[105.24181365966797,-4.925410409455623],[105.24078369140625,-4.928146843595556],[105.238037109375,-4.925068354396089],[105.2212142944336,-4.925068354396089],[105.23597717285156,-4.924042188161778],[105.23563385009766,-4.920621622613737],[105.2325439453125,-4.920279565091761],[105.24421691894531,-4.919253391471159],[105.2486801147461,-4.919595449520472],[105.2486801147461,-4.919253391471159]]]}},{"type":"Feature","id":"pmtiles:8/202/131:landuse:160196120:60","properties":{"class":"residential","kind":"green","verification":"verified","source":"OpenMapTiles/OpenStreetMap national PMTiles","sourceId":"8/202/131:landuse:160196120:60","sourceLayer":"landuse","archive":"https://its.hanifahseptiani45.workers.dev/v1/map/archive/indonesia.pmtiles","updatedAt":"2026-07-26T09:35:39.835Z"},"geometry":{"type":"Polygon","coordinates":[[[105.21297454833984,-4.952774243013437],[105.2212142944336,-4.954826484954978],[105.22052764892578,-4.95756279763016],[105.21846771240234,-4.955852603536144],[105.2164077758789,-4.958930949717356],[105.22087097167969,-4.964061494792048],[105.21469116210938,-4.96440352971203],[105.21434783935547,-4.9620092815482195],[105.21228790283203,-4.964745564454674],[105.2109146118164,-4.961325209048638],[105.21434783935547,-4.960299098969912],[105.2109146118164,-4.959957061922566],[105.2105712890625,-4.9561946427091215],[105.21297454833984,-4.952774243013437]]]}},{"type":"Feature","id":"pmtiles:8/202/131:landuse:160196120:61","properties":{"class":"residential","kind":"green","verification":"verified","source":"OpenMapTiles/OpenStreetMap national PMTiles","sourceId":"8/202/131:landuse:160196120:61","sourceLayer":"landuse","archive":"https://its.hanifahseptiani45.workers.dev/v1/map/archive/indonesia.pmtiles","updatedAt":"2026-07-26T09:35:39.835Z"},"geometry":{"type":"Polygon","coordinates":[[[105.21434783935547,-4.972954345039071],[105.21675109863281,-4.973638405470908],[105.2164077758789,-4.9763746400898725],[105.21400451660156,-4.976716668617357],[105.21503448486328,-4.979110863330803],[105.2102279663086,-4.984241251218705],[105.20576477050781,-4.983899226605487],[105.20851135253906,-4.982531126372223],[105.20610809326172,-4.981163023290975],[105.2047348022461,-4.983557201814193],[105.20095825195312,-4.982531126372223],[105.20164489746094,-4.979110863330803],[105.20679473876953,-4.976032611384596],[105.20816802978516,-4.977400725138921],[105.21434783935547,-4.972954345039071]]]}},{"type":"Feature","id":"pmtiles:8/202/131:landuse:160196120:62","properties":{"class":"residential","kind":"green","verification":"verified","source":"OpenMapTiles/OpenStreetMap national PMTiles","sourceId":"8/202/131:landuse:160196120:62","sourceLayer":"landuse","archive":"https://its.hanifahseptiani45.workers.dev/v1/map/archive/indonesia.pmtiles","updatedAt":"2026-07-26T09:35:39.835Z"},"geometry":{"type":"Polygon","coordinates":[[[105.24833679199219,-4.9986061240370105],[105.24490356445312,-5.001000238906556],[105.23906707763672,-4.999974190748432],[105.23975372314453,-4.994159887497176],[105.2438735961914,-4.991423726946039],[105.24284362792969,-4.9821891008688794],[105.24559020996094,-4.983215176844894],[105.24524688720703,-4.985267323989987],[105.24833679199219,-4.985267323989987],[105.24524688720703,-4.9880035102095945],[105.24627685546875,-4.993475848429611],[105.24730682373047,-4.9948439258511],[105.25074005126953,-4.993475848429611],[105.25245666503906,-4.995185944760408],[105.24833679199219,-4.9986061240370105]]]}},{"type":"Feature","id":"pmtiles:8/202/131:landuse:160196120:63","properties":{"class":"residential","kind":"green","verification":"verified","source":"OpenMapTiles/OpenStreetMap national PMTiles","sourceId":"8/202/131:landuse:160196120:63","sourceLayer":"landuse","archive":"https://its.hanifahseptiani45.workers.dev/v1/map/archive/indonesia.pmtiles","updatedAt":"2026-07-26T09:35:39.835Z"},"geometry":{"type":"Polygon","coordinates":[[[105.23563385009766,-4.969876064303037],[105.2383804321289,-4.973980435420302],[105.23563385009766,-4.9746644947859835],[105.24181365966797,-4.982873151697575],[105.238037109375,-4.981847075187545],[105.23666381835938,-4.977058696967035],[105.23391723632812,-4.976032611384596],[105.23357391357422,-4.973980435420302],[105.23597717285156,-4.974322465191989],[105.23597717285156,-4.971244190850641],[105.2322006225586,-4.968849967527987],[105.23700714111328,-4.965087599019938],[105.23941040039062,-4.967139802686091],[105.23597717285156,-4.9678238691553105],[105.23563385009766,-4.969876064303037]]]}},{"type":"Feature","id":"pmtiles:8/202/131:landuse:160196120:64","properties":{"class":"residential","kind":"green","verification":"verified","source":"OpenMapTiles/OpenStreetMap national PMTiles","sourceId":"8/202/131:landuse:160196120:64","sourceLayer":"landuse","archive":"https://its.hanifahseptiani45.workers.dev/v1/map/archive/indonesia.pmtiles","updatedAt":"2026-07-26T09:35:39.835Z"},"geometry":{"type":"Polygon","coordinates":[[[105.2490234375,-4.998948140982748],[105.2545166015625,-4.998948140982748],[105.2596664428711,-5.00407837373244],[105.2486801147461,-5.004420387819451],[105.2490234375,-4.998948140982748]]]}},{"type":"Feature","id":"pmtiles:8/202/131:landuse:160196120:65","properties":{"class":"residential","kind":"green","verification":"verified","source":"OpenMapTiles/OpenStreetMap national PMTiles","sourceId":"8/202/131:landuse:160196120:65","sourceLayer":"landuse","archive":"https://its.hanifahseptiani45.workers.dev/v1/map/archive/indonesia.pmtiles","updatedAt":"2026-07-26T09:35:39.835Z"},"geometry":{"type":"Polygon","coordinates":[[[105.26996612548828,-5.002710315596929],[105.27168273925781,-5.000316206979775],[105.27339935302734,-5.00134225460198],[105.27168273925781,-5.010918621491882],[105.26790618896484,-5.006130455572631],[105.26790618896484,-5.002710315596929],[105.26996612548828,-5.002710315596929]]]}},{"type":"Feature","id":"pmtiles:8/202/131:landuse:160196120:66","properties":{"class":"residential","kind":"green","verification":"verified","source":"OpenMapTiles/OpenStreetMap national PMTiles","sourceId":"8/202/131:landuse:160196120:66","sourceLayer":"landuse","archive":"https://its.hanifahseptiani45.workers.dev/v1/map/archive/indonesia.pmtiles","updatedAt":"2026-07-26T09:35:39.835Z"},"geometry":{"type":"Polygon","coordinates":[[[105.26653289794922,-4.925752464339155],[105.25863647460938,-4.925068354396089],[105.24799346923828,-4.924384243749174],[105.2651596069336,-4.924042188161778],[105.26618957519531,-4.920963679959868],[105.25623321533203,-4.920621622613737],[105.26618957519531,-4.91993750739401],[105.26756286621094,-4.916858980205333],[105.26859283447266,-4.921647794124695],[105.26653289794922,-4.925752464339155]]]}},{"type":"Feature","id":"pmtiles:8/202/131:landuse:160196120:67","properties":{"class":"residential","kind":"green","verification":"verified","source":"OpenMapTiles/OpenStreetMap national PMTiles","sourceId":"8/202/131:landuse:160196120:67","sourceLayer":"landuse","archive":"https://its.hanifahseptiani45.workers.dev/v1/map/archive/indonesia.pmtiles","updatedAt":"2026-07-26T09:35:39.835Z"},"geometry":{"type":"Polygon","coordinates":[[[105.29434204101562,-5.040672864818774],[105.29399871826172,-5.038278895550079],[105.29640197753906,-5.038278895550079],[105.30017852783203,-5.040672864818774],[105.29914855957031,-5.046828745273089],[105.29640197753906,-5.045802769251594],[105.29434204101562,-5.040672864818774]]]}},{"type":"Feature","id":"pmtiles:8/202/131:landuse:160196120:68","properties":{"class":"residential","kind":"green","verification":"verified","source":"OpenMapTiles/OpenStreetMap national PMTiles","sourceId":"8/202/131:landuse:160196120:68","sourceLayer":"landuse","archive":"https://its.hanifahseptiani45.workers.dev/v1/map/archive/indonesia.pmtiles","updatedAt":"2026-07-26T09:35:39.835Z"},"geometry":{"type":"Polygon","coordinates":[[[105.29949188232422,-5.052984567319058],[105.30464172363281,-5.052300589978287],[105.30052185058594,-5.05743040243199],[105.30086517333984,-5.059824301003019],[105.30601501464844,-5.058798345556724],[105.30223846435547,-5.061192239067779],[105.29537200927734,-5.061192239067779],[105.29537200927734,-5.054352519834637],[105.29949188232422,-5.052984567319058]]]}},{"type":"Feature","id":"pmtiles:8/202/131:landuse:160196120:69","properties":{"class":"residential","kind":"green","verification":"verified","source":"OpenMapTiles/OpenStreetMap national PMTiles","sourceId":"8/202/131:landuse:160196120:69","sourceLayer":"landuse","archive":"https://its.hanifahseptiani45.workers.dev/v1/map/archive/indonesia.pmtiles","updatedAt":"2026-07-26T09:35:39.835Z"},"geometry":{"type":"Polygon","coordinates":[[[105.31837463378906,-5.089234330855618],[105.31665802001953,-5.0882084221675825],[105.31803131103516,-5.085472657670735],[105.3145980834961,-5.085814628868704],[105.31597137451172,-5.083078854199755],[105.32764434814453,-5.0817109625076],[105.32798767089844,-5.083420826668927],[105.31837463378906,-5.089234330855618]]]}},{"type":"Feature","id":"pmtiles:8/202/131:landuse:160196120:70","properties":{"class":"residential","kind":"green","verification":"verified","source":"OpenMapTiles/OpenStreetMap national PMTiles","sourceId":"8/202/131:landuse:160196120:70","sourceLayer":"landuse","archive":"https://its.hanifahseptiani45.workers.dev/v1/map/archive/indonesia.pmtiles","updatedAt":"2026-07-26T09:35:39.835Z"},"geometry":{"type":"Polygon","coordinates":[[[105.33828735351562,-5.080001093808619],[105.33588409423828,-5.083078854199755],[105.34103393554688,-5.083762798956556],[105.34137725830078,-5.086840541372652],[105.33554077148438,-5.088550391912008],[105.32970428466797,-5.0864985707196695],[105.33039093017578,-5.076923318720418],[105.33382415771484,-5.07863319558335],[105.33794403076172,-5.0735035513958735],[105.34412384033203,-5.077949245382285],[105.3427505493164,-5.0806850418326235],[105.33828735351562,-5.080001093808619]]]}},{"type":"Feature","id":"pmtiles:8/202/131:landuse:160196120:71","properties":{"class":"residential","kind":"green","verification":"verified","source":"OpenMapTiles/OpenStreetMap national PMTiles","sourceId":"8/202/131:landuse:160196120:71","sourceLayer":"landuse","archive":"https://its.hanifahseptiani45.workers.dev/v1/map/archive/indonesia.pmtiles","updatedAt":"2026-07-26T09:35:39.835Z"},"geometry":{"type":"Polygon","coordinates":[[[105.38532257080078,-5.080001093808619],[105.38257598876953,-5.079659119524436],[105.38154602050781,-5.082052935702919],[105.37811279296875,-5.0803430679113575],[105.38360595703125,-5.077949245382285],[105.38944244384766,-5.080001093808619],[105.38394927978516,-5.085472657670735],[105.38188934326172,-5.084446742987041],[105.38532257080078,-5.080001093808619]]]}},{"type":"Feature","id":"pmtiles:8/202/131:landuse:160196120:72","properties":{"class":"residential","kind":"green","verification":"verified","source":"OpenMapTiles/OpenStreetMap national PMTiles","sourceId":"8/202/131:landuse:160196120:72","sourceLayer":"landuse","archive":"https://its.hanifahseptiani45.workers.dev/v1/map/archive/indonesia.pmtiles","updatedAt":"2026-07-26T09:35:39.835Z"},"geometry":{"type":"Polygon","coordinates":[[[105.39356231689453,-5.086840541372652],[105.39527893066406,-5.0875244821335315],[105.39459228515625,-5.089918269072129],[105.39974212646484,-5.088550391912008],[105.40077209472656,-5.090260237907685],[105.39665222167969,-5.091970079358163],[105.39665222167969,-5.095389748617521],[105.391845703125,-5.091286143323501],[105.39356231689453,-5.086840541372652]]]}},{"type":"Feature","id":"pmtiles:8/202/131:landuse:160196120:73","properties":{"class":"residential","kind":"green","verification":"verified","source":"OpenMapTiles/OpenStreetMap national PMTiles","sourceId":"8/202/131:landuse:160196120:73","sourceLayer":"landuse","archive":"https://its.hanifahseptiani45.workers.dev/v1/map/archive/indonesia.pmtiles","updatedAt":"2026-07-26T09:35:39.835Z"},"geometry":{"type":"Polygon","coordinates":[[[105.45330047607422,-5.05743040243199],[105.46497344970703,-5.057088416199164],[105.46772003173828,-5.058456360046563],[105.46737670898438,-5.062560174240048],[105.46600341796875,-5.063928106519043],[105.46188354492188,-5.059482316034973],[105.45330047607422,-5.062218190718184],[105.45330047607422,-5.05743040243199]]]}},{"type":"Feature","id":"pmtiles:8/202/131:landuse:160196120:74","properties":{"class":"residential","kind":"green","verification":"verified","source":"OpenMapTiles/OpenStreetMap national PMTiles","sourceId":"8/202/131:landuse:160196120:74","sourceLayer":"landuse","archive":"https://its.hanifahseptiani45.workers.dev/v1/map/archive/indonesia.pmtiles","updatedAt":"2026-07-26T09:35:39.835Z"},"geometry":{"type":"Polygon","coordinates":[[[105.42789459228516,-5.0430668252647735],[105.43235778808594,-5.042382837466448],[105.44609069824219,-5.051274622613647],[105.4471206665039,-5.049222683013113],[105.45089721679688,-5.0553784823257075],[105.44849395751953,-5.056404443191596],[105.4464340209961,-5.053326555718712],[105.44471740722656,-5.055036495009233],[105.4416275024414,-5.05469450751221],[105.44265747070312,-5.051616611915648],[105.44025421142578,-5.0505906434683965],[105.43853759765625,-5.052300589978287],[105.43819427490234,-5.049222683013113],[105.42789459228516,-5.0451187843360685],[105.42789459228516,-5.0430668252647735]]]}},{"type":"Feature","id":"pmtiles:8/202/131:transportation:6622381250:28","properties":{"class":"trunk","highway":"trunk","kind":"road","verification":"verified","source":"OpenMapTiles/OpenStreetMap national PMTiles","sourceId":"8/202/131:transportation:6622381250:28","sourceLayer":"transportation","archive":"https://its.hanifahseptiani45.workers.dev/v1/map/archive/indonesia.pmtiles","updatedAt":"2026-07-26T09:35:39.838Z"},"geometry":{"type":"LineString","coordinates":[[105.17314910888672,-5.229768216751594],[105.1724624633789,-5.237631719252718],[105.17349243164062,-5.240366827375269],[105.18138885498047,-5.249939611460249],[105.18482208251953,-5.258486615931304],[105.18447875976562,-5.2619053848740975]]}},{"type":"Feature","id":"pmtiles:8/202/131:transportation:6622381250:29","properties":{"class":"trunk","highway":"trunk","kind":"road","verification":"verified","source":"OpenMapTiles/OpenStreetMap national PMTiles","sourceId":"8/202/131:transportation:6622381250:29","sourceLayer":"transportation","archive":"https://its.hanifahseptiani45.workers.dev/v1/map/archive/indonesia.pmtiles","updatedAt":"2026-07-26T09:35:39.838Z"},"geometry":{"type":"LineString","coordinates":[[105.1776123046875,-5.19147496947069],[105.1779556274414,-5.191816883778301]]}},{"type":"Feature","id":"pmtiles:8/202/131:transportation:6622381250:30","properties":{"class":"trunk","highway":"trunk","kind":"road","verification":"verified","source":"OpenMapTiles/OpenStreetMap national PMTiles","sourceId":"8/202/131:transportation:6622381250:30","sourceLayer":"transportation","archive":"https://its.hanifahseptiani45.workers.dev/v1/map/archive/indonesia.pmtiles","updatedAt":"2026-07-26T09:35:39.838Z"},"geometry":{"type":"LineString","coordinates":[[105.2768325805664,-5.142237379781676],[105.27820587158203,-5.141211556044425],[105.27889251708984,-5.136082412577522],[105.28438568115234,-5.129927385943077],[105.28575897216797,-5.126165951551187],[105.29022216796875,-5.121720591438475],[105.29605865478516,-5.1200108293161435]]}},{"type":"Feature","id":"pmtiles:8/202/131:transportation:6622381250:31","properties":{"class":"trunk","highway":"trunk","kind":"road","verification":"verified","source":"OpenMapTiles/OpenStreetMap national PMTiles","sourceId":"8/202/131:transportation:6622381250:31","sourceLayer":"transportation","archive":"https://its.hanifahseptiani45.workers.dev/v1/map/archive/indonesia.pmtiles","updatedAt":"2026-07-26T09:35:39.838Z"},"geometry":{"type":"LineString","coordinates":[[105.21297454833984,-4.976032611384596],[105.21263122558594,-4.977400725138921],[105.20988464355469,-4.9845832756538755],[105.20988464355469,-4.9859513716136945],[105.2102279663086,-4.99176574763915],[105.21228790283203,-4.996212000417643],[105.21160125732422,-4.999290157749897],[105.20816802978516,-5.00407837373244],[105.20027160644531,-5.0430668252647735],[105.20164489746094,-5.060508270396923],[105.19649505615234,-5.068031885988788],[105.19718170166016,-5.079317145058823],[105.19271850585938,-5.085814628868704],[105.19271850585938,-5.089918269072129],[105.18962860107422,-5.102229032527447],[105.19065856933594,-5.1104360769930395],[105.19306182861328,-5.114881515526349],[105.1937484741211,-5.125140101962671],[105.19168853759766,-5.128559594182846],[105.19100189208984,-5.131979068086906],[105.18722534179688,-5.13813407491908],[105.18550872802734,-5.144972901666492],[105.18104553222656,-5.154547135617307],[105.18001556396484,-5.161727716386196],[105.18207550048828,-5.176772479030802],[105.1779556274414,-5.182927051562302],[105.1779556274414,-5.1897653951521505],[105.17623901367188,-5.196603664612738],[105.17589569091797,-5.198655130981265],[105.17555236816406,-5.206177117136505],[105.17314910888672,-5.211989499363639],[105.172119140625,-5.22053702256234],[105.17314910888672,-5.229768216751594],[105.1724624633789,-5.237973608422706],[105.17349243164062,-5.240708715048726],[105.18138885498047,-5.249939611460249],[105.18447875976562,-5.258486615931304],[105.18447875976562,-5.2619053848740975],[105.1885986328125,-5.280366412219323],[105.18997192382812,-5.282417603580697],[105.19031524658203,-5.282759468147589],[105.19100189208984,-5.283785060716539],[105.19203186035156,-5.296775752861166],[105.19203186035156,-5.305322111975045],[105.19821166992188,-5.3183123510503805],[105.20198822021484,-5.326174731029582],[105.20645141601562,-5.328909448322193],[105.21743774414062,-5.34839395625643]]}},{"type":"Feature","id":"pmtiles:8/202/131:transportation:6622381250:39","properties":{"class":"trunk","highway":"trunk","kind":"road","verification":"verified","source":"OpenMapTiles/OpenStreetMap national PMTiles","sourceId":"8/202/131:transportation:6622381250:39","sourceLayer":"transportation","archive":"https://its.hanifahseptiani45.workers.dev/v1/map/archive/indonesia.pmtiles","updatedAt":"2026-07-26T09:35:39.839Z"},"geometry":{"type":"LineString","coordinates":[[105.49072265625,-5.068031885988788],[105.4848861694336,-5.068031885988788],[105.47904968261719,-5.069741786408926],[105.47080993652344,-5.067347924553488],[105.46257019042969,-5.059140330886208],[105.45501708984375,-5.058798345556724],[105.44815063476562,-5.053668543937874],[105.43167114257812,-5.044776791607987],[105.42652130126953,-5.043750812342552],[105.39390563964844,-5.062218190718184],[105.38463592529297,-5.06495405382914],[105.37982940673828,-5.067689905361647],[105.3702163696289,-5.079317145058823],[105.36266326904297,-5.081027015572431],[105.3530502319336,-5.085472657670735],[105.33931732177734,-5.096073680285912],[105.3365707397461,-5.102229032527447],[105.33004760742188,-5.1083843257262345],[105.31768798828125,-5.113855647834782],[105.2988052368164,-5.114197603914633],[105.29743194580078,-5.114881515526349],[105.29605865478516,-5.1200108293161435],[105.28919219970703,-5.122062543314229],[105.28575897216797,-5.126165951551187],[105.28404235839844,-5.130269333425147],[105.27889251708984,-5.136424356759761],[105.27820587158203,-5.1415534974737795],[105.2768325805664,-5.142237379781676],[105.27271270751953,-5.141895438719558],[105.26790618896484,-5.138476018000503],[105.26412963867188,-5.13813407491908],[105.260009765625,-5.139501846143631],[105.25382995605469,-5.136424356759761],[105.25108337402344,-5.136424356759761],[105.24524688720703,-5.139843788490936],[105.2383804321289,-5.150785846619044],[105.23185729980469,-5.155914871549669],[105.22636413574219,-5.158992266624907],[105.22293090820312,-5.163095436843236],[105.22258758544922,-5.164805083265875],[105.22361755371094,-5.168224362276561],[105.22052764892578,-5.171985547870889],[105.2109146118164,-5.176772479030802],[105.20198822021484,-5.1836108892543535],[105.19615173339844,-5.183952807822735],[105.19031524658203,-5.187713899854373],[105.1779556274414,-5.191816883778301],[105.1776123046875,-5.192158797900504]]}},{"type":"Feature","id":"pmtiles:8/202/131:transportation:4421386840:50","properties":{"class":"primary","highway":"primary","kind":"road","verification":"verified","source":"OpenMapTiles/OpenStreetMap national PMTiles","sourceId":"8/202/131:transportation:4421386840:50","sourceLayer":"transportation","archive":"https://its.hanifahseptiani45.workers.dev/v1/map/archive/indonesia.pmtiles","updatedAt":"2026-07-26T09:35:39.842Z"},"geometry":{"type":"LineString","coordinates":[[105.32112121582031,-5.129927385943077],[105.33004760742188,-5.134714634014443],[105.3427505493164,-5.137792131654166],[105.35167694091797,-5.134714634014443],[105.35785675048828,-5.135740468211864],[105.3643798828125,-5.132321014469468],[105.369873046875,-5.134714634014443],[105.37605285644531,-5.140527672634846],[105.3805160522461,-5.138476018000503],[105.39562225341797,-5.135740468211864],[105.40111541748047,-5.13334685251732],[105.40695190429688,-5.134714634014443],[105.41210174560547,-5.13334685251732],[105.42274475097656,-5.127533748439433],[105.4244613647461,-5.128217645784844],[105.42823791503906,-5.1350565789303175],[105.43407440185547,-5.133688798166631],[105.43750762939453,-5.134030743632593],[105.43922424316406,-5.13300490668469],[105.4409408569336,-5.130269333425147],[105.44300079345703,-5.1295854382778],[105.44746398925781,-5.130953227839598],[105.45295715332031,-5.130611280723983],[105.47630310058594,-5.13813407491908],[105.48385620117188,-5.1374501882057615],[105.49072265625,-5.138476018000503]]}},{"type":"Feature","id":"pmtiles:8/202/131:transportation:4421386840:51","properties":{"class":"primary","highway":"primary","kind":"road","verification":"verified","source":"OpenMapTiles/OpenStreetMap national PMTiles","sourceId":"8/202/131:transportation:4421386840:51","sourceLayer":"transportation","archive":"https://its.hanifahseptiani45.workers.dev/v1/map/archive/indonesia.pmtiles","updatedAt":"2026-07-26T09:35:39.842Z"},"geometry":{"type":"LineString","coordinates":[[105.3091049194336,-5.115223471058201],[105.31150817871094,-5.1179591087351355],[105.31734466552734,-5.118301062622336],[105.32146453857422,-5.12035278210638],[105.32215118408203,-5.122062543314229],[105.32112121582031,-5.129927385943077],[105.32112121582031,-5.130269333425147]]}},{"type":"Feature","id":"pmtiles:8/202/131:transportation:4421386840:52","properties":{"class":"primary","highway":"primary","kind":"road","verification":"verified","source":"OpenMapTiles/OpenStreetMap national PMTiles","sourceId":"8/202/131:transportation:4421386840:52","sourceLayer":"transportation","archive":"https://its.hanifahseptiani45.workers.dev/v1/map/archive/indonesia.pmtiles","updatedAt":"2026-07-26T09:35:39.842Z"},"geometry":{"type":"LineString","coordinates":[[105.30223846435547,-5.1374501882057615],[105.30567169189453,-5.140185730654679],[105.30670166015625,-5.144289022297485],[105.30258178710938,-5.154547135617307],[105.30670166015625,-5.1610438550516164],[105.31356811523438,-5.166514725077491],[105.31322479248047,-5.170959772197193],[105.31562805175781,-5.186346232617353],[105.31803131103516,-5.193526452535139],[105.31837463378906,-5.201048499964557],[105.31974792480469,-5.2065190234611975],[105.32146453857422,-5.208912362527755],[105.32180786132812,-5.2140409155466045],[105.31768798828125,-5.223272205388852],[105.31597137451172,-5.224639792326343],[105.31391143798828,-5.224297895871771],[105.30189514160156,-5.237289829895687],[105.30189514160156,-5.248913963047201],[105.2984619140625,-5.249939611460249],[105.2981185913086,-5.2725034491514435],[105.3036117553711,-5.277289612452847],[105.3042984008789,-5.28344319671551],[105.30635833740234,-5.287545552274793],[105.29571533203125,-5.296433896037058],[105.29056549072266,-5.2981431782665425],[105.28919219970703,-5.300878019997327],[105.28919219970703,-5.304980259882072],[105.2874755859375,-5.308056921899336],[105.28610229492188,-5.315235740232126],[105.28644561767578,-5.3200215726381685],[105.28919219970703,-5.321047103311869],[105.29022216796875,-5.329934964168373],[105.2933120727539,-5.331644153439754],[105.29296875,-5.33848086292727],[105.2984619140625,-5.34839395625643],[105.30120849609375,-5.3569395975058285],[105.3042984008789,-5.360699641804317]]}},{"type":"Feature","id":"pmtiles:8/202/131:transportation:4421386840:53","properties":{"class":"primary","highway":"primary","kind":"road","verification":"verified","source":"OpenMapTiles/OpenStreetMap national PMTiles","sourceId":"8/202/131:transportation:4421386840:53","sourceLayer":"transportation","archive":"https://its.hanifahseptiani45.workers.dev/v1/map/archive/indonesia.pmtiles","updatedAt":"2026-07-26T09:35:39.842Z"},"geometry":{"type":"LineString","coordinates":[[105.29022216796875,-5.121720591438475],[105.28884887695312,-5.114197603914633],[105.28678894042969,-5.111461950162578],[105.28335571289062,-5.1100941189048115],[105.28301239013672,-5.107700407177589],[105.26893615722656,-5.106674527986456],[105.26653289794922,-5.100861181573734],[105.26206970214844,-5.096415645847088],[105.22602081298828,-5.098467435391214],[105.21743774414062,-5.097783506271426],[105.205078125,-5.092654014665371],[105.20095825195312,-5.092312047102709],[105.19855499267578,-5.099835291445515],[105.19031524658203,-5.098125470922369],[105.18516540527344,-5.09915136378261],[105.1827621459961,-5.098125470922369],[105.16971588134766,-5.097783506271426],[105.1669692993164,-5.098809399677961],[105.15289306640625,-5.086156599885015],[105.14808654785156,-5.083420826668927],[105.14053344726562,-5.0806850418326235],[105.13984680175781,-5.076923318720418],[105.13675689697266,-5.072819595755988],[105.10173797607422,-5.075897390426547],[105.1007080078125,-5.084788714729882],[105.09796142578125,-5.09162811143176],[105.08594512939453,-5.098125470922369],[105.08079528808594,-5.106332567891286],[105.07392883300781,-5.107700407177589],[105.06637573242188,-5.1104360769930395],[105.05882263183594,-5.115223471058201],[105.05607604980469,-5.128217645784844],[105.05367279052734,-5.130269333425147],[105.04955291748047,-5.130611280723983],[105.0457763671875,-5.134030743632593],[105.04131317138672,-5.135398523662786],[105.02208709716797,-5.151127782902506],[105.02002716064453,-5.160018061667486],[105.01041412353516,-5.174720941539931],[105.00801086425781,-5.1873719833229615],[105.00423431396484,-5.190449225435614],[104.99839782714844,-5.1979713096008595],[104.99153137207031,-5.199680861659601],[104.98191833496094,-5.204467582724746],[104.97642517089844,-5.205835210625892],[104.97539520263672,-5.211305692480337],[104.96784210205078,-5.222246513227375],[104.96406555175781,-5.2249816885943545],[104.96337890625,-5.227374957245928],[104.96028900146484,-5.227374957245928]]}},{"type":"Feature","id":"pmtiles:8/202/131:transportation:4421386840:54","properties":{"class":"primary","highway":"primary","kind":"road","verification":"verified","source":"OpenMapTiles/OpenStreetMap national PMTiles","sourceId":"8/202/131:transportation:4421386840:54","sourceLayer":"transportation","archive":"https://its.hanifahseptiani45.workers.dev/v1/map/archive/indonesia.pmtiles","updatedAt":"2026-07-26T09:35:39.842Z"},"geometry":{"type":"LineString","coordinates":[[105.27545928955078,-5.0386208916998925],[105.27511596679688,-5.05743040243199],[105.27580261230469,-5.060166285790345],[105.28301239013672,-5.072135639391334],[105.28266906738281,-5.080001093808619],[105.28369903564453,-5.0806850418326235],[105.28438568115234,-5.085472657670735],[105.28369903564453,-5.094021883096971],[105.29056549072266,-5.099493327705119],[105.29399871826172,-5.099835291445515],[105.29571533203125,-5.100861181573734],[105.3042984008789,-5.1107780348987575],[105.30601501464844,-5.115223471058201],[105.30738830566406,-5.115223471058201],[105.30601501464844,-5.135398523662786],[105.30223846435547,-5.1374501882057615],[105.2984619140625,-5.1388179608984075],[105.28953552246094,-5.134372688915207],[105.28438568115234,-5.1295854382778]]}},{"type":"Feature","id":"pmtiles:8/202/131:transportation:4421386840:56","properties":{"class":"primary","highway":"primary","kind":"road","verification":"verified","source":"OpenMapTiles/OpenStreetMap national PMTiles","sourceId":"8/202/131:transportation:4421386840:56","sourceLayer":"transportation","archive":"https://its.hanifahseptiani45.workers.dev/v1/map/archive/indonesia.pmtiles","updatedAt":"2026-07-26T09:35:39.842Z"},"geometry":{"type":"LineString","coordinates":[[105.22602081298828,-4.9722702838965915],[105.22876739501953,-4.975006524202243],[105.23529052734375,-4.9746644947859835],[105.23735046386719,-4.979452890435596],[105.24456024169922,-4.984241251218705],[105.24490356445312,-4.99244978849039],[105.25005340576172,-5.000658223032488],[105.25794982910156,-5.002710315596929],[105.260009765625,-5.005104415457126],[105.25691986083984,-5.012628672247843],[105.25726318359375,-5.019468830490638],[105.26241302490234,-5.023572891015888],[105.26653289794922,-5.032122934090054],[105.27545928955078,-5.0386208916998925],[105.28507232666016,-5.0386208916998925],[105.2871322631836,-5.033148931713072],[105.29983520507812,-5.029044931515699],[105.30807495117188,-5.021178858848529],[105.31047821044922,-5.011944652482555],[105.32386779785156,-4.979110863330803],[105.33519744873047,-4.953458324368526],[105.34721374511719,-4.944565211572524],[105.34549713134766,-4.93054121422422],[105.37261962890625,-4.911728069940139],[105.38291931152344,-4.903176465104224],[105.39871215820312,-4.878889310947329],[105.41004180908203,-4.872047700241922],[105.4134750366211,-4.862811415346883],[105.40935516357422,-4.8542591867514915],[105.42823791503906,-4.838180703645861],[105.43201446533203,-4.836470204221698],[105.44471740722656,-4.8450226581043125],[105.44780731201172,-4.8450226581043125],[105.45089721679688,-4.841259591716124],[105.46566009521484,-4.847075230941769],[105.479736328125,-4.842970079034018],[105.49072265625,-4.828943955444743]]}},{"type":"Feature","id":"pmtiles:8/202/131:transportation:4421386840:58","properties":{"class":"primary","highway":"primary","kind":"road","verification":"verified","source":"OpenMapTiles/OpenStreetMap national PMTiles","sourceId":"8/202/131:transportation:4421386840:58","sourceLayer":"transportation","archive":"https://its.hanifahseptiani45.workers.dev/v1/map/archive/indonesia.pmtiles","updatedAt":"2026-07-26T09:35:39.842Z"},"geometry":{"type":"LineString","coordinates":[[105.42652130126953,-5.043750812342552],[105.4248046875,-5.043408818893738],[105.42102813720703,-5.039646879069423],[105.41622161865234,-5.037936899220284],[105.41244506835938,-5.035200922104465],[105.40660858154297,-5.028018927423545],[105.40454864501953,-5.022546878306343],[105.40386199951172,-5.015706752326537],[105.40626525878906,-5.0112606320011395],[105.40454864501953,-5.008524542915765],[105.39665222167969,-5.007840518855005],[105.39287567138672,-5.00544642900779],[105.38223266601562,-5.00544642900779],[105.37708282470703,-5.001000238906556],[105.37090301513672,-4.9986061240370105],[105.3647232055664,-4.998948140982748],[105.35785675048828,-4.996896036630048],[105.34721374511719,-4.991081706074596],[105.34103393554688,-4.989029577102102],[105.3369140625,-4.984925299910969],[105.33039093017578,-4.983557201814193],[105.32764434814453,-4.979452890435596],[105.32386779785156,-4.979110863330803],[105.31906127929688,-4.983215176844894],[105.31597137451172,-4.983215176844894],[105.31288146972656,-4.980820997075739],[105.31013488769531,-4.9763746400898725],[105.303955078125,-4.973638405470908],[105.29743194580078,-4.965771667618313],[105.29434204101562,-4.96440352971203],[105.29125213623047,-4.96440352971203],[105.28644561767578,-4.961667245387062],[105.27545928955078,-4.958588911961272],[105.26138305664062,-4.958246874028049],[105.25279998779297,-4.9620092815482195],[105.24627685546875,-4.962351317532125],[105.22773742675781,-4.970902159480119],[105.22396087646484,-4.973980435420302],[105.21915435791016,-4.975690582501571],[105.21331787109375,-4.976032611384596]]}},{"type":"Feature","id":"pmtiles:8/202/131:transportation:4421386840:59","properties":{"class":"primary","highway":"primary","kind":"road","verification":"verified","source":"OpenMapTiles/OpenStreetMap national PMTiles","sourceId":"8/202/131:transportation:4421386840:59","sourceLayer":"transportation","archive":"https://its.hanifahseptiani45.workers.dev/v1/map/archive/indonesia.pmtiles","updatedAt":"2026-07-26T09:35:39.843Z"},"geometry":{"type":"LineString","coordinates":[[105.4248046875,-5.043408818893738],[105.42411804199219,-5.044776791607987]]}},{"type":"Feature","id":"pmtiles:8/202/131:transportation:5747593492:0","properties":{"class":"primary_construction","highway":"primary_construction","kind":"road","verification":"verified","source":"OpenMapTiles/OpenStreetMap national PMTiles","sourceId":"8/202/131:transportation:5747593492:0","sourceLayer":"transportation","archive":"https://its.hanifahseptiani45.workers.dev/v1/map/archive/indonesia.pmtiles","updatedAt":"2026-07-26T09:35:39.844Z"},"geometry":{"type":"LineString","coordinates":[[105.1937484741211,-4.983557201814193],[105.1937484741211,-4.981163023290975],[105.19889831542969,-4.977058696967035],[105.1992416381836,-4.9753485534407815]]}},{"type":"Feature","id":"pmtiles:8/202/131:transportation:5436988290:4","properties":{"class":"motorway","highway":"motorway","kind":"road","verification":"verified","source":"OpenMapTiles/OpenStreetMap national PMTiles","sourceId":"8/202/131:transportation:5436988290:4","sourceLayer":"transportation","archive":"https://its.hanifahseptiani45.workers.dev/v1/map/archive/indonesia.pmtiles","updatedAt":"2026-07-26T09:35:39.844Z"},"geometry":{"type":"LineString","coordinates":[[105.216064453125,-5.219511325926291],[105.2164077758789,-5.223955999230668],[105.21537780761719,-5.226691167135698],[105.2109146118164,-5.233870926042556],[105.2102279663086,-5.238999274810482],[105.21469116210938,-5.260879756163348],[105.216064453125,-5.275922140990687],[105.21812438964844,-5.282759468147589],[105.22258758544922,-5.287545552274793],[105.22773742675781,-5.29062230110614],[105.23666381835938,-5.294040892974351],[105.2431869506836,-5.302929143347427]]}},{"type":"Feature","id":"pmtiles:8/202/131:transportation:5436988290:5","properties":{"class":"motorway","highway":"motorway","kind":"road","verification":"verified","source":"OpenMapTiles/OpenStreetMap national PMTiles","sourceId":"8/202/131:transportation:5436988290:5","sourceLayer":"transportation","archive":"https://its.hanifahseptiani45.workers.dev/v1/map/archive/indonesia.pmtiles","updatedAt":"2026-07-26T09:35:39.844Z"},"geometry":{"type":"LineString","coordinates":[[105.20713806152344,-5.1097521606340734],[105.20748138427734,-5.115565426407358],[105.20919799804688,-5.122404495007061],[105.20851135253906,-5.128559594182846],[105.20679473876953,-5.136766300758552],[105.20576477050781,-5.15215359064905],[105.20816802978516,-5.1791659310253095],[105.20919799804688,-5.1880558162005315],[105.2102279663086,-5.201732318002755],[105.216064453125,-5.219511325926291],[105.2164077758789,-5.223272205388852],[105.21537780761719,-5.226691167135698]]}},{"type":"Feature","id":"pmtiles:8/202/131:transportation:5436988290:6","properties":{"class":"motorway","highway":"motorway","kind":"road","verification":"verified","source":"OpenMapTiles/OpenStreetMap national PMTiles","sourceId":"8/202/131:transportation:5436988290:6","sourceLayer":"transportation","archive":"https://its.hanifahseptiani45.workers.dev/v1/map/archive/indonesia.pmtiles","updatedAt":"2026-07-26T09:35:39.844Z"},"geometry":{"type":"LineString","coordinates":[[105.2267074584961,-5.025282908609299],[105.23082733154297,-5.043408818893738],[105.23082733154297,-5.046486753446175],[105.22945404052734,-5.049564673397512],[105.21778106689453,-5.061876207015516],[105.21503448486328,-5.065296035904026],[105.21331787109375,-5.0704257453094925],[105.21297454833984,-5.085814628868704],[105.2105712890625,-5.094705816221179],[105.20713806152344,-5.1097521606340734],[105.20713806152344,-5.115565426407358],[105.20919799804688,-5.122404495007061]]}},{"type":"Feature","id":"pmtiles:8/202/131:transportation:5436988290:7","properties":{"class":"motorway","highway":"motorway","kind":"road","verification":"verified","source":"OpenMapTiles/OpenStreetMap national PMTiles","sourceId":"8/202/131:transportation:5436988290:7","sourceLayer":"transportation","archive":"https://its.hanifahseptiani45.workers.dev/v1/map/archive/indonesia.pmtiles","updatedAt":"2026-07-26T09:35:39.844Z"},"geometry":{"type":"LineString","coordinates":[[105.21331787109375,-5.0704257453094925],[105.21331787109375,-5.085814628868704],[105.2105712890625,-5.094705816221179]]}},{"type":"Feature","id":"pmtiles:8/202/131:transportation:5436988290:13","properties":{"class":"motorway","highway":"motorway","kind":"road","verification":"verified","source":"OpenMapTiles/OpenStreetMap national PMTiles","sourceId":"8/202/131:transportation:5436988290:13","sourceLayer":"transportation","archive":"https://its.hanifahseptiani45.workers.dev/v1/map/archive/indonesia.pmtiles","updatedAt":"2026-07-26T09:35:39.844Z"},"geometry":{"type":"LineString","coordinates":[[105.2215576171875,-4.9007819961205],[105.2219009399414,-4.912754255153402],[105.22361755371094,-4.91993750739401],[105.22361755371094,-4.920279565091761],[105.22602081298828,-4.929173003493105],[105.22636413574219,-4.93054121422422],[105.2273941040039,-4.9339617287190976],[105.22842407226562,-4.939776562897308],[105.22808074951172,-4.950037910516144],[105.22808074951172,-4.962693353338722],[105.22876739501953,-4.975006524202243],[105.22876739501953,-4.9821891008688794],[105.22945404052734,-5.002026285456836],[105.2267074584961,-5.025282908609299],[105.23048400878906,-5.043408818893738],[105.22945404052734,-5.049564673397512]]}},{"type":"Feature","id":"pmtiles:8/202/131:transportation_name:496026510:3","properties":{"name_int":"Jalan Lintas Tengah Sumatera","ref":"5","name_de":"Jalan Lintas Tengah Sumatera","name":"Jalan Lintas Tengah Sumatera","ref_length":1,"class":"trunk","name:latin":"Jalan Lintas Tengah Sumatera","name_en":"Jalan Lintas Tengah Sumatera","network":"road","highway":"trunk","kind":"road","verification":"verified","source":"OpenMapTiles/OpenStreetMap national PMTiles","sourceId":"8/202/131:transportation_name:496026510:3","sourceLayer":"transportation_name","archive":"https://its.hanifahseptiani45.workers.dev/v1/map/archive/indonesia.pmtiles","updatedAt":"2026-07-26T09:35:39.845Z"},"geometry":{"type":"LineString","coordinates":[[105.1995849609375,-5.3200215726381685],[105.19203186035156,-5.305322111975045],[105.19100189208984,-5.283785060716539],[105.1885986328125,-5.280366412219323],[105.1827621459961,-5.252674665646481],[105.18138885498047,-5.249939611460249],[105.17349243164062,-5.240366827375269],[105.1724624633789,-5.237631719252718],[105.17314910888672,-5.229768216751594],[105.172119140625,-5.22053702256234],[105.17314910888672,-5.211989499363639],[105.17555236816406,-5.206177117136505],[105.17589569091797,-5.198655130981265],[105.1779556274414,-5.1897653951521505],[105.1779556274414,-5.182927051562302],[105.18207550048828,-5.176772479030802],[105.18001556396484,-5.161727716386196],[105.18104553222656,-5.154547135617307],[105.18550872802734,-5.144972901666492],[105.18722534179688,-5.13813407491908],[105.19100189208984,-5.131979068086906],[105.19168853759766,-5.128559594182846],[105.1937484741211,-5.125140101962671],[105.19306182861328,-5.114881515526349],[105.19065856933594,-5.1104360769930395],[105.18962860107422,-5.102229032527447],[105.19271850585938,-5.089918269072129],[105.19271850585938,-5.085814628868704],[105.19718170166016,-5.079317145058823],[105.19649505615234,-5.068031885988788],[105.20164489746094,-5.060508270396923],[105.20027160644531,-5.0430668252647735],[105.20816802978516,-5.00407837373244],[105.21160125732422,-4.999290157749897],[105.21228790283203,-4.996212000417643],[105.2102279663086,-4.99176574763915],[105.20988464355469,-4.9845832756538755],[105.21366119384766,-4.975006524202243],[105.216064453125,-4.9722702838965915],[105.21709442138672,-4.967139802686091],[105.21537780761719,-4.947643610296154],[105.21228790283203,-4.935671979356741],[105.21331787109375,-4.9219898509433335],[105.21160125732422,-4.915148681173491],[105.21160125732422,-4.907623313295858]]}},{"type":"Feature","id":"pmtiles:8/202/131:transportation_name:2798682790:0","properties":{"name":"Jalan Raya Metro","name_int":"Jalan Raya Metro","class":"trunk","name:latin":"Jalan Raya Metro","name_de":"Jalan Raya Metro","name_en":"Jalan Raya Metro","highway":"trunk","kind":"road","verification":"verified","source":"OpenMapTiles/OpenStreetMap national PMTiles","sourceId":"8/202/131:transportation_name:2798682790:0","sourceLayer":"transportation_name","archive":"https://its.hanifahseptiani45.workers.dev/v1/map/archive/indonesia.pmtiles","updatedAt":"2026-07-26T09:35:39.846Z"},"geometry":{"type":"LineString","coordinates":[[105.29022216796875,-5.121720591438475],[105.28575897216797,-5.126165951551187],[105.28438568115234,-5.129927385943077],[105.27889251708984,-5.136082412577522],[105.27820587158203,-5.141211556044425],[105.2768325805664,-5.142237379781676],[105.27271270751953,-5.141895438719558],[105.26790618896484,-5.138476018000503],[105.26412963867188,-5.13813407491908],[105.260009765625,-5.139501846143631],[105.25382995605469,-5.136424356759761],[105.25108337402344,-5.136424356759761],[105.24524688720703,-5.139843788490936],[105.2383804321289,-5.150785846619044],[105.23185729980469,-5.155914871549669],[105.22636413574219,-5.158992266624907],[105.22293090820312,-5.163095436843236],[105.22258758544922,-5.164805083265875],[105.22361755371094,-5.168224362276561],[105.22052764892578,-5.171985547870889],[105.2109146118164,-5.176772479030802],[105.20198822021484,-5.1836108892543535],[105.19615173339844,-5.183952807822735],[105.19031524658203,-5.187713899854373],[105.1776123046875,-5.192158797900504]]}},{"type":"Feature","id":"pmtiles:8/202/131:transportation_name:5747651530:0","properties":{"route_1_ref":"3","name_int":"Jalan Tol Bakauheni–Terbanggi Besar","ref":"3","route_1_name":"Jalan Tol Bakauheni–Terbanggi Besar","name_de":"Jalan Tol Bakauheni–Terbanggi Besar","name":"Jalan Tol Bakauheni–Terbanggi Besar","ref_length":1,"route_1_network":"ID:toll","class":"motorway","name:latin":"Jalan Tol Bakauheni–Terbanggi Besar","name_en":"Jalan Tol Bakauheni–Terbanggi Besar","network":"road","highway":"motorway","kind":"road","verification":"verified","source":"OpenMapTiles/OpenStreetMap national PMTiles","sourceId":"8/202/131:transportation_name:5747651530:0","sourceLayer":"transportation_name","archive":"https://its.hanifahseptiani45.workers.dev/v1/map/archive/indonesia.pmtiles","updatedAt":"2026-07-26T09:35:39.847Z"},"geometry":{"type":"LineString","coordinates":[[105.20679473876953,-5.137108244573895],[105.20919799804688,-5.122404495007061],[105.20748138427734,-5.115565426407358],[105.20713806152344,-5.1097521606340734],[105.21297454833984,-5.085814628868704],[105.21331787109375,-5.070083765949761],[105.21503448486328,-5.065296035904026],[105.22945404052734,-5.049564673397512],[105.23048400878906,-5.046486753446175],[105.2267074584961,-5.025282908609299],[105.22945404052734,-5.003052330398901],[105.22808074951172,-4.963719459694715],[105.22842407226562,-4.939776562897308],[105.2219009399414,-4.912754255153402],[105.2215576171875,-4.9007819961205],[105.22258758544922,-4.896335102389898],[105.22602081298828,-4.890177816111233],[105.22876739501953,-4.88436254930842]]}},{"type":"Feature","id":"pmtiles:8/203/131:landuse:5437179940:6","properties":{"class":"residential","kind":"green","verification":"verified","source":"OpenMapTiles/OpenStreetMap national PMTiles","sourceId":"8/203/131:landuse:5437179940:6","sourceLayer":"landuse","archive":"https://its.hanifahseptiani45.workers.dev/v1/map/archive/indonesia.pmtiles","updatedAt":"2026-07-26T09:35:39.919Z"},"geometry":{"type":"Polygon","coordinates":[[[105.45330047607422,-5.05743040243199],[105.46497344970703,-5.057088416199164],[105.46772003173828,-5.058456360046563],[105.46737670898438,-5.062560174240048],[105.46600341796875,-5.063928106519043],[105.46188354492188,-5.059482316034973],[105.45330047607422,-5.062218190718184],[105.45330047607422,-5.05743040243199]]]}}]}