{"type":"FeatureCollection","features":[{"type":"Feature","id":"pmtiles:10/861/525:mountain_peak:10701688951:0","properties":{"name_int":"Gunu Wanggowali","name_de":"Gunu Wanggowali","name":"Gunu Wanggowali","rank":1,"class":"peak","name:latin":"Gunu Wanggowali","name_en":"Gunu Wanggowali","kind":"poi","verification":"verified","source":"OpenMapTiles/OpenStreetMap national PMTiles","sourceId":"10/861/525:mountain_peak:10701688951:0","sourceLayer":"mountain_peak","archive":"https://its.hanifahseptiani45.workers.dev/v1/map/archive/indonesia.pmtiles","updatedAt":"2026-07-26T09:44:13.478Z"},"geometry":{"type":"Point","coordinates":[122.85950660705566,-4.990996200828889]}},{"type":"Feature","id":"pmtiles:10/861/526:landcover:119841653:0","properties":{"subclass":"wetland","class":"wetland","kind":"green","verification":"verified","source":"OpenMapTiles/OpenStreetMap national PMTiles","sourceId":"10/861/526:landcover:119841653:0","sourceLayer":"landcover","archive":"https://its.hanifahseptiani45.workers.dev/v1/map/archive/indonesia.pmtiles","updatedAt":"2026-07-26T09:44:22.699Z"},"geometry":{"type":"Polygon","coordinates":[[[122.96344757080078,-5.206262593735104],[122.96181678771973,-5.206091640526282],[122.96104431152344,-5.2052368737850685],[122.96061515808105,-5.202843520730141],[122.96121597290039,-5.201817795205287],[122.96473503112793,-5.198911563807499],[122.96645164489746,-5.19882608621036],[122.96756744384766,-5.199680861659601],[122.97014236450195,-5.198398698050639],[122.96799659729004,-5.195492450873687],[122.96791076660156,-5.194295756963186],[122.96876907348633,-5.193184539154643],[122.96979904174805,-5.193355495868076],[122.97057151794434,-5.192757147168223],[122.97022819519043,-5.189679916314589],[122.97640800476074,-5.183098011054739],[122.97915458679199,-5.179422371773015],[122.98172950744629,-5.179849772787961],[122.98190116882324,-5.1803626536244],[122.9820728302002,-5.179507851999119],[122.9835319519043,-5.179336891535328],[122.9838752746582,-5.178225647393745],[122.98224449157715,-5.175917672551563],[122.98430442810059,-5.17378065129985],[122.98559188842773,-5.173182284055926],[122.98713684082031,-5.1690791791459105],[122.98971176147461,-5.167113098621925],[122.9916000366211,-5.164035742946226],[122.9934024810791,-5.1636938136155806],[122.99520492553711,-5.16010354451285],[122.99717903137207,-5.15865033457554],[122.99726486206055,-5.157026154825516],[122.99872398376465,-5.154376168418651],[122.99992561340332,-5.15420520117398],[122.99975395202637,-5.1531793967396595],[123.00172805786133,-5.152666493901364],[123.00232887268066,-5.151640686982759],[123.00189971923828,-5.150871330707162],[123.00430297851562,-5.148563256293471],[123.00576210021973,-5.148135834186306],[123.00816535949707,-5.146084204073517],[123.0095386505127,-5.14599871934189],[123.0098819732666,-5.144972901666492],[123.01168441772461,-5.144972901666492],[123.01159858703613,-5.144118052340417],[123.01288604736328,-5.143434172052849],[123.01314353942871,-5.143947082337405],[123.02018165588379,-5.140356701667713],[123.0223274230957,-5.138219560706645],[123.02533149719238,-5.1374501882057615],[123.02644729614258,-5.137877617487604],[123.02661895751953,-5.137022758637258],[123.02790641784668,-5.136253384691571],[123.02970886230469,-5.136766300758552],[123.02953720092773,-5.136253384691571],[123.03030967712402,-5.13599692650331],[123.03374290466309,-5.136167898640281],[123.03425788879395,-5.136766300758552],[123.0388069152832,-5.138646989472392],[123.03863525390625,-5.139330874901148],[123.0402660369873,-5.140527672634846],[123.04121017456055,-5.1404421871570065],[123.0428409576416,-5.1414680121336716],[123.04224014282227,-5.143605142193621],[123.04627418518066,-5.144374507258803],[123.04610252380371,-5.145742265078098],[123.04867744445801,-5.1466825968732905],[123.04910659790039,-5.148648740680443],[123.05056571960449,-5.149247131067369],[123.05022239685059,-5.150614878408348],[123.0512523651123,-5.150614878408348],[123.05185317993164,-5.151555202998125],[123.0523681640625,-5.1514697190019945],[123.0523681640625,-5.154034233883294],[123.05185317993164,-5.153606815455262],[123.05073738098145,-5.15386326654658],[123.04902076721191,-5.152922945372268],[123.04515838623047,-5.152837461560125],[123.04498672485352,-5.151555202998125],[123.04627418518066,-5.151384234994367],[123.04627418518066,-5.150529394285741],[123.04378509521484,-5.150358426006079],[123.04275512695312,-5.148306803063647],[123.04009437561035,-5.146511627559377],[123.03563117980957,-5.14599871934189],[123.03520202636719,-5.144801931893127],[123.03640365600586,-5.143947082337405],[123.03511619567871,-5.142493835457756],[123.03666114807129,-5.142408350243869],[123.03571701049805,-5.139758302921322],[123.03494453430176,-5.139330874901148],[123.03365707397461,-5.1388179608984075],[123.0300521850586,-5.139587331747677],[123.02824974060059,-5.138390532247357],[123.02438735961914,-5.139758302921322],[123.02309989929199,-5.141297041418966],[123.01760673522949,-5.143690627246784],[123.01202774047852,-5.148306803063647],[123.01194190979004,-5.149332615362383],[123.0109977722168,-5.150358426006079],[123.00576210021973,-5.152324558445827],[123.00378799438477,-5.154034233883294],[123.00189971923828,-5.154803586328995],[123.00061225891113,-5.1573680877498305],[122.99923896789551,-5.158051953045899],[122.9988956451416,-5.159761613062301],[122.99683570861816,-5.160530958566881],[122.99657821655273,-5.161556751121665],[122.99717903137207,-5.162668024517274],[122.99614906311035,-5.1646341188310885],[122.99657821655273,-5.1649760476545765],[122.99803733825684,-5.164206707542391],[122.99863815307617,-5.1645486365964075],[122.9922866821289,-5.167796953409294],[122.9922866821289,-5.17001947636966],[122.98833847045898,-5.1746354606667495],[122.98524856567383,-5.17668699843486],[122.98464775085449,-5.1791659310253095],[122.98602104187012,-5.1791659310253095],[122.98584938049316,-5.1801916933918335],[122.98439025878906,-5.180533613810709],[122.98318862915039,-5.18207225340619],[122.9813003540039,-5.181815813733806],[122.97666549682617,-5.187713899854373],[122.97649383544922,-5.19019278916619],[122.97529220581055,-5.191560448064976],[122.97383308410645,-5.191560448064976],[122.97280311584473,-5.192244276402079],[122.97245979309082,-5.192928103997573],[122.97374725341797,-5.194979582333161],[122.97348976135254,-5.19574888498741],[122.97160148620605,-5.195663406961103],[122.97065734863281,-5.194808626060237],[122.96894073486328,-5.194552191563886],[122.97048568725586,-5.197287487477979],[122.97211647033691,-5.202501612407616],[122.9743480682373,-5.203954721495165],[122.97391891479492,-5.205920687270989],[122.97331809997559,-5.206262593735104],[122.97091484069824,-5.203612813776488],[122.97039985656738,-5.204467582724746],[122.96868324279785,-5.203099951850092],[122.96730995178223,-5.20318542886686],[122.96662330627441,-5.20156136356286],[122.96344757080078,-5.206262593735104]]]}},{"type":"Feature","id":"pmtiles:10/861/526:landcover:119841653:1","properties":{"subclass":"wetland","class":"wetland","kind":"green","verification":"verified","source":"OpenMapTiles/OpenStreetMap national PMTiles","sourceId":"10/861/526:landcover:119841653:1","sourceLayer":"landcover","archive":"https://its.hanifahseptiani45.workers.dev/v1/map/archive/indonesia.pmtiles","updatedAt":"2026-07-26T09:44:22.699Z"},"geometry":{"type":"Polygon","coordinates":[[[122.93083190917969,-5.1897653951521505],[122.93143272399902,-5.188996085197175],[122.93194770812988,-5.189508958604719],[122.93280601501465,-5.1923297548920715],[122.93229103088379,-5.193355495868076],[122.93400764465332,-5.19745844307829],[122.93375015258789,-5.205151397047061],[122.93546676635742,-5.206262593735104],[122.93649673461914,-5.208484981219883],[122.93872833251953,-5.210536408846906],[122.94198989868164,-5.2115621201488125],[122.94404983520508,-5.213100683961244],[122.94447898864746,-5.216263275514464],[122.9468822479248,-5.217374452547574],[122.94877052307129,-5.216776126697312],[122.95177459716797,-5.217716352777273],[122.9549503326416,-5.217288977461038],[122.95632362365723,-5.216006849765876],[122.95529365539551,-5.210878312800276],[122.95598030090332,-5.210194504707474],[122.95563697814941,-5.208399504923449],[122.95632362365723,-5.207715694133455],[122.958984375,-5.207544741319737],[122.96035766601562,-5.208057599621441],[122.9619026184082,-5.211134740643217],[122.96327590942383,-5.209852600382007],[122.96284675598145,-5.209168791172971],[122.9633617401123,-5.2087414100394795],[122.96233177185059,-5.2079721232668845],[122.96250343322754,-5.20720283555282],[122.96319007873535,-5.207117359082034],[122.96464920043945,-5.208484981219883],[122.96404838562012,-5.208997838754456],[122.96516418457031,-5.21070736084684],[122.96473503112793,-5.212416878287684],[122.96670913696289,-5.214895670311478],[122.96361923217773,-5.214297342098249],[122.96224594116211,-5.212929732612665],[122.95975685119629,-5.211989499363639],[122.96001434326172,-5.2133571108968795],[122.95846939086914,-5.2133571108968795],[122.95692443847656,-5.217972777827299],[122.95769691467285,-5.218656577448257],[122.96130180358887,-5.218314677730945],[122.96130180358887,-5.2190839518328715],[122.95778274536133,-5.221049870251235],[122.95632362365723,-5.22404147340842],[122.95486450195312,-5.2226738851652925],[122.95409202575684,-5.222759359517909],[122.95374870300293,-5.22352862816696],[122.95143127441406,-5.223955999230668],[122.94937133789062,-5.225409058667012],[122.94533729553223,-5.22455431823019],[122.94404983520508,-5.223785050840149],[122.93950080871582,-5.223955999230668],[122.93967247009277,-5.222588410801009],[122.9366683959961,-5.221049870251235],[122.93641090393066,-5.219511325926291],[122.9344367980957,-5.2180582528206685],[122.93349266052246,-5.216605176349603],[122.93417930603027,-5.209767124271565],[122.93203353881836,-5.204724013182727],[122.9326343536377,-5.203099951850092],[122.93229103088379,-5.200279203783609],[122.93272018432617,-5.2003646811834585],[122.93357849121094,-5.198569653349324],[122.93083190917969,-5.1897653951521505]]]}},{"type":"Feature","id":"pmtiles:10/861/526:landcover:119841653:2","properties":{"subclass":"wetland","class":"wetland","kind":"green","verification":"verified","source":"OpenMapTiles/OpenStreetMap national PMTiles","sourceId":"10/861/526:landcover:119841653:2","sourceLayer":"landcover","archive":"https://its.hanifahseptiani45.workers.dev/v1/map/archive/indonesia.pmtiles","updatedAt":"2026-07-26T09:44:22.699Z"},"geometry":{"type":"Polygon","coordinates":[[[122.92027473449707,-5.176088633939841],[122.91993141174316,-5.178140166994254],[122.92061805725098,-5.180875534044603],[122.92001724243164,-5.181986773526958],[122.92027473449707,-5.1824996526288345],[122.92250633239746,-5.182841571798761],[122.9245662689209,-5.181559373957327],[122.92551040649414,-5.183012531314304],[122.92679786682129,-5.183354450206608],[122.92688369750977,-5.1847221239247006],[122.93083190917969,-5.188226774304141],[122.93014526367188,-5.188568690372406],[122.92593955993652,-5.185747877269307],[122.92448043823242,-5.185576918494263],[122.92250633239746,-5.184465685328178],[122.91898727416992,-5.184038287435897],[122.91778564453125,-5.184465685328178],[122.9153823852539,-5.1817303338198855],[122.91426658630371,-5.181986773526958],[122.91409492492676,-5.181302934076797],[122.91254997253418,-5.181473894008732],[122.91263580322266,-5.1802771735139],[122.91418075561523,-5.179678812416654],[122.91624069213867,-5.180020733113025],[122.91735649108887,-5.179593332213656],[122.91735649108887,-5.1802771735139],[122.91872978210449,-5.180106213258199],[122.91898727416992,-5.1777982452807265],[122.92027473449707,-5.176088633939841]]]}},{"type":"Feature","id":"pmtiles:10/861/526:landcover:119842303:0","properties":{"subclass":"wetland","class":"wetland","kind":"green","verification":"verified","source":"OpenMapTiles/OpenStreetMap national PMTiles","sourceId":"10/861/526:landcover:119842303:0","sourceLayer":"landcover","archive":"https://its.hanifahseptiani45.workers.dev/v1/map/archive/indonesia.pmtiles","updatedAt":"2026-07-26T09:44:22.699Z"},"geometry":{"type":"Polygon","coordinates":[[[123.00825119018555,-4.910359820532264],[123.00773620605469,-4.912497708998174],[123.00636291503906,-4.9161748611195435],[123.00507545471191,-4.917885157516409],[123.00541877746582,-4.919253391471159],[123.00481796264648,-4.922930506287813],[123.00284385681152,-4.925324895707234],[123.00189971923828,-4.92746273611678],[123.00232887268066,-4.925153868177475],[123.00464630126953,-4.922417421719345],[123.00464630126953,-4.921904336755162],[123.0032730102539,-4.921305737130197],[123.00421714782715,-4.918141701597108],[123.00353050231934,-4.916089346184421],[123.00559043884277,-4.912070131853412],[123.00559043884277,-4.910359820532264],[123.00825119018555,-4.910359820532264]]]}},{"type":"Feature","id":"pmtiles:10/861/526:landcover:119918173:0","properties":{"subclass":"wetland","class":"wetland","kind":"green","verification":"verified","source":"OpenMapTiles/OpenStreetMap national PMTiles","sourceId":"10/861/526:landcover:119918173:0","sourceLayer":"landcover","archive":"https://its.hanifahseptiani45.workers.dev/v1/map/archive/indonesia.pmtiles","updatedAt":"2026-07-26T09:44:22.699Z"},"geometry":{"type":"Polygon","coordinates":[[[122.79916763305664,-5.0316954346029945],[122.80191421508789,-5.02827542859815],[122.80397415161133,-5.028018927423545],[122.80268669128418,-5.027762426147916],[122.80303001403809,-5.02656541885932],[122.80036926269531,-5.023401889009776],[122.80045509338379,-5.022290374876647],[122.79290199279785,-5.018186306280413],[122.79444694519043,-5.0170747832590905],[122.7967643737793,-5.018955821109088],[122.79891014099121,-5.018784817892268],[122.79925346374512,-5.01792980113585],[122.79865264892578,-5.018699316267046],[122.79693603515625,-5.018784817892268],[122.79521942138672,-5.016989281409806],[122.79444694519043,-5.016903779549338],[122.79092788696289,-5.0192978274082805],[122.78964042663574,-5.018870319506277],[122.79410362243652,-5.015193739987694],[122.79599189758301,-5.0146807272457465],[122.79882431030273,-5.012714174668133],[122.79976844787598,-5.012799677077254],[122.80303001403809,-5.009892588890182],[122.8048324584961,-5.0092085662608525],[122.80654907226562,-5.009379571985306],[122.80740737915039,-5.00886655467778],[122.8080940246582,-5.009465074830743],[122.80714988708496,-5.014253216319574],[122.8048324584961,-5.015706752326537],[122.80345916748047,-5.0155357482583725],[122.80251502990723,-5.016305266212328],[122.80251502990723,-5.0170747832590905],[122.80268669128418,-5.018357309654107],[122.80388832092285,-5.019041322700701],[122.80534744262695,-5.021862868936225],[122.80817985534668,-5.023487390018431],[122.80697822570801,-5.027078422252373],[122.80448913574219,-5.029814433523796],[122.80328750610352,-5.029557932955484],[122.80337333679199,-5.028788430644212],[122.80174255371094,-5.029044931515699],[122.79916763305664,-5.0316954346029945]]]}},{"type":"Feature","id":"pmtiles:10/861/526:landcover:119918183:0","properties":{"subclass":"wetland","class":"wetland","kind":"green","verification":"verified","source":"OpenMapTiles/OpenStreetMap national PMTiles","sourceId":"10/861/526:landcover:119918183:0","sourceLayer":"landcover","archive":"https://its.hanifahseptiani45.workers.dev/v1/map/archive/indonesia.pmtiles","updatedAt":"2026-07-26T09:44:22.699Z"},"geometry":{"type":"Polygon","coordinates":[[[122.79264450073242,-5.101545107415006],[122.78929710388184,-5.103254918829322],[122.78809547424316,-5.101801579417568],[122.78637886047363,-5.101032163102374],[122.7857780456543,-5.100006273247388],[122.78586387634277,-5.098809399677961],[122.78663635253906,-5.0976125238777],[122.78629302978516,-5.095731714542708],[122.78715133666992,-5.095218765586665],[122.7886962890625,-5.095218765586665],[122.7872371673584,-5.094021883096971],[122.78740882873535,-5.093423441016299],[122.7890396118164,-5.092739506527607],[122.7875804901123,-5.092568522791765],[122.78809547424316,-5.090174745715828],[122.78921127319336,-5.089234330855618],[122.79152870178223,-5.089234330855618],[122.79324531555176,-5.08872137671608],[122.79376029968262,-5.088037437227229],[122.79118537902832,-5.088977853836951],[122.78852462768555,-5.087609974677548],[122.78809547424316,-5.08666955606887],[122.7875804901123,-5.087011526631002],[122.78715133666992,-5.0862420926107035],[122.78826713562012,-5.08384829200007],[122.78732299804688,-5.0847032218112105],[122.78637886047363,-5.087182511843949],[122.78371810913086,-5.088892361474677],[122.78337478637695,-5.090089253512616],[122.78105735778809,-5.09239753901042],[122.77934074401855,-5.0930814738629095],[122.78346061706543,-5.087695467210196],[122.78500556945801,-5.084275757047507],[122.78672218322754,-5.083506319757845],[122.78732299804688,-5.081967442421103],[122.78964042663574,-5.0803430679113575],[122.79144287109375,-5.0817964558234365],[122.79212951660156,-5.0840192780531055],[122.79427528381348,-5.084874207637213],[122.79590606689453,-5.084874207637213],[122.79873847961426,-5.082309415480296],[122.79942512512207,-5.083164347334076],[122.79762268066406,-5.0860711071479585],[122.79865264892578,-5.086926034007504],[122.7971076965332,-5.0875244821335315],[122.79770851135254,-5.088550391912008],[122.79633522033691,-5.088635884319714],[122.79573440551758,-5.087866452241428],[122.79513359069824,-5.0882084221675825],[122.79521942138672,-5.090260237907685],[122.79633522033691,-5.090602206561442],[122.79487609863281,-5.092654014665371],[122.79504776000977,-5.093850899702204],[122.79444694519043,-5.093679916261948],[122.79358863830566,-5.094876799388501],[122.79350280761719,-5.096330154473861],[122.7912712097168,-5.096928593847551],[122.78955459594727,-5.098125470922369],[122.78964042663574,-5.099407836741577],[122.79230117797852,-5.10051921837983],[122.79264450073242,-5.101545107415006]]]}},{"type":"Feature","id":"pmtiles:10/861/526:landcover:119918183:1","properties":{"subclass":"wetland","class":"wetland","kind":"green","verification":"verified","source":"OpenMapTiles/OpenStreetMap national PMTiles","sourceId":"10/861/526:landcover:119918183:1","sourceLayer":"landcover","archive":"https://its.hanifahseptiani45.workers.dev/v1/map/archive/indonesia.pmtiles","updatedAt":"2026-07-26T09:44:22.699Z"},"geometry":{"type":"Polygon","coordinates":[[[122.77084350585938,-5.112231353961533],[122.7711009979248,-5.111034503208259],[122.77178764343262,-5.110521566486582],[122.77685165405273,-5.110179608443971],[122.77856826782227,-5.110607055968714],[122.78097152709961,-5.110179608443971],[122.78234481811523,-5.110863524346669],[122.78328895568848,-5.110179608443971],[122.7861213684082,-5.109923139792244],[122.78603553771973,-5.111376460794531],[122.78457641601562,-5.111034503208259],[122.78045654296875,-5.112316843215467],[122.77779579162598,-5.114368581886055],[122.7762508392334,-5.11479602661484],[122.7736759185791,-5.114026625897537],[122.77084350585938,-5.112231353961533]]]}},{"type":"Feature","id":"pmtiles:10/861/526:landcover:146350783:0","properties":{"subclass":"wood","class":"wood","kind":"green","verification":"verified","source":"OpenMapTiles/OpenStreetMap national PMTiles","sourceId":"10/861/526:landcover:146350783:0","sourceLayer":"landcover","archive":"https://its.hanifahseptiani45.workers.dev/v1/map/archive/indonesia.pmtiles","updatedAt":"2026-07-26T09:44:22.699Z"},"geometry":{"type":"Polygon","coordinates":[[[122.96627998352051,-4.910359820532264],[122.96722412109375,-4.914379045176716],[122.96499252319336,-4.916345890956862],[122.96001434326172,-4.916089346184421],[122.95658111572266,-4.914892135940008],[122.95366287231445,-4.915148681173491],[122.95186042785645,-4.917115524681336],[122.95108795166016,-4.918996847818832],[122.94902801513672,-4.918569274845254],[122.94868469238281,-4.919167876931368],[122.94877052307129,-4.92147676564943],[122.94954299926758,-4.92207536512052],[122.95117378234863,-4.921818822555991],[122.95125961303711,-4.923101534389346],[122.95177459716797,-4.923443590460522],[122.94988632202148,-4.926522087183642],[122.95125961303711,-4.9273772226324155],[122.9523754119873,-4.930883266466637],[122.94885635375977,-4.931652883367917],[122.94662475585938,-4.93037018803696],[122.94568061828613,-4.931823909224832],[122.94713973999023,-4.93302108898979],[122.94499397277832,-4.934816854588888],[122.94353485107422,-4.935244417110567],[122.94310569763184,-4.934560316943646],[122.94224739074707,-4.934560316943646],[122.94164657592773,-4.936356078377472],[122.93641090393066,-4.93558646692955],[122.93563842773438,-4.93592851657219],[122.93460845947266,-4.938408371206549],[122.93340682983398,-4.939520027170374],[122.93254852294922,-4.939092467404848],[122.93254852294922,-4.938493883269942],[122.9315185546875,-4.9382373470466945],[122.93108940124512,-4.937125688932568],[122.92963027954102,-4.9382373470466945],[122.92928695678711,-4.940631681270133],[122.92842864990234,-4.9408882165668615],[122.92799949645996,-4.942598449340522],[122.92911529541016,-4.943368052648495],[122.93220520019531,-4.943453564071959],[122.93332099914551,-4.944394189001585],[122.93684005737305,-4.9436245868857895],[122.93752670288086,-4.943966632380977],[122.9355525970459,-4.948755250761437],[122.93375015258789,-4.950978526089031],[122.93014526367188,-4.950465463215096],[122.92928695678711,-4.9496103575408625],[122.92765617370605,-4.951577098938969],[122.92662620544434,-4.951577098938969],[122.92284965515137,-4.950208931628879],[122.92233467102051,-4.953458324368526],[122.92156219482422,-4.9538003647806335],[122.92121887207031,-4.954826484954978],[122.92173385620117,-4.958246874028049],[122.92113304138184,-4.9591019685289695],[122.92027473449707,-4.959358496663327],[122.91684150695801,-4.957904835917674],[122.91684150695801,-4.956536681705018],[122.91521072387695,-4.955254034557441],[122.91546821594238,-4.9538003647806335],[122.91375160217285,-4.95191914032425],[122.91315078735352,-4.951748119653729],[122.91083335876465,-4.953372814237866],[122.90885925292969,-4.955425054320969],[122.90242195129395,-4.953714854694198],[122.90164947509766,-4.953971384920322],[122.8996753692627,-4.951235057376763],[122.89787292480469,-4.9503799526974035],[122.89881706237793,-4.947729121167484],[122.89770126342773,-4.945163790223063],[122.89933204650879,-4.942683960863334],[122.89993286132812,-4.940204122221601],[122.89907455444336,-4.9379808107241985],[122.90070533752441,-4.938493883269942],[122.90199279785156,-4.938066322842715],[122.90276527404785,-4.9336196780626835],[122.90207862854004,-4.931909422136769],[122.90225028991699,-4.92977159603474],[122.90173530578613,-4.928146843595556],[122.90036201477051,-4.926009005386334],[122.89804458618164,-4.924127702075111],[122.8985595703125,-4.920621622613737],[122.89752960205078,-4.920194050683804],[122.89667129516602,-4.920621622613737],[122.89358139038086,-4.923016020344079],[122.8945255279541,-4.923871160302113],[122.89255142211914,-4.925837978032547],[122.8927230834961,-4.926949655045561],[122.89134979248047,-4.927120682113326],[122.89031982421875,-4.928574410412125],[122.8904914855957,-4.9301136486734976],[122.8886890411377,-4.931310831521898],[122.88989067077637,-4.932336986531297],[122.88894653320312,-4.934389291791717],[122.88920402526855,-4.935158904628267],[122.89220809936523,-4.938664907363616],[122.89366722106934,-4.938664907363616],[122.89375305175781,-4.93926349134415],[122.89177894592285,-4.939776562897308],[122.88662910461426,-4.937895298594654],[122.88379669189453,-4.934645829503069],[122.882080078125,-4.930797753422553],[122.87967681884766,-4.930028135530307],[122.87924766540527,-4.929344029988613],[122.87899017333984,-4.9267786279338],[122.88010597229004,-4.924469757618525],[122.88053512573242,-4.921818822555991],[122.87984848022461,-4.919167876931368],[122.87744522094727,-4.916944495041648],[122.87650108337402,-4.916687950499764],[122.87444114685059,-4.9180561869145265],[122.87332534790039,-4.917030009866977],[122.87392616271973,-4.915319711274279],[122.87332534790039,-4.913780438786873],[122.87435531616211,-4.911471523390034],[122.87572860717773,-4.910530851861793],[122.87572860717773,-4.910359820532264],[122.96627998352051,-4.910359820532264]]]}},{"type":"Feature","id":"pmtiles:10/861/526:landcover:149101703:0","properties":{"subclass":"wetland","class":"wetland","kind":"green","verification":"verified","source":"OpenMapTiles/OpenStreetMap national PMTiles","sourceId":"10/861/526:landcover:149101703:0","sourceLayer":"landcover","archive":"https://its.hanifahseptiani45.workers.dev/v1/map/archive/indonesia.pmtiles","updatedAt":"2026-07-26T09:44:22.699Z"},"geometry":{"type":"Polygon","coordinates":[[[122.81264305114746,-5.218827527237053],[122.81075477600098,-5.216519701158276],[122.81006813049316,-5.216605176349603],[122.8110122680664,-5.2154939979544395],[122.81599044799805,-5.211733071869631],[122.81753540039062,-5.211305692480337],[122.81753540039062,-5.210792836829384],[122.8219985961914,-5.209425219713538],[122.82320022583008,-5.209510695870492],[122.82156944274902,-5.210536408846906],[122.82217025756836,-5.213869964453991],[122.82079696655273,-5.215323047257499],[122.82139778137207,-5.215921374493078],[122.82071113586426,-5.216947076998451],[122.81968116760254,-5.217288977461038],[122.81693458557129,-5.216776126697312],[122.81264305114746,-5.218827527237053]]]}},{"type":"Feature","id":"pmtiles:10/861/526:landcover:1499895422:0","properties":{"subclass":"garden","class":"grass","kind":"green","verification":"verified","source":"OpenMapTiles/OpenStreetMap national PMTiles","sourceId":"10/861/526:landcover:1499895422:0","sourceLayer":"landcover","archive":"https://its.hanifahseptiani45.workers.dev/v1/map/archive/indonesia.pmtiles","updatedAt":"2026-07-26T09:44:22.699Z"},"geometry":{"type":"Polygon","coordinates":[[[122.96327590942383,-4.959871552633047],[122.96138763427734,-4.959957061922566],[122.96121597290039,-4.960812154208668],[122.95975685119629,-4.961239699936328],[122.95967102050781,-4.962180299562334],[122.9586410522461,-4.961068681678498],[122.95683860778809,-4.961581736319076],[122.95726776123047,-4.960812154208668],[122.95692443847656,-4.9604701174271355],[122.95769691467285,-4.960213589724702],[122.95795440673828,-4.958246874028049],[122.95855522155762,-4.95833238352796],[122.95924186706543,-4.957135249521727],[122.95984268188477,-4.957819326362397],[122.96121597290039,-4.957220759165551],[122.96224594116211,-4.958417893016801],[122.96207427978516,-4.95730626879832],[122.96258926391602,-4.9561946427091215],[122.96387672424316,-4.956365662229189],[122.96456336975098,-4.955254034557441],[122.96619415283203,-4.955083014749647],[122.96653747558594,-4.954398935075929],[122.96576499938965,-4.953629344596706],[122.96516418457031,-4.954826484954978],[122.96490669250488,-4.953971384920322],[122.96353340148926,-4.953714854694198],[122.9633617401123,-4.952175671247119],[122.96799659729004,-4.952517712322802],[122.96816825866699,-4.954142405015759],[122.96645164489746,-4.9591019685289695],[122.96396255493164,-4.9591874779181495],[122.96327590942383,-4.959871552633047]]]}},{"type":"Feature","id":"pmtiles:10/861/526:landcover:1852428062:1","properties":{"subclass":"farmland","class":"farmland","kind":"green","verification":"verified","source":"OpenMapTiles/OpenStreetMap national PMTiles","sourceId":"10/861/526:landcover:1852428062:1","sourceLayer":"landcover","archive":"https://its.hanifahseptiani45.workers.dev/v1/map/archive/indonesia.pmtiles","updatedAt":"2026-07-26T09:44:22.699Z"},"geometry":{"type":"Polygon","coordinates":[[[122.73539543151855,-5.271477837928359],[122.73170471191406,-5.271477837928359],[122.72964477539062,-5.270708628399419],[122.73179054260254,-5.269768482125869],[122.73127555847168,-5.2694266104008705],[122.73144721984863,-5.268742866386489],[122.73213386535645,-5.268486462187113],[122.7341079711914,-5.268144589756673],[122.73453712463379,-5.266264288027472],[122.73419380187988,-5.265666009011667],[122.73539543151855,-5.2654096035429205],[122.7352237701416,-5.264640386502251],[122.73702621459961,-5.261478039783412],[122.7363395690918,-5.261478039783412],[122.73599624633789,-5.260025064279688],[122.73659706115723,-5.259939595026765],[122.73651123046875,-5.259341309927635],[122.73865699768066,-5.260025064279688],[122.7392578125,-5.259597717897677],[122.73900032043457,-5.258913963076168],[122.74157524108887,-5.258230207503573],[122.74020195007324,-5.2618199158794425],[122.73659706115723,-5.265153197968445],[122.73539543151855,-5.2692556744678285],[122.73556709289551,-5.271221434857907],[122.73539543151855,-5.271477837928359]]]}},{"type":"Feature","id":"pmtiles:10/861/526:landcover:1877624682:0","properties":{"subclass":"farmland","class":"farmland","kind":"green","verification":"verified","source":"OpenMapTiles/OpenStreetMap national PMTiles","sourceId":"10/861/526:landcover:1877624682:0","sourceLayer":"landcover","archive":"https://its.hanifahseptiani45.workers.dev/v1/map/archive/indonesia.pmtiles","updatedAt":"2026-07-26T09:44:22.699Z"},"geometry":{"type":"Polygon","coordinates":[[[122.96808242797852,-5.095817205995573],[122.96868324279785,-5.105306686511582],[122.96799659729004,-5.107443937533716],[122.96499252319336,-5.1097521606340734],[122.96087265014648,-5.111718418198265],[122.9575252532959,-5.1125733109088145],[122.95512199401855,-5.109495691811247],[122.95306205749512,-5.104280803490809],[122.95297622680664,-5.097356050201725],[122.95683860778809,-5.094705816221179],[122.96070098876953,-5.093594424524767],[122.96636581420898,-5.093850899702204],[122.96808242797852,-5.095817205995573]]]}},{"type":"Feature","id":"pmtiles:10/861/526:landcover:1877632012:0","properties":{"subclass":"farmland","class":"farmland","kind":"green","verification":"verified","source":"OpenMapTiles/OpenStreetMap national PMTiles","sourceId":"10/861/526:landcover:1877632012:0","sourceLayer":"landcover","archive":"https://its.hanifahseptiani45.workers.dev/v1/map/archive/indonesia.pmtiles","updatedAt":"2026-07-26T09:44:22.699Z"},"geometry":{"type":"Polygon","coordinates":[[[122.96765327453613,-5.088550391912008],[122.96636581420898,-5.0882084221675825],[122.96439170837402,-5.088806869101063],[122.96353340148926,-5.0882084221675825],[122.96319007873535,-5.087695467210196],[122.96370506286621,-5.084874207637213],[122.96567916870117,-5.081625469180395],[122.9659366607666,-5.07991560025458],[122.96722412109375,-5.077949245382285],[122.96782493591309,-5.077521776138198],[122.96979904174805,-5.077692763869848],[122.97048568725586,-5.078376714342966],[122.97065734863281,-5.080514054894664],[122.97014236450195,-5.082822374728721],[122.96876907348633,-5.084959700533204],[122.96936988830566,-5.085814628868704],[122.9688549041748,-5.086926034007504],[122.96773910522461,-5.086156599885015],[122.96748161315918,-5.087011526631002],[122.9688549041748,-5.087182511843949],[122.9688549041748,-5.088037437227229],[122.96765327453613,-5.088550391912008]]]}},{"type":"Feature","id":"pmtiles:10/861/526:landcover:1877760082:0","properties":{"subclass":"farmland","class":"farmland","kind":"green","verification":"verified","source":"OpenMapTiles/OpenStreetMap national PMTiles","sourceId":"10/861/526:landcover:1877760082:0","sourceLayer":"landcover","archive":"https://its.hanifahseptiani45.workers.dev/v1/map/archive/indonesia.pmtiles","updatedAt":"2026-07-26T09:44:22.699Z"},"geometry":{"type":"Polygon","coordinates":[[[122.95289039611816,-5.0540960289579715],[122.95529365539551,-5.051360119956058],[122.95967102050781,-5.050077658635885],[122.96267509460449,-5.049992161124337],[122.9648208618164,-5.048966190106455],[122.9688549041748,-5.0526425787389115],[122.97005653381348,-5.064270089136642],[122.96911239624023,-5.069228816758169],[122.96954154968262,-5.0736745401925845],[122.96670913696289,-5.07632486074732],[122.96138763427734,-5.077265294455728],[122.95683860778809,-5.07529893150155],[122.9534912109375,-5.0702547556522575],[122.95151710510254,-5.059567812293935],[122.95289039611816,-5.0540960289579715]]]}},{"type":"Feature","id":"pmtiles:10/861/526:landcover:1880065302:0","properties":{"subclass":"farmland","class":"farmland","kind":"green","verification":"verified","source":"OpenMapTiles/OpenStreetMap national PMTiles","sourceId":"10/861/526:landcover:1880065302:0","sourceLayer":"landcover","archive":"https://its.hanifahseptiani45.workers.dev/v1/map/archive/indonesia.pmtiles","updatedAt":"2026-07-26T09:44:22.699Z"},"geometry":{"type":"Polygon","coordinates":[[[122.91641235351562,-4.977571739158165],[122.91666984558105,-4.978683329199683],[122.91546821594238,-4.978768836048147],[122.91460990905762,-4.981932581624562],[122.91606903076172,-4.982702139057139],[122.91701316833496,-4.981676062280144],[122.92010307312012,-4.982787645382913],[122.92139053344727,-4.9815050493282484],[122.92508125305176,-4.980478970682597],[122.92817115783691,-4.982103594465229],[122.92980194091797,-4.980649983901401],[122.93143272399902,-4.981077516753842],[122.93134689331055,-4.981847075187545],[122.93520927429199,-4.984326757344192],[122.93392181396484,-4.98466878173484],[122.93143272399902,-4.984241251218705],[122.93417930603027,-4.985865865699708],[122.93289184570312,-4.986464406863931],[122.93237686157227,-4.987575981864367],[122.92877197265625,-4.987404970448324],[122.92705535888672,-4.9880035102095945],[122.92551040649414,-4.989542609946838],[122.92336463928223,-4.989371599043167],[122.92336463928223,-4.987148453240749],[122.92121887207031,-4.9859513716136945],[122.91864395141602,-4.986720924338741],[122.91718482971191,-4.986207889288906],[122.91563987731934,-4.986635418524941],[122.91692733764648,-4.98860204942514],[122.91606903076172,-4.989884631620541],[122.91297912597656,-4.991081706074596],[122.90963172912598,-4.991509232136025],[122.90834426879883,-4.992364283423015],[122.90774345397949,-4.995185944760408],[122.9043960571289,-4.996212000417643],[122.90345191955566,-4.993561353352092],[122.9025936126709,-4.992877313660173],[122.89572715759277,-4.99176574763915],[122.89349555969238,-4.99202226304196],[122.89323806762695,-4.991081706074596],[122.89443969726562,-4.98962811538199],[122.89752960205078,-4.988516543856335],[122.90156364440918,-4.989029577102102],[122.9025936126709,-4.988687554982803],[122.9029369354248,-4.987404970448324],[122.90431022644043,-4.98697744171335],[122.90422439575195,-4.98466878173484],[122.90345191955566,-4.983642708028711],[122.90130615234375,-4.982873151697575],[122.9014778137207,-4.981847075187545],[122.90285110473633,-4.980649983901401],[122.90868759155273,-4.979452890435596],[122.91220664978027,-4.979538397184001],[122.91366577148438,-4.977058696967035],[122.91529655456543,-4.976118118577588],[122.91641235351562,-4.977571739158165]]]}},{"type":"Feature","id":"pmtiles:10/861/526:landcover:1880102482:0","properties":{"subclass":"farmland","class":"farmland","kind":"green","verification":"verified","source":"OpenMapTiles/OpenStreetMap national PMTiles","sourceId":"10/861/526:landcover:1880102482:0","sourceLayer":"landcover","archive":"https://its.hanifahseptiani45.workers.dev/v1/map/archive/indonesia.pmtiles","updatedAt":"2026-07-26T09:44:22.699Z"},"geometry":{"type":"Polygon","coordinates":[[[123.00533294677734,-4.910359820532264],[123.00533294677734,-4.912412193591166],[123.00344467163086,-4.914721105729484],[123.0032730102539,-4.919167876931368],[123.00241470336914,-4.921305737130197],[122.99657821655273,-4.921562279892555],[122.99237251281738,-4.914208014834486],[122.99331665039062,-4.910359820532264],[123.00533294677734,-4.910359820532264]]]}},{"type":"Feature","id":"pmtiles:10/861/526:landcover:2167324072:0","properties":{"subclass":"farmland","class":"farmland","kind":"green","verification":"verified","source":"OpenMapTiles/OpenStreetMap national PMTiles","sourceId":"10/861/526:landcover:2167324072:0","sourceLayer":"landcover","archive":"https://its.hanifahseptiani45.workers.dev/v1/map/archive/indonesia.pmtiles","updatedAt":"2026-07-26T09:44:22.699Z"},"geometry":{"type":"Polygon","coordinates":[[[122.93194770812988,-5.239768523496508],[122.93280601501465,-5.238828330529429],[122.93435096740723,-5.238486441827021],[122.93520927429199,-5.237375302252488],[122.93495178222656,-5.236178688194016],[122.93563842773438,-5.235409435089835],[122.93503761291504,-5.234383762812186],[122.93649673461914,-5.233272615946547],[122.93684005737305,-5.231990520956771],[122.93598175048828,-5.230452003501327],[122.93623924255371,-5.228144220227506],[122.93701171875,-5.22788779933866],[122.93684005737305,-5.226349271800629],[122.93769836425781,-5.226349271800629],[122.93778419494629,-5.225665480570683],[122.94035911560059,-5.227802325685701],[122.94078826904297,-5.227631378344796],[122.94164657592773,-5.229084429254897],[122.94070243835449,-5.232332413210926],[122.9381275177002,-5.234982071845252],[122.9381275177002,-5.23609321567362],[122.93649673461914,-5.23959757942589],[122.93194770812988,-5.239768523496508]]]}},{"type":"Feature","id":"pmtiles:10/861/526:landcover:3548057302:0","properties":{"subclass":"wetland","class":"wetland","kind":"green","verification":"verified","source":"OpenMapTiles/OpenStreetMap national PMTiles","sourceId":"10/861/526:landcover:3548057302:0","sourceLayer":"landcover","archive":"https://its.hanifahseptiani45.workers.dev/v1/map/archive/indonesia.pmtiles","updatedAt":"2026-07-26T09:44:22.699Z"},"geometry":{"type":"Polygon","coordinates":[[[122.83289909362793,-4.920023021834936],[122.83427238464355,-4.9219898509433335],[122.83495903015137,-4.926351059961888],[122.83616065979004,-4.927719276503851],[122.83616065979004,-4.932422499377154],[122.83487319946289,-4.93601402895527],[122.83633232116699,-4.937638762139855],[122.83641815185547,-4.939006955418662],[122.83281326293945,-4.943111518311852],[122.8322982788086,-4.944479700292575],[122.83135414123535,-4.944650722841445],[122.8300666809082,-4.944137655062349],[122.82912254333496,-4.942683960863334],[122.82732009887695,-4.941315775174061],[122.82766342163086,-4.939434515239313],[122.82654762268066,-4.93379070341291],[122.82534599304199,-4.932422499377154],[122.8256893157959,-4.930797753422553],[122.82388687133789,-4.930199161805646],[122.82294273376465,-4.92780478994419],[122.8216552734375,-4.926864141495187],[122.82217025756836,-4.926180032696109],[122.82062530517578,-4.9245552714768905],[122.82371520996094,-4.92147676564943],[122.82912254333496,-4.920279565091761],[122.83212661743164,-4.920621622613737],[122.83169746398926,-4.910359820532264],[122.83324241638184,-4.910359820532264],[122.83246994018555,-4.913865954018334],[122.83289909362793,-4.920023021834936]]]}},{"type":"Feature","id":"pmtiles:10/861/526:landcover:10986406992:0","properties":{"subclass":"wood","class":"wood","kind":"green","verification":"verified","source":"OpenMapTiles/OpenStreetMap national PMTiles","sourceId":"10/861/526:landcover:10986406992:0","sourceLayer":"landcover","archive":"https://its.hanifahseptiani45.workers.dev/v1/map/archive/indonesia.pmtiles","updatedAt":"2026-07-26T09:44:22.699Z"},"geometry":{"type":"Polygon","coordinates":[[[122.93091773986816,-5.2065190234611975],[122.9311752319336,-5.213955440006103],[122.9300594329834,-5.218485627612893],[122.93143272399902,-5.2234431539192485],[122.93074607849121,-5.226007376278957],[122.93272018432617,-5.2279732729799235],[122.93314933776855,-5.230622950072046],[122.93581008911133,-5.231563155376335],[122.93615341186523,-5.233016197158776],[122.9340934753418,-5.235665852896389],[122.93400764465332,-5.237802663861089],[122.93289184570312,-5.240024939514711],[122.93083190917969,-5.2425036222640955],[122.92928695678711,-5.243272866634257],[122.92920112609863,-5.244213052910709],[122.92731285095215,-5.24720454527737],[122.92662620544434,-5.249170375308594],[122.92654037475586,-5.253956718164801],[122.92362213134766,-5.255495177704617],[122.92233467102051,-5.257460981586803],[122.91890144348145,-5.257631920761554],[122.91950225830078,-5.260025064279688],[122.9179573059082,-5.262076322828179],[122.91572570800781,-5.262931011894011],[122.91666984558105,-5.267204439603162],[122.91632652282715,-5.268400994097135],[122.91452407836914,-5.269512078349763],[122.91194915771484,-5.2694266104008705],[122.90782928466797,-5.271477837928359],[122.90765762329102,-5.271477837928359],[122.90611267089844,-5.270452225011397],[122.90431022644043,-5.270879563932624],[122.904052734375,-5.2713069025598145],[122.9043960571289,-5.271477837928359],[122.79951095581055,-5.271477837928359],[122.79865264892578,-5.2707940961718975],[122.79959678649902,-5.2634438247698085],[122.80028343200684,-5.260708817880527],[122.80097007751465,-5.260025064279688],[122.80174255371094,-5.255922526902481],[122.80054092407227,-5.251649021732888],[122.80217170715332,-5.249768670175229],[122.80174255371094,-5.247802842029671],[122.8022575378418,-5.2455805940576425],[122.80586242675781,-5.245153237771106],[122.80611991882324,-5.243358338172456],[122.80723571777344,-5.241136074377394],[122.81006813049316,-5.239170219044766],[122.81204223632812,-5.2355803803058905],[122.81805038452148,-5.233956398866681],[122.82148361206055,-5.231990520956771],[122.82474517822266,-5.231648628515771],[122.82500267028809,-5.2310503162945565],[122.82903671264648,-5.229169902732835],[122.83049583435059,-5.229255376199092],[122.8322982788086,-5.227716852021075],[122.83143997192383,-5.226092850176869],[122.83204078674316,-5.223955999230668],[122.83418655395508,-5.222502936425087],[122.83461570739746,-5.2212208193876535],[122.83616065979004,-5.220109649167853],[122.83676147460938,-5.221733666517281],[122.83581733703613,-5.225665480570683],[122.83616065979004,-5.227033062284136],[122.8395938873291,-5.2289134822640335],[122.84208297729492,-5.2313067358879835],[122.84311294555664,-5.230708423339905],[122.84388542175293,-5.228571588142259],[122.84345626831055,-5.226605693319428],[122.84663200378418,-5.224126947574533],[122.84663200378418,-5.219254901505181],[122.84809112548828,-5.215066621124805],[122.84886360168457,-5.214981145723954],[122.85066604614258,-5.216434225955311],[122.8520393371582,-5.215664948604811],[122.85358428955078,-5.211134740643217],[122.85375595092773,-5.203441859847487],[122.85487174987793,-5.201475886325497],[122.85564422607422,-5.201732318002755],[122.85633087158203,-5.203099951850092],[122.85847663879395,-5.201817795205287],[122.86113739013672,-5.199082518966961],[122.8630256652832,-5.1979713096008595],[122.86508560180664,-5.197629398632216],[122.86800384521484,-5.2013904090765095],[122.86946296691895,-5.201133977259957],[122.87212371826172,-5.197885831876093],[122.87341117858887,-5.200022771514384],[122.87418365478516,-5.200108248949064],[122.87521362304688,-5.20156136356286],[122.88147926330566,-5.199851816610206],[122.88422584533691,-5.201903272396208],[122.88817405700684,-5.201219454543761],[122.89126396179199,-5.203698290723594],[122.89152145385742,-5.210792836829384],[122.89366722106934,-5.211904023543951],[122.89555549621582,-5.210365456800446],[122.89770126342773,-5.210194504707474],[122.90267944335938,-5.211733071869631],[122.9080867767334,-5.209083314969519],[122.90851593017578,-5.2081430759643865],[122.91169166564941,-5.2065190234611975],[122.91315078735352,-5.206860929599969],[122.91718482971191,-5.20549330392943],[122.92276382446289,-5.206604500013327],[122.92473793029785,-5.20318542886686],[122.92499542236328,-5.200108248949064],[122.92576789855957,-5.198142265015562],[122.92902946472168,-5.197287487477979],[122.93134689331055,-5.201133977259957],[122.93091773986816,-5.2065190234611975]]]}},{"type":"Feature","id":"pmtiles:10/861/526:landcover:3548063940:0","properties":{"subclass":"forest","class":"wood","kind":"green","verification":"verified","source":"OpenMapTiles/OpenStreetMap national PMTiles","sourceId":"10/861/526:landcover:3548063940:0","sourceLayer":"landcover","archive":"https://its.hanifahseptiani45.workers.dev/v1/map/archive/indonesia.pmtiles","updatedAt":"2026-07-26T09:44:22.700Z"},"geometry":{"type":"Polygon","coordinates":[[[122.85143852233887,-5.076495848796299],[122.85341262817383,-5.083933785032258],[122.85392761230469,-5.089490807772009],[122.85324096679688,-5.094705816221179],[122.8505802154541,-5.099920782352143],[122.84774780273438,-5.101801579417568],[122.8439712524414,-5.10240001369165],[122.83658981323242,-5.101630598093919],[122.8341007232666,-5.1029129569109415],[122.83324241638184,-5.104537274399831],[122.83246994018555,-5.110008629354226],[122.83238410949707,-5.113257224255591],[122.83289909362793,-5.115394448755609],[122.83186912536621,-5.117104223217453],[122.82877922058105,-5.118984969848341],[122.82766342163086,-5.118813993110393],[122.82620429992676,-5.119668876343056],[122.82534599304199,-5.121036687138215],[122.82551765441895,-5.122062543314229],[122.82594680786133,-5.1224899829016834],[122.8274917602539,-5.122062543314229],[122.8268051147461,-5.123344861218982],[122.82706260681152,-5.124028763049438],[122.82543182373047,-5.124883639308123],[122.82354354858398,-5.124712664147907],[122.82096862792969,-5.126080464148416],[122.81993865966797,-5.12898702942276],[122.81719207763672,-5.130782254304691],[122.8172779083252,-5.131466148169423],[122.81599044799805,-5.132833933699615],[122.81667709350586,-5.134885606495303],[122.816162109375,-5.136424356759761],[122.81667709350586,-5.137706645809274],[122.81796455383301,-5.138476018000503],[122.81564712524414,-5.138903446594213],[122.81367301940918,-5.138390532247357],[122.81023979187012,-5.140613158101189],[122.81023979187012,-5.1414680121336716],[122.8066349029541,-5.145143871393898],[122.80457496643066,-5.144972901666492],[122.80594825744629,-5.147110019957083],[122.80843734741211,-5.146511627559377],[122.80886650085449,-5.146939050758036],[122.8110122680664,-5.1453148410753755],[122.81187057495117,-5.14095509985188],[122.81281471252441,-5.139758302921322],[122.81702041625977,-5.1399292740490665],[122.81950950622559,-5.139159903612793],[122.82028198242188,-5.141126070658373],[122.81787872314453,-5.14283577619851],[122.81899452209473,-5.145571295511459],[122.81667709350586,-5.148819709419882],[122.81530380249023,-5.148734225055918],[122.81221389770508,-5.1512987509752435],[122.81238555908203,-5.151982622806287],[122.8080940246582,-5.151982622806287],[122.80294418334961,-5.151127782902506],[122.79839515686035,-5.149589068178486],[122.79410362243652,-5.1478793807841186],[122.79024124145508,-5.145229356240378],[122.7898120880127,-5.144032567344652],[122.79032707214355,-5.1435196571289765],[122.79324531555176,-5.142921261354985],[122.79230117797852,-5.142237379781676],[122.79341697692871,-5.1400147595957435],[122.79324531555176,-5.139159903612793],[122.79152870178223,-5.137963103309559],[122.79101371765137,-5.138476018000503],[122.79032707214355,-5.138048589120061],[122.78818130493164,-5.135398523662786],[122.78809547424316,-5.1344581752072145],[122.78406143188477,-5.132662960668725],[122.78380393981934,-5.131893581462634],[122.78517723083496,-5.128730568313159],[122.7883529663086,-5.124798151733728],[122.78998374938965,-5.124627176550618],[122.78929710388184,-5.1225754707848665],[122.79075622558594,-5.121378639379799],[122.78938293457031,-5.121293151336559],[122.78749465942383,-5.117275200412394],[122.78809547424316,-5.1157364040134325],[122.7901554107666,-5.115223471058201],[122.78895378112793,-5.113770158786295],[122.79315948486328,-5.111974886131236],[122.79436111450195,-5.111974886131236],[122.79513359069824,-5.112658800117103],[122.79719352722168,-5.112487821689115],[122.79865264892578,-5.110179608443971],[122.79994010925293,-5.109239222885762],[122.80028343200684,-5.109666671037857],[122.80011177062988,-5.111119992621937],[122.80131340026855,-5.112487821689115],[122.80388832092285,-5.111290971415087],[122.80448913574219,-5.112145864696174],[122.80560493469238,-5.112060375419418],[122.80603408813477,-5.1103505874880994],[122.80826568603516,-5.112231353961533],[122.80869483947754,-5.1107780348987575],[122.80783653259277,-5.108982753857646],[122.80835151672363,-5.1064180579321885],[122.80938148498535,-5.10701648789923],[122.81049728393555,-5.106674527986456],[122.81135559082031,-5.1091537332211345],[122.81556129455566,-5.109324712538992],[122.81496047973633,-5.107700407177589],[122.81238555908203,-5.106589037979759],[122.81255722045898,-5.105734137285907],[122.81058311462402,-5.103169428366826],[122.8095531463623,-5.1029129569109415],[122.8080940246582,-5.101288635309942],[122.80757904052734,-5.101630598093919],[122.80637741088867,-5.101288635309942],[122.80603408813477,-5.099835291445515],[122.80740737915039,-5.098296453179543],[122.80672073364258,-5.09701408514114],[122.80817985534668,-5.096159171693273],[122.80886650085449,-5.096757611226238],[122.81023979187012,-5.096672119898514],[122.81315803527832,-5.094534833008353],[122.8135871887207,-5.0930814738629095],[122.81538963317871,-5.0909441750333855],[122.81744956970215,-5.091884587393608],[122.82071113586426,-5.0917136034304065],[122.82156944274902,-5.090260237907685],[122.8219985961914,-5.0909441750333855],[122.82448768615723,-5.090858682932449],[122.82474517822266,-5.089405315477904],[122.82560348510742,-5.088635884319714],[122.82397270202637,-5.08666955606887],[122.82706260681152,-5.086156599885015],[122.82637596130371,-5.083933785032258],[122.8242301940918,-5.083677305901659],[122.82174110412598,-5.081454482491978],[122.82139778137207,-5.077949245382285],[122.82285690307617,-5.075726402218905],[122.8216552734375,-5.074273000624302],[122.81985282897949,-5.074871460500944],[122.81702041625977,-5.0732470681158475],[122.81805038452148,-5.07179366093726],[122.82234191894531,-5.071708166295423],[122.8242301940918,-5.0739310233027055],[122.8271484375,-5.075726402218905],[122.8297233581543,-5.075042448935179],[122.83041000366211,-5.076923318720418],[122.83178329467773,-5.076581342803777],[122.83178329467773,-5.075982884513351],[122.83358573913574,-5.076410354777465],[122.83461570739746,-5.07529893150155],[122.8355598449707,-5.07529893150155],[122.83598899841309,-5.076495848796299],[122.83719062805176,-5.076410354777465],[122.83804893493652,-5.075640908098109],[122.83864974975586,-5.072990584733901],[122.84002304077148,-5.070853219254488],[122.83856391906738,-5.069228816758169],[122.83890724182129,-5.06854485659008],[122.84371376037598,-5.067091438828584],[122.84294128417969,-5.062389182501732],[122.84517288208008,-5.064099097850459],[122.8480052947998,-5.067604410176571],[122.85032272338867,-5.072306628550436],[122.85143852233887,-5.076495848796299]]]}},{"type":"Feature","id":"pmtiles:10/861/526:landcover:3548063940:1","properties":{"subclass":"forest","class":"wood","kind":"green","verification":"verified","source":"OpenMapTiles/OpenStreetMap national PMTiles","sourceId":"10/861/526:landcover:3548063940:1","sourceLayer":"landcover","archive":"https://its.hanifahseptiani45.workers.dev/v1/map/archive/indonesia.pmtiles","updatedAt":"2026-07-26T09:44:22.700Z"},"geometry":{"type":"Polygon","coordinates":[[[122.79693603515625,-5.076068378588843],[122.79058456420898,-5.077778257718663],[122.7886962890625,-5.078889676721687],[122.78715133666992,-5.0806850418326235],[122.78586387634277,-5.081112508979018],[122.78131484985352,-5.087609974677548],[122.77779579162598,-5.090602206561442],[122.77728080749512,-5.092312047102709],[122.77530670166016,-5.095475240115874],[122.77092933654785,-5.099578818657292],[122.76758193969727,-5.104537274399831],[122.76620864868164,-5.105050215910225],[122.76663780212402,-5.103425899720165],[122.76947021484375,-5.099493327705119],[122.76886940002441,-5.0978689974512434],[122.77041435241699,-5.0928249983784895],[122.77170181274414,-5.090858682932449],[122.76912689208984,-5.088806869101063],[122.76886940002441,-5.087695467210196],[122.7711009979248,-5.085729136086229],[122.77281761169434,-5.082907867897077],[122.77616500854492,-5.081967442421103],[122.77779579162598,-5.080086587351303],[122.77934074401855,-5.0792316514140765],[122.7817440032959,-5.075726402218905],[122.78457641601562,-5.074700472021405],[122.78637886047363,-5.072306628550436],[122.78886795043945,-5.071537176977799],[122.78972625732422,-5.070767724488121],[122.79049873352051,-5.069057826784032],[122.79582023620605,-5.062902157581064],[122.79925346374512,-5.055805966217349],[122.8022575378418,-5.052557081565681],[122.80363082885742,-5.052300589978287],[122.80740737915039,-5.054352519834637],[122.80792236328125,-5.055634972694548],[122.80783653259277,-5.060508270396923],[122.80182838439941,-5.072306628550436],[122.79693603515625,-5.076068378588843]]]}},{"type":"Feature","id":"pmtiles:10/861/526:landuse:3636460192:0","properties":{"class":"residential","kind":"green","verification":"verified","source":"OpenMapTiles/OpenStreetMap national PMTiles","sourceId":"10/861/526:landuse:3636460192:0","sourceLayer":"landuse","archive":"https://its.hanifahseptiani45.workers.dev/v1/map/archive/indonesia.pmtiles","updatedAt":"2026-07-26T09:44:22.700Z"},"geometry":{"type":"Polygon","coordinates":[[[122.8831958770752,-5.161984164196568],[122.88216590881348,-5.161556751121665],[122.88491249084473,-5.155572937842749],[122.8861141204834,-5.156342288424412],[122.8831958770752,-5.161984164196568]]]}},{"type":"Feature","id":"pmtiles:10/861/526:mountain_peak:10701624531:0","properties":{"name_int":"Gunu Lambelu","name_de":"Gunu Lambelu","name":"Gunu Lambelu","rank":1,"class":"peak","name:latin":"Gunu Lambelu","name_en":"Gunu Lambelu","kind":"poi","verification":"verified","source":"OpenMapTiles/OpenStreetMap national PMTiles","sourceId":"10/861/526:mountain_peak:10701624531:0","sourceLayer":"mountain_peak","archive":"https://its.hanifahseptiani45.workers.dev/v1/map/archive/indonesia.pmtiles","updatedAt":"2026-07-26T09:44:22.700Z"},"geometry":{"type":"Point","coordinates":[122.84843444824219,-5.112487821689115]}},{"type":"Feature","id":"pmtiles:10/861/526:mountain_peak:10701688951:0","properties":{"name_int":"Gunu Wanggowali","name_de":"Gunu Wanggowali","name":"Gunu Wanggowali","rank":2,"class":"peak","name:latin":"Gunu Wanggowali","name_en":"Gunu Wanggowali","kind":"poi","verification":"verified","source":"OpenMapTiles/OpenStreetMap national PMTiles","sourceId":"10/861/526:mountain_peak:10701688951:0","sourceLayer":"mountain_peak","archive":"https://its.hanifahseptiani45.workers.dev/v1/map/archive/indonesia.pmtiles","updatedAt":"2026-07-26T09:44:22.700Z"},"geometry":{"type":"Point","coordinates":[122.85950660705566,-4.990996200828889]}},{"type":"Feature","id":"pmtiles:10/861/526:mountain_peak:10701969441:0","properties":{"name_int":"Gunu Kamosope","name_de":"Gunu Kamosope","name":"Gunu Kamosope","rank":3,"class":"peak","name:latin":"Gunu Kamosope","name_en":"Gunu Kamosope","kind":"poi","verification":"verified","source":"OpenMapTiles/OpenStreetMap national PMTiles","sourceId":"10/861/526:mountain_peak:10701969441:0","sourceLayer":"mountain_peak","archive":"https://its.hanifahseptiani45.workers.dev/v1/map/archive/indonesia.pmtiles","updatedAt":"2026-07-26T09:44:22.700Z"},"geometry":{"type":"Point","coordinates":[122.84543037414551,-5.05760139548066]}},{"type":"Feature","id":"pmtiles:10/861/526:mountain_peak:10701583331:0","properties":{"name_int":"Gunu Kabumbu Kopea","name_de":"Gunu Kabumbu Kopea","name":"Gunu Kabumbu Kopea","rank":1,"class":"peak","name:latin":"Gunu Kabumbu Kopea","name_en":"Gunu Kabumbu Kopea","kind":"poi","verification":"verified","source":"OpenMapTiles/OpenStreetMap national PMTiles","sourceId":"10/861/526:mountain_peak:10701583331:0","sourceLayer":"mountain_peak","archive":"https://its.hanifahseptiani45.workers.dev/v1/map/archive/indonesia.pmtiles","updatedAt":"2026-07-26T09:44:22.700Z"},"geometry":{"type":"Point","coordinates":[122.9263687133789,-5.22352862816696]}},{"type":"Feature","id":"pmtiles:10/861/526:mountain_peak:10701881481:0","properties":{"name_int":"Gunu Embusan","name_de":"Gunu Embusan","name":"Gunu Embusan","rank":2,"class":"peak","name:latin":"Gunu Embusan","name_en":"Gunu Embusan","kind":"poi","verification":"verified","source":"OpenMapTiles/OpenStreetMap national PMTiles","sourceId":"10/861/526:mountain_peak:10701881481:0","sourceLayer":"mountain_peak","archive":"https://its.hanifahseptiani45.workers.dev/v1/map/archive/indonesia.pmtiles","updatedAt":"2026-07-26T09:44:22.700Z"},"geometry":{"type":"Point","coordinates":[122.85650253295898,-5.226007376278957]}},{"type":"Feature","id":"pmtiles:10/861/526:park:146350783:0","properties":{"name":"Suaka Margasatwa Buton Utara","name_int":"Buton Utara Wildlife Refuge","class":"protected_area","name:latin":"Suaka Margasatwa Buton Utara","name_de":"Suaka Margasatwa Buton Utara","name_en":"Buton Utara Wildlife Refuge","kind":"green","verification":"verified","source":"OpenMapTiles/OpenStreetMap national PMTiles","sourceId":"10/861/526:park:146350783:0","sourceLayer":"park","archive":"https://its.hanifahseptiani45.workers.dev/v1/map/archive/indonesia.pmtiles","updatedAt":"2026-07-26T09:44:22.700Z"},"geometry":{"type":"Polygon","coordinates":[[[122.96636581420898,-4.910359820532264],[122.96679496765137,-4.912070131853412],[122.96730995178223,-4.913352862464933],[122.96722412109375,-4.914379045176716],[122.96602249145508,-4.915832801313158],[122.96499252319336,-4.916345890956862],[122.96130180358887,-4.915918316281221],[122.96001434326172,-4.916089346184421],[122.9586410522461,-4.915405226308195],[122.95658111572266,-4.914892135940008],[122.95366287231445,-4.915148681173491],[122.95289039611816,-4.915661771344105],[122.95186042785645,-4.917115524681336],[122.95186042785645,-4.917885157516409],[122.95143127441406,-4.918141701597108],[122.95108795166016,-4.918996847818832],[122.94902801513672,-4.918569274845254],[122.94868469238281,-4.919167876931368],[122.94877052307129,-4.92147676564943],[122.94954299926758,-4.92207536512052],[122.95117378234863,-4.921818822555991],[122.95125961303711,-4.923101534389346],[122.95177459716797,-4.923443590460522],[122.95177459716797,-4.924127702075111],[122.95040130615234,-4.925153868177475],[122.94988632202148,-4.926522087183642],[122.95125961303711,-4.9273772226324155],[122.9523754119873,-4.9301136486734976],[122.9523754119873,-4.930883266466637],[122.95125961303711,-4.931396344499916],[122.95040130615234,-4.931310831521898],[122.94988632202148,-4.9315673704229255],[122.94885635375977,-4.931652883367917],[122.94808387756348,-4.931225318532867],[122.94774055480957,-4.930712240367441],[122.94662475585938,-4.93037018803696],[122.94610977172852,-4.930626727301345],[122.94568061828613,-4.931823909224832],[122.94713973999023,-4.93302108898979],[122.94499397277832,-4.934816854588888],[122.94353485107422,-4.935244417110567],[122.94310569763184,-4.934560316943646],[122.94224739074707,-4.934560316943646],[122.94164657592773,-4.936356078377472],[122.93950080871582,-4.936270566038459],[122.93881416320801,-4.935671979356741],[122.93641090393066,-4.93558646692955],[122.93563842773438,-4.93592851657219],[122.93460845947266,-4.9379808107241985],[122.93460845947266,-4.938408371206549],[122.93340682983398,-4.939520027170374],[122.93254852294922,-4.939092467404848],[122.93254852294922,-4.938493883269942],[122.9315185546875,-4.9382373470466945],[122.93108940124512,-4.937125688932568],[122.92963027954102,-4.9382373470466945],[122.92945861816406,-4.9389214434214495],[122.92963027954102,-4.9396055390903655],[122.92928695678711,-4.940631681270133],[122.92842864990234,-4.9408882165668615],[122.92799949645996,-4.941743333505428],[122.92799949645996,-4.942598449340522],[122.92911529541016,-4.943368052648495],[122.93220520019531,-4.943453564071959],[122.93246269226074,-4.943966632380977],[122.93332099914551,-4.944394189001585],[122.93632507324219,-4.943966632380977],[122.93684005737305,-4.9436245868857895],[122.93752670288086,-4.943966632380977],[122.93632507324219,-4.946275434852794],[122.93632507324219,-4.94678850097543],[122.93572425842285,-4.947643610296154],[122.9355525970459,-4.948755250761437],[122.93503761291504,-4.948926272205725],[122.9344367980957,-4.950294442168669],[122.93375015258789,-4.950978526089031],[122.93203353881836,-4.9506364842172985],[122.93014526367188,-4.950465463215096],[122.92928695678711,-4.9496103575408625],[122.92834281921387,-4.950978526089031],[122.92765617370605,-4.951577098938969],[122.92662620544434,-4.951577098938969],[122.92284965515137,-4.950208931628879],[122.92242050170898,-4.950721994701809],[122.92259216308594,-4.951662609301863],[122.92233467102051,-4.953458324368526],[122.92156219482422,-4.9538003647806335],[122.92156219482422,-4.954398935075929],[122.92121887207031,-4.954826484954978],[122.92147636413574,-4.956451171972645],[122.92139053344727,-4.95730626879832],[122.92173385620117,-4.958246874028049],[122.92113304138184,-4.9591019685289695],[122.92027473449707,-4.959358496663327],[122.9190731048584,-4.958588911961272],[122.91684150695801,-4.957904835917674],[122.91658401489258,-4.95756279763016],[122.91684150695801,-4.956536681705018],[122.91521072387695,-4.955254034557441],[122.91546821594238,-4.9538003647806335],[122.91435241699219,-4.953116283779465],[122.91426658630371,-4.952346691807065],[122.91375160217285,-4.95191914032425],[122.91315078735352,-4.951748119653729],[122.91160583496094,-4.953116283779465],[122.91083335876465,-4.953372814237866],[122.90997505187988,-4.954398935075929],[122.9092025756836,-4.9547409750013],[122.90885925292969,-4.955425054320969],[122.90791511535645,-4.955083014749647],[122.9051685333252,-4.954569955060734],[122.90242195129395,-4.953714854694198],[122.90164947509766,-4.953971384920322],[122.90104866027832,-4.953543834488158],[122.8996753692627,-4.951235057376763],[122.89787292480469,-4.9503799526974035],[122.89881706237793,-4.947729121167484],[122.8982162475586,-4.94687401195722],[122.89770126342773,-4.945163790223063],[122.89787292480469,-4.944650722841445],[122.89933204650879,-4.942683960863334],[122.89924621582031,-4.941914356760748],[122.89993286132812,-4.940204122221601],[122.89907455444336,-4.9379808107241985],[122.89993286132812,-4.937895298594654],[122.90070533752441,-4.938493883269942],[122.90199279785156,-4.938066322842715],[122.90190696716309,-4.937211201161347],[122.90250778198242,-4.935671979356741],[122.90276527404785,-4.9336196780626835],[122.90207862854004,-4.931909422136769],[122.90225028991699,-4.92977159603474],[122.90173530578613,-4.928916463667306],[122.90173530578613,-4.928146843595556],[122.90036201477051,-4.926009005386334],[122.89898872375488,-4.9245552714768905],[122.89804458618164,-4.924127702075111],[122.89864540100098,-4.921818822555991],[122.89838790893555,-4.921220222854103],[122.8985595703125,-4.920621622613737],[122.89813041687012,-4.920279565091761],[122.89752960205078,-4.920194050683804],[122.89667129516602,-4.920621622613737],[122.89358139038086,-4.923016020344079],[122.8945255279541,-4.923871160302113],[122.8941822052002,-4.924469757618525],[122.8934097290039,-4.924640785324243],[122.89255142211914,-4.925837978032547],[122.8927230834961,-4.926949655045561],[122.89203643798828,-4.9272061956306885],[122.89134979248047,-4.927120682113326],[122.89031982421875,-4.928574410412125],[122.8904914855957,-4.9301136486734976],[122.8886890411377,-4.931310831521898],[122.88989067077637,-4.932336986531297],[122.88954734802246,-4.933363139954693],[122.88920402526855,-4.9336196780626835],[122.88894653320312,-4.934389291791717],[122.88920402526855,-4.935158904628267],[122.88997650146484,-4.93601402895527],[122.8901481628418,-4.936527103022442],[122.89134979248047,-4.9374677377815175],[122.89220809936523,-4.938664907363616],[122.89366722106934,-4.938664907363616],[122.89375305175781,-4.93926349134415],[122.89212226867676,-4.939349003297252],[122.89177894592285,-4.939776562897308],[122.88731575012207,-4.938322859132128],[122.88662910461426,-4.937895298594654],[122.8861141204834,-4.937125688932568],[122.88534164428711,-4.936698127623302],[122.8849983215332,-4.935843004178054],[122.88379669189453,-4.934645829503069],[122.88336753845215,-4.93302108898979],[122.88268089294434,-4.932422499377154],[122.88250923156738,-4.9315673704229255],[122.882080078125,-4.930797753422553],[122.87967681884766,-4.930028135530307],[122.87924766540527,-4.929344029988613],[122.87890434265137,-4.927633763052498],[122.87899017333984,-4.9267786279338],[122.8791618347168,-4.926009005386334],[122.88010597229004,-4.924469757618525],[122.88053512573242,-4.921818822555991],[122.88044929504395,-4.920878165639806],[122.87984848022461,-4.919167876931368],[122.8791618347168,-4.91874030406764],[122.87821769714355,-4.917286554277112],[122.87744522094727,-4.916944495041648],[122.87650108337402,-4.916687950499764],[122.87581443786621,-4.916944495041648],[122.87444114685059,-4.9180561869145265],[122.8736686706543,-4.917799642800887],[122.87332534790039,-4.917030009866977],[122.87392616271973,-4.915319711274279],[122.87384033203125,-4.914464560331368],[122.87332534790039,-4.913780438786873],[122.87435531616211,-4.911471523390034],[122.87521362304688,-4.911214976741192],[122.87572860717773,-4.910530851861793],[122.87572860717773,-4.910359820532264],[122.96636581420898,-4.910359820532264]]]}},{"type":"Feature","id":"pmtiles:10/861/526:park:10986406992:0","properties":{"name":"Suaka Margasatwa Lambusango","name_int":"Lambusango Wildlife Refuge","class":"protected_area","name:latin":"Suaka Margasatwa Lambusango","name_de":"Suaka Margasatwa Lambusango","name_en":"Lambusango Wildlife Refuge","kind":"green","verification":"verified","source":"OpenMapTiles/OpenStreetMap national PMTiles","sourceId":"10/861/526:park:10986406992:0","sourceLayer":"park","archive":"https://its.hanifahseptiani45.workers.dev/v1/map/archive/indonesia.pmtiles","updatedAt":"2026-07-26T09:44:22.701Z"},"geometry":{"type":"Polygon","coordinates":[[[122.93091773986816,-5.2065190234611975],[122.93126106262207,-5.208655933777905],[122.9311752319336,-5.213955440006103],[122.9300594329834,-5.218485627612893],[122.93066024780273,-5.219596800710036],[122.93031692504883,-5.220451547906734],[122.93134689331055,-5.2226738851652925],[122.93143272399902,-5.2234431539192485],[122.9311752319336,-5.22455431823019],[122.93066024780273,-5.225409058667012],[122.93074607849121,-5.226007376278957],[122.93169021606445,-5.226520219491491],[122.93272018432617,-5.2279732729799235],[122.93314933776855,-5.230622950072046],[122.93460845947266,-5.230879369840579],[122.93581008911133,-5.231563155376335],[122.93615341186523,-5.233016197158776],[122.93563842773438,-5.233956398866681],[122.9340934753418,-5.235665852896389],[122.93400764465332,-5.237802663861089],[122.93289184570312,-5.240024939514711],[122.93083190917969,-5.2425036222640955],[122.92928695678711,-5.243272866634257],[122.92920112609863,-5.244213052910709],[122.92731285095215,-5.24720454527737],[122.92662620544434,-5.249170375308594],[122.92679786682129,-5.252845606134642],[122.92654037475586,-5.253187486970319],[122.92654037475586,-5.253956718164801],[122.92362213134766,-5.255495177704617],[122.92233467102051,-5.257460981586803],[122.9208755493164,-5.257460981586803],[122.92027473449707,-5.257888329435673],[122.92010307312012,-5.257546451180048],[122.91890144348145,-5.257631920761554],[122.91890144348145,-5.258059268493099],[122.91933059692383,-5.258315676991231],[122.91950225830078,-5.2589994324699205],[122.91950225830078,-5.260025064279688],[122.9179573059082,-5.262076322828179],[122.91572570800781,-5.262931011894011],[122.91624069213867,-5.264725855109305],[122.91606903076172,-5.265580540533833],[122.91666984558105,-5.267204439603162],[122.91632652282715,-5.268400994097135],[122.91452407836914,-5.269512078349763],[122.91194915771484,-5.2694266104008705],[122.90782928466797,-5.271477837928359],[122.90765762329102,-5.271477837928359],[122.90611267089844,-5.270452225011397],[122.90431022644043,-5.270879563932624],[122.904052734375,-5.2713069025598145],[122.9043960571289,-5.271477837928359],[122.79951095581055,-5.271477837928359],[122.79865264892578,-5.2707940961718975],[122.79959678649902,-5.2634438247698085],[122.80028343200684,-5.260708817880527],[122.80097007751465,-5.260025064279688],[122.80131340026855,-5.25660628500917],[122.80174255371094,-5.255922526902481],[122.80131340026855,-5.255409707829855],[122.80071258544922,-5.253358427317821],[122.80054092407227,-5.251649021732888],[122.80131340026855,-5.250366964467801],[122.80217170715332,-5.249768670175229],[122.80234336853027,-5.249084904566516],[122.80174255371094,-5.247802842029671],[122.8022575378418,-5.2455805940576425],[122.80388832092285,-5.245495122823755],[122.80474662780762,-5.245067766478684],[122.80586242675781,-5.245153237771106],[122.80620574951172,-5.244383995717925],[122.80611991882324,-5.243358338172456],[122.80706405639648,-5.2420762638711835],[122.80723571777344,-5.241136074377394],[122.80852317810059,-5.240366827375269],[122.81006813049316,-5.239170219044766],[122.8110122680664,-5.237631719252718],[122.81135559082031,-5.236349633199751],[122.81204223632812,-5.2355803803058905],[122.81401634216309,-5.234811126465644],[122.81805038452148,-5.233956398866681],[122.82148361206055,-5.231990520956771],[122.82217025756836,-5.23216146710719],[122.82474517822266,-5.231648628515771],[122.82500267028809,-5.2310503162945565],[122.82903671264648,-5.229169902732835],[122.82980918884277,-5.229597269947433],[122.83049583435059,-5.229255376199092],[122.8322982788086,-5.227716852021075],[122.83143997192383,-5.226092850176869],[122.83143997192383,-5.2254945326465645],[122.83204078674316,-5.223955999230668],[122.83307075500488,-5.2234431539192485],[122.83418655395508,-5.222502936425087],[122.83461570739746,-5.2212208193876535],[122.83616065979004,-5.220109649167853],[122.83676147460938,-5.221733666517281],[122.83581733703613,-5.225665480570683],[122.83616065979004,-5.227033062284136],[122.83787727355957,-5.228229693833796],[122.8395938873291,-5.2289134822640335],[122.83985137939453,-5.229426323096604],[122.84208297729492,-5.2313067358879835],[122.84311294555664,-5.230708423339905],[122.84379959106445,-5.229853690136153],[122.84388542175293,-5.228571588142259],[122.84345626831055,-5.226605693319428],[122.84431457519531,-5.225665480570683],[122.84577369689941,-5.224468844122384],[122.84663200378418,-5.224126947574533],[122.84637451171875,-5.222161038804813],[122.84663200378418,-5.219254901505181],[122.84809112548828,-5.215066621124805],[122.84886360168457,-5.214981145723954],[122.85066604614258,-5.216434225955311],[122.8520393371582,-5.215664948604811],[122.85221099853516,-5.214553768545173],[122.8534984588623,-5.211904023543951],[122.85358428955078,-5.211134740643217],[122.8534984588623,-5.209339743544987],[122.85392761230469,-5.2087414100394795],[122.85384178161621,-5.206433546897458],[122.8534984588623,-5.205749733969213],[122.85375595092773,-5.203441859847487],[122.8542709350586,-5.201903272396208],[122.85487174987793,-5.201475886325497],[122.85564422607422,-5.201732318002755],[122.85633087158203,-5.203099951850092],[122.85727500915527,-5.202501612407616],[122.85770416259766,-5.201988749575534],[122.85847663879395,-5.201817795205287],[122.85993576049805,-5.200108248949064],[122.86113739013672,-5.199082518966961],[122.86251068115234,-5.198655130981265],[122.8630256652832,-5.1979713096008595],[122.86508560180664,-5.197629398632216],[122.86748886108398,-5.200279203783609],[122.86757469177246,-5.201219454543761],[122.86800384521484,-5.2013904090765095],[122.86946296691895,-5.201133977259957],[122.87023544311523,-5.199766339140709],[122.87212371826172,-5.197885831876093],[122.87332534790039,-5.199338951619154],[122.87341117858887,-5.200022771514384],[122.87418365478516,-5.200108248949064],[122.87521362304688,-5.20156136356286],[122.87933349609375,-5.200279203783609],[122.8806209564209,-5.2001937263721345],[122.88147926330566,-5.199851816610206],[122.8831958770752,-5.201475886325497],[122.88422584533691,-5.201903272396208],[122.88637161254883,-5.201817795205287],[122.8872299194336,-5.20130493181594],[122.88817405700684,-5.201219454543761],[122.89126396179199,-5.203698290723594],[122.8916072845459,-5.208314028615376],[122.89117813110352,-5.210365456800446],[122.89152145385742,-5.210792836829384],[122.89289474487305,-5.211305692480337],[122.89366722106934,-5.211904023543951],[122.89555549621582,-5.210365456800446],[122.89649963378906,-5.210109028643544],[122.89770126342773,-5.210194504707474],[122.90139198303223,-5.211647596015041],[122.90267944335938,-5.211733071869631],[122.90456771850586,-5.211049264707185],[122.9080867767334,-5.209083314969519],[122.90851593017578,-5.2081430759643865],[122.91006088256836,-5.207117359082034],[122.91169166564941,-5.2065190234611975],[122.91315078735352,-5.206860929599969],[122.91418075561523,-5.206433546897458],[122.91495323181152,-5.206348070322079],[122.91546821594238,-5.205749733969213],[122.91718482971191,-5.20549330392943],[122.92078971862793,-5.206177117136505],[122.9219913482666,-5.206604500013327],[122.92276382446289,-5.206604500013327],[122.92319297790527,-5.206177117136505],[122.92353630065918,-5.204724013182727],[122.92473793029785,-5.20318542886686],[122.92499542236328,-5.200108248949064],[122.92516708374023,-5.198997041393028],[122.92576789855957,-5.198142265015562],[122.92739868164062,-5.1973729652839324],[122.92902946472168,-5.197287487477979],[122.92988777160645,-5.198911563807499],[122.93057441711426,-5.199509906662584],[122.93134689331055,-5.201133977259957],[122.93143272399902,-5.203014474821714],[122.93091773986816,-5.204724013182727],[122.93091773986816,-5.2065190234611975]]]}},{"type":"Feature","id":"pmtiles:10/861/526:park:119841653:0","properties":{"class":"nature_reserve","kind":"green","verification":"verified","source":"OpenMapTiles/OpenStreetMap national PMTiles","sourceId":"10/861/526:park:119841653:0","sourceLayer":"park","archive":"https://its.hanifahseptiani45.workers.dev/v1/map/archive/indonesia.pmtiles","updatedAt":"2026-07-26T09:44:22.700Z"},"geometry":{"type":"Polygon","coordinates":[[[122.96344757080078,-5.206262593735104],[122.96181678771973,-5.206091640526282],[122.96104431152344,-5.2052368737850685],[122.96070098876953,-5.204467582724746],[122.96061515808105,-5.202843520730141],[122.96121597290039,-5.201817795205287],[122.9619026184082,-5.20130493181594],[122.96241760253906,-5.2003646811834585],[122.96473503112793,-5.198911563807499],[122.96645164489746,-5.19882608621036],[122.96679496765137,-5.199338951619154],[122.96756744384766,-5.199680861659601],[122.97014236450195,-5.198398698050639],[122.96954154968262,-5.1979713096008595],[122.96842575073242,-5.195663406961103],[122.96799659729004,-5.195492450873687],[122.96791076660156,-5.194295756963186],[122.96808242797852,-5.1938683657301965],[122.96876907348633,-5.193184539154643],[122.96979904174805,-5.193355495868076],[122.97057151794434,-5.192757147168223],[122.97065734863281,-5.1923297548920715],[122.97005653381348,-5.1902782679342465],[122.97022819519043,-5.189679916314589],[122.97125816345215,-5.188397732361437],[122.97383308410645,-5.186004315345059],[122.97469139099121,-5.1847221239247006],[122.97640800476074,-5.183098011054739],[122.97640800476074,-5.182670612236919],[122.97821044921875,-5.1802771735139],[122.97898292541504,-5.179764292608084],[122.97915458679199,-5.179422371773015],[122.98018455505371,-5.179336891535328],[122.98172950744629,-5.179849772787961],[122.98190116882324,-5.1803626536244],[122.9820728302002,-5.179507851999119],[122.98336029052734,-5.179507851999119],[122.9835319519043,-5.179336891535328],[122.9838752746582,-5.178225647393745],[122.98233032226562,-5.176430556577742],[122.98224449157715,-5.175917672551563],[122.98378944396973,-5.1746354606667495],[122.98430442810059,-5.17378065129985],[122.9853343963623,-5.173438727229751],[122.98559188842773,-5.173182284055926],[122.98627853393555,-5.170959772197193],[122.9867935180664,-5.1705323651759585],[122.9867935180664,-5.169933994861552],[122.98713684082031,-5.1690791791459105],[122.98868179321289,-5.167967916990804],[122.98919677734375,-5.167113098621925],[122.98971176147461,-5.167113098621925],[122.98988342285156,-5.166514725077491],[122.99031257629395,-5.16617279708413],[122.9916000366211,-5.164035742946226],[122.99245834350586,-5.1636938136155806],[122.9934024810791,-5.1636938136155806],[122.99357414245605,-5.162753507005519],[122.99460411071777,-5.161556751121665],[122.99520492553711,-5.16010354451285],[122.99649238586426,-5.158992266624907],[122.99717903137207,-5.15865033457554],[122.9974365234375,-5.157710020489958],[122.99726486206055,-5.157026154825516],[122.99820899963379,-5.155914871549669],[122.99872398376465,-5.154376168418651],[122.99992561340332,-5.15420520117398],[122.99975395202637,-5.1531793967396595],[123.00172805786133,-5.152666493901364],[123.00232887268066,-5.151640686982759],[123.00198554992676,-5.1512987509752435],[123.00189971923828,-5.150871330707162],[123.00250053405762,-5.150016489308754],[123.0040454864502,-5.149076162442853],[123.00430297851562,-5.148563256293471],[123.00576210021973,-5.148135834186306],[123.00653457641602,-5.147280989110186],[123.00713539123535,-5.1470245353633],[123.00816535949707,-5.146084204073517],[123.00910949707031,-5.145827749844173],[123.0095386505127,-5.14599871934189],[123.0095386505127,-5.1453148410753755],[123.0098819732666,-5.144972901666492],[123.0109977722168,-5.1446309620738475],[123.01168441772461,-5.144972901666492],[123.01185607910156,-5.144716446989236],[123.01159858703613,-5.144118052340417],[123.01254272460938,-5.143947082337405],[123.01254272460938,-5.143605142193621],[123.01288604736328,-5.143434172052849],[123.01314353942871,-5.143947082337405],[123.01597595214844,-5.142237379781676],[123.01666259765625,-5.14215189453337],[123.01880836486816,-5.140784128999485],[123.02018165588379,-5.140356701667713],[123.0223274230957,-5.138219560706645],[123.02404403686523,-5.137792131654166],[123.0245590209961,-5.137963103309559],[123.02533149719238,-5.1374501882057615],[123.02584648132324,-5.137963103309559],[123.02644729614258,-5.137877617487604],[123.02661895751953,-5.1376211599529],[123.02644729614258,-5.137364702314997],[123.02661895751953,-5.137022758637258],[123.02790641784668,-5.136253384691571],[123.02824974060059,-5.1366808147760565],[123.02885055541992,-5.136509842776647],[123.0289363861084,-5.136766300758552],[123.02970886230469,-5.136766300758552],[123.02953720092773,-5.136253384691571],[123.03030967712402,-5.13599692650331],[123.03159713745117,-5.136338870731393],[123.03211212158203,-5.135825954320481],[123.03374290466309,-5.136167898640281],[123.03408622741699,-5.136338870731393],[123.03425788879395,-5.136766300758552],[123.0362319946289,-5.137364702314997],[123.0388069152832,-5.138646989472392],[123.03863525390625,-5.139330874901148],[123.03975105285645,-5.139843788490936],[123.0402660369873,-5.140527672634846],[123.04095268249512,-5.140698643556078],[123.04121017456055,-5.1404421871570065],[123.04146766662598,-5.140698643556078],[123.0413818359375,-5.14095509985188],[123.04232597351074,-5.1414680121336716],[123.0428409576416,-5.1414680121336716],[123.04266929626465,-5.143177716755574],[123.04224014282227,-5.143605142193621],[123.0439567565918,-5.143947082337405],[123.04498672485352,-5.14386159731869],[123.04515838623047,-5.144118052340417],[123.04627418518066,-5.144374507258803],[123.0465316772461,-5.144972901666492],[123.04584503173828,-5.145229356240378],[123.04610252380371,-5.145742265078098],[123.04678916931152,-5.145656780300513],[123.04867744445801,-5.1466825968732905],[123.04859161376953,-5.147280989110186],[123.04910659790039,-5.148648740680443],[123.05056571960449,-5.149247131067369],[123.05065155029297,-5.150101973500327],[123.05022239685059,-5.150614878408348],[123.0512523651123,-5.150614878408348],[123.05185317993164,-5.151555202998125],[123.0523681640625,-5.151213266944623],[123.0523681640625,-5.15386326654658],[123.05185317993164,-5.153606815455262],[123.05142402648926,-5.153435848003525],[123.05073738098145,-5.15386326654658],[123.04902076721191,-5.152922945372268],[123.04773330688477,-5.153093912962021],[123.046875,-5.1527519777365],[123.04550170898438,-5.1530084291729],[123.04515838623047,-5.152837461560125],[123.04490089416504,-5.152239074553194],[123.04498672485352,-5.151555202998125],[123.04550170898438,-5.1512987509752435],[123.04627418518066,-5.151384234994367],[123.04627418518066,-5.150529394285741],[123.0454158782959,-5.150443910151651],[123.04498672485352,-5.150187457680403],[123.04378509521484,-5.150358426006079],[123.04292678833008,-5.14899067811335],[123.04275512695312,-5.148306803063647],[123.04009437561035,-5.146511627559377],[123.03966522216797,-5.1466825968732905],[123.0384635925293,-5.146169688793677],[123.03648948669434,-5.146426142885176],[123.03563117980957,-5.14599871934189],[123.0355453491211,-5.1453148410753755],[123.03520202636719,-5.144801931893127],[123.03640365600586,-5.144203537324685],[123.03640365600586,-5.143947082337405],[123.03520202636719,-5.142921261354985],[123.03511619567871,-5.142493835457756],[123.03666114807129,-5.142408350243869],[123.03571701049805,-5.139758302921322],[123.03494453430176,-5.139330874901148],[123.03425788879395,-5.139245389262712],[123.03365707397461,-5.1388179608984075],[123.03133964538574,-5.139330874901148],[123.03048133850098,-5.139330874901148],[123.0300521850586,-5.139587331747677],[123.02824974060059,-5.138390532247357],[123.02438735961914,-5.139758302921322],[123.02361488342285,-5.1404421871570065],[123.02352905273438,-5.14095509985188],[123.02309989929199,-5.141297041418966],[123.02069664001465,-5.142066409273568],[123.02018165588379,-5.142579320660161],[123.01760673522949,-5.143690627246784],[123.01726341247559,-5.144289022297485],[123.01202774047852,-5.148306803063647],[123.01194190979004,-5.149332615362383],[123.0109977722168,-5.150358426006079],[123.00919532775879,-5.151384234994367],[123.00576210021973,-5.152324558445827],[123.00378799438477,-5.154034233883294],[123.00189971923828,-5.154803586328995],[123.0018138885498,-5.155487454387256],[123.00121307373047,-5.156085838334107],[123.00061225891113,-5.1573680877498305],[122.99923896789551,-5.158051953045899],[122.99923896789551,-5.158906783629831],[122.9988956451416,-5.159761613062301],[122.99683570861816,-5.160530958566881],[122.99657821655273,-5.161556751121665],[122.99717903137207,-5.162668024517274],[122.99614906311035,-5.1646341188310885],[122.99657821655273,-5.1649760476545765],[122.99803733825684,-5.164206707542391],[122.99846649169922,-5.164206707542391],[122.99863815307617,-5.1645486365964075],[122.99683570861816,-5.165745386832981],[122.99623489379883,-5.165745386832981],[122.99529075622559,-5.1663437611038745],[122.99357414245605,-5.166856652886366],[122.9922866821289,-5.167796953409294],[122.99202919006348,-5.168480807458494],[122.9922866821289,-5.17001947636966],[122.98979759216309,-5.172412953911007],[122.98833847045898,-5.1746354606667495],[122.98524856567383,-5.17668699843486],[122.9849910736084,-5.17848208852287],[122.98464775085449,-5.1791659310253095],[122.9853343963623,-5.179507851999119],[122.98602104187012,-5.1791659310253095],[122.98627853393555,-5.179593332213656],[122.98584938049316,-5.1801916933918335],[122.98516273498535,-5.1804481337233454],[122.98439025878906,-5.180533613810709],[122.9838752746582,-5.181559373957327],[122.98318862915039,-5.18207225340619],[122.9820728302002,-5.18207225340619],[122.9813003540039,-5.181815813733806],[122.98035621643066,-5.183012531314304],[122.97992706298828,-5.183952807822735],[122.97855377197266,-5.184893082931197],[122.97666549682617,-5.187713899854373],[122.97632217407227,-5.188312253338566],[122.97623634338379,-5.189679916314589],[122.97649383544922,-5.19019278916619],[122.97529220581055,-5.191560448064976],[122.97383308410645,-5.191560448064976],[122.97280311584473,-5.192244276402079],[122.97245979309082,-5.192928103997573],[122.97374725341797,-5.194979582333161],[122.97348976135254,-5.19574888498741],[122.97263145446777,-5.195919841005249],[122.97160148620605,-5.195663406961103],[122.97117233276367,-5.195065060452222],[122.97065734863281,-5.194808626060237],[122.96928405761719,-5.194466713375249],[122.96894073486328,-5.194552191563886],[122.97048568725586,-5.197287487477979],[122.9710865020752,-5.200108248949064],[122.97168731689453,-5.200963022657547],[122.97211647033691,-5.202501612407616],[122.97314643859863,-5.2035273368178],[122.9743480682373,-5.203954721495165],[122.97443389892578,-5.205151397047061],[122.97391891479492,-5.205920687270989],[122.97331809997559,-5.206262593735104],[122.97314643859863,-5.205749733969213],[122.97194480895996,-5.204296629028022],[122.97091484069824,-5.203612813776488],[122.97039985656738,-5.204467582724746],[122.96971321105957,-5.204296629028022],[122.96868324279785,-5.203099951850092],[122.96730995178223,-5.20318542886686],[122.96696662902832,-5.201646840788612],[122.96662330627441,-5.20156136356286],[122.96344757080078,-5.206262593735104]]]}},{"type":"Feature","id":"pmtiles:10/861/526:park:119841653:1","properties":{"class":"nature_reserve","kind":"green","verification":"verified","source":"OpenMapTiles/OpenStreetMap national PMTiles","sourceId":"10/861/526:park:119841653:1","sourceLayer":"park","archive":"https://its.hanifahseptiani45.workers.dev/v1/map/archive/indonesia.pmtiles","updatedAt":"2026-07-26T09:44:22.700Z"},"geometry":{"type":"Polygon","coordinates":[[[122.93083190917969,-5.1897653951521505],[122.93143272399902,-5.188996085197175],[122.93194770812988,-5.189508958604719],[122.93280601501465,-5.1923297548920715],[122.93229103088379,-5.193355495868076],[122.93332099914551,-5.195492450873687],[122.93400764465332,-5.19745844307829],[122.93417930603027,-5.199851816610206],[122.93383598327637,-5.20258708950567],[122.93400764465332,-5.204638536375015],[122.93375015258789,-5.205151397047061],[122.9344367980957,-5.205920687270989],[122.93546676635742,-5.206262593735104],[122.93649673461914,-5.208484981219883],[122.93872833251953,-5.210536408846906],[122.94035911560059,-5.211049264707185],[122.94113159179688,-5.211647596015041],[122.94198989868164,-5.2115621201488125],[122.94241905212402,-5.211904023543951],[122.94276237487793,-5.2125023540376105],[122.94327735900879,-5.2125878297758845],[122.94404983520508,-5.213100683961244],[122.94447898864746,-5.216263275514464],[122.94602394104004,-5.216861601853708],[122.9468822479248,-5.217374452547574],[122.94731140136719,-5.217459927622457],[122.94825553894043,-5.216861601853708],[122.94877052307129,-5.216776126697312],[122.95005798339844,-5.216947076998451],[122.95177459716797,-5.217716352777273],[122.95263290405273,-5.217374452547574],[122.95331954956055,-5.217459927622457],[122.9538345336914,-5.217118027253036],[122.9549503326416,-5.217288977461038],[122.95520782470703,-5.216776126697312],[122.95615196228027,-5.216348750740707],[122.95632362365723,-5.216006849765876],[122.95598030090332,-5.214981145723954],[122.95598030090332,-5.213699013314823],[122.95529365539551,-5.210878312800276],[122.95598030090332,-5.210194504707474],[122.95555114746094,-5.209083314969519],[122.95563697814941,-5.208399504923449],[122.95632362365723,-5.207715694133455],[122.95795440673828,-5.20788664690069],[122.958984375,-5.207544741319737],[122.96035766601562,-5.208057599621441],[122.96087265014648,-5.209168791172971],[122.96138763427734,-5.209767124271565],[122.96138763427734,-5.210621884852699],[122.9619026184082,-5.211134740643217],[122.96233177185059,-5.210450932829488],[122.96319007873535,-5.210194504707474],[122.96327590942383,-5.209852600382007],[122.96284675598145,-5.209168791172971],[122.9630184173584,-5.20882688628943],[122.9633617401123,-5.2087414100394795],[122.96293258666992,-5.2081430759643865],[122.96233177185059,-5.2079721232668845],[122.96250343322754,-5.20720283555282],[122.96319007873535,-5.207117359082034],[122.96310424804688,-5.207459264895434],[122.96379089355469,-5.20788664690069],[122.96422004699707,-5.20788664690069],[122.96464920043945,-5.208484981219883],[122.96404838562012,-5.208997838754456],[122.96516418457031,-5.21070736084684],[122.96473503112793,-5.211647596015041],[122.96473503112793,-5.212416878287684],[122.96602249145508,-5.214297342098249],[122.96679496765137,-5.2147247194515955],[122.96670913696289,-5.214895670311478],[122.96576499938965,-5.215066621124805],[122.96516418457031,-5.2146392440042035],[122.96361923217773,-5.214297342098249],[122.96224594116211,-5.212929732612665],[122.96061515808105,-5.2125023540376105],[122.96001434326172,-5.211904023543951],[122.95975685119629,-5.211989499363639],[122.96001434326172,-5.2133571108968795],[122.95984268188477,-5.213613537727781],[122.95846939086914,-5.2133571108968795],[122.95795440673828,-5.214297342098249],[122.95804023742676,-5.215066621124805],[122.95769691467285,-5.216177800276583],[122.95726776123047,-5.216348750740707],[122.95761108398438,-5.216776126697312],[122.95718193054199,-5.217118027253036],[122.95692443847656,-5.217972777827299],[122.95726776123047,-5.218571102536401],[122.95769691467285,-5.218656577448257],[122.95855522155762,-5.218656577448257],[122.9593276977539,-5.2182292027725055],[122.96130180358887,-5.218314677730945],[122.96130180358887,-5.2190839518328715],[122.96078681945801,-5.219682275482128],[122.96027183532715,-5.219596800710036],[122.95855522155762,-5.220280598560592],[122.95846939086914,-5.2207079718385785],[122.95778274536133,-5.221049870251235],[122.95675277709961,-5.222417462037512],[122.95632362365723,-5.22404147340842],[122.95486450195312,-5.2226738851652925],[122.95409202575684,-5.222759359517909],[122.95374870300293,-5.22352862816696],[122.95143127441406,-5.223955999230668],[122.95117378234863,-5.22455431823019],[122.9505729675293,-5.2249816885943545],[122.94937133789062,-5.225409058667012],[122.94533729553223,-5.22455431823019],[122.94404983520508,-5.223785050840149],[122.94327735900879,-5.223785050840149],[122.94293403625488,-5.22404147340842],[122.94207572937012,-5.223699576627411],[122.93950080871582,-5.223955999230668],[122.93984413146973,-5.2234431539192485],[122.93967247009277,-5.222588410801009],[122.93761253356934,-5.221733666517281],[122.9366683959961,-5.221049870251235],[122.93641090393066,-5.219511325926291],[122.9355525970459,-5.218571102536401],[122.9344367980957,-5.2180582528206685],[122.93349266052246,-5.216605176349603],[122.93375015258789,-5.213271635263297],[122.93357849121094,-5.212416878287684],[122.9340934753418,-5.210963788759543],[122.93417930603027,-5.209767124271565],[122.93357849121094,-5.208484981219883],[122.93332099914551,-5.207031882599637],[122.93246269226074,-5.205920687270989],[122.93203353881836,-5.204724013182727],[122.93220520019531,-5.203869244582918],[122.9326343536377,-5.203099951850092],[122.93229103088379,-5.200279203783609],[122.93272018432617,-5.2003646811834585],[122.9329776763916,-5.199680861659601],[122.93349266052246,-5.199253474080024],[122.93357849121094,-5.198569653349324],[122.93289184570312,-5.1972020096604155],[122.93246269226074,-5.194723147906387],[122.9318618774414,-5.192928103997573],[122.93143272399902,-5.190791140299339],[122.93083190917969,-5.1897653951521505]]]}},{"type":"Feature","id":"pmtiles:10/861/526:park:119841653:2","properties":{"class":"nature_reserve","kind":"green","verification":"verified","source":"OpenMapTiles/OpenStreetMap national PMTiles","sourceId":"10/861/526:park:119841653:2","sourceLayer":"park","archive":"https://its.hanifahseptiani45.workers.dev/v1/map/archive/indonesia.pmtiles","updatedAt":"2026-07-26T09:44:22.700Z"},"geometry":{"type":"Polygon","coordinates":[[[122.92027473449707,-5.176088633939841],[122.92044639587402,-5.1763450759356004],[122.91993141174316,-5.177541803874249],[122.91993141174316,-5.178140166994254],[122.92061805725098,-5.180875534044603],[122.92044639587402,-5.181473894008732],[122.92001724243164,-5.181986773526958],[122.92027473449707,-5.1824996526288345],[122.92104721069336,-5.182414172807441],[122.92113304138184,-5.1827560920236095],[122.92156219482422,-5.183012531314304],[122.92250633239746,-5.182841571798761],[122.9234504699707,-5.18232869297448],[122.92405128479004,-5.181559373957327],[122.9245662689209,-5.181559373957327],[122.92551040649414,-5.183012531314304],[122.92679786682129,-5.183354450206608],[122.92688369750977,-5.183952807822735],[122.92671203613281,-5.184380205772868],[122.92688369750977,-5.1847221239247006],[122.92774200439453,-5.185064041891394],[122.93083190917969,-5.188226774304141],[122.93014526367188,-5.188568690372406],[122.92825698852539,-5.187030066606312],[122.92593955993652,-5.185747877269307],[122.92448043823242,-5.185576918494263],[122.92250633239746,-5.184465685328178],[122.92113304138184,-5.184123767037505],[122.91898727416992,-5.184038287435897],[122.91778564453125,-5.184465685328178],[122.91572570800781,-5.1824996526288345],[122.9153823852539,-5.1817303338198855],[122.91478157043457,-5.1817303338198855],[122.91426658630371,-5.181986773526958],[122.91409492492676,-5.181302934076797],[122.91366577148438,-5.181388414048541],[122.91349411010742,-5.181644853894397],[122.91254997253418,-5.181473894008732],[122.91263580322266,-5.1802771735139],[122.91418075561523,-5.179678812416654],[122.91624069213867,-5.180020733113025],[122.91735649108887,-5.179593332213656],[122.91735649108887,-5.1802771735139],[122.91787147521973,-5.1804481337233454],[122.91872978210449,-5.180106213258199],[122.91855812072754,-5.179080450752963],[122.91898727416992,-5.178225647393745],[122.91898727416992,-5.1777982452807265],[122.91933059692383,-5.177456323382316],[122.9194164276123,-5.17668699843486],[122.91993141174316,-5.176516037208344],[122.92027473449707,-5.176088633939841]]]}},{"type":"Feature","id":"pmtiles:10/861/526:park:119842303:0","properties":{"class":"nature_reserve","kind":"green","verification":"verified","source":"OpenMapTiles/OpenStreetMap national PMTiles","sourceId":"10/861/526:park:119842303:0","sourceLayer":"park","archive":"https://its.hanifahseptiani45.workers.dev/v1/map/archive/indonesia.pmtiles","updatedAt":"2026-07-26T09:44:22.700Z"},"geometry":{"type":"Polygon","coordinates":[[[123.00816535949707,-4.910359820532264],[123.00773620605469,-4.912497708998174],[123.00636291503906,-4.9161748611195435],[123.00507545471191,-4.917885157516409],[123.00541877746582,-4.919253391471159],[123.00481796264648,-4.922930506287813],[123.00387382507324,-4.92421321597746],[123.00284385681152,-4.925324895707234],[123.00189971923828,-4.92746273611678],[123.0018138885498,-4.927035168584936],[123.00232887268066,-4.925153868177475],[123.00421714782715,-4.923272562446925],[123.00464630126953,-4.922417421719345],[123.00464630126953,-4.921904336755162],[123.00344467163086,-4.921562279892555],[123.0032730102539,-4.921305737130197],[123.00421714782715,-4.918141701597108],[123.00353050231934,-4.916944495041648],[123.00353050231934,-4.916089346184421],[123.00395965576172,-4.914635590607759],[123.00524711608887,-4.912839770516527],[123.00559043884277,-4.912070131853412],[123.00559043884277,-4.910359820532264],[123.00816535949707,-4.910359820532264]]]}},{"type":"Feature","id":"pmtiles:10/861/526:park:119842303:1","properties":{"class":"nature_reserve","kind":"green","verification":"verified","source":"OpenMapTiles/OpenStreetMap national PMTiles","sourceId":"10/861/526:park:119842303:1","sourceLayer":"park","archive":"https://its.hanifahseptiani45.workers.dev/v1/map/archive/indonesia.pmtiles","updatedAt":"2026-07-26T09:44:22.700Z"},"geometry":{"type":"Polygon","coordinates":[[[123.00018310546875,-4.932935576221027],[123.00052642822266,-4.934560316943646],[123.00155639648438,-4.93532992958184],[123.00164222717285,-4.93558646692955],[123.00104141235352,-4.937040176692761],[122.99983978271484,-4.9382373470466945],[122.99400329589844,-4.940717193046737],[122.9922866821289,-4.941230263474679],[122.99057006835938,-4.941144751764284],[122.99031257629395,-4.940204122221601],[122.99074172973633,-4.940546169482488],[122.99151420593262,-4.940546169482488],[122.9930591583252,-4.939520027170374],[122.99400329589844,-4.9391779793800055],[122.99477577209473,-4.938664907363616],[122.99640655517578,-4.938664907363616],[122.99683570861816,-4.937809786454082],[122.99692153930664,-4.935843004178054],[123.00018310546875,-4.932935576221027]]]}},{"type":"Feature","id":"pmtiles:10/861/526:park:3548057302:0","properties":{"class":"nature_reserve","kind":"green","verification":"verified","source":"OpenMapTiles/OpenStreetMap national PMTiles","sourceId":"10/861/526:park:3548057302:0","sourceLayer":"park","archive":"https://its.hanifahseptiani45.workers.dev/v1/map/archive/indonesia.pmtiles","updatedAt":"2026-07-26T09:44:22.700Z"},"geometry":{"type":"Polygon","coordinates":[[[122.83289909362793,-4.920023021834936],[122.83427238464355,-4.9219898509433335],[122.83452987670898,-4.924469757618525],[122.83495903015137,-4.926351059961888],[122.83590316772461,-4.9272061956306885],[122.83616065979004,-4.927719276503851],[122.83633232116699,-4.929001976953572],[122.83581733703613,-4.93028467492681],[122.83616065979004,-4.932422499377154],[122.83487319946289,-4.93601402895527],[122.83564567565918,-4.936698127623302],[122.83633232116699,-4.937638762139855],[122.83641815185547,-4.939006955418662],[122.83513069152832,-4.940973728310354],[122.83281326293945,-4.943111518311852],[122.8322982788086,-4.944479700292575],[122.83135414123535,-4.944650722841445],[122.8300666809082,-4.944137655062349],[122.82912254333496,-4.942683960863334],[122.82732009887695,-4.941315775174061],[122.82723426818848,-4.940375145874114],[122.82766342163086,-4.939776562897308],[122.82766342163086,-4.939434515239313],[122.82697677612305,-4.93601402895527],[122.82663345336914,-4.9354154420420855],[122.82654762268066,-4.93379070341291],[122.82611846923828,-4.933106601747539],[122.8256893157959,-4.93302108898979],[122.82534599304199,-4.932422499377154],[122.8256893157959,-4.930797753422553],[122.82551765441895,-4.93037018803696],[122.8242301940918,-4.93054121422422],[122.82388687133789,-4.930199161805646],[122.82294273376465,-4.92780478994419],[122.8216552734375,-4.926864141495187],[122.82217025756836,-4.926180032696109],[122.82062530517578,-4.9245552714768905],[122.82079696655273,-4.923956674237445],[122.82371520996094,-4.92147676564943],[122.82912254333496,-4.920279565091761],[122.83032417297363,-4.920621622613737],[122.83212661743164,-4.920621622613737],[122.83204078674316,-4.918227216268704],[122.83212661743164,-4.912241162744223],[122.83195495605469,-4.910359820532264],[122.83315658569336,-4.910359820532264],[122.83255577087402,-4.912497708998174],[122.83246994018555,-4.913865954018334],[122.8326416015625,-4.915063166106634],[122.83238410949707,-4.915918316281221],[122.83272743225098,-4.916516920750269],[122.83289909362793,-4.920023021834936]]]}},{"type":"Feature","id":"pmtiles:10/861/526:park:3548063942:0","properties":{"class":"nature_reserve","kind":"green","verification":"verified","source":"OpenMapTiles/OpenStreetMap national PMTiles","sourceId":"10/861/526:park:3548063942:0","sourceLayer":"park","archive":"https://its.hanifahseptiani45.workers.dev/v1/map/archive/indonesia.pmtiles","updatedAt":"2026-07-26T09:44:22.700Z"},"geometry":{"type":"Polygon","coordinates":[[[122.85143852233887,-5.076495848796299],[122.85341262817383,-5.083933785032258],[122.85392761230469,-5.087182511843949],[122.85392761230469,-5.089490807772009],[122.85358428955078,-5.092995982046148],[122.85324096679688,-5.094705816221179],[122.8505802154541,-5.099920782352143],[122.84972190856934,-5.100861181573734],[122.84774780273438,-5.101801579417568],[122.8439712524414,-5.10240001369165],[122.84139633178711,-5.102229032527447],[122.83822059631348,-5.101545107415006],[122.83658981323242,-5.101630598093919],[122.83538818359375,-5.101887070062318],[122.8341007232666,-5.1029129569109415],[122.83358573913574,-5.1035968805654335],[122.83324241638184,-5.104537274399831],[122.83246994018555,-5.110008629354226],[122.83238410949707,-5.113257224255591],[122.83289909362793,-5.115394448755609],[122.83186912536621,-5.117104223217453],[122.83023834228516,-5.1183865510655835],[122.82877922058105,-5.118984969848341],[122.82766342163086,-5.118813993110393],[122.82620429992676,-5.119668876343056],[122.82534599304199,-5.121036687138215],[122.8256893157959,-5.1214641274116275],[122.82551765441895,-5.122062543314229],[122.82594680786133,-5.1224899829016834],[122.82654762268066,-5.122148031254596],[122.8274917602539,-5.122062543314229],[122.8268051147461,-5.123344861218982],[122.82706260681152,-5.124028763049438],[122.82611846923828,-5.124712664147907],[122.82543182373047,-5.124883639308123],[122.82354354858398,-5.124712664147907],[122.82191276550293,-5.125396564514261],[122.82096862792969,-5.126080464148416],[122.82105445861816,-5.126678875727592],[122.82071113586426,-5.12727728674605],[122.8201961517334,-5.127790210029815],[122.81993865966797,-5.12898702942276],[122.81916618347168,-5.1295854382778],[122.81830787658691,-5.1298418990439245],[122.81719207763672,-5.130782254304691],[122.8172779083252,-5.131466148169423],[122.81659126281738,-5.132406501036471],[122.81599044799805,-5.132833933699615],[122.81599044799805,-5.133603311771495],[122.8165054321289,-5.134201716296829],[122.81667709350586,-5.134885606495303],[122.816162109375,-5.136424356759761],[122.81667709350586,-5.137706645809274],[122.8172779083252,-5.137706645809274],[122.81796455383301,-5.138476018000503],[122.81744956970215,-5.138732475191134],[122.81564712524414,-5.138903446594213],[122.81367301940918,-5.138390532247357],[122.81152725219727,-5.139587331747677],[122.81023979187012,-5.140613158101189],[122.81023979187012,-5.1414680121336716],[122.8066349029541,-5.145143871393898],[122.80457496643066,-5.144972901666492],[122.80508995056152,-5.14591323459878],[122.80594825744629,-5.147110019957083],[122.80680656433105,-5.146853566141274],[122.80757904052734,-5.146939050758036],[122.80843734741211,-5.146511627559377],[122.80886650085449,-5.146939050758036],[122.8110122680664,-5.1453148410753755],[122.81135559082031,-5.144289022297485],[122.81135559082031,-5.142750291030538],[122.81187057495117,-5.14095509985188],[122.81281471252441,-5.139758302921322],[122.81384468078613,-5.139758302921322],[122.81453132629395,-5.1400147595957435],[122.81599044799805,-5.139587331747677],[122.81702041625977,-5.1399292740490665],[122.81950950622559,-5.139159903612793],[122.81950950622559,-5.1399292740490665],[122.82028198242188,-5.140356701667713],[122.82028198242188,-5.141126070658373],[122.81787872314453,-5.14283577619851],[122.81796455383301,-5.143434172052849],[122.81890869140625,-5.144545477146991],[122.81899452209473,-5.145571295511459],[122.81805038452148,-5.147110019957083],[122.81667709350586,-5.148819709419882],[122.81530380249023,-5.148734225055918],[122.81513214111328,-5.149247131067369],[122.81221389770508,-5.1512987509752435],[122.81238555908203,-5.151982622806287],[122.8080940246582,-5.151982622806287],[122.80500411987305,-5.151213266944623],[122.80294418334961,-5.151127782902506],[122.79839515686035,-5.149589068178486],[122.79410362243652,-5.1478793807841186],[122.79024124145508,-5.145229356240378],[122.7898120880127,-5.144032567344652],[122.78998374938965,-5.144032567344652],[122.79032707214355,-5.1435196571289765],[122.79135704040527,-5.143092231633517],[122.79324531555176,-5.142921261354985],[122.79230117797852,-5.142237379781676],[122.79290199279785,-5.140613158101189],[122.79341697692871,-5.1400147595957435],[122.79298782348633,-5.139330874901148],[122.79324531555176,-5.139159903612793],[122.79255867004395,-5.138305046482728],[122.79152870178223,-5.137963103309559],[122.79101371765137,-5.138476018000503],[122.79032707214355,-5.138048589120061],[122.78912544250488,-5.13599692650331],[122.78818130493164,-5.135398523662786],[122.78809547424316,-5.1344581752072145],[122.78406143188477,-5.132662960668725],[122.78380393981934,-5.131893581462634],[122.78517723083496,-5.128730568313159],[122.78715133666992,-5.126678875727592],[122.7883529663086,-5.124798151733728],[122.78998374938965,-5.124627176550618],[122.78929710388184,-5.1225754707848665],[122.79075622558594,-5.121378639379799],[122.78938293457031,-5.121293151336559],[122.78809547424316,-5.1180445972240705],[122.78749465942383,-5.117275200412394],[122.78749465942383,-5.11642031398091],[122.78809547424316,-5.1157364040134325],[122.78895378112793,-5.115821892799332],[122.7901554107666,-5.115223471058201],[122.78972625732422,-5.114283092906049],[122.78895378112793,-5.113770158786295],[122.79315948486328,-5.111974886131236],[122.79436111450195,-5.111974886131236],[122.79513359069824,-5.112658800117103],[122.79719352722168,-5.112487821689115],[122.79865264892578,-5.110179608443971],[122.79916763305664,-5.110008629354226],[122.79994010925293,-5.109239222885762],[122.80028343200684,-5.109666671037857],[122.80028343200684,-5.1106925454394485],[122.80011177062988,-5.111119992621937],[122.80131340026855,-5.112487821689115],[122.80268669128418,-5.111632928864452],[122.80354499816895,-5.111718418198265],[122.80388832092285,-5.111290971415087],[122.80448913574219,-5.112145864696174],[122.80560493469238,-5.112060375419418],[122.80603408813477,-5.111205482024218],[122.80603408813477,-5.1103505874880994],[122.80672073364258,-5.1106925454394485],[122.80826568603516,-5.112231353961533],[122.80869483947754,-5.111632928864452],[122.80869483947754,-5.1107780348987575],[122.80817985534668,-5.110265097971734],[122.80783653259277,-5.108982753857646],[122.80835151672363,-5.1064180579321885],[122.80895233154297,-5.1064180579321885],[122.80938148498535,-5.10701648789923],[122.81049728393555,-5.106674527986456],[122.81135559082031,-5.1091537332211345],[122.81247138977051,-5.108897264158799],[122.81298637390137,-5.109324712538992],[122.81556129455566,-5.109324712538992],[122.81547546386719,-5.108469815493493],[122.81496047973633,-5.107700407177589],[122.81384468078613,-5.1068455079656445],[122.81238555908203,-5.106589037979759],[122.81255722045898,-5.105734137285907],[122.81118392944336,-5.104537274399831],[122.81058311462402,-5.103169428366826],[122.8095531463623,-5.1029129569109415],[122.80869483947754,-5.101630598093919],[122.8080940246582,-5.101288635309942],[122.80757904052734,-5.101630598093919],[122.80637741088867,-5.101288635309942],[122.80603408813477,-5.099835291445515],[122.80740737915039,-5.098296453179543],[122.80672073364258,-5.09701408514114],[122.80817985534668,-5.096159171693273],[122.80886650085449,-5.096757611226238],[122.81023979187012,-5.096672119898514],[122.81058311462402,-5.096073680285912],[122.81315803527832,-5.094534833008353],[122.8135871887207,-5.0930814738629095],[122.81444549560547,-5.0917136034304065],[122.81538963317871,-5.0909441750333855],[122.81744956970215,-5.091884587393608],[122.82071113586426,-5.0917136034304065],[122.82114028930664,-5.090602206561442],[122.82156944274902,-5.090260237907685],[122.8219985961914,-5.0909441750333855],[122.82448768615723,-5.090858682932449],[122.82474517822266,-5.089405315477904],[122.82560348510742,-5.088635884319714],[122.82483100891113,-5.0882084221675825],[122.82483100891113,-5.087353497011463],[122.82397270202637,-5.08666955606887],[122.82706260681152,-5.086156599885015],[122.82689094543457,-5.08461772888117],[122.82637596130371,-5.083933785032258],[122.8242301940918,-5.083677305901659],[122.82320022583008,-5.082993361054079],[122.82174110412598,-5.081454482491978],[122.82191276550293,-5.080770535284586],[122.82148361206055,-5.079744613112496],[122.82139778137207,-5.077949245382285],[122.82174110412598,-5.077094306610732],[122.82285690307617,-5.075726402218905],[122.8216552734375,-5.074273000624302],[122.81985282897949,-5.074871460500944],[122.81830787658691,-5.073760034573951],[122.81702041625977,-5.0732470681158475],[122.81805038452148,-5.07179366093726],[122.82234191894531,-5.071708166295423],[122.8242301940918,-5.0739310233027055],[122.82491683959961,-5.07444398921713],[122.82594680786133,-5.074785966266845],[122.8271484375,-5.075726402218905],[122.82920837402344,-5.074956954723731],[122.8297233581543,-5.075042448935179],[122.83041000366211,-5.076923318720418],[122.83178329467773,-5.076581342803777],[122.83178329467773,-5.075982884513351],[122.83358573913574,-5.076410354777465],[122.83358573913574,-5.075897390426547],[122.83461570739746,-5.07529893150155],[122.8355598449707,-5.07529893150155],[122.83598899841309,-5.076495848796299],[122.83719062805176,-5.076410354777465],[122.83804893493652,-5.075640908098109],[122.83822059631348,-5.074016517650094],[122.83864974975586,-5.072990584733901],[122.8395938873291,-5.072135639391334],[122.84002304077148,-5.070853219254488],[122.83856391906738,-5.069228816758169],[122.83890724182129,-5.06854485659008],[122.84276962280273,-5.0671769340815445],[122.84371376037598,-5.067091438828584],[122.84319877624512,-5.062902157581064],[122.84294128417969,-5.062389182501732],[122.8432846069336,-5.062474678376532],[122.8436279296875,-5.062902157581064],[122.84414291381836,-5.063158644968155],[122.84457206726074,-5.063842610836403],[122.84517288208008,-5.064099097850459],[122.8480052947998,-5.067604410176571],[122.85032272338867,-5.072306628550436],[122.85143852233887,-5.076495848796299]]]}},{"type":"Feature","id":"pmtiles:10/861/526:park:3548063992:0","properties":{"class":"nature_reserve","kind":"green","verification":"verified","source":"OpenMapTiles/OpenStreetMap national PMTiles","sourceId":"10/861/526:park:3548063992:0","sourceLayer":"park","archive":"https://its.hanifahseptiani45.workers.dev/v1/map/archive/indonesia.pmtiles","updatedAt":"2026-07-26T09:44:22.701Z"},"geometry":{"type":"Polygon","coordinates":[[[122.79693603515625,-5.076068378588843],[122.79556274414062,-5.0762393667058205],[122.79264450073242,-5.077436282255377],[122.79058456420898,-5.077778257718663],[122.78929710388184,-5.07863319558335],[122.7886962890625,-5.078889676721687],[122.78715133666992,-5.0806850418326235],[122.78586387634277,-5.081112508979018],[122.78509140014648,-5.081881949127947],[122.78509140014648,-5.082394908716722],[122.78131484985352,-5.087609974677548],[122.77831077575684,-5.090431222257294],[122.77779579162598,-5.090602206561442],[122.77728080749512,-5.092312047102709],[122.77530670166016,-5.095475240115874],[122.77410507202148,-5.096843102542579],[122.77092933654785,-5.099578818657292],[122.76758193969727,-5.104537274399831],[122.76715278625488,-5.104879235452344],[122.7667236328125,-5.104879235452344],[122.7663803100586,-5.105221196322518],[122.76620864868164,-5.105050215910225],[122.76655197143555,-5.104366293805228],[122.76663780212402,-5.103425899720165],[122.76852607727051,-5.10060470919538],[122.76947021484375,-5.099493327705119],[122.76878356933594,-5.0982109620566405],[122.76886940002441,-5.0978689974512434],[122.7692985534668,-5.097270558953653],[122.77007102966309,-5.095218765586665],[122.77041435241699,-5.0928249983784895],[122.77170181274414,-5.090858682932449],[122.77144432067871,-5.09034573008816],[122.76998519897461,-5.089576300054759],[122.76912689208984,-5.088806869101063],[122.76878356933594,-5.088293914620735],[122.76886940002441,-5.087695467210196],[122.7711009979248,-5.085729136086229],[122.77238845825195,-5.083249840457029],[122.77281761169434,-5.082907867897077],[122.7751350402832,-5.082565895155554],[122.77616500854492,-5.081967442421103],[122.77779579162598,-5.080086587351303],[122.77934074401855,-5.0792316514140765],[122.7817440032959,-5.075726402218905],[122.78457641601562,-5.074700472021405],[122.78637886047363,-5.072306628550436],[122.78886795043945,-5.071537176977799],[122.78972625732422,-5.070767724488121],[122.79049873352051,-5.069057826784032],[122.7945327758789,-5.064697567154241],[122.79582023620605,-5.062902157581064],[122.79796600341797,-5.057943381442527],[122.79925346374512,-5.055805966217349],[122.8022575378418,-5.052557081565681],[122.80277252197266,-5.052300589978287],[122.80363082885742,-5.052300589978287],[122.8062915802002,-5.053412052790421],[122.80740737915039,-5.054352519834637],[122.80792236328125,-5.055634972694548],[122.80783653259277,-5.060508270396923],[122.80646324157715,-5.063671619437159],[122.80457496643066,-5.066749457703693],[122.80182838439941,-5.072306628550436],[122.80019760131836,-5.073845528943991],[122.79693603515625,-5.076068378588843]]]}},{"type":"Feature","id":"pmtiles:10/861/526:park:10986406912:0","properties":{"name":"Cagar Alam Kakenauwe","name_int":"Kakenauwe Nature Reserve","class":"protected_area","name:latin":"Cagar Alam Kakenauwe","name_de":"Cagar Alam Kakenauwe","name_en":"Kakenauwe Nature Reserve","kind":"green","verification":"verified","source":"OpenMapTiles/OpenStreetMap national PMTiles","sourceId":"10/861/526:park:10986406912:0","sourceLayer":"park","archive":"https://its.hanifahseptiani45.workers.dev/v1/map/archive/indonesia.pmtiles","updatedAt":"2026-07-26T09:44:22.701Z"},"geometry":{"type":"Polygon","coordinates":[[[122.93907165527344,-5.143605142193621],[122.94001579284668,-5.143947082337405],[122.94070243835449,-5.144545477146991],[122.9421615600586,-5.144972901666492],[122.94482231140137,-5.144716446989236],[122.94490814208984,-5.145229356240378],[122.94456481933594,-5.146255173502325],[122.94336318969727,-5.147366473669507],[122.94224739074707,-5.151726170955882],[122.94018745422363,-5.154889069876546],[122.93924331665039,-5.156940671565664],[122.9384708404541,-5.1576245373222065],[122.93701171875,-5.1584793684817924],[122.93538093566895,-5.16010354451285],[122.93340682983398,-5.1633518841005355],[122.93289184570312,-5.163779295965526],[122.93143272399902,-5.163864778303946],[122.93100357055664,-5.164463154350187],[122.92791366577148,-5.16608731505697],[122.9271411895752,-5.16608731505697],[122.9219913482666,-5.168053398764258],[122.92001724243164,-5.168395325742708],[122.91958808898926,-5.16925014238133],[122.91984558105469,-5.170788809423314],[122.91821479797363,-5.172754878535315],[122.91666984558105,-5.17378065129985],[122.91563987731934,-5.172754878535315],[122.91478157043457,-5.1724984350843926],[122.91340827941895,-5.172669397396547],[122.91323661804199,-5.172156510321557],[122.9124641418457,-5.171558141542164],[122.91177749633789,-5.17147266024179],[122.90963172912598,-5.172156510321557],[122.9080867767334,-5.173695170299638],[122.9055118560791,-5.175062864917123],[122.904052734375,-5.1763450759356004],[122.90379524230957,-5.177028920749265],[122.90448188781738,-5.177627284354628],[122.90534019470215,-5.178054686583209],[122.90671348571777,-5.177969206160611],[122.90800094604492,-5.176857959615177],[122.90894508361816,-5.179336891535328],[122.9084300994873,-5.17993525295627],[122.90765762329102,-5.1801916933918335],[122.90671348571777,-5.181388414048541],[122.90534019470215,-5.181473894008732],[122.90534019470215,-5.180790054003467],[122.90482521057129,-5.180533613810709],[122.90448188781738,-5.181644853894397],[122.9037094116211,-5.18207225340619],[122.90319442749023,-5.181986773526958],[122.90285110473633,-5.180790054003467],[122.90096282958984,-5.181217454093485],[122.89916038513184,-5.18207225340619],[122.89847373962402,-5.1836108892543535],[122.89804458618164,-5.183781848561679],[122.89804458618164,-5.185149521354148],[122.89778709411621,-5.186089794680498],[122.89607048034668,-5.189679916314589],[122.89538383483887,-5.190449225435614],[122.89461135864258,-5.1903637466907355],[122.89323806762695,-5.191560448064976],[122.8919506072998,-5.19309906078054],[122.89066314697266,-5.193953843999978],[122.8901481628418,-5.193782887448819],[122.88954734802246,-5.194124800504767],[122.88825988769531,-5.195492450873687],[122.88740158081055,-5.194381235175015],[122.88740158081055,-5.193782887448819],[122.88817405700684,-5.192842625588682],[122.88860321044922,-5.191560448064976],[122.88911819458008,-5.190791140299339],[122.88911819458008,-5.188312253338566],[122.88954734802246,-5.186944587398202],[122.88928985595703,-5.183525409583339],[122.88963317871094,-5.182670612236919],[122.88971900939941,-5.181644853894397],[122.89031982421875,-5.181388414048541],[122.89117813110352,-5.1802771735139],[122.89117813110352,-5.179593332213656],[122.89315223693848,-5.178054686583209],[122.89383888244629,-5.177028920749265],[122.89478302001953,-5.1763450759356004],[122.89624214172363,-5.175832191840115],[122.89692878723145,-5.174549979782043],[122.89795875549316,-5.17412257518518],[122.89778709411621,-5.173438727229751],[122.89795875549316,-5.1730113218823135],[122.89847373962402,-5.172241991529589],[122.89916038513184,-5.171643622830999],[122.89984703063965,-5.170275920824736],[122.90087699890137,-5.1690791791459105],[122.90173530578613,-5.169164660769397],[122.90319442749023,-5.168138880526172],[122.90473937988281,-5.167540507950534],[122.90637016296387,-5.1663437611038745],[122.90705680847168,-5.16617279708413],[122.90834426879883,-5.166258279099765],[122.90834426879883,-5.165403458424535],[122.90911674499512,-5.164292189823186],[122.9098892211914,-5.163864778303946],[122.91220664978027,-5.162924471947434],[122.91272163391113,-5.163522848881101],[122.91400909423828,-5.163522848881101],[122.9139232635498,-5.162668024517274],[122.91435241699219,-5.161984164196568],[122.9153823852539,-5.161300303138489],[122.91632652282715,-5.161300303138489],[122.91709899902344,-5.16078740686109],[122.91778564453125,-5.160189027346689],[122.9179573059082,-5.158992266624907],[122.91855812072754,-5.15865033457554],[122.91924476623535,-5.158735817605148],[122.92104721069336,-5.157880986790957],[122.92130470275879,-5.156940671565664],[122.92207717895508,-5.1564277717648395],[122.92319297790527,-5.156342288424412],[122.92353630065918,-5.155487454387256],[122.92439460754395,-5.155231003951698],[122.92387962341309,-5.154803586328995],[122.92387962341309,-5.154376168418651],[122.92516708374023,-5.153350364260405],[122.926025390625,-5.151897138867639],[122.92654037475586,-5.151982622806287],[122.92688369750977,-5.1527519777365],[122.92731285095215,-5.152495526196603],[122.9274845123291,-5.153435848003525],[122.92799949645996,-5.1537777828609705],[122.92980194091797,-5.153093912962021],[122.93014526367188,-5.15215359064905],[122.9315185546875,-5.152581010054732],[122.9315185546875,-5.15215359064905],[122.93100357055664,-5.151897138867639],[122.93074607849121,-5.1514697190019945],[122.93066024780273,-5.150871330707162],[122.93126106262207,-5.150358426006079],[122.93229103088379,-5.150187457680403],[122.9329776763916,-5.149418099645914],[122.93306350708008,-5.148221318630732],[122.93237686157227,-5.147622927278519],[122.93220520019531,-5.1470245353633],[122.93332099914551,-5.145827749844173],[122.93366432189941,-5.145058386535936],[122.9344367980957,-5.1446309620738475],[122.93503761291504,-5.143947082337405],[122.93641090393066,-5.144203537324685],[122.9381275177002,-5.14334868696524],[122.93907165527344,-5.143605142193621]]]}},{"type":"Feature","id":"pmtiles:10/861/526:transportation:10320802052:0","properties":{"class":"ferry","highway":"ferry","kind":"road","verification":"verified","source":"OpenMapTiles/OpenStreetMap national PMTiles","sourceId":"10/861/526:transportation:10320802052:0","sourceLayer":"transportation","archive":"https://its.hanifahseptiani45.workers.dev/v1/map/archive/indonesia.pmtiles","updatedAt":"2026-07-26T09:44:22.701Z"},"geometry":{"type":"LineString","coordinates":[[122.6898193359375,-5.184123767037505],[122.72921562194824,-5.036996408385477],[122.78517723083496,-4.948498718512113],[122.7806282043457,-4.910359820532264]]}},{"type":"Feature","id":"pmtiles:10/861/526:transportation:1499895690:0","properties":{"class":"primary","highway":"primary","kind":"road","verification":"verified","source":"OpenMapTiles/OpenStreetMap national PMTiles","sourceId":"10/861/526:transportation:1499895690:0","sourceLayer":"transportation","archive":"https://its.hanifahseptiani45.workers.dev/v1/map/archive/indonesia.pmtiles","updatedAt":"2026-07-26T09:44:22.701Z"},"geometry":{"type":"LineString","coordinates":[[122.90705680847168,-5.186859108178538],[122.91031837463379,-5.184380205772868],[122.91023254394531,-5.183012531314304],[122.91152000427246,-5.1824996526288345],[122.91177749633789,-5.181644853894397],[122.9124641418457,-5.180875534044603],[122.91272163391113,-5.17993525295627],[122.9139232635498,-5.178140166994254],[122.91452407836914,-5.177712764823468],[122.91529655456543,-5.17668699843486],[122.91598320007324,-5.176430556577742],[122.9161548614502,-5.175319307328735],[122.9164981842041,-5.175062864917123],[122.91838645935059,-5.175062864917123],[122.91958808898926,-5.174037094231181],[122.9201889038086,-5.172925840778191],[122.92834281921387,-5.1688227342062305],[122.93349266052246,-5.168309844015397],[122.93752670288086,-5.166001833018257],[122.94241905212402,-5.161300303138489],[122.94327735900879,-5.158992266624907],[122.94525146484375,-5.15574390471923],[122.94671058654785,-5.152666493901364],[122.94748306274414,-5.150614878408348],[122.94928550720215,-5.144032567344652],[122.95211791992188,-5.140869614431423],[122.95220375061035,-5.140613158101189],[122.95168876647949,-5.139330874901148],[122.95374870300293,-5.136424356759761],[122.95366287231445,-5.135740468211864],[122.9531478881836,-5.1350565789303175],[122.9534912109375,-5.1335178253648905],[122.95323371887207,-5.130525793916448],[122.95374870300293,-5.126849850361523],[122.95443534851074,-5.12419973839269],[122.95366287231445,-5.121806079424559],[122.9538345336914,-5.12112217521576],[122.95512199401855,-5.118899481485073],[122.95546531677246,-5.1176171546651545],[122.95743942260742,-5.114967004426433],[122.95924186706543,-5.114539559811817],[122.95992851257324,-5.113941136871873],[122.96121597290039,-5.113342713372575],[122.96198844909668,-5.1125733109088145],[122.96353340148926,-5.1124023324579895],[122.96585083007812,-5.110607055968714],[122.96688079833984,-5.110607055968714],[122.9673957824707,-5.109495691811247],[122.96902656555176,-5.108982753857646],[122.96954154968262,-5.107956876718845],[122.96971321105957,-5.106589037979759],[122.97022819519043,-5.105306686511582],[122.96979904174805,-5.09701408514114],[122.96936988830566,-5.094962290955095],[122.96833992004395,-5.093166965668303],[122.9673957824707,-5.090174745715828],[122.96765327453613,-5.089490807772009],[122.96902656555176,-5.088464899492934],[122.97091484069824,-5.083164347334076],[122.9714298248291,-5.07863319558335],[122.97117233276367,-5.069314311728249],[122.97134399414062,-5.064697567154241],[122.9743480682373,-5.055976959695002],[122.97409057617188,-5.0553784823257075],[122.97280311584473,-5.053839537979769],[122.97125816345215,-5.0498211660674315],[122.9688549041748,-5.048367706263122],[122.96765327453613,-5.046999741118924],[122.96610832214355,-5.046059263409049],[122.96602249145508,-5.045375278763856],[122.96653747558594,-5.0428103299248335],[122.96542167663574,-5.041271355757559],[122.96550750732422,-5.040159872146646],[122.96525001525879,-5.039390382378912],[122.96550750732422,-5.0383643946044145],[122.96473503112793,-5.035286421563612],[122.96327590942383,-5.034687925113559],[122.96198844909668,-5.033661929917827],[122.96147346496582,-5.032892432459008],[122.96035766601562,-5.032037434215127],[122.95992851257324,-5.030925934818555],[122.95915603637695,-5.030070933991041],[122.95838356018066,-5.029814433523796],[122.9564094543457,-5.0299854338465195],[122.95426368713379,-5.0281044278262925],[122.95323371887207,-5.026736420035235],[122.9523754119873,-5.026907421166257],[122.95168876647949,-5.025710412306495],[122.95065879821777,-5.022204873710976],[122.9505729675293,-5.018784817892268],[122.95117378234863,-5.01536474414543],[122.95417785644531,-5.013312691296861],[122.95452117919922,-5.0128851794751625],[122.95400619506836,-5.008610045873041],[122.95503616333008,-5.005531932367504],[122.95486450195312,-5.001513262382701],[122.95572280883789,-4.999375661913788],[122.95555114746094,-4.997922089609844],[122.9509162902832,-4.991851252784571],[122.94705390930176,-4.989115082604073],[122.94593811035156,-4.9880035102095945],[122.94482231140137,-4.984839793863387],[122.94447898864746,-4.983215176844894],[122.94473648071289,-4.981334036331845],[122.94344902038574,-4.978939849711708],[122.94293403625488,-4.9774862321541065],[122.94156074523926,-4.975263046147816],[122.94113159179688,-4.973552897955784],[122.94156074523926,-4.9722702838965915],[122.94147491455078,-4.971757237573442],[122.93889999389648,-4.968080393898234],[122.93855667114258,-4.966370227059798],[122.93761253356934,-4.96440352971203],[122.93658256530762,-4.963719459694715],[122.93623924255371,-4.962351317532125],[122.93684005737305,-4.962436826500394],[122.93752670288086,-4.962094790560812],[122.93881416320801,-4.9620092815482195],[122.9399299621582,-4.961496227240005],[122.94044494628906,-4.960812154208668],[122.94035911560059,-4.959529515364181],[122.94164657592773,-4.958417893016801],[122.9425048828125,-4.956536681705018],[122.94319152832031,-4.956451171972645],[122.94379234313965,-4.955852603536144],[122.9468822479248,-4.955339544444726],[122.94851303100586,-4.955596074040244],[122.94928550720215,-4.955339544444726],[122.95177459716797,-4.953714854694198],[122.95263290405273,-4.9528597532215315],[122.9531478881836,-4.951662609301863],[122.95469284057617,-4.9518336299945105],[122.95563697814941,-4.951320567783895],[122.96765327453613,-4.952175671247119],[122.96859741210938,-4.9510640365293455],[122.97005653381348,-4.950294442168669],[122.97168731689453,-4.949952399943186],[122.97314643859863,-4.949268314961714],[122.9743480682373,-4.949097293605817],[122.97589302062988,-4.948498718512113],[122.97675132751465,-4.947387077615957],[122.9783821105957,-4.9463609459008495],[122.97881126403809,-4.945591346070756],[122.97932624816895,-4.9436245868857895],[122.98052787780762,-4.942427426261801],[122.98215866088867,-4.941230263474679],[122.98473358154297,-4.940460657683829],[122.98662185668945,-4.940460657683829],[122.98687934875488,-4.940118610378818],[122.98696517944336,-4.9387504193939264],[122.98730850219727,-4.938493883269942],[122.98859596252441,-4.9379808107241985],[122.99057006835938,-4.9379808107241985],[122.99074172973633,-4.938322859132128],[122.99031257629395,-4.939434515239313],[122.9904842376709,-4.940033098524992],[122.99211502075195,-4.939776562897308],[122.9922866821289,-4.938322859132128],[122.99331665039062,-4.935757491772904],[122.99400329589844,-4.934645829503069],[122.99589157104492,-4.927548249590146],[122.99503326416016,-4.925239381947847],[122.99494743347168,-4.924384243749174],[122.99185752868652,-4.918141701597108],[122.99134254455566,-4.914036984448359],[122.99220085144043,-4.912155647304303],[122.99245834350586,-4.910359820532264]]}},{"type":"Feature","id":"pmtiles:10/861/526:transportation:1499895690:1","properties":{"class":"primary","highway":"primary","kind":"road","verification":"verified","source":"OpenMapTiles/OpenStreetMap national PMTiles","sourceId":"10/861/526:transportation:1499895690:1","sourceLayer":"transportation","archive":"https://its.hanifahseptiani45.workers.dev/v1/map/archive/indonesia.pmtiles","updatedAt":"2026-07-26T09:44:22.701Z"},"geometry":{"type":"LineString","coordinates":[[123.0523681640625,-5.158051953045899],[123.05065155029297,-5.1576245373222065],[123.0494499206543,-5.1564277717648395],[123.04738998413086,-5.155572937842749],[123.0439567565918,-5.1527519777365],[123.03983688354492,-5.151555202998125],[123.03640365600586,-5.150101973500327],[123.03434371948242,-5.148905193772364],[123.03133964538574,-5.146426142885176],[123.03013801574707,-5.14599871934189],[123.02584648132324,-5.14591323459878],[123.02215576171875,-5.145485810710909],[123.02112579345703,-5.145742265078098],[123.01777839660645,-5.147366473669507],[123.01331520080566,-5.153606815455262],[123.01022529602051,-5.155658421286731],[123.00859451293945,-5.1560003549476505],[123.00387382507324,-5.160445475779113],[123.00421714782715,-5.161300303138489],[123.00413131713867,-5.162069646776985],[123.00155639648438,-5.164292189823186],[123.00061225891113,-5.165916350968033],[122.99571990966797,-5.170617846603278],[122.99254417419434,-5.174037094231181],[122.99142837524414,-5.176772479030802],[122.99031257629395,-5.17848208852287],[122.99022674560547,-5.179336891535328],[122.9893684387207,-5.181302934076797],[122.98542022705078,-5.185320480244911],[122.98361778259277,-5.185918835998052],[122.98181533813477,-5.188739648337048],[122.9794979095459,-5.19309906078054],[122.97924041748047,-5.19574888498741],[122.97881126403809,-5.196860098274186],[122.97718048095703,-5.198911563807499],[122.97718048095703,-5.199680861659601],[122.97640800476074,-5.202245181043821],[122.97623634338379,-5.20720283555282],[122.97280311584473,-5.210792836829384],[122.97048568725586,-5.214810194887363],[122.969970703125,-5.2178873028222625],[122.96791076660156,-5.220964395665547],[122.96765327453613,-5.222075564370613],[122.96585083007812,-5.224639792326343],[122.96507835388184,-5.225238110672933],[122.96439170837402,-5.226520219491491],[122.9619026184082,-5.227204009788366],[122.96104431152344,-5.227716852021075],[122.9586410522461,-5.226691167135698],[122.95726776123047,-5.226776640940301],[122.95632362365723,-5.227204009788366],[122.95477867126465,-5.226520219491491],[122.95289039611816,-5.226776640940301],[122.94842720031738,-5.22831516742842],[122.94516563415527,-5.227545904656836],[122.94327735900879,-5.227631378344796],[122.94121742248535,-5.226349271800629],[122.94053077697754,-5.227033062284136],[122.94027328491211,-5.22694758851452],[122.93744087219238,-5.2242124217289785],[122.93692588806152,-5.223272205388852],[122.93503761291504,-5.222588410801009],[122.9326343536377,-5.218143727802399],[122.93220520019531,-5.216092325027049],[122.93237686157227,-5.207459264895434],[122.93220520019531,-5.206604500013327],[122.93160438537598,-5.205578780620968],[122.93177604675293,-5.204467582724746],[122.9311752319336,-5.20130493181594],[122.93194770812988,-5.19882608621036],[122.93169021606445,-5.196945576138148],[122.92988777160645,-5.192073319387333],[122.92868614196777,-5.191560448064976],[122.9274845123291,-5.190534704168925],[122.92533874511719,-5.189338000848537],[122.92336463928223,-5.189252521953065],[122.92259216308594,-5.187970337131361],[122.92173385620117,-5.187713899854373],[122.91787147521973,-5.187799378958275],[122.91606903076172,-5.1880558162005315],[122.9139232635498,-5.189423479732412],[122.91229248046875,-5.1897653951521505],[122.90885925292969,-5.189594437465459],[122.90851593017578,-5.187970337131361],[122.90765762329102,-5.187628420738889],[122.90705680847168,-5.186859108178538],[122.90559768676758,-5.186004315345059],[122.90559768676758,-5.184978562417086],[122.90534019470215,-5.1847221239247006],[122.90413856506348,-5.184294726205991],[122.90336608886719,-5.1847221239247006],[122.9029369354248,-5.184294726205991],[122.90233612060547,-5.184465685328178],[122.90199279785156,-5.1847221239247006],[122.90199279785156,-5.1852350008053065],[122.90164947509766,-5.18549143908939],[122.90156364440918,-5.186004315345059],[122.90122032165527,-5.186175274004356],[122.90079116821289,-5.18549143908939],[122.90027618408203,-5.185405959672934],[122.89984703063965,-5.183867328197991],[122.89907455444336,-5.184038287435897],[122.89804458618164,-5.185576918494263],[122.89770126342773,-5.187030066606312],[122.89658546447754,-5.18882512730201],[122.89641380310059,-5.189508958604719],[122.89529800415039,-5.190449225435614],[122.8941822052002,-5.190534704168925],[122.89186477661133,-5.193355495868076],[122.89057731628418,-5.1940393222581775],[122.88997650146484,-5.193953843999978],[122.88825988769531,-5.1955779289232],[122.88765907287598,-5.194979582333161],[122.88740158081055,-5.193953843999978],[122.88748741149902,-5.1932700175171504],[122.88808822631836,-5.192500711837312],[122.88577079772949,-5.188739648337048],[122.88225173950195,-5.188141295258134],[122.88147926330566,-5.187713899854373],[122.88027763366699,-5.188739648337048],[122.88019180297852,-5.187884858050609],[122.87924766540527,-5.187628420738889],[122.8769302368164,-5.188312253338566],[122.87504196166992,-5.188226774304141],[122.87426948547363,-5.18882512730201],[122.8725528717041,-5.188397732361437],[122.86894798278809,-5.188141295258134]]}},{"type":"Feature","id":"pmtiles:10/861/526:transportation:1697180390:1","properties":{"class":"trunk","highway":"trunk","kind":"road","verification":"verified","source":"OpenMapTiles/OpenStreetMap national PMTiles","sourceId":"10/861/526:transportation:1697180390:1","sourceLayer":"transportation","archive":"https://its.hanifahseptiani45.workers.dev/v1/map/archive/indonesia.pmtiles","updatedAt":"2026-07-26T09:44:22.701Z"},"geometry":{"type":"LineString","coordinates":[[122.7106761932373,-5.271477837928359],[122.71101951599121,-5.270623160615173],[122.71170616149902,-5.270024885796147],[122.7129077911377,-5.267888185310412],[122.71359443664551,-5.267204439603162],[122.71368026733398,-5.264811323704635],[122.71702766418457,-5.26549507204426],[122.71960258483887,-5.264554917883416],[122.72329330444336,-5.264896792288212],[122.72509574890137,-5.2634438247698085],[122.72672653198242,-5.26335835598654],[122.72844314575195,-5.261734446873049],[122.73196220397949,-5.261050694399216],[122.73539543151855,-5.259341309927635],[122.73797035217285,-5.259170371222254],[122.74672508239746,-5.256691754719725],[122.7473258972168,-5.256862694105635],[122.74835586547852,-5.256435345552887],[122.75256156921387,-5.256264406049667],[122.75436401367188,-5.25566611741894],[122.75590896606445,-5.2555806475676405],[122.75891304016113,-5.255922526902481],[122.76097297668457,-5.25660628500917],[122.76354789733887,-5.256435345552887],[122.76509284973145,-5.255922526902481],[122.76612281799316,-5.255837057086367],[122.76801109313965,-5.255067828213555],[122.76878356933594,-5.255067828213555],[122.76989936828613,-5.254384068418062],[122.77024269104004,-5.254640478429323],[122.77007102966309,-5.2555806475676405],[122.77135848999023,-5.255153298135227],[122.77170181274414,-5.254555008437293],[122.77230262756348,-5.255153298135227],[122.77316093444824,-5.25532423794337],[122.77316093444824,-5.254469538433554],[122.7725601196289,-5.254127658301286],[122.77273178100586,-5.253272957149932],[122.77359008789062,-5.25387124807898],[122.77401924133301,-5.254469538433554],[122.77539253234863,-5.255153298135227],[122.77410507202148,-5.2525891953848145],[122.77539253234863,-5.25105072867062],[122.7777099609375,-5.249512258159825],[122.7780532836914,-5.248828492269965],[122.78122901916504,-5.246093421215193],[122.78217315673828,-5.2457515364903315],[122.78303146362305,-5.246435305752769],[122.7835464477539,-5.246520776857878],[122.78457641601562,-5.246349834635922],[122.7846622467041,-5.245495122823755],[122.78552055358887,-5.245409651578143],[122.78689384460449,-5.24720454527737],[122.78800964355469,-5.246948132207876],[122.78895378112793,-5.2474609582414615],[122.78946876525879,-5.247119074265896],[122.78921127319336,-5.246435305752769],[122.7898120880127,-5.245666065279835],[122.7883529663086,-5.2457515364903315],[122.78818130493164,-5.245495122823755],[122.7890396118164,-5.245324180320836],[122.78921127319336,-5.244640409840997],[122.7901554107666,-5.243529281213711],[122.7916145324707,-5.243614752716795],[122.79221534729004,-5.244298524320172],[122.79324531555176,-5.244213052910709],[122.79333114624023,-5.2449822951745375],[122.79427528381348,-5.244469467103983],[122.79470443725586,-5.2445549384783305],[122.79436111450195,-5.242845508767829],[122.79470443725586,-5.241734376946297],[122.79513359069824,-5.241477961629812],[122.7956485748291,-5.241990792157509],[122.79590606689453,-5.241819848695059],[122.79504776000977,-5.240110411497383],[122.79607772827148,-5.239768523496508],[122.7967643737793,-5.23993946752033],[122.79736518859863,-5.23959757942589],[122.79762268066406,-5.238742858371353],[122.7985668182373,-5.237973608422706],[122.79873847961426,-5.236606050620679],[122.79925346374512,-5.236349633199751],[122.79951095581055,-5.235238489827054],[122.80028343200684,-5.235238489827054],[122.80071258544922,-5.234982071845252],[122.80097007751465,-5.2336999803592335],[122.80208587646484,-5.23216146710719],[122.80208587646484,-5.231221262701851],[122.80457496643066,-5.228742535226488],[122.80586242675781,-5.226092850176869],[122.80637741088867,-5.225921902369393],[122.80680656433105,-5.2264347456519005],[122.80706405639648,-5.226092850176869],[122.80826568603516,-5.22404147340842],[122.80835151672363,-5.222759359517909],[122.81006813049316,-5.222417462037512],[122.81058311462402,-5.221819140998093],[122.81298637390137,-5.2212208193876535],[122.81375885009766,-5.220195123870056],[122.81375885009766,-5.2190839518328715],[122.81556129455566,-5.2190839518328715],[122.82285690307617,-5.217630877737321],[122.82354354858398,-5.216434225955311],[122.82448768615723,-5.21318615961809],[122.82620429992676,-5.210621884852699],[122.83041000366211,-5.206775453082699],[122.83109664916992,-5.204980443536172],[122.83487319946289,-5.203869244582918],[122.83538818359375,-5.203441859847487],[122.83676147460938,-5.2035273368178],[122.84208297729492,-5.20258708950567],[122.84199714660645,-5.202416135297966],[122.83727645874023,-5.202501612407616],[122.83710479736328,-5.202159703899341],[122.83907890319824,-5.201219454543761],[122.83882141113281,-5.200706590666869],[122.83907890319824,-5.2003646811834585],[122.84010887145996,-5.200877545338926],[122.84131050109863,-5.201133977259957],[122.8439712524414,-5.200963022657547],[122.84491539001465,-5.200279203783609],[122.84568786621094,-5.200279203783609],[122.84731864929199,-5.198655130981265],[122.84791946411133,-5.198569653349324],[122.84980773925781,-5.197287487477979],[122.85100936889648,-5.196945576138148],[122.85212516784668,-5.19574888498741],[122.8549575805664,-5.194124800504767],[122.85530090332031,-5.193697409155845],[122.85658836364746,-5.1932700175171504],[122.85770416259766,-5.192073319387333],[122.85924911499023,-5.19147496947069],[122.86251068115234,-5.1889106062553765],[122.86396980285645,-5.1889106062553765],[122.86465644836426,-5.188483211372713],[122.86645889282227,-5.188141295258134],[122.86894798278809,-5.188141295258134],[122.86894798278809,-5.183439929900757],[122.86989212036133,-5.1827560920236095],[122.87057876586914,-5.181901293636159],[122.87160873413086,-5.1817303338198855],[122.87195205688477,-5.181473894008732],[122.8722095489502,-5.180020733113025],[122.87263870239258,-5.179678812416654],[122.87323951721191,-5.178225647393745],[122.87375450134277,-5.177712764823468],[122.87375450134277,-5.177028920749265],[122.87478446960449,-5.176174114616643],[122.87564277648926,-5.174208056127654],[122.8762435913086,-5.17378065129985],[122.87650108337402,-5.1730113218823135],[122.87813186645508,-5.17147266024179],[122.87821769714355,-5.170361402286687],[122.87881851196289,-5.16890821586432],[122.87873268127441,-5.168395325742708],[122.87933349609375,-5.168224362276561],[122.88105010986328,-5.165916350968033],[122.8809642791748,-5.165574422651815],[122.88182258605957,-5.1633518841005355],[122.88268089294434,-5.161984164196568],[122.8846549987793,-5.157197121310702],[122.88697242736816,-5.155487454387256],[122.88808822631836,-5.155572937842749],[122.8886890411377,-5.1564277717648395],[122.89006233215332,-5.157197121310702],[122.89143562316895,-5.157282604536022],[122.89186477661133,-5.157026154825516],[122.89306640625,-5.1550600369371296],[122.89469718933105,-5.15420520117398],[122.89486885070801,-5.15386326654658],[122.89486885070801,-5.1530084291729],[122.89392471313477,-5.151127782902506],[122.89220809936523,-5.149076162442853],[122.89169311523438,-5.1478793807841186],[122.8904914855957,-5.146853566141274],[122.88989067077637,-5.14591323459878],[122.88954734802246,-5.14386159731869],[122.89031982421875,-5.142921261354985],[122.88997650146484,-5.139501846143631],[122.8901481628418,-5.1388179608984075],[122.88946151733398,-5.1388179608984075],[122.88963317871094,-5.137022758637258],[122.8886890411377,-5.135142065130637],[122.88414001464844,-5.132833933699615],[122.8817367553711,-5.132662960668725],[122.88105010986328,-5.1317226081797145],[122.87976264953613,-5.1317226081797145],[122.87632942199707,-5.132919420197879],[122.87521362304688,-5.133859770922527],[122.87435531616211,-5.133859770922527],[122.87384033203125,-5.1344581752072145],[122.87186622619629,-5.135313037496857],[122.87135124206543,-5.135313037496857],[122.87083625793457,-5.134800120260593],[122.8696346282959,-5.13462914775684],[122.87014961242676,-5.133859770922527],[122.86620140075684,-5.134030743632593],[122.86457061767578,-5.1344581752072145],[122.8641414642334,-5.133774284550313],[122.86225318908691,-5.133859770922527],[122.8615665435791,-5.13326136607634],[122.86019325256348,-5.133688798166631],[122.8597640991211,-5.13300490668469],[122.85804748535156,-5.132577474136099],[122.85641670227051,-5.130782254304691],[122.85555839538574,-5.130269333425147],[122.85547256469727,-5.1296709252113],[122.85478591918945,-5.128816055361142],[122.85470008850098,-5.128217645784844],[122.85358428955078,-5.126422413690889],[122.85272598266602,-5.126507901047901],[122.85212516784668,-5.126935337661308],[122.85092353820801,-5.1257385144228635],[122.84826278686523,-5.125311077008504],[122.84688949584961,-5.126507901047901],[122.84422874450684,-5.126935337661308],[122.84276962280273,-5.127533748439433],[122.84113883972168,-5.128559594182846],[122.84036636352539,-5.127790210029815],[122.83976554870605,-5.127875697203706],[122.83744812011719,-5.12727728674605],[122.83598899841309,-5.12727728674605],[122.83487319946289,-5.12770472284447],[122.83367156982422,-5.127191799492039],[122.83221244812012,-5.127020824949668],[122.83238410949707,-5.125482052008564],[122.83221244812012,-5.125311077008504],[122.82852172851562,-5.124456201321763],[122.8260326385498,-5.126251438942532],[122.82414436340332,-5.12813215865674],[122.82234191894531,-5.12898702942276],[122.81993865966797,-5.1335178253648905],[122.81968116760254,-5.13462914775684],[122.81968116760254,-5.136082412577522],[122.81856536865234,-5.137877617487604],[122.81796455383301,-5.138219560706645],[122.81599044799805,-5.1385615037421815],[122.81453132629395,-5.139672817340227],[122.81255722045898,-5.1404421871570065],[122.81204223632812,-5.141297041418966],[122.81204223632812,-5.14283577619851],[122.81118392944336,-5.143776112288478],[122.80749320983887,-5.146511627559377],[122.80620574951172,-5.146939050758036],[122.80440330505371,-5.146939050758036],[122.80328750610352,-5.14591323459878],[122.80011177062988,-5.144289022297485],[122.79916763305664,-5.144374507258803],[122.79839515686035,-5.144118052340417],[122.79745101928711,-5.144459992208638],[122.79650688171387,-5.143776112288478],[122.78955459594727,-5.141895438719558],[122.78843879699707,-5.142579320660161],[122.78706550598145,-5.142408350243869],[122.77994155883789,-5.137108244573895],[122.7777099609375,-5.1335178253648905],[122.77745246887207,-5.132321014469468],[122.77796745300293,-5.131038714589877],[122.77788162231445,-5.1296709252113],[122.7773666381836,-5.128303132901522],[122.77642250061035,-5.1236868122257135],[122.77676582336426,-5.122062543314229],[122.77633666992188,-5.11975436460348],[122.78200149536133,-5.1167622686905645],[122.78569221496582,-5.114368581886055],[122.78629302978516,-5.113428202478133],[122.78800964355469,-5.11274428931398],[122.78740882873535,-5.111632928864452],[122.78749465942383,-5.111461950162578],[122.78852462768555,-5.111718418198265],[122.78861045837402,-5.111034503208259],[122.78912544250488,-5.1106925454394485],[122.78878211975098,-5.1097521606340734],[122.78964042663574,-5.109923139792244],[122.79049873352051,-5.109666671037857],[122.7912712097168,-5.107871386883161],[122.79341697692871,-5.106589037979759],[122.79358863830566,-5.105221196322518],[122.79470443725586,-5.104708254948875],[122.79582023620605,-5.1035968805654335],[122.79727935791016,-5.100690199999562],[122.80019760131836,-5.097698015080255],[122.80448913574219,-5.091457127400361],[122.80611991882324,-5.089747284586153],[122.80654907226562,-5.088037437227229],[122.80620574951172,-5.0862420926107035],[122.80637741088867,-5.085814628868704],[122.80706405639648,-5.085387164842857],[122.80723571777344,-5.084361250022951],[122.80714988708496,-5.081454482491978],[122.80603408813477,-5.081027015572431],[122.80448913574219,-5.079060664090562],[122.80294418334961,-5.079317145058823],[122.80165672302246,-5.0789751704117805],[122.80157089233398,-5.078718689307465],[122.80191421508789,-5.077008812671252],[122.8026008605957,-5.076581342803777],[122.8037166595459,-5.07529893150155],[122.80474662780762,-5.073589045799878],[122.80835151672363,-5.071195198206723],[122.8103256225586,-5.0681173811172755],[122.81075477600098,-5.065552522341463],[122.8106689453125,-5.062047198889459],[122.81135559082031,-5.058370863640775],[122.81264305114746,-5.054267022887032],[122.81281471252441,-5.052129595530289],[122.81229972839355,-5.049222683013113],[122.81229972839355,-5.047769221867497],[122.81315803527832,-5.045033286170934],[122.81384468078613,-5.044434798699683],[122.81418800354004,-5.040843862286124],[122.81410217285156,-5.040587366068223],[122.81298637390137,-5.0399033756586675],[122.81204223632812,-5.0399033756586675],[122.81126976013184,-5.039646879069423],[122.81058311462402,-5.039988874499244],[122.80972480773926,-5.039646879069423],[122.80817985534668,-5.039561380183841],[122.8066349029541,-5.039048386634079],[122.80534744262695,-5.037680401854843],[122.80517578125,-5.0358849174628375],[122.80431747436523,-5.034602425575713],[122.80431747436523,-5.034003928496219],[122.80491828918457,-5.032892432459008],[122.80457496643066,-5.030241934246391],[122.80603408813477,-5.0288739309459345],[122.80637741088867,-5.027676925700263],[122.80714988708496,-5.026821920606352],[122.80723571777344,-5.025624911589475],[122.80852317810059,-5.022803381635114],[122.8092098236084,-5.020067340925891],[122.81075477600098,-5.0178442993985755],[122.81272888183594,-5.016818277677643],[122.81384468078613,-5.015792254343808],[122.81513214111328,-5.01536474414543],[122.81573295593262,-5.0145952250829],[122.81521797180176,-5.008353536967675],[122.81538963317871,-5.003394345022144],[122.81418800354004,-4.999375661913788],[122.8158187866211,-4.997323558900234],[122.82036781311035,-4.994416401963534],[122.82114028930664,-4.993048323650044],[122.8213119506836,-4.99193675791885],[122.82268524169922,-4.990141147758834],[122.82474517822266,-4.986378901016721],[122.82526016235352,-4.984839793863387],[122.82560348510742,-4.981847075187545],[122.82929420471191,-4.974493480011205],[122.82920837402344,-4.9725268069082915],[122.82800674438477,-4.970645635835666],[122.82792091369629,-4.970047080276856],[122.82732009887695,-4.969534032222228],[122.82723426818848,-4.96867895124349],[122.82646179199219,-4.9682514103380555],[122.82637596130371,-4.967909377414031],[122.83023834228516,-4.966028193159772],[122.83092498779297,-4.965344124827496],[122.83195495605469,-4.965173107633547],[122.83272743225098,-4.964232512274208],[122.8337574005127,-4.960555626639135],[122.83392906188965,-4.9591019685289695],[122.8352165222168,-4.955767093715252],[122.83530235290527,-4.952432202070469],[122.83564567565918,-4.951748119653729],[122.83564567565918,-4.949097293605817],[122.83590316772461,-4.948498718512113],[122.83547401428223,-4.947900142876961],[122.83598899841309,-4.946959522927955],[122.83736228942871,-4.946275434852794],[122.83787727355957,-4.945163790223063],[122.83933639526367,-4.943453564071959],[122.84019470214844,-4.941572310205984],[122.84036636352539,-4.938835931413195],[122.83933639526367,-4.936441590705471],[122.83796310424805,-4.931054292521779],[122.83744812011719,-4.926522087183642],[122.83684730529785,-4.924469757618525],[122.83590316772461,-4.923700132398466],[122.83607482910156,-4.922417421719345],[122.83564567565918,-4.921391251395306],[122.83573150634766,-4.918654789461954],[122.83641815185547,-4.916003831238299],[122.83607482910156,-4.915234196229363],[122.83607482910156,-4.912925285868695],[122.83564567565918,-4.912412193591166],[122.83581733703613,-4.911129461169651],[122.83616065979004,-4.910359820532264]]}},{"type":"Feature","id":"pmtiles:10/861/526:transportation_name:1697180390:0","properties":{"name":"Jalan Poros Kapontori","name_int":"Jalan Poros Kapontori","class":"trunk","name:latin":"Jalan Poros Kapontori","name_de":"Jalan Poros Kapontori","name_en":"Jalan Poros Kapontori","highway":"trunk","kind":"road","verification":"verified","source":"OpenMapTiles/OpenStreetMap national PMTiles","sourceId":"10/861/526:transportation_name:1697180390:0","sourceLayer":"transportation_name","archive":"https://its.hanifahseptiani45.workers.dev/v1/map/archive/indonesia.pmtiles","updatedAt":"2026-07-26T09:44:22.701Z"},"geometry":{"type":"LineString","coordinates":[[122.80714988708496,-5.225921902369393],[122.80826568603516,-5.22404147340842],[122.80835151672363,-5.222759359517909],[122.81006813049316,-5.222417462037512],[122.81058311462402,-5.221819140998093],[122.81298637390137,-5.2212208193876535],[122.81375885009766,-5.220195123870056],[122.81375885009766,-5.2190839518328715],[122.81556129455566,-5.2190839518328715],[122.82285690307617,-5.217630877737321],[122.82354354858398,-5.216434225955311],[122.82448768615723,-5.21318615961809],[122.82620429992676,-5.210621884852699],[122.83041000366211,-5.206775453082699],[122.83109664916992,-5.204980443536172],[122.83487319946289,-5.203869244582918],[122.83538818359375,-5.203441859847487],[122.83676147460938,-5.2035273368178],[122.84208297729492,-5.20258708950567],[122.84199714660645,-5.202416135297966],[122.83727645874023,-5.202501612407616],[122.83710479736328,-5.202159703899341],[122.83907890319824,-5.201219454543761],[122.83882141113281,-5.200706590666869],[122.83907890319824,-5.2003646811834585],[122.84010887145996,-5.200877545338926],[122.84131050109863,-5.201133977259957],[122.8439712524414,-5.200963022657547],[122.84491539001465,-5.200279203783609],[122.84568786621094,-5.200279203783609],[122.84731864929199,-5.198655130981265],[122.84791946411133,-5.198569653349324],[122.84980773925781,-5.197287487477979],[122.85100936889648,-5.196945576138148],[122.85212516784668,-5.19574888498741],[122.8549575805664,-5.194124800504767],[122.85530090332031,-5.193697409155845],[122.85658836364746,-5.1932700175171504],[122.85770416259766,-5.192073319387333],[122.85924911499023,-5.19147496947069],[122.86251068115234,-5.1889106062553765],[122.86396980285645,-5.1889106062553765],[122.86465644836426,-5.188483211372713],[122.86645889282227,-5.188141295258134],[122.86894798278809,-5.188141295258134]]}},{"type":"Feature","id":"pmtiles:10/861/526:transportation_name:1697180390:1","properties":{"name":"Jalan Poros Kapontori","name_int":"Jalan Poros Kapontori","class":"trunk","name:latin":"Jalan Poros Kapontori","name_de":"Jalan Poros Kapontori","name_en":"Jalan Poros Kapontori","highway":"trunk","kind":"road","verification":"verified","source":"OpenMapTiles/OpenStreetMap national PMTiles","sourceId":"10/861/526:transportation_name:1697180390:1","sourceLayer":"transportation_name","archive":"https://its.hanifahseptiani45.workers.dev/v1/map/archive/indonesia.pmtiles","updatedAt":"2026-07-26T09:44:22.701Z"},"geometry":{"type":"LineString","coordinates":[[122.70801544189453,-5.2795972137089535],[122.71101951599121,-5.270623160615173],[122.71170616149902,-5.270024885796147],[122.7129077911377,-5.267888185310412],[122.71359443664551,-5.267204439603162],[122.71368026733398,-5.264811323704635],[122.71702766418457,-5.26549507204426],[122.71960258483887,-5.264554917883416],[122.72329330444336,-5.264896792288212],[122.72509574890137,-5.2634438247698085],[122.72672653198242,-5.26335835598654],[122.72844314575195,-5.261734446873049],[122.73196220397949,-5.261050694399216],[122.73539543151855,-5.259341309927635],[122.73797035217285,-5.259170371222254],[122.74672508239746,-5.256691754719725],[122.7473258972168,-5.256862694105635],[122.74835586547852,-5.256435345552887],[122.75256156921387,-5.256264406049667],[122.75436401367188,-5.25566611741894],[122.75590896606445,-5.2555806475676405],[122.75891304016113,-5.255922526902481],[122.76097297668457,-5.25660628500917],[122.76354789733887,-5.256435345552887],[122.76509284973145,-5.255922526902481],[122.76612281799316,-5.255837057086367],[122.76801109313965,-5.255067828213555],[122.76878356933594,-5.255067828213555],[122.76989936828613,-5.254384068418062],[122.77024269104004,-5.254640478429323],[122.77007102966309,-5.2555806475676405],[122.77135848999023,-5.255153298135227],[122.77170181274414,-5.254555008437293],[122.77230262756348,-5.255153298135227],[122.77316093444824,-5.25532423794337],[122.77316093444824,-5.254469538433554],[122.7725601196289,-5.254127658301286],[122.77273178100586,-5.253272957149932],[122.77359008789062,-5.25387124807898],[122.77401924133301,-5.254469538433554],[122.77539253234863,-5.255153298135227],[122.77410507202148,-5.2525891953848145],[122.77539253234863,-5.25105072867062],[122.7777099609375,-5.249512258159825],[122.7780532836914,-5.248828492269965],[122.78122901916504,-5.246093421215193],[122.78217315673828,-5.2457515364903315],[122.78303146362305,-5.246435305752769],[122.7835464477539,-5.246520776857878],[122.78457641601562,-5.246349834635922],[122.7846622467041,-5.245495122823755],[122.78552055358887,-5.245409651578143],[122.78689384460449,-5.24720454527737],[122.78800964355469,-5.246948132207876],[122.78895378112793,-5.2474609582414615],[122.78946876525879,-5.247119074265896],[122.78921127319336,-5.246435305752769],[122.7898120880127,-5.245666065279835],[122.7883529663086,-5.2457515364903315],[122.78818130493164,-5.245495122823755],[122.7890396118164,-5.245324180320836],[122.78921127319336,-5.244640409840997],[122.7901554107666,-5.243529281213711],[122.7916145324707,-5.243614752716795],[122.79221534729004,-5.244298524320172],[122.79324531555176,-5.244213052910709],[122.79333114624023,-5.2449822951745375],[122.79427528381348,-5.244469467103983],[122.79470443725586,-5.2445549384783305],[122.79436111450195,-5.242845508767829],[122.79470443725586,-5.241734376946297],[122.79513359069824,-5.241477961629812],[122.7956485748291,-5.241990792157509],[122.79590606689453,-5.241819848695059],[122.79504776000977,-5.240110411497383],[122.79607772827148,-5.239768523496508],[122.7967643737793,-5.23993946752033],[122.79736518859863,-5.23959757942589],[122.79762268066406,-5.238742858371353],[122.7985668182373,-5.237973608422706],[122.79873847961426,-5.236606050620679],[122.79925346374512,-5.236349633199751],[122.79951095581055,-5.235238489827054],[122.80028343200684,-5.235238489827054],[122.80071258544922,-5.234982071845252],[122.80097007751465,-5.2336999803592335],[122.80208587646484,-5.23216146710719],[122.80208587646484,-5.231221262701851],[122.80457496643066,-5.228742535226488],[122.80586242675781,-5.226092850176869],[122.80637741088867,-5.225921902369393],[122.80680656433105,-5.2264347456519005],[122.80706405639648,-5.226092850176869]]}},{"type":"Feature","id":"pmtiles:10/861/526:transportation_name:6041039332:0","properties":{"name":"Jalan Poros Todanga","name_int":"Jalan Poros Todanga","class":"trunk","name:latin":"Jalan Poros Todanga","name_de":"Jalan Poros Todanga","name_en":"Jalan Poros Todanga","highway":"trunk","kind":"road","verification":"verified","source":"OpenMapTiles/OpenStreetMap national PMTiles","sourceId":"10/861/526:transportation_name:6041039332:0","sourceLayer":"transportation_name","archive":"https://its.hanifahseptiani45.workers.dev/v1/map/archive/indonesia.pmtiles","updatedAt":"2026-07-26T09:44:22.701Z"},"geometry":{"type":"LineString","coordinates":[[122.86894798278809,-5.188141295258134],[122.86894798278809,-5.183439929900757],[122.86989212036133,-5.1827560920236095],[122.87057876586914,-5.181901293636159],[122.87160873413086,-5.1817303338198855],[122.87195205688477,-5.181473894008732],[122.8722095489502,-5.180020733113025],[122.87263870239258,-5.179678812416654],[122.87323951721191,-5.178225647393745],[122.87375450134277,-5.177712764823468],[122.87375450134277,-5.177028920749265],[122.87478446960449,-5.176174114616643],[122.87564277648926,-5.174208056127654],[122.8762435913086,-5.17378065129985],[122.87650108337402,-5.1730113218823135],[122.87813186645508,-5.17147266024179],[122.87821769714355,-5.170361402286687],[122.87881851196289,-5.16890821586432],[122.87873268127441,-5.168395325742708],[122.87933349609375,-5.168224362276561],[122.88105010986328,-5.165916350968033],[122.8809642791748,-5.165574422651815],[122.88182258605957,-5.1633518841005355],[122.88268089294434,-5.161984164196568],[122.8846549987793,-5.157197121310702],[122.88697242736816,-5.155487454387256],[122.88808822631836,-5.155572937842749],[122.8886890411377,-5.1564277717648395],[122.89006233215332,-5.157197121310702],[122.89143562316895,-5.157282604536022],[122.89186477661133,-5.157026154825516],[122.89306640625,-5.1550600369371296],[122.89469718933105,-5.15420520117398],[122.89486885070801,-5.15386326654658],[122.89486885070801,-5.1530084291729],[122.89392471313477,-5.151127782902506],[122.89220809936523,-5.149076162442853],[122.89169311523438,-5.1478793807841186],[122.8904914855957,-5.146853566141274],[122.88989067077637,-5.14591323459878],[122.88954734802246,-5.14386159731869],[122.89031982421875,-5.142921261354985],[122.88997650146484,-5.139501846143631],[122.8901481628418,-5.1388179608984075],[122.88946151733398,-5.1388179608984075],[122.88963317871094,-5.137022758637258],[122.8886890411377,-5.135142065130637],[122.88414001464844,-5.132833933699615],[122.8817367553711,-5.132662960668725],[122.88105010986328,-5.1317226081797145],[122.87976264953613,-5.1317226081797145]]}},{"type":"Feature","id":"pmtiles:10/861/526:water:450:0","properties":{"class":"ocean","water":"ocean","kind":"waterway","verification":"verified","source":"OpenMapTiles/OpenStreetMap national PMTiles","sourceId":"10/861/526:water:450:0","sourceLayer":"water","archive":"https://its.hanifahseptiani45.workers.dev/v1/map/archive/indonesia.pmtiles","updatedAt":"2026-07-26T09:44:22.702Z"},"geometry":{"type":"Polygon","coordinates":[[[122.6898193359375,-5.017673295890447],[122.6898193359375,-5.017331288739754],[122.69213676452637,-5.016219764262232],[122.69505500793457,-5.015193739987694],[122.6967716217041,-5.013569198255567],[122.69720077514648,-5.013141686601756],[122.6964282989502,-5.013312691296861],[122.69591331481934,-5.013141686601756],[122.6956558227539,-5.012714174668133],[122.69617080688477,-5.011773647429337],[122.6956558227539,-5.011773647429337],[122.69668579101562,-5.010747616170136],[122.69634246826172,-5.0106621134924865],[122.69659996032715,-5.010063594435664],[122.69634246826172,-5.009807086100679],[122.69668579101562,-5.009636080488079],[122.69711494445801,-5.009807086100679],[122.69994735717773,-5.008524542915765],[122.70140647888184,-5.008182530974835],[122.70200729370117,-5.007755015797088],[122.70303726196289,-5.007584009647729],[122.70380973815918,-5.007070990931311],[122.7051830291748,-5.005617435716061],[122.7051830291748,-5.003821863049865],[122.70552635192871,-5.003394345022144],[122.70509719848633,-5.003394345022144],[122.7051830291748,-5.003137834071467],[122.7048397064209,-5.003308841383088],[122.70458221435547,-5.003137834071467],[122.70475387573242,-5.002966826715152],[122.70398139953613,-5.0026248118685],[122.70827293395996,-4.999033645191261],[122.7088737487793,-4.999375661913788],[122.70973205566406,-4.99920465357485],[122.70981788635254,-4.99886263676305],[122.70956039428711,-4.998520619772677],[122.70973205566406,-4.99817860260373],[122.70938873291016,-4.997922089609844],[122.71084785461426,-4.995955486653912],[122.71093368530273,-4.995271449459864],[122.71170616149902,-4.994501906763347],[122.71196365356445,-4.994501906763347],[122.71230697631836,-4.993561353352092],[122.71256446838379,-4.993475848429611],[122.71239280700684,-4.993048323650044],[122.71256446838379,-4.99202226304196],[122.71265029907227,-4.989884631620541],[122.71359443664551,-4.988089015845233],[122.71342277526855,-4.987490476161923],[122.71376609802246,-4.987148453240749],[122.71350860595703,-4.986720924338741],[122.71265029907227,-4.986720924338741],[122.71265029907227,-4.986207889288906],[122.71153450012207,-4.985523841932363],[122.71101951599121,-4.985780359774566],[122.71084785461426,-4.985438335962698],[122.7106761932373,-4.985438335962698],[122.71041870117188,-4.985010805947411],[122.71050453186035,-4.984754287804677],[122.71016120910645,-4.98466878173484],[122.71050453186035,-4.983984732775468],[122.7129077911377,-4.983984732775468],[122.71453857421875,-4.983471695588577],[122.71445274353027,-4.983215176844894],[122.71479606628418,-4.982958658001095],[122.7143669128418,-4.982787645382913],[122.71453857421875,-4.982445620013081],[122.71402359008789,-4.982445620013081],[122.71368026733398,-4.9826166327202515],[122.71282196044922,-4.982360113642798],[122.71282196044922,-4.981847075187545],[122.7132511138916,-4.98159055580976],[122.7143669128418,-4.9821891008688794],[122.71522521972656,-4.9820180880504665],[122.71642684936523,-4.982274607261402],[122.71685600280762,-4.9820180880504665],[122.71702766418457,-4.981248529816966],[122.71968841552734,-4.981163023290975],[122.7184009552002,-4.980307957419285],[122.71848678588867,-4.980051437440935],[122.71908760070801,-4.980136944111507],[122.71891593933105,-4.979794917362511],[122.71943092346191,-4.9796239039212935],[122.71822929382324,-4.978939849711708],[122.71737098693848,-4.9779137670633276],[122.7176284790039,-4.977571739158165],[122.71668434143066,-4.9774862321541065],[122.71719932556152,-4.976631161502141],[122.71719932556152,-4.975776089738986],[122.71754264831543,-4.975776089738986],[122.71719932556152,-4.975605075253043],[122.71805763244629,-4.975519567993388],[122.71728515625,-4.975177538843738],[122.71737098693848,-4.974835509516325],[122.71831512451172,-4.974493480011205],[122.72028923034668,-4.974407972607153],[122.72080421447754,-4.974151450328364],[122.72089004516602,-4.973809420467816],[122.71994590759277,-4.973296375343821],[122.72089004516602,-4.973381882892241],[122.7216625213623,-4.973210867784289],[122.7213191986084,-4.972954345039071],[122.72183418273926,-4.972783329820075],[122.7216625213623,-4.972612314556656],[122.72106170654297,-4.972783329820075],[122.72089004516602,-4.972355791578266],[122.71994590759277,-4.972355791578266],[122.7198600769043,-4.97209926849996],[122.7187442779541,-4.9722702838965915],[122.71891593933105,-4.971757237573442],[122.71780014038086,-4.971329698665542],[122.71805763244629,-4.970987667339401],[122.7198600769043,-4.970218096206295],[122.71917343139648,-4.969961572295489],[122.72011756896973,-4.96961954025906],[122.72011756896973,-4.9694485241742825],[122.71968841552734,-4.969534032222228],[122.71977424621582,-4.969106491871543],[122.72011756896973,-4.968935475653595],[122.71960258483887,-4.968849967527987],[122.71968841552734,-4.96867895124349],[122.7216625213623,-4.9683369185413255],[122.72200584411621,-4.968507934914598],[122.72217750549316,-4.9682514103380555],[122.72192001342773,-4.967738360885477],[122.72123336791992,-4.967567344312542],[122.72054672241211,-4.967738360885477],[122.72089004516602,-4.967054294327539],[122.72028923034668,-4.966797769185305],[122.72123336791992,-4.966541243943254],[122.72097587585449,-4.966028193159772],[122.72149085998535,-4.966028193159772],[122.7216625213623,-4.966284718601415],[122.72192001342773,-4.966284718601415],[122.72123336791992,-4.965686159082324],[122.7213191986084,-4.965258616236071],[122.72106170654297,-4.965002090395259],[122.72028923034668,-4.964916581759482],[122.72028923034668,-4.964574547105528],[122.72157669067383,-4.964574547105528],[122.7224349975586,-4.964318020998675],[122.72294998168945,-4.964574547105528],[122.72269248962402,-4.964916581759482],[122.72337913513184,-4.964574547105528],[122.72337913513184,-4.96483107311262],[122.72466659545898,-4.964916581759482],[122.72758483886719,-4.965002090395259],[122.72904396057129,-4.965258616236071],[122.73015975952148,-4.965002090395259],[122.73093223571777,-4.965173107633547],[122.7311897277832,-4.964916581759482],[122.73299217224121,-4.965258616236071],[122.73256301879883,-4.965087599019938],[122.73273468017578,-4.96483107311262],[122.7323055267334,-4.964745564454674],[122.7323055267334,-4.964489038414328],[122.73273468017578,-4.964318020998675],[122.73247718811035,-4.963975986034342],[122.73179054260254,-4.963719459694715],[122.73213386535645,-4.963548442079542],[122.73299217224121,-4.963975986034342],[122.73282051086426,-4.963633950892657],[122.73316383361816,-4.963548442079542],[122.73256301879883,-4.963462933255329],[122.73239135742188,-4.963035388968038],[122.7311897277832,-4.962522335457592],[122.73136138916016,-4.962265808552772],[122.73110389709473,-4.961923772524557],[122.73153305053711,-4.961752754443978],[122.7311897277832,-4.961667245387062],[122.73093223571777,-4.960897663376343],[122.73041725158691,-4.960555626639135],[122.72998809814453,-4.960042571201015],[122.7293872833252,-4.959871552633047],[122.72930145263672,-4.959444006019282],[122.7297306060791,-4.959529515364181],[122.72912979125977,-4.959016459128705],[122.73015975952148,-4.958759930861461],[122.73067474365234,-4.959016459128705],[122.73110389709473,-4.958759930861461],[122.73161888122559,-4.958845440294951],[122.73256301879883,-4.958588911961272],[122.73436546325684,-4.9592729872962735],[122.7352237701416,-4.958930949717356],[122.73616790771484,-4.958930949717356],[122.7366828918457,-4.9591874779181495],[122.73642539978027,-4.95961502469801],[122.73676872253418,-4.9597005340207545],[122.73719787597656,-4.95961502469801],[122.73745536804199,-4.960213589724702],[122.73882865905762,-4.961068681678498],[122.73934364318848,-4.961068681678498],[122.7403736114502,-4.961325209048638],[122.74260520935059,-4.963377424420031],[122.74389266967773,-4.964061494792048],[122.74681091308594,-4.964660055785643],[122.74792671203613,-4.965344124827496],[122.74801254272461,-4.965600650535251],[122.74835586547852,-4.965515141977079],[122.74869918823242,-4.965686159082324],[122.74895668029785,-4.966113701651395],[122.7499008178711,-4.966883277577139],[122.75101661682129,-4.966797769185305],[122.75127410888672,-4.967054294327539],[122.7513599395752,-4.966883277577139],[122.75118827819824,-4.96662675236837],[122.75161743164062,-4.966712260782373],[122.75144577026367,-4.966455735507068],[122.75196075439453,-4.966455735507068],[122.75230407714844,-4.966797769185305],[122.75290489196777,-4.966455735507068],[122.75402069091797,-4.966883277577139],[122.75479316711426,-4.967994885661682],[122.75616645812988,-4.968849967527987],[122.75668144226074,-4.969705048284808],[122.75891304016113,-4.971158683024655],[122.7601146697998,-4.971586222043584],[122.76062965393066,-4.9715007142619925],[122.7601146697998,-4.970987667339401],[122.76002883911133,-4.970645635835666],[122.76105880737305,-4.970047080276856],[122.76226043701172,-4.96867895124349],[122.7623462677002,-4.9682514103380555],[122.7626895904541,-4.9682514103380555],[122.76243209838867,-4.9678238691553105],[122.7626895904541,-4.967567344312542],[122.76226043701172,-4.967481836009426],[122.76251792907715,-4.967310819369956],[122.7623462677002,-4.967054294327539],[122.76191711425781,-4.967310819369956],[122.7615737915039,-4.967139802686091],[122.7615737915039,-4.966797769185305],[122.76123046875,-4.966968785957874],[122.76148796081543,-4.966455735507068],[122.76062965393066,-4.966797769185305],[122.75959968566895,-4.966455735507068],[122.7597713470459,-4.966199210131947],[122.76028633117676,-4.966113701651395],[122.76028633117676,-4.965515141977079],[122.76080131530762,-4.965600650535251],[122.7608871459961,-4.965344124827496],[122.76148796081543,-4.965429633407837],[122.76165962219238,-4.965771667618313],[122.76217460632324,-4.966028193159772],[122.76277542114258,-4.965942684657037],[122.76243209838867,-4.965429633407837],[122.76277542114258,-4.965344124827496],[122.7626895904541,-4.965087599019938],[122.76337623596191,-4.965344124827496],[122.76371955871582,-4.964916581759482],[122.76346206665039,-4.963975986034342],[122.76303291320801,-4.963633950892657],[122.76320457458496,-4.963462933255329],[122.76200294494629,-4.962436826500394],[122.7615737915039,-4.962436826500394],[122.76071548461914,-4.961923772524557],[122.76020050048828,-4.962265808552772],[122.76002883911133,-4.962949880077332],[122.75917053222656,-4.963377424420031],[122.7571964263916,-4.962607844403692],[122.75702476501465,-4.961923772524557],[122.75659561157227,-4.961667245387062],[122.75642395019531,-4.960983172532963],[122.75693893432617,-4.961154190812962],[122.7571964263916,-4.961581736319076],[122.75771141052246,-4.961496227240005],[122.75771141052246,-4.962436826500394],[122.75822639465332,-4.962778862262681],[122.75805473327637,-4.962094790560812],[122.75848388671875,-4.96183826348981],[122.7583122253418,-4.961325209048638],[122.75796890258789,-4.961068681678498],[122.75788307189941,-4.960299098969912],[122.75874137878418,-4.960641135840049],[122.75908470153809,-4.9604701174271355],[122.75891304016113,-4.960897663376343],[122.75942802429199,-4.960812154208668],[122.75985717773438,-4.961154190812962],[122.75994300842285,-4.960812154208668],[122.76045799255371,-4.960983172532963],[122.76062965393066,-4.960812154208668],[122.7601146697998,-4.9604701174271355],[122.76020050048828,-4.9597005340207545],[122.75942802429199,-4.959444006019282],[122.75925636291504,-4.958930949717356],[122.75899887084961,-4.9591019685289695],[122.75891304016113,-4.958674421416902],[122.75908470153809,-4.9585034024945855],[122.75882720947266,-4.95833238352796],[122.7586555480957,-4.957733816796065],[122.75822639465332,-4.957819326362397],[122.75762557983398,-4.956878720523832],[122.7568531036377,-4.956878720523832],[122.75676727294922,-4.956451171972645],[122.75625228881836,-4.9566221914263195],[122.75616645812988,-4.955852603536144],[122.75650978088379,-4.955339544444726],[122.75616645812988,-4.955425054320969],[122.75556564331055,-4.956023623144759],[122.75522232055664,-4.955425054320969],[122.75496482849121,-4.9555105641861275],[122.75530815124512,-4.9542279150468715],[122.75616645812988,-4.954398935075929],[122.75659561157227,-4.9547409750013],[122.75711059570312,-4.954569955060734],[122.75736808776855,-4.9549119948976],[122.75805473327637,-4.954655465036552],[122.75771141052246,-4.954484445073874],[122.75771141052246,-4.953714854694198],[122.75745391845703,-4.953629344596706],[122.75711059570312,-4.9538003647806335],[122.75668144226074,-4.953543834488158],[122.75693893432617,-4.953030773604553],[122.75650978088379,-4.953201793943322],[122.75659561157227,-4.952774243013437],[122.7557373046875,-4.953116283779465],[122.75487899780273,-4.952603222564065],[122.7553939819336,-4.952517712322802],[122.75547981262207,-4.95191914032425],[122.75616645812988,-4.951662609301863],[122.75728225708008,-4.952090160950547],[122.75728225708008,-4.952774243013437],[122.75745391845703,-4.953030773604553],[122.75779724121094,-4.952774243013437],[122.75805473327637,-4.952090160950547],[122.75891304016113,-4.952346691807065],[122.7597713470459,-4.953287304096122],[122.76062965393066,-4.9538003647806335],[122.76097297668457,-4.953543834488158],[122.76123046875,-4.953714854694198],[122.76123046875,-4.953458324368526],[122.76148796081543,-4.953030773604553],[122.7626895904541,-4.953372814237866],[122.76217460632324,-4.952688732794286],[122.76191711425781,-4.9528597532215315],[122.76200294494629,-4.952517712322802],[122.76165962219238,-4.95226118153262],[122.76260375976562,-4.95191914032425],[122.76174545288086,-4.951320567783895],[122.76191711425781,-4.9510640365293455],[122.76165962219238,-4.950465463215096],[122.76183128356934,-4.9503799526974035],[122.76054382324219,-4.949695868158031],[122.75994300842285,-4.9496103575408625],[122.75985717773438,-4.949182804289293],[122.75917053222656,-4.949268314961714],[122.75891304016113,-4.948498718512113],[122.75899887084961,-4.947301566700446],[122.76002883911133,-4.947301566700446],[122.76037216186523,-4.947045033887662],[122.7601146697998,-4.946959522927955],[122.76002883911133,-4.946189923793696],[122.76123046875,-4.946018901642361],[122.76105880737305,-4.945676857207161],[122.76054382324219,-4.945420323764793],[122.76208877563477,-4.945420323764793],[122.76191711425781,-4.945249301414677],[122.76217460632324,-4.945078279020393],[122.76191711425781,-4.944650722841445],[122.76200294494629,-4.944479700292575],[122.76320457458496,-4.944821745346147],[122.76260375976562,-4.944052143727177],[122.76217460632324,-4.944052143727177],[122.76251792907715,-4.943795609655467],[122.76217460632324,-4.943453564071959],[122.76243209838867,-4.943368052648495],[122.76243209838867,-4.943026006844221],[122.76200294494629,-4.942683960863334],[122.76217460632324,-4.941999868371838],[122.76174545288086,-4.942170891560934],[122.7615737915039,-4.941999868371838],[122.76217460632324,-4.941144751764284],[122.76174545288086,-4.940631681270133],[122.76114463806152,-4.940375145874114],[122.76071548461914,-4.939520027170374],[122.76226043701172,-4.939092467404848],[122.76208877563477,-4.938835931413195],[122.7623462677002,-4.9387504193939264],[122.76191711425781,-4.938322859132128],[122.76243209838867,-4.938408371206549],[122.76191711425781,-4.9375532499662],[122.76183128356934,-4.93686915218008],[122.76123046875,-4.936527103022442],[122.76054382324219,-4.935757491772904],[122.76097297668457,-4.9355009544913315],[122.76097297668457,-4.935757491772904],[122.76174545288086,-4.936185053688433],[122.7615737915039,-4.9354154420420855],[122.76071548461914,-4.93379070341291],[122.76080131530762,-4.931994935037707],[122.75985717773438,-4.931652883367917],[122.75891304016113,-4.931652883367917],[122.75796890258789,-4.931225318532867],[122.75796890258789,-4.930626727301345],[122.75839805603027,-4.93054121422422],[122.75848388671875,-4.93028467492681],[122.75788307189941,-4.930199161805646],[122.75788307189941,-4.930028135530307],[122.75805473327637,-4.929942622376132],[122.75779724121094,-4.92977159603474],[122.75728225708008,-4.930028135530307],[122.75659561157227,-4.9298571092109285],[122.7553939819336,-4.929087490228838],[122.75513648986816,-4.928317870355201],[122.75556564331055,-4.928317870355201],[122.7553939819336,-4.927548249590146],[122.7560806274414,-4.926265546334491],[122.75633811950684,-4.926094519046714],[122.75625228881836,-4.925752464339155],[122.75676727294922,-4.925495923192997],[122.75736808776855,-4.926180032696109],[122.75736808776855,-4.926522087183642],[122.75711059570312,-4.926864141495187],[122.75745391845703,-4.9272061956306885],[122.75839805603027,-4.926436573578272],[122.7583122253418,-4.927548249590146],[122.75899887084961,-4.927633763052498],[122.76002883911133,-4.927291709137052],[122.76071548461914,-4.928317870355201],[122.76105880737305,-4.928061330199213],[122.76148796081543,-4.928574410412125],[122.76423454284668,-4.929686082847525],[122.76457786560059,-4.929515056440096],[122.76509284973145,-4.92960056964931],[122.76466369628906,-4.929173003493105],[122.76440620422363,-4.92789030337353],[122.76354789733887,-4.92746273611678],[122.76406288146973,-4.927291709137052],[122.76432037353516,-4.926351059961888],[122.76329040527344,-4.925239381947847],[122.76311874389648,-4.9245552714768905],[122.7626895904541,-4.9245552714768905],[122.76226043701172,-4.92361461843015],[122.76174545288086,-4.923101534389346],[122.7623462677002,-4.921305737130197],[122.76303291320801,-4.92070713696674],[122.76329040527344,-4.920963679959868],[122.76346206665039,-4.920792651308773],[122.76354789733887,-4.919851992942114],[122.76114463806152,-4.917799642800887],[122.76037216186523,-4.9184837602175975],[122.7597713470459,-4.919766478479218],[122.75934219360352,-4.919595449520472],[122.76080131530762,-4.91771412807438],[122.7601146697998,-4.915832801313158],[122.76062965393066,-4.915576256343115],[122.76131629943848,-4.916003831238299],[122.76140213012695,-4.915405226308195],[122.76165962219238,-4.915319711274279],[122.7615737915039,-4.914977651028821],[122.76200294494629,-4.915063166106634],[122.76208877563477,-4.914806620840238],[122.7615737915039,-4.914635590607759],[122.76097297668457,-4.914806620840238],[122.76054382324219,-4.914293530011079],[122.76028633117676,-4.914550075475049],[122.75994300842285,-4.914464560331368],[122.76054382324219,-4.913694923544426],[122.76037216186523,-4.913352862464933],[122.76002883911133,-4.913352862464933],[122.75985717773438,-4.912925285868695],[122.76028633117676,-4.911899100918717],[122.75925636291504,-4.912412193591166],[122.75994300842285,-4.911642554434394],[122.7597713470459,-4.911300492301777],[122.75925636291504,-4.911214976741192],[122.75968551635742,-4.9106163675101016],[122.75917053222656,-4.9106163675101016],[122.75882720947266,-4.910958429993656],[122.75693893432617,-4.9108729143892305],[122.75711059570312,-4.910445336202514],[122.75745391845703,-4.9106163675101016],[122.75856971740723,-4.910359820532264],[122.8337574005127,-4.910359820532264],[122.83332824707031,-4.911300492301777],[122.83367156982422,-4.912754255153402],[122.83332824707031,-4.913010801209879],[122.83324241638184,-4.914550075475049],[122.83384323120117,-4.916516920750269],[122.83367156982422,-4.917799642800887],[122.83513069152832,-4.921391251395306],[122.83495903015137,-4.922331907586113],[122.8352165222168,-4.923529104450822],[122.83633232116699,-4.924298729868809],[122.8370189666748,-4.925581436919387],[122.83753395080566,-4.928061330199213],[122.83753395080566,-4.930028135530307],[122.83590316772461,-4.93054121422422],[122.8341007232666,-4.93148185746692],[122.8326416015625,-4.9309687794997075],[122.83186912536621,-4.930883266466637],[122.83161163330078,-4.932165960806529],[122.83161163330078,-4.933534165371029],[122.83101081848145,-4.934645829503069],[122.83083915710449,-4.935757491772904],[122.83023834228516,-4.936356078377472],[122.82843589782715,-4.936954664441927],[122.82783508300781,-4.936612615328386],[122.82774925231934,-4.936099541327366],[122.82783508300781,-4.934218266595721],[122.8271484375,-4.93379070341291],[122.82663345336914,-4.933876216071511],[122.82629013061523,-4.9336196780626835],[122.82594680786133,-4.932336986531297],[122.82620429992676,-4.931823909224832],[122.82620429992676,-4.931054292521779],[122.82577514648438,-4.930626727301345],[122.82508850097656,-4.931054292521779],[122.8242301940918,-4.931225318532867],[122.82345771789551,-4.9292585167463585],[122.82302856445312,-4.928916463667306],[122.82105445861816,-4.928061330199213],[122.82079696655273,-4.927975816791886],[122.82028198242188,-4.928403383718518],[122.81959533691406,-4.928488897070835],[122.8201961517334,-4.929686082847525],[122.81976699829102,-4.931054292521779],[122.8201961517334,-4.931994935037707],[122.8201961517334,-4.932593525035841],[122.81865119934082,-4.933106601747539],[122.81787872314453,-4.9336196780626835],[122.81770706176758,-4.935073392134953],[122.81796455383301,-4.9355009544913315],[122.81787872314453,-4.936783639907205],[122.8176212310791,-4.938408371206549],[122.8176212310791,-4.9396055390903655],[122.81702041625977,-4.940375145874114],[122.8165054321289,-4.940460657683829],[122.81556129455566,-4.941230263474679],[122.81496047973633,-4.942598449340522],[122.8150463104248,-4.944308677699539],[122.81478881835938,-4.945078279020393],[122.81556129455566,-4.94687401195722],[122.81564712524414,-4.947558099413811],[122.81607627868652,-4.947900142876961],[122.81607627868652,-4.948669740022694],[122.81547546386719,-4.951320567783895],[122.81401634216309,-4.953287304096122],[122.81298637390137,-4.955596074040244],[122.81298637390137,-4.957391778419989],[122.81229972839355,-4.961068681678498],[122.81238555908203,-4.962265808552772],[122.81350135803223,-4.965258616236071],[122.81401634216309,-4.966113701651395],[122.81461715698242,-4.9682514103380555],[122.81393051147461,-4.976802175721431],[122.81367301940918,-4.978341301694684],[122.81290054321289,-4.980307957419285],[122.81307220458984,-4.9807354904941405],[122.81290054321289,-4.981077516753842],[122.81109809875488,-4.98330068310392],[122.81049728393555,-4.982702139057139],[122.81023979187012,-4.983471695588577],[122.80895233154297,-4.984241251218705],[122.80757904052734,-4.98466878173484],[122.80766487121582,-4.985096311972725],[122.80714988708496,-4.985267323989987],[122.80654907226562,-4.985181817986927],[122.80654907226562,-4.985438335962698],[122.80569076538086,-4.986122383408315],[122.80474662780762,-4.985780359774566],[122.80268669128418,-4.985865865699708],[122.80251502990723,-4.986036877516568],[122.80011177062988,-4.985694853838297],[122.7993392944336,-4.986293395158384],[122.79796600341797,-4.986806430141414],[122.79788017272949,-4.986378901016721],[122.79727935791016,-4.986464406863931],[122.79727935791016,-4.986806430141414],[122.79659271240234,-4.986720924338741],[122.79504776000977,-4.987404970448324],[122.79324531555176,-4.989884631620541],[122.79255867004395,-4.990226653115968],[122.79212951660156,-4.990825190304022],[122.79144287109375,-4.990910695572026],[122.78998374938965,-4.99176574763915],[122.78964042663574,-4.993390343496003],[122.78964042663574,-4.9946729163295345],[122.78895378112793,-4.9956989727898105],[122.78826713562012,-4.996126495840883],[122.78517723083496,-4.999290157749897],[122.78491973876953,-4.99920465357485],[122.7835464477539,-4.999974190748432],[122.7835464477539,-5.000658223032488],[122.78328895568848,-5.001171246776607],[122.78234481811523,-5.002026285456836],[122.7817440032959,-5.002453804378149],[122.78131484985352,-5.002368300616226],[122.78097152709961,-5.002795819314173],[122.78088569641113,-5.003308841383088],[122.78045654296875,-5.003394345022144],[122.7806282043457,-5.003821863049865],[122.77899742126465,-5.004420387819451],[122.7777099609375,-5.005702939053421],[122.77573585510254,-5.006301462102101],[122.7751350402832,-5.006814481422168],[122.77376174926758,-5.007498506556274],[122.7733325958252,-5.007413003453635],[122.77324676513672,-5.006899984603066],[122.77135848999023,-5.007156494078657],[122.77135848999023,-5.007413003453635],[122.77058601379395,-5.007156494078657],[122.76826858520508,-5.007413003453635],[122.76758193969727,-5.007840518855005],[122.76680946350098,-5.007755015797088],[122.76689529418945,-5.008182530974835],[122.76552200317383,-5.010063594435664],[122.76457786560059,-5.012115657491023],[122.76449203491211,-5.012628672247843],[122.7641487121582,-5.013056184237428],[122.7641487121582,-5.014082211870743],[122.76397705078125,-5.014509722908855],[122.76260375976562,-5.016134262300952],[122.76097297668457,-5.017502292337511],[122.75985717773438,-5.018357309654107],[122.75891304016113,-5.018357309654107],[122.75848388671875,-5.018955821109088],[122.7583122253418,-5.020494848043398],[122.75753974914551,-5.021691866481561],[122.75745391845703,-5.022290374876647],[122.75693893432617,-5.023487390018431],[122.75650978088379,-5.023487390018431],[122.75582313537598,-5.0244279003734675],[122.75384902954102,-5.029130431783727],[122.75333404541016,-5.030070933991041],[122.75273323059082,-5.030669434688221],[122.75247573852539,-5.0316954346029945],[122.74955749511719,-5.0358849174628375],[122.74869918823242,-5.036739910648919],[122.74663925170898,-5.037765900987907],[122.74518013000488,-5.038022398319612],[122.74423599243164,-5.038535392679307],[122.74337768554688,-5.0386208916998925],[122.74209022521973,-5.039133885587162],[122.74157524108887,-5.040245370953471],[122.74045944213867,-5.0413568544180976],[122.7396011352539,-5.044947787994545],[122.7396011352539,-5.048795194779018],[122.73917198181152,-5.0494791758183055],[122.73951530456543,-5.051702109212954],[122.73917198181152,-5.052471584381152],[122.73865699768066,-5.052471584381152],[122.73857116699219,-5.0526425787389115],[122.73865699768066,-5.053412052790421],[122.73951530456543,-5.054438016770959],[122.73994445800781,-5.054609010609738],[122.7403736114502,-5.054010531976516],[122.74106025695801,-5.055121991855287],[122.7418327331543,-5.055121991855287],[122.74234771728516,-5.05469450751221],[122.74380683898926,-5.054267022887032],[122.74406433105469,-5.053839537979769],[122.74457931518555,-5.053412052790421],[122.74483680725098,-5.052300589978287],[122.74526596069336,-5.052044098289372],[122.74560928344727,-5.051103627895003],[122.7473258972168,-5.048880692448378],[122.74887084960938,-5.045802769251594],[122.75007247924805,-5.04426380217798],[122.75015830993652,-5.043579815640669],[122.75093078613281,-5.042211840404278],[122.75393486022949,-5.039219384529005],[122.75616645812988,-5.0386208916998925],[122.7568531036377,-5.038193396484502],[122.76002883911133,-5.038278895550079],[122.76114463806152,-5.0386208916998925],[122.76123046875,-5.039475881287018],[122.76165962219238,-5.0407583635580835],[122.76208877563477,-5.0410148597084685],[122.76294708251953,-5.040843862286124],[122.76406288146973,-5.039817876806836],[122.76449203491211,-5.039048386634079],[122.76612281799316,-5.037765900987907],[122.76766777038574,-5.036996408385477],[122.77350425720215,-5.032122934090054],[122.77710914611816,-5.029557932955484],[122.7843189239502,-5.023829393940929],[122.78732299804688,-5.021777367714492],[122.78861045837402,-5.020238343806511],[122.78895378112793,-5.019383328955058],[122.78964042663574,-5.018870319506277],[122.78998374938965,-5.019126824281102],[122.79092788696289,-5.0192978274082805],[122.79264450073242,-5.0178442993985755],[122.79444694519043,-5.016903779549338],[122.79521942138672,-5.016989281409806],[122.7956485748291,-5.017331288739754],[122.79607772827148,-5.018186306280413],[122.79693603515625,-5.018784817892268],[122.79865264892578,-5.018699316267046],[122.79925346374512,-5.01792980113585],[122.79916763305664,-5.0184428113241495],[122.79891014099121,-5.018784817892268],[122.7967643737793,-5.018955821109088],[122.79616355895996,-5.018613814630612],[122.79521942138672,-5.0174167905442175],[122.79444694519043,-5.0170747832590905],[122.79315948486328,-5.0178442993985755],[122.79290199279785,-5.018186306280413],[122.79333114624023,-5.018699316267046],[122.7945327758789,-5.018870319506277],[122.79547691345215,-5.0192978274082805],[122.79642105102539,-5.0201528423718],[122.7996826171875,-5.022204873710976],[122.80045509338379,-5.022290374876647],[122.80036926269531,-5.023401889009776],[122.80131340026855,-5.024342399488177],[122.80191421508789,-5.025453910121826],[122.80303001403809,-5.02656541885932],[122.80268669128418,-5.027078422252373],[122.80268669128418,-5.027762426147916],[122.80397415161133,-5.028018927423545],[122.80320167541504,-5.0279334270095575],[122.80191421508789,-5.02827542859815],[122.80165672302246,-5.02895943123643],[122.8000259399414,-5.030241934246391],[122.79891014099121,-5.031609934671863],[122.79916763305664,-5.0316954346029945],[122.79899597167969,-5.032379433647492],[122.79916763305664,-5.032293933806244],[122.80036926269531,-5.032977932221598],[122.80148506164551,-5.035799418082377],[122.80174255371094,-5.036226914872188],[122.80251502990723,-5.036397913509404],[122.80268669128418,-5.036825409905688],[122.80294418334961,-5.039646879069423],[122.80380249023438,-5.0410148597084685],[122.80320167541504,-5.041698848947632],[122.80328750610352,-5.042382837466448],[122.80277252197266,-5.043579815640669],[122.80277252197266,-5.044776791607987],[122.80105590820312,-5.046828745273089],[122.80045509338379,-5.047085239024966],[122.80036926269531,-5.047940217465452],[122.80011177062988,-5.048453203988842],[122.80011177062988,-5.049051687753291],[122.79959678649902,-5.049393678227844],[122.79985427856445,-5.049906663601519],[122.79951095581055,-5.050761638322356],[122.79959678649902,-5.051274622613647],[122.79805183410645,-5.053412052790421],[122.79788017272949,-5.053583046900016],[122.79762268066406,-5.053326555718712],[122.79607772827148,-5.055036495009233],[122.79547691345215,-5.05631894651485],[122.79504776000977,-5.060337278116208],[122.79393196105957,-5.061277735100788],[122.7930736541748,-5.062645670092252],[122.79144287109375,-5.06350062799271],[122.79144287109375,-5.064099097850459],[122.79084205627441,-5.0643555847627795],[122.7883529663086,-5.067775400535396],[122.78732299804688,-5.068630351650697],[122.78603553771973,-5.069570796570616],[122.78268814086914,-5.0711097034856465],[122.78105735778809,-5.073076079205876],[122.77856826782227,-5.074785966266845],[122.77616500854492,-5.077265294455728],[122.77530670166016,-5.077436282255377],[122.7751350402832,-5.077863751556137],[122.77401924133301,-5.078376714342966],[122.77384757995605,-5.0789751704117805],[122.77298927307129,-5.0803430679113575],[122.77290344238281,-5.080856028725222],[122.77204513549805,-5.081967442421103],[122.77092933654785,-5.082651388357959],[122.76972770690918,-5.0847032218112105],[122.76723861694336,-5.085387164842857],[122.76715278625488,-5.0860711071479585],[122.7667236328125,-5.086413078028045],[122.76646614074707,-5.0875244821335315],[122.76577949523926,-5.088464899492934],[122.76440620422363,-5.0891488385274215],[122.76440620422363,-5.08966179232614],[122.7641487121582,-5.08966179232614],[122.76432037353516,-5.090431222257294],[122.76406288146973,-5.091029667122953],[122.76346206665039,-5.091884587393608],[122.76311874389648,-5.092055571311363],[122.76303291320801,-5.092483030906777],[122.76251792907715,-5.092739506527607],[122.76226043701172,-5.09376540798776],[122.76208877563477,-5.094107374777295],[122.76217460632324,-5.094363849750039],[122.76165962219238,-5.0947913078105245],[122.7615737915039,-5.095731714542708],[122.76080131530762,-5.09701408514114],[122.7608871459961,-5.100006273247388],[122.76062965393066,-5.101887070062318],[122.76028633117676,-5.102570994810321],[122.76028633117676,-5.105477666855506],[122.7597713470459,-5.106247077839001],[122.75908470153809,-5.106674527986456],[122.75805473327637,-5.108127856356006],[122.75805473327637,-5.1083843257262345],[122.75753974914551,-5.108640794993832],[122.75745391845703,-5.108897264158799],[122.75771141052246,-5.109923139792244],[122.75856971740723,-5.111290971415087],[122.75959968566895,-5.112316843215467],[122.76165962219238,-5.113257224255591],[122.76320457458496,-5.11274428931398],[122.76440620422363,-5.111632928864452],[122.76543617248535,-5.109923139792244],[122.76569366455078,-5.109068243545096],[122.7681827545166,-5.105819627406575],[122.77127265930176,-5.101203144585455],[122.77487754821777,-5.097783506271426],[122.77667999267578,-5.0951332740541915],[122.77779579162598,-5.094021883096971],[122.77985572814941,-5.092739506527607],[122.78105735778809,-5.09239753901042],[122.78337478637695,-5.090089253512616],[122.78371810913086,-5.089405315477904],[122.78371810913086,-5.088892361474677],[122.78543472290039,-5.087951944740013],[122.78594970703125,-5.087268004433369],[122.78637886047363,-5.087182511843949],[122.78672218322754,-5.086840541372652],[122.78732299804688,-5.0847032218112105],[122.78826713562012,-5.08384829200007],[122.7875804901123,-5.084788714729882],[122.78715133666992,-5.0862420926107035],[122.7875804901123,-5.087011526631002],[122.78809547424316,-5.08666955606887],[122.78826713562012,-5.087353497011463],[122.78852462768555,-5.087609974677548],[122.78929710388184,-5.087951944740013],[122.79032707214355,-5.088806869101063],[122.79118537902832,-5.088977853836951],[122.7930736541748,-5.088550391912008],[122.79376029968262,-5.088037437227229],[122.79324531555176,-5.08872137671608],[122.79264450073242,-5.08872137671608],[122.79152870178223,-5.089234330855618],[122.78921127319336,-5.089234330855618],[122.78809547424316,-5.090174745715828],[122.7875804901123,-5.092568522791765],[122.78809547424316,-5.0928249983784895],[122.78852462768555,-5.092483030906777],[122.78878211975098,-5.092483030906777],[122.7890396118164,-5.092739506527607],[122.78852462768555,-5.092910490218003],[122.78843879699707,-5.093166965668303],[122.78740882873535,-5.093423441016299],[122.7872371673584,-5.094021883096971],[122.78749465942383,-5.094705816221179],[122.7886962890625,-5.095218765586665],[122.78783798217773,-5.095475240115874],[122.78715133666992,-5.095218765586665],[122.78629302978516,-5.095731714542708],[122.78620719909668,-5.096415645847088],[122.78663635253906,-5.0976125238777],[122.78646469116211,-5.098125470922369],[122.7857780456543,-5.0989803817530515],[122.7857780456543,-5.100006273247388],[122.78637886047363,-5.101032163102374],[122.78706550598145,-5.101117653849613],[122.78809547424316,-5.101801579417568],[122.78929710388184,-5.103254918829322],[122.79024124145508,-5.1029129569109415],[122.79075622558594,-5.10240001369165],[122.79264450073242,-5.101545107415006],[122.79247283935547,-5.10231452311524],[122.7912712097168,-5.102485504256677],[122.79006958007812,-5.103511390148498],[122.78946876525879,-5.1035968805654335],[122.79024124145508,-5.104622764680059],[122.79049873352051,-5.105392176689236],[122.7912712097168,-5.105819627406575],[122.78998374938965,-5.1064180579321885],[122.78946876525879,-5.10701648789923],[122.78955459594727,-5.107614917307686],[122.78998374938965,-5.107871386883161],[122.78964042663574,-5.108298835947551],[122.7898120880127,-5.1091537332211345],[122.78938293457031,-5.107700407177589],[122.78912544250488,-5.107700407177589],[122.78818130493164,-5.107956876718845],[122.78800964355469,-5.108469815493493],[122.78732299804688,-5.10881177444854],[122.78680801391602,-5.109666671037857],[122.78552055358887,-5.110179608443971],[122.78491973876953,-5.109923139792244],[122.7835464477539,-5.1103505874880994],[122.78328895568848,-5.110179608443971],[122.78234481811523,-5.110863524346669],[122.78097152709961,-5.110179608443971],[122.77856826782227,-5.110607055968714],[122.77788162231445,-5.110265097971734],[122.77590751647949,-5.110179608443971],[122.77539253234863,-5.1104360769930395],[122.77462005615234,-5.110265097971734],[122.77436256408691,-5.110607055968714],[122.77178764343262,-5.110521566486582],[122.7711009979248,-5.111034503208259],[122.77092933654785,-5.111461950162578],[122.77092933654785,-5.113684669726368],[122.77007102966309,-5.114967004426433],[122.76981353759766,-5.115650915216094],[122.76998519897461,-5.116847757339414],[122.77058601379395,-5.118215574167678],[122.77058601379395,-5.119668876343056],[122.76947021484375,-5.120780222837013],[122.7681827545166,-5.121378639379799],[122.76577949523926,-5.12419973839269],[122.76423454284668,-5.12676436305027],[122.7638053894043,-5.12898702942276],[122.7615737915039,-5.132919420197879],[122.76071548461914,-5.13591144041763],[122.75951385498047,-5.136338870731393],[122.75908470153809,-5.1374501882057615],[122.75822639465332,-5.138305046482728],[122.75753974914551,-5.1385615037421815],[122.75625228881836,-5.140869614431423],[122.75522232055664,-5.141809953425323],[122.75453567504883,-5.143177716755574],[122.75376319885254,-5.143690627246784],[122.7531623840332,-5.144801931893127],[122.75273323059082,-5.145058386535936],[122.75075912475586,-5.147280989110186],[122.74998664855957,-5.149247131067369],[122.74930000305176,-5.149845520891134],[122.74844169616699,-5.150956814783768],[122.74827003479004,-5.154119717534385],[122.74784088134766,-5.155316487441723],[122.74724006652832,-5.155829388140205],[122.74681091308594,-5.156769705011428],[122.74603843688965,-5.1573680877498305],[122.74518013000488,-5.160018061667486],[122.74406433105469,-5.1610438550516164],[122.74251937866211,-5.164719601054259],[122.74106025695801,-5.167284062387964],[122.73908615112305,-5.169592068713754],[122.7381420135498,-5.169933994861552],[122.73728370666504,-5.169848513341918],[122.73728370666504,-5.174720941539931],[122.73822784423828,-5.177285362363762],[122.7389144897461,-5.178396608158053],[122.73968696594238,-5.17882400986656],[122.74054527282715,-5.17993525295627],[122.7418327331543,-5.1802771735139],[122.74320602416992,-5.179764292608084],[122.74552345275879,-5.177627284354628],[122.74681091308594,-5.176003153251486],[122.74792671203613,-5.175233826536427],[122.74827003479004,-5.17429353705856],[122.74904251098633,-5.174464498885769],[122.74887084960938,-5.17378065129985],[122.74895668029785,-5.173524208264595],[122.74998664855957,-5.1736096892879],[122.75118827819824,-5.173267765125402],[122.75187492370605,-5.173438727229751],[122.75238990783691,-5.174379017977941],[122.75256156921387,-5.176003153251486],[122.75307655334473,-5.176430556577742],[122.75264739990234,-5.177114401298994],[122.7528190612793,-5.177541803874249],[122.75393486022949,-5.179251411286103],[122.75693893432617,-5.185747877269307],[122.75728225708008,-5.188141295258134],[122.75702476501465,-5.189081564127392],[122.75711059570312,-5.19019278916619],[122.75676727294922,-5.190876618986309],[122.75668144226074,-5.191816883778301],[122.75444984436035,-5.1963472308468965],[122.75093078613281,-5.202159703899341],[122.74921417236328,-5.20566425730091],[122.74887084960938,-5.206604500013327],[122.74784088134766,-5.212160450968156],[122.74792671203613,-5.2125023540376105],[122.74844169616699,-5.212929732612665],[122.74869918823242,-5.213784488890212],[122.74758338928223,-5.21720350236285],[122.7476692199707,-5.2190839518328715],[122.74809837341309,-5.2207079718385785],[122.7499008178711,-5.223186731106168],[122.75359153747559,-5.22558000661445],[122.75410652160645,-5.226605693319428],[122.75453567504883,-5.228400641011362],[122.75565147399902,-5.228400641011362],[122.75994300842285,-5.224639792326343],[122.76062965393066,-5.223870525041235],[122.76131629943848,-5.2226738851652925],[122.76226043701172,-5.219511325926291],[122.76620864868164,-5.213613537727781],[122.76715278625488,-5.211733071869631],[122.76792526245117,-5.209596172015807],[122.76869773864746,-5.206604500013327],[122.7692985534668,-5.205407827226253],[122.77470588684082,-5.199595384166898],[122.77753829956055,-5.196005318996768],[122.7791690826416,-5.193440974207405],[122.78165817260742,-5.187713899854373],[122.78277397155762,-5.185747877269307],[122.78337478637695,-5.18480760343374],[122.78457641601562,-5.184380205772868],[122.78775215148926,-5.184209246627518],[122.78929710388184,-5.185747877269307],[122.78989791870117,-5.186004315345059],[122.79092788696289,-5.186004315345059],[122.79264450073242,-5.185405959672934],[122.79333114624023,-5.18549143908939],[122.79427528381348,-5.186773628947265],[122.79616355895996,-5.188312253338566],[122.79830932617188,-5.19062018289064],[122.79830932617188,-5.190962097661682],[122.79882431030273,-5.191047576325488],[122.79908180236816,-5.191731405218775],[122.79959678649902,-5.191731405218775],[122.80139923095703,-5.196603664612738],[122.80242919921875,-5.196774620398642],[122.80345916748047,-5.198911563807499],[122.80474662780762,-5.19942442914666],[122.80637741088867,-5.201732318002755],[122.80654907226562,-5.20258708950567],[122.80603408813477,-5.20258708950567],[122.80792236328125,-5.2087414100394795],[122.80714988708496,-5.214895670311478],[122.80878067016602,-5.21557947328543],[122.81006813049316,-5.216605176349603],[122.81075477600098,-5.216519701158276],[122.81084060668945,-5.21703255213157],[122.81255722045898,-5.218314677730945],[122.81272888183594,-5.219254901505181],[122.81238555908203,-5.219254901505181],[122.81255722045898,-5.220024174454011],[122.8121280670166,-5.219853224991368],[122.81144142150879,-5.22053702256234],[122.81135559082031,-5.221049870251235],[122.81084060668945,-5.2216481920248015],[122.81041145324707,-5.221733666517281],[122.81006813049316,-5.222246513227375],[122.80826568603516,-5.222502936425087],[122.80783653259277,-5.223272205388852],[122.80792236328125,-5.223699576627411],[122.80757904052734,-5.22352862816696],[122.80543327331543,-5.224297895871771],[122.8048324584961,-5.22558000661445],[122.80526161193848,-5.226178324063127],[122.80526161193848,-5.226605693319428],[122.80431747436523,-5.228486114582637],[122.80200004577637,-5.230879369840579],[122.80105590820312,-5.232075994037814],[122.8007984161377,-5.23216146710719],[122.80071258544922,-5.232759778265915],[122.80045509338379,-5.233016197158776],[122.80071258544922,-5.233443561746654],[122.80062675476074,-5.2336999803592335],[122.79959678649902,-5.23412734447993],[122.79899597167969,-5.234982071845252],[122.79848098754883,-5.234896599161289],[122.79805183410645,-5.235153017178135],[122.79753684997559,-5.237375302252488],[122.79659271240234,-5.238400969622191],[122.79650688171387,-5.23891380267581],[122.79504776000977,-5.239255691144393],[122.79367446899414,-5.2425036222640955],[122.79247283935547,-5.2427600371594565],[122.79221534729004,-5.2425890939075686],[122.79195785522461,-5.243016451949501],[122.79152870178223,-5.2431019235227865],[122.79118537902832,-5.242418150608913],[122.79067039489746,-5.2425036222640955],[122.78964042663574,-5.243358338172456],[122.78886795043945,-5.2425036222640955],[122.78775215148926,-5.2425890939075686],[122.78792381286621,-5.243272866634257],[122.7872371673584,-5.243785695687848],[122.78697967529297,-5.2455805940576425],[122.78646469116211,-5.245666065279835],[122.78526306152344,-5.244127581489522],[122.78500556945801,-5.244042110056668],[122.78363227844238,-5.244127581489522],[122.783203125,-5.244383995717925],[122.78268814086914,-5.244127581489522],[122.78217315673828,-5.244640409840997],[122.78140068054199,-5.24472588119194],[122.78105735778809,-5.2452387090518044],[122.78131484985352,-5.245666065279835],[122.78045654296875,-5.2457515364903315],[122.78019905090332,-5.245837007689104],[122.78037071228027,-5.246093421215193],[122.77994155883789,-5.246178892367155],[122.77994155883789,-5.246520776857878],[122.77942657470703,-5.246948132207876],[122.77908325195312,-5.24720454527737],[122.77873992919922,-5.247119074265896],[122.77856826782227,-5.247546429206082],[122.77745246887207,-5.247973783853496],[122.77702331542969,-5.248486609043937],[122.77522087097168,-5.249597728843327],[122.77487754821777,-5.250196023299935],[122.77444839477539,-5.250366964467801],[122.77290344238281,-5.252076373568656],[122.77290344238281,-5.2525891953848145],[122.77230262756348,-5.2525891953848145],[122.77118682861328,-5.253956718164801],[122.77084350585938,-5.253956718164801],[122.7707576751709,-5.253272957149932],[122.77050018310547,-5.253272957149932],[122.77058601379395,-5.25387124807898],[122.76861190795898,-5.2547259484096145],[122.76801109313965,-5.2547259484096145],[122.76680946350098,-5.25523876804516],[122.7663803100586,-5.254982358280159],[122.76535034179688,-5.25566611741894],[122.76423454284668,-5.2555806475676405],[122.76183128356934,-5.256093466499522],[122.76097297668457,-5.25600799670687],[122.76054382324219,-5.25566611741894],[122.75779724121094,-5.255153298135227],[122.75505065917969,-5.25532423794337],[122.75453567504883,-5.254640478429323],[122.75436401367188,-5.25387124807898],[122.75230407714844,-5.251392610490811],[122.75041580200195,-5.249768670175229],[122.74955749511719,-5.248657550680377],[122.74869918823242,-5.2473754872651455],[122.74749755859375,-5.244383995717925],[122.74758338928223,-5.243956638612104],[122.74895668029785,-5.243272866634257],[122.75050163269043,-5.242845508767829],[122.75359153747559,-5.240879658815274],[122.75453567504883,-5.239341163232297],[122.75410652160645,-5.23891380267581],[122.75341987609863,-5.239084746933472],[122.75230407714844,-5.238657386201595],[122.75110244750977,-5.238742858371353],[122.7499008178711,-5.238571914020156],[122.74938583374023,-5.238230025177472],[122.74938583374023,-5.238400969622191],[122.74835586547852,-5.238742858371353],[122.74809837341309,-5.239341163232297],[122.74749755859375,-5.239768523496508],[122.7476692199707,-5.23993946752033],[122.7473258972168,-5.240366827375269],[122.74552345275879,-5.2425036222640955],[122.74415016174316,-5.243358338172456],[122.74277687072754,-5.243700224208169],[122.74088859558105,-5.243358338172456],[122.7396011352539,-5.242247207263446],[122.73822784423828,-5.241819848695059],[122.73797035217285,-5.241477961629812],[122.73736953735352,-5.241392489834254],[122.73702621459961,-5.241734376946297],[122.7334213256836,-5.241563433413674],[122.73161888122559,-5.2427600371594565],[122.73161888122559,-5.243272866634257],[122.7308464050293,-5.243529281213711],[122.73007392883301,-5.245324180320836],[122.72981643676758,-5.245324180320836],[122.72578239440918,-5.248657550680377],[122.72303581237793,-5.252760135896423],[122.72294998168945,-5.253529367618455],[122.72217750549316,-5.2537857779814345],[122.72192001342773,-5.255409707829855],[122.72140502929688,-5.255409707829855],[122.72123336791992,-5.25694816378099],[122.72037506103516,-5.258486615931304],[122.71934509277344,-5.25874302425342],[122.71831512451172,-5.260281471968042],[122.71754264831543,-5.260110533520873],[122.71410942077637,-5.261734446873049],[122.71282196044922,-5.264298511956483],[122.71273612976074,-5.264982260860037],[122.7121353149414,-5.26549507204426],[122.71170616149902,-5.2663497564113015],[122.71162033081055,-5.266862566467452],[122.7117919921875,-5.267460844331538],[122.71127700805664,-5.267802717138153],[122.71127700805664,-5.268742866386489],[122.71059036254883,-5.2692556744678285],[122.70998954772949,-5.270623160615173],[122.70973205566406,-5.2703667571918515],[122.70956039428711,-5.270452225011397],[122.70964622497559,-5.2707940961718975],[122.70947456359863,-5.2707940961718975],[122.70904541015625,-5.271477837928359],[122.7019214630127,-5.271477837928359],[122.7019214630127,-5.266520693143704],[122.7022647857666,-5.2654096035429205],[122.70260810852051,-5.262845543040271],[122.70243644714355,-5.2619053848740975],[122.70269393920898,-5.261307101664954],[122.70295143127441,-5.258401146467136],[122.7066421508789,-5.253700307872165],[122.70835876464844,-5.249426787464586],[122.71050453186035,-5.245837007689104],[122.71119117736816,-5.243614752716795],[122.71265029907227,-5.241136074377394],[122.71265029907227,-5.240366827375269],[122.71170616149902,-5.240281355427669],[122.71076202392578,-5.240965130681005],[122.70672798156738,-5.245495122823755],[122.70329475402832,-5.250452435034163],[122.70097732543945,-5.252503725111424],[122.70037651062012,-5.253358427317821],[122.69960403442383,-5.2547259484096145],[122.69857406616211,-5.259084901851949],[122.69591331481934,-5.267033503058826],[122.69256591796875,-5.271477837928359],[122.6898193359375,-5.271477837928359],[122.6898193359375,-5.018613814630612],[122.69050598144531,-5.01792980113585],[122.68999099731445,-5.0180153028618975],[122.68990516662598,-5.0178442993985755],[122.69007682800293,-5.017673295890447],[122.6898193359375,-5.017673295890447]],[[122.70526885986328,-5.003052330398901],[122.7051830291748,-5.003137834071467],[122.70535469055176,-5.003308841383088],[122.70526885986328,-5.003052330398901]],[[122.82045364379883,-4.925752464339155],[122.82002449035645,-4.926009005386334],[122.8190803527832,-4.926607600778041],[122.81890869140625,-4.927120682113326],[122.81925201416016,-4.92780478994419],[122.82071113586426,-4.9272061956306885],[122.82079696655273,-4.9267786279338],[122.82122611999512,-4.927035168584936],[122.8216552734375,-4.9267786279338],[122.8216552734375,-4.926094519046714],[122.82088279724121,-4.926009005386334],[122.82088279724121,-4.926436573578272],[122.82071113586426,-4.92592349171494],[122.82045364379883,-4.925752464339155]],[[122.81573295593262,-4.915918316281221],[122.81702041625977,-4.914464560331368],[122.8172779083252,-4.912668739779292],[122.81719207763672,-4.912070131853412],[122.81693458557129,-4.912070131853412],[122.81702041625977,-4.9108729143892305],[122.81667709350586,-4.9108729143892305],[122.81676292419434,-4.91198461639155],[122.8165054321289,-4.912412193591166],[122.81384468078613,-4.913181831859347],[122.81341552734375,-4.913865954018334],[122.8132438659668,-4.914806620840238],[122.81350135803223,-4.915234196229363],[122.81573295593262,-4.915918316281221]],[[122.80036926269531,-4.9349878796306115],[122.80131340026855,-4.935757491772904],[122.80131340026855,-4.93601402895527],[122.80165672302246,-4.935843004178054],[122.80200004577637,-4.935073392134953],[122.80200004577637,-4.934645829503069],[122.80097007751465,-4.9339617287190976],[122.79976844787598,-4.933876216071511],[122.79942512512207,-4.933363139954693],[122.79916763305664,-4.9334486526683605],[122.79908180236816,-4.93379070341291],[122.7996826171875,-4.934047241355657],[122.80036926269531,-4.934645829503069],[122.80036926269531,-4.9349878796306115]],[[122.78852462768555,-4.977400725138921],[122.78972625732422,-4.977828260103706],[122.79298782348633,-4.978084780949217],[122.794189453125,-4.9779137670633276],[122.79487609863281,-4.9774862321541065],[122.79521942138672,-4.975776089738986],[122.79470443725586,-4.973296375343821],[122.7945327758789,-4.9691919999638685],[122.794189453125,-4.967139802686091],[122.79341697692871,-4.966455735507068],[122.79075622558594,-4.966113701651395],[122.78697967529297,-4.966455735507068],[122.78560638427734,-4.969705048284808],[122.78552055358887,-4.972184776203832],[122.78586387634277,-4.972612314556656],[122.78646469116211,-4.9745789874041435],[122.78766632080078,-4.976545654375826],[122.78852462768555,-4.977400725138921]],[[122.7308464050293,-5.1955779289232],[122.72912979125977,-5.196945576138148],[122.7279281616211,-5.198056787314002],[122.7256965637207,-5.19942442914666],[122.72449493408203,-5.201817795205287],[122.7216625213623,-5.204724013182727],[122.72028923034668,-5.206433546897458],[122.71780014038086,-5.210878312800276],[122.71754264831543,-5.212758781217545],[122.71797180175781,-5.212929732612665],[122.71908760070801,-5.212416878287684],[122.7202033996582,-5.212844256920917],[122.72106170654297,-5.212844256920917],[122.72415161132812,-5.211220216567597],[122.72595405578613,-5.210878312800276],[122.72646903991699,-5.210536408846906],[122.72775650024414,-5.209425219713538],[122.72955894470215,-5.206946406105615],[122.73136138916016,-5.205407827226253],[122.73290634155273,-5.203441859847487],[122.73651123046875,-5.199680861659601],[122.73745536804199,-5.198398698050639],[122.73874282836914,-5.1938683657301965],[122.73865699768066,-5.19309906078054],[122.73831367492676,-5.1924152333704825],[122.73848533630371,-5.1897653951521505],[122.73822784423828,-5.1889106062553765],[122.7377986907959,-5.188996085197175],[122.73719787597656,-5.188654169360518],[122.73625373840332,-5.18882512730201],[122.73565292358398,-5.189167043046012],[122.7337646484375,-5.192158797900504],[122.7308464050293,-5.1955779289232]]]}},{"type":"Feature","id":"pmtiles:10/861/526:water:450:1","properties":{"class":"ocean","water":"ocean","kind":"waterway","verification":"verified","source":"OpenMapTiles/OpenStreetMap national PMTiles","sourceId":"10/861/526:water:450:1","sourceLayer":"water","archive":"https://its.hanifahseptiani45.workers.dev/v1/map/archive/indonesia.pmtiles","updatedAt":"2026-07-26T09:44:22.703Z"},"geometry":{"type":"Polygon","coordinates":[[[123.00773620605469,-4.912497708998174],[123.00816535949707,-4.910359820532264],[123.0523681640625,-4.910359820532264],[123.0523681640625,-5.151213266944623],[123.05185317993164,-5.151555202998125],[123.0512523651123,-5.150614878408348],[123.05022239685059,-5.150614878408348],[123.05065155029297,-5.150101973500327],[123.05056571960449,-5.149247131067369],[123.04910659790039,-5.148648740680443],[123.04859161376953,-5.147280989110186],[123.04867744445801,-5.1466825968732905],[123.04678916931152,-5.145656780300513],[123.04610252380371,-5.145742265078098],[123.04584503173828,-5.145229356240378],[123.0465316772461,-5.144972901666492],[123.04627418518066,-5.144374507258803],[123.04515838623047,-5.144118052340417],[123.04498672485352,-5.14386159731869],[123.0439567565918,-5.143947082337405],[123.04224014282227,-5.143605142193621],[123.04266929626465,-5.143177716755574],[123.0428409576416,-5.1414680121336716],[123.04232597351074,-5.1414680121336716],[123.0413818359375,-5.14095509985188],[123.04146766662598,-5.140698643556078],[123.04121017456055,-5.1404421871570065],[123.04095268249512,-5.140698643556078],[123.0402660369873,-5.140527672634846],[123.03975105285645,-5.139843788490936],[123.03863525390625,-5.139330874901148],[123.0388069152832,-5.138646989472392],[123.0362319946289,-5.137364702314997],[123.03425788879395,-5.136766300758552],[123.03408622741699,-5.136338870731393],[123.0333137512207,-5.13599692650331],[123.03211212158203,-5.135825954320481],[123.03159713745117,-5.136338870731393],[123.03030967712402,-5.13599692650331],[123.02953720092773,-5.136253384691571],[123.02970886230469,-5.136766300758552],[123.0289363861084,-5.136766300758552],[123.02885055541992,-5.136509842776647],[123.02824974060059,-5.1366808147760565],[123.02790641784668,-5.136253384691571],[123.02661895751953,-5.137022758637258],[123.02644729614258,-5.137364702314997],[123.02661895751953,-5.1376211599529],[123.02644729614258,-5.137877617487604],[123.02584648132324,-5.137963103309559],[123.02533149719238,-5.1374501882057615],[123.0245590209961,-5.137963103309559],[123.02404403686523,-5.137792131654166],[123.0223274230957,-5.138219560706645],[123.02018165588379,-5.140356701667713],[123.01880836486816,-5.140784128999485],[123.01666259765625,-5.14215189453337],[123.01597595214844,-5.142237379781676],[123.01314353942871,-5.143947082337405],[123.01288604736328,-5.143434172052849],[123.01254272460938,-5.143605142193621],[123.01254272460938,-5.143947082337405],[123.01159858703613,-5.144118052340417],[123.01185607910156,-5.144716446989236],[123.01168441772461,-5.144972901666492],[123.0109977722168,-5.1446309620738475],[123.0098819732666,-5.144972901666492],[123.0095386505127,-5.1453148410753755],[123.0095386505127,-5.14599871934189],[123.00910949707031,-5.145827749844173],[123.00816535949707,-5.146084204073517],[123.00713539123535,-5.1470245353633],[123.00653457641602,-5.147280989110186],[123.00576210021973,-5.148135834186306],[123.00430297851562,-5.148563256293471],[123.0040454864502,-5.149076162442853],[123.00250053405762,-5.150016489308754],[123.00189971923828,-5.150871330707162],[123.00198554992676,-5.1512987509752435],[123.00232887268066,-5.151640686982759],[123.00172805786133,-5.152666493901364],[122.99975395202637,-5.1531793967396595],[122.99992561340332,-5.15420520117398],[122.99872398376465,-5.154376168418651],[122.99820899963379,-5.155914871549669],[122.99726486206055,-5.157026154825516],[122.9974365234375,-5.157710020489958],[122.99717903137207,-5.15865033457554],[122.99649238586426,-5.158992266624907],[122.99520492553711,-5.16010354451285],[122.99460411071777,-5.161556751121665],[122.99357414245605,-5.162753507005519],[122.9934024810791,-5.1636938136155806],[122.99245834350586,-5.1636938136155806],[122.9916000366211,-5.164035742946226],[122.99031257629395,-5.16617279708413],[122.98988342285156,-5.166514725077491],[122.98971176147461,-5.167113098621925],[122.98919677734375,-5.167113098621925],[122.98868179321289,-5.167967916990804],[122.98713684082031,-5.1690791791459105],[122.9867935180664,-5.169933994861552],[122.9867935180664,-5.1705323651759585],[122.98627853393555,-5.170959772197193],[122.98559188842773,-5.173182284055926],[122.9853343963623,-5.173438727229751],[122.98430442810059,-5.17378065129985],[122.98378944396973,-5.1746354606667495],[122.98224449157715,-5.175917672551563],[122.98233032226562,-5.176430556577742],[122.9838752746582,-5.178225647393745],[122.9835319519043,-5.179336891535328],[122.98336029052734,-5.179507851999119],[122.9820728302002,-5.179507851999119],[122.98190116882324,-5.1803626536244],[122.98172950744629,-5.179849772787961],[122.98018455505371,-5.179336891535328],[122.97915458679199,-5.179422371773015],[122.97898292541504,-5.179764292608084],[122.97821044921875,-5.1802771735139],[122.97640800476074,-5.182670612236919],[122.97640800476074,-5.183098011054739],[122.97469139099121,-5.1847221239247006],[122.97383308410645,-5.186004315345059],[122.97125816345215,-5.188397732361437],[122.97022819519043,-5.189679916314589],[122.97005653381348,-5.1902782679342465],[122.97065734863281,-5.1923297548920715],[122.97057151794434,-5.192757147168223],[122.96979904174805,-5.193355495868076],[122.96876907348633,-5.193184539154643],[122.96808242797852,-5.1938683657301965],[122.96791076660156,-5.194295756963186],[122.96799659729004,-5.195492450873687],[122.96842575073242,-5.195663406961103],[122.96954154968262,-5.1979713096008595],[122.97014236450195,-5.198398698050639],[122.96756744384766,-5.199680861659601],[122.96679496765137,-5.199338951619154],[122.96645164489746,-5.19882608621036],[122.96473503112793,-5.198911563807499],[122.96241760253906,-5.2003646811834585],[122.9619026184082,-5.20130493181594],[122.96121597290039,-5.201817795205287],[122.96061515808105,-5.202843520730141],[122.96070098876953,-5.204467582724746],[122.96104431152344,-5.2052368737850685],[122.96181678771973,-5.206091640526282],[122.96344757080078,-5.206262593735104],[122.9630184173584,-5.2065190234611975],[122.96181678771973,-5.2065190234611975],[122.96070098876953,-5.205151397047061],[122.9601001739502,-5.205151397047061],[122.96001434326172,-5.205749733969213],[122.96095848083496,-5.206177117136505],[122.96138763427734,-5.206946406105615],[122.96250343322754,-5.20720283555282],[122.96233177185059,-5.2079721232668845],[122.96293258666992,-5.2081430759643865],[122.9633617401123,-5.2087414100394795],[122.9630184173584,-5.20882688628943],[122.96284675598145,-5.209168791172971],[122.96327590942383,-5.209852600382007],[122.96319007873535,-5.210194504707474],[122.96233177185059,-5.210450932829488],[122.9619026184082,-5.211134740643217],[122.96138763427734,-5.210621884852699],[122.96138763427734,-5.209767124271565],[122.96087265014648,-5.209168791172971],[122.96035766601562,-5.208057599621441],[122.958984375,-5.207544741319737],[122.95795440673828,-5.20788664690069],[122.95632362365723,-5.207715694133455],[122.95563697814941,-5.208399504923449],[122.95555114746094,-5.209083314969519],[122.95598030090332,-5.210194504707474],[122.95529365539551,-5.210878312800276],[122.95598030090332,-5.213699013314823],[122.95598030090332,-5.214981145723954],[122.95632362365723,-5.216006849765876],[122.95615196228027,-5.216348750740707],[122.95520782470703,-5.216776126697312],[122.9549503326416,-5.217288977461038],[122.9538345336914,-5.217118027253036],[122.95331954956055,-5.217459927622457],[122.95263290405273,-5.217374452547574],[122.95177459716797,-5.217716352777273],[122.95005798339844,-5.216947076998451],[122.94877052307129,-5.216776126697312],[122.94825553894043,-5.216861601853708],[122.94731140136719,-5.217459927622457],[122.9468822479248,-5.217374452547574],[122.94602394104004,-5.216861601853708],[122.94447898864746,-5.216263275514464],[122.94404983520508,-5.213100683961244],[122.94327735900879,-5.2125878297758845],[122.94276237487793,-5.2125023540376105],[122.94241905212402,-5.211904023543951],[122.94198989868164,-5.2115621201488125],[122.94113159179688,-5.211647596015041],[122.94035911560059,-5.211049264707185],[122.93872833251953,-5.210536408846906],[122.93692588806152,-5.208997838754456],[122.93606758117676,-5.207715694133455],[122.93546676635742,-5.206262593735104],[122.9344367980957,-5.205920687270989],[122.93375015258789,-5.205151397047061],[122.93400764465332,-5.204638536375015],[122.93383598327637,-5.20258708950567],[122.93417930603027,-5.199851816610206],[122.93400764465332,-5.19745844307829],[122.93332099914551,-5.195492450873687],[122.93229103088379,-5.193355495868076],[122.93280601501465,-5.1923297548920715],[122.93194770812988,-5.189508958604719],[122.93143272399902,-5.188996085197175],[122.93083190917969,-5.1897653951521505],[122.93014526367188,-5.188568690372406],[122.93083190917969,-5.188226774304141],[122.93023109436035,-5.187457462473191],[122.92774200439453,-5.185064041891394],[122.92688369750977,-5.1847221239247006],[122.92671203613281,-5.184380205772868],[122.92688369750977,-5.183952807822735],[122.92679786682129,-5.183354450206608],[122.92551040649414,-5.183012531314304],[122.9245662689209,-5.181559373957327],[122.92405128479004,-5.181559373957327],[122.92387962341309,-5.181901293636159],[122.92293548583984,-5.1827560920236095],[122.92156219482422,-5.183012531314304],[122.92113304138184,-5.1827560920236095],[122.92104721069336,-5.182414172807441],[122.92027473449707,-5.1824996526288345],[122.92001724243164,-5.181986773526958],[122.92044639587402,-5.181473894008732],[122.92061805725098,-5.180875534044603],[122.91993141174316,-5.178140166994254],[122.91993141174316,-5.177541803874249],[122.92044639587402,-5.1763450759356004],[122.92027473449707,-5.176088633939841],[122.92061805725098,-5.175575749636394],[122.92036056518555,-5.174977384090155],[122.9205322265625,-5.174806422401559],[122.92104721069336,-5.174806422401559],[122.92250633239746,-5.174379017977941],[122.92405128479004,-5.1736096892879],[122.92439460754395,-5.173182284055926],[122.92465209960938,-5.173438727229751],[122.92679786682129,-5.172754878535315],[122.92911529541016,-5.171558141542164],[122.92963027954102,-5.171558141542164],[122.93014526367188,-5.170959772197193],[122.93108940124512,-5.170703328019073],[122.93134689331055,-5.170190439351245],[122.9318618774414,-5.170104957866215],[122.93246269226074,-5.169592068713754],[122.93306350708008,-5.168566289162726],[122.93520927429199,-5.167711471601237],[122.93726921081543,-5.166429243096445],[122.93787002563477,-5.166429243096445],[122.93898582458496,-5.164890565465996],[122.94053077697754,-5.163779295965526],[122.9425048828125,-5.161300303138489],[122.94327735900879,-5.159248715540997],[122.94447898864746,-5.1574535709521285],[122.947998046875,-5.150443910151651],[122.94859886169434,-5.149931005105685],[122.94885635375977,-5.149247131067369],[122.94894218444824,-5.1478793807841186],[122.94980049133301,-5.146768081513031],[122.94980049133301,-5.145485810710909],[122.95083045959473,-5.143947082337405],[122.95100212097168,-5.143177716755574],[122.95615196228027,-5.1388179608984075],[122.95838356018066,-5.1374501882057615],[122.9593276977539,-5.13719373049905],[122.96027183532715,-5.136338870731393],[122.96061515808105,-5.136595328782079],[122.96327590942383,-5.13300490668469],[122.96387672424316,-5.132491987592019],[122.96525001525879,-5.132235527891012],[122.96542167663574,-5.131893581462634],[122.96567916870117,-5.1274482612197545],[122.96619415283203,-5.124883639308123],[122.96662330627441,-5.123601324491176],[122.9673957824707,-5.123173885647006],[122.96748161315918,-5.122660958656624],[122.96833992004395,-5.121720591438475],[122.97065734863281,-5.11975436460348],[122.9710865020752,-5.118643016326743],[122.97383308410645,-5.115308959912625],[122.97383308410645,-5.115052493315119],[122.97245979309082,-5.113855647834782],[122.97271728515625,-5.112145864696174],[122.9725456237793,-5.1107780348987575],[122.97185897827148,-5.108469815493493],[122.97220230102539,-5.10701648789923],[122.97245979309082,-5.106760017981756],[122.97306060791016,-5.1068455079656445],[122.97314643859863,-5.106503547961665],[122.9725456237793,-5.105819627406575],[122.97211647033691,-5.104537274399831],[122.97185897827148,-5.102998447407629],[122.97194480895996,-5.100433727552883],[122.97177314758301,-5.097783506271426],[122.97117233276367,-5.096159171693273],[122.97100067138672,-5.094107374777295],[122.97014236450195,-5.092568522791765],[122.96936988830566,-5.091799095417699],[122.96868324279785,-5.090602206561442],[122.96868324279785,-5.09034573008816],[122.9696273803711,-5.089319823172431],[122.9696273803711,-5.088892361474677],[122.97082901000977,-5.087353497011463],[122.97245979309082,-5.0864985707196695],[122.97323226928711,-5.084959700533204],[122.97340393066406,-5.082907867897077],[122.9743480682373,-5.079659119524436],[122.97469139099121,-5.0773507883612155],[122.97451972961426,-5.076581342803777],[122.97486305236816,-5.075726402218905],[122.97477722167969,-5.074785966266845],[122.97537803649902,-5.07264860673277],[122.9754638671875,-5.071280692916474],[122.97675132751465,-5.0679463908489595],[122.97700881958008,-5.066663962394202],[122.97863960266113,-5.063329636503042],[122.97872543334961,-5.061876207015516],[122.97992706298828,-5.060593766520313],[122.98009872436523,-5.059311323483186],[122.97975540161133,-5.058028877904761],[122.97846794128418,-5.056147953127507],[122.97769546508789,-5.05349754985086],[122.97683715820312,-5.0526425787389115],[122.97675132751465,-5.0518731037737155],[122.9754638671875,-5.050419648569331],[122.9740047454834,-5.049564673397512],[122.97374725341797,-5.049051687753291],[122.97237396240234,-5.044691293397804],[122.97237396240234,-5.039048386634079],[122.97185897827148,-5.038535392679307],[122.97125816345215,-5.038278895550079],[122.969970703125,-5.035286421563612],[122.96954154968262,-5.031780934522871],[122.9696273803711,-5.030241934246391],[122.969970703125,-5.029386932520467],[122.9688549041748,-5.026736420035235],[122.96765327453613,-5.025881413706827],[122.96585083007812,-5.025282908609299],[122.96404838562012,-5.026137915723169],[122.96224594116211,-5.026137915723169],[122.96061515808105,-5.026907421166257],[122.95992851257324,-5.028018927423545],[122.95915603637695,-5.027591425241383],[122.95881271362305,-5.027676925700263],[122.95829772949219,-5.028189928217827],[122.95709609985352,-5.028788430644212],[122.95632362365723,-5.028617430007088],[122.95580863952637,-5.029215932040529],[122.95374870300293,-5.026907421166257],[122.95280456542969,-5.025453910121826],[122.95254707336426,-5.023743892977137],[122.95194625854492,-5.0223758760310915],[122.95168876647949,-5.020494848043398],[122.9520320892334,-5.018784817892268],[122.95271873474121,-5.01852831298298],[122.95357704162598,-5.018699316267046],[122.95615196228027,-5.0172457869240645],[122.95666694641113,-5.016732775794765],[122.95537948608398,-5.013996709629524],[122.95555114746094,-5.012714174668133],[122.9564094543457,-5.010833118836615],[122.95623779296875,-5.009978091668515],[122.95520782470703,-5.007241997214834],[122.95512199401855,-5.006472468586836],[122.95563697814941,-5.005104415457126],[122.95537948608398,-5.001171246776607],[122.95649528503418,-4.999119149388633],[122.95683860778809,-4.99766557651553],[122.95778274536133,-4.9956989727898105],[122.95838356018066,-4.992107768153943],[122.9593276977539,-4.989115082604073],[122.95967102050781,-4.986720924338741],[122.96121597290039,-4.9809065036462385],[122.96130180358887,-4.978939849711708],[122.96224594116211,-4.976289132930219],[122.9633617401123,-4.971244190850641],[122.96379089355469,-4.968764459391281],[122.96344757080078,-4.9676528526045445],[122.96344757080078,-4.966541243943254],[122.9648208618164,-4.964916581759482],[122.9655933380127,-4.961923772524557],[122.96859741210938,-4.953116283779465],[122.96945571899414,-4.9518336299945105],[122.97005653381348,-4.95226118153262],[122.97100067138672,-4.952090160950547],[122.97306060791016,-4.95226118153262],[122.97477722167969,-4.951748119653729],[122.97666549682617,-4.951748119653729],[122.97778129577637,-4.951320567783895],[122.98018455505371,-4.949097293605817],[122.98147201538086,-4.946617478978737],[122.98267364501953,-4.945078279020393],[122.98430442810059,-4.94388112102375],[122.98602104187012,-4.943453564071959],[122.9867935180664,-4.9436245868857895],[122.98782348632812,-4.944479700292575],[122.98911094665527,-4.944308677699539],[122.98945426940918,-4.943539075484395],[122.98945426940918,-4.942598449340522],[122.9890251159668,-4.941914356760748],[122.98859596252441,-4.941914356760748],[122.98739433288574,-4.940546169482488],[122.98722267150879,-4.93986207478423],[122.98739433288574,-4.938493883269942],[122.98765182495117,-4.938408371206549],[122.9879093170166,-4.939092467404848],[122.98851013183594,-4.938493883269942],[122.98893928527832,-4.938579395322293],[122.98945426940918,-4.939520027170374],[122.99031257629395,-4.940204122221601],[122.99065589904785,-4.941144751764284],[122.9922866821289,-4.941230263474679],[122.99400329589844,-4.940717193046737],[122.99958229064941,-4.938408371206549],[123.00078392028809,-4.9373822255858215],[123.00164222717285,-4.9355009544913315],[123.00052642822266,-4.934560316943646],[123.00018310546875,-4.932935576221027],[123.00086975097656,-4.932679037848658],[123.00241470336914,-4.931310831521898],[123.0025863647461,-4.929173003493105],[123.00241470336914,-4.92789030337353],[123.00189971923828,-4.92746273611678],[123.00284385681152,-4.925324895707234],[123.00387382507324,-4.92421321597746],[123.00481796264648,-4.922930506287813],[123.00541877746582,-4.919253391471159],[123.00507545471191,-4.917885157516409],[123.00636291503906,-4.9161748611195435],[123.00773620605469,-4.912497708998174]],[[122.98250198364258,-4.952603222564065],[122.98284530639648,-4.952090160950547],[122.98267364501953,-4.951320567783895],[122.98198699951172,-4.951149546958575],[122.98095703125,-4.9518336299945105],[122.98018455505371,-4.9518336299945105],[122.98001289367676,-4.952774243013437],[122.9806137084961,-4.953287304096122],[122.98138618469238,-4.953372814237866],[122.98250198364258,-4.952603222564065]]]}},{"type":"Feature","id":"pmtiles:10/861/526:waterway:1498322370:0","properties":{"name":"Sungai Kambowa","name_int":"Sungai Kambowa","class":"river","name:latin":"Sungai Kambowa","name_de":"Sungai Kambowa","name_en":"Sungai Kambowa","waterway":"river","kind":"waterway","verification":"verified","source":"OpenMapTiles/OpenStreetMap national PMTiles","sourceId":"10/861/526:waterway:1498322370:0","sourceLayer":"waterway","archive":"https://its.hanifahseptiani45.workers.dev/v1/map/archive/indonesia.pmtiles","updatedAt":"2026-07-26T09:44:22.703Z"},"geometry":{"type":"LineString","coordinates":[[122.89246559143066,-5.074614977764639],[122.89255142211914,-5.074187506310892],[122.89392471313477,-5.072306628550436],[122.89486885070801,-5.072221133976541],[122.89504051208496,-5.071537176977799],[122.89589881896973,-5.070511240121135],[122.89701461791992,-5.070083765949761],[122.89718627929688,-5.070767724488121],[122.89752960205078,-5.0711097034856465],[122.89787292480469,-5.071024208753229],[122.89838790893555,-5.0702547556522575],[122.89830207824707,-5.069057826784032],[122.89881706237793,-5.068972331779989],[122.89924621582031,-5.06914332177675],[122.89976119995117,-5.069912776201974],[122.90010452270508,-5.06914332177675],[122.90036201477051,-5.066834953001873],[122.90061950683594,-5.066321981043075],[122.90199279785156,-5.06495405382914],[122.90534019470215,-5.063586123720583],[122.90542602539062,-5.0629876533880775],[122.9051685333252,-5.062389182501732],[122.9043960571289,-5.061106743023458],[122.90267944335938,-5.059396819764714],[122.90336608886719,-5.058969338244069],[122.90637016296387,-5.059225827190346],[122.9069709777832,-5.058798345556724],[122.9069709777832,-5.058285367223718],[122.90928840637207,-5.05760139548066],[122.91091918945312,-5.057515898961981],[122.91091918945312,-5.057002919612728],[122.91006088256836,-5.0553784823257075],[122.91023254394531,-5.0547800044033835],[122.91109085083008,-5.053668543937874],[122.91143417358398,-5.053668543937874],[122.91194915771484,-5.05469450751221],[122.91229248046875,-5.05469450751221],[122.91254997253418,-5.054352519834637],[122.91186332702637,-5.051616611915648],[122.91203498840332,-5.051274622613647],[122.91289329528809,-5.051103627895003],[122.91306495666504,-5.050761638322356],[122.91280746459961,-5.049992161124337],[122.91332244873047,-5.049308180626127],[122.91486740112305,-5.0481112130183305],[122.91521072387695,-5.045717271176571],[122.91606903076172,-5.043152323688915],[122.91624069213867,-5.042981326829391],[122.91847229003906,-5.0428103299248335],[122.91950225830078,-5.042382837466448],[122.92027473449707,-5.040672864818774],[122.92181968688965,-5.039390382378912],[122.92250633239746,-5.039133885587162],[122.92499542236328,-5.039048386634079],[122.92765617370605,-5.03785140010973],[122.92877197265625,-5.037081907608524],[122.93023109436035,-5.035371921011503],[122.93023109436035,-5.034944423659596],[122.92928695678711,-5.034260427312006],[122.92928695678711,-5.03383292922949],[122.93023109436035,-5.032293933806244],[122.93091773986816,-5.032806932685176],[122.93272018432617,-5.035115422634078],[122.93855667114258,-5.035457420448168],[122.94087409973145,-5.036141415536704],[122.94130325317383,-5.035970416832029],[122.94190406799316,-5.034944423659596],[122.94276237487793,-5.034260427312006],[122.94447898864746,-5.034431426466341],[122.94490814208984,-5.03417492771797],[122.94516563415527,-5.033918428868475],[122.94473648071289,-5.032892432459008],[122.94490814208984,-5.032464933477499],[122.94568061828613,-5.031780934522871],[122.94671058654785,-5.032635933103805],[122.94851303100586,-5.033234431441954],[122.9491138458252,-5.032721432900104],[122.94885635375977,-5.032122934090054],[122.94902801513672,-5.0316954346029945],[122.94971466064453,-5.031524434729519],[122.95108795166016,-5.032037434215127],[122.95331954956055,-5.028702930331264],[122.95392036437988,-5.028531929671686],[122.95434951782227,-5.030156434124336],[122.9549503326416,-5.030156434124336],[122.95555114746094,-5.0288739309459345]]}},{"type":"Feature","id":"pmtiles:10/861/526:waterway:1498322370:1","properties":{"name":"Sungai Kambowa","name_int":"Sungai Kambowa","class":"river","name:latin":"Sungai Kambowa","name_de":"Sungai Kambowa","name_en":"Sungai Kambowa","waterway":"river","kind":"waterway","verification":"verified","source":"OpenMapTiles/OpenStreetMap national PMTiles","sourceId":"10/861/526:waterway:1498322370:1","sourceLayer":"waterway","archive":"https://its.hanifahseptiani45.workers.dev/v1/map/archive/indonesia.pmtiles","updatedAt":"2026-07-26T09:44:22.703Z"},"geometry":{"type":"LineString","coordinates":[[122.88705825805664,-5.043921808999414],[122.88817405700684,-5.045375278763856],[122.88825988769531,-5.046059263409049],[122.88765907287598,-5.047085239024966],[122.88628578186035,-5.047854719672117],[122.88628578186035,-5.0481112130183305],[122.8864574432373,-5.048453203988842],[122.88705825805664,-5.048624199406461],[122.88748741149902,-5.0494791758183055],[122.88851737976074,-5.049308180626127],[122.88877487182617,-5.0498211660674315],[122.88843154907227,-5.050761638322356],[122.8886890411377,-5.051018130518756],[122.88963317871094,-5.050505146024491],[122.88980484008789,-5.051189125259967],[122.88963317871094,-5.052984567319058],[122.8901481628418,-5.05349754985086],[122.89109230041504,-5.053839537979769],[122.8901481628418,-5.054438016770959],[122.88971900939941,-5.054352519834637],[122.88877487182617,-5.053326555718712],[122.88808822631836,-5.053412052790421],[122.8879165649414,-5.053754040964449],[122.88817405700684,-5.055891462961824],[122.88937568664551,-5.05623344982682],[122.88937568664551,-5.056489939857059],[122.8886890411377,-5.056831926405991],[122.88851737976074,-5.057259409338158],[122.88911819458008,-5.058627352824232],[122.89031982421875,-5.058370863640775],[122.89066314697266,-5.059567812293935],[122.89237976074219,-5.059738804777965],[122.89263725280762,-5.060593766520313],[122.89375305175781,-5.061021246967854],[122.89486885070801,-5.062132694809478],[122.89504051208496,-5.0629876533880775],[122.89538383483887,-5.063244140741261],[122.89589881896973,-5.062474678376532],[122.89632797241211,-5.062218190718184],[122.89864540100098,-5.063329636503042],[122.89898872375488,-5.061619719119861],[122.89984703063965,-5.061277735100788],[122.90225028991699,-5.0617052150963815],[122.90225028991699,-5.063158644968155],[122.90319442749023,-5.064099097850459],[122.90491104125977,-5.06350062799271],[122.9051685333252,-5.062389182501732]]}},{"type":"Feature","id":"pmtiles:10/861/526:waterway:1498322370:2","properties":{"name":"Sungai Kambowa","name_int":"Sungai Kambowa","class":"river","name:latin":"Sungai Kambowa","name_de":"Sungai Kambowa","name_en":"Sungai Kambowa","waterway":"river","kind":"waterway","verification":"verified","source":"OpenMapTiles/OpenStreetMap national PMTiles","sourceId":"10/861/526:waterway:1498322370:2","sourceLayer":"waterway","archive":"https://its.hanifahseptiani45.workers.dev/v1/map/archive/indonesia.pmtiles","updatedAt":"2026-07-26T09:44:22.703Z"},"geometry":{"type":"LineString","coordinates":[[122.92980194091797,-4.960726645029894],[122.93014526367188,-4.960726645029894],[122.9311752319336,-4.959786043332443],[122.93169021606445,-4.959786043332443],[122.93177604675293,-4.961068681678498],[122.93203353881836,-4.961325209048638],[122.93332099914551,-4.961325209048638],[122.9329776763916,-4.962180299562334],[122.93306350708008,-4.962436826500394],[122.93375015258789,-4.962522335457592],[122.93417930603027,-4.9620092815482195],[122.93563842773438,-4.963120897847659],[122.93778419494629,-4.962607844403692],[122.93795585632324,-4.962864371175542],[122.93795585632324,-4.963975986034342],[122.93872833251953,-4.963548442079542],[122.93898582458496,-4.962265808552772],[122.9395866394043,-4.962180299562334],[122.94035911560059,-4.962949880077332],[122.94035911560059,-4.963462933255329],[122.93984413146973,-4.964061494792048],[122.94018745422363,-4.96440352971203],[122.94087409973145,-4.96440352971203],[122.94130325317383,-4.964061494792048],[122.94198989868164,-4.964061494792048],[122.94198989868164,-4.963548442079542],[122.94087409973145,-4.963206406716196],[122.94061660766602,-4.962864371175542],[122.94078826904297,-4.962436826500394],[122.94147491455078,-4.962180299562334],[122.94241905212402,-4.962949880077332],[122.94327735900879,-4.962778862262681],[122.94301986694336,-4.96183826348981],[122.9436206817627,-4.960726645029894],[122.94422149658203,-4.961068681678498],[122.94465065002441,-4.9620092815482195],[122.94490814208984,-4.9620092815482195],[122.94533729553223,-4.959444006019282],[122.9450798034668,-4.9591019685289695],[122.94593811035156,-4.958674421416902],[122.94713973999023,-4.958845440294951],[122.9476547241211,-4.958075854995002],[122.94705390930176,-4.95799034546188],[122.94722557067871,-4.95730626879832],[122.94756889343262,-4.957220759165551],[122.94774055480957,-4.957648307218648],[122.9483413696289,-4.957733816796065],[122.94842720031738,-4.957049739866832],[122.94928550720215,-4.956793210835727],[122.94902801513672,-4.956451171972645],[122.94919967651367,-4.956365662229189],[122.95031547546387,-4.956878720523832],[122.95083045959473,-4.957733816796065],[122.95194625854492,-4.957904835917674],[122.95168876647949,-4.958759930861461],[122.9520320892334,-4.960128080468394],[122.95143127441406,-4.960213589724702],[122.95134544372559,-4.960555626639135],[122.95194625854492,-4.960812154208668],[122.95186042785645,-4.961325209048638],[122.95228958129883,-4.96183826348981],[122.95280456542969,-4.961923772524557],[122.9531478881836,-4.961496227240005],[122.95374870300293,-4.961752754443978],[122.9546070098877,-4.963548442079542],[122.95512199401855,-4.963377424420031],[122.9549503326416,-4.962351317532125],[122.95666694641113,-4.962522335457592],[122.95743942260742,-4.96183826348981],[122.95804023742676,-4.9620092815482195],[122.95812606811523,-4.961325209048638],[122.95855522155762,-4.961154190812962],[122.95889854431152,-4.961581736319076],[122.9586410522461,-4.962180299562334],[122.95907020568848,-4.963120897847659],[122.95941352844238,-4.963206406716196],[122.95984268188477,-4.962265808552772],[122.96035766601562,-4.962607844403692],[122.96061515808105,-4.963633950892657],[122.96087265014648,-4.963633950892657],[122.96104431152344,-4.963548442079542],[122.96095848083496,-4.963035388968038],[122.95975685119629,-4.961581736319076],[122.95984268188477,-4.961325209048638],[122.96061515808105,-4.960983172532963],[122.96181678771973,-4.961923772524557],[122.9619026184082,-4.961581736319076],[122.96121597290039,-4.960641135840049],[122.96130180358887,-4.960299098969912],[122.9615592956543,-4.960128080468394],[122.96233177185059,-4.960213589724702],[122.96284675598145,-4.961068681678498],[122.96310424804688,-4.961068681678498],[122.96353340148926,-4.959786043332443],[122.96387672424316,-4.959786043332443],[122.9641342163086,-4.960042571201015],[122.96430587768555,-4.961667245387062],[122.96361923217773,-4.963035388968038],[122.96396255493164,-4.963719459694715],[122.9641342163086,-4.965173107633547],[122.96370506286621,-4.966113701651395]]}},{"type":"Feature","id":"pmtiles:10/861/526:waterway:1876648240:0","properties":{"name":"Sungai Morndino","name_int":"Sungai Morndino","class":"river","name:latin":"Sungai Morndino","name_de":"Sungai Morndino","name_en":"Sungai Morndino","waterway":"river","kind":"waterway","verification":"verified","source":"OpenMapTiles/OpenStreetMap national PMTiles","sourceId":"10/861/526:waterway:1876648240:0","sourceLayer":"waterway","archive":"https://its.hanifahseptiani45.workers.dev/v1/map/archive/indonesia.pmtiles","updatedAt":"2026-07-26T09:44:22.703Z"},"geometry":{"type":"LineString","coordinates":[[122.8989028930664,-4.991167211309175],[122.89933204650879,-4.9912527165326],[122.89916038513184,-4.99193675791885],[122.89958953857422,-4.99219327325477],[122.90010452270508,-4.99159473731487],[122.89984703063965,-4.990996200828889],[122.90053367614746,-4.991167211309175],[122.90044784545898,-4.99159473731487],[122.90070533752441,-4.99176574763915],[122.9014778137207,-4.990654179734577],[122.90164947509766,-4.991081706074596],[122.90130615234375,-4.991851252784571],[122.90164947509766,-4.99219327325477],[122.90285110473633,-4.990910695572026],[122.90388107299805,-4.989799126218841],[122.90448188781738,-4.98962811538199],[122.90491104125977,-4.989884631620541],[122.90525436401367,-4.989286093574606],[122.90619850158691,-4.989799126218841],[122.90688514709473,-4.989457104500573],[122.90705680847168,-4.989884631620541],[122.90628433227539,-4.990141147758834],[122.90602684020996,-4.990483169120566],[122.90628433227539,-4.990996200828889],[122.9066276550293,-4.991081706074596],[122.90688514709473,-4.990996200828889],[122.90705680847168,-4.990483169120566],[122.90757179260254,-4.9903976637968555],[122.90774345397949,-4.98962811538199],[122.90911674499512,-4.989457104500573],[122.90885925292969,-4.988260027083086],[122.90834426879883,-4.987319464723612],[122.90885925292969,-4.986891935932945],[122.90877342224121,-4.986464406863931],[122.90817260742188,-4.986036877516568],[122.90817260742188,-4.985780359774566],[122.90877342224121,-4.985267323989987],[122.9098892211914,-4.985523841932363],[122.91014671325684,-4.985352829981906],[122.9098892211914,-4.984839793863387],[122.91023254394531,-4.984326757344192],[122.9106616973877,-4.984326757344192],[122.91083335876465,-4.985096311972725],[122.91117668151855,-4.984412263458552],[122.91083335876465,-4.982958658001095],[122.91143417358398,-4.9826166327202515],[122.91186332702637,-4.982702139057139],[122.91237831115723,-4.982103594465229],[122.91254997253418,-4.982274607261402],[122.91220664978027,-4.982787645382913],[122.9124641418457,-4.983044164293489],[122.91306495666504,-4.982958658001095],[122.91315078735352,-4.982445620013081],[122.9135799407959,-4.982531126372223],[122.91349411010742,-4.983471695588577],[122.91435241699219,-4.983129670574755],[122.91400909423828,-4.9826166327202515],[122.91418075561523,-4.9821891008688794],[122.9153823852539,-4.982702139057139],[122.91555404663086,-4.982958658001095],[122.9150390625,-4.983044164293489],[122.9150390625,-4.983386189351805],[122.91589736938477,-4.983386189351805],[122.91572570800781,-4.9837282142321015],[122.91606903076172,-4.984839793863387],[122.91735649108887,-4.98466878173484],[122.91847229003906,-4.985352829981906],[122.91881561279297,-4.984925299910969],[122.91838645935059,-4.984839793863387],[122.91821479797363,-4.98449776956177],[122.91881561279297,-4.9841557450820915],[122.91967391967773,-4.984412263458552],[122.91993141174316,-4.985096311972725],[122.92036056518555,-4.984839793863387],[122.92113304138184,-4.98330068310392],[122.9208755493164,-4.982958658001095],[122.92061805725098,-4.983044164293489],[122.92078971862793,-4.982702139057139],[122.92121887207031,-4.982531126372223],[122.92190551757812,-4.982787645382913],[122.92293548583984,-4.982360113642798],[122.9234504699707,-4.982360113642798],[122.92353630065918,-4.982103594465229],[122.92319297790527,-4.981847075187545],[122.92336463928223,-4.98159055580976],[122.92465209960938,-4.981932581624562],[122.9249095916748,-4.981847075187545],[122.92508125305176,-4.98141954283561],[122.92559623718262,-4.98159055580976],[122.92628288269043,-4.982360113642798],[122.93066024780273,-4.9820180880504665],[122.93074607849121,-4.982274607261402],[122.9304027557373,-4.982873151697575],[122.93066024780273,-4.983386189351805],[122.93091773986816,-4.983386189351805],[122.93126106262207,-4.983899226605487],[122.9318618774414,-4.983813720424365],[122.9326343536377,-4.9840702389343505],[122.93306350708008,-4.98466878173484],[122.93400764465332,-4.985096311972725],[122.93435096740723,-4.985096311972725],[122.93529510498047,-4.98449776956177],[122.93632507324219,-4.985267323989987],[122.9373550415039,-4.985096311972725],[122.93761253356934,-4.984925299910969],[122.9373550415039,-4.984241251218705],[122.93889999389648,-4.983813720424365],[122.9395866394043,-4.984326757344192],[122.9395866394043,-4.984754287804677],[122.94070243835449,-4.985352829981906],[122.94121742248535,-4.985267323989987],[122.94181823730469,-4.9841557450820915],[122.94156074523926,-4.98330068310392],[122.94190406799316,-4.982958658001095],[122.94456481933594,-4.981932581624562],[122.94482231140137,-4.982103594465229],[122.94585227966309,-4.984412263458552],[122.94671058654785,-4.985267323989987],[122.94628143310547,-4.985780359774566],[122.9468822479248,-4.986293395158384],[122.9465389251709,-4.986806430141414],[122.94662475585938,-4.98697744171335],[122.94679641723633,-4.987148453240749],[122.94722557067871,-4.987062947482613],[122.94713973999023,-4.986635418524941],[122.94748306274414,-4.986293395158384],[122.9483413696289,-4.987062947482613],[122.9491138458252,-4.986464406863931],[122.9494571685791,-4.987746993235874],[122.94997215270996,-4.987404970448324],[122.94980049133301,-4.986122383408315],[122.95022964477539,-4.985694853838297],[122.94997215270996,-4.985096311972725],[122.95031547546387,-4.984925299910969],[122.95177459716797,-4.9859513716136945],[122.95160293579102,-4.986635418524941],[122.95177459716797,-4.986806430141414],[122.95220375061035,-4.986464406863931],[122.9523754119873,-4.985609347890886],[122.95306205749512,-4.98466878173484],[122.95357704162598,-4.984754287804677],[122.95409202575684,-4.985523841932363],[122.95426368713379,-4.985352829981906],[122.95426368713379,-4.9845832756538755],[122.95452117919922,-4.98449776956177],[122.95486450195312,-4.98466878173484],[122.95520782470703,-4.985267323989987],[122.95563697814941,-4.985267323989987],[122.95589447021484,-4.985010805947411],[122.95623779296875,-4.983813720424365],[122.95701026916504,-4.9837282142321015],[122.95735359191895,-4.9841557450820915],[122.95692443847656,-4.984925299910969],[122.95778274536133,-4.985352829981906],[122.95735359191895,-4.985609347890886],[122.95666694641113,-4.985609347890886],[122.95666694641113,-4.985865865699708],[122.95821189880371,-4.985865865699708],[122.95949935913086,-4.98449776956177],[122.95949935913086,-4.98330068310392],[122.96052932739258,-4.98159055580976],[122.96130180358887,-4.978597822340106],[122.9615592956543,-4.978341301694684]]}},{"type":"Feature","id":"pmtiles:10/862/526:park:119841653:0","properties":{"class":"nature_reserve","kind":"green","verification":"verified","source":"OpenMapTiles/OpenStreetMap national PMTiles","sourceId":"10/862/526:park:119841653:0","sourceLayer":"park","archive":"https://its.hanifahseptiani45.workers.dev/v1/map/archive/indonesia.pmtiles","updatedAt":"2026-07-26T09:44:22.775Z"},"geometry":{"type":"Polygon","coordinates":[[[123.0413818359375,-5.14095509985188],[123.0413818359375,-5.140613158101189],[123.04146766662598,-5.140698643556078],[123.0413818359375,-5.14095509985188]]]}},{"type":"Feature","id":"pmtiles:10/861/527:mountain_peak:10701583331:0","properties":{"name_int":"Gunu Kabumbu Kopea","name_de":"Gunu Kabumbu Kopea","name":"Gunu Kabumbu Kopea","rank":1,"class":"peak","name:latin":"Gunu Kabumbu Kopea","name_en":"Gunu Kabumbu Kopea","kind":"poi","verification":"verified","source":"OpenMapTiles/OpenStreetMap national PMTiles","sourceId":"10/861/527:mountain_peak:10701583331:0","sourceLayer":"mountain_peak","archive":"https://its.hanifahseptiani45.workers.dev/v1/map/archive/indonesia.pmtiles","updatedAt":"2026-07-26T09:44:31.991Z"},"geometry":{"type":"Point","coordinates":[122.9263687133789,-5.22352862816696]}},{"type":"Feature","id":"pmtiles:10/861/527:mountain_peak:10701881481:0","properties":{"name_int":"Gunu Embusan","name_de":"Gunu Embusan","name":"Gunu Embusan","rank":2,"class":"peak","name:latin":"Gunu Embusan","name_en":"Gunu Embusan","kind":"poi","verification":"verified","source":"OpenMapTiles/OpenStreetMap national PMTiles","sourceId":"10/861/527:mountain_peak:10701881481:0","sourceLayer":"mountain_peak","archive":"https://its.hanifahseptiani45.workers.dev/v1/map/archive/indonesia.pmtiles","updatedAt":"2026-07-26T09:44:31.991Z"},"geometry":{"type":"Point","coordinates":[122.85650253295898,-5.226007376278957]}},{"type":"Feature","id":"pmtiles:10/861/527:transportation_name:1845322690:2","properties":{"name":"Jalan Poros Kapontori","name_int":"Jalan Poros Kapontori","class":"trunk","name:latin":"Jalan Poros Kapontori","name_de":"Jalan Poros Kapontori","name_en":"Jalan Poros Kapontori","highway":"trunk","kind":"road","verification":"verified","source":"OpenMapTiles/OpenStreetMap national PMTiles","sourceId":"10/861/527:transportation_name:1845322690:2","sourceLayer":"transportation_name","archive":"https://its.hanifahseptiani45.workers.dev/v1/map/archive/indonesia.pmtiles","updatedAt":"2026-07-26T09:44:31.992Z"},"geometry":{"type":"LineString","coordinates":[[122.77401924133301,-5.254469538433554],[122.77539253234863,-5.255153298135227],[122.77410507202148,-5.2525891953848145]]}},{"type":"Feature","id":"pmtiles:8/215/131:landcover:119841653:0","properties":{"subclass":"wetland","class":"wetland","kind":"green","verification":"verified","source":"OpenMapTiles/OpenStreetMap national PMTiles","sourceId":"8/215/131:landcover:119841653:0","sourceLayer":"landcover","archive":"https://its.hanifahseptiani45.workers.dev/v1/map/archive/indonesia.pmtiles","updatedAt":"2026-07-26T09:35:40.898Z"},"geometry":{"type":"Polygon","coordinates":[[[122.96344757080078,-5.206177117136505],[122.96104431152344,-5.205151397047061],[122.96104431152344,-5.201732318002755],[122.9648208618164,-5.198997041393028],[122.969970703125,-5.1983132203838665],[122.96791076660156,-5.194210278739774],[122.97065734863281,-5.192842625588682],[122.9703140258789,-5.1897653951521505],[122.97924041748047,-5.179507851999119],[122.98336029052734,-5.1791659310253095],[122.98233032226562,-5.176088633939841],[122.99331665039062,-5.163779295965526],[122.99983978271484,-5.1531793967396595],[123.02215576171875,-5.13813407491908],[123.03382873535156,-5.136082412577522],[123.04275512695312,-5.1415534974737795],[123.04241180419922,-5.143605142193621],[123.04618835449219,-5.144289022297485],[123.05030822753906,-5.150443910151651],[123.05992126464844,-5.152837461560125],[123.06575775146484,-5.15865033457554],[123.06163787841797,-5.159334198490015],[123.057861328125,-5.154547135617307],[123.04515838623047,-5.152837461560125],[123.04618835449219,-5.150443910151651],[123.0355453491211,-5.14599871934189],[123.03520202636719,-5.142579320660161],[123.03657531738281,-5.142237379781676],[123.03485870361328,-5.139501846143631],[123.02421569824219,-5.139843788490936],[123.00189971923828,-5.154889069876546],[122.99674987792969,-5.160701924107883],[122.99606323242188,-5.164463154350187],[122.99880981445312,-5.164463154350187],[122.9922866821289,-5.1678824352058115],[122.9922866821289,-5.169933994861552],[122.98542022705078,-5.176772479030802],[122.98576354980469,-5.1801916933918335],[122.9813003540039,-5.181901293636159],[122.97649383544922,-5.190107310386551],[122.97271728515625,-5.192158797900504],[122.97340393066406,-5.195919841005249],[122.96894073486328,-5.194552191563886],[122.97409057617188,-5.205835210625892],[122.96653747558594,-5.201732318002755],[122.96344757080078,-5.206177117136505]]]}},{"type":"Feature","id":"pmtiles:8/215/131:landcover:119841653:1","properties":{"subclass":"wetland","class":"wetland","kind":"green","verification":"verified","source":"OpenMapTiles/OpenStreetMap national PMTiles","sourceId":"8/215/131:landcover:119841653:1","sourceLayer":"landcover","archive":"https://its.hanifahseptiani45.workers.dev/v1/map/archive/indonesia.pmtiles","updatedAt":"2026-07-26T09:35:40.898Z"},"geometry":{"type":"Polygon","coordinates":[[[122.93083190917969,-5.1897653951521505],[122.93392181396484,-5.197629398632216],[122.93357849121094,-5.205151397047061],[122.94387817382812,-5.213015208292774],[122.94456481933594,-5.216434225955311],[122.95486450195312,-5.217118027253036],[122.95555114746094,-5.2082285522956795],[122.96035766601562,-5.20788664690069],[122.96173095703125,-5.210963788759543],[122.96241760253906,-5.20720283555282],[122.96688079833984,-5.215066621124805],[122.95967102050781,-5.211989499363639],[122.95692443847656,-5.218143727802399],[122.96138763427734,-5.219169426674867],[122.95623779296875,-5.223955999230668],[122.95417785644531,-5.222930308188182],[122.94937133789062,-5.225323584675806],[122.93941497802734,-5.223955999230668],[122.93357849121094,-5.216776126697312],[122.93426513671875,-5.209596172015807],[122.9318618774414,-5.204809489978828],[122.93357849121094,-5.198655130981265],[122.93083190917969,-5.1897653951521505]]]}},{"type":"Feature","id":"pmtiles:8/215/131:landcover:119918173:0","properties":{"subclass":"wetland","class":"wetland","kind":"green","verification":"verified","source":"OpenMapTiles/OpenStreetMap national PMTiles","sourceId":"8/215/131:landcover:119918173:0","sourceLayer":"landcover","archive":"https://its.hanifahseptiani45.workers.dev/v1/map/archive/indonesia.pmtiles","updatedAt":"2026-07-26T09:35:40.898Z"},"geometry":{"type":"Polygon","coordinates":[[[122.79899597167969,-5.031780934522871],[122.80414581298828,-5.028018927423545],[122.80036926269531,-5.022204873710976],[122.79281616210938,-5.018100804576761],[122.7993392944336,-5.018100804576761],[122.7945327758789,-5.016732775794765],[122.78972625732422,-5.018784817892268],[122.80757904052734,-5.00886655467778],[122.80723571777344,-5.014338718527199],[122.80242919921875,-5.0170747832590905],[122.80826568603516,-5.023572891015888],[122.80689239501953,-5.026992921714921],[122.79899597167969,-5.031780934522871]]]}},{"type":"Feature","id":"pmtiles:8/215/131:landcover:119918183:0","properties":{"subclass":"wetland","class":"wetland","kind":"green","verification":"verified","source":"OpenMapTiles/OpenStreetMap national PMTiles","sourceId":"8/215/131:landcover:119918183:0","sourceLayer":"landcover","archive":"https://its.hanifahseptiani45.workers.dev/v1/map/archive/indonesia.pmtiles","updatedAt":"2026-07-26T09:35:40.898Z"},"geometry":{"type":"Polygon","coordinates":[[[122.79247283935547,-5.101545107415006],[122.78938293457031,-5.103254918829322],[122.78594970703125,-5.099835291445515],[122.78629302978516,-5.095731714542708],[122.7886962890625,-5.095389748617521],[122.78800964355469,-5.090260237907685],[122.7938461303711,-5.087866452241428],[122.78766632080078,-5.087182511843949],[122.7883529663086,-5.083762798956556],[122.77942657470703,-5.092995982046148],[122.78972625732422,-5.0803430679113575],[122.794189453125,-5.084788714729882],[122.7993392944336,-5.083078854199755],[122.79762268066406,-5.088550391912008],[122.79521942138672,-5.0882084221675825],[122.79624938964844,-5.090602206561442],[122.79350280761719,-5.096415645847088],[122.78938293457031,-5.098125470922369],[122.79247283935547,-5.101545107415006]]]}},{"type":"Feature","id":"pmtiles:8/215/131:landcover:1877624682:0","properties":{"subclass":"farmland","class":"farmland","kind":"green","verification":"verified","source":"OpenMapTiles/OpenStreetMap national PMTiles","sourceId":"8/215/131:landcover:1877624682:0","sourceLayer":"landcover","archive":"https://its.hanifahseptiani45.workers.dev/v1/map/archive/indonesia.pmtiles","updatedAt":"2026-07-26T09:35:40.899Z"},"geometry":{"type":"Polygon","coordinates":[[[122.96825408935547,-5.095731714542708],[122.96791076660156,-5.107358447629608],[122.95761108398438,-5.112487821689115],[122.9531478881836,-5.104280803490809],[122.9531478881836,-5.097441541438428],[122.96070098876953,-5.093679916261948],[122.96825408935547,-5.095731714542708]]]}},{"type":"Feature","id":"pmtiles:8/215/131:landcover:1877760082:0","properties":{"subclass":"farmland","class":"farmland","kind":"green","verification":"verified","source":"OpenMapTiles/OpenStreetMap national PMTiles","sourceId":"8/215/131:landcover:1877760082:0","sourceLayer":"landcover","archive":"https://its.hanifahseptiani45.workers.dev/v1/map/archive/indonesia.pmtiles","updatedAt":"2026-07-26T09:35:40.899Z"},"geometry":{"type":"Polygon","coordinates":[[[122.95280456542969,-5.054010531976516],[122.95520782470703,-5.051274622613647],[122.9648208618164,-5.048880692448378],[122.96894073486328,-5.0526425787389115],[122.9696273803711,-5.073845528943991],[122.96653747558594,-5.0762393667058205],[122.96138763427734,-5.077265294455728],[122.95692443847656,-5.075213437324095],[122.9534912109375,-5.0704257453094925],[122.95143127441406,-5.059482316034973],[122.95280456542969,-5.054010531976516]]]}},{"type":"Feature","id":"pmtiles:8/215/131:landcover:1880065302:0","properties":{"subclass":"farmland","class":"farmland","kind":"green","verification":"verified","source":"OpenMapTiles/OpenStreetMap national PMTiles","sourceId":"8/215/131:landcover:1880065302:0","sourceLayer":"landcover","archive":"https://its.hanifahseptiani45.workers.dev/v1/map/archive/indonesia.pmtiles","updatedAt":"2026-07-26T09:35:40.899Z"},"geometry":{"type":"Polygon","coordinates":[[[122.91641235351562,-4.977400725138921],[122.9146957397461,-4.981847075187545],[122.91606903076172,-4.982531126372223],[122.92980194091797,-4.980478970682597],[122.93529510498047,-4.984241251218705],[122.9315185546875,-4.984241251218705],[122.93426513671875,-4.9859513716136945],[122.9256820678711,-4.989371599043167],[122.92121887207031,-4.9859513716136945],[122.91572570800781,-4.986635418524941],[122.91606903076172,-4.990055642390558],[122.9095458984375,-4.991423726946039],[122.90782928466797,-4.995185944760408],[122.9043960571289,-4.996212000417643],[122.90267944335938,-4.992791808648491],[122.8934097290039,-4.992107768153943],[122.89443969726562,-4.989713620805972],[122.9043960571289,-4.98697744171335],[122.90130615234375,-4.982873151697575],[122.90267944335938,-4.980478970682597],[122.91229248046875,-4.979452890435596],[122.9153823852539,-4.976032611384596],[122.91641235351562,-4.977400725138921]]]}},{"type":"Feature","id":"pmtiles:8/215/131:landcover:3548057302:0","properties":{"subclass":"wetland","class":"wetland","kind":"green","verification":"verified","source":"OpenMapTiles/OpenStreetMap national PMTiles","sourceId":"8/215/131:landcover:3548057302:0","sourceLayer":"landcover","archive":"https://its.hanifahseptiani45.workers.dev/v1/map/archive/indonesia.pmtiles","updatedAt":"2026-07-26T09:35:40.900Z"},"geometry":{"type":"Polygon","coordinates":[[[122.8329849243164,-4.91993750739401],[122.83607482910156,-4.92780478994419],[122.83504486083984,-4.93601402895527],[122.83641815185547,-4.939092467404848],[122.83126831054688,-4.944565211572524],[122.8271484375,-4.941486798539714],[122.82577514648438,-4.930883266466637],[122.82062530517578,-4.924726299160611],[122.82371520996094,-4.921647794124695],[122.8322982788086,-4.920621622613737],[122.83161163330078,-4.9072812491021125],[122.83332824707031,-4.909333631634141],[122.8329849243164,-4.91993750739401]]]}},{"type":"Feature","id":"pmtiles:8/215/131:landcover:52989460:16","properties":{"subclass":"forest","class":"wood","kind":"green","verification":"verified","source":"OpenMapTiles/OpenStreetMap national PMTiles","sourceId":"8/215/131:landcover:52989460:16","sourceLayer":"landcover","archive":"https://its.hanifahseptiani45.workers.dev/v1/map/archive/indonesia.pmtiles","updatedAt":"2026-07-26T09:35:40.901Z"},"geometry":{"type":"Polygon","coordinates":[[[122.85152435302734,-5.076581342803777],[122.85392761230469,-5.089576300054759],[122.85049438476562,-5.099835291445515],[122.83401489257812,-5.1029129569109415],[122.83195495605469,-5.117275200412394],[122.82611846923828,-5.119668876343056],[122.8271484375,-5.124114250726791],[122.82096862792969,-5.126165951551187],[122.8158187866211,-5.13300490668469],[122.81787872314453,-5.138476018000503],[122.81375885009766,-5.138476018000503],[122.80448913574219,-5.144972901666492],[122.80895233154297,-5.1470245353633],[122.81272888183594,-5.139843788490936],[122.81959533691406,-5.139159903612793],[122.81684875488281,-5.148734225055918],[122.81238555908203,-5.151811654917509],[122.80826568603516,-5.151811654917509],[122.79006958007812,-5.1453148410753755],[122.79315948486328,-5.142921261354985],[122.79315948486328,-5.139159903612793],[122.78388977050781,-5.131979068086906],[122.79006958007812,-5.124456201321763],[122.79075622558594,-5.121378639379799],[122.78766632080078,-5.117275200412394],[122.79006958007812,-5.115223471058201],[122.7890396118164,-5.113855647834782],[122.79727935791016,-5.112487821689115],[122.8000259399414,-5.109068243545096],[122.80139923095703,-5.112487821689115],[122.8055191040039,-5.112145864696174],[122.80620574951172,-5.1104360769930395],[122.80826568603516,-5.112145864696174],[122.80826568603516,-5.106332567891286],[122.81135559082031,-5.109068243545096],[122.81547546386719,-5.109410202180825],[122.80654907226562,-5.101203144585455],[122.80689239501953,-5.097099576423361],[122.8103256225586,-5.096757611226238],[122.81547546386719,-5.0909441750333855],[122.82440185546875,-5.0909441750333855],[122.82405853271484,-5.086840541372652],[122.8271484375,-5.086156599885015],[122.8216552734375,-5.081368989130752],[122.82302856445312,-5.075555413965958],[122.81719207763672,-5.073161573666525],[122.81787872314453,-5.07179366093726],[122.82234191894531,-5.07179366093726],[122.83058166503906,-5.076923318720418],[122.83710479736328,-5.076581342803777],[122.84019470214844,-5.070767724488121],[122.83882141113281,-5.0687158466999875],[122.8436279296875,-5.067005943564325],[122.84294128417969,-5.062560174240048],[122.84809112548828,-5.067689905361647],[122.85152435302734,-5.076581342803777]]]}},{"type":"Feature","id":"pmtiles:8/215/131:landcover:52989460:17","properties":{"subclass":"forest","class":"wood","kind":"green","verification":"verified","source":"OpenMapTiles/OpenStreetMap national PMTiles","sourceId":"8/215/131:landcover:52989460:17","sourceLayer":"landcover","archive":"https://its.hanifahseptiani45.workers.dev/v1/map/archive/indonesia.pmtiles","updatedAt":"2026-07-26T09:35:40.901Z"},"geometry":{"type":"Polygon","coordinates":[[[122.79693603515625,-5.075897390426547],[122.78594970703125,-5.081027015572431],[122.76603698730469,-5.104964725686983],[122.7718734741211,-5.0909441750333855],[122.76878356933594,-5.087866452241428],[122.78972625732422,-5.070767724488121],[122.7993392944336,-5.0557204694615905],[122.80380249023438,-5.052300589978287],[122.80757904052734,-5.054352519834637],[122.80792236328125,-5.060508270396923],[122.80174255371094,-5.072135639391334],[122.79693603515625,-5.075897390426547]]]}},{"type":"Feature","id":"pmtiles:8/215/131:mountain_peak:10701624531:0","properties":{"name_int":"Gunu Lambelu","name_de":"Gunu Lambelu","name":"Gunu Lambelu","rank":3,"class":"peak","name:latin":"Gunu Lambelu","name_en":"Gunu Lambelu","kind":"poi","verification":"verified","source":"OpenMapTiles/OpenStreetMap national PMTiles","sourceId":"8/215/131:mountain_peak:10701624531:0","sourceLayer":"mountain_peak","archive":"https://its.hanifahseptiani45.workers.dev/v1/map/archive/indonesia.pmtiles","updatedAt":"2026-07-26T09:35:40.902Z"},"geometry":{"type":"Point","coordinates":[122.84843444824219,-5.112487821689115]}},{"type":"Feature","id":"pmtiles:8/215/131:mountain_peak:10701688951:0","properties":{"name_int":"Gunu Wanggowali","name_de":"Gunu Wanggowali","name":"Gunu Wanggowali","rank":5,"class":"peak","name:latin":"Gunu Wanggowali","name_en":"Gunu Wanggowali","kind":"poi","verification":"verified","source":"OpenMapTiles/OpenStreetMap national PMTiles","sourceId":"8/215/131:mountain_peak:10701688951:0","sourceLayer":"mountain_peak","archive":"https://its.hanifahseptiani45.workers.dev/v1/map/archive/indonesia.pmtiles","updatedAt":"2026-07-26T09:35:40.902Z"},"geometry":{"type":"Point","coordinates":[122.85942077636719,-4.991081706074596]}},{"type":"Feature","id":"pmtiles:8/215/131:mountain_peak:10701583331:0","properties":{"name_int":"Gunu Kabumbu Kopea","name_de":"Gunu Kabumbu Kopea","name":"Gunu Kabumbu Kopea","rank":1,"class":"peak","name:latin":"Gunu Kabumbu Kopea","name_en":"Gunu Kabumbu Kopea","kind":"poi","verification":"verified","source":"OpenMapTiles/OpenStreetMap national PMTiles","sourceId":"8/215/131:mountain_peak:10701583331:0","sourceLayer":"mountain_peak","archive":"https://its.hanifahseptiani45.workers.dev/v1/map/archive/indonesia.pmtiles","updatedAt":"2026-07-26T09:35:40.902Z"},"geometry":{"type":"Point","coordinates":[122.9263687133789,-5.223614102403019]}},{"type":"Feature","id":"pmtiles:8/215/131:mountain_peak:10701881481:0","properties":{"name_int":"Gunu Embusan","name_de":"Gunu Embusan","name":"Gunu Embusan","rank":4,"class":"peak","name:latin":"Gunu Embusan","name_en":"Gunu Embusan","kind":"poi","verification":"verified","source":"OpenMapTiles/OpenStreetMap national PMTiles","sourceId":"8/215/131:mountain_peak:10701881481:0","sourceLayer":"mountain_peak","archive":"https://its.hanifahseptiani45.workers.dev/v1/map/archive/indonesia.pmtiles","updatedAt":"2026-07-26T09:35:40.902Z"},"geometry":{"type":"Point","coordinates":[122.85633087158203,-5.226007376278957]}},{"type":"Feature","id":"pmtiles:8/215/131:park:119841653:0","properties":{"class":"nature_reserve","kind":"green","verification":"verified","source":"OpenMapTiles/OpenStreetMap national PMTiles","sourceId":"8/215/131:park:119841653:0","sourceLayer":"park","archive":"https://its.hanifahseptiani45.workers.dev/v1/map/archive/indonesia.pmtiles","updatedAt":"2026-07-26T09:35:40.903Z"},"geometry":{"type":"Polygon","coordinates":[[[122.96344757080078,-5.206177117136505],[122.96104431152344,-5.205151397047061],[122.96104431152344,-5.201732318002755],[122.9648208618164,-5.198997041393028],[122.96756744384766,-5.199680861659601],[122.969970703125,-5.1983132203838665],[122.96791076660156,-5.194210278739774],[122.97065734863281,-5.192842625588682],[122.9703140258789,-5.1897653951521505],[122.97924041748047,-5.179507851999119],[122.98198699951172,-5.180533613810709],[122.98198699951172,-5.179507851999119],[122.98336029052734,-5.1791659310253095],[122.98370361328125,-5.178140166994254],[122.98233032226562,-5.176088633939841],[122.98576354980469,-5.1730113218823135],[122.98713684082031,-5.16890821586432],[122.98954010009766,-5.1671985805107],[122.9916000366211,-5.164121225250071],[122.99331665039062,-5.163779295965526],[122.99537658691406,-5.160018061667486],[122.9970932006836,-5.15865033457554],[122.99880981445312,-5.154547135617307],[122.99983978271484,-5.15420520117398],[122.99983978271484,-5.1531793967396595],[123.00155639648438,-5.152495526196603],[123.00189971923828,-5.150785846619044],[123.00430297851562,-5.148734225055918],[123.00945281982422,-5.14599871934189],[123.00979614257812,-5.144972901666492],[123.01185607910156,-5.144972901666492],[123.01151275634766,-5.143947082337405],[123.01288604736328,-5.143263201866148],[123.01322937011719,-5.143947082337405],[123.02009582519531,-5.140185730654679],[123.02215576171875,-5.13813407491908],[123.02627563476562,-5.137792131654166],[123.02799224853516,-5.136082412577522],[123.02970886230469,-5.136766300758552],[123.0303955078125,-5.136082412577522],[123.03382873535156,-5.136082412577522],[123.04275512695312,-5.1415534974737795],[123.04241180419922,-5.143605142193621],[123.04618835449219,-5.144289022297485],[123.04618835449219,-5.145656780300513],[123.04859161376953,-5.1466825968732905],[123.04927825927734,-5.148734225055918],[123.05065155029297,-5.149076162442853],[123.05030822753906,-5.150443910151651],[123.05133819580078,-5.150443910151651],[123.05168151855469,-5.1514697190019945],[123.05477142333984,-5.151127782902506],[123.05992126464844,-5.152837461560125],[123.06575775146484,-5.15865033457554],[123.0630111694336,-5.15967613017088],[123.06163787841797,-5.159334198490015],[123.06026458740234,-5.156598738411162],[123.057861328125,-5.154547135617307],[123.05339813232422,-5.154889069876546],[123.0520248413086,-5.153521331735135],[123.04515838623047,-5.152837461560125],[123.04515838623047,-5.1514697190019945],[123.04618835449219,-5.1514697190019945],[123.04618835449219,-5.150443910151651],[123.04378509521484,-5.150443910151651],[123.04275512695312,-5.1483922874850805],[123.04000854492188,-5.146340658199492],[123.0355453491211,-5.14599871934189],[123.03520202636719,-5.1446309620738475],[123.03657531738281,-5.143947082337405],[123.03520202636719,-5.142579320660161],[123.03657531738281,-5.142237379781676],[123.03485870361328,-5.139501846143631],[123.03382873535156,-5.1388179608984075],[123.0300521850586,-5.139501846143631],[123.02833557128906,-5.138476018000503],[123.02421569824219,-5.139843788490936],[123.02318572998047,-5.141211556044425],[123.01769256591797,-5.143605142193621],[123.01219940185547,-5.1483922874850805],[123.01082611083984,-5.150443910151651],[123.00567626953125,-5.15215359064905],[123.00189971923828,-5.154889069876546],[123.00052642822266,-5.157282604536022],[122.99915313720703,-5.15796646992419],[122.99880981445312,-5.15967613017088],[122.99674987792969,-5.160701924107883],[122.9970932006836,-5.162753507005519],[122.99606323242188,-5.164463154350187],[122.99880981445312,-5.164463154350187],[122.9922866821289,-5.1678824352058115],[122.9922866821289,-5.169933994861552],[122.98851013183594,-5.174720941539931],[122.98542022705078,-5.176772479030802],[122.98473358154297,-5.1791659310253095],[122.9861068725586,-5.1791659310253095],[122.98576354980469,-5.1801916933918335],[122.98439025878906,-5.180533613810709],[122.98336029052734,-5.181901293636159],[122.9813003540039,-5.181901293636159],[122.97649383544922,-5.187713899854373],[122.97649383544922,-5.190107310386551],[122.9754638671875,-5.19147496947069],[122.97271728515625,-5.192158797900504],[122.97340393066406,-5.195919841005249],[122.96894073486328,-5.194552191563886],[122.97203063964844,-5.202416135297966],[122.97443389892578,-5.204125675284814],[122.97409057617188,-5.205835210625892],[122.97340393066406,-5.206177117136505],[122.97100067138672,-5.203783767659047],[122.9703140258789,-5.204467582724746],[122.96859741210938,-5.203099951850092],[122.96722412109375,-5.203099951850092],[122.96653747558594,-5.201732318002755],[122.96344757080078,-5.206177117136505]]]}},{"type":"Feature","id":"pmtiles:8/215/131:park:119841653:1","properties":{"class":"nature_reserve","kind":"green","verification":"verified","source":"OpenMapTiles/OpenStreetMap national PMTiles","sourceId":"8/215/131:park:119841653:1","sourceLayer":"park","archive":"https://its.hanifahseptiani45.workers.dev/v1/map/archive/indonesia.pmtiles","updatedAt":"2026-07-26T09:35:40.903Z"},"geometry":{"type":"Polygon","coordinates":[[[122.93083190917969,-5.1897653951521505],[122.9315185546875,-5.189081564127392],[122.9318618774414,-5.189423479732412],[122.93289184570312,-5.192500711837312],[122.93220520019531,-5.193526452535139],[122.93392181396484,-5.197629398632216],[122.93357849121094,-5.205151397047061],[122.93872833251953,-5.210621884852699],[122.94387817382812,-5.213015208292774],[122.94456481933594,-5.216434225955311],[122.94696807861328,-5.217459927622457],[122.94868469238281,-5.216776126697312],[122.95177459716797,-5.217801827805587],[122.95486450195312,-5.217118027253036],[122.95623779296875,-5.216092325027049],[122.95555114746094,-5.2082285522956795],[122.958984375,-5.207544741319737],[122.96035766601562,-5.20788664690069],[122.96173095703125,-5.210963788759543],[122.96310424804688,-5.2099380764808245],[122.96241760253906,-5.20720283555282],[122.9644775390625,-5.20857045750472],[122.9641342163086,-5.208912362527755],[122.96516418457031,-5.210621884852699],[122.9648208618164,-5.212331402526161],[122.96688079833984,-5.215066621124805],[122.96344757080078,-5.214382817592195],[122.95967102050781,-5.211989499363639],[122.96001434326172,-5.2133571108968795],[122.9586410522461,-5.2133571108968795],[122.95692443847656,-5.218143727802399],[122.95761108398438,-5.218485627612893],[122.96138763427734,-5.218485627612893],[122.96138763427734,-5.219169426674867],[122.95761108398438,-5.2212208193876535],[122.95623779296875,-5.223955999230668],[122.95417785644531,-5.222930308188182],[122.94937133789062,-5.225323584675806],[122.94422149658203,-5.223955999230668],[122.93941497802734,-5.223955999230668],[122.93975830078125,-5.222588410801009],[122.9366683959961,-5.2212208193876535],[122.93632507324219,-5.219511325926291],[122.93357849121094,-5.216776126697312],[122.93426513671875,-5.209596172015807],[122.9318618774414,-5.204809489978828],[122.93220520019531,-5.2003646811834585],[122.93357849121094,-5.198655130981265],[122.93083190917969,-5.1897653951521505]]]}},{"type":"Feature","id":"pmtiles:8/215/131:park:3548057302:0","properties":{"class":"nature_reserve","kind":"green","verification":"verified","source":"OpenMapTiles/OpenStreetMap national PMTiles","sourceId":"8/215/131:park:3548057302:0","sourceLayer":"park","archive":"https://its.hanifahseptiani45.workers.dev/v1/map/archive/indonesia.pmtiles","updatedAt":"2026-07-26T09:35:40.906Z"},"geometry":{"type":"Polygon","coordinates":[[[122.8329849243164,-4.91993750739401],[122.83435821533203,-4.9219898509433335],[122.83504486083984,-4.926436573578272],[122.83607482910156,-4.92780478994419],[122.83607482910156,-4.9322514736744125],[122.83504486083984,-4.93601402895527],[122.83641815185547,-4.939092467404848],[122.8322982788086,-4.944565211572524],[122.83126831054688,-4.944565211572524],[122.8271484375,-4.941486798539714],[122.82783508300781,-4.939434515239313],[122.82646179199219,-4.9336196780626835],[122.82543182373047,-4.932593525035841],[122.82577514648438,-4.930883266466637],[122.82371520996094,-4.930199161805646],[122.82062530517578,-4.924726299160611],[122.82371520996094,-4.921647794124695],[122.82920837402344,-4.920279565091761],[122.8322982788086,-4.920621622613737],[122.83161163330078,-4.9072812491021125],[122.83332824707031,-4.909333631634141],[122.8322982788086,-4.913780438786873],[122.8329849243164,-4.91993750739401]]]}},{"type":"Feature","id":"pmtiles:8/215/131:park:3548063942:0","properties":{"class":"nature_reserve","kind":"green","verification":"verified","source":"OpenMapTiles/OpenStreetMap national PMTiles","sourceId":"8/215/131:park:3548063942:0","sourceLayer":"park","archive":"https://its.hanifahseptiani45.workers.dev/v1/map/archive/indonesia.pmtiles","updatedAt":"2026-07-26T09:35:40.907Z"},"geometry":{"type":"Polygon","coordinates":[[[122.85152435302734,-5.076581342803777],[122.85392761230469,-5.089576300054759],[122.85324096679688,-5.094705816221179],[122.85049438476562,-5.099835291445515],[122.84774780273438,-5.101887070062318],[122.8439712524414,-5.102570994810321],[122.83641815185547,-5.101545107415006],[122.83401489257812,-5.1029129569109415],[122.8322982788086,-5.1100941189048115],[122.8329849243164,-5.115565426407358],[122.83195495605469,-5.117275200412394],[122.82611846923828,-5.119668876343056],[122.82543182373047,-5.122062543314229],[122.8274917602539,-5.122062543314229],[122.8271484375,-5.124114250726791],[122.82096862792969,-5.126165951551187],[122.81993865966797,-5.128901542397671],[122.81719207763672,-5.130953227839598],[122.8158187866211,-5.13300490668469],[122.81684875488281,-5.1350565789303175],[122.816162109375,-5.136424356759761],[122.81787872314453,-5.138476018000503],[122.81375885009766,-5.138476018000503],[122.8103256225586,-5.140527672634846],[122.80654907226562,-5.144972901666492],[122.80448913574219,-5.144972901666492],[122.80586242675781,-5.1470245353633],[122.80895233154297,-5.1470245353633],[122.8110122680664,-5.1453148410753755],[122.81272888183594,-5.139843788490936],[122.81684875488281,-5.139843788490936],[122.81959533691406,-5.139159903612793],[122.82028198242188,-5.141211556044425],[122.81787872314453,-5.142921261354985],[122.81890869140625,-5.145656780300513],[122.81684875488281,-5.148734225055918],[122.81547546386719,-5.148734225055918],[122.81204223632812,-5.1514697190019945],[122.81238555908203,-5.151811654917509],[122.80826568603516,-5.151811654917509],[122.79830932617188,-5.149760036665086],[122.79006958007812,-5.1453148410753755],[122.79041290283203,-5.143605142193621],[122.79315948486328,-5.142921261354985],[122.79212951660156,-5.142237379781676],[122.79315948486328,-5.139159903612793],[122.79041290283203,-5.13813407491908],[122.78800964355469,-5.134372688915207],[122.78388977050781,-5.132662960668725],[122.78388977050781,-5.131979068086906],[122.7883529663086,-5.124798151733728],[122.79006958007812,-5.124456201321763],[122.78938293457031,-5.122404495007061],[122.79075622558594,-5.121378639379799],[122.78938293457031,-5.121378639379799],[122.78766632080078,-5.117275200412394],[122.78800964355469,-5.115565426407358],[122.79006958007812,-5.115223471058201],[122.7890396118164,-5.113855647834782],[122.79315948486328,-5.112145864696174],[122.79727935791016,-5.112487821689115],[122.8000259399414,-5.109068243545096],[122.8000259399414,-5.111119992621937],[122.80139923095703,-5.112487821689115],[122.80380249023438,-5.111461950162578],[122.8055191040039,-5.112145864696174],[122.80620574951172,-5.1104360769930395],[122.80826568603516,-5.112145864696174],[122.80826568603516,-5.106332567891286],[122.8103256225586,-5.106674527986456],[122.81135559082031,-5.109068243545096],[122.81547546386719,-5.109410202180825],[122.81478881835938,-5.107700407177589],[122.81238555908203,-5.106674527986456],[122.8106689453125,-5.103254918829322],[122.80792236328125,-5.101203144585455],[122.80654907226562,-5.101203144585455],[122.80620574951172,-5.099835291445515],[122.80723571777344,-5.098125470922369],[122.80689239501953,-5.097099576423361],[122.80826568603516,-5.096073680285912],[122.8103256225586,-5.096757611226238],[122.81307220458984,-5.094363849750039],[122.81547546386719,-5.0909441750333855],[122.81753540039062,-5.091970079358163],[122.82062530517578,-5.09162811143176],[122.8216552734375,-5.090260237907685],[122.8219985961914,-5.0909441750333855],[122.82440185546875,-5.0909441750333855],[122.82543182373047,-5.088550391912008],[122.82405853271484,-5.086840541372652],[122.8271484375,-5.086156599885015],[122.82646179199219,-5.084104771062599],[122.82405853271484,-5.083762798956556],[122.8216552734375,-5.081368989130752],[122.8213119506836,-5.077949245382285],[122.82302856445312,-5.075555413965958],[122.8216552734375,-5.074187506310892],[122.81993865966797,-5.074871460500944],[122.81719207763672,-5.073161573666525],[122.81787872314453,-5.07179366093726],[122.82234191894531,-5.07179366093726],[122.8271484375,-5.075555413965958],[122.82989501953125,-5.074871460500944],[122.83058166503906,-5.076923318720418],[122.83195495605469,-5.075897390426547],[122.83367156982422,-5.0762393667058205],[122.83470153808594,-5.075213437324095],[122.83710479736328,-5.076581342803777],[122.84019470214844,-5.070767724488121],[122.8384780883789,-5.0693998066870165],[122.83882141113281,-5.0687158466999875],[122.8436279296875,-5.067005943564325],[122.84294128417969,-5.062560174240048],[122.84809112548828,-5.067689905361647],[122.85152435302734,-5.076581342803777]]]}},{"type":"Feature","id":"pmtiles:8/215/131:park:3548063992:0","properties":{"class":"nature_reserve","kind":"green","verification":"verified","source":"OpenMapTiles/OpenStreetMap national PMTiles","sourceId":"8/215/131:park:3548063992:0","sourceLayer":"park","archive":"https://its.hanifahseptiani45.workers.dev/v1/map/archive/indonesia.pmtiles","updatedAt":"2026-07-26T09:35:40.907Z"},"geometry":{"type":"Polygon","coordinates":[[[122.79693603515625,-5.075897390426547],[122.79041290283203,-5.077607270009679],[122.78594970703125,-5.081027015572431],[122.78114318847656,-5.0875244821335315],[122.7777099609375,-5.090602206561442],[122.77530670166016,-5.095389748617521],[122.77084350585938,-5.099493327705119],[122.76775360107422,-5.104622764680059],[122.76603698730469,-5.104964725686983],[122.76947021484375,-5.099493327705119],[122.76878356933594,-5.097783506271426],[122.7718734741211,-5.0909441750333855],[122.76912689208984,-5.088892361474677],[122.76878356933594,-5.087866452241428],[122.77290344238281,-5.08273688154901],[122.77633666992188,-5.082052935702919],[122.78182983398438,-5.075897390426547],[122.78457641601562,-5.074529483496548],[122.78629302978516,-5.072135639391334],[122.78972625732422,-5.070767724488121],[122.79590606689453,-5.062902157581064],[122.7993392944336,-5.0557204694615905],[122.80208587646484,-5.0526425787389115],[122.80380249023438,-5.052300589978287],[122.80757904052734,-5.054352519834637],[122.80792236328125,-5.060508270396923],[122.80174255371094,-5.072135639391334],[122.79693603515625,-5.075897390426547]]]}},{"type":"Feature","id":"pmtiles:8/215/131:park:10986406912:0","properties":{"name":"Cagar Alam Kakenauwe","name_int":"Kakenauwe Nature Reserve","class":"protected_area","name:latin":"Cagar Alam Kakenauwe","name_de":"Cagar Alam Kakenauwe","name_en":"Kakenauwe Nature Reserve","kind":"green","verification":"verified","source":"OpenMapTiles/OpenStreetMap national PMTiles","sourceId":"8/215/131:park:10986406912:0","sourceLayer":"park","archive":"https://its.hanifahseptiani45.workers.dev/v1/map/archive/indonesia.pmtiles","updatedAt":"2026-07-26T09:35:40.908Z"},"geometry":{"type":"Polygon","coordinates":[[[122.93907165527344,-5.143605142193621],[122.94490814208984,-5.1453148410753755],[122.93907165527344,-5.156940671565664],[122.93529510498047,-5.160018061667486],[122.93323516845703,-5.163437366496581],[122.92808532714844,-5.16617279708413],[122.91984558105469,-5.168224362276561],[122.91984558105469,-5.170617846603278],[122.91675567626953,-5.173695170299638],[122.91160583496094,-5.171301697606424],[122.90542602539062,-5.175062864917123],[122.9037094116211,-5.177114401298994],[122.90542602539062,-5.178140166994254],[122.90817260742188,-5.176772479030802],[122.90851593017578,-5.179849772787961],[122.90679931640625,-5.181559373957327],[122.90542602539062,-5.181559373957327],[122.90473937988281,-5.180533613810709],[122.9037094116211,-5.182243213129951],[122.90267944335938,-5.180875534044603],[122.89924621582031,-5.181901293636159],[122.89615631103516,-5.1897653951521505],[122.88825988769531,-5.1955779289232],[122.8872299194336,-5.1938683657301965],[122.88894653320312,-5.190791140299339],[122.88963317871094,-5.181559373957327],[122.89375305175781,-5.177114401298994],[122.89787292480469,-5.174037094231181],[122.89787292480469,-5.1730113218823135],[122.90096282958984,-5.16925014238133],[122.90645599365234,-5.16617279708413],[122.90817260742188,-5.16617279708413],[122.9098892211914,-5.163779295965526],[122.91229248046875,-5.162753507005519],[122.91400909423828,-5.163437366496581],[122.91435241699219,-5.162069646776985],[122.91709899902344,-5.160701924107883],[122.91812896728516,-5.158992266624907],[122.92121887207031,-5.15796646992419],[122.92121887207031,-5.156940671565664],[122.92430877685547,-5.155231003951698],[122.92396545410156,-5.15420520117398],[122.926025390625,-5.151811654917509],[122.92808532714844,-5.15386326654658],[122.93014526367188,-5.15215359064905],[122.9315185546875,-5.152495526196603],[122.93083190917969,-5.150785846619044],[122.93289184570312,-5.149418099645914],[122.93220520019531,-5.1470245353633],[122.93357849121094,-5.144972901666492],[122.93495178222656,-5.143947082337405],[122.93907165527344,-5.143605142193621]]]}},{"type":"Feature","id":"pmtiles:8/215/131:transportation:1059501180:5","properties":{"class":"primary","highway":"primary","kind":"road","verification":"verified","source":"OpenMapTiles/OpenStreetMap national PMTiles","sourceId":"8/215/131:transportation:1059501180:5","sourceLayer":"transportation","archive":"https://its.hanifahseptiani45.workers.dev/v1/map/archive/indonesia.pmtiles","updatedAt":"2026-07-26T09:35:40.910Z"},"geometry":{"type":"LineString","coordinates":[[123.06266784667969,-5.176088633939841],[123.06266784667969,-5.163779295965526],[123.05545806884766,-5.15865033457554],[123.05065155029297,-5.1576245373222065],[123.04378509521484,-5.152837461560125],[123.03657531738281,-5.150101973500327],[123.03142547607422,-5.146340658199492],[123.02215576171875,-5.1453148410753755],[123.01769256591797,-5.147366473669507],[123.01322937011719,-5.153521331735135],[123.00704956054688,-5.157282604536022],[123.00395965576172,-5.160359992979821],[123.00430297851562,-5.162069646776985],[122.99263000488281,-5.174037094231181],[122.98919677734375,-5.181217454093485],[122.98542022705078,-5.185320480244911],[122.98370361328125,-5.186004315345059],[122.97958374023438,-5.193184539154643],[122.97889709472656,-5.196945576138148],[122.97718048095703,-5.198997041393028],[122.97615051269531,-5.20720283555282],[122.9703140258789,-5.2147247194515955],[122.969970703125,-5.217801827805587],[122.9644775390625,-5.226691167135698],[122.96104431152344,-5.227716852021075],[122.95452117919922,-5.226691167135698],[122.9483413696289,-5.228400641011362],[122.94078826904297,-5.226691167135698],[122.93701171875,-5.223272205388852],[122.93495178222656,-5.222588410801009],[122.93254852294922,-5.218143727802399],[122.93254852294922,-5.207544741319737],[122.9311752319336,-5.2013904090765095],[122.9318618774414,-5.198997041393028],[122.92980194091797,-5.192158797900504],[122.92190551757812,-5.187713899854373],[122.91606903076172,-5.1880558162005315],[122.91194915771484,-5.1897653951521505],[122.90885925292969,-5.189423479732412],[122.90714263916016,-5.187030066606312],[122.90542602539062,-5.184636644404108],[122.90233612060547,-5.184294726205991],[122.90130615234375,-5.186004315345059],[122.89924621582031,-5.183952807822735],[122.89649963378906,-5.189423479732412],[122.88825988769531,-5.1955779289232],[122.8872299194336,-5.1938683657301965],[122.8879165649414,-5.192500711837312],[122.88585662841797,-5.188739648337048],[122.88139343261719,-5.187713899854373],[122.88036346435547,-5.188739648337048],[122.87933349609375,-5.187713899854373],[122.87418365478516,-5.188739648337048],[122.86903381347656,-5.1880558162005315]]}},{"type":"Feature","id":"pmtiles:8/215/131:transportation:1059501440:9","properties":{"class":"trunk","highway":"trunk","kind":"road","verification":"verified","source":"OpenMapTiles/OpenStreetMap national PMTiles","sourceId":"8/215/131:transportation:1059501440:9","sourceLayer":"transportation","archive":"https://its.hanifahseptiani45.workers.dev/v1/map/archive/indonesia.pmtiles","updatedAt":"2026-07-26T09:35:40.910Z"},"geometry":{"type":"LineString","coordinates":[[122.60089874267578,-5.471439584306822],[122.60124206542969,-5.464604374783065],[122.60330200195312,-5.457085554210892],[122.60982513427734,-5.456060253190287],[122.60948181152344,-5.457085554210892],[122.6180648803711,-5.460503211618601],[122.62012481689453,-5.460161446754569],[122.62046813964844,-5.460161446754569],[122.62767791748047,-5.460161446754569],[122.6345443725586,-5.457427320828259],[122.63935089111328,-5.453326108568547],[122.6458740234375,-5.444781826371582],[122.64896392822266,-5.445465373419239],[122.64759063720703,-5.443072955351994],[122.6510238647461,-5.436579201198626],[122.64965057373047,-5.42564219380985],[122.65205383300781,-5.420515403311583],[122.6517105102539,-5.419490039987025],[122.65342712402344,-5.418464674921594],[122.65960693359375,-5.408210928590833],[122.66647338867188,-5.4010332027709325],[122.67436981201172,-5.3972734076909035],[122.68054962158203,-5.390437356926981],[122.68501281738281,-5.382233994428475],[122.69599914550781,-5.346342984593662],[122.69462585449219,-5.340531860913245],[122.68707275390625,-5.3388226964014365],[122.67951965332031,-5.342582852035974],[122.67780303955078,-5.341899189091137],[122.67711639404297,-5.336088023272765],[122.67986297607422,-5.33301150143096],[122.69050598144531,-5.329934964168373],[122.69084930419922,-5.327542091197387],[122.68878936767578,-5.324123685073957],[122.68569946289062,-5.3220726322759475],[122.68878936767578,-5.320705259943892],[122.68878936767578,-5.3162612788797645],[122.69393920898438,-5.309424322313873],[122.69325256347656,-5.307031369598633],[122.69702911376953,-5.302245436321215],[122.7004623413086,-5.293015317397888],[122.70698547363281,-5.285152514834124],[122.706298828125,-5.28310133252586],[122.71110534667969,-5.270452225011397],[122.71350860595703,-5.267033503058826],[122.71350860595703,-5.264982260860037],[122.72346496582031,-5.264982260860037],[122.728271484375,-5.261563508825034],[122.74715423583984,-5.256777224418542],[122.7560806274414,-5.255409707829855],[122.76363372802734,-5.256435345552887],[122.76981353759766,-5.254384068418062],[122.77015686035156,-5.255409707829855],[122.7718734741211,-5.254384068418062],[122.77324676513672,-5.255409707829855],[122.7725601196289,-5.253358427317821],[122.77530670166016,-5.255067828213555],[122.77427673339844,-5.252674665646481],[122.77530670166016,-5.25096525818627],[122.78114318847656,-5.246178892367155],[122.7835464477539,-5.246520776857878],[122.78560638427734,-5.245495122823755],[122.78697967529297,-5.24720454527737],[122.7890396118164,-5.247546429206082],[122.78972625732422,-5.245837007689104],[122.7883529663086,-5.245495122823755],[122.79006958007812,-5.243443809698931],[122.79350280761719,-5.244811352531173],[122.79487609863281,-5.244469467103983],[122.7945327758789,-5.241734376946297],[122.79590606689453,-5.241734376946297],[122.79487609863281,-5.240024939514711],[122.79727935791016,-5.239683051467054],[122.7993392944336,-5.235238489827054],[122.80071258544922,-5.234896599161289],[122.80208587646484,-5.231135789504037],[122.80586242675781,-5.226007376278957],[122.80723571777344,-5.226007376278957],[122.80826568603516,-5.222588410801009],[122.81307220458984,-5.2212208193876535],[122.81375885009766,-5.219169426674867],[122.82302856445312,-5.217459927622457],[122.82440185546875,-5.2133571108968795],[122.83126831054688,-5.205151397047061],[122.83538818359375,-5.203441859847487],[122.84225463867188,-5.2027580436669325],[122.83710479736328,-5.202074226743235],[122.83916473388672,-5.2003646811834585],[122.8439712524414,-5.201048499964557],[122.86251068115234,-5.188739648337048],[122.86903381347656,-5.1880558162005315],[122.86903381347656,-5.1836108892543535],[122.87212371826172,-5.181559373957327],[122.87384033203125,-5.177114401298994],[122.87796020507812,-5.171301697606424],[122.87864685058594,-5.168224362276561],[122.88105010986328,-5.1658308689062835],[122.88482666015625,-5.157282604536022],[122.88688659667969,-5.155572937842749],[122.89134979248047,-5.157282604536022],[122.89478302001953,-5.15386326654658],[122.89409637451172,-5.151127782902506],[122.88997650146484,-5.14599871934189],[122.89031982421875,-5.1388179608984075],[122.88928985595703,-5.1388179608984075],[122.88963317871094,-5.137108244573895],[122.88860321044922,-5.1350565789303175],[122.87967681884766,-5.1316371215210665],[122.87178039550781,-5.135398523662786],[122.86972045898438,-5.134714634014443],[122.87006378173828,-5.133688798166631],[122.86457061767578,-5.134372688915207],[122.85804748535156,-5.132662960668725],[122.85358428955078,-5.126507901047901],[122.85221099853516,-5.126849850361523],[122.84843444824219,-5.125482052008564],[122.84122467041016,-5.128559594182846],[122.83744812011719,-5.127191799492039],[122.8322982788086,-5.126849850361523],[122.8322982788086,-5.125482052008564],[122.82852172851562,-5.124456201321763],[122.82234191894531,-5.128901542397671],[122.81856536865234,-5.137792131654166],[122.81272888183594,-5.140527672634846],[122.8110122680664,-5.143947082337405],[122.80620574951172,-5.1470245353633],[122.80448913574219,-5.1470245353633],[122.8000259399414,-5.144289022297485],[122.78972625732422,-5.141895438719558],[122.78697967529297,-5.142237379781676],[122.78011322021484,-5.137108244573895],[122.7777099609375,-5.133688798166631],[122.7780532836914,-5.1295854382778],[122.77633666992188,-5.119668876343056],[122.78800964355469,-5.112829778499446],[122.78732299804688,-5.111461950162578],[122.7883529663086,-5.111803907520667],[122.7886962890625,-5.1097521606340734],[122.79041290283203,-5.1097521606340734],[122.79350280761719,-5.106674527986456],[122.79350280761719,-5.105306686511582],[122.79590606689453,-5.1035968805654335],[122.80620574951172,-5.089918269072129],[122.80723571777344,-5.081368989130752],[122.80448913574219,-5.0789751704117805],[122.80139923095703,-5.07863319558335],[122.8048324584961,-5.0735035513958735],[122.80826568603516,-5.0711097034856465],[122.8103256225586,-5.068031885988788],[122.81272888183594,-5.052300589978287],[122.81238555908203,-5.047854719672117],[122.81410217285156,-5.040672864818774],[122.80654907226562,-5.03896288766974],[122.80448913574219,-5.03417492771797],[122.80448913574219,-5.03041293445682],[122.80723571777344,-5.026992921714921],[122.8106689453125,-5.017758797650103],[122.8158187866211,-5.0146807272457465],[122.81547546386719,-5.003394345022144],[122.81410217285156,-4.999290157749897],[122.82028198242188,-4.994501906763347],[122.82474517822266,-4.986293395158384],[122.82577514648438,-4.981847075187545],[122.82920837402344,-4.974322465191989],[122.82920837402344,-4.972612314556656],[122.82646179199219,-4.9678238691553105],[122.8326416015625,-4.964061494792048],[122.83504486083984,-4.955852603536144],[122.83538818359375,-4.947985653715122],[122.84019470214844,-4.941486798539714],[122.84019470214844,-4.9387504193939264],[122.83573150634766,-4.921305737130197],[122.83641815185547,-4.915832801313158],[122.83573150634766,-4.911043945587139],[122.8384780883789,-4.904544729240968],[122.83332824707031,-4.894966821446303],[122.83332824707031,-4.8857308519195755],[122.83161163330078,-4.8812838582247196],[122.83126831054688,-4.861100978309949],[122.8322982788086,-4.851522450695029],[122.83710479736328,-4.847417325808522],[122.84122467041016,-4.83578600324212],[122.84774780273438,-4.8262071169930465],[122.8542709350586,-4.822443946100279],[122.86113739013672,-4.816970205763482],[122.86251068115234,-4.813206983715929],[122.86079406738281,-4.8008908388539595],[122.86079406738281,-4.7824162048170535],[122.85873413085938,-4.780021308317757],[122.85839080810547,-4.776942143376388],[122.85736083984375,-4.775573621185316],[122.85770416259766,-4.7738629646063515],[122.85564422607422,-4.7724944362720265],[122.84912109375,-4.764283208982775],[122.84706115722656,-4.742728271138446],[122.84809112548828,-4.729726554568899],[122.85083770751953,-4.726305009608794],[122.84912109375,-4.72151481828692],[122.84534454345703,-4.717751073327648],[122.84568786621094,-4.707828375218298],[122.8436279296875,-4.703038056495998],[122.8439712524414,-4.701669387950602],[122.84809112548828,-4.701327220394063],[122.84980773925781,-4.6910621156111745],[122.84774780273438,-4.684902980281521],[122.84809112548828,-4.681481214982142],[122.84671783447266,-4.680112504176094],[122.84706115722656,-4.670873636261277],[122.84568786621094,-4.6684783543305315],[122.84706115722656,-4.665398694118878],[122.84912109375,-4.664714323348136],[122.84671783447266,-4.659923709282438],[122.84603118896484,-4.651026767992818],[122.8436279296875,-4.645893866108821],[122.84568786621094,-4.629468329165036],[122.8487777709961,-4.621939830549522],[122.85049438476562,-4.609278084409823],[122.85049438476562,-4.606198166079778],[122.84912109375,-4.603802664823007],[122.85255432128906,-4.592509478909022],[122.85255432128906,-4.586691707266084],[122.85530090332031,-4.582242791088419],[122.85736083984375,-4.570607033332578],[122.86182403564453,-4.559313323087153],[122.86731719970703,-4.550072882643704],[122.86937713623047,-4.534329637015176],[122.86869049072266,-4.530907146876686],[122.8714370727539,-4.525773381296517],[122.87349700927734,-4.527142389013051],[122.8769302368164,-4.527484640537537],[122.88002014160156,-4.520297324546135],[122.88482666015625,-4.519270559297468],[122.88619995117188,-4.510714125698485],[122.88860321044922,-4.5072915240224205],[122.88825988769531,-4.5038689062293855],[122.88997650146484,-4.498734949347195],[122.89066314697266,-4.492231885341951],[122.89581298828125,-4.489493735775795],[122.90748596191406,-4.472037791023794],[122.90782928466797,-4.469984123087443],[122.91023254394531,-4.467588169888884],[122.91091918945312,-4.463823084762112],[122.9201889038086,-4.4576619947174265],[122.9208755493164,-4.4559505716470795],[122.92739868164062,-4.44944712766123],[122.94696807861328,-4.4384938290458535],[122.9534912109375,-4.429251856895235],[122.95829772949219,-4.426513472589605],[122.96653747558594,-4.418298258908777]]}}]}