{"type":"FeatureCollection","features":[{"type":"Feature","id":"pmtiles:10/823/513:transportation:13900436822:0","properties":{"class":"ferry","highway":"ferry","kind":"road","verification":"verified","source":"OpenMapTiles/OpenStreetMap national PMTiles","sourceId":"10/823/513:transportation:13900436822:0","sourceLayer":"transportation","archive":"https://its.hanifahseptiani45.workers.dev/v1/map/archive/indonesia.pmtiles","updatedAt":"2026-07-26T09:41:46.682Z"},"geometry":{"type":"LineString","coordinates":[[109.3304443359375,-0.6774458392248732],[109.38606262207031,-0.6943532732208553],[109.41018104553223,-0.7086000996551007]]}},{"type":"Feature","id":"pmtiles:10/823/513:water:310:0","properties":{"class":"ocean","water":"ocean","kind":"waterway","verification":"verified","source":"OpenMapTiles/OpenStreetMap national PMTiles","sourceId":"10/823/513:water:310:0","sourceLayer":"water","archive":"https://its.hanifahseptiani45.workers.dev/v1/map/archive/indonesia.pmtiles","updatedAt":"2026-07-26T09:41:46.682Z"},"geometry":{"type":"Polygon","coordinates":[[[109.3304443359375,-0.7084284514028241],[109.3304443359375,-0.5890456382541203],[109.33053016662598,-0.5891314644060657],[109.33198928833008,-0.588873985946293],[109.33713912963867,-0.5891314644060657],[109.33782577514648,-0.5892172905566753],[109.33859825134277,-0.5897322474325932],[109.34100151062012,-0.5897322474325932],[109.34512138366699,-0.5887023336331652],[109.34881210327148,-0.5867283316528074],[109.34941291809082,-0.5859558959055704],[109.35087203979492,-0.5850118076254347],[109.35310363769531,-0.5844968503147641],[109.3553352355957,-0.5837244142602316],[109.35773849487305,-0.5834669355518116],[109.35919761657715,-0.5837244142602316],[109.36142921447754,-0.5835527617892495],[109.3630599975586,-0.5838960667259698],[109.36614990234375,-0.5838102404937473],[109.3674373626709,-0.5845826765364848],[109.37061309814453,-0.5850118076254347],[109.37335968017578,-0.584754328976004],[109.37430381774902,-0.584325197867372],[109.37893867492676,-0.5875007672934061],[109.38039779663086,-0.5892172905566753],[109.38108444213867,-0.5902472042608622],[109.38108444213867,-0.592993639872077],[109.38177108764648,-0.595825900168947],[109.3824577331543,-0.5973707688085597],[109.38331604003906,-0.5982290289763057],[109.3839168548584,-0.5996880709532917],[109.38494682312012,-0.6008896346423711],[109.3853759765625,-0.6015762423460842],[109.37893867492676,-0.6108454378502728],[109.37782287597656,-0.612046999065015],[109.37198638916016,-0.6215736534109908],[109.3677806854248,-0.6202004430275565],[109.36726570129395,-0.6188272322878419],[109.36511993408203,-0.6177114983000394],[109.3630599975586,-0.6171965440727973],[109.36168670654297,-0.6171107183634064],[109.36031341552734,-0.6174540211926569],[109.35799598693848,-0.6187414066047978],[109.35507774353027,-0.6232043402774963],[109.35404777526855,-0.6262940613759014],[109.35233116149902,-0.6302420356832812],[109.3513011932373,-0.6340183561339501],[109.35112953186035,-0.6356490391143979],[109.3527603149414,-0.6385671021092065],[109.35439109802246,-0.6403694343084112],[109.35507774353027,-0.6422575911707469],[109.35619354248047,-0.6435449704498097],[109.35782432556152,-0.646119728032545],[109.35911178588867,-0.64886613468245],[109.35979843139648,-0.651698364978543],[109.35997009277344,-0.653672342728413],[109.36039924621582,-0.653672342728413],[109.36357498168945,-0.6514408895627781],[109.3659782409668,-0.6500676871233253],[109.36958312988281,-0.6487803094971696],[109.37087059020996,-0.648608659122246],[109.37301635742188,-0.6487803094971696],[109.37713623046875,-0.650754288389777],[109.3784236907959,-0.6520416655124137],[109.37962532043457,-0.6539298180299511],[109.38451766967773,-0.6553030194149301],[109.38735008239746,-0.6564187452630819],[109.39104080200195,-0.658993496269602],[109.39387321472168,-0.6613965960084442],[109.39550399780273,-0.6630272701688114],[109.39722061157227,-0.6644004690452476],[109.39825057983398,-0.6656878426452977],[109.40048217773438,-0.667747639706036],[109.40460205078125,-0.6728113038061707],[109.40666198730469,-0.672982953344814],[109.40940856933594,-0.671953056022403],[109.41215515136719,-0.675128572067706],[109.41533088684082,-0.6763301181391341],[109.42185401916504,-0.6800205792107477],[109.42460060119629,-0.6819087209945565],[109.42648887634277,-0.6839685111867198],[109.42829132080078,-0.6853417041572385],[109.43103790283203,-0.6882597379114088],[109.43232536315918,-0.6903195253693468],[109.43352699279785,-0.6915210676412755],[109.43438529968262,-0.6928942584367803],[109.4351577758789,-0.6937525024818854],[109.43584442138672,-0.6955548144696877],[109.43653106689453,-0.6963272336824247],[109.43764686584473,-0.6968421797539577],[109.44056510925293,-0.6973571257692157],[109.44082260131836,-0.6972713014372403],[109.4414234161377,-0.6964130580315953],[109.44219589233398,-0.6964988823792027],[109.44425582885742,-0.6977862474055456],[109.44683074951172,-0.6998460307146672],[109.44931983947754,-0.7010475705607604],[109.45103645324707,-0.7024207585787536],[109.45309638977051,-0.7049954850243267],[109.45507049560547,-0.7058537268567306],[109.45721626281738,-0.7059395510312498],[109.4571304321289,-0.7065403202086031],[109.45515632629395,-0.7067977926894145],[109.45292472839355,-0.7076560341889859],[109.45266723632812,-0.7079993307443573],[109.4527530670166,-0.7086000996551007],[109.44665908813477,-0.7086000996551007],[109.44665908813477,-0.7085142755297653],[109.44571495056152,-0.7086000996551007],[109.39713478088379,-0.7086000996551007],[109.39696311950684,-0.7085142755297653],[109.39644813537598,-0.7083426272743196],[109.39619064331055,-0.7085142755297653],[109.39473152160645,-0.7081709790125217],[109.3937873840332,-0.7071410893082799],[109.39155578613281,-0.7066261443704605],[109.39129829406738,-0.7068836168465111],[109.38777923583984,-0.7082568031442094],[109.38743591308594,-0.7086000996551007],[109.38726425170898,-0.7086000996551007],[109.38709259033203,-0.7085142755297653],[109.38709259033203,-0.7086000996551007],[109.33130264282227,-0.7086000996551007],[109.3304443359375,-0.7084284514028241]],[[109.34915542602539,-0.6566762204234635],[109.3494987487793,-0.6586501962121929],[109.35310363769531,-0.6646579437921076],[109.35739517211914,-0.6695499614263127],[109.36005592346191,-0.6735837266824802],[109.36125755310059,-0.6744419741792456],[109.36443328857422,-0.6758151698592059],[109.36529159545898,-0.6759009945763097],[109.36700820922852,-0.6765017675536455],[109.36863899230957,-0.6766734169620747],[109.37396049499512,-0.6750427473369456],[109.37567710876465,-0.6740128504497704],[109.37979698181152,-0.6728113038061707],[109.3882942199707,-0.673412077164997],[109.38992500305176,-0.6739270256993279],[109.39189910888672,-0.6740986751986924],[109.39421653747559,-0.6746136236604485],[109.40005302429199,-0.6749569226046646],[109.40528869628906,-0.6749569226046646],[109.40065383911133,-0.6715239320739528],[109.3989372253418,-0.6699790855478227],[109.39138412475586,-0.6624264955405579],[109.38735008239746,-0.6589076712574808],[109.38434600830078,-0.6575344708623163],[109.3802261352539,-0.6568478705230376],[109.37979698181152,-0.6563329202066654],[109.37670707702637,-0.654873894022515],[109.37353134155273,-0.6518700152484058],[109.37129974365234,-0.650754288389777],[109.37018394470215,-0.6505826380819286],[109.3677806854248,-0.6512692392782924],[109.36580657958984,-0.6526424413903555],[109.36460494995117,-0.654702243855283],[109.36314582824707,-0.6561612700894273],[109.35962677001953,-0.6571911707044649],[109.35653686523438,-0.6569336955706007],[109.35524940490723,-0.6565045703180203],[109.35310363769531,-0.654444768593379],[109.35173034667969,-0.6524707911468397],[109.35104370117188,-0.652213315770581],[109.35009956359863,-0.6523849660228933],[109.34958457946777,-0.6530715669735372],[109.34932708740234,-0.6543589435031407],[109.34915542602539,-0.6566762204234635]]]}},{"type":"Feature","id":"pmtiles:10/823/513:water:24421863:0","properties":{"intermittent":0,"class":"river","id":2442186,"water":"river","kind":"waterway","verification":"verified","source":"OpenMapTiles/OpenStreetMap national PMTiles","sourceId":"10/823/513:water:24421863:0","sourceLayer":"water","archive":"https://its.hanifahseptiani45.workers.dev/v1/map/archive/indonesia.pmtiles","updatedAt":"2026-07-26T09:41:46.682Z"},"geometry":{"type":"Polygon","coordinates":[[[109.62587356567383,-0.3776522947549523],[109.62278366088867,-0.3779097812232237],[109.61617469787598,-0.3776522947549523],[109.61480140686035,-0.377308979452053],[109.61342811584473,-0.377308979452053],[109.60862159729004,-0.3759357181051257],[109.6047592163086,-0.37361833909287157],[109.60330009460449,-0.37215924828986147],[109.60201263427734,-0.37130095946940855],[109.6007251739502,-0.3700135260825732],[109.59763526916504,-0.3656362511737541],[109.59548950195312,-0.36134480311281436],[109.59488868713379,-0.3555084305013594],[109.59574699401855,-0.3492429087408624],[109.59651947021484,-0.34683969380267854],[109.59660530090332,-0.34606723172845477],[109.60115432739258,-0.34606723172845477],[109.60098266601562,-0.34666803556939385],[109.5992660522461,-0.3515602939922644],[109.59875106811523,-0.3540493367697479],[109.59892272949219,-0.35696752400242815],[109.60063934326172,-0.3608298292087966],[109.60158348083496,-0.36185977698764304],[109.60338592529297,-0.3633188694740852],[109.60553169250488,-0.3646921327755024],[109.60922241210938,-0.36589373799243674],[109.61282730102539,-0.3661512248037013],[109.6190071105957,-0.36486379067346775],[109.62132453918457,-0.3646921327755024],[109.6230411529541,-0.3643488169697662],[109.62338447570801,-0.36486379067346775],[109.62887763977051,-0.3671811719748206],[109.63231086730957,-0.36769614551589314],[109.63479995727539,-0.3675244876721706],[109.63703155517578,-0.3669236851931572],[109.6395206451416,-0.3657220801141392],[109.64535713195801,-0.3612589741308341],[109.64818954467773,-0.35876993330167295],[109.65213775634766,-0.3561092337356513],[109.654541015625,-0.35490762722798763],[109.65771675109863,-0.3528477299947781],[109.6596908569336,-0.3520752684146089],[109.66355323791504,-0.3514744649191073],[109.67265129089355,-0.35138863584518276],[109.67960357666016,-0.348041301348303],[109.68157768249512,-0.3465822064516004],[109.68209266662598,-0.34606723172845477],[109.6900749206543,-0.34606723172845477],[109.68887329101562,-0.3477838140299667],[109.68767166137695,-0.3490712505513187],[109.6834659576416,-0.352504413744839],[109.68338012695312,-0.3524185846803789],[109.6816635131836,-0.3535343624566565],[109.68123435974121,-0.3542209948677453],[109.67994689941406,-0.3541351658191445],[109.67582702636719,-0.35490762722798763],[109.66921806335449,-0.3548217981857391],[109.66775894165039,-0.35542260146469573],[109.66732978820801,-0.3551651143499299],[109.66535568237305,-0.355250943388981],[109.66046333312988,-0.3567100369307923],[109.65866088867188,-0.35773998517403527],[109.65582847595215,-0.35979988131336427],[109.65239524841309,-0.36297555361606726],[109.64604377746582,-0.36958438157873275],[109.64115142822266,-0.3734466813639017],[109.63866233825684,-0.3746482853962192],[109.63600158691406,-0.3754207450442948],[109.63376998901367,-0.3757640604215595],[109.63351249694824,-0.37602154694565115],[109.63153839111328,-0.37645069113557383],[109.62587356567383,-0.3776522947549523]],[[109.62604522705078,-0.36829694794295165],[109.62467193603516,-0.3672670009003838],[109.62355613708496,-0.3668378562642829],[109.62158203125,-0.36640871160757627],[109.61917877197266,-0.36640871160757627],[109.61308479309082,-0.3674386587490659],[109.61162567138672,-0.3675244876721706],[109.60819244384766,-0.36709534304840474],[109.60261344909668,-0.3653787643477102],[109.60278511047363,-0.3657220801141392],[109.60493087768555,-0.3675244876721706],[109.60836410522461,-0.36967021048116067],[109.61136817932129,-0.3710434728070311],[109.61454391479492,-0.3718159327716961],[109.61771965026855,-0.3719017616524951],[109.62089538574219,-0.37130095946940855],[109.62647438049316,-0.36915523705417286],[109.62647438049316,-0.368897750329495],[109.62604522705078,-0.36829694794295165]]]}},{"type":"Feature","id":"pmtiles:10/823/513:water:128767593:0","properties":{"intermittent":0,"class":"river","id":12876759,"water":"river","kind":"waterway","verification":"verified","source":"OpenMapTiles/OpenStreetMap national PMTiles","sourceId":"10/823/513:water:128767593:0","sourceLayer":"water","archive":"https://its.hanifahseptiani45.workers.dev/v1/map/archive/indonesia.pmtiles","updatedAt":"2026-07-26T09:41:46.682Z"},"geometry":{"type":"Polygon","coordinates":[[[109.54948425292969,-0.7070552651559581],[109.5475959777832,-0.7066261443704605],[109.54236030578613,-0.7062828477135383],[109.53635215759277,-0.704738012443741],[109.53351974487305,-0.7037081219791759],[109.52485084533691,-0.6995027335592141],[109.52373504638672,-0.6991594363786504],[109.52219009399414,-0.6993310849720729],[109.52210426330566,-0.6997602064281523],[109.5215892791748,-0.6998460307146672],[109.51987266540527,-0.7005326249501564],[109.51892852783203,-0.7005326249501564],[109.51849937438965,-0.7008759220301926],[109.51789855957031,-0.7008759220301926],[109.51772689819336,-0.7013908676030525],[109.51678276062012,-0.7013050433448313],[109.51643943786621,-0.7019058131192395],[109.5157527923584,-0.701991637366433],[109.51532363891602,-0.7015625161147341],[109.51523780822754,-0.701991637366433],[109.51489448547363,-0.7020774616120633],[109.51420783996582,-0.7017341646201487],[109.51326370239258,-0.7020774616120633],[109.51034545898438,-0.701648340368223],[109.50828552246094,-0.701648340368223],[109.50004577636719,-0.7003609764007166],[109.49652671813965,-0.7005326249501564],[109.49506759643555,-0.7002751521236235],[109.49317932128906,-0.698987787778961],[109.48991775512695,-0.6974429500995996],[109.48768615722656,-0.6960697606255621],[109.47918891906738,-0.6899762275215835],[109.47833061218262,-0.6895471051770414],[109.47755813598633,-0.6896329296490364],[109.4761848449707,-0.686371598626792],[109.47661399841309,-0.6858566514197122],[109.47695732116699,-0.6840543357589013],[109.47695732116699,-0.6819945456035015],[109.47669982910156,-0.6810504748208643],[109.47489738464355,-0.6782182613645062],[109.47318077087402,-0.6763301181391341],[109.4721508026123,-0.6758151698592059],[109.47506904602051,-0.672982953344814],[109.47669982910156,-0.6740128504497704],[109.48073387145996,-0.6776174885998785],[109.48124885559082,-0.6783040860390912],[109.48116302490234,-0.6793339820152511],[109.48373794555664,-0.6825094932250977],[109.48442459106445,-0.6829386162009712],[109.48674201965332,-0.6834535637214572],[109.49111938476562,-0.6860283004948968],[109.49335098266602,-0.6869723702983066],[109.49626922607422,-0.6878306154122953],[109.49721336364746,-0.6883455624066102],[109.49798583984375,-0.6891179827938032],[109.49850082397461,-0.6902337009097295],[109.49867248535156,-0.6912635943228764],[109.4981575012207,-0.6941816244460739],[109.49841499328613,-0.6944390976058941],[109.50064659118652,-0.6950398682576093],[109.50536727905273,-0.6954689901048994],[109.51292037963867,-0.6955548144696877],[109.51695442199707,-0.6959839362701672],[109.51927185058594,-0.6957264631945606],[109.52442169189453,-0.6955548144696877],[109.53025817871094,-0.6964130580315953],[109.53309059143066,-0.6973571257692157],[109.53497886657715,-0.6982153690027388],[109.53557968139648,-0.6982153690027388],[109.53755378723145,-0.7001035035647476],[109.53866958618164,-0.7008759220301926],[109.54416275024414,-0.7033648251071014],[109.54630851745605,-0.7035364735462935],[109.54948425292969,-0.7020774616120633],[109.55180168151855,-0.7074843859017648],[109.54948425292969,-0.7070552651559581]],[[109.49343681335449,-0.6958981119131948],[109.4955825805664,-0.6957264631945606],[109.49678421020508,-0.6952973413706758],[109.49764251708984,-0.6946107463713247],[109.49824333190918,-0.6912635943228764],[109.49807167053223,-0.6900620519858478],[109.49755668640137,-0.6891179827938032],[109.49618339538574,-0.6882597379114088],[109.4941234588623,-0.6877447909078285],[109.49103355407715,-0.6867148967340455],[109.4871711730957,-0.6843976340322513],[109.48322296142578,-0.6837968620377808],[109.48330879211426,-0.6853417041572385],[109.48296546936035,-0.6869723702983066],[109.4831371307373,-0.6875731418942905],[109.48691368103027,-0.690576998738905],[109.49094772338867,-0.6946965707517023],[109.49189186096191,-0.6953831657385763],[109.49343681335449,-0.6958981119131948]]]}},{"type":"Feature","id":"pmtiles:10/823/513:water:128829543:0","properties":{"intermittent":0,"class":"river","id":12882954,"water":"river","kind":"waterway","verification":"verified","source":"OpenMapTiles/OpenStreetMap national PMTiles","sourceId":"10/823/513:water:128829543:0","sourceLayer":"water","archive":"https://its.hanifahseptiani45.workers.dev/v1/map/archive/indonesia.pmtiles","updatedAt":"2026-07-26T09:41:46.682Z"},"geometry":{"type":"Polygon","coordinates":[[[109.33095932006836,-0.5629544276892489],[109.3304443359375,-0.5634693869396159],[109.3304443359375,-0.5614953762329975],[109.33113098144531,-0.5603796307560316],[109.33533668518066,-0.5505953921328484],[109.33731079101562,-0.5475914559874298],[109.33928489685059,-0.5455316131886576],[109.33979988098145,-0.5443300378969269],[109.33962821960449,-0.542270193982958],[109.33911323547363,-0.5408969643174402],[109.33782577514648,-0.5387512923433064],[109.3373966217041,-0.5365197926887362],[109.33782577514648,-0.5337733304585299],[109.33894157409668,-0.5308552129951778],[109.34048652648926,-0.5283662293644369],[109.3417739868164,-0.5269071695308014],[109.34932708740234,-0.5208992725083021],[109.35215950012207,-0.517895321845117],[109.35456275939941,-0.5148913697582884],[109.35799598693848,-0.5113724526570849],[109.35997009277344,-0.5100850434788669],[109.36408996582031,-0.5086259794322672],[109.3659782409668,-0.5074243970285153],[109.368896484375,-0.5033905116152937],[109.37559127807617,-0.49592352566391185],[109.37644958496094,-0.4944644584558091],[109.37670707702637,-0.49300539092705264],[109.37610626220703,-0.4908597028042152],[109.37447547912598,-0.4875124279590466],[109.37310218811035,-0.48347853042295696],[109.37190055847168,-0.48159032224097587],[109.37095642089844,-0.4811611839447778],[109.37018394470215,-0.4815044945838878],[109.36829566955566,-0.48373601331623206],[109.36589241027832,-0.48553839329527193],[109.3645191192627,-0.48588170371304784],[109.3630599975586,-0.48562422090134305],[109.36263084411621,-0.4851950828600735],[109.36263084411621,-0.48382184094515424],[109.36477661132812,-0.47583986683693524],[109.36786651611328,-0.468716161710816],[109.36803817749023,-0.4671712608440828],[109.36760902404785,-0.4659696710461674],[109.36709403991699,-0.4655405317829491],[109.36657905578613,-0.46536887607034316],[109.36494827270508,-0.46579801534402065],[109.3634033203125,-0.4668279494941885],[109.36168670654297,-0.4682870226153],[109.35945510864258,-0.47069020121114136],[109.35799598693848,-0.47077602900283466],[109.35851097106934,-0.47034689003376684],[109.35885429382324,-0.46957443982294933],[109.3590259552002,-0.46991775103829525],[109.3593692779541,-0.4698319232360433],[109.3619441986084,-0.4670854330081795],[109.36366081237793,-0.465712187491377],[109.36580657958984,-0.4649397367705461],[109.36692237854004,-0.46502556463259737],[109.36812400817871,-0.465712187491377],[109.36872482299805,-0.46639881028326613],[109.36846733093262,-0.46888781734168106],[109.36795234680176,-0.47060437341838224],[109.36572074890137,-0.4760115222918273],[109.36366081237793,-0.48390766857296796],[109.36383247375488,-0.48425097907345105],[109.36469078063965,-0.48476594479154755],[109.36589241027832,-0.48450846193739494],[109.36803817749023,-0.48279190932650806],[109.37009811401367,-0.48038873494361667],[109.37129974365234,-0.48013125192382233],[109.37224388122559,-0.48056039028475084],[109.37335968017578,-0.4820194605101449],[109.37567710876465,-0.48768408311988765],[109.37636375427246,-0.4888856691230927],[109.3769645690918,-0.4892289793702673],[109.37765121459961,-0.4931770459470499],[109.3773078918457,-0.4948077684160097],[109.37619209289551,-0.496781800342049],[109.3703556060791,-0.5031330294826972],[109.36915397644043,-0.5045920947661813],[109.36812400817871,-0.5062228144015961],[109.3663215637207,-0.5082826701968486],[109.36511993408203,-0.5092267705502707],[109.36039924621582,-0.5106858344607872],[109.3582534790039,-0.5122307252991618],[109.35078620910645,-0.5206417910788872],[109.34829711914062,-0.5230449506772743],[109.34306144714355,-0.5268213424711234],[109.34065818786621,-0.5296536348154604],[109.3388557434082,-0.5336016765283347],[109.3385124206543,-0.5350607347820358],[109.33834075927734,-0.5366056196135958],[109.3388557434082,-0.5387512923433064],[109.34082984924316,-0.5427851550272607],[109.34100151062012,-0.5437292501612347],[109.34074401855469,-0.5449308255727487],[109.34022903442383,-0.5458749203708209],[109.33816909790039,-0.5481064165766298],[109.33679580688477,-0.5503379119510043],[109.33533668518066,-0.5531701933389286],[109.3330192565918,-0.5593497116655897],[109.33216094970703,-0.5611520699550567],[109.33095932006836,-0.5629544276892489]]]}},{"type":"Feature","id":"pmtiles:10/823/513:water:128830413:0","properties":{"intermittent":0,"class":"river","id":12883041,"water":"river","kind":"waterway","verification":"verified","source":"OpenMapTiles/OpenStreetMap national PMTiles","sourceId":"10/823/513:water:128830413:0","sourceLayer":"water","archive":"https://its.hanifahseptiani45.workers.dev/v1/map/archive/indonesia.pmtiles","updatedAt":"2026-07-26T09:41:46.683Z"},"geometry":{"type":"Polygon","coordinates":[[[109.45266723632812,-0.6326451490151612],[109.45172309875488,-0.6320443707863603],[109.45052146911621,-0.6319585453194208],[109.4472599029541,-0.6323018471786384],[109.44056510925293,-0.6326451490151612],[109.43541526794434,-0.6334175780642397],[109.43181037902832,-0.6344474832838927],[109.42983627319336,-0.6362498169248312],[109.42708969116211,-0.6377946738302995],[109.42580223083496,-0.634533308709635],[109.42442893981934,-0.6299845591890261],[109.42992210388184,-0.6287830020477116],[109.43069458007812,-0.6282680489024699],[109.4318962097168,-0.6278389212426703],[109.43395614624023,-0.628096397842782],[109.43747520446777,-0.6279247467774383],[109.44777488708496,-0.6257791079857355],[109.45180892944336,-0.624148421916928],[109.45215225219727,-0.6238051195221885],[109.45215225219727,-0.6227752122036208],[109.45232391357422,-0.6225177353425266],[109.45472717285156,-0.6232901658880792],[109.45592880249023,-0.6233759914972552],[109.45627212524414,-0.6231185146655207],[109.4564437866211,-0.6234618171050386],[109.45687294006348,-0.6233759914972552],[109.45704460144043,-0.6238051195221885],[109.45747375488281,-0.62371929391999],[109.4582462310791,-0.6244917242892711],[109.45884704589844,-0.624405898698285],[109.45841789245605,-0.6250925033868953],[109.45910453796387,-0.6259507591214089],[109.46022033691406,-0.6260365846871423],[109.46279525756836,-0.6249208522231555],[109.46605682373047,-0.6222602584688559],[109.46897506713867,-0.6206295713106726],[109.47103500366211,-0.6189988836497662],[109.47669982910156,-0.6197713147096238],[109.47687149047852,-0.6209728739121232],[109.47833061218262,-0.6225177353425266],[109.48107719421387,-0.6253499801219817],[109.48236465454102,-0.6260365846871423],[109.48562622070312,-0.6257791079857355],[109.48991775512695,-0.624148421916928],[109.49103355407715,-0.623890945122966],[109.49249267578125,-0.6240625963203428],[109.49481010437012,-0.6246633754670228],[109.49566841125488,-0.6250925033868953],[109.49618339538574,-0.6256932824157957],[109.49695587158203,-0.627667270168871],[109.4978141784668,-0.6291263041163404],[109.50004577636719,-0.6318727198510885],[109.50193405151367,-0.6352199120641444],[109.50304985046387,-0.636335642320617],[109.50450897216797,-0.636507293107897],[109.5088005065918,-0.6357348645201739],[109.51086044311523,-0.6359923407289187],[109.51231956481934,-0.6365931184993912],[109.51077461242676,-0.638824578176397],[109.50991630554199,-0.6381379753019161],[109.50940132141113,-0.6380521499361436],[109.5058822631836,-0.6395970063005336],[109.50390815734863,-0.639425355616325],[109.50124740600586,-0.6377946738302995],[109.49918746948242,-0.6346191341339278],[109.49592590332031,-0.6311002905721494],[109.49292182922363,-0.6268090147154624],[109.4923210144043,-0.6263798869360073],[109.48794364929199,-0.628096397842782],[109.4857120513916,-0.6286113510049489],[109.4831371307373,-0.6286971765270408],[109.47927474975586,-0.6271523169137225],[109.47798728942871,-0.6264657124947206],[109.47481155395508,-0.6242342475121063],[109.47335243225098,-0.6238051195221885],[109.47249412536621,-0.6239767707223649],[109.47172164916992,-0.6245775498788362],[109.46863174438477,-0.6285255254814359],[109.46760177612305,-0.6291263041163404],[109.46056365966797,-0.6309286396057132],[109.45893287658691,-0.631786894381321],[109.45266723632812,-0.6326451490151612]]]}},{"type":"Feature","id":"pmtiles:10/823/513:water:130193283:0","properties":{"intermittent":0,"class":"river","id":13019328,"water":"river","kind":"waterway","verification":"verified","source":"OpenMapTiles/OpenStreetMap national PMTiles","sourceId":"10/823/513:water:130193283:0","sourceLayer":"water","archive":"https://its.hanifahseptiani45.workers.dev/v1/map/archive/indonesia.pmtiles","updatedAt":"2026-07-26T09:41:46.683Z"},"geometry":{"type":"Polygon","coordinates":[[[109.47755813598633,-0.6896329296490364],[109.47352409362793,-0.6904911742839346],[109.47249412536621,-0.6904053498274294],[109.4706916809082,-0.6895471051770414],[109.47000503540039,-0.6886030358829203],[109.46846008300781,-0.6831960899681064],[109.46751594543457,-0.6818228963840625],[109.46167945861816,-0.679591455974986],[109.4579029083252,-0.6776174885998785],[109.45515632629395,-0.6747852731355835],[109.45335388183594,-0.6724680047107654],[109.4527530670166,-0.6720388808075626],[109.45155143737793,-0.6716955816578434],[109.44794654846191,-0.671953056022403],[109.44562911987305,-0.6716097568666584],[109.44442749023438,-0.6710948080878438],[109.44211006164551,-0.6692066621020416],[109.44108009338379,-0.6686917130706149],[109.44056510925293,-0.6686917130706149],[109.4399642944336,-0.6691208372672293],[109.43979263305664,-0.6727254790345825],[109.43936347961426,-0.6740986751986924],[109.43807601928711,-0.6758151698592059],[109.43644523620605,-0.676415942847143],[109.43558692932129,-0.676415942847143],[109.4333553314209,-0.6757293451405673],[109.43095207214355,-0.6741844999460938],[109.42477226257324,-0.6708373336781079],[109.42168235778809,-0.6697216110794386],[109.41987991333008,-0.669635786253636],[109.41859245300293,-0.6700649103676284],[109.4143009185791,-0.6725538294868869],[109.41164016723633,-0.6746136236604485],[109.40940856933594,-0.671953056022403],[109.41842079162598,-0.6682625888364697],[109.42108154296875,-0.6678334645648647],[109.42322731018066,-0.667919289422187],[109.42511558532715,-0.6684342385346298],[109.42760467529297,-0.6697216110794386],[109.42992210388184,-0.6710089832861001],[109.43421363830566,-0.6740986751986924],[109.43575859069824,-0.6747852731355835],[109.43678855895996,-0.674270324692003],[109.43730354309082,-0.673412077164997],[109.43824768066406,-0.6690350124308964],[109.43876266479492,-0.6678334645648647],[109.43979263305664,-0.6670610407815616],[109.44047927856445,-0.6668893910354683],[109.44150924682617,-0.6669752159092468],[109.44356918334961,-0.6681767639851444],[109.4446849822998,-0.6692924869353618],[109.44597244262695,-0.6700649103676284],[109.45137977600098,-0.6702365600027207],[109.45301055908203,-0.6705798592548149],[109.45369720458984,-0.6709231584828643],[109.45524215698242,-0.6722963551540033],[109.45687294006348,-0.6745277989206073],[109.45841789245605,-0.6759009945763097],[109.46270942687988,-0.6783899107121556],[109.46760177612305,-0.6804497024083531],[109.46880340576172,-0.6812221240678298],[109.46949005126953,-0.6819945456035015],[109.47043418884277,-0.6839685111867198],[109.47120666503906,-0.6877447909078285],[109.47189331054688,-0.6885172113923517],[109.47257995605469,-0.6889463338296906],[109.47386741638184,-0.6886888603719257],[109.4761848449707,-0.686371598626792],[109.47755813598633,-0.6896329296490364]]]}},{"type":"Feature","id":"pmtiles:10/823/513:water:130193553:0","properties":{"intermittent":0,"class":"river","id":13019355,"water":"river","kind":"waterway","verification":"verified","source":"OpenMapTiles/OpenStreetMap national PMTiles","sourceId":"10/823/513:water:130193553:0","sourceLayer":"water","archive":"https://its.hanifahseptiani45.workers.dev/v1/map/archive/indonesia.pmtiles","updatedAt":"2026-07-26T09:41:46.683Z"},"geometry":{"type":"Polygon","coordinates":[[[109.47172164916992,-0.6692066621020416],[109.4729232788086,-0.6713522824840226],[109.47506904602051,-0.672982953344814],[109.4721508026123,-0.6758151698592059],[109.46846008300781,-0.6741844999460938],[109.45721626281738,-0.6664602666440516],[109.44957733154297,-0.6607958211826457],[109.44537162780762,-0.6581352460817129],[109.43550109863281,-0.6528999167446585],[109.43009376525879,-0.6502393374486957],[109.42906379699707,-0.6498960367921143],[109.42683219909668,-0.6498102116243416],[109.42314147949219,-0.648265358354962],[109.41910743713379,-0.6446606988955352],[109.41756248474121,-0.6434591451746314],[109.41464424133301,-0.641742639368303],[109.41258430480957,-0.641056036884379],[109.40975189208984,-0.6395970063005336],[109.40657615661621,-0.6386529274663673],[109.40417289733887,-0.6376230230858937],[109.39953804016113,-0.634190006998196],[109.3850326538086,-0.6247492010538025],[109.38477516174316,-0.6247492010538025],[109.38443183898926,-0.6252641545450217],[109.3842601776123,-0.6252641545450217],[109.37722206115723,-0.6240625963203428],[109.37335968017578,-0.6225177353425266],[109.37198638916016,-0.6215736534109908],[109.37782287597656,-0.612046999065015],[109.37893867492676,-0.6108454378502728],[109.3853759765625,-0.6015762423460842],[109.38846588134766,-0.6075840560574903],[109.38872337341309,-0.6093863988712087],[109.38898086547852,-0.6097297021959918],[109.39138412475586,-0.6114462184912526],[109.39370155334473,-0.6128194311323938],[109.39558982849121,-0.6144501206864561],[109.39910888671875,-0.6186555809203753],[109.40099716186523,-0.6214878277724694],[109.40159797668457,-0.6230326890521383],[109.40262794494629,-0.623890945122966],[109.40777778625488,-0.627667270168871],[109.41086769104004,-0.6295554316703402],[109.41481590270996,-0.631271941532944],[109.41739082336426,-0.631529417963506],[109.42442893981934,-0.6299845591890261],[109.42580223083496,-0.634533308709635],[109.42708969116211,-0.6377946738302995],[109.42691802978516,-0.6381379753019161],[109.42700386047363,-0.6390820542306983],[109.42794799804688,-0.6401119583187125],[109.42751884460449,-0.6423434164661188],[109.42717552185059,-0.6429441934933067],[109.42734718322754,-0.6432016693404705],[109.42992210388184,-0.6448323494039698],[109.44391250610352,-0.651698364978543],[109.44683074951172,-0.6535865176249871],[109.45515632629395,-0.6580494210547982],[109.46253776550293,-0.6623406705877244],[109.46717262268066,-0.6655161928513564],[109.47172164916992,-0.6692066621020416]]]}},{"type":"Feature","id":"pmtiles:10/823/513:water:130193573:0","properties":{"intermittent":0,"class":"river","id":13019357,"water":"river","kind":"waterway","verification":"verified","source":"OpenMapTiles/OpenStreetMap national PMTiles","sourceId":"10/823/513:water:130193573:0","sourceLayer":"water","archive":"https://its.hanifahseptiani45.workers.dev/v1/map/archive/indonesia.pmtiles","updatedAt":"2026-07-26T09:41:46.683Z"},"geometry":{"type":"Polygon","coordinates":[[[109.58433151245117,-0.692636785192903],[109.58235740661621,-0.6923793119350705],[109.57832336425781,-0.692636785192903],[109.57446098327637,-0.6925509607751792],[109.5721435546875,-0.6930659072582444],[109.57094192504883,-0.6938383268778381],[109.56836700439453,-0.6959839362701672],[109.56570625305176,-0.6978720717281135],[109.55489158630371,-0.7049096608323708],[109.55180168151855,-0.7074843859017648],[109.54948425292969,-0.7020774616120633],[109.55592155456543,-0.6985586662522962],[109.56304550170898,-0.6940099756650682],[109.5736026763916,-0.6882597379114088],[109.57703590393066,-0.6869723702983066],[109.58192825317383,-0.6868865457784352],[109.58295822143555,-0.686371598626792],[109.58321571350098,-0.6857708268798177],[109.5831298828125,-0.6847409322810307],[109.58184242248535,-0.682852791608866],[109.58098411560059,-0.6807071763086014],[109.58072662353516,-0.6772741898437715],[109.58081245422363,-0.6755576956987568],[109.5820140838623,-0.6728113038061707],[109.58244323730469,-0.6712664576868121],[109.58321571350098,-0.6658594924332562],[109.58390235900879,-0.6630272701688114],[109.58518981933594,-0.6598517463096414],[109.58699226379395,-0.6575344708623163],[109.59059715270996,-0.6565045703180203],[109.59214210510254,-0.6557321447705675],[109.60141181945801,-0.6465488541696232],[109.60484504699707,-0.6443173978613288],[109.60827827453613,-0.6425150670525284],[109.61102485656738,-0.6422575911707469],[109.61531639099121,-0.6415709887559586],[109.61763381958008,-0.6408843862490272],[109.62295532226562,-0.6389104035292661],[109.62458610534668,-0.6385671021092065],[109.62613105773926,-0.6384812767506247],[109.62862014770508,-0.638824578176397],[109.63102340698242,-0.639682831640485],[109.63102340698242,-0.6420859405756829],[109.62690353393555,-0.641056036884379],[109.6241569519043,-0.641056036884379],[109.61711883544922,-0.6437166209958178],[109.61016654968262,-0.6453473008944997],[109.60793495178223,-0.6462913784917248],[109.60192680358887,-0.6511834141338682],[109.59368705749512,-0.658993496269602],[109.5875072479248,-0.6631130951097646],[109.58656311035156,-0.6662027919912532],[109.58673477172852,-0.6673185153894678],[109.58544731140137,-0.6692066621020416],[109.58536148071289,-0.6700649103676284],[109.58561897277832,-0.6710089832861001],[109.58536148071289,-0.6722105303733628],[109.58330154418945,-0.6773600145350684],[109.58330154418945,-0.6783040860390912],[109.58364486694336,-0.6789906833809027],[109.58596229553223,-0.6811362994451144],[109.58682060241699,-0.6822520194211847],[109.58767890930176,-0.6850842305052254],[109.5875072479248,-0.6868865457784352],[109.58647727966309,-0.6880880889163876],[109.58733558654785,-0.6898045785883937],[109.58630561828613,-0.6910061209905223],[109.58433151245117,-0.692636785192903]]]}},{"type":"Feature","id":"pmtiles:10/823/513:water:130193583:0","properties":{"intermittent":0,"class":"river","id":13019358,"water":"river","kind":"waterway","verification":"verified","source":"OpenMapTiles/OpenStreetMap national PMTiles","sourceId":"10/823/513:water:130193583:0","sourceLayer":"water","archive":"https://its.hanifahseptiani45.workers.dev/v1/map/archive/indonesia.pmtiles","updatedAt":"2026-07-26T09:41:46.683Z"},"geometry":{"type":"Polygon","coordinates":[[[109.51077461242676,-0.638824578176397],[109.51231956481934,-0.6365931184993912],[109.51412200927734,-0.6386529274663673],[109.51558113098145,-0.6418284646723009],[109.51678276062012,-0.6425150670525284],[109.51807022094727,-0.6419142899748636],[109.52098846435547,-0.6391678795792473],[109.52347755432129,-0.6377088484588],[109.5252799987793,-0.6373655469585771],[109.52665328979492,-0.6376230230858937],[109.52725410461426,-0.6378804992003495],[109.5281982421875,-0.6389962288806856],[109.5285415649414,-0.6398544823160819],[109.52905654907227,-0.6440599220704968],[109.5293140411377,-0.6443173978613288],[109.53351974487305,-0.6437166209958178],[109.53824043273926,-0.644489048381331],[109.5421028137207,-0.6446606988955352],[109.54373359680176,-0.6456906018592292],[109.54493522644043,-0.646977980270421],[109.54545021057129,-0.648522833932617],[109.54553604125977,-0.6505826380819286],[109.54587936401367,-0.6522991408974548],[109.54673767089844,-0.652213315770581],[109.54862594604492,-0.6509259386917847],[109.5505142211914,-0.6500676871233253],[109.55214500427246,-0.6499818619584516],[109.55368995666504,-0.6505826380819286],[109.55523490905762,-0.6521274906422434],[109.55617904663086,-0.6539298180299511],[109.55686569213867,-0.6543589435031407],[109.55780982971191,-0.6542731184114388],[109.55892562866211,-0.6535865176249871],[109.56141471862793,-0.651097588987966],[109.56235885620117,-0.6504968129258089],[109.56544876098633,-0.6504968129258089],[109.56596374511719,-0.6506684632365847],[109.56845283508301,-0.653672342728413],[109.57042694091797,-0.6513550644212671],[109.57265853881836,-0.6502393374486957],[109.57437515258789,-0.6502393374486957],[109.57489013671875,-0.6506684632365847],[109.57574844360352,-0.6519558403811487],[109.57703590393066,-0.6528140916280307],[109.57780838012695,-0.6527282665099392],[109.58106994628906,-0.651097588987966],[109.5827865600586,-0.650754288389777],[109.58373069763184,-0.6508401135415198],[109.58467483520508,-0.6512692392782924],[109.58536148071289,-0.6519558403811487],[109.58579063415527,-0.6528999167446585],[109.58639144897461,-0.6570195206166858],[109.58664894104004,-0.6573628207863464],[109.58699226379395,-0.6575344708623163],[109.5857048034668,-0.658993496269602],[109.5845890045166,-0.6612249460656301],[109.58373069763184,-0.6589076712574808],[109.58364486694336,-0.6540156431275221],[109.58355903625488,-0.6534148674137015],[109.58330154418945,-0.6532432171965468],[109.5790958404541,-0.6551313692623779],[109.57789421081543,-0.6553888444889964],[109.57523345947266,-0.655045544183892],[109.57274436950684,-0.653500692520069],[109.57128524780273,-0.6565903953714809],[109.57085609436035,-0.6571053456613214],[109.56974029541016,-0.6574486458250561],[109.5677661895752,-0.6572769957461446],[109.56647872924805,-0.6564187452630819],[109.56381797790527,-0.6529857418598368],[109.56321716308594,-0.653329042305856],[109.5611572265625,-0.6555604946327236],[109.55780982971191,-0.6571053456613214],[109.55635070800781,-0.6568478705230376],[109.55489158630371,-0.6561612700894273],[109.55351829528809,-0.6545305936821393],[109.55248832702637,-0.6528140916280307],[109.5516300201416,-0.6521274906422434],[109.55077171325684,-0.6524707911468397],[109.54896926879883,-0.6540156431275221],[109.54785346984863,-0.6557321447705675],[109.54733848571777,-0.6558179698372868],[109.54673767089844,-0.6556463197023845],[109.54476356506348,-0.6549597191039425],[109.54347610473633,-0.6532432171965468],[109.54304695129395,-0.651698364978543],[109.54261779785156,-0.647578756750562],[109.5417594909668,-0.6466346793926903],[109.54107284545898,-0.6463772037191404],[109.5366096496582,-0.6468063298344475],[109.53343391418457,-0.646119728032545],[109.53060150146484,-0.6471496307005822],[109.52811241149902,-0.646977980270421],[109.52691078186035,-0.6460339028007951],[109.52639579772949,-0.6451756504034307],[109.52579498291016,-0.6401119583187125],[109.52493667602539,-0.6393395302720677],[109.52407836914062,-0.6395111809591469],[109.52330589294434,-0.6401119583187125],[109.52073097229004,-0.6432016693404705],[109.51961517333984,-0.644145747335557],[109.51764106750488,-0.6448323494039698],[109.51695442199707,-0.6449181746559987],[109.51489448547363,-0.6439740968039871],[109.51395034790039,-0.6432874946199689],[109.51077461242676,-0.638824578176397]]]}},{"type":"Feature","id":"pmtiles:10/823/513:water:166466693:0","properties":{"intermittent":0,"class":"river","id":16646669,"water":"river","kind":"waterway","verification":"verified","source":"OpenMapTiles/OpenStreetMap national PMTiles","sourceId":"10/823/513:water:166466693:0","sourceLayer":"water","archive":"https://its.hanifahseptiani45.workers.dev/v1/map/archive/indonesia.pmtiles","updatedAt":"2026-07-26T09:41:46.683Z"},"geometry":{"type":"Polygon","coordinates":[[[109.4966983795166,-0.6635422197921486],[109.4963550567627,-0.665602017749066],[109.49584007263184,-0.6666319164050947],[109.49601173400879,-0.6674901651205971],[109.49652671813965,-0.6681767639851444],[109.49721336364746,-0.6700649103676284],[109.49884414672852,-0.6706656840640903],[109.50021743774414,-0.6718672312357086],[109.50150489807129,-0.671953056022403],[109.50468063354492,-0.6706656840640903],[109.50571060180664,-0.6695499614263127],[109.50682640075684,-0.6691208372672293],[109.50751304626465,-0.6693783117671899],[109.50828552246094,-0.6708373336781079],[109.50862884521484,-0.6710948080878438],[109.50905799865723,-0.671180632888067],[109.51017379760742,-0.6707515088718594],[109.5106029510498,-0.6709231584828643],[109.51103210449219,-0.6712664576868121],[109.51111793518066,-0.671953056022403],[109.51077461242676,-0.6724680047107654],[109.51086044311523,-0.6713522824840226],[109.51043128967285,-0.6710089832861001],[109.50862884521484,-0.6712664576868121],[109.50811386108398,-0.6709231584828643],[109.50751304626465,-0.6697216110794386],[109.50699806213379,-0.6694641365974974],[109.50596809387207,-0.6697216110794386],[109.50493812561035,-0.6709231584828643],[109.50159072875977,-0.6722105303733628],[109.50013160705566,-0.6721247055912016],[109.49832916259766,-0.6708373336781079],[109.49712753295898,-0.6707515088718594],[109.49644088745117,-0.6715239320739528],[109.49609756469727,-0.6725538294868869],[109.49575424194336,-0.6780466120108031],[109.49609756469727,-0.6789906833809027],[109.49712753295898,-0.6791623327011109],[109.50116157531738,-0.6785615600536943],[109.50253486633301,-0.6788190340545697],[109.50296401977539,-0.6798489299210217],[109.50313568115234,-0.6824236686253187],[109.50407981872559,-0.6840543357589013],[109.50545310974121,-0.685427528704821],[109.50742721557617,-0.6869723702983066],[109.50922966003418,-0.6878306154122953],[109.5102596282959,-0.6878306154122953],[109.51395034790039,-0.686371598626792],[109.51480865478516,-0.6862857740961346],[109.51592445373535,-0.6868865457784352],[109.51789855957031,-0.688860509345318],[109.51918601989746,-0.6890321583125285],[109.5212459564209,-0.6886030358829203],[109.52356338500977,-0.6885172113923517],[109.52425003051758,-0.688860509345318],[109.5252799987793,-0.6896329296490364],[109.52879905700684,-0.691349418763906],[109.53060150146484,-0.6906628231923264],[109.53128814697266,-0.690576998738905],[109.53291893005371,-0.6911777698803121],[109.53489303588867,-0.6904911742839346],[109.53557968139648,-0.6906628231923264],[109.5362663269043,-0.6901478764485631],[109.53592300415039,-0.6907486476441989],[109.53738212585449,-0.6910919454361988],[109.5380687713623,-0.6916068920776439],[109.53866958618164,-0.6925509607751792],[109.53824043273926,-0.6936666780843694],[109.53703880310059,-0.6945249219893839],[109.5362663269043,-0.6954689901048994],[109.53609466552734,-0.6963272336824247],[109.53618049621582,-0.6985586662522962],[109.53557968139648,-0.6982153690027388],[109.53583717346191,-0.6978720717281135],[109.53609466552734,-0.6953831657385763],[109.53695297241211,-0.6942674488342391],[109.53815460205078,-0.6935808536853045],[109.53841209411621,-0.6929800828482797],[109.53832626342773,-0.6922076630887233],[109.53729629516602,-0.6911777698803121],[109.5366096496582,-0.6909202965432968],[109.53566551208496,-0.6910919454361988],[109.53549385070801,-0.6907486476441989],[109.53489303588867,-0.6906628231923264],[109.53291893005371,-0.6912635943228764],[109.53128814697266,-0.6907486476441989],[109.53060150146484,-0.6907486476441989],[109.52879905700684,-0.6915210676412755],[109.52356338500977,-0.6887746848593963],[109.5215892791748,-0.688860509345318],[109.51910018920898,-0.6893754562283902],[109.51789855957031,-0.6892038072735573],[109.5157527923584,-0.687144019333445],[109.51480865478516,-0.6865432476835025],[109.51395034790039,-0.6867148967340455],[109.51051712036133,-0.6881739134146869],[109.50888633728027,-0.6880880889163876],[109.50751304626465,-0.6874873173852052],[109.50579643249512,-0.6862857740961346],[109.50347900390625,-0.6837968620377808],[109.50287818908691,-0.6824236686253187],[109.50253486633301,-0.6798489299210217],[109.50210571289062,-0.6790765080417742],[109.50159072875977,-0.6789048587184965],[109.49687004089355,-0.6796772806251852],[109.49601173400879,-0.6794198066700119],[109.49541091918945,-0.6785615600536943],[109.49532508850098,-0.6774458392248732],[109.4955825805664,-0.6728971285762384],[109.49609756469727,-0.6702365600027207],[109.49584007263184,-0.6692066621020416],[109.49498176574707,-0.6682625888364697],[109.49446678161621,-0.6682625888364697],[109.49240684509277,-0.6693783117671899],[109.49206352233887,-0.6699790855478227],[109.49189186096191,-0.6730687781118689],[109.49094772338867,-0.6744419741792456],[109.48966026306152,-0.6748710978708772],[109.48657035827637,-0.6746136236604485],[109.4845962524414,-0.6738412009473933],[109.48356628417969,-0.6723821799331375],[109.48270797729492,-0.6694641365974974],[109.48210716247559,-0.6687775379129306],[109.48116302490234,-0.6682625888364697],[109.47953224182129,-0.6682625888364697],[109.47627067565918,-0.6700649103676284],[109.47506904602051,-0.6705798592548149],[109.47352409362793,-0.6708373336781079],[109.47249412536621,-0.6708373336781079],[109.47172164916992,-0.6692066621020416],[109.47343826293945,-0.6698932607265391],[109.4743824005127,-0.6698074359037491],[109.47884559631348,-0.6678334645648647],[109.48004722595215,-0.6675759899839022],[109.48107719421387,-0.6675759899839022],[109.48227882385254,-0.6680909391323269],[109.48330879211426,-0.6691208372672293],[109.48382377624512,-0.6702365600027207],[109.48442459106445,-0.6726396542614879],[109.48502540588379,-0.6734979019244918],[109.48579788208008,-0.6737553761939381],[109.49017524719238,-0.674270324692003],[109.49094772338867,-0.6738412009473933],[109.49137687683105,-0.6728971285762384],[109.49137687683105,-0.6702365600027207],[109.49180603027344,-0.6692066621020416],[109.49300765991211,-0.6681767639851444],[109.49429512023926,-0.667747639706036],[109.49463844299316,-0.6673185153894678],[109.49455261230469,-0.6642288192065422],[109.4966983795166,-0.6635422197921486]]]}},{"type":"Feature","id":"pmtiles:10/823/513:water:166466703:0","properties":{"intermittent":0,"class":"river","id":16646670,"water":"river","kind":"waterway","verification":"verified","source":"OpenMapTiles/OpenStreetMap national PMTiles","sourceId":"10/823/513:water:166466703:0","sourceLayer":"water","archive":"https://its.hanifahseptiani45.workers.dev/v1/map/archive/indonesia.pmtiles","updatedAt":"2026-07-26T09:41:46.683Z"},"geometry":{"type":"Polygon","coordinates":[[[109.4966983795166,-0.6635422197921486],[109.49240684509277,-0.6648295936158917],[109.48983192443848,-0.665087068340398],[109.48820114135742,-0.6648295936158917],[109.48614120483398,-0.6637138696546856],[109.48236465454102,-0.6602808712741393],[109.48064804077148,-0.6577061209323745],[109.47970390319824,-0.6553888444889964],[109.4784164428711,-0.6504109877682254],[109.47738647460938,-0.648265358354962],[109.47669982910156,-0.647578756750562],[109.47318077087402,-0.6450039999065922],[109.46949005126953,-0.6420859405756829],[109.46648597717285,-0.6401119583187125],[109.46588516235352,-0.6398544823160819],[109.46356773376465,-0.6401119583187125],[109.46142196655273,-0.6400261329859376],[109.46013450622559,-0.639682831640485],[109.45670127868652,-0.6379663245689642],[109.45446968078613,-0.6359065153274344],[109.45266723632812,-0.6326451490151612],[109.45893287658691,-0.631786894381321],[109.45798873901367,-0.6353057374770401],[109.45807456970215,-0.6362498169248312],[109.45833206176758,-0.6365931184993912],[109.46022033691406,-0.6370222454354604],[109.46408271789551,-0.637537197711552],[109.46760177612305,-0.6386529274663673],[109.46914672851562,-0.6395111809591469],[109.47747230529785,-0.6462913784917248],[109.4791030883789,-0.6480937079625875],[109.48056221008301,-0.6514408895627781],[109.48150634765625,-0.6531573920857738],[109.48193550109863,-0.654702243855283],[109.48184967041016,-0.6565903953714809],[109.48236465454102,-0.6577919459652009],[109.4842529296875,-0.6601950462842012],[109.48665618896484,-0.6623406705877244],[109.48820114135742,-0.6633705699236572],[109.48931694030762,-0.6637138696546856],[109.49034690856934,-0.6636280447241631],[109.49283599853516,-0.6626839703901624],[109.4955825805664,-0.6624264955405579],[109.50081825256348,-0.660967471140296],[109.50201988220215,-0.6600233962998772],[109.50390815734863,-0.6573628207863464],[109.50502395629883,-0.6562470951487853],[109.50571060180664,-0.6559037949025281],[109.5073413848877,-0.6558179698372868],[109.51214790344238,-0.6565903953714809],[109.51601028442383,-0.6576202958980701],[109.51901435852051,-0.6613107710377761],[109.52347755432129,-0.6639713444373285],[109.52493667602539,-0.6647437687047528],[109.5293140411377,-0.6661169671039886],[109.53000068664551,-0.6661169671039886],[109.53858375549316,-0.6626839703901624],[109.53935623168945,-0.6625981454417769],[109.5403003692627,-0.6627697953370557],[109.54141616821289,-0.6639713444373285],[109.54167366027832,-0.6661169671039886],[109.54244613647461,-0.668005114278003],[109.54450607299805,-0.6710948080878438],[109.54536437988281,-0.6715239320739528],[109.5487117767334,-0.671953056022403],[109.54948425292969,-0.671953056022403],[109.55060005187988,-0.6713522824840226],[109.5512866973877,-0.6716097568666584],[109.5530891418457,-0.6741844999460938],[109.55377578735352,-0.6748710978708772],[109.55403327941895,-0.6755576956987568],[109.55411911010742,-0.677531663913129],[109.55368995666504,-0.678475735383671],[109.55386161804199,-0.6766734169620747],[109.55360412597656,-0.675214396796946],[109.55094337463379,-0.6717814064475363],[109.5505142211914,-0.6717814064475363],[109.54965591430664,-0.6723821799331375],[109.54828262329102,-0.6724680047107654],[109.54519271850586,-0.6720388808075626],[109.54442024230957,-0.6716097568666584],[109.54218864440918,-0.6685200633814503],[109.54141616821289,-0.6669752159092468],[109.5406436920166,-0.6640571693618824],[109.54047203063965,-0.6636280447241631],[109.53987121582031,-0.6632847449871804],[109.53849792480469,-0.6633705699236572],[109.5366096496582,-0.6640571693618824],[109.53291893005371,-0.665602017749066],[109.53000068664551,-0.6672326905216579],[109.52914237976074,-0.6673185153894678],[109.52545166015625,-0.6661169671039886],[109.52081680297852,-0.6636280447241631],[109.51781272888184,-0.661482420977606],[109.51549530029297,-0.658993496269602],[109.5142936706543,-0.6582210711071497],[109.50716972351074,-0.6570195206166858],[109.50613975524902,-0.6572769957461446],[109.50485229492188,-0.6591651462894532],[109.50322151184082,-0.660967471140296],[109.50159072875977,-0.662169020677581],[109.4966983795166,-0.6635422197921486]]]}},{"type":"Feature","id":"pmtiles:10/823/513:water:166468833:0","properties":{"intermittent":0,"class":"river","id":16646883,"water":"river","kind":"waterway","verification":"verified","source":"OpenMapTiles/OpenStreetMap national PMTiles","sourceId":"10/823/513:water:166468833:0","sourceLayer":"water","archive":"https://its.hanifahseptiani45.workers.dev/v1/map/archive/indonesia.pmtiles","updatedAt":"2026-07-26T09:41:46.683Z"},"geometry":{"type":"Polygon","coordinates":[[[109.47669982910156,-0.6197713147096238],[109.47103500366211,-0.6189988836497662],[109.47309494018555,-0.6172823697808099],[109.4732666015625,-0.6167674155120011],[109.47318077087402,-0.6158233325565021],[109.47257995605469,-0.6140209919046526],[109.47120666503906,-0.6117895216845],[109.46940422058105,-0.6099871796752012],[109.46597099304199,-0.6074982301941958],[109.46399688720703,-0.6051809313708816],[109.46305274963379,-0.6048376277572345],[109.46107864379883,-0.6045801500327315],[109.45953369140625,-0.6038077167859797],[109.45919036865234,-0.6032069352959581],[109.45876121520996,-0.6002030268523555],[109.45661544799805,-0.5986581590098439],[109.45515632629395,-0.5968558126435539],[109.45446968078613,-0.596684160577837],[109.45343971252441,-0.5970274647039133],[109.45283889770508,-0.5965983345429606],[109.45249557495117,-0.596340856430345],[109.45215225219727,-0.5949676396263612],[109.44966316223145,-0.5940235528753277],[109.44914817810059,-0.5926503354950654],[109.44846153259277,-0.5921353788896369],[109.44734573364258,-0.5919637266772071],[109.44665908813477,-0.592307031096766],[109.44657325744629,-0.5928219876862357],[109.44734573364258,-0.5933369442278007],[109.44743156433105,-0.5941952050238797],[109.44580078125,-0.5949676396263612],[109.44451332092285,-0.5948818135647542],[109.4443416595459,-0.5951392917455678],[109.4446849822998,-0.5960833783056643],[109.44459915161133,-0.5965125085067626],[109.44391250610352,-0.5968558126435539],[109.44331169128418,-0.5964266824692288],[109.44314002990723,-0.59591172621586],[109.44382667541504,-0.596684160577837],[109.44442749023438,-0.5964266824692288],[109.44425582885742,-0.5947959875018114],[109.4446849822998,-0.5946243353719325],[109.44571495056152,-0.5947959875018114],[109.4472599029541,-0.5940235528753277],[109.44717407226562,-0.593508596397669],[109.44648742675781,-0.593079465963001],[109.44631576538086,-0.5924786832985802],[109.44674491882324,-0.5919637266772071],[109.44777488708496,-0.5917062483485864],[109.44794654846191,-0.5899897258526892],[109.44914817810059,-0.588873985946293],[109.44914817810059,-0.5880157243278319],[109.44880485534668,-0.5873291149380577],[109.4487190246582,-0.5860417221049801],[109.44897651672363,-0.5866425054639421],[109.44889068603516,-0.5873291149380577],[109.44923400878906,-0.5880157243278319],[109.44923400878906,-0.588873985946293],[109.44811820983887,-0.5900755519900827],[109.44794654846191,-0.5917920744594625],[109.44846153259277,-0.5918779005690027],[109.44923400878906,-0.5923928571983339],[109.45009231567383,-0.5941093789502645],[109.45198059082031,-0.5944526832367103],[109.45232391357422,-0.5947959875018114],[109.45292472839355,-0.5962550303901111],[109.45464134216309,-0.596340856430345],[109.45541381835938,-0.596684160577837],[109.45652961730957,-0.5982290289763057],[109.45884704589844,-0.599773896939837],[109.45961952209473,-0.6010612865763818],[109.46004867553711,-0.602777805619624],[109.46090698242188,-0.603893542707695],[109.4637393951416,-0.6030352834294916],[109.4648551940918,-0.6018337202126958],[109.46622848510742,-0.6008038086733336],[109.47052001953125,-0.6019195461655471],[109.4718074798584,-0.6028636315575966],[109.47300910949707,-0.6041510204647551],[109.47429656982422,-0.6047518018504121],[109.48202133178711,-0.6068974491130632],[109.48322296142578,-0.606983274985879],[109.48545455932617,-0.606811623238869],[109.48725700378418,-0.6062966679651822],[109.48931694030762,-0.6052667572709112],[109.49146270751953,-0.6050092795667723],[109.49292182922363,-0.6053525831695623],[109.49678421020508,-0.6077557077799725],[109.49824333190918,-0.6083564887656792],[109.49892997741699,-0.6082706629146628],[109.49987411499023,-0.6075840560574903],[109.50485229492188,-0.6022628499633953],[109.50528144836426,-0.6019195461655471],[109.50613975524902,-0.6017478942585228],[109.50785636901855,-0.6020911980671713],[109.51274871826172,-0.6047518018504121],[109.51480865478516,-0.6054384090668776],[109.51807022094727,-0.6060391903099713],[109.52648162841797,-0.6079273594969834],[109.52828407287598,-0.6079273594969834],[109.53042984008789,-0.6068974491130632],[109.53326225280762,-0.6044943241218448],[109.53506469726562,-0.6035502390126766],[109.53866958618164,-0.6029494574942191],[109.54390525817871,-0.6010612865763818],[109.54553604125977,-0.599773896939837],[109.54716682434082,-0.5979715509400592],[109.54802513122559,-0.5972849427844125],[109.54914093017578,-0.5971991167589152],[109.55188751220703,-0.5977998989091873],[109.55257415771484,-0.5977140728917618],[109.55291748046875,-0.5971132907320822],[109.55326080322266,-0.5935944224806065],[109.55291748046875,-0.5928219876862357],[109.55077171325684,-0.5904188565263837],[109.55068588256836,-0.5900755519900827],[109.55111503601074,-0.5903330303942766],[109.55291748046875,-0.592307031096766],[109.55343246459961,-0.5933369442278007],[109.55326080322266,-0.5970274647039133],[109.55265998840332,-0.5980573769534772],[109.55188751220703,-0.5982290289763057],[109.54965591430664,-0.5976282468729579],[109.54819679260254,-0.5975424208528324],[109.54742431640625,-0.5981432029655593],[109.54545021057129,-0.6004605047837259],[109.54390525817871,-0.601490416387847],[109.53875541687012,-0.6034644130855327],[109.53600883483887,-0.6036360649384704],[109.53369140625,-0.6045801500327315],[109.53197479248047,-0.6062966679651822],[109.52974319458008,-0.6078415336391458],[109.5281982421875,-0.6083564887656792],[109.52596664428711,-0.6081848370622822],[109.51343536376953,-0.6055242349628287],[109.5088005065918,-0.6030352834294916],[109.5065689086914,-0.6023486759094823],[109.50562477111816,-0.6025203277976061],[109.50433731079102,-0.6041510204647551],[109.49987411499023,-0.6084423146153171],[109.49841499328613,-0.6089572696844812],[109.49704170227051,-0.6086139663105001],[109.49335098266602,-0.6063824938475335],[109.49180603027344,-0.6057817126425107],[109.48991775512695,-0.6059533644221773],[109.48742866516113,-0.6071549267274321],[109.48622703552246,-0.6074982301941958],[109.48270797729492,-0.6076698819194064],[109.4743824005127,-0.6056100608574155],[109.47275161743164,-0.6048376277572345],[109.46897506713867,-0.6025203277976061],[109.46768760681152,-0.6023486759094823],[109.4663143157959,-0.6024345018542192],[109.46511268615723,-0.6036360649384704],[109.46494102478027,-0.6044084982096081],[109.46537017822266,-0.605095105469502],[109.46931838989258,-0.6077557077799725],[109.47086334228516,-0.6091289213632649],[109.47275161743164,-0.611703695888238],[109.47498321533203,-0.6157375068249848],[109.4758415222168,-0.6165957640779993],[109.47652816772461,-0.6169390669404748],[109.47884559631348,-0.6169390669404748],[109.48124885559082,-0.6174540211926569],[109.48468208312988,-0.6163382869166156],[109.48691368103027,-0.6161666354687725],[109.48914527893066,-0.6165957640779993],[109.49146270751953,-0.6176256725989759],[109.49214935302734,-0.6176256725989759],[109.49283599853516,-0.6172823697808099],[109.49515342712402,-0.6143642949328552],[109.49704170227051,-0.6139351661441452],[109.49832916259766,-0.6143642949328552],[109.49995994567871,-0.6157375068249848],[109.50124740600586,-0.6173681954874297],[109.50296401977539,-0.6202004430275565],[109.5036506652832,-0.6208870482638531],[109.50485229492188,-0.6211445252044854],[109.50759887695312,-0.6210586995589864],[109.5113754272461,-0.6214020021325695],[109.51266288757324,-0.6213161764912627],[109.51781272888184,-0.6199429660409663],[109.51841354370117,-0.6191705350061341],[109.51892852783203,-0.6170248926526369],[109.51935768127441,-0.6162524611933833],[109.52064514160156,-0.6156516810920749],[109.52193260192871,-0.6156516810920749],[109.52322006225586,-0.6164241126384553],[109.52407836914062,-0.6174540211926569],[109.52450752258301,-0.6184839295473381],[109.52493667602539,-0.6216594790481054],[109.52553749084473,-0.6222602584688559],[109.52768325805664,-0.62371929391999],[109.5278549194336,-0.6244917242892711],[109.52768325805664,-0.6257791079857355],[109.52776908874512,-0.6264657124947206],[109.52811241149902,-0.6267231891623908],[109.52897071838379,-0.6268090147154624],[109.52914237976074,-0.6271523169137225],[109.52897071838379,-0.6273239680044043],[109.52828407287598,-0.6273239680044043],[109.52759742736816,-0.6266373636078981],[109.52742576599121,-0.6257791079857355],[109.52759742736816,-0.6244917242892711],[109.52733993530273,-0.6238051195221885],[109.52553749084473,-0.6226893865846534],[109.52476501464844,-0.6219169559510789],[109.52390670776367,-0.617883149698045],[109.52261924743652,-0.6163382869166156],[109.52184677124023,-0.6160808097427832],[109.52030181884766,-0.6161666354687725],[109.51944351196289,-0.6167674155120011],[109.51884269714355,-0.6191705350061341],[109.51798439025879,-0.6203720943449724],[109.51240539550781,-0.6220027815826228],[109.50845718383789,-0.6216594790481054],[109.50536727905273,-0.6218311303181565],[109.50373649597168,-0.6215736534109908],[109.50279235839844,-0.6208870482638531],[109.50090408325195,-0.6180548010904943],[109.49875831604004,-0.6154800296221197],[109.49772834777832,-0.6149650751791285],[109.49584007263184,-0.6158233325565021],[109.49326515197754,-0.617883149698045],[109.49249267578125,-0.6182264524774013],[109.49060440063477,-0.618140626784637],[109.48794364929199,-0.6172823697808099],[109.48639869689941,-0.6169390669404748],[109.48408126831055,-0.6177973239997385],[109.47996139526367,-0.6187414066047978],[109.47712898254395,-0.6190847093286465],[109.47678565979004,-0.6193421863569313],[109.47669982910156,-0.6197713147096238]]]}},{"type":"Feature","id":"pmtiles:10/823/513:water:166468853:0","properties":{"intermittent":0,"class":"river","id":16646885,"water":"river","kind":"waterway","verification":"verified","source":"OpenMapTiles/OpenStreetMap national PMTiles","sourceId":"10/823/513:water:166468853:0","sourceLayer":"water","archive":"https://its.hanifahseptiani45.workers.dev/v1/map/archive/indonesia.pmtiles","updatedAt":"2026-07-26T09:41:46.684Z"},"geometry":{"type":"Polygon","coordinates":[[[109.37430381774902,-0.584325197867372],[109.38451766967773,-0.582179541833014],[109.38614845275879,-0.5832094568315824],[109.38769340515137,-0.5833811093130379],[109.38923835754395,-0.5810638003722772],[109.39318656921387,-0.5784031852313092],[109.39567565917969,-0.5776307483436085],[109.39842224121094,-0.5776307483436085],[109.40116882324219,-0.5786606641705276],[109.40279960632324,-0.5799480586912011],[109.40391540527344,-0.5813212791904903],[109.40554618835449,-0.5839818929568708],[109.40812110900879,-0.5863850268894168],[109.41258430480957,-0.5887023336331652],[109.41627502441406,-0.5899038997139883],[109.41756248474121,-0.5899038997139883],[109.4183349609375,-0.5895605951459117],[109.41919326782227,-0.588873985946293],[109.42460060119629,-0.5818362367916592],[109.43198204040527,-0.5741118678620438],[109.43404197692871,-0.5723953400111981],[109.4373893737793,-0.5718803815556868],[109.43841934204102,-0.5719662079681598],[109.44159507751465,-0.5737685623330577],[109.44442749023438,-0.5765150059871615],[109.44554328918457,-0.5765150059871615],[109.4461441040039,-0.5753134370511219],[109.44683074951172,-0.5700780265978693],[109.44760322570801,-0.5676748857768814],[109.44846153259277,-0.5668166209557199],[109.45069313049316,-0.5658725295055262],[109.44863319396973,-0.5692197621338551],[109.44846153259277,-0.5700780265978693],[109.44854736328125,-0.5732536040009393],[109.44828987121582,-0.5748843052268882],[109.44786071777344,-0.5760858742533657],[109.44683074951172,-0.5773732693576932],[109.44528579711914,-0.5780598799608612],[109.44262504577637,-0.5778024009944005],[109.4414234161377,-0.5773732693576932],[109.4399642944336,-0.5758283951975756],[109.43747520446777,-0.5741976942410645],[109.43610191345215,-0.5738543887172227],[109.43532943725586,-0.5741118678620438],[109.43352699279785,-0.575570916130161],[109.42906379699707,-0.5814929317294286],[109.42614555358887,-0.5845826765364848],[109.42279815673828,-0.5887881597903828],[109.42133903503418,-0.5902472042608622],[109.41807746887207,-0.5919637266772071],[109.41601753234863,-0.5920495527840899],[109.41275596618652,-0.5912771177743537],[109.40726280212402,-0.5886165074746117],[109.40322875976562,-0.5857842435028289],[109.39825057983398,-0.580977974096939],[109.39661979675293,-0.5802913638472802],[109.39619064331055,-0.580377190133035],[109.39558982849121,-0.580977974096939],[109.39284324645996,-0.5856984172994828],[109.39078330993652,-0.5878440719883002],[109.38838005065918,-0.5891314644060657],[109.38554763793945,-0.5898180735739658],[109.38443183898926,-0.5897322474325932],[109.38108444213867,-0.5902472042608622],[109.37893867492676,-0.5875007672934061],[109.37430381774902,-0.584325197867372]]]}},{"type":"Feature","id":"pmtiles:10/823/513:water:166468863:0","properties":{"intermittent":0,"class":"river","id":16646886,"water":"river","kind":"waterway","verification":"verified","source":"OpenMapTiles/OpenStreetMap national PMTiles","sourceId":"10/823/513:water:166468863:0","sourceLayer":"water","archive":"https://its.hanifahseptiani45.workers.dev/v1/map/archive/indonesia.pmtiles","updatedAt":"2026-07-26T09:41:46.684Z"},"geometry":{"type":"Polygon","coordinates":[[[109.4414234161377,-0.5773732693576932],[109.44382667541504,-0.5780598799608612],[109.44211006164551,-0.5810638003722772],[109.44211006164551,-0.5822653680900913],[109.44262504577637,-0.583295283072971],[109.4432258605957,-0.5838102404937473],[109.4469165802002,-0.5851834600518231],[109.44803237915039,-0.5851834600518231],[109.44880485534668,-0.5848401551938025],[109.44914817810059,-0.5844110240917217],[109.44966316223145,-0.582351194345847],[109.45034980773926,-0.580720495263094],[109.45146560668945,-0.5796905798104603],[109.45283889770508,-0.5794331009180382],[109.45395469665527,-0.5797764061053385],[109.45584297180176,-0.5815787579969509],[109.45687294006348,-0.5820078893149514],[109.45755958557129,-0.5819220630539519],[109.45901870727539,-0.5811496266463081],[109.46056365966797,-0.5811496266463081],[109.46202278137207,-0.5816645842631516],[109.46408271789551,-0.5832094568315824],[109.46605682373047,-0.5841535454147504],[109.4703483581543,-0.584754328976004],[109.47378158569336,-0.5855267648888542],[109.47652816772461,-0.5850118076254347],[109.47790145874023,-0.5852692862630562],[109.47927474975586,-0.5861275483030681],[109.48124885559082,-0.5884448551535542],[109.48184967041016,-0.5887023336331652],[109.4827938079834,-0.5885306813147508],[109.48528289794922,-0.5857842435028289],[109.4868278503418,-0.5849259814102652],[109.4882869720459,-0.5856125910948151],[109.49146270751953,-0.5863850268894168],[109.49541091918945,-0.5863850268894168],[109.49678421020508,-0.5872432887584011],[109.49901580810547,-0.5902472042608622],[109.50193405151367,-0.5898180735739658],[109.50442314147949,-0.5902472042608622],[109.5051097869873,-0.5898180735739658],[109.50674057006836,-0.5881015504956224],[109.50819969177246,-0.5859558959055704],[109.50691223144531,-0.5882732028272386],[109.50519561767578,-0.5900755519900827],[109.50442314147949,-0.5904188565263837],[109.50193405151367,-0.5899897258526892],[109.49953079223633,-0.5905905087865762],[109.49892997741699,-0.5905046826571265],[109.49850082397461,-0.5902472042608622],[109.49738502502441,-0.5882732028272386],[109.49575424194336,-0.5868999840266156],[109.4948959350586,-0.5866425054639421],[109.49146270751953,-0.5867283316528074],[109.48751449584961,-0.5857842435028289],[109.48588371276855,-0.5861275483030681],[109.48348045349121,-0.588873985946293],[109.48184967041016,-0.5893031167059632],[109.48064804077148,-0.5885306813147508],[109.47927474975586,-0.5868999840266156],[109.47772979736328,-0.5856984172994828],[109.47635650634766,-0.5856125910948151],[109.4736099243164,-0.5861275483030681],[109.47077751159668,-0.5853551124729677],[109.46794509887695,-0.5850976338392826],[109.46554183959961,-0.5846685027568981],[109.46399688720703,-0.5840677191864643],[109.46210861206055,-0.5826086731052982],[109.46099281311035,-0.5820937155746293],[109.45927619934082,-0.5826944993558243],[109.45661544799805,-0.5827803256050714],[109.45549964904785,-0.5822653680900913],[109.45369720458984,-0.580720495263094],[109.45223808288574,-0.580205537560218],[109.45172309875488,-0.580377190133035],[109.45120811462402,-0.5808921478202933],[109.45060729980469,-0.5836385880253943],[109.44949150085449,-0.5856984172994828],[109.44889068603516,-0.5861275483030681],[109.44846153259277,-0.5858700697048533],[109.44674491882324,-0.5861275483030681],[109.4446849822998,-0.5855267648888542],[109.44236755371094,-0.5844968503147641],[109.44125175476074,-0.5830378043448974],[109.44090843200684,-0.5820078893149514],[109.44082260131836,-0.580720495263094],[109.4414234161377,-0.5784031852313092],[109.4414234161377,-0.5773732693576932]]]}},{"type":"Feature","id":"pmtiles:10/823/513:water:166470023:0","properties":{"intermittent":0,"class":"river","id":16647002,"water":"river","kind":"waterway","verification":"verified","source":"OpenMapTiles/OpenStreetMap national PMTiles","sourceId":"10/823/513:water:166470023:0","sourceLayer":"water","archive":"https://its.hanifahseptiani45.workers.dev/v1/map/archive/indonesia.pmtiles","updatedAt":"2026-07-26T09:41:46.684Z"},"geometry":{"type":"Polygon","coordinates":[[[109.66466903686523,-0.6827669670152119],[109.66097831726074,-0.681479597926824],[109.65943336486816,-0.6804497024083531],[109.65848922729492,-0.6795056313232664],[109.6571159362793,-0.6766734169620747],[109.65677261352539,-0.6747852731355835],[109.65703010559082,-0.6735837266824802],[109.65685844421387,-0.6726396542614879],[109.65651512145996,-0.6722105303733628],[109.6560001373291,-0.6720388808075626],[109.65497016906738,-0.6728113038061707],[109.65110778808594,-0.6771883651509398],[109.6501636505127,-0.6791623327011109],[109.64913368225098,-0.682852791608866],[109.64844703674316,-0.6838826866130177],[109.64698791503906,-0.6846551077211416],[109.64123725891113,-0.6853417041572385],[109.63943481445312,-0.6859424759580719],[109.63497161865234,-0.6892896317517341],[109.6322250366211,-0.6904911742839346],[109.62939262390137,-0.6908344720945223],[109.62372779846191,-0.6901478764485631],[109.62141036987305,-0.6903195253693468],[109.61960792541504,-0.6911777698803121],[109.61763381958008,-0.6911777698803121],[109.61703300476074,-0.6910061209905223],[109.61617469787598,-0.6902337009097295],[109.61600303649902,-0.6893754562283902],[109.61591720581055,-0.6886030358829203],[109.61634635925293,-0.6870581948166432],[109.61617469787598,-0.6859424759580719],[109.6149730682373,-0.6848267568393851],[109.61377143859863,-0.6846551077211416],[109.6102523803711,-0.6856850023383743],[109.60716247558594,-0.687315668362416],[109.60501670837402,-0.6892038072735573],[109.60029602050781,-0.6940958000563597],[109.59892272949219,-0.6951256926301852],[109.59746360778809,-0.6955548144696877],[109.5952320098877,-0.6956406388328986],[109.59214210510254,-0.6945249219893839],[109.58433151245117,-0.692636785192903],[109.58630561828613,-0.6910061209905223],[109.58733558654785,-0.6898045785883937],[109.58939552307129,-0.6910919454361988],[109.59428787231445,-0.6934950292846906],[109.59600448608398,-0.6939241512722276],[109.59746360778809,-0.6937525024818854],[109.59969520568848,-0.6923793119350705],[109.60175514221191,-0.690576998738905],[109.60501670837402,-0.6870581948166432],[109.60733413696289,-0.6852558796080928],[109.60956573486328,-0.6841401603295338],[109.61274147033691,-0.6832819145540867],[109.61523056030273,-0.6835393883028331],[109.61626052856445,-0.6839685111867198],[109.6172046661377,-0.6847409322810307],[109.61814880371094,-0.6868865457784352],[109.6172046661377,-0.6890321583125285],[109.61737632751465,-0.6895471051770414],[109.61789131164551,-0.6898904030557702],[109.61909294128418,-0.6898904030557702],[109.62149620056152,-0.6889463338296906],[109.6226978302002,-0.6887746848593963],[109.62492942810059,-0.6887746848593963],[109.62939262390137,-0.6896329296490364],[109.63050842285156,-0.6895471051770414],[109.6322250366211,-0.6891179827938032],[109.6354866027832,-0.6874014928745851],[109.63909149169922,-0.6848267568393851],[109.63994979858398,-0.6843976340322513],[109.64123725891113,-0.6840543357589013],[109.64638710021973,-0.6838826866130177],[109.64733123779297,-0.6834535637214572],[109.64844703674316,-0.6816512471585128],[109.64982032775879,-0.6772741898437715],[109.65119361877441,-0.6749569226046646],[109.65471267700195,-0.6716097568666584],[109.6560001373291,-0.6710948080878438],[109.6571159362793,-0.671180632888067],[109.65771675109863,-0.671953056022403],[109.65780258178711,-0.6762442934296047],[109.65848922729492,-0.6778749626509892],[109.6596908569336,-0.6790765080417742],[109.66320991516113,-0.6813079486890246],[109.66415405273438,-0.6812221240678298],[109.66569900512695,-0.6796772806251852],[109.66707229614258,-0.6801922284943629],[109.66604232788086,-0.6815654225434145],[109.66466903686523,-0.6827669670152119]]]}},{"type":"Feature","id":"pmtiles:10/823/513:water:166470033:0","properties":{"intermittent":0,"class":"river","id":16647003,"water":"river","kind":"waterway","verification":"verified","source":"OpenMapTiles/OpenStreetMap national PMTiles","sourceId":"10/823/513:water:166470033:0","sourceLayer":"water","archive":"https://its.hanifahseptiani45.workers.dev/v1/map/archive/indonesia.pmtiles","updatedAt":"2026-07-26T09:41:46.684Z"},"geometry":{"type":"Polygon","coordinates":[[[109.6929931640625,-0.6648295936158917],[109.69239234924316,-0.6651728932455683],[109.69050407409668,-0.6672326905216579],[109.68689918518066,-0.6745277989206073],[109.68569755554199,-0.6762442934296047],[109.68441009521484,-0.6772741898437715],[109.6831226348877,-0.6776174885998785],[109.68192100524902,-0.6776174885998785],[109.67436790466309,-0.674699448398755],[109.67187881469727,-0.6744419741792456],[109.67110633850098,-0.674699448398755],[109.67050552368164,-0.675214396796946],[109.66707229614258,-0.6801922284943629],[109.66569900512695,-0.6796772806251852],[109.66947555541992,-0.674699448398755],[109.67050552368164,-0.6736695514389623],[109.67144966125488,-0.6732404276414314],[109.67385292053223,-0.6733262524039816],[109.68192100524902,-0.6761584687185547],[109.68380928039551,-0.6760726440059983],[109.68449592590332,-0.6756435204204223],[109.68526840209961,-0.6747852731355835],[109.68629837036133,-0.6730687781118689],[109.68990325927734,-0.6662027919912532],[109.69170570373535,-0.6644004690452476],[109.6929931640625,-0.6636280447241631],[109.6929931640625,-0.6648295936158917]]]}},{"type":"Feature","id":"pmtiles:10/823/513:water:166470043:0","properties":{"intermittent":0,"class":"river","id":16647004,"water":"river","kind":"waterway","verification":"verified","source":"OpenMapTiles/OpenStreetMap national PMTiles","sourceId":"10/823/513:water:166470043:0","sourceLayer":"water","archive":"https://its.hanifahseptiani45.workers.dev/v1/map/archive/indonesia.pmtiles","updatedAt":"2026-07-26T09:41:46.684Z"},"geometry":{"type":"Polygon","coordinates":[[[109.61840629577637,-0.7022491100985491],[109.62098121643066,-0.7037939461932439],[109.62209701538086,-0.7042230672399086],[109.63231086730957,-0.7042230672399086],[109.6391773223877,-0.7031931766615998],[109.64432716369629,-0.7029357039815096],[109.64767456054688,-0.702334934339433],[109.64853286743164,-0.701991637366433],[109.65316772460938,-0.6993310849720729],[109.65479850769043,-0.6989019634767715],[109.65651512145996,-0.6987303148676602],[109.66054916381836,-0.6994169092664322],[109.66415405273438,-0.6995885578504328],[109.66818809509277,-0.6987303148676602],[109.67084884643555,-0.6986444905607669],[109.67265129089355,-0.6980437203685597],[109.67436790466309,-0.6968421797539577],[109.67453956604004,-0.6958981119131948],[109.67436790466309,-0.6952973413706758],[109.67273712158203,-0.6936666780843694],[109.67144966125488,-0.6912635943228764],[109.66981887817383,-0.6911777698803121],[109.66878890991211,-0.6904053498274294],[109.66827392578125,-0.6892896317517341],[109.6681022644043,-0.6881739134146869],[109.6669864654541,-0.6865432476835025],[109.6666431427002,-0.6838826866130177],[109.66621398925781,-0.6834535637214572],[109.66466903686523,-0.6827669670152119],[109.66604232788086,-0.6815654225434145],[109.66621398925781,-0.6822520194211847],[109.66750144958496,-0.6835393883028331],[109.66775894165039,-0.686371598626792],[109.66878890991211,-0.6878306154122953],[109.66938972473145,-0.6898904030557702],[109.66981887817383,-0.6901478764485631],[109.67170715332031,-0.6904911742839346],[109.67230796813965,-0.6909202965432968],[109.67316627502441,-0.6928942584367803],[109.67471122741699,-0.6944390976058941],[109.6753978729248,-0.6959839362701672],[109.67531204223633,-0.6969280040937491],[109.67488288879395,-0.6975287744284486],[109.67282295227051,-0.698987787778961],[109.6713638305664,-0.6995027335592141],[109.66947555541992,-0.6994169092664322],[109.66818809509277,-0.6996743821400742],[109.66509819030762,-0.7009617462962723],[109.66183662414551,-0.7009617462962723],[109.65694427490234,-0.7001035035647476],[109.65505599975586,-0.7001893278449813],[109.65359687805176,-0.7006184492225174],[109.64921951293945,-0.7030215282097885],[109.64733123779297,-0.7037939461932439],[109.63239669799805,-0.7057679026806056],[109.62475776672363,-0.7060253752041916],[109.62166786193848,-0.7057679026806056],[109.61960792541504,-0.7049954850243267],[109.61797714233398,-0.7037939461932439],[109.61840629577637,-0.7022491100985491]]]}},{"type":"Feature","id":"pmtiles:10/823/513:water:166735923:0","properties":{"intermittent":0,"class":"river","id":16673592,"water":"river","kind":"waterway","verification":"verified","source":"OpenMapTiles/OpenStreetMap national PMTiles","sourceId":"10/823/513:water:166735923:0","sourceLayer":"water","archive":"https://its.hanifahseptiani45.workers.dev/v1/map/archive/indonesia.pmtiles","updatedAt":"2026-07-26T09:41:46.684Z"},"geometry":{"type":"Polygon","coordinates":[[[109.38451766967773,-0.582179541833014],[109.37430381774902,-0.584325197867372],[109.3743896484375,-0.5826086731052982],[109.3755054473877,-0.5802913638472802],[109.37593460083008,-0.5780598799608612],[109.37722206115723,-0.5765150059871615],[109.37936782836914,-0.5745409997442863],[109.38031196594238,-0.5741118678620438],[109.38177108764648,-0.5738543887172227],[109.38709259033203,-0.5738543887172227],[109.3879508972168,-0.5734252567834517],[109.38906669616699,-0.5717945551419348],[109.38932418823242,-0.5710221173605277],[109.38906669616699,-0.568533150470671],[109.38923835754395,-0.5658725295055262],[109.3905258178711,-0.5674174063439068],[109.39078330993652,-0.5686189769330383],[109.3905258178711,-0.5711079437858189],[109.38992500305176,-0.5729102984204673],[109.38889503479004,-0.5744551733704242],[109.38743591308594,-0.5756567424872543],[109.38494682312012,-0.5767724850119151],[109.38185691833496,-0.5774590956876295],[109.38323020935059,-0.5805488427006651],[109.38451766967773,-0.582179541833014]]]}},{"type":"Feature","id":"pmtiles:10/823/513:water:166735933:0","properties":{"intermittent":0,"class":"river","id":16673593,"water":"river","kind":"waterway","verification":"verified","source":"OpenMapTiles/OpenStreetMap national PMTiles","sourceId":"10/823/513:water:166735933:0","sourceLayer":"water","archive":"https://its.hanifahseptiani45.workers.dev/v1/map/archive/indonesia.pmtiles","updatedAt":"2026-07-26T09:41:46.684Z"},"geometry":{"type":"Polygon","coordinates":[[[109.61814880371094,-0.6868865457784352],[109.61874961853027,-0.687144019333445],[109.62020874023438,-0.6865432476835025],[109.62278366088867,-0.6846551077211416],[109.6245002746582,-0.682852791608866],[109.62518692016602,-0.6825953178233277],[109.62647438049316,-0.6829386162009712],[109.62922096252441,-0.6848267568393851],[109.63153839111328,-0.6852558796080928],[109.63540077209473,-0.6843976340322513],[109.6391773223877,-0.6827669670152119],[109.64303970336914,-0.6798489299210217],[109.64338302612305,-0.6793339820152511],[109.64381217956543,-0.6769308910633356],[109.6438980102539,-0.673412077164997],[109.64449882507324,-0.669635786253636],[109.64527130126953,-0.6678334645648647],[109.64638710021973,-0.6665460915253192],[109.6487045288086,-0.664486293962355],[109.64990615844727,-0.6636280447241631],[109.65291023254395,-0.6628556202824569],[109.6541976928711,-0.6622548456333988],[109.66320991516113,-0.6553030194149301],[109.67041969299316,-0.6487803094971696],[109.67239379882812,-0.6480078827642188],[109.67402458190918,-0.6479220575643865],[109.67127799987793,-0.6486944843104538],[109.67050552368164,-0.6491236102295375],[109.66423988342285,-0.654873894022515],[109.65479850769043,-0.662169020677581],[109.65368270874023,-0.6628556202824569],[109.64973449707031,-0.6641429942849584],[109.64673042297363,-0.6666319164050947],[109.64535713195801,-0.6682625888364697],[109.64475631713867,-0.6697216110794386],[109.64424133300781,-0.6731546028774034],[109.64406967163086,-0.6777033132851074],[109.64372634887695,-0.6794198066700119],[109.6432113647461,-0.6801064038533156],[109.63977813720703,-0.6827669670152119],[109.63857650756836,-0.6835393883028331],[109.6354866027832,-0.6847409322810307],[109.63308334350586,-0.6853417041572385],[109.6314525604248,-0.685513353250883],[109.6299934387207,-0.685427528704821],[109.62887763977051,-0.6849984059514895],[109.6259593963623,-0.6831102653806056],[109.62510108947754,-0.6830244407915558],[109.62458610534668,-0.6832819145540867],[109.62312698364258,-0.6848267568393851],[109.62089538574219,-0.6865432476835025],[109.61771965026855,-0.6880022644165678],[109.61814880371094,-0.6868865457784352]]]}},{"type":"Feature","id":"pmtiles:10/823/513:water:166736023:0","properties":{"intermittent":0,"class":"lake","id":16673602,"water":"lake","kind":"waterway","verification":"verified","source":"OpenMapTiles/OpenStreetMap national PMTiles","sourceId":"10/823/513:water:166736023:0","sourceLayer":"water","archive":"https://its.hanifahseptiani45.workers.dev/v1/map/archive/indonesia.pmtiles","updatedAt":"2026-07-26T09:41:46.684Z"},"geometry":{"type":"Polygon","coordinates":[[[109.5875072479248,-0.6868865457784352],[109.58767890930176,-0.6850842305052254],[109.58853721618652,-0.6849984059514895],[109.58913803100586,-0.6844834585967448],[109.58948135375977,-0.6837968620377808],[109.58982467651367,-0.6826811424200514],[109.58965301513672,-0.6801064038533156],[109.58991050720215,-0.6789906833809027],[109.59051132202148,-0.6780466120108031],[109.5915412902832,-0.6776174885998785],[109.59385871887207,-0.6778749626509892],[109.59720611572266,-0.6771883651509398],[109.59780693054199,-0.6768450663644359],[109.59900856018066,-0.6755576956987568],[109.60003852844238,-0.675128572067706],[109.60115432739258,-0.6750427473369456],[109.6047592163086,-0.6756435204204223],[109.60638999938965,-0.674699448398755],[109.60887908935547,-0.6736695514389623],[109.6109390258789,-0.6737553761939381],[109.61145401000977,-0.6727254790345825],[109.61179733276367,-0.6713522824840226],[109.61179733276367,-0.6690350124308964],[109.6120548248291,-0.6685200633814503],[109.61214065551758,-0.6713522824840226],[109.61136817932129,-0.6737553761939381],[109.610595703125,-0.6740986751986924],[109.60887908935547,-0.6740128504497704],[109.60630416870117,-0.675128572067706],[109.60596084594727,-0.6754718709755707],[109.60570335388184,-0.6762442934296047],[109.60570335388184,-0.6771025404565876],[109.60596084594727,-0.6773600145350684],[109.60819244384766,-0.677016715760729],[109.60956573486328,-0.6780466120108031],[109.61042404174805,-0.6783040860390912],[109.60956573486328,-0.6783040860390912],[109.6080207824707,-0.6772741898437715],[109.60647583007812,-0.6776174885998785],[109.60578918457031,-0.6776174885998785],[109.6051025390625,-0.6771883651509398],[109.60433006286621,-0.6762442934296047],[109.60029602050781,-0.6756435204204223],[109.59943771362305,-0.6759868192919072],[109.59832191467285,-0.6771883651509398],[109.59746360778809,-0.6777033132851074],[109.59394454956055,-0.678475735383671],[109.59128379821777,-0.678475735383671],[109.59076881408691,-0.6788190340545697],[109.59042549133301,-0.6797631052738637],[109.59042549133301,-0.6829386162009712],[109.58999633789062,-0.6845692831597177],[109.58922386169434,-0.6856850023383743],[109.5875072479248,-0.6868865457784352]]]}},{"type":"Feature","id":"pmtiles:10/823/513:water:166736053:0","properties":{"intermittent":0,"class":"river","id":16673605,"water":"river","kind":"waterway","verification":"verified","source":"OpenMapTiles/OpenStreetMap national PMTiles","sourceId":"10/823/513:water:166736053:0","sourceLayer":"water","archive":"https://its.hanifahseptiani45.workers.dev/v1/map/archive/indonesia.pmtiles","updatedAt":"2026-07-26T09:41:46.684Z"},"geometry":{"type":"Polygon","coordinates":[[[109.35670852661133,-0.46948861201647674],[109.35748100280762,-0.4709476845830807],[109.35593605041504,-0.47077602900283466],[109.35507774353027,-0.47017523443874154],[109.35001373291016,-0.46442476957636813],[109.3425464630127,-0.45446872983129083],[109.34117317199707,-0.45283799786747636],[109.33773994445801,-0.44974818893112456],[109.33576583862305,-0.4482891120337342],[109.33319091796875,-0.44700169100048015],[109.33173179626465,-0.4464008944410125],[109.3304443359375,-0.44631506635707296],[109.3304443359375,-0.44519930117488116],[109.33113098144531,-0.4452851292718236],[109.33276176452637,-0.44571426974151507],[109.33653831481934,-0.44734500329811056],[109.3399715423584,-0.44974818893112456],[109.34331893920898,-0.4530096538809687],[109.34589385986328,-0.45618528939543523],[109.35482025146484,-0.46845867825666687],[109.35593605041504,-0.46957443982294933],[109.35670852661133,-0.46948861201647674]]]}},{"type":"Feature","id":"pmtiles:10/823/513:water:166736063:0","properties":{"intermittent":0,"class":"river","id":16673606,"water":"river","kind":"waterway","verification":"verified","source":"OpenMapTiles/OpenStreetMap national PMTiles","sourceId":"10/823/513:water:166736063:0","sourceLayer":"water","archive":"https://its.hanifahseptiani45.workers.dev/v1/map/archive/indonesia.pmtiles","updatedAt":"2026-07-26T09:41:46.684Z"},"geometry":{"type":"Polygon","coordinates":[[[109.35799598693848,-0.47077602900283466],[109.35748100280762,-0.4709476845830807],[109.35670852661133,-0.46948861201647674],[109.36477661132812,-0.4601333748365306],[109.36966896057129,-0.45335296589573204],[109.37318801879883,-0.44931904869740436],[109.37567710876465,-0.44708751907639055],[109.37593460083008,-0.4466583786867915],[109.38031196594238,-0.4431394265491235],[109.3842601776123,-0.4392771600841172],[109.38443183898926,-0.4382472220222553],[109.3842601776123,-0.4377322529382184],[109.38074111938477,-0.43378415545542737],[109.37808036804199,-0.43026519726673484],[109.37670707702637,-0.42683206576229793],[109.37602043151855,-0.42382807443836157],[109.3758487701416,-0.419965798168235],[109.37679290771484,-0.4154168925595627],[109.37747955322266,-0.41404363752029383],[109.37868118286133,-0.4123270683868441],[109.38005447387695,-0.41112546977311126],[109.38125610351562,-0.41069632736720507],[109.3809986114502,-0.4121554114530994],[109.38014030456543,-0.4126703822431921],[109.3795394897461,-0.413614495271716],[109.37765121459961,-0.41842088712486714],[109.3773078918457,-0.421253223804527],[109.37756538391113,-0.4239139027781107],[109.37790870666504,-0.4258021260115612],[109.37936782836914,-0.4297502276392464],[109.38117027282715,-0.4322392471830483],[109.3853759765625,-0.4367023146640605],[109.38606262207031,-0.4379897374846706],[109.38580513000488,-0.4391913319177121],[109.38494682312012,-0.44073623876201395],[109.38400268554688,-0.4417661764802432],[109.37396049499512,-0.45197971773909273],[109.36511993408203,-0.46245072831818845],[109.36014175415039,-0.4676004000078535],[109.35919761657715,-0.4689736451555149],[109.35851097106934,-0.47034689003376684],[109.35799598693848,-0.47077602900283466]]]}},{"type":"Feature","id":"pmtiles:10/823/513:water:166812033:0","properties":{"intermittent":0,"class":"river","id":16681203,"water":"river","kind":"waterway","verification":"verified","source":"OpenMapTiles/OpenStreetMap national PMTiles","sourceId":"10/823/513:water:166812033:0","sourceLayer":"water","archive":"https://its.hanifahseptiani45.workers.dev/v1/map/archive/indonesia.pmtiles","updatedAt":"2026-07-26T09:41:46.684Z"},"geometry":{"type":"Polygon","coordinates":[[[109.37602043151855,-0.48811322100283405],[109.37619209289551,-0.48819904857612073],[109.37644958496094,-0.48794156585293535],[109.37790870666504,-0.48571004850633415],[109.3798828125,-0.48382184094515424],[109.38082695007324,-0.4833927027897005],[109.3828010559082,-0.48313521988340824],[109.39112663269043,-0.48485177240742416],[109.39249992370605,-0.48493760002222075],[109.39421653747559,-0.48365018568622986],[109.39739227294922,-0.48030290727142244],[109.3992805480957,-0.47944463049027775],[109.4076919555664,-0.4765264886308387],[109.40915107727051,-0.4766981440686351],[109.40958023071289,-0.47721311035631686],[109.41344261169434,-0.47961628585512983],[109.41550254821777,-0.48038873494361667],[109.41601753234863,-0.48038873494361667],[109.41696166992188,-0.48004542424838803],[109.41953659057617,-0.47781390430989745],[109.42099571228027,-0.4771272826443891],[109.42537307739258,-0.47558238364661065],[109.43103790283203,-0.47429496755093226],[109.43258285522461,-0.4736083455352684],[109.43326950073242,-0.47292172345160566],[109.43464279174805,-0.47069020121114136],[109.43618774414062,-0.46725708867893445],[109.43687438964844,-0.46639881028326613],[109.4377326965332,-0.4659696710461674],[109.44168090820312,-0.4659696710461674],[109.4454574584961,-0.4664846381275538],[109.44828987121582,-0.4665704659707899],[109.45369720458984,-0.4662271545915786],[109.4564437866211,-0.46519722035354505],[109.45738792419434,-0.4645964253119246],[109.45798873901367,-0.4639098023446877],[109.45901870727539,-0.4622790725306203],[109.45953369140625,-0.46047668651101503],[109.46047782897949,-0.4543829018423651],[109.46125030517578,-0.4521513737728924],[109.46356773376465,-0.44880408038370945],[109.46545600891113,-0.44760248751077825],[109.46648597717285,-0.44734500329811056],[109.4677734375,-0.44751665944090746],[109.47558403015137,-0.45137892158885506],[109.47790145874023,-0.45232302980262773],[109.48030471801758,-0.4529238258747341],[109.48639869689941,-0.45352462189703147],[109.48785781860352,-0.45386793388738056],[109.4894027709961,-0.45472621379195743],[109.49172019958496,-0.456356945329361],[109.49240684509277,-0.4579018485501223],[109.49275016784668,-0.4596184072937888],[109.49257850646973,-0.4632231793108019],[109.49300765991211,-0.4640814580927497],[109.49446678161621,-0.4649397367705461],[109.49695587158203,-0.46536887607034316],[109.5033073425293,-0.4655405317829491],[109.50407981872559,-0.465111392493597],[109.50639724731445,-0.46305152354193524],[109.50811386108398,-0.4601333748365306],[109.50905799865723,-0.4588459559101068],[109.51000213623047,-0.4580735044430071],[109.51154708862305,-0.4574727087999264],[109.51274871826172,-0.4574727087999264],[109.51334953308105,-0.457816020602138],[109.51420783996582,-0.4591892676464795],[109.51515197753906,-0.4617641051430468],[109.51566696166992,-0.46605549889568465],[109.51678276062012,-0.4671712608440828],[109.51892852783203,-0.4682870226153],[109.52879905700684,-0.47154847908062436],[109.53266143798828,-0.47266424015272435],[109.53497886657715,-0.47275006792007446],[109.53566551208496,-0.4725784123842942],[109.53695297241211,-0.4717201346418278],[109.53901290893555,-0.46888781734168106],[109.54004287719727,-0.46639881028326613],[109.54115867614746,-0.46210741673891675],[109.5417594909668,-0.46081999816898644],[109.5450210571289,-0.4591892676464795],[109.55343246459961,-0.4560994614269447],[109.55523490905762,-0.45515535370599025],[109.55866813659668,-0.45403958987644444],[109.56167221069336,-0.45446872983129083],[109.56313133239746,-0.45515535370599025],[109.56725120544434,-0.4584168162164559],[109.56819534301758,-0.4585026441572353],[109.56879615783691,-0.4573868808467978],[109.5692253112793,-0.45369627789423816],[109.57034111022949,-0.4502631571782558],[109.57085609436035,-0.4476883155796827],[109.57111358642578,-0.4455426135566398],[109.57111358642578,-0.4391913319177121],[109.57119941711426,-0.43867636289859036],[109.5721435546875,-0.4377322529382184],[109.57737922668457,-0.4349857505604007],[109.57892417907715,-0.4334408425332299],[109.58072662353516,-0.43095182338262816],[109.58544731140137,-0.4209957386942591],[109.58613395690918,-0.42056659682492636],[109.58733558654785,-0.42022328331248104],[109.59051132202148,-0.42030911169200635],[109.59214210510254,-0.4206524252006858],[109.59729194641113,-0.42271230593516407],[109.59978103637695,-0.42305561933785896],[109.60081100463867,-0.42288396263839445],[109.60132598876953,-0.4225406492281252],[109.60278511047363,-0.4208240819493625],[109.60390090942383,-0.4183350587246366],[109.60390090942383,-0.4168759757772733],[109.6036434173584,-0.41576020628212973],[109.60184097290039,-0.41481609350920223],[109.60115432739258,-0.4146444366292883],[109.59986686706543,-0.4146444366292883],[109.59754943847656,-0.41498775038539293],[109.59531784057617,-0.41567437785288064],[109.59291458129883,-0.41739094626019835],[109.59197044372559,-0.41747677467074595],[109.59136962890625,-0.41713346102295645],[109.59085464477539,-0.41593186313779995],[109.59102630615234,-0.41309952454278687],[109.59085464477539,-0.41069632736720507],[109.5900821685791,-0.40820730095941826],[109.588623046875,-0.4047741598234751],[109.58879470825195,-0.4039158743119202],[109.5897388458252,-0.40288593157843877],[109.5930004119873,-0.4016843315581866],[109.60570335388184,-0.39902364517109845],[109.61162567138672,-0.3960196433775707],[109.61231231689453,-0.3963629579235146],[109.61325645446777,-0.3976503873439441],[109.61385726928711,-0.3997102739987497],[109.61428642272949,-0.4029717601445384],[109.61514472961426,-0.4062332449845485],[109.61565971374512,-0.4070057017279254],[109.61703300476074,-0.4079498154248995],[109.61874961853027,-0.4084647864856805],[109.6204662322998,-0.4084647864856805],[109.62252616882324,-0.40820730095941826],[109.62784767150879,-0.4051174740026653],[109.62896347045898,-0.40425918852743337],[109.6296501159668,-0.4032292458374087],[109.62973594665527,-0.4018559887147575],[109.62913513183594,-0.39988193119670257],[109.62844848632812,-0.3989378165636026],[109.62441444396973,-0.39498969965448794],[109.62003707885742,-0.3925006684640664],[109.61857795715332,-0.39138489562073175],[109.61823463439941,-0.39104158086982466],[109.61797714233398,-0.3898399791311675],[109.61874961853027,-0.3882092336402536],[109.6204662322998,-0.3867501453028268],[109.62158203125,-0.38606351541014305],[109.62407112121582,-0.3856343716990551],[109.62621688842773,-0.3844327691929692],[109.62793350219727,-0.38297368020832323],[109.63068008422852,-0.38125710461436313],[109.63179588317871,-0.3803129878917133],[109.63196754455566,-0.3795405286781772],[109.63179588317871,-0.3791972134500128],[109.62587356567383,-0.3776522947549523],[109.62630271911621,-0.37756646593049936],[109.63205337524414,-0.3791113846408365],[109.63196754455566,-0.3803988166889525],[109.6314525604248,-0.3809996182457098],[109.62896347045898,-0.3824587075661583],[109.62638854980469,-0.38460442670420036],[109.62441444396973,-0.3857202004429894],[109.62338447570801,-0.38606351541014305],[109.62183952331543,-0.3861493441497572],[109.62029457092285,-0.3870934602283569],[109.61883544921875,-0.3883808910751867],[109.61823463439941,-0.389582493021976],[109.61832046508789,-0.39061243741143414],[109.61857795715332,-0.3911274095588624],[109.62003707885742,-0.3922431824364878],[109.62295532226562,-0.3937022698211763],[109.6245002746582,-0.3948180423548848],[109.62656021118164,-0.3965346151911575],[109.62904930114746,-0.39936695959208635],[109.62973594665527,-0.4009977028958218],[109.6299934387207,-0.40271427444352526],[109.62982177734375,-0.4033150743998988],[109.62887763977051,-0.4046025027284088],[109.62278366088867,-0.4083789579778454],[109.62038040161133,-0.4088081005078692],[109.61789131164551,-0.40855061499260614],[109.61651802062988,-0.4079498154248995],[109.61531639099121,-0.4069198732045294],[109.61480140686035,-0.40580410231741837],[109.61428642272949,-0.4043450170790379],[109.6135139465332,-0.3989378165636026],[109.61291313171387,-0.39730707285143296],[109.61179733276367,-0.39627712928836445],[109.61136817932129,-0.3963629579235146],[109.60810661315918,-0.3982511876714767],[109.6051025390625,-0.39945278819509156],[109.5926570892334,-0.402027645867733],[109.59076881408691,-0.40262844587471136],[109.58948135375977,-0.4034867315221362],[109.58888053894043,-0.40425918852743337],[109.58888053894043,-0.40485998836962267],[109.59094047546387,-0.4100955279602516],[109.5911979675293,-0.413786152173941],[109.59102630615234,-0.41567437785288064],[109.59128379821777,-0.41661849052317734],[109.59197044372559,-0.41730511784872704],[109.59274291992188,-0.4172192894363178],[109.59506034851074,-0.41558854942270784],[109.59935188293457,-0.4144727797456653],[109.6010684967041,-0.41438695130244696],[109.60287094116211,-0.41498775038539293],[109.60381507873535,-0.41576020628212973],[109.60407257080078,-0.41824923032346817],[109.60347175598145,-0.42005162655060246],[109.60261344909668,-0.4214248805399734],[109.60141181945801,-0.42262647758209937],[109.6007251739502,-0.42305561933785896],[109.59909439086914,-0.42322727603351495],[109.5970344543457,-0.4227981342872482],[109.5937728881836,-0.4214248805399734],[109.59085464477539,-0.42056659682492636],[109.5882797241211,-0.42030911169200635],[109.5857048034668,-0.42090991032227976],[109.58518981933594,-0.4216823656360589],[109.5820140838623,-0.42872028828017505],[109.58012580871582,-0.4322392471830483],[109.57780838012695,-0.4348999223449681],[109.5721435546875,-0.4379897374846706],[109.57145690917969,-0.4388480192422435],[109.57128524780273,-0.4393629882495276],[109.57145690917969,-0.4448559887771495],[109.57128524780273,-0.447173347151292],[109.56965446472168,-0.4529238258747341],[109.56905364990234,-0.45721522493749944],[109.56836700439453,-0.4586743000357245],[109.56802368164062,-0.4588459559101068],[109.56716537475586,-0.45876012797342014],[109.56347465515137,-0.45575614954273647],[109.5622730255127,-0.4549836977434438],[109.55926895141602,-0.4543829018423651],[109.55557823181152,-0.45532700966445816],[109.54828262329102,-0.45833098827462493],[109.54493522644043,-0.459532579366396],[109.54218864440918,-0.4609058260809036],[109.5417594909668,-0.46142079353060694],[109.53969955444336,-0.4682870226153],[109.53703880310059,-0.47206344575153025],[109.53566551208496,-0.47292172345160566],[109.53377723693848,-0.47300755121577254],[109.53180313110352,-0.47275006792007446],[109.5270824432373,-0.47137682351517185],[109.51841354370117,-0.4683728504365092],[109.51635360717773,-0.46725708867893445],[109.51566696166992,-0.4667421216541072],[109.51523780822754,-0.46562635963768173],[109.51472282409668,-0.46150662143527654],[109.51395034790039,-0.45936092350849833],[109.51326370239258,-0.458245160331785],[109.5120620727539,-0.4577301926531163],[109.51034545898438,-0.45815933238792184],[109.50974464416504,-0.4585884720969915],[109.50648307800293,-0.46339483507551904],[109.50442314147949,-0.4652830482124699],[109.5036506652832,-0.465712187491377],[109.50287818908691,-0.4658838431956269],[109.49935913085938,-0.46579801534402065],[109.49575424194336,-0.4655405317829491],[109.4941234588623,-0.465111392493597],[109.49292182922363,-0.46442476957636813],[109.49223518371582,-0.4632231793108019],[109.4923210144043,-0.4591892676464795],[109.49172019958496,-0.45721522493749944],[109.49137687683105,-0.456442773294782],[109.48914527893066,-0.45489786976064295],[109.48768615722656,-0.4542112458614582],[109.48605537414551,-0.45378210589132095],[109.48030471801758,-0.45318130989039673],[109.47772979736328,-0.45258051383962083],[109.47403907775879,-0.4510356094807264],[109.46931838989258,-0.448546596213248],[109.4674301147461,-0.44777414364754975],[109.46640014648438,-0.4476883155796827],[109.46528434753418,-0.44811745590904195],[109.46365356445312,-0.44906156454509016],[109.46185111999512,-0.45172223368079756],[109.46090698242188,-0.4542112458614582],[109.46030616760254,-0.4584168162164559],[109.45944786071777,-0.4620215888415089],[109.45833206176758,-0.4640814580927497],[109.45721626281738,-0.46519722035354505],[109.4564437866211,-0.46562635963768173],[109.45283889770508,-0.4667421216541072],[109.44820404052734,-0.46691377733324657],[109.44588661193848,-0.4668279494941885],[109.44022178649902,-0.4662271545915786],[109.4377326965332,-0.46631298243794106],[109.43696022033691,-0.4668279494941885],[109.43455696105957,-0.47154847908062436],[109.4333553314209,-0.4733508622618672],[109.43249702453613,-0.4740374843030395],[109.43035125732422,-0.47489576175874504],[109.42545890808105,-0.4759256945649213],[109.42142486572266,-0.47721311035631686],[109.4197940826416,-0.4778997320132703],[109.41764831542969,-0.4798737688943078],[109.41610336303711,-0.4808178732883732],[109.41481590270996,-0.48056039028475084],[109.41301345825195,-0.47970211353593584],[109.40889358520508,-0.4771272826443891],[109.4076919555664,-0.47678397178592036],[109.40374374389648,-0.4783288705140194],[109.39962387084961,-0.47961628585512983],[109.39756393432617,-0.480646217953705],[109.39447402954102,-0.4839934961997159],[109.39310073852539,-0.4851092552485454],[109.39146995544434,-0.48528091047050737],[109.38434600830078,-0.48382184094515424],[109.38202857971191,-0.48373601331623206],[109.3802261352539,-0.4844226343171698],[109.37859535217285,-0.4857958761102452],[109.37713623046875,-0.48794156585293535],[109.3769645690918,-0.4892289793702673],[109.37636375427246,-0.4888856691230927],[109.37602043151855,-0.48811322100283405]]]}},{"type":"Feature","id":"pmtiles:10/823/513:water:166812043:0","properties":{"intermittent":0,"class":"river","id":16681204,"water":"river","kind":"waterway","verification":"verified","source":"OpenMapTiles/OpenStreetMap national PMTiles","sourceId":"10/823/513:water:166812043:0","sourceLayer":"water","archive":"https://its.hanifahseptiani45.workers.dev/v1/map/archive/indonesia.pmtiles","updatedAt":"2026-07-26T09:41:46.684Z"},"geometry":{"type":"Polygon","coordinates":[[[109.42631721496582,-0.34606723172845477],[109.42657470703125,-0.3467538646864199],[109.42691802978516,-0.34932873783445473],[109.4267463684082,-0.3510453195415266],[109.42571640014648,-0.3536201915108137],[109.42331314086914,-0.3567958659554762],[109.42039489746094,-0.3617739480105371],[109.41953659057617,-0.36374801427824366],[109.41962242126465,-0.3641771590619811],[109.42073822021484,-0.36555042223257317],[109.42365646362305,-0.36769614551589314],[109.4249439239502,-0.36906940814677114],[109.42666053771973,-0.3710434728070311],[109.42854881286621,-0.37430496997519924],[109.42975044250488,-0.377308979452053],[109.43035125732422,-0.3797980150903584],[109.43035125732422,-0.3825445363419959],[109.42992210388184,-0.38503357046718634],[109.42906379699707,-0.38726511768589944],[109.42777633666992,-0.3893250069049259],[109.42691802978516,-0.39026912262896474],[109.42563056945801,-0.39095575217989165],[109.42357063293457,-0.39104158086982466],[109.42133903503418,-0.3915565529909202],[109.4131851196289,-0.3982511876714767],[109.4124984741211,-0.40031107417587464],[109.41275596618652,-0.40254261730498797],[109.412841796875,-0.4059757593870046],[109.41241264343262,-0.40863644349860806],[109.4102668762207,-0.41550272099159713],[109.40777778625488,-0.42030911169200635],[109.40520286560059,-0.4231414476861488],[109.40185546875,-0.4248580144525107],[109.40022468566895,-0.4252871560845932],[109.39756393432617,-0.4249438427808343],[109.38812255859375,-0.4176484314890274],[109.38331604003906,-0.413614495271716],[109.3809986114502,-0.4121554114530994],[109.38125610351562,-0.41069632736720507],[109.3828010559082,-0.4112112982515157],[109.38692092895508,-0.4142152944132391],[109.39189910888672,-0.41824923032346817],[109.39756393432617,-0.42365641775600693],[109.39970970153809,-0.4241713877916453],[109.40202713012695,-0.42357058941341563],[109.40382957458496,-0.42185402236204084],[109.4062328338623,-0.4189358575065256],[109.4084644317627,-0.41455860818794577],[109.40915107727051,-0.41258455378049064],[109.41112518310547,-0.40288593157843877],[109.41121101379395,-0.40031107417587464],[109.41164016723633,-0.39790787320394827],[109.41215515136719,-0.39687792971574254],[109.4157600402832,-0.3934447838306312],[109.41970825195312,-0.39069826610487723],[109.42168235778809,-0.390097465232472],[109.42511558532715,-0.3898399791311675],[109.42588806152344,-0.38949666431716423],[109.42751884460449,-0.3875226038657047],[109.42854881286621,-0.38520522796632406],[109.42837715148926,-0.38082796066233016],[109.42769050598145,-0.3781672676838781],[109.42691802978516,-0.37636486229928323],[109.42408561706543,-0.3713867883552098],[109.42151069641113,-0.36812529011078254],[109.41876411437988,-0.3653787643477102],[109.4183349609375,-0.3646921327755024],[109.4183349609375,-0.3628897246495342],[109.41893577575684,-0.36134480311281436],[109.4212532043457,-0.35756832714152154],[109.42408561706543,-0.3537918496167691],[109.42485809326172,-0.3506161741442355],[109.42485809326172,-0.34829878865961916],[109.42442893981934,-0.34606723172845477],[109.42631721496582,-0.34606723172845477]]]}},{"type":"Feature","id":"pmtiles:10/823/513:water:166812063:0","properties":{"intermittent":0,"class":"river","id":16681206,"water":"river","kind":"waterway","verification":"verified","source":"OpenMapTiles/OpenStreetMap national PMTiles","sourceId":"10/823/513:water:166812063:0","sourceLayer":"water","archive":"https://its.hanifahseptiani45.workers.dev/v1/map/archive/indonesia.pmtiles","updatedAt":"2026-07-26T09:41:46.684Z"},"geometry":{"type":"Polygon","coordinates":[[[109.48639869689941,-0.3921573537588614],[109.48227882385254,-0.39121323824703325],[109.48339462280273,-0.3862351728885187],[109.48785781860352,-0.3875226038657047],[109.49026107788086,-0.38881003464724984],[109.49335098266602,-0.3911274095588624],[109.49807167053223,-0.39584798609926963],[109.49995994567871,-0.39704958697268466],[109.50167655944824,-0.39756455872216634],[109.50347900390625,-0.39756455872216634],[109.50562477111816,-0.3971354155998341],[109.50648307800293,-0.3966204438236218],[109.5073413848877,-0.3921573537588614],[109.50682640075684,-0.3889816920699616],[109.50613975524902,-0.3870934602283569],[109.50433731079102,-0.3842611116782848],[109.50390815734863,-0.38323116651780254],[109.50304985046387,-0.3822012212334869],[109.4978141784668,-0.377308979452053],[109.49687004089355,-0.37602154694565115],[109.49678421020508,-0.37353251022879874],[109.49729919433594,-0.3713867883552098],[109.49867248535156,-0.3698418682835296],[109.50013160705566,-0.36872609250890775],[109.5010757446289,-0.36855443468500937],[109.50373649597168,-0.368897750329495],[109.50433731079102,-0.36838277685778564],[109.5058822631836,-0.3694985526754806],[109.50691223144531,-0.3707859861371361],[109.50854301452637,-0.37198759053245567],[109.51146125793457,-0.3746482853962192],[109.51412200927734,-0.37748063710519375],[109.51764106750488,-0.38185790611125014],[109.51807022094727,-0.3820295636740809],[109.5186710357666,-0.38168624854499456],[109.51961517333984,-0.38168624854499456],[109.52116012573242,-0.3797980150903584],[109.52253341674805,-0.37748063710519375],[109.52656745910645,-0.36915523705417286],[109.52939987182617,-0.3646063038252976],[109.5307731628418,-0.36185977698764304],[109.53206062316895,-0.35773998517403527],[109.53248977661133,-0.35465014009885465],[109.53248977661133,-0.3515602939922644],[109.53274726867676,-0.34975788329067825],[109.53377723693848,-0.34606723172845477],[109.53815460205078,-0.34606723172845477],[109.53686714172363,-0.3496720542010081],[109.53592300415039,-0.3540493367697479],[109.53557968139648,-0.36185977698764304],[109.53497886657715,-0.3651212775142909],[109.5340347290039,-0.36803946119344744],[109.53360557556152,-0.37027101277490715],[109.53266143798828,-0.3722450771673351],[109.53154563903809,-0.3738758256800452],[109.52974319458008,-0.3759357181051257],[109.52665328979492,-0.3803988166889525],[109.52407836914062,-0.38348865281955113],[109.52133178710938,-0.3849477417163172],[109.51927185058594,-0.38537688546200854],[109.51618194580078,-0.3847760842119925],[109.51326370239258,-0.3828878514367773],[109.50897216796875,-0.3793688710657932],[109.50837135314941,-0.3793688710657932],[109.50759887695312,-0.3783389253200511],[109.50708389282227,-0.3783389253200511],[109.50699806213379,-0.37773812357855263],[109.50605392456055,-0.3769656641356107],[109.50528144836426,-0.37516325850252485],[109.50416564941406,-0.3738758256800452],[109.50201988220215,-0.3730175370268114],[109.50064659118652,-0.3733608524981662],[109.50030326843262,-0.3738758256800452],[109.50021743774414,-0.3748199431016843],[109.50064659118652,-0.3757640604215595],[109.50562477111816,-0.37971218628715064],[109.50854301452637,-0.3824587075661583],[109.51043128967285,-0.38503357046718634],[109.51146125793457,-0.3870934602283569],[109.51249122619629,-0.39104158086982466],[109.51240539550781,-0.3934447838306312],[109.5120620727539,-0.3955905001751603],[109.51043128967285,-0.3979937018221733],[109.50940132141113,-0.39842284489986923],[109.50837135314941,-0.39936695959208635],[109.50665473937988,-0.40031107417587464],[109.50339317321777,-0.401341017234202],[109.50176239013672,-0.40142684581654464],[109.49935913085938,-0.400654388543046],[109.49704170227051,-0.3988519879552115],[109.49463844299316,-0.3966204438236218],[109.49017524719238,-0.3937022698211763],[109.48639869689941,-0.3921573537588614]]]}},{"type":"Feature","id":"pmtiles:10/823/513:water:166812063:1","properties":{"intermittent":0,"class":"river","id":16681206,"water":"river","kind":"waterway","verification":"verified","source":"OpenMapTiles/OpenStreetMap national PMTiles","sourceId":"10/823/513:water:166812063:1","sourceLayer":"water","archive":"https://its.hanifahseptiani45.workers.dev/v1/map/archive/indonesia.pmtiles","updatedAt":"2026-07-26T09:41:46.684Z"},"geometry":{"type":"Polygon","coordinates":[[[109.5435619354248,-0.3464963773330254],[109.54381942749023,-0.34606723172845477],[109.54845428466797,-0.34606723172845477],[109.5475959777832,-0.35430682391556445],[109.54716682434082,-0.3608298292087966],[109.54793930053711,-0.3647779617248972],[109.5487117767334,-0.3671811719748206],[109.5498275756836,-0.3693268948664894],[109.55077171325684,-0.3706143283530565],[109.55188751220703,-0.3716442750076112],[109.55652236938477,-0.3738758256800452],[109.55952644348145,-0.37456245654222187],[109.56450462341309,-0.3746482853962192],[109.56467628479004,-0.3727600504144988],[109.56673622131348,-0.3682111190272792],[109.56733703613281,-0.36555042223257317],[109.56733703613281,-0.3599715393040128],[109.56690788269043,-0.3561092337356513],[109.56716537475586,-0.35559425953722723],[109.56716537475586,-0.3531052171739333],[109.56682205200195,-0.34941456692726547],[109.56725120544434,-0.34606723172845477],[109.57145690917969,-0.34606723172845477],[109.57128524780273,-0.34958622511054216],[109.5721435546875,-0.3679536322753023],[109.57162857055664,-0.37198759053245567],[109.57077026367188,-0.37396165454075003],[109.56982612609863,-0.37533491619788606],[109.5681095123291,-0.3768798353043792],[109.5663070678711,-0.37773812357855263],[109.56338882446289,-0.3779956100442945],[109.56047058105469,-0.3779956100442945],[109.55841064453125,-0.3783389253200511],[109.55643653869629,-0.3778239524013145],[109.55334663391113,-0.376536519971026],[109.5487117767334,-0.3734466813639017],[109.54587936401367,-0.3698418682835296],[109.54459190368652,-0.36666619840407577],[109.54442024230957,-0.3641771590619811],[109.54381942749023,-0.3632330405108064],[109.54399108886719,-0.36134480311281436],[109.54339027404785,-0.35962822331947564],[109.54347610473633,-0.3591990783206569],[109.54304695129395,-0.35628089179540723],[109.54313278198242,-0.3501870287272908],[109.5435619354248,-0.3464963773330254]]]}},{"type":"Feature","id":"pmtiles:10/823/513:water:166812073:0","properties":{"intermittent":0,"class":"river","id":16681207,"water":"river","kind":"waterway","verification":"verified","source":"OpenMapTiles/OpenStreetMap national PMTiles","sourceId":"10/823/513:water:166812073:0","sourceLayer":"water","archive":"https://its.hanifahseptiani45.workers.dev/v1/map/archive/indonesia.pmtiles","updatedAt":"2026-07-26T09:41:46.684Z"},"geometry":{"type":"Polygon","coordinates":[[[109.4388484954834,-0.34606723172845477],[109.44399833679199,-0.35087366138498055],[109.44631576538086,-0.3527619009334728],[109.4483757019043,-0.3540493367697479],[109.45249557495117,-0.355250943388981],[109.45695877075195,-0.3567958659554762],[109.45893287658691,-0.358083301229442],[109.45979118347168,-0.35876993330167295],[109.46142196655273,-0.36108731616445766],[109.4622802734375,-0.3631472115467176],[109.46245193481445,-0.36640871160757627],[109.46159362792969,-0.36855443468500937],[109.46039199829102,-0.3707001572455084],[109.45730209350586,-0.37430496997519924],[109.45627212524414,-0.3759357181051257],[109.45627212524414,-0.37636486229928323],[109.4564437866211,-0.3768798353043792],[109.4571304321289,-0.37748063710519375],[109.45944786071777,-0.3806563030755399],[109.46185111999512,-0.3825445363419959],[109.46682929992676,-0.3839177966385705],[109.47206497192383,-0.3842611116782848],[109.4732666015625,-0.3840036253997994],[109.47566986083984,-0.3847760842119925],[109.47893142700195,-0.38486191296456695],[109.48339462280273,-0.3862351728885187],[109.48227882385254,-0.39121323824703325],[109.47867393493652,-0.39078409479742504],[109.47146415710449,-0.3904407800219474],[109.46828842163086,-0.39001163653290405],[109.4666576385498,-0.389582493021976],[109.46365356445312,-0.38812340492147257],[109.46073532104492,-0.3862351728885187],[109.45910453796387,-0.3849477417163172],[109.4582462310791,-0.38469025545852276],[109.45635795593262,-0.38331699528590946],[109.45549964904785,-0.38297368020832323],[109.45395469665527,-0.38168624854499456],[109.45266723632812,-0.3781672676838781],[109.45292472839355,-0.3769656641356107],[109.45283889770508,-0.3766223488056397],[109.45404052734375,-0.37378999681847347],[109.45610046386719,-0.3707859861371361],[109.4564437866211,-0.3693268948664894],[109.45798873901367,-0.36589373799243674],[109.45798873901367,-0.36400550115092756],[109.45704460144043,-0.3624605798046474],[109.4524097442627,-0.3584266172719879],[109.4461441040039,-0.3568816949793501],[109.43876266479492,-0.3531052171739333],[109.43498611450195,-0.3503586868964277],[109.43035125732422,-0.34606723172845477],[109.4388484954834,-0.34606723172845477]]]}},{"type":"Feature","id":"pmtiles:10/823/513:water:443073592:0","properties":{"intermittent":0,"class":"river","id":44307359,"water":"river","kind":"waterway","verification":"verified","source":"OpenMapTiles/OpenStreetMap national PMTiles","sourceId":"10/823/513:water:443073592:0","sourceLayer":"water","archive":"https://its.hanifahseptiani45.workers.dev/v1/map/archive/indonesia.pmtiles","updatedAt":"2026-07-26T09:41:46.684Z"},"geometry":{"type":"Polygon","coordinates":[[[109.6929931640625,-0.6099871796752012],[109.69161987304688,-0.6101588313211721],[109.69076156616211,-0.6105021345966719],[109.69016075134277,-0.6111029152760494],[109.68955993652344,-0.6147075979390024],[109.68878746032715,-0.6168532412269343],[109.68664169311523,-0.6195138377021863],[109.68466758728027,-0.6208012226141904],[109.67642784118652,-0.6245775498788362],[109.67453956604004,-0.6250066778057288],[109.67179298400879,-0.6249208522231555],[109.67024803161621,-0.6252641545450217],[109.66947555541992,-0.6257791079857355],[109.66775894165039,-0.6278389212426703],[109.66638565063477,-0.6290404786012971],[109.66355323791504,-0.6304136866723695],[109.66089248657227,-0.6321301962518646],[109.6519660949707,-0.6371080708183854],[109.65024948120117,-0.6377088484588],[109.64853286743164,-0.6378804992003495],[109.64192390441895,-0.637537197711552],[109.64012145996094,-0.6380521499361436],[109.63582992553711,-0.6413993381378589],[109.63308334350586,-0.6422575911707469],[109.63102340698242,-0.6420859405756829],[109.63102340698242,-0.639682831640485],[109.63239669799805,-0.6401119583187125],[109.63385581970215,-0.6398544823160819],[109.6377182006836,-0.6371080708183854],[109.63994979858398,-0.6358206899245005],[109.64218139648438,-0.6353915628885147],[109.64750289916992,-0.6359065153274344],[109.64921951293945,-0.6356490391143979],[109.65282440185547,-0.6338467052639913],[109.65840339660645,-0.6305853376558161],[109.66166496276855,-0.6288688275669898],[109.66278076171875,-0.6274956190894585],[109.66629981994629,-0.6271523169137225],[109.66870307922363,-0.6245775498788362],[109.6695613861084,-0.6239767707223649],[109.67179298400879,-0.6234618171050386],[109.67531204223633,-0.623547642711415],[109.68415260314941,-0.6195138377021863],[109.68629837036133,-0.617883149698045],[109.6871566772461,-0.6169390669404748],[109.68775749206543,-0.6155658553578007],[109.68878746032715,-0.6111887410819179],[109.68973159790039,-0.6096438763668459],[109.69093322753906,-0.6089572696844812],[109.69204902648926,-0.6086139663105001],[109.6929931640625,-0.6085281404635765],[109.6929931640625,-0.6099871796752012]]]}},{"type":"Feature","id":"pmtiles:10/823/513:water:9577339802:0","properties":{"intermittent":0,"class":"river","id":957733980,"water":"river","kind":"waterway","verification":"verified","source":"OpenMapTiles/OpenStreetMap national PMTiles","sourceId":"10/823/513:water:9577339802:0","sourceLayer":"water","archive":"https://its.hanifahseptiani45.workers.dev/v1/map/archive/indonesia.pmtiles","updatedAt":"2026-07-26T09:41:46.684Z"},"geometry":{"type":"Polygon","coordinates":[[[109.60124015808105,-0.5814071054606131],[109.60089683532715,-0.580720495263094],[109.60192680358887,-0.5814071054606131],[109.60338592529297,-0.5842393716417149],[109.6054458618164,-0.5898180735739658],[109.60553169250488,-0.591362943891852],[109.60458755493164,-0.5940235528753277],[109.60450172424316,-0.5956542480711136],[109.6062183380127,-0.6018337202126958],[109.60699081420898,-0.6053525831695623],[109.60827827453613,-0.6074124043295654],[109.60887908935547,-0.6097297021959918],[109.61162567138672,-0.6162524611933833],[109.61445808410645,-0.6197713147096238],[109.61514472961426,-0.6202004430275565],[109.61600303649902,-0.6200287917045557],[109.61583137512207,-0.6215736534109908],[109.61411476135254,-0.6202004430275565],[109.61136817932129,-0.6169390669404748],[109.60887908935547,-0.610931263660234],[109.60793495178223,-0.6078415336391458],[109.6065616607666,-0.6053525831695623],[109.60578918457031,-0.6019195461655471],[109.60407257080078,-0.595825900168947],[109.60415840148926,-0.5941093789502645],[109.60518836975098,-0.5911912916555195],[109.60484504699707,-0.5892172905566753],[109.60295677185059,-0.584325197867372],[109.60201263427734,-0.5826086731052982],[109.60124015808105,-0.5814071054606131]]]}},{"type":"Feature","id":"pmtiles:10/823/513:water:9577339812:0","properties":{"intermittent":0,"class":"river","id":957733981,"water":"river","kind":"waterway","verification":"verified","source":"OpenMapTiles/OpenStreetMap national PMTiles","sourceId":"10/823/513:water:9577339812:0","sourceLayer":"water","archive":"https://its.hanifahseptiani45.workers.dev/v1/map/archive/indonesia.pmtiles","updatedAt":"2026-07-26T09:41:46.684Z"},"geometry":{"type":"Polygon","coordinates":[[[109.64012145996094,-0.5818362367916592],[109.64029312133789,-0.5812354529190458],[109.64072227478027,-0.5808063215423402],[109.64089393615723,-0.582351194345847],[109.64046478271484,-0.5853551124729677],[109.64012145996094,-0.5864708530822469],[109.63728904724121,-0.592307031096766],[109.63471412658691,-0.5957400741206982],[109.63128089904785,-0.5993447669936529],[109.62973594665527,-0.6006321567312227],[109.62733268737793,-0.6017478942585228],[109.6212387084961,-0.6038077167859797],[109.6190071105957,-0.6056958867506381],[109.61840629577637,-0.606811623238869],[109.61634635925293,-0.612046999065015],[109.61600303649902,-0.6133343857820961],[109.61617469787598,-0.6145359464386786],[109.6172046661377,-0.6179689753949589],[109.61694717407227,-0.6205437456568461],[109.6172046661377,-0.6217453046838273],[109.61711883544922,-0.6232901658880792],[109.61583137512207,-0.6248350266391753],[109.61248397827148,-0.6262082358143886],[109.61128234863281,-0.6270664913662642],[109.60965156555176,-0.6288688275669898],[109.60939407348633,-0.6301562101866125],[109.61076736450195,-0.6338467052639913],[109.61128234863281,-0.6382238006662391],[109.61128234863281,-0.639682831640485],[109.61102485656738,-0.64079856092917],[109.6102523803711,-0.6424292417600412],[109.60827827453613,-0.6425150670525284],[109.60973739624023,-0.641056036884379],[109.61016654968262,-0.6395111809591469],[109.60965156555176,-0.6341041815667836],[109.60853576660156,-0.6306711631454078],[109.60844993591309,-0.6290404786012971],[109.6094799041748,-0.6273239680044043],[109.61119651794434,-0.6256932824157957],[109.61248397827148,-0.6250066778057288],[109.61505889892578,-0.6239767707223649],[109.6157455444336,-0.6232043402774963],[109.61583137512207,-0.6208012226141904],[109.61634635925293,-0.6180548010904943],[109.61626052856445,-0.6171965440727973],[109.61548805236816,-0.6152225524068484],[109.61531639099121,-0.6132485600105895],[109.61565971374512,-0.6117895216845],[109.61806297302246,-0.6058675385330332],[109.61969375610352,-0.6039793686280746],[109.62072372436523,-0.6032927612271806],[109.6274185180664,-0.6009754606100586],[109.62913513183594,-0.6001172008725462],[109.63128089904785,-0.5984006809937483],[109.6329116821289,-0.596684160577837],[109.63625907897949,-0.5925645093974907],[109.63746070861816,-0.5904188565263837],[109.63960647583008,-0.5856984172994828],[109.64012145996094,-0.5818362367916592]]]}},{"type":"Feature","id":"pmtiles:10/823/513:water:9577346332:0","properties":{"intermittent":0,"class":"river","id":957734633,"water":"river","kind":"waterway","verification":"verified","source":"OpenMapTiles/OpenStreetMap national PMTiles","sourceId":"10/823/513:water:9577346332:0","sourceLayer":"water","archive":"https://its.hanifahseptiani45.workers.dev/v1/map/archive/indonesia.pmtiles","updatedAt":"2026-07-26T09:41:46.684Z"},"geometry":{"type":"Polygon","coordinates":[[[109.66278076171875,-0.6274956190894585],[109.66475486755371,-0.6211445252044854],[109.66552734375,-0.6168532412269343],[109.6684455871582,-0.6099013538501765],[109.66999053955078,-0.6041510204647551],[109.67084884643555,-0.6018337202126958],[109.67196464538574,-0.6000313748913868],[109.67668533325195,-0.5947959875018114],[109.68209266662598,-0.5898180735739658],[109.68329429626465,-0.5876724196434964],[109.68329429626465,-0.5865566792737411],[109.68286514282227,-0.5855267648888542],[109.68029022216797,-0.5831236305889007],[109.67986106872559,-0.582351194345847],[109.67977523803711,-0.5816645842631516],[109.68003273010254,-0.5805488427006651],[109.68020439147949,-0.580205537560218],[109.68106269836426,-0.5796905798104603],[109.68097686767578,-0.5815787579969509],[109.68123435974121,-0.5824370206003096],[109.68320846557617,-0.5839818929568708],[109.68415260314941,-0.5856125910948151],[109.68432426452637,-0.5874149411164069],[109.68398094177246,-0.588873985946293],[109.68269348144531,-0.5909338132910591],[109.6794319152832,-0.593508596397669],[109.67496871948242,-0.5983148549856878],[109.67239379882812,-0.6014045904282597],[109.67162132263184,-0.602777805619624],[109.6710205078125,-0.6042368463810703],[109.66921806335449,-0.6110170894688309],[109.66681480407715,-0.6165957640779993],[109.66475486755371,-0.6265515380520128],[109.66492652893066,-0.6273239680044043],[109.66278076171875,-0.6274956190894585]]]}},{"type":"Feature","id":"pmtiles:10/823/513:water:9577390412:0","properties":{"intermittent":0,"class":"lake","id":957739041,"water":"lake","kind":"waterway","verification":"verified","source":"OpenMapTiles/OpenStreetMap national PMTiles","sourceId":"10/823/513:water:9577390412:0","sourceLayer":"water","archive":"https://its.hanifahseptiani45.workers.dev/v1/map/archive/indonesia.pmtiles","updatedAt":"2026-07-26T09:41:46.684Z"},"geometry":{"type":"Polygon","coordinates":[[[109.61265563964844,-0.701648340368223],[109.61334228515625,-0.7011333948236995],[109.61437225341797,-0.6990736120796015],[109.6149730682373,-0.6985586662522962],[109.61617469787598,-0.698387017630651],[109.61780548095703,-0.6994169092664322],[109.61857795715332,-0.6995885578504328],[109.6190071105957,-0.6992452606761503],[109.61995124816895,-0.6977862474055456],[109.62115287780762,-0.6971854771037158],[109.6219253540039,-0.6972713014372403],[109.62244033813477,-0.6980437203685597],[109.62175369262695,-0.7001035035647476],[109.62355613708496,-0.7015625161147341],[109.62407112121582,-0.7017341646201487],[109.62630271911621,-0.6996743821400742],[109.62724685668945,-0.6981295446864237],[109.62870597839355,-0.6971854771037158],[109.62930679321289,-0.6971854771037158],[109.6296501159668,-0.6974429500995996],[109.63033676147461,-0.6994169092664322],[109.63085174560547,-0.6997602064281523],[109.63188171386719,-0.7000176792829507],[109.63239669799805,-0.6999318549995905],[109.63282585144043,-0.6995027335592141],[109.6329116821289,-0.6969280040937491],[109.6336841583252,-0.6962414093317051],[109.63462829589844,-0.6964130580315953],[109.63582992553711,-0.6971854771037158],[109.6380615234375,-0.6964988823792027],[109.63977813720703,-0.6962414093317051],[109.6406364440918,-0.6962414093317051],[109.64192390441895,-0.6967563554126173],[109.64509963989258,-0.6951256926301852],[109.64544296264648,-0.6952973413706758],[109.64192390441895,-0.6969280040937491],[109.6406364440918,-0.6964988823792027],[109.63909149169922,-0.6964988823792027],[109.63574409484863,-0.6973571257692157],[109.63445663452148,-0.6965847067252326],[109.63376998901367,-0.6964988823792027],[109.63316917419434,-0.6968421797539577],[109.63299751281738,-0.6972713014372403],[109.63299751281738,-0.6995027335592141],[109.63265419006348,-0.7000176792829507],[109.63213920593262,-0.7001893278449813],[109.6311092376709,-0.7001035035647476],[109.63025093078613,-0.6995885578504328],[109.62982177734375,-0.698987787778961],[109.62956428527832,-0.6978720717281135],[109.62930679321289,-0.6975287744284486],[109.62879180908203,-0.6974429500995996],[109.62750434875488,-0.6983011933174765],[109.62656021118164,-0.6997602064281523],[109.6241569519043,-0.7020774616120633],[109.62329864501953,-0.7018199888704828],[109.62149620056152,-0.7003609764007166],[109.62149620056152,-0.6995027335592141],[109.62209701538086,-0.6982153690027388],[109.62201118469238,-0.6977862474055456],[109.62132453918457,-0.6975287744284486],[109.62020874023438,-0.6980437203685597],[109.61935043334961,-0.6993310849720729],[109.61840629577637,-0.6998460307146672],[109.61771965026855,-0.6997602064281523],[109.61617469787598,-0.6987303148676602],[109.61540222167969,-0.6987303148676602],[109.6146297454834,-0.6994169092664322],[109.6135139465332,-0.7015625161147341],[109.61265563964844,-0.701648340368223]]]}},{"type":"Feature","id":"pmtiles:10/823/513:waterway:439965872:0","properties":{"name_int":"Kapuas River","name_de":"Sungai Kapuas","name":"Sungai Kapuas","name:en":"Kapuas River","class":"river","name:latin":"Sungai Kapuas","name_en":"Kapuas River","waterway":"river","kind":"waterway","verification":"verified","source":"OpenMapTiles/OpenStreetMap national PMTiles","sourceId":"10/823/513:waterway:439965872:0","sourceLayer":"waterway","archive":"https://its.hanifahseptiani45.workers.dev/v1/map/archive/indonesia.pmtiles","updatedAt":"2026-07-26T09:41:46.685Z"},"geometry":{"type":"LineString","coordinates":[[109.53712463378906,-0.34271989534843783],[109.53566551208496,-0.3463247190935306],[109.5351505279541,-0.34829878865961916],[109.53463554382324,-0.3547359691426948],[109.53377723693848,-0.3612589741308341],[109.53309059143066,-0.36426298801627865],[109.53128814697266,-0.3686402635973707],[109.5252799987793,-0.3784247541368728],[109.52244758605957,-0.38228705001189667],[109.52098846435547,-0.3834028240531637],[109.51927185058594,-0.3836603103497396],[109.51635360717773,-0.3826303651169809],[109.51386451721191,-0.3803129878917133],[109.50802803039551,-0.37310336589590065],[109.50613975524902,-0.3715584461243111],[109.50390815734863,-0.3706143283530565],[109.50201988220215,-0.37027101277490715],[109.50030326843262,-0.3713867883552098],[109.4996166229248,-0.3723309060439419],[109.49935913085938,-0.37361833909287157],[109.49978828430176,-0.37559240273461114],[109.50064659118652,-0.3770514929659896],[109.50502395629883,-0.38074213186936845],[109.50940132141113,-0.38606351541014305],[109.51000213623047,-0.3878659187599425],[109.51068878173828,-0.39284398315516],[109.51068878173828,-0.3946463850517432],[109.50888633728027,-0.3972212442260741],[109.50751304626465,-0.39842284489986923],[109.50528144836426,-0.3988519879552115],[109.50201988220215,-0.3989378165636026],[109.50064659118652,-0.3986803307357718],[109.49935913085938,-0.39807953043950306],[109.49755668640137,-0.39687792971574254],[109.49601173400879,-0.3952471855972277],[109.49077606201172,-0.39104158086982466],[109.48820114135742,-0.3899258078324692],[109.4827938079834,-0.3885525485066239],[109.47154998779297,-0.387780090037694],[109.46614265441895,-0.3867501453028268],[109.46210861206055,-0.38511939921718863],[109.46022033691406,-0.383831967876489],[109.45687294006348,-0.38074213186936845],[109.45584297180176,-0.37885389820823434],[109.45541381835938,-0.3769656641356107],[109.45549964904785,-0.37567823157850455],[109.45618629455566,-0.3741333122596586],[109.45979118347168,-0.368897750329495],[109.46022033691406,-0.3669236851931572],[109.46030616760254,-0.3650354485681504],[109.45996284484863,-0.3632330405108064],[109.45901870727539,-0.36057234224585955],[109.456787109375,-0.35876993330167295],[109.45009231567383,-0.3566242079053268],[109.44459915161133,-0.3542209948677453],[109.44314002990723,-0.3533627043459546],[109.43284034729004,-0.345466427849459]]}},{"type":"Feature","id":"pmtiles:10/823/513:waterway:439965872:1","properties":{"name_int":"Kapuas River","name_de":"Sungai Kapuas","name":"Sungai Kapuas","name:en":"Kapuas River","class":"river","name:latin":"Sungai Kapuas","name_en":"Kapuas River","waterway":"river","kind":"waterway","verification":"verified","source":"OpenMapTiles/OpenStreetMap national PMTiles","sourceId":"10/823/513:waterway:439965872:1","sourceLayer":"waterway","archive":"https://its.hanifahseptiani45.workers.dev/v1/map/archive/indonesia.pmtiles","updatedAt":"2026-07-26T09:41:46.685Z"},"geometry":{"type":"LineString","coordinates":[[109.56905364990234,-0.3430632119542736],[109.56913948059082,-0.3496720542010081],[109.57042694091797,-0.36555042223257317],[109.57016944885254,-0.36872609250890775],[109.56896781921387,-0.3724167349197245],[109.5681095123291,-0.37396165454075003],[109.56690788269043,-0.37533491619788606],[109.56562042236328,-0.37602154694565115],[109.56390380859375,-0.376536519971026],[109.55883979797363,-0.37636486229928323],[109.55386161804199,-0.37499160080378147],[109.55008506774902,-0.37267422154205576],[109.54751014709473,-0.36924106596075035],[109.54656600952148,-0.36649454054057173],[109.54493522644043,-0.35859827528844335],[109.54493522644043,-0.35696752400242815],[109.54665184020996,-0.3484704468632458],[109.54690933227539,-0.3445223073914576]]}},{"type":"Feature","id":"pmtiles:10/823/513:waterway:439965872:2","properties":{"name_int":"Kapuas River","name_de":"Sungai Kapuas","name":"Sungai Kapuas","name:en":"Kapuas River","class":"river","name:latin":"Sungai Kapuas","name_en":"Kapuas River","waterway":"river","kind":"waterway","verification":"verified","source":"OpenMapTiles/OpenStreetMap national PMTiles","sourceId":"10/823/513:waterway:439965872:2","sourceLayer":"waterway","archive":"https://its.hanifahseptiani45.workers.dev/v1/map/archive/indonesia.pmtiles","updatedAt":"2026-07-26T09:41:46.685Z"},"geometry":{"type":"LineString","coordinates":[[109.68767166137695,-0.343835674272313],[109.68483924865723,-0.348041301348303],[109.68329429626465,-0.3492429087408624],[109.67788696289062,-0.3523327556151088],[109.67402458190918,-0.3531052171739333],[109.67033386230469,-0.3535343624566565],[109.66526985168457,-0.35344853340168925],[109.66012001037598,-0.3542209948677453],[109.65806007385254,-0.35533677242723627],[109.65471267700195,-0.35773998517403527],[109.64012145996094,-0.3694127237714042],[109.63557243347168,-0.3711293016953192],[109.62175369262695,-0.37456245654222187],[109.6157455444336,-0.37456245654222187],[109.61239814758301,-0.3741333122596586],[109.6080207824707,-0.37267422154205576],[109.6047592163086,-0.3704426705656374],[109.60166931152344,-0.36709534304840474],[109.59772109985352,-0.3600573682981292],[109.59694862365723,-0.3572250110668449],[109.59660530090332,-0.35447848200880117],[109.59978103637695,-0.341174970470135]]}},{"type":"Feature","id":"pmtiles:10/823/513:waterway:591857142:0","properties":{"name":"Sungai Ambawang","name_int":"Sungai Ambawang","class":"river","name:latin":"Sungai Ambawang","name_de":"Sungai Ambawang","name_en":"Sungai Ambawang","waterway":"river","kind":"waterway","verification":"verified","source":"OpenMapTiles/OpenStreetMap national PMTiles","sourceId":"10/823/513:waterway:591857142:0","sourceLayer":"waterway","archive":"https://its.hanifahseptiani45.workers.dev/v1/map/archive/indonesia.pmtiles","updatedAt":"2026-07-26T09:41:46.685Z"},"geometry":{"type":"LineString","coordinates":[[109.35722351074219,-0.470432717829695],[109.35542106628418,-0.46991775103829525],[109.35456275939941,-0.4690594729683113],[109.34091567993164,-0.4514647496133648],[109.33834075927734,-0.44923322064765614],[109.3344783782959,-0.44700169100048015],[109.3304443359375,-0.44571426974151507],[109.32881355285645,-0.4456284416495748]]}},{"type":"Feature","id":"pmtiles:10/823/513:waterway:591857162:0","properties":{"name":"Sungai Kubu","name_int":"Sungai Kubu","class":"river","name:latin":"Sungai Kubu","name_de":"Sungai Kubu","name_en":"Sungai Kubu","waterway":"river","kind":"waterway","verification":"verified","source":"OpenMapTiles/OpenStreetMap national PMTiles","sourceId":"10/823/513:waterway:591857162:0","sourceLayer":"waterway","archive":"https://its.hanifahseptiani45.workers.dev/v1/map/archive/indonesia.pmtiles","updatedAt":"2026-07-26T09:41:46.685Z"},"geometry":{"type":"LineString","coordinates":[[109.4252872467041,-0.3453805987207801],[109.42588806152344,-0.34855627596390093],[109.42597389221191,-0.3500153705549991],[109.42571640014648,-0.35164612306463994],[109.42477226257324,-0.35387767866855313],[109.42185401916504,-0.3581691302412935],[109.41987991333008,-0.3616022900538809],[109.41893577575684,-0.36374801427824366],[109.41919326782227,-0.3649496196212283],[109.41962242126465,-0.3654645932905538],[109.42305564880371,-0.36838277685778564],[109.42648887634277,-0.37267422154205576],[109.42854881286621,-0.37722315062421785],[109.42923545837402,-0.3793688710657932],[109.42957878112793,-0.38297368020832323],[109.42914962768555,-0.3856343716990551],[109.42811965942383,-0.3879517474813383],[109.42743301391602,-0.38915334948919167],[109.42666053771973,-0.38975415042897055],[109.42563056945801,-0.3901832939311447],[109.4209098815918,-0.39121323824703325],[109.41962242126465,-0.39189986772073837],[109.41533088684082,-0.395333014243036],[109.41275596618652,-0.39773621596484077],[109.41206932067871,-0.3995386167972157],[109.41121101379395,-0.40812147244882624],[109.41043853759766,-0.41164044062972494],[109.4088077545166,-0.41644683368244273],[109.40709114074707,-0.41945082785433385],[109.40494537353516,-0.4221973358026503],[109.40391540527344,-0.42322727603351495],[109.40279960632324,-0.4239139027781107],[109.40159797668457,-0.424428872796625],[109.40022468566895,-0.42460052946182714],[109.39790725708008,-0.424428872796625],[109.39558982849121,-0.42271230593516407],[109.38743591308594,-0.41567437785288064],[109.38383102416992,-0.41284203916580964],[109.3824577331543,-0.41198375451568836],[109.38108444213867,-0.411554612155939],[109.37971115112305,-0.4122412399204478],[109.37885284423828,-0.41327118145615316],[109.37782287597656,-0.4151594072578604],[109.37705039978027,-0.41739094626019835],[109.37670707702637,-0.41970831301551925],[109.37670707702637,-0.4217681939995117],[109.37713623046875,-0.42563046937304705],[109.37928199768066,-0.4308659951215219],[109.38142776489258,-0.4336124989962826],[109.38477516174316,-0.43721728381879643],[109.38520431518555,-0.4382472220222553],[109.38520431518555,-0.4388480192422435],[109.38417434692383,-0.44065041061237764],[109.37567710876465,-0.4482891120337342],[109.37335968017578,-0.45086395342060825],[109.35722351074219,-0.470432717829695]]}},{"type":"Feature","id":"pmtiles:10/823/513:waterway:6423960642:0","properties":{"name":"Sungai Terentang","name_int":"Sungai Terentang","class":"river","name:latin":"Sungai Terentang","name_de":"Sungai Terentang","name_en":"Sungai Terentang","waterway":"river","kind":"waterway","verification":"verified","source":"OpenMapTiles/OpenStreetMap national PMTiles","sourceId":"10/823/513:waterway:6423960642:0","sourceLayer":"waterway","archive":"https://its.hanifahseptiani45.workers.dev/v1/map/archive/indonesia.pmtiles","updatedAt":"2026-07-26T09:41:46.685Z"},"geometry":{"type":"LineString","coordinates":[[109.62510108947754,-0.3738758256800452],[109.62621688842773,-0.3776522947549523],[109.63179588317871,-0.3791113846408365],[109.63205337524414,-0.37945469987241154],[109.63196754455566,-0.3802271590936215],[109.6311092376709,-0.3811712758256647],[109.62879180908203,-0.3824587075661583],[109.62647438049316,-0.3845185979490111],[109.6241569519043,-0.3857202004429894],[109.62201118469238,-0.3859776866696478],[109.62003707885742,-0.3871792889575545],[109.61883544921875,-0.3882950623581536],[109.61814880371094,-0.389582493021976],[109.61857795715332,-0.3912990669343088],[109.6204662322998,-0.39267232581137534],[109.62252616882324,-0.39361644115854233],[109.6245002746582,-0.3949038710051269],[109.62801933288574,-0.39816535905595174],[109.62930679321289,-0.3999677597943361],[109.62973594665527,-0.40142684581654464],[109.62990760803223,-0.40271427444352526],[109.62947845458984,-0.4036583886407641],[109.6281909942627,-0.405031645459232],[109.6226978302002,-0.40820730095941826],[109.6204662322998,-0.40855061499260614],[109.61849212646484,-0.4084647864856805],[109.61737632751465,-0.40812147244882624],[109.61583137512207,-0.4071773587719605],[109.61514472961426,-0.40631907351522045],[109.61454391479492,-0.40425918852743337],[109.61368560791016,-0.3988519879552115],[109.61308479309082,-0.3972212442260741],[109.61239814758301,-0.3963629579235146],[109.61188316345215,-0.3961054720153925],[109.60604667663574,-0.39902364517109845],[109.6025276184082,-0.3999677597943361],[109.59257125854492,-0.4018559887147575],[109.59085464477539,-0.4024567887343693],[109.58948135375977,-0.4032292458374087],[109.58879470825195,-0.4043450170790379],[109.58879470825195,-0.405031645459232],[109.59094047546387,-0.41043884191260815],[109.59111213684082,-0.413786152173941],[109.59094047546387,-0.41576020628212973],[109.59136962890625,-0.4169618041934342],[109.59197044372559,-0.41739094626019835],[109.59274291992188,-0.41730511784872704],[109.59342956542969,-0.4170476326086714],[109.59514617919922,-0.41567437785288064],[109.59609031677246,-0.4153310641265904],[109.60115432739258,-0.4144727797456653],[109.60287094116211,-0.4151594072578604],[109.60372924804688,-0.4158460347104267],[109.60407257080078,-0.4178200883035714],[109.60381507873535,-0.4190216859001765],[109.60278511047363,-0.4210815670652863],[109.60192680358887,-0.4220256790842427],[109.60081100463867,-0.42296979098860277],[109.5999526977539,-0.4231414476861488],[109.59823608398438,-0.42305561933785896],[109.59214210510254,-0.4207382535755073],[109.58982467651367,-0.42030911169200635],[109.58733558654785,-0.42030911169200635],[109.58630561828613,-0.42056659682492636],[109.58536148071289,-0.421253223804527],[109.58081245422363,-0.43095182338262816],[109.57952499389648,-0.4329258731207517],[109.57755088806152,-0.4349857505604007],[109.57197189331055,-0.4379897374846706],[109.57128524780273,-0.4388480192422435],[109.57111358642578,-0.447173347151292],[109.56948280334473,-0.4529238258747341],[109.56896781921387,-0.4571293969813013],[109.56853866577148,-0.458245160331785],[109.56793785095215,-0.45876012797342014],[109.56707954406738,-0.4585026441572353],[109.56356048583984,-0.45558449359448616],[109.5622730255127,-0.4548120417768047],[109.55926895141602,-0.4542112458614582],[109.55557823181152,-0.45515535370599025],[109.54484939575195,-0.45936092350849833],[109.5421028137207,-0.4607341702560461],[109.54158782958984,-0.46133496562489995],[109.5395278930664,-0.46820119479305333],[109.53686714172363,-0.47197761797569626],[109.53557968139648,-0.47266424015272435],[109.53377723693848,-0.4728358956863872],[109.53188896179199,-0.4725784123842942],[109.52716827392578,-0.4712051679455129],[109.51849937438965,-0.46820119479305333],[109.51643943786621,-0.4670854330081795],[109.51583862304688,-0.4665704659707899],[109.51540946960449,-0.4655405317829491],[109.51532363891602,-0.4634806629563144],[109.51455116271973,-0.46039085859393936],[109.51343536376953,-0.4580735044430071],[109.51274871826172,-0.45764436470308567],[109.51128959655762,-0.45764436470308567],[109.5102596282959,-0.4579876764970834],[109.50965881347656,-0.4585026441572353],[109.50631141662598,-0.4633090071936863],[109.50433731079102,-0.465111392493597],[109.50356483459473,-0.4655405317829491],[109.50167655944824,-0.465712187491377],[109.49575424194336,-0.46536887607034316],[109.49420928955078,-0.4649397367705461],[109.4926643371582,-0.4638239744690935],[109.49240684509277,-0.46245072831818845],[109.49249267578125,-0.46004754691531957],[109.49189186096191,-0.4571293969813013],[109.49154853820801,-0.456356945329361],[109.48923110961914,-0.45472621379195743],[109.48777198791504,-0.45403958987644444],[109.48614120483398,-0.4536104498961322],[109.48030471801758,-0.4530096538809687],[109.47781562805176,-0.45240885781598195],[109.47412490844727,-0.45086395342060825],[109.46949005126953,-0.4483749400945811],[109.4674301147461,-0.44760248751077825],[109.4663143157959,-0.44751665944090746],[109.4651985168457,-0.4479457997803138],[109.46356773376465,-0.44897573649231504],[109.46167945861816,-0.45163640565932894],[109.46073532104492,-0.4541254178694629],[109.46013450622559,-0.45833098827462493],[109.45927619934082,-0.46193576094304944],[109.4582462310791,-0.4639956302192303],[109.45635795593262,-0.4654547039271648],[109.45283889770508,-0.4665704659707899],[109.44820404052734,-0.4667421216541072],[109.44022178649902,-0.46605549889568465],[109.43764686584473,-0.4661413267441503],[109.43678855895996,-0.46665629381297435],[109.43438529968262,-0.4714626512984239],[109.43241119384766,-0.47395165655160554],[109.43026542663574,-0.4747241062761276],[109.423828125,-0.4761831777424419],[109.41970825195312,-0.4777280766054588],[109.41653251647949,-0.48038873494361667],[109.41567420959473,-0.48056039028475084],[109.41490173339844,-0.48038873494361667],[109.40897941589355,-0.47695562721729345],[109.40709114074707,-0.476612316350284],[109.39790725708008,-0.4802170795981482],[109.39687728881836,-0.4808178732883732],[109.39421653747559,-0.48382184094515424],[109.39249992370605,-0.4851092552485454],[109.39155578613281,-0.4851092552485454],[109.38305854797363,-0.4833927027897005],[109.38091278076172,-0.48365018568622986],[109.37928199768066,-0.48459428955654005],[109.37765121459961,-0.4863966693069983],[109.37593460083008,-0.4894006344872679]]}},{"type":"Feature","id":"pmtiles:10/824/513:water:9577346332:0","properties":{"intermittent":0,"class":"river","id":957734633,"water":"river","kind":"waterway","verification":"verified","source":"OpenMapTiles/OpenStreetMap national PMTiles","sourceId":"10/824/513:water:9577346332:0","sourceLayer":"water","archive":"https://its.hanifahseptiani45.workers.dev/v1/map/archive/indonesia.pmtiles","updatedAt":"2026-07-26T09:41:46.744Z"},"geometry":{"type":"Polygon","coordinates":[[[109.6820068359375,-0.5899038997139883],[109.68209266662598,-0.5898180735739658],[109.68329429626465,-0.5876724196434964],[109.68329429626465,-0.5865566792737411],[109.68286514282227,-0.5855267648888542],[109.6820068359375,-0.5846685027568981],[109.6820068359375,-0.5830378043448974],[109.68320846557617,-0.5839818929568708],[109.68415260314941,-0.5856125910948151],[109.68432426452637,-0.5874149411164069],[109.68398094177246,-0.588873985946293],[109.68269348144531,-0.5909338132910591],[109.6820068359375,-0.5914487700080286],[109.6820068359375,-0.5899038997139883]]]}},{"type":"Feature","id":"pmtiles:10/823/514:water:128767593:0","properties":{"intermittent":0,"class":"river","id":12876759,"water":"river","kind":"waterway","verification":"verified","source":"OpenMapTiles/OpenStreetMap national PMTiles","sourceId":"10/823/514:water:128767593:0","sourceLayer":"water","archive":"https://its.hanifahseptiani45.workers.dev/v1/map/archive/indonesia.pmtiles","updatedAt":"2026-07-26T09:41:55.545Z"},"geometry":{"type":"Polygon","coordinates":[[[109.54948425292969,-0.7070552651559581],[109.5475959777832,-0.7066261443704605],[109.54236030578613,-0.7062828477135383],[109.53635215759277,-0.704738012443741],[109.53351974487305,-0.7037081219791759],[109.52485084533691,-0.6995027335592141],[109.52373504638672,-0.6991594363786504],[109.52219009399414,-0.6993310849720729],[109.52210426330566,-0.6997602064281523],[109.5215892791748,-0.6998460307146672],[109.51987266540527,-0.7005326249501564],[109.51892852783203,-0.7005326249501564],[109.51849937438965,-0.7008759220301926],[109.51789855957031,-0.7008759220301926],[109.51772689819336,-0.7013908676030525],[109.51678276062012,-0.7013050433448313],[109.51643943786621,-0.7019058131192395],[109.5157527923584,-0.701991637366433],[109.51532363891602,-0.7015625161147341],[109.51523780822754,-0.701991637366433],[109.51489448547363,-0.7020774616120633],[109.51420783996582,-0.7017341646201487],[109.51326370239258,-0.7020774616120633],[109.51034545898438,-0.701648340368223],[109.50828552246094,-0.701648340368223],[109.50004577636719,-0.7003609764007166],[109.49652671813965,-0.7005326249501564],[109.49506759643555,-0.7002751521236235],[109.49317932128906,-0.698987787778961],[109.49026107788086,-0.6976145987557061],[109.53360557556152,-0.6976145987557061],[109.53497886657715,-0.6982153690027388],[109.53557968139648,-0.6982153690027388],[109.53755378723145,-0.7001035035647476],[109.53866958618164,-0.7008759220301926],[109.54416275024414,-0.7033648251071014],[109.54630851745605,-0.7035364735462935],[109.54948425292969,-0.7020774616120633],[109.55180168151855,-0.7074843859017648],[109.54948425292969,-0.7070552651559581]]]}},{"type":"Feature","id":"pmtiles:10/823/514:water:130193573:0","properties":{"intermittent":0,"class":"river","id":13019357,"water":"river","kind":"waterway","verification":"verified","source":"OpenMapTiles/OpenStreetMap national PMTiles","sourceId":"10/823/514:water:130193573:0","sourceLayer":"water","archive":"https://its.hanifahseptiani45.workers.dev/v1/map/archive/indonesia.pmtiles","updatedAt":"2026-07-26T09:41:55.545Z"},"geometry":{"type":"Polygon","coordinates":[[[109.56604957580566,-0.6976145987557061],[109.56570625305176,-0.6978720717281135],[109.55489158630371,-0.7049096608323708],[109.55180168151855,-0.7074843859017648],[109.54948425292969,-0.7020774616120633],[109.55592155456543,-0.6985586662522962],[109.55738067626953,-0.6976145987557061],[109.56604957580566,-0.6976145987557061]]]}},{"type":"Feature","id":"pmtiles:10/823/514:water:166470043:0","properties":{"intermittent":0,"class":"river","id":16647004,"water":"river","kind":"waterway","verification":"verified","source":"OpenMapTiles/OpenStreetMap national PMTiles","sourceId":"10/823/514:water:166470043:0","sourceLayer":"water","archive":"https://its.hanifahseptiani45.workers.dev/v1/map/archive/indonesia.pmtiles","updatedAt":"2026-07-26T09:41:55.545Z"},"geometry":{"type":"Polygon","coordinates":[[[109.61840629577637,-0.7022491100985491],[109.62098121643066,-0.7037939461932439],[109.62209701538086,-0.7042230672399086],[109.63231086730957,-0.7042230672399086],[109.6391773223877,-0.7031931766615998],[109.64432716369629,-0.7029357039815096],[109.64767456054688,-0.702334934339433],[109.64853286743164,-0.701991637366433],[109.65316772460938,-0.6993310849720729],[109.65479850769043,-0.6989019634767715],[109.65651512145996,-0.6987303148676602],[109.66054916381836,-0.6994169092664322],[109.66415405273438,-0.6995885578504328],[109.66818809509277,-0.6987303148676602],[109.67084884643555,-0.6986444905607669],[109.67265129089355,-0.6980437203685597],[109.67325210571289,-0.6976145987557061],[109.67479705810547,-0.6976145987557061],[109.67282295227051,-0.698987787778961],[109.6713638305664,-0.6995027335592141],[109.66947555541992,-0.6994169092664322],[109.66818809509277,-0.6996743821400742],[109.66509819030762,-0.7009617462962723],[109.66183662414551,-0.7009617462962723],[109.65694427490234,-0.7001035035647476],[109.65505599975586,-0.7001893278449813],[109.65359687805176,-0.7006184492225174],[109.64921951293945,-0.7030215282097885],[109.64733123779297,-0.7037939461932439],[109.63239669799805,-0.7057679026806056],[109.62475776672363,-0.7060253752041916],[109.62166786193848,-0.7057679026806056],[109.61960792541504,-0.7049954850243267],[109.61797714233398,-0.7037939461932439],[109.61840629577637,-0.7022491100985491]]]}},{"type":"Feature","id":"pmtiles:10/823/514:water:9577390412:0","properties":{"intermittent":0,"class":"lake","id":957739041,"water":"lake","kind":"waterway","verification":"verified","source":"OpenMapTiles/OpenStreetMap national PMTiles","sourceId":"10/823/514:water:9577390412:0","sourceLayer":"water","archive":"https://its.hanifahseptiani45.workers.dev/v1/map/archive/indonesia.pmtiles","updatedAt":"2026-07-26T09:41:55.546Z"},"geometry":{"type":"Polygon","coordinates":[[[109.6135139465332,-0.7015625161147341],[109.61265563964844,-0.701648340368223],[109.61334228515625,-0.7011333948236995],[109.61437225341797,-0.6990736120796015],[109.6149730682373,-0.6985586662522962],[109.61617469787598,-0.698387017630651],[109.61780548095703,-0.6994169092664322],[109.61857795715332,-0.6995885578504328],[109.6190071105957,-0.6992452606761503],[109.61995124816895,-0.6977862474055456],[109.62038040161133,-0.6976145987557061],[109.62115287780762,-0.6976145987557061],[109.62020874023438,-0.6980437203685597],[109.61935043334961,-0.6993310849720729],[109.61840629577637,-0.6998460307146672],[109.61771965026855,-0.6997602064281523],[109.61617469787598,-0.6987303148676602],[109.61540222167969,-0.6987303148676602],[109.6146297454834,-0.6994169092664322],[109.6135139465332,-0.7015625161147341]]]}},{"type":"Feature","id":"pmtiles:10/823/514:water:9577390412:1","properties":{"intermittent":0,"class":"lake","id":957739041,"water":"lake","kind":"waterway","verification":"verified","source":"OpenMapTiles/OpenStreetMap national PMTiles","sourceId":"10/823/514:water:9577390412:1","sourceLayer":"water","archive":"https://its.hanifahseptiani45.workers.dev/v1/map/archive/indonesia.pmtiles","updatedAt":"2026-07-26T09:41:55.546Z"},"geometry":{"type":"Polygon","coordinates":[[[109.62201118469238,-0.6977862474055456],[109.62149620056152,-0.6976145987557061],[109.62218284606934,-0.6976145987557061],[109.62244033813477,-0.6980437203685597],[109.62175369262695,-0.7001035035647476],[109.62355613708496,-0.7015625161147341],[109.62407112121582,-0.7017341646201487],[109.62630271911621,-0.6996743821400742],[109.62724685668945,-0.6981295446864237],[109.62810516357422,-0.6976145987557061],[109.6285343170166,-0.6976145987557061],[109.62750434875488,-0.6983011933174765],[109.62656021118164,-0.6997602064281523],[109.6241569519043,-0.7020774616120633],[109.62329864501953,-0.7018199888704828],[109.62149620056152,-0.7003609764007166],[109.62149620056152,-0.6995027335592141],[109.62209701538086,-0.6982153690027388],[109.62201118469238,-0.6977862474055456]]]}},{"type":"Feature","id":"pmtiles:8/205/128:transportation:10302359870:1","properties":{"class":"ferry","highway":"ferry","kind":"road","verification":"verified","source":"OpenMapTiles/OpenStreetMap national PMTiles","sourceId":"8/205/128:transportation:10302359870:1","sourceLayer":"transportation","archive":"https://its.hanifahseptiani45.workers.dev/v1/map/archive/indonesia.pmtiles","updatedAt":"2026-07-26T09:35:32.119Z"},"geometry":{"type":"LineString","coordinates":[[109.05715942382812,0.021972655711437028],[109.01046752929688,-0.241698501901638],[109.02042388916016,-0.35945656532236114],[109.083251953125,-0.5767724850119151],[109.10797119140625,-0.6505826380819286],[109.11346435546875,-0.653672342728413],[109.17045593261719,-0.6553888444889964],[109.2209243774414,-0.6519558403811487],[109.26074981689453,-0.6474929315434679],[109.27276611328125,-0.659508446311392],[109.27345275878906,-0.6612249460656301],[109.27310943603516,-0.6643146441266481],[109.2755126953125,-0.6619115458012317],[109.27963256835938,-0.6619115458012317],[109.38606262207031,-0.6941816244460739],[109.42451477050781,-0.7171825041272513],[109.46537017822266,-0.7381235031143376],[109.50485229492188,-0.7346905591437718],[109.53197479248047,-0.7343472646014391],[109.55463409423828,-0.7391533857893222],[109.55944061279297,-0.7425863263125194],[109.56459045410156,-0.7487656125277056],[109.56287384033203,-0.757347940028879],[109.56424713134766,-0.7607808662819338],[109.57660675048828,-0.7679900025082844],[109.58415985107422,-0.770736336926177],[109.59686279296875,-0.7721095034714409],[109.59892272949219,-0.7734826695731982],[109.60029602050781,-0.7782887474252931],[109.60304260253906,-0.7817216568257948],[109.61746215820312,-0.7885874671950859],[109.62329864501953,-0.7978562932120923],[109.64492797851562,-0.8030056319920789],[109.654541015625,-0.8074683870227943],[109.6603775024414,-0.8091848299623621],[109.66243743896484,-0.8109012721756841],[109.66484069824219,-0.8184536092473138],[109.66690063476562,-0.8211999101179401],[109.67788696289062,-0.8304686615894497],[109.68063354492188,-0.8314985215268536],[109.68338012695312,-0.8311552349108808],[109.69127655029297,-0.8263492191598516],[109.69470977783203,-0.8263492191598516],[109.70947265625,-0.8301253748840054]]}},{"type":"Feature","id":"pmtiles:8/205/128:transportation:10302359870:8","properties":{"class":"ferry","highway":"ferry","kind":"road","verification":"verified","source":"OpenMapTiles/OpenStreetMap national PMTiles","sourceId":"8/205/128:transportation:10302359870:8","sourceLayer":"transportation","archive":"https://its.hanifahseptiani45.workers.dev/v1/map/archive/indonesia.pmtiles","updatedAt":"2026-07-26T09:35:32.119Z"},"geometry":{"type":"LineString","coordinates":[[109.3582534790039,-0.2712239626310833],[109.34795379638672,-0.26985068692428626],[109.34452056884766,-0.2701940058655481],[109.34280395507812,-0.2715672815334784],[109.34074401855469,-0.27637374513744817],[109.3355941772461,-0.27912029489721135],[109.33181762695312,-0.27877697621219966],[109.32220458984375,-0.2725972381820725],[109.3191146850586,-0.27225391930898013],[109.31018829345703,-0.2739705135764581],[109.29817199707031,-0.28049356953697213],[109.29370880126953,-0.2811802067964919],[109.28306579589844,-0.279806932237193],[109.27722930908203,-0.27740370137212267],[109.26933288574219,-0.26985068692428626],[109.26383972167969,-0.2664174969807789],[109.25662994384766,-0.26504422073485046],[109.2483901977539,-0.26126771027580276],[109.22367095947266,-0.24478837884115023],[109.21234130859375,-0.22556246666920288],[109.20513153076172,-0.22041266436364992],[109.17800903320312,-0.20427660580060092],[109.17251586914062,-0.20427660580060092],[109.16393280029297,-0.20873977261049959],[109.16015625,-0.2097697340031175],[109.14127349853516,-0.20221668223787503],[109.1330337524414,-0.20050007906915823],[109.12376403808594,-0.19981343775118887],[109.0499496459961,-0.2029033234546347],[109.0231704711914,-0.22075598457321632],[109.01458740234375,-0.241698501901638],[109.17972564697266,-0.865140463151647],[109.20547485351562,-0.8939761761440792],[109.2425537109375,-0.9149162547781202],[109.4076919555664,-0.9743030167823292],[109.43859100341797,-0.9725866507605332],[109.48734283447266,-0.9506170891253731],[109.52545166015625,-0.9489007111940992],[109.56459045410156,-0.9533632920402368],[109.60887908935547,-0.9804819272097234],[109.6219253540039,-0.9825415614881621],[109.6384048461914,-0.9828848337445351],[109.64115142822266,-0.9852877385504257],[109.64698791503906,-1.0038243741947497],[109.65351104736328,-1.0069138033051672],[109.67273712158203,-1.0103464988824555],[109.6768569946289,-1.0151522665946402],[109.68097686767578,-1.0172118791439004],[109.68612670898438,-1.0158388042569726],[109.6988296508789,-0.9911233572836977],[109.70947265625,-0.9870040980651851]]}},{"type":"Feature","id":"pmtiles:8/205/128:water:128767593:0","properties":{"intermittent":0,"class":"river","id":12876759,"water":"river","kind":"waterway","verification":"verified","source":"OpenMapTiles/OpenStreetMap national PMTiles","sourceId":"8/205/128:water:128767593:0","sourceLayer":"water","archive":"https://its.hanifahseptiani45.workers.dev/v1/map/archive/indonesia.pmtiles","updatedAt":"2026-07-26T09:35:32.120Z"},"geometry":{"type":"Polygon","coordinates":[[[109.54948425292969,-0.7068836168465111],[109.53643798828125,-0.7048238366388517],[109.52373504638672,-0.698987787778961],[109.51480865478516,-0.7020774616120633],[109.4948959350586,-0.7003609764007166],[109.4791030883789,-0.6900620519858478],[109.47772979736328,-0.6897187541194825],[109.47635650634766,-0.6862857740961346],[109.47669982910156,-0.6811362994451144],[109.47223663330078,-0.6759868192919072],[109.47498321533203,-0.6728971285762384],[109.48081970214844,-0.6777033132851074],[109.48356628417969,-0.6825094932250977],[109.49729919433594,-0.6883455624066102],[109.49867248535156,-0.6900620519858478],[109.49832916259766,-0.6945249219893839],[109.50553894042969,-0.6955548144696877],[109.52442169189453,-0.6955548144696877],[109.53025817871094,-0.6965847067252326],[109.53575134277344,-0.6983011933174765],[109.5388412475586,-0.7007042734933151],[109.54399108886719,-0.7034506493274932],[109.54639434814453,-0.7034506493274932],[109.54948425292969,-0.7020774616120633],[109.55188751220703,-0.7075702100461712],[109.54948425292969,-0.7068836168465111]]]}},{"type":"Feature","id":"pmtiles:8/205/128:water:128829543:0","properties":{"intermittent":0,"class":"river","id":12882954,"water":"river","kind":"waterway","verification":"verified","source":"OpenMapTiles/OpenStreetMap national PMTiles","sourceId":"8/205/128:water:128829543:0","sourceLayer":"water","archive":"https://its.hanifahseptiani45.workers.dev/v1/map/archive/indonesia.pmtiles","updatedAt":"2026-07-26T09:35:32.120Z"},"geometry":{"type":"Polygon","coordinates":[[[109.36820983886719,-0.4655405317829491],[109.3685531616211,-0.4689736451555149],[109.3637466430664,-0.48373601331623206],[109.36580657958984,-0.4844226343171698],[109.37026977539062,-0.48030290727142244],[109.37232971191406,-0.480646217953705],[109.37713623046875,-0.4892289793702673],[109.37747955322266,-0.4947219409276187],[109.36649322509766,-0.5084543248168387],[109.3582534790039,-0.5122307252991618],[109.35070037841797,-0.5208134453663433],[109.34074401855469,-0.52973946183603],[109.33834075927734,-0.5366056196135958],[109.34074401855469,-0.5427851550272607],[109.34074401855469,-0.5448449987655835],[109.33662414550781,-0.5503379119510043],[109.33216094970703,-0.5609804168085333],[109.32735443115234,-0.567503232822844],[109.32563781738281,-0.5716229023106081],[109.32598114013672,-0.5729961248175215],[109.32735443115234,-0.5736827359475711],[109.33353424072266,-0.5723095136051484],[109.33456420898438,-0.5736827359475711],[109.33490753173828,-0.5753992634120948],[109.33216094970703,-0.5788323167901694],[109.3252944946289,-0.5836385880253943],[109.3246078491211,-0.5853551124729677],[109.32632446289062,-0.5874149411164069],[109.32392120361328,-0.5884448551535542],[109.32254791259766,-0.584325197867372],[109.324951171875,-0.5695630679347943],[109.33113098144531,-0.5602938041720762],[109.33525085449219,-0.550681218857676],[109.33971405029297,-0.5441583842642501],[109.33731079101562,-0.5366056196135958],[109.33902740478516,-0.5307693859900695],[109.3417739868164,-0.5269929965893283],[109.34932708740234,-0.5208134453663433],[109.35791015625,-0.5115441071946805],[109.36580657958984,-0.5074243970285153],[109.37644958496094,-0.4943786309629985],[109.37610626220703,-0.49094553034235844],[109.37198638916016,-0.4816761498969697],[109.37026977539062,-0.48133283926649995],[109.36580657958984,-0.4854525656881066],[109.36271667480469,-0.4851092552485454],[109.36477661132812,-0.47583986683693524],[109.36786651611328,-0.46863033389382736],[109.36752319335938,-0.4658838431956269],[109.36511993408203,-0.4658838431956269],[109.35928344726562,-0.47069020121114136],[109.35791015625,-0.47069020121114136],[109.3637466430664,-0.4655405317829491],[109.36580657958984,-0.4648539089074575],[109.36820983886719,-0.4655405317829491]]]}},{"type":"Feature","id":"pmtiles:8/205/128:water:128830413:0","properties":{"intermittent":0,"class":"river","id":12883041,"water":"river","kind":"waterway","verification":"verified","source":"OpenMapTiles/OpenStreetMap national PMTiles","sourceId":"8/205/128:water:128830413:0","sourceLayer":"water","archive":"https://its.hanifahseptiani45.workers.dev/v1/map/archive/indonesia.pmtiles","updatedAt":"2026-07-26T09:35:32.120Z"},"geometry":{"type":"Polygon","coordinates":[[[109.45266723632812,-0.6327309744707321],[109.45060729980469,-0.6320443707863603],[109.43550109863281,-0.6334175780642397],[109.43172454833984,-0.6344474832838927],[109.42726135253906,-0.6378804992003495],[109.42451477050781,-0.6299845591890261],[109.43206787109375,-0.6279247467774383],[109.43756103515625,-0.6279247467774383],[109.44786071777344,-0.6258649335542827],[109.4516372680664,-0.624148421916928],[109.45232391357422,-0.6224319097193671],[109.45610046386719,-0.6231185146655207],[109.45884704589844,-0.6244917242892711],[109.45919036865234,-0.6258649335542827],[109.46022033691406,-0.6262082358143886],[109.47120666503906,-0.6189988836497662],[109.47669982910156,-0.6196854890418706],[109.4784164428711,-0.6224319097193671],[109.48253631591797,-0.6262082358143886],[109.48562622070312,-0.6258649335542827],[109.49111938476562,-0.6238051195221885],[109.4948959350586,-0.6248350266391753],[109.49626922607422,-0.6255216312716954],[109.50313568115234,-0.636507293107897],[109.50862884521484,-0.6358206899245005],[109.51240539550781,-0.636507293107897],[109.51068878173828,-0.6389104035292661],[109.50931549072266,-0.6378804992003495],[109.5058822631836,-0.6395970063005336],[109.50382232666016,-0.6395970063005336],[109.50141906738281,-0.6378804992003495],[109.49249267578125,-0.6262082358143886],[109.48802947998047,-0.6282680489024699],[109.48322296142578,-0.6286113510049489],[109.4732666015625,-0.6238051195221885],[109.47189331054688,-0.6244917242892711],[109.4677734375,-0.629297955142178],[109.45884704589844,-0.6317010689101181],[109.45266723632812,-0.6327309744707321]]]}},{"type":"Feature","id":"pmtiles:8/205/128:water:130193283:0","properties":{"intermittent":0,"class":"river","id":13019328,"water":"river","kind":"waterway","verification":"verified","source":"OpenMapTiles/OpenStreetMap national PMTiles","sourceId":"8/205/128:water:130193283:0","sourceLayer":"water","archive":"https://its.hanifahseptiani45.workers.dev/v1/map/archive/indonesia.pmtiles","updatedAt":"2026-07-26T09:35:32.120Z"},"geometry":{"type":"Polygon","coordinates":[[[109.47772979736328,-0.6897187541194825],[109.4736099243164,-0.6904053498274294],[109.47052001953125,-0.6893754562283902],[109.4674301147461,-0.6818228963840625],[109.45781707763672,-0.6777033132851074],[109.45266723632812,-0.6718672312357086],[109.4454574584961,-0.6715239320739528],[109.44099426269531,-0.6687775379129306],[109.4399642944336,-0.6691208372672293],[109.43927764892578,-0.674270324692003],[109.43653106689453,-0.6763301181391341],[109.43344116210938,-0.6756435204204223],[109.42176818847656,-0.6698074359037491],[109.4186782836914,-0.6701507351859135],[109.41181182861328,-0.6746136236604485],[109.40940856933594,-0.6718672312357086],[109.4183349609375,-0.6680909391323269],[109.42314147949219,-0.667747639706036],[109.43584442138672,-0.6746136236604485],[109.43721771240234,-0.6732404276414314],[109.43893432617188,-0.667747639706036],[109.44168090820312,-0.6670610407815616],[109.44580078125,-0.6701507351859135],[109.45369720458984,-0.6708373336781079],[109.45850372314453,-0.6759868192919072],[109.46880340576172,-0.6811362994451144],[109.47189331054688,-0.6886888603719257],[109.47395324707031,-0.6886888603719257],[109.47635650634766,-0.6862857740961346],[109.47772979736328,-0.6897187541194825]]]}},{"type":"Feature","id":"pmtiles:8/205/128:water:130193553:0","properties":{"intermittent":0,"class":"river","id":13019355,"water":"river","kind":"waterway","verification":"verified","source":"OpenMapTiles/OpenStreetMap national PMTiles","sourceId":"8/205/128:water:130193553:0","sourceLayer":"water","archive":"https://its.hanifahseptiani45.workers.dev/v1/map/archive/indonesia.pmtiles","updatedAt":"2026-07-26T09:35:32.120Z"},"geometry":{"type":"Polygon","coordinates":[[[109.47189331054688,-0.6691208372672293],[109.4729232788086,-0.6715239320739528],[109.47498321533203,-0.6728971285762384],[109.47223663330078,-0.6759868192919072],[109.46846008300781,-0.674270324692003],[109.4454574584961,-0.6581352460817129],[109.43000793457031,-0.6502393374486957],[109.42314147949219,-0.6481795331595066],[109.41764831542969,-0.643373319898032],[109.40425872802734,-0.637537197711552],[109.3850326538086,-0.6248350266391753],[109.38434600830078,-0.6251783289666548],[109.37713623046875,-0.624148421916928],[109.37198638916016,-0.6217453046838273],[109.3853759765625,-0.601490416387847],[109.38915252685547,-0.6097297021959918],[109.39567565917969,-0.6145359464386786],[109.40254211425781,-0.6238051195221885],[109.4076919555664,-0.6275814446298682],[109.41490173339844,-0.6313577670112096],[109.41730499267578,-0.6313577670112096],[109.42451477050781,-0.6299845591890261],[109.42691802978516,-0.6389104035292661],[109.42794799804688,-0.6399403076517274],[109.42726135253906,-0.643373319898032],[109.4626235961914,-0.6622548456333988],[109.47189331054688,-0.6691208372672293]]]}},{"type":"Feature","id":"pmtiles:8/205/128:water:130193573:0","properties":{"intermittent":0,"class":"river","id":13019357,"water":"river","kind":"waterway","verification":"verified","source":"OpenMapTiles/OpenStreetMap national PMTiles","sourceId":"8/205/128:water:130193573:0","sourceLayer":"water","archive":"https://its.hanifahseptiani45.workers.dev/v1/map/archive/indonesia.pmtiles","updatedAt":"2026-07-26T09:35:32.120Z"},"geometry":{"type":"Polygon","coordinates":[[[109.58450317382812,-0.6928084340237035],[109.5721435546875,-0.6931517316666458],[109.55188751220703,-0.7075702100461712],[109.54948425292969,-0.7020774616120633],[109.57351684570312,-0.6883455624066102],[109.57695007324219,-0.6869723702983066],[109.5831298828125,-0.6862857740961346],[109.5831298828125,-0.6849125813962047],[109.58106994628906,-0.680793000938948],[109.58072662353516,-0.6756435204204223],[109.58244323730469,-0.671180632888067],[109.58381652832031,-0.6629414452263802],[109.58690643310547,-0.6574486458250561],[109.59205627441406,-0.6557321447705675],[109.60132598876953,-0.6464630289451065],[109.60819244384766,-0.6423434164661188],[109.61540222167969,-0.6416568140628414],[109.62467193603516,-0.6385671021092065],[109.63085174560547,-0.6395970063005336],[109.63085174560547,-0.6420001152760051],[109.62432861328125,-0.6409702115674207],[109.60784912109375,-0.6464630289451065],[109.5937728881836,-0.6591651462894532],[109.58759307861328,-0.6632847449871804],[109.5831298828125,-0.6773600145350684],[109.5834732055664,-0.6790765080417742],[109.58690643310547,-0.6821661948168156],[109.58759307861328,-0.6852558796080928],[109.58656311035156,-0.6880022644165678],[109.58724975585938,-0.6897187541194825],[109.58450317382812,-0.6928084340237035]]]}},{"type":"Feature","id":"pmtiles:8/205/128:water:130193583:0","properties":{"intermittent":0,"class":"river","id":13019358,"water":"river","kind":"waterway","verification":"verified","source":"OpenMapTiles/OpenStreetMap national PMTiles","sourceId":"8/205/128:water:130193583:0","sourceLayer":"water","archive":"https://its.hanifahseptiani45.workers.dev/v1/map/archive/indonesia.pmtiles","updatedAt":"2026-07-26T09:35:32.120Z"},"geometry":{"type":"Polygon","coordinates":[[[109.51068878173828,-0.6389104035292661],[109.51240539550781,-0.636507293107897],[109.51549530029297,-0.6420001152760051],[109.5168685913086,-0.6423434164661188],[109.52339172363281,-0.637537197711552],[109.52648162841797,-0.637537197711552],[109.5285415649414,-0.6399403076517274],[109.52922821044922,-0.6444032231220405],[109.53369140625,-0.6437166209958178],[109.54193115234375,-0.6447465241504773],[109.5450210571289,-0.6468063298344475],[109.54605102539062,-0.6522991408974548],[109.55223083496094,-0.6498960367921143],[109.55360412597656,-0.6505826380819286],[109.55703735351562,-0.6543589435031407],[109.56253051757812,-0.6505826380819286],[109.56596374511719,-0.6505826380819286],[109.56836700439453,-0.653672342728413],[109.57042694091797,-0.6512692392782924],[109.57283020019531,-0.6502393374486957],[109.57420349121094,-0.6502393374486957],[109.57695007324219,-0.6529857418598368],[109.58381652832031,-0.6509259386917847],[109.58587646484375,-0.6529857418598368],[109.58690643310547,-0.6574486458250561],[109.58450317382812,-0.6612249460656301],[109.5831298828125,-0.653329042305856],[109.5779800415039,-0.6553888444889964],[109.57523345947266,-0.655045544183892],[109.57283020019531,-0.653329042305856],[109.57145690917969,-0.6567620454739824],[109.56974029541016,-0.6574486458250561],[109.5663070678711,-0.6564187452630819],[109.56390380859375,-0.6529857418598368],[109.5611572265625,-0.6553888444889964],[109.55772399902344,-0.6571053456613214],[109.55497741699219,-0.6560754450286055],[109.55154418945312,-0.6522991408974548],[109.54776763916016,-0.6557321447705675],[109.54673767089844,-0.6557321447705675],[109.544677734375,-0.655045544183892],[109.54364776611328,-0.653329042305856],[109.54261779785156,-0.6474929315434679],[109.54193115234375,-0.6464630289451065],[109.5333480834961,-0.646119728032545],[109.5281982421875,-0.6471496307005822],[109.52648162841797,-0.6450898251557504],[109.52579498291016,-0.6399403076517274],[109.52510833740234,-0.6392537049263751],[109.52339172363281,-0.6399403076517274],[109.51961517333984,-0.6440599220704968],[109.5168685913086,-0.6447465241504773],[109.51412200927734,-0.643373319898032],[109.51068878173828,-0.6389104035292661]]]}},{"type":"Feature","id":"pmtiles:8/205/128:water:166466703:0","properties":{"intermittent":0,"class":"river","id":16646670,"water":"river","kind":"waterway","verification":"verified","source":"OpenMapTiles/OpenStreetMap national PMTiles","sourceId":"8/205/128:water:166466703:0","sourceLayer":"water","archive":"https://its.hanifahseptiani45.workers.dev/v1/map/archive/indonesia.pmtiles","updatedAt":"2026-07-26T09:35:32.120Z"},"geometry":{"type":"Polygon","coordinates":[[[109.49661254882812,-0.6636280447241631],[109.48974609375,-0.6650012434337214],[109.48631286621094,-0.6636280447241631],[109.48081970214844,-0.6577919459652009],[109.4784164428711,-0.6502393374486957],[109.47669982910156,-0.6474929315434679],[109.46640014648438,-0.6399403076517274],[109.46159362792969,-0.6399403076517274],[109.456787109375,-0.6378804992003495],[109.45438385009766,-0.6358206899245005],[109.45266723632812,-0.6327309744707321],[109.45884704589844,-0.6317010689101181],[109.45781707763672,-0.6351340866497992],[109.45850372314453,-0.636507293107897],[109.4674301147461,-0.6385671021092065],[109.47738647460938,-0.646119728032545],[109.48150634765625,-0.653329042305856],[109.48219299316406,-0.6577919459652009],[109.48802947998047,-0.6632847449871804],[109.49043273925781,-0.6636280447241631],[109.500732421875,-0.6608816461622098],[109.50553894042969,-0.6560754450286055],[109.5120620727539,-0.6567620454739824],[109.51583862304688,-0.6577919459652009],[109.51892852783203,-0.6612249460656301],[109.52339172363281,-0.6639713444373285],[109.52922821044922,-0.6660311422152319],[109.53849792480469,-0.6625981454417769],[109.54021453857422,-0.6629414452263802],[109.544677734375,-0.671180632888067],[109.54879760742188,-0.6718672312357086],[109.55120086669922,-0.6715239320739528],[109.55394744873047,-0.6749569226046646],[109.55429077148438,-0.6773600145350684],[109.55360412597656,-0.6783899107121556],[109.55360412597656,-0.6753002215246653],[109.55085754394531,-0.6718672312357086],[109.54845428466797,-0.6725538294868869],[109.5443344116211,-0.6715239320739528],[109.53987121582031,-0.6632847449871804],[109.52922821044922,-0.6674043402557714],[109.52098846435547,-0.6636280447241631],[109.51446533203125,-0.6581352460817129],[109.50725555419922,-0.6571053456613214],[109.50141906738281,-0.6622548456333988],[109.49661254882812,-0.6636280447241631]]]}},{"type":"Feature","id":"pmtiles:8/205/128:water:166468833:0","properties":{"intermittent":0,"class":"river","id":16646883,"water":"river","kind":"waterway","verification":"verified","source":"OpenMapTiles/OpenStreetMap national PMTiles","sourceId":"8/205/128:water:166468833:0","sourceLayer":"water","archive":"https://its.hanifahseptiani45.workers.dev/v1/map/archive/indonesia.pmtiles","updatedAt":"2026-07-26T09:35:32.120Z"},"geometry":{"type":"Polygon","coordinates":[[[109.45953369140625,-0.603893542707695],[109.45884704589844,-0.6001172008725462],[109.46090698242188,-0.603893542707695],[109.46365356445312,-0.6032069352959581],[109.46640014648438,-0.6008038086733336],[109.47052001953125,-0.6018337202126958],[109.47429656982422,-0.6045801500327315],[109.48184967041016,-0.606983274985879],[109.48528289794922,-0.606983274985879],[109.48253631591797,-0.6076698819194064],[109.47429656982422,-0.6056100608574155],[109.46914672851562,-0.6025203277976061],[109.46640014648438,-0.6025203277976061],[109.46502685546875,-0.6035502390126766],[109.46537017822266,-0.6052667572709112],[109.47086334228516,-0.6090430955245694],[109.47498321533203,-0.6155658553578007],[109.47669982910156,-0.6169390669404748],[109.48116302490234,-0.6172823697808099],[109.48699951171875,-0.6162524611933833],[109.49214935302734,-0.6176256725989759],[109.4952392578125,-0.6145359464386786],[109.49695587158203,-0.6138493403822736],[109.50004577636719,-0.6155658553578007],[109.50382232666016,-0.6207153969631207],[109.5113754272461,-0.6214020021325695],[109.51789855957031,-0.6200287917045557],[109.51789855957031,-0.6203720943449724],[109.51240539550781,-0.6220886072127598],[109.50382232666016,-0.6214020021325695],[109.49764251708984,-0.6148792494337982],[109.49249267578125,-0.6183122781687729],[109.48631286621094,-0.6169390669404748],[109.47669982910156,-0.6196854890418706],[109.47120666503906,-0.6189988836497662],[109.4732666015625,-0.6165957640779993],[109.47120666503906,-0.6117895216845],[109.46399688720703,-0.6052667572709112],[109.45953369140625,-0.603893542707695]]]}},{"type":"Feature","id":"pmtiles:8/205/128:water:166468853:0","properties":{"intermittent":0,"class":"river","id":16646885,"water":"river","kind":"waterway","verification":"verified","source":"OpenMapTiles/OpenStreetMap national PMTiles","sourceId":"8/205/128:water:166468853:0","sourceLayer":"water","archive":"https://its.hanifahseptiani45.workers.dev/v1/map/archive/indonesia.pmtiles","updatedAt":"2026-07-26T09:35:32.120Z"},"geometry":{"type":"Polygon","coordinates":[[[109.3743896484375,-0.584325197867372],[109.38434600830078,-0.5822653680900913],[109.38777923583984,-0.583295283072971],[109.38915252685547,-0.5808921478202933],[109.39327239990234,-0.5784890115456705],[109.39842224121094,-0.5778024009944005],[109.40288543701172,-0.5798622323989093],[109.40803527832031,-0.5863850268894168],[109.4124984741211,-0.5887881597903828],[109.41764831542969,-0.5898180735739658],[109.43412780761719,-0.5723095136051484],[109.43824768066406,-0.5719662079681598],[109.44442749023438,-0.5764291796429859],[109.4454574584961,-0.5764291796429859],[109.44751739501953,-0.5678465387258314],[109.45060729980469,-0.5657867030024306],[109.44854736328125,-0.5692197621338551],[109.44820404052734,-0.5750559579604584],[109.44683074951172,-0.5774590956876295],[109.44271087646484,-0.5778024009944005],[109.43756103515625,-0.5740260414817158],[109.4351577758789,-0.5740260414817158],[109.42279815673828,-0.5887881597903828],[109.4179916381836,-0.5918779005690027],[109.412841796875,-0.5911912916555195],[109.4073486328125,-0.5887881597903828],[109.3967056274414,-0.580205537560218],[109.390869140625,-0.5877582458165591],[109.3857192993164,-0.5898180735739658],[109.38125610351562,-0.5901613781261403],[109.37885284423828,-0.5874149411164069],[109.3743896484375,-0.584325197867372]]]}},{"type":"Feature","id":"pmtiles:8/205/128:water:166470023:0","properties":{"intermittent":0,"class":"river","id":16647002,"water":"river","kind":"waterway","verification":"verified","source":"OpenMapTiles/OpenStreetMap national PMTiles","sourceId":"8/205/128:water:166470023:0","sourceLayer":"water","archive":"https://its.hanifahseptiani45.workers.dev/v1/map/archive/indonesia.pmtiles","updatedAt":"2026-07-26T09:35:32.120Z"},"geometry":{"type":"Polygon","coordinates":[[[109.66449737548828,-0.682852791608866],[109.66106414794922,-0.681479597926824],[109.65866088867188,-0.6794198066700119],[109.65694427490234,-0.6766734169620747],[109.65694427490234,-0.6725538294868869],[109.65591430664062,-0.6718672312357086],[109.65110778808594,-0.677016715760729],[109.64836120605469,-0.6838826866130177],[109.63943481445312,-0.6859424759580719],[109.6322250366211,-0.6904053498274294],[109.62364196777344,-0.6900620519858478],[109.61711883544922,-0.6910919454361988],[109.6160888671875,-0.6893754562283902],[109.6160888671875,-0.6859424759580719],[109.61368560791016,-0.6845692831597177],[109.60716247558594,-0.687315668362416],[109.60029602050781,-0.6941816244460739],[109.59754943847656,-0.6955548144696877],[109.58450317382812,-0.6928084340237035],[109.58724975585938,-0.6897187541194825],[109.5941162109375,-0.6934950292846906],[109.59754943847656,-0.6938383268778381],[109.60750579833984,-0.6852558796080928],[109.61265563964844,-0.6831960899681064],[109.61505889892578,-0.6835393883028331],[109.61711883544922,-0.6849125813962047],[109.61814880371094,-0.6869723702983066],[109.61711883544922,-0.6890321583125285],[109.61780548095703,-0.6897187541194825],[109.62261199951172,-0.6886888603719257],[109.62947845458984,-0.6897187541194825],[109.6322250366211,-0.6890321583125285],[109.63977813720703,-0.6842259848986458],[109.64733123779297,-0.6835393883028331],[109.65110778808594,-0.6749569226046646],[109.65591430664062,-0.671180632888067],[109.65763092041016,-0.6718672312357086],[109.65797424316406,-0.6763301181391341],[109.6596908569336,-0.6790765080417742],[109.66312408447266,-0.6811362994451144],[109.6658706665039,-0.6797631052738637],[109.66724395751953,-0.6801064038533156],[109.66449737548828,-0.682852791608866]]]}},{"type":"Feature","id":"pmtiles:8/205/128:water:166736063:0","properties":{"intermittent":0,"class":"river","id":16673606,"water":"river","kind":"waterway","verification":"verified","source":"OpenMapTiles/OpenStreetMap national PMTiles","sourceId":"8/205/128:water:166736063:0","sourceLayer":"water","archive":"https://its.hanifahseptiani45.workers.dev/v1/map/archive/indonesia.pmtiles","updatedAt":"2026-07-26T09:35:32.120Z"},"geometry":{"type":"Polygon","coordinates":[[[109.35791015625,-0.47069020121114136],[109.35653686523438,-0.4696602676283561],[109.36958312988281,-0.45352462189703147],[109.38434600830078,-0.4394488164139574],[109.38434600830078,-0.4377322529382184],[109.37816619873047,-0.4301793689978979],[109.37610626220703,-0.4239997311169077],[109.37679290771484,-0.4154168925595627],[109.37885284423828,-0.4123270683868441],[109.38125610351562,-0.4106104988832726],[109.37747955322266,-0.41850671552415974],[109.37747955322266,-0.4239997311169077],[109.3795394897461,-0.42983605591290086],[109.3853759765625,-0.4367023146640605],[109.3857192993164,-0.4391055037503122],[109.35791015625,-0.47069020121114136]]]}},{"type":"Feature","id":"pmtiles:8/205/128:water:166812043:0","properties":{"intermittent":0,"class":"river","id":16681204,"water":"river","kind":"waterway","verification":"verified","source":"OpenMapTiles/OpenStreetMap national PMTiles","sourceId":"8/205/128:water:166812043:0","sourceLayer":"water","archive":"https://its.hanifahseptiani45.workers.dev/v1/map/archive/indonesia.pmtiles","updatedAt":"2026-07-26T09:35:32.120Z"},"geometry":{"type":"Polygon","coordinates":[[[109.41970825195312,-0.3378276323843181],[109.42314147949219,-0.33954421616283526],[109.42588806152344,-0.34435064911630775],[109.42691802978516,-0.34915707964648846],[109.42588806152344,-0.3536201915108137],[109.41970825195312,-0.36426298801627865],[109.42485809326172,-0.36906940814677114],[109.42863464355469,-0.37421914111784815],[109.43035125732422,-0.37971218628715064],[109.43000793457031,-0.38486191296456695],[109.42691802978516,-0.3903549513259037],[109.42142486572266,-0.3917282103575843],[109.4131851196289,-0.3982511876714767],[109.4124984741211,-0.40855061499260614],[109.41043853759766,-0.4154168925595627],[109.4076919555664,-0.42022328331248104],[109.40528869628906,-0.42296979098860277],[109.40185546875,-0.4250296711082058],[109.39739227294922,-0.4250296711082058],[109.38091278076172,-0.4123270683868441],[109.38125610351562,-0.4106104988832726],[109.38709259033203,-0.41404363752029383],[109.39773559570312,-0.42365641775600693],[109.40185546875,-0.42365641775600693],[109.40631866455078,-0.4188500291119226],[109.40837860107422,-0.4147302650697071],[109.41215515136719,-0.39687792971574254],[109.41970825195312,-0.39069826610487723],[109.42588806152344,-0.3896683217259209],[109.42863464355469,-0.38520522796632406],[109.42829132080078,-0.38074213186936845],[109.42691802978516,-0.37627903346212577],[109.4241714477539,-0.37147261724018676],[109.4183349609375,-0.3646063038252976],[109.41902160644531,-0.3611731451480438],[109.4241714477539,-0.3536201915108137],[109.42485809326172,-0.350530345062424],[109.4241714477539,-0.3453805987207801],[109.41970825195312,-0.3378276323843181]]]}},{"type":"Feature","id":"pmtiles:8/205/128:water:166812063:0","properties":{"intermittent":0,"class":"river","id":16681206,"water":"river","kind":"waterway","verification":"verified","source":"OpenMapTiles/OpenStreetMap national PMTiles","sourceId":"8/205/128:water:166812063:0","sourceLayer":"water","archive":"https://its.hanifahseptiani45.workers.dev/v1/map/archive/indonesia.pmtiles","updatedAt":"2026-07-26T09:35:32.120Z"},"geometry":{"type":"Polygon","coordinates":[[[109.48219299316406,-0.39104158086982466],[109.48356628417969,-0.3862351728885187],[109.49043273925781,-0.388638377221028],[109.50004577636719,-0.39687792971574254],[109.50347900390625,-0.39756455872216634],[109.5065689086914,-0.3965346151911575],[109.50725555419922,-0.39207152508036813],[109.50691223144531,-0.3889816920699616],[109.50382232666016,-0.38314533774882875],[109.49695587158203,-0.3759357181051257],[109.49729919433594,-0.37147261724018676],[109.50004577636719,-0.36872609250890775],[109.50450897216797,-0.36838277685778564],[109.5113754272461,-0.37456245654222187],[109.5175552368164,-0.3817720773285629],[109.51961517333984,-0.3817720773285629],[109.53060150146484,-0.36185977698764304],[109.53472137451172,-0.34297738280397994],[109.53678131103516,-0.3402308495889912],[109.54124450683594,-0.33748431559217806],[109.54605102539062,-0.3381709491643363],[109.54845428466797,-0.34194743294037266],[109.54708099365234,-0.3608298292087966],[109.5498275756836,-0.3694127237714042],[109.55188751220703,-0.3718159327716961],[109.55635070800781,-0.3738758256800452],[109.56459045410156,-0.37456245654222187],[109.56733703613281,-0.3656362511737541],[109.5669937133789,-0.3495003960193088],[109.56836700439453,-0.3354244145853187],[109.5718002319336,-0.32649817191307307],[109.57420349121094,-0.3240949513690765],[109.5779800415039,-0.32169173025491204],[109.58209991455078,-0.32169173025491204],[109.59239959716797,-0.3240949513690765],[109.59823608398438,-0.32752812339919046],[109.59480285644531,-0.3330211961961993],[109.58724975585938,-0.32958802605357107],[109.58072662353516,-0.32752812339919046],[109.5772933959961,-0.3292447089740165],[109.57283020019531,-0.3330211961961993],[109.57145690917969,-0.3495003960193088],[109.5721435546875,-0.36803946119344744],[109.57077026367188,-0.3738758256800452],[109.56802368164062,-0.3769656641356107],[109.56356048583984,-0.3779956100442945],[109.55635070800781,-0.3779956100442945],[109.54879760742188,-0.37353251022879874],[109.54605102539062,-0.36975603938276436],[109.54364776611328,-0.3632330405108064],[109.54296112060547,-0.3563667208240986],[109.5443344116211,-0.3426340661950604],[109.54227447509766,-0.34057416628374426],[109.53987121582031,-0.34229074957386274],[109.53678131103516,-0.3495003960193088],[109.53575134277344,-0.36185977698764304],[109.53369140625,-0.37009935498083735],[109.52407836914062,-0.38348865281955113],[109.51927185058594,-0.38520522796632406],[109.51618194580078,-0.38486191296456695],[109.50725555419922,-0.3783389253200511],[109.50416564941406,-0.3738758256800452],[109.50210571289062,-0.37284587928610335],[109.5003890991211,-0.3738758256800452],[109.500732421875,-0.37559240273461114],[109.50862884521484,-0.3824587075661583],[109.5113754272461,-0.38692180276731847],[109.51240539550781,-0.3934447838306312],[109.51034545898438,-0.39790787320394827],[109.5065689086914,-0.40031107417587464],[109.50176239013672,-0.401341017234202],[109.49935913085938,-0.400654388543046],[109.4900894165039,-0.39378809848291496],[109.48219299316406,-0.39104158086982466]]]}},{"type":"Feature","id":"pmtiles:8/205/128:water:443073592:0","properties":{"intermittent":0,"class":"river","id":44307359,"water":"river","kind":"waterway","verification":"verified","source":"OpenMapTiles/OpenStreetMap national PMTiles","sourceId":"8/205/128:water:443073592:0","sourceLayer":"water","archive":"https://its.hanifahseptiani45.workers.dev/v1/map/archive/indonesia.pmtiles","updatedAt":"2026-07-26T09:35:32.121Z"},"geometry":{"type":"Polygon","coordinates":[[[109.70947265625,-0.6086997921560453],[109.69161987304688,-0.6100730054988901],[109.69024658203125,-0.6111029152760494],[109.68887329101562,-0.6169390669404748],[109.68475341796875,-0.6207153969631207],[109.676513671875,-0.6244917242892711],[109.67033386230469,-0.6251783289666548],[109.66655731201172,-0.6289546530848469],[109.65213775634766,-0.6371938961998751],[109.6487045288086,-0.6378804992003495],[109.64183807373047,-0.637537197711552],[109.63600158691406,-0.6413135128266418],[109.63085174560547,-0.6420001152760051],[109.63085174560547,-0.6395970063005336],[109.63394165039062,-0.6399403076517274],[109.64012145996094,-0.6358206899245005],[109.6490478515625,-0.6354773882985683],[109.66175079345703,-0.6289546530848469],[109.66278076171875,-0.6275814446298682],[109.66621398925781,-0.6272381424597597],[109.66964721679688,-0.6238051195221885],[109.67514038085938,-0.6234618171050386],[109.68406677246094,-0.6196854890418706],[109.6871566772461,-0.6169390669404748],[109.68887329101562,-0.6111029152760494],[109.69093322753906,-0.6090430955245694],[109.70947265625,-0.6073265784635424],[109.70947265625,-0.6086997921560453]]]}}]}