{"type":"FeatureCollection","features":[{"type":"Feature","id":"pmtiles:12/3371/1975:water:760:1","properties":{"class":"ocean","water":"ocean","kind":"waterway","verification":"verified","source":"OpenMapTiles/OpenStreetMap national PMTiles","sourceId":"12/3371/1975:water:760:1","sourceLayer":"water","archive":"https://its.hanifahseptiani45.workers.dev/v1/map/archive/indonesia.pmtiles","updatedAt":"2026-07-26T10:35:07.897Z"},"geometry":{"type":"Polygon","coordinates":[[[116.32043123245239,6.31393357916707],[116.31899356842041,6.31393357916707],[116.31940126419067,6.314168181779294],[116.31978750228882,6.314296146795698],[116.32004499435425,6.31423216429144],[116.32036685943604,6.3139549066816585],[116.32043123245239,6.31393357916707]]]}},{"type":"Feature","id":"pmtiles:12/3371/1975:water:760:2","properties":{"class":"ocean","water":"ocean","kind":"waterway","verification":"verified","source":"OpenMapTiles/OpenStreetMap national PMTiles","sourceId":"12/3371/1975:water:760:2","sourceLayer":"water","archive":"https://its.hanifahseptiani45.workers.dev/v1/map/archive/indonesia.pmtiles","updatedAt":"2026-07-26T10:35:07.897Z"},"geometry":{"type":"Polygon","coordinates":[[[116.32195472717285,6.31393357916707],[116.32103204727173,6.31393357916707],[116.32163286209106,6.314125526766787],[116.3218903541565,6.31406154424144],[116.32195472717285,6.31393357916707]]]}},{"type":"Feature","id":"pmtiles:12/3371/1975:water:760:3","properties":{"class":"ocean","water":"ocean","kind":"waterway","verification":"verified","source":"OpenMapTiles/OpenStreetMap national PMTiles","sourceId":"12/3371/1975:water:760:3","sourceLayer":"water","archive":"https://its.hanifahseptiani45.workers.dev/v1/map/archive/indonesia.pmtiles","updatedAt":"2026-07-26T10:35:07.897Z"},"geometry":{"type":"Polygon","coordinates":[[[116.32442235946655,6.31393357916707],[116.32339239120483,6.31393357916707],[116.32341384887695,6.3139549066816585],[116.32356405258179,6.31406154424144],[116.32397174835205,6.314125526766787],[116.324143409729,6.3141041992592335],[116.32442235946655,6.31393357916707]]]}},{"type":"Feature","id":"pmtiles:12/3371/1975:water:760:4","properties":{"class":"ocean","water":"ocean","kind":"waterway","verification":"verified","source":"OpenMapTiles/OpenStreetMap national PMTiles","sourceId":"12/3371/1975:water:760:4","sourceLayer":"water","archive":"https://its.hanifahseptiani45.workers.dev/v1/map/archive/indonesia.pmtiles","updatedAt":"2026-07-26T10:35:07.897Z"},"geometry":{"type":"Polygon","coordinates":[[[116.32899284362793,6.31393357916707],[116.32549524307251,6.31393357916707],[116.32579565048218,6.31406154424144],[116.32643938064575,6.31427481929515],[116.32678270339966,6.31427481929515],[116.32723331451416,6.314189509284219],[116.32826328277588,6.314466766768376],[116.3286280632019,6.314360129292027],[116.32899284362793,6.31393357916707]]]}},{"type":"Feature","id":"pmtiles:12/3371/1975:water:760:5","properties":{"class":"ocean","water":"ocean","kind":"waterway","verification":"verified","source":"OpenMapTiles/OpenStreetMap national PMTiles","sourceId":"12/3371/1975:water:760:5","sourceLayer":"water","archive":"https://its.hanifahseptiani45.workers.dev/v1/map/archive/indonesia.pmtiles","updatedAt":"2026-07-26T10:35:07.897Z"},"geometry":{"type":"Polygon","coordinates":[[[116.33060216903687,6.31393357916707],[116.32972240447998,6.31393357916707],[116.3296365737915,6.314125526766787],[116.32961511611938,6.314296146795698],[116.3297438621521,6.31453074924363],[116.32987260818481,6.314594731710997],[116.33015155792236,6.314552076733634],[116.33043050765991,6.31423216429144],[116.33060216903687,6.31393357916707]]]}},{"type":"Feature","id":"pmtiles:12/3368/1976:water:760:0","properties":{"class":"ocean","water":"ocean","kind":"waterway","verification":"verified","source":"OpenMapTiles/OpenStreetMap national PMTiles","sourceId":"12/3368/1976:water:760:0","sourceLayer":"water","archive":"https://its.hanifahseptiani45.workers.dev/v1/map/archive/indonesia.pmtiles","updatedAt":"2026-07-26T10:35:38.432Z"},"geometry":{"type":"Polygon","coordinates":[[[116.01425170898438,6.316663493894268],[116.10488891601562,6.316663493894268],[116.10488891601562,6.226568742378319],[116.01425170898438,6.226568742378319],[116.01425170898438,6.316663493894268]]]}},{"type":"Feature","id":"pmtiles:12/3369/1976:water:760:0","properties":{"class":"ocean","water":"ocean","kind":"waterway","verification":"verified","source":"OpenMapTiles/OpenStreetMap national PMTiles","sourceId":"12/3369/1976:water:760:0","sourceLayer":"water","archive":"https://its.hanifahseptiani45.workers.dev/v1/map/archive/indonesia.pmtiles","updatedAt":"2026-07-26T10:35:38.493Z"},"geometry":{"type":"Polygon","coordinates":[[[116.19277954101562,6.234055901052315],[116.1925220489502,6.233970577908522],[116.19243621826172,6.233885254750845],[116.19235038757324,6.233501300369625],[116.19215726852417,6.233223999808402],[116.19177103042603,6.23288270660872],[116.19097709655762,6.231816163928755],[116.18966817855835,6.230365662404978],[116.1893892288208,6.229704403026943],[116.18898153305054,6.2280192543939705],[116.18885278701782,6.226568742378319],[116.10214233398438,6.226568742378319],[116.10214233398438,6.316663493894268],[116.19277954101562,6.316663493894268],[116.19277954101562,6.234055901052315]]]}},{"type":"Feature","id":"pmtiles:12/3370/1976:water:760:0","properties":{"class":"ocean","water":"ocean","kind":"waterway","verification":"verified","source":"OpenMapTiles/OpenStreetMap national PMTiles","sourceId":"12/3370/1976:water:760:0","sourceLayer":"water","archive":"https://its.hanifahseptiani45.workers.dev/v1/map/archive/indonesia.pmtiles","updatedAt":"2026-07-26T10:35:38.556Z"},"geometry":{"type":"Polygon","coordinates":[[[116.28067016601562,6.305594453672157],[116.27998352050781,6.305829060060034],[116.27983331680298,6.305935699292164],[116.27959728240967,6.306298272517338],[116.27933979034424,6.306959434804568],[116.27916812896729,6.307130057193433],[116.27903938293457,6.3071727127818775],[116.27886772155762,6.3070660738041795],[116.27850294113159,6.306426239477446],[116.27785921096802,6.3059143714475],[116.27723693847656,6.304975945413503],[116.27706527709961,6.30457071546472],[116.27702236175537,6.30422946894646],[116.2771725654602,6.30303510436444],[116.2772798538208,6.302949792503341],[116.27753734588623,6.303141744171057],[116.2778377532959,6.303227056000594],[116.27841711044312,6.303248383955776],[116.2788462638855,6.303120416211499],[116.27916812896729,6.302949792503341],[116.28013372421265,6.3022459691139545],[116.28067016601562,6.3009662877779675],[116.28067016601562,6.297511132408857],[116.28004789352417,6.296103469924773],[116.27979040145874,6.295676904782297],[116.27946853637695,6.295229011005603],[116.2782883644104,6.293991969044427],[116.27745151519775,6.293266805145876],[116.27689361572266,6.292968207952242],[116.2758207321167,6.292605625415021],[116.27573490142822,6.2924563266496705],[116.27558469772339,6.291709832179507],[116.27519845962524,6.291133964284114],[116.27500534057617,6.290963336637006],[116.27466201782227,6.290750051999339],[116.27395391464233,6.29047278183954],[116.27249479293823,6.28953432789352],[116.27193689346313,6.289385028245903],[116.27125024795532,6.289363699721321],[116.2706708908081,6.288638529364661],[116.27041339874268,6.288467900898453],[116.26974821090698,6.288233286665985],[116.26910448074341,6.288147972373395],[116.26848220825195,6.288361258078638],[116.26818180084229,6.288659857919015],[116.26801013946533,6.288745172127619],[116.26773118972778,6.288745172127619],[116.26713037490845,6.2884039152092015],[116.26670122146606,6.288318600944592],[116.26631498336792,6.2884039152092015],[116.26603603363037,6.288617200809455],[116.26567125320435,6.288595872253367],[116.26519918441772,6.288681186472459],[116.26502752304077,6.288617200809455],[116.26451253890991,6.288233286665985],[116.26386880874634,6.288083986644764],[116.26328945159912,6.28774272929239],[116.26279592514038,6.287678743513894],[116.26255989074707,6.287678743513894],[116.2622594833374,6.287849372239066],[116.26202344894409,6.288531886579847],[116.2619161605835,6.288638529364661],[116.26178741455078,6.288638529364661],[116.26168012619019,6.288361258078638],[116.26152992248535,6.288275943807051],[116.26129388809204,6.288254615236966],[116.26073598861694,6.288361258078638],[116.25998497009277,6.288915800502821],[116.25981330871582,6.289193071493116],[116.25946998596191,6.289512999375063],[116.25914812088013,6.290067540570689],[116.25904083251953,6.290088869066395],[116.25893354415894,6.289939569578053],[116.25891208648682,6.28921440002469],[116.25880479812622,6.288787829226649],[116.25869750976562,6.288617200809455],[116.25856876373291,6.288489229459799],[116.25801086425781,6.288169300947871],[116.25659465789795,6.287593429130311],[116.25584363937378,6.287188185617154],[116.25558614730835,6.286932242182985],[116.25539302825928,6.286335040346756],[116.25517845153809,6.28616441112473],[116.25389099121094,6.285737837824811],[116.2532901763916,6.285588537087179],[116.25245332717896,6.285481893676916],[116.25185251235962,6.284991333708163],[116.25176668167114,6.284970005003387],[116.25146627426147,6.285076648518569],[116.25075817108154,6.285737837824811],[116.25052213668823,6.285844481182579],[116.2498140335083,6.2859511245184905],[116.24944925308228,6.285844481182579],[116.2492561340332,6.285460564992263],[116.24904155731201,6.285332592865842],[116.2482476234436,6.285375250244812],[116.24799013137817,6.285247278097415],[116.2474536895752,6.284863361466336],[116.24726057052612,6.284906018883774],[116.2468957901001,6.285119305918542],[116.2464451789856,6.285225949403113],[116.24560832977295,6.285332592865842],[116.24526500701904,6.2852899354833625],[116.24404191970825,6.284820704045401],[116.24382734298706,6.284692731761581],[116.24363422393799,6.2845007732768465],[116.24339818954468,6.284052869870351],[116.2432050704956,6.283967554892072],[116.24256134033203,6.284010212382967],[116.24198198318481,6.284308814721285],[116.24168157577515,6.284266157254862],[116.24153137207031,6.284159513573556],[116.24148845672607,6.284074198612743],[116.24155282974243,6.28398888363796],[116.2418532371521,6.283860911149546],[116.24204635620117,6.2836262948390385],[116.24215364456177,6.283434335960848],[116.24232530593872,6.282730486135009],[116.2423038482666,6.282581184534422],[116.2419605255127,6.282111950653714],[116.2418532371521,6.281642716349978],[116.24024391174316,6.280789561986708],[116.23829126358032,6.280277668697607],[116.23816251754761,6.280192353100475],[116.23784065246582,6.2797657749051865],[116.2377119064331,6.2797017881457435],[116.2370252609253,6.279595143529207],[116.23668193817139,6.279445841029343],[116.23614549636841,6.278763314770558],[116.23595237731934,6.278720656849686],[116.2356948852539,6.278720656849686],[116.23509407043457,6.279019262222448],[116.23485803604126,6.279083249065749],[116.234450340271,6.278976604322537],[116.23427867889404,6.278741985810569],[116.23425722122192,6.278336735404565],[116.23440742492676,6.278059458629272],[116.23485803604126,6.277696865700392],[116.23487949371338,6.277526233646498],[116.2347936630249,6.277312943500547],[116.23453617095947,6.277014337149467],[116.2343430519104,6.27656642730193],[116.23406410217285,6.276225162397665],[116.23350620269775,6.27586256819194],[116.23202562332153,6.275158708131045],[116.23161792755127,6.274817442304695],[116.23146772384644,6.274390859707495],[116.23144626617432,6.273644339322104],[116.23138189315796,6.273367060049466],[116.23063087463379,6.272385916823424],[116.23015880584717,6.271660722817231],[116.22938632965088,6.269783745411388],[116.229407787323,6.26959178143224],[116.22949361801147,6.269485134746617],[116.23005151748657,6.2693998173824355],[116.23033046722412,6.269079877142403],[116.23043775558472,6.269037218428906],[116.23073816299438,6.268994559711928],[116.23129606246948,6.269079877142403],[116.23151063919067,6.269037218428906],[116.23230457305908,6.268738607336715],[116.23266935348511,6.2685039842157835],[116.23301267623901,6.268354678538429],[116.23311996459961,6.268248031599853],[116.23320579528809,6.268034737657317],[116.23331308364868,6.26733086702815],[116.2332272529602,6.266456359772093],[116.23309850692749,6.265859134462261],[116.23245477676392,6.264024795308629],[116.23200416564941,6.2630649641126155],[116.23168230056763,6.262531723796755],[116.2305235862732,6.260825351126414],[116.22994422912598,6.260164130217774],[116.22758388519287,6.257732536451954],[116.22419357299805,6.254959652558782],[116.21807813644409,6.250331036680166],[116.2173056602478,6.249691132644514],[116.21434450149536,6.2476647647019945],[116.21161937713623,6.24563838891369],[116.21033191680908,6.244806506055909],[116.20985984802246,6.244422559675769],[116.20835781097412,6.242844110488761],[116.20771408081055,6.241862909947841],[116.20715618133545,6.2411376735842055],[116.19509696960449,6.235058446952053],[116.19501113891602,6.2349517932240275],[116.19380950927734,6.234397193488647],[116.1925220489502,6.233970577908522],[116.19243621826172,6.233885254750845],[116.19235038757324,6.233501300369625],[116.19215726852417,6.233223999808402],[116.19177103042603,6.23288270660872],[116.19097709655762,6.231816163928755],[116.19003295898438,6.230749619080854],[116.19003295898438,6.316663493894268],[116.28067016601562,6.316663493894268],[116.28067016601562,6.305594453672157]]]}},{"type":"Feature","id":"pmtiles:12/3371/1976:water:760:0","properties":{"class":"ocean","water":"ocean","kind":"waterway","verification":"verified","source":"OpenMapTiles/OpenStreetMap national PMTiles","sourceId":"12/3371/1976:water:760:0","sourceLayer":"water","archive":"https://its.hanifahseptiani45.workers.dev/v1/map/archive/indonesia.pmtiles","updatedAt":"2026-07-26T10:35:38.620Z"},"geometry":{"type":"Polygon","coordinates":[[[116.27850294113159,6.306426239477446],[116.27792358398438,6.30595702713596],[116.27792358398438,6.316663493894268],[116.28865242004395,6.316663493894268],[116.2888240814209,6.3163862375865705],[116.28936052322388,6.315959689130906],[116.28940343856812,6.315746414771269],[116.28929615020752,6.315362520702507],[116.28895282745361,6.314850661501353],[116.28841638565063,6.314253491793735],[116.28824472427368,6.31393357916707],[116.28822326660156,6.3137416314962],[116.28830909729004,6.3136349938705365],[116.2888240814209,6.31357101128458],[116.28897428512573,6.313507028690736],[116.28906011581421,6.313357735941025],[116.28912448883057,6.3131231329616355],[116.28910303115845,6.312909857433624],[116.28888845443726,6.312142064805585],[116.28873825073242,6.311843478476192],[116.28852367401123,6.3115235643608685],[116.28738641738892,6.3102012505882925],[116.28717184066772,6.309796024724349],[116.28719329833984,6.309412126245121],[116.28766536712646,6.308665656165843],[116.28777265548706,6.308345740088413],[116.28777265548706,6.308047151571358],[116.28775119781494,6.307705907341202],[116.28755807876587,6.307194040574785],[116.2872576713562,6.3066181898583835],[116.2869143486023,6.306127649854716],[116.28648519515991,6.305701092952532],[116.28498315811157,6.304634699161895],[116.2833309173584,6.303781582550485],[116.28294467926025,6.303717598748065],[116.28281593322754,6.303824238414407],[116.28262281417847,6.30422946894646],[116.28189325332642,6.304869305983985],[116.2813138961792,6.305253207827562],[116.28069162368774,6.305594453672157],[116.27998352050781,6.305829060060034],[116.27983331680298,6.305935699292164],[116.27959728240967,6.306298272517338],[116.27933979034424,6.306959434804568],[116.27916812896729,6.307130057193433],[116.27903938293457,6.3071727127818775],[116.27886772155762,6.3070660738041795],[116.27850294113159,6.306426239477446]]]}},{"type":"Feature","id":"pmtiles:12/3371/1976:water:760:1","properties":{"class":"ocean","water":"ocean","kind":"waterway","verification":"verified","source":"OpenMapTiles/OpenStreetMap national PMTiles","sourceId":"12/3371/1976:water:760:1","sourceLayer":"water","archive":"https://its.hanifahseptiani45.workers.dev/v1/map/archive/indonesia.pmtiles","updatedAt":"2026-07-26T10:35:38.620Z"},"geometry":{"type":"Polygon","coordinates":[[[116.2928581237793,6.316215618246488],[116.29257917404175,6.316663493894268],[116.32071018218994,6.316663493894268],[116.31998062133789,6.316130308555344],[116.31901502609253,6.315255883410671],[116.31862878799438,6.314509421752746],[116.31852149963379,6.314168181779294],[116.31856441497803,6.313848269099907],[116.3187575340271,6.313805614061067],[116.31940126419067,6.314168181779294],[116.31978750228882,6.314296146795698],[116.32004499435425,6.31423216429144],[116.32036685943604,6.3139549066816585],[116.32058143615723,6.313869596618019],[116.32094621658325,6.313912251651601],[116.32163286209106,6.314125526766787],[116.3218903541565,6.31406154424144],[116.32206201553345,6.3137416314962],[116.32231950759888,6.313421718553315],[116.32253408432007,6.313293753320821],[116.32277011871338,6.313251098236293],[116.32302761077881,6.313379063479331],[116.32341384887695,6.3139549066816585],[116.32356405258179,6.31406154424144],[116.32397174835205,6.314125526766787],[116.324143409729,6.3141041992592335],[116.32472276687622,6.313762959018703],[116.32495880126953,6.313698976448563],[116.32579565048218,6.31406154424144],[116.32643938064575,6.31427481929515],[116.32678270339966,6.31427481929515],[116.32723331451416,6.314189509284219],[116.32826328277588,6.314466766768376],[116.3286280632019,6.314360129292027],[116.32901430130005,6.313912251651601],[116.32950782775879,6.313101805412785],[116.3296365737915,6.312952512546261],[116.32987260818481,6.312888529875991],[116.33004426956177,6.312952512546261],[116.33006572723389,6.313101805412785],[116.3296365737915,6.314125526766787],[116.32961511611938,6.314296146795698],[116.3297438621521,6.31453074924363],[116.32987260818481,6.314594731710997],[116.33015155792236,6.314552076733634],[116.33043050765991,6.31423216429144],[116.33090257644653,6.313357735941025],[116.33088111877441,6.313187115602929],[116.33038759231567,6.312525961261883],[116.33028030395508,6.311928788873587],[116.33032321929932,6.3115235643608685],[116.33047342300415,6.311288960550726],[116.33062362670898,6.3111823224200805],[116.33182525634766,6.310905063177685],[116.33219003677368,6.3106491314376285],[116.33227586746216,6.310307888920875],[116.33225440979004,6.310073284560232],[116.33180379867554,6.30949743704285],[116.33171796798706,6.309134866055487],[116.33178234100342,6.308921588885568],[116.33203983306885,6.308644328433488],[116.33306980133057,6.3079405127735555],[116.3332200050354,6.307748562882267],[116.33328437805176,6.3074286462388045],[116.33309125900269,6.307108729397896],[116.33281230926514,6.306831467976082],[116.33251190185547,6.306660845488935],[116.33203983306885,6.306596862041786],[116.33118152618408,6.306554206405963],[116.3303017616272,6.306831467976082],[116.33002281188965,6.306810140168253],[116.32967948913574,6.306660845488935],[116.3292932510376,6.3066181898583835],[116.32914304733276,6.306746156739521],[116.32910013198853,6.306831467976082],[116.32920742034912,6.307343335100526],[116.32912158966064,6.307897857248307],[116.32871389389038,6.308431051061717],[116.32832765579224,6.308644328433488],[116.32804870605469,6.308623000700251],[116.32781267166138,6.308473706543097],[116.3278341293335,6.308345740088413],[116.32804870605469,6.308047151571358],[116.32809162139893,6.307620596248569],[116.32746934890747,6.306511550766643],[116.32721185684204,6.30623428902544],[116.32665395736694,6.305893043601941],[116.32607460021973,6.306042338502365],[116.32586002349854,6.306021010662079],[116.32534503936768,6.305829060060034],[116.32489442825317,6.305573125813453],[116.32465839385986,6.305509142232069],[116.32442235946655,6.305615781529994],[116.32364988327026,6.306575534224322],[116.32317781448364,6.306746156739521],[116.32236242294312,6.306959434804568],[116.32186889648438,6.306916779198573],[116.32169723510742,6.306724828928196],[116.32163286209106,6.306447567301063],[116.32161140441895,6.305722420805992],[116.32174015045166,6.305061256941315],[116.32191181182861,6.304954617529347],[116.322340965271,6.304954617529347],[116.32300615310669,6.304826650206053],[116.3236927986145,6.3045280596622035],[116.3242506980896,6.304421420140599],[116.32442235946655,6.304314780597053],[116.32463693618774,6.3038029104828865],[116.3245940208435,6.303397679617547],[116.32474422454834,6.302395265064234],[116.32467985153198,6.30203268911049],[116.3245940208435,6.301862065044574],[116.32442235946655,6.301755424974871],[116.32367134094238,6.3015208167444],[116.32317781448364,6.301094256053588],[116.32272720336914,6.300454414359876],[116.32238388061523,6.29985722806731],[116.32197618484497,6.29934535355531],[116.32101058959961,6.298684181563516],[116.32049560546875,6.298513556396671],[116.31993770599365,6.298406915638907],[116.31871461868286,6.298385587484731],[116.318199634552,6.298428243792202],[116.317298412323,6.298662853420737],[116.31641864776611,6.29832160301693],[116.3160753250122,6.298428243792202],[116.3156247138977,6.298769494125921],[116.31532430648804,6.298769494125921],[116.31480932235718,6.298684181563516],[116.31435871124268,6.298790822264323],[116.3141655921936,6.299004103600197],[116.31405830383301,6.29934535355531],[116.31412267684937,6.3001984774614925],[116.31388664245605,6.3006890230724935],[116.31356477737427,6.30090230362832],[116.31262063980103,6.301179568219808],[116.31238460540771,6.301307536442835],[116.31107568740845,6.302203313120273],[116.31088256835938,6.302416593053607],[116.31083965301514,6.3025445609715405],[116.31083965301514,6.302907136567512],[116.31098985671997,6.303610959059824],[116.31086111068726,6.303994861834894],[116.3106894493103,6.304080173524113],[116.3105821609497,6.303973533910408],[116.31002426147461,6.30228862510414],[116.31008863449097,6.30192604907586],[116.31017446517944,6.301755424974871],[116.31047487258911,6.301542144769741],[116.31066799163818,6.301158240179561],[116.3106894493103,6.3007743353053485],[116.31062507629395,6.300497070497329],[116.31051778793335,6.3001984774614925],[116.30987405776978,6.299409337896918],[116.3086724281311,6.297639101536362],[116.3084363937378,6.297489804217875],[116.30815744400024,6.297383163249833],[116.30753517150879,6.297383163249833],[116.30566835403442,6.297831055168459],[116.305410861969,6.297852383345415],[116.30489587783813,6.297767070632304],[116.30453109741211,6.297511132408857],[116.30382299423218,6.296807301643838],[116.30352258682251,6.296594019405475],[116.30320072174072,6.296402065316045],[116.30223512649536,6.296103469924773],[116.3018274307251,6.295847530881332],[116.30165576934814,6.295804874361835],[116.30084037780762,6.2962527676418745],[116.29987478256226,6.296594019405475],[116.2993597984314,6.296849958080998],[116.29923105239868,6.2970419120048575],[116.2991452217102,6.29742581963967],[116.29895210266113,6.297511132408857],[116.29873752593994,6.297489804217875],[116.29863023757935,6.297404491445178],[116.29783630371094,6.296594019405475],[116.29764318466187,6.296530034716881],[116.29742860794067,6.29657269117682],[116.29697799682617,6.297148553043002],[116.29556179046631,6.297788398811903],[116.29536867141724,6.298065665066872],[116.29526138305664,6.2985988689871135],[116.29508972167969,6.298726837846473],[116.2948751449585,6.298748165986638],[116.29423141479492,6.298449571944644],[116.29403829574585,6.298300274859244],[116.29360914230347,6.2976177733506375],[116.2932014465332,6.297340506856457],[116.29287958145142,6.296913942730171],[116.29262208938599,6.296913942730171],[116.2923002243042,6.297148553043002],[116.29210710525513,6.297660429721205],[116.29189252853394,6.2991534004831635],[116.29161357879639,6.300027852792439],[116.29159212112427,6.3001984774614925],[116.29193544387817,6.301542144769741],[116.29208564758301,6.30192604907586],[116.2928581237793,6.30277916873905],[116.29317998886108,6.302693856835873],[116.29337310791016,6.30358963111955],[116.29343748092651,6.3036749428754035],[116.29358768463135,6.303717598748065],[116.2937593460083,6.30358963111955],[116.2942099571228,6.302971120469934],[116.29444599151611,6.302181985122118],[116.29470348358154,6.300838319470785],[116.29478931427002,6.30079566336137],[116.29485368728638,6.300838319470785],[116.2948751449585,6.301328864476929],[116.2947678565979,6.301840737032379],[116.29455327987671,6.302821824685381],[116.29405975341797,6.304442748046668],[116.29414558410645,6.304954617529347],[116.29453182220459,6.305338519309771],[116.29463911056519,6.305871715755515],[116.29463911056519,6.306490222945655],[116.29446744918823,6.3067674845499795],[116.29436016082764,6.307130057193433],[116.29448890686035,6.307855201719548],[116.29470348358154,6.308431051061717],[116.29515409469604,6.309262832315284],[116.2954330444336,6.309433453945871],[116.29631280899048,6.309561420131956],[116.29659175872803,6.309540092436464],[116.29693508148193,6.309326815433337],[116.29710674285889,6.309326815433337],[116.2976861000061,6.309966646179376],[116.29775047302246,6.310265233590471],[116.29766464233398,6.3103931995711235],[116.29727840423584,6.310691786736413],[116.2968921661377,6.311054356634344],[116.29676342010498,6.311352943418569],[116.2966775894165,6.3120780820352],[116.29648447036743,6.312653926684078],[116.29684925079346,6.3136349938705365],[116.2966775894165,6.313890924135251],[116.29648447036743,6.314573404222742],[116.29635572433472,6.314594731710997],[116.29592657089233,6.314402784285207],[116.29571199417114,6.314210836788263],[116.29541158676147,6.314146854273474],[116.29506826400757,6.31423216429144],[116.29468202590942,6.314488094261009],[116.29367351531982,6.315575795220312],[116.2928581237793,6.316215618246488]],[[116.30959510803223,6.30911353834243],[116.30854368209839,6.308686983897317],[116.30830764770508,6.308473706543097],[116.3083291053772,6.308025823813551],[116.30854368209839,6.307919185011372],[116.30871534347534,6.307727235112182],[116.3087797164917,6.307556612919882],[116.30865097045898,6.306916779198573],[116.30884408950806,6.306042338502365],[116.30882263183594,6.305658437243025],[116.30950927734375,6.304869305983985],[116.30959510803223,6.304826650206053],[116.30998134613037,6.304869305983985],[116.31038904190063,6.304997273296777],[116.31060361862183,6.305018601179157],[116.31073236465454,6.304975945413503],[116.31088256835938,6.304826650206053],[116.31092548370361,6.304485403856205],[116.31101131439209,6.3045280596622035],[116.31122589111328,6.304954617529347],[116.31152629852295,6.306063666341757],[116.31109714508057,6.3064688951237855],[116.3109040260315,6.3067674845499795],[116.31096839904785,6.308132462593775],[116.3107967376709,6.308281756849254],[116.31053924560547,6.3083244123429125],[116.31021738052368,6.309006899764057],[116.30959510803223,6.30911353834243]]]}},{"type":"Feature","id":"pmtiles:12/3371/1976:water:760:2","properties":{"class":"ocean","water":"ocean","kind":"waterway","verification":"verified","source":"OpenMapTiles/OpenStreetMap national PMTiles","sourceId":"12/3371/1976:water:760:2","sourceLayer":"water","archive":"https://its.hanifahseptiani45.workers.dev/v1/map/archive/indonesia.pmtiles","updatedAt":"2026-07-26T10:35:38.620Z"},"geometry":{"type":"Polygon","coordinates":[[[116.27792358398438,6.293672043919841],[116.27792358398438,6.303227056000594],[116.27841711044312,6.303248383955776],[116.2788462638855,6.303120416211499],[116.27916812896729,6.302949792503341],[116.28013372421265,6.3022459691139545],[116.28101348876953,6.300177149380943],[116.28112077713013,6.299665275184466],[116.28114223480225,6.298748165986638],[116.28090620040894,6.2980230087295865],[116.28004789352417,6.296103469924773],[116.27979040145874,6.295676904782297],[116.27946853637695,6.295229011005603],[116.2782883644104,6.293991969044427],[116.27792358398438,6.293672043919841]]]}},{"type":"Feature","id":"pmtiles:12/3368/1977:water:760:0","properties":{"class":"ocean","water":"ocean","kind":"waterway","verification":"verified","source":"OpenMapTiles/OpenStreetMap national PMTiles","sourceId":"12/3368/1977:water:760:0","sourceLayer":"water","archive":"https://its.hanifahseptiani45.workers.dev/v1/map/archive/indonesia.pmtiles","updatedAt":"2026-07-26T10:36:09.847Z"},"geometry":{"type":"Polygon","coordinates":[[[116.01425170898438,6.22929911460929],[116.10488891601562,6.22929911460929],[116.10488891601562,6.139189368969383],[116.01425170898438,6.139189368969383],[116.01425170898438,6.22929911460929]]]}},{"type":"Feature","id":"pmtiles:12/3369/1977:water:760:0","properties":{"class":"ocean","water":"ocean","kind":"waterway","verification":"verified","source":"OpenMapTiles/OpenStreetMap national PMTiles","sourceId":"12/3369/1977:water:760:0","sourceLayer":"water","archive":"https://its.hanifahseptiani45.workers.dev/v1/map/archive/indonesia.pmtiles","updatedAt":"2026-07-26T10:36:09.913Z"},"geometry":{"type":"Polygon","coordinates":[[[116.1892819404602,6.22929911460929],[116.18898153305054,6.2280192543939705],[116.18874549865723,6.22518221979459],[116.18876695632935,6.2238170247515825],[116.18885278701782,6.223262413252016],[116.18880987167358,6.2224731574164025],[116.18709325790405,6.221470587483537],[116.18666410446167,6.221065292712524],[116.18642807006836,6.220723991610313],[116.18484020233154,6.217929580502187],[116.1807632446289,6.209695580542785],[116.17872476577759,6.205023901546298],[116.17743730545044,6.202250739172527],[116.17617130279541,6.199264240303378],[116.17544174194336,6.198048303776787],[116.17533445358276,6.197429668327985],[116.17361783981323,6.194208485823609],[116.17305994033813,6.19275788066075],[116.17207288742065,6.190880621005164],[116.1697769165039,6.185014141587786],[116.16778135299683,6.181152895972957],[116.16546392440796,6.177611618312753],[116.1639404296875,6.175414307612257],[116.16269588470459,6.174006317321528],[116.16067886352539,6.171958324762812],[116.15887641906738,6.170358325068051],[116.15769624710083,6.16914232206932],[116.15692377090454,6.168224984627827],[116.15630149841309,6.167648981237008],[116.15460634231567,6.166326304415861],[116.1529541015625,6.165131625741907],[116.14713907241821,6.161099565354618],[116.14651679992676,6.160630223001476],[116.14630222320557,6.160523554226984],[116.14585161209106,6.160630223001476],[116.14542245864868,6.160544887983605],[116.14480018615723,6.160075545140032],[116.14381313323975,6.159712870840323],[116.14166736602783,6.1583048388582],[116.14160299301147,6.158219503466569],[116.14160299301147,6.158048832642137],[116.14168882369995,6.157942163349006],[116.14239692687988,6.157600821467028],[116.14321231842041,6.1575581537163515],[116.1434268951416,6.157131476021078],[116.14357709884644,6.156982138746741],[116.14430665969849,6.1570248065436886],[116.14452123641968,6.156896803142558],[116.14475727081299,6.156427457074486],[116.14484310150146,6.156043446346686],[116.14484310150146,6.155360759922971],[116.14477872848511,6.154550068655382],[116.1445426940918,6.15350470177404],[116.1443281173706,6.152800678021691],[116.14377021789551,6.151733973589742],[116.14291191101074,6.150581930399042],[116.14115238189697,6.148768524023438],[116.14074468612671,6.148299170777705],[116.1402940750122,6.147616474408224],[116.13977909088135,6.147083117259925],[116.13821268081665,6.144437657901534],[116.13806247711182,6.144010969676614],[116.13789081573486,6.142880244226362],[116.13733291625977,6.140917469817765],[116.13735437393188,6.140640120676636],[116.13812685012817,6.1398294069744],[116.13855600357056,6.139573391864687],[116.13864183425903,6.139552057266641],[116.13896369934082,6.1396373956536365],[116.13911390304565,6.139594726461851],[116.1395001411438,6.13923203819364],[116.1398434638977,6.1392960420236165],[116.13977909088135,6.139189368969383],[116.10214233398438,6.139189368969383],[116.10214233398438,6.22929911460929],[116.1892819404602,6.22929911460929]]]}},{"type":"Feature","id":"pmtiles:12/3368/1978:water:760:0","properties":{"class":"ocean","water":"ocean","kind":"waterway","verification":"verified","source":"OpenMapTiles/OpenStreetMap national PMTiles","sourceId":"12/3368/1978:water:760:0","sourceLayer":"water","archive":"https://its.hanifahseptiani45.workers.dev/v1/map/archive/indonesia.pmtiles","updatedAt":"2026-07-26T10:36:39.992Z"},"geometry":{"type":"Polygon","coordinates":[[[116.10488891601562,6.11525139604332],[116.10430955886841,6.115123382608758],[116.10323667526245,6.1149740335630725],[116.10203504562378,6.114910026816432],[116.10081195831299,6.114995369143585],[116.09965324401855,6.115123382608758],[116.0983657836914,6.11542208057503],[116.09759330749512,6.115827456119547],[116.09722852706909,6.116083482620894],[116.09686374664307,6.116531528703291],[116.09675645828247,6.1168728968950035],[116.09677791595459,6.117000909910701],[116.09697103500366,6.11721426486875],[116.09707832336426,6.117427619741662],[116.0971212387085,6.117534297146179],[116.09707832336426,6.117790322830189],[116.09673500061035,6.1180676838494605],[116.09632730484009,6.118729082622352],[116.09574794769287,6.119155791073737],[116.09527587890625,6.1201585545934165],[116.09512567520142,6.120286566822173],[116.09501838684082,6.120286566822173],[116.09441757202148,6.12009454846752],[116.09405279159546,6.119731846942685],[116.09351634979248,6.118771753482818],[116.09306573867798,6.1176196390544675],[116.09167098999023,6.115208724901862],[116.09156370162964,6.114782013300172],[116.09154224395752,6.114227287708985],[116.09139204025269,6.113224513064978],[116.09147787094116,6.11247776476857],[116.0914134979248,6.112115058077094],[116.09126329421997,6.111603001152915],[116.09094142913818,6.111090943738745],[116.0904049873352,6.110536214320462],[116.09025478363037,6.110472207042903],[116.08798027038574,6.110152170540232],[116.08680009841919,6.109789462272516],[116.08617782592773,6.109405417956495],[116.08572721481323,6.109021373364911],[116.08510494232178,6.10791190966394],[116.0850191116333,6.107506528122784],[116.0850191116333,6.1071011462747435],[116.08523368835449,6.1069944667900415],[116.08579158782959,6.107058474483409],[116.0863709449768,6.1073358410662735],[116.08667135238647,6.107357176951311],[116.08684301376343,6.107314505180398],[116.08710050582886,6.1071011462747435],[116.08744382858276,6.1071224821691175],[116.08767986297607,6.10688778728408],[116.08834505081177,6.105671639414254],[116.08847379684448,6.1052662561773445],[116.08847379684448,6.104754192702714],[116.08825922012329,6.104092776656927],[116.08787298202515,6.102193867988518],[116.08787298202515,6.101767146013501],[116.0879373550415,6.10146844042886],[116.08847379684448,6.1009350371850815],[116.08896732330322,6.100785684181716],[116.08913898468018,6.100636331136712],[116.08933210372925,6.099953573829765],[116.08933210372925,6.099761548180524],[116.08907461166382,6.098993444895825],[116.08907461166382,6.098737410223066],[116.08931064605713,6.098481375428079],[116.08976125717163,6.098332021741214],[116.08991146087646,6.098139995511275],[116.09012603759766,6.097350553621368],[116.09038352966309,6.096966500389925],[116.09046936035156,6.096710464749535],[116.09064102172852,6.0966037831966275],[116.09068393707275,6.096369083705582],[116.09066247940063,6.096027702444374],[116.09089851379395,6.095430284714567],[116.09109163284302,6.095323602907101],[116.0914134979248,6.095280930178177],[116.09212160110474,6.095771666355915],[116.092529296875,6.0958356753894805],[116.09293699264526,6.0961557204427805],[116.09336614608765,6.096241065758079],[116.09366655349731,6.096411756347948],[116.09396696090698,6.096241065758079],[116.0940957069397,6.096113047780037],[116.09424591064453,6.0958356753894805],[116.09446048736572,6.095707657314719],[116.0949969291687,6.095728993662632],[116.09523296356201,6.0958996844154285],[116.09534025192261,6.095921020755711],[116.09581232070923,6.095728993662632],[116.09652042388916,6.095280930178177],[116.09684228897095,6.094939548224588],[116.09694957733154,6.094768857166343],[116.09694957733154,6.094491484080891],[116.09686374664307,6.094278120071465],[116.09699249267578,6.0940007467323625],[116.09707832336426,6.09344599962408],[116.09686374664307,6.091973783364551],[116.09669208526611,6.091483043714135],[116.09652042388916,6.091269678508823],[116.09652042388916,6.091141659344942],[116.09677791595459,6.091034976685052],[116.09709978103638,6.090416216839699],[116.09744310379028,6.090053495219564],[116.09772205352783,6.089861466027358],[116.09793663024902,6.089733446527731],[116.09881639480591,6.089626763588086],[116.0990309715271,6.089477407436959],[116.09922409057617,6.089008002120153],[116.09926700592041,6.088730626058322],[116.09924554824829,6.088303893375766],[116.0995888710022,6.087429090316789],[116.09785079956055,6.086831663018913],[116.09782934188843,6.086746316207851],[116.09800100326538,6.086383592109556],[116.09808683395386,6.08636225539027],[116.09976053237915,6.086981019905664],[116.10018968582153,6.086874336419356],[116.10156297683716,6.0873650802809465],[116.10227108001709,6.087066366679451],[116.10327959060669,6.08587151061279],[116.10327959060669,6.0857648269062],[116.10289335250854,6.0849113564911335],[116.10237836837769,6.083929863838364],[116.1028504371643,6.0827776745245785],[116.10278606414795,6.082713663934754],[116.10280752182007,6.082030883835699],[116.10265731811523,6.081433450537858],[116.10246419906616,6.081156070566806],[116.10255002975464,6.081006712061608],[116.10188484191895,6.080515962395324],[116.10171318054199,6.07932109177041],[116.10169172286987,6.078168892582923],[116.1018419265747,6.077870173872299],[116.1019492149353,6.077784825638801],[116.10224962234497,6.077763488578313],[116.10445976257324,6.078403600024927],[116.10467433929443,6.078552959252917],[116.10488891601562,6.078744992485113],[116.10488891601562,6.05179565978203],[116.01425170898438,6.05179565978203],[116.01425170898438,6.1419201924305185],[116.10488891601562,6.1419201924305185],[116.10488891601562,6.11525139604332]],[[116.07154369354248,6.074349548004747],[116.07139348983765,6.074178850407733],[116.07130765914917,6.07390146669718],[116.07130765914917,6.073602745618288],[116.071457862854,6.073368036082925],[116.07199430465698,6.072727918648326],[116.0724663734436,6.072023788591494],[116.07255220413208,6.071597042654517],[116.07253074645996,6.071170296379435],[116.07173681259155,6.069847380778441],[116.07105016708374,6.069015222526502],[116.07079267501831,6.068865860652949],[116.07004165649414,6.068929872889555],[116.06978416442871,6.068844523239065],[116.0695481300354,6.068673823897569],[116.0694408416748,6.068417774783896],[116.06939792633057,6.06816172554862],[116.06952667236328,6.067948351092937],[116.06995582580566,6.0675002644610885],[116.06997728347778,6.067180202353143],[116.06982707977295,6.066732115082743],[116.06941938400269,6.0661773398510235],[116.06903314590454,6.065473201234809],[116.06879711151123,6.064705048968406],[116.0686469078064,6.063510143268104],[116.06862545013428,6.062592624594387],[116.06868982315063,6.061824468225538],[116.06851816177368,6.060821595764708],[116.06828212738037,6.060010761348622],[116.06802463531494,6.059455979204117],[116.0676383972168,6.058965209908649],[116.06772422790527,6.05855979145845],[116.06856107711792,6.059349290264805],[116.06941938400269,6.059541330340394],[116.06969833374023,6.059754708122014],[116.07068538665771,6.0594986547739325],[116.07092142105103,6.059626681463172],[116.07124328613281,6.059648019241763],[116.07147932052612,6.060053436874583],[116.07158660888672,6.060096112397147],[116.07197284698486,6.060181463432187],[116.07362508773804,6.060352165461779],[116.07394695281982,6.060437516456318],[116.07450485229492,6.060778920299498],[116.07474088668823,6.061034973040137],[116.07476234436035,6.061269687945639],[116.07532024383545,6.062315234920689],[116.07547044754028,6.063019377660012],[116.07564210891724,6.063424792759633],[116.07577085494995,6.06359549376306],[116.07566356658936,6.064854411994773],[116.07589960098267,6.065707914209042],[116.07624292373657,6.066134664809553],[116.07643604278564,6.066284027439906],[116.0786247253418,6.067158864872525],[116.07877492904663,6.067350902167689],[116.07886075973511,6.0676069517881785],[116.07954740524292,6.068375099919805],[116.0795259475708,6.068503124501973],[116.07937574386597,6.068673823897569],[116.07916116714478,6.069057897339917],[116.0789680480957,6.069527320064395],[116.07888221740723,6.069975405010851],[116.07838869094849,6.071191633701233],[116.07834577560425,6.071447681496693],[116.07838869094849,6.071767741069877],[116.07853889465332,6.072109137738323],[116.07860326766968,6.073538733936971],[116.07875347137451,6.074221524812074],[116.07974052429199,6.076419252061953],[116.07982635498047,6.076547274731979],[116.08021259307861,6.0766326231617285],[116.0804271697998,6.077123376370224],[116.08040571212769,6.077230061791127],[116.08016967773438,6.077230061791127],[116.07980489730835,6.07701669092819],[116.0795259475708,6.076717971577963],[116.07886075973511,6.076675297371537],[116.07860326766968,6.076589948948538],[116.07602834701538,6.074541582736714],[116.07426881790161,6.073538733936971],[116.07283115386963,6.0732826871356025],[116.07253074645996,6.073325361610941],[116.07227325439453,6.073453385016705],[116.07197284698486,6.0737307689581],[116.07186555862427,6.073922803910747],[116.0719084739685,6.074306873610567],[116.07175827026367,6.074392222395545],[116.07154369354248,6.074349548004747]],[[116.08813047409058,6.08047328849014],[116.08800172805786,6.080131897126762],[116.08776569366455,6.079747831583987],[116.0877013206482,6.0795131247284075],[116.08774423599243,6.079363765766985],[116.08763694763184,6.079193069760322],[116.08744382858276,6.079043710710039],[116.08722925186157,6.078552959252917],[116.08716487884521,6.078275577796532],[116.08727216720581,6.078040870298679],[116.0873794555664,6.077998196197157],[116.08767986297607,6.078040870298679],[116.08785152435303,6.0783395889145595],[116.08806610107422,6.078595633310442],[116.08866691589355,6.078766329506664],[116.08886003494263,6.079043710710039],[116.08886003494263,6.079555798709777],[116.08890295028687,6.0797691685657895],[116.08903169631958,6.080046549252074],[116.08898878097534,6.080217244987935],[116.08903169631958,6.080366603712349],[116.08911752700806,6.080451951536276],[116.08907461166382,6.080515962395324],[116.08901023864746,6.080665321036818],[116.08877420425415,6.080750668813337],[116.08813047409058,6.08047328849014]],[[116.09572649002075,6.085508785923992],[116.096670627594,6.085850173873155],[116.09669208526611,6.086042204499265],[116.0965633392334,6.086319581949141],[116.09538316726685,6.085935520826567],[116.09441757202148,6.086127551422166],[116.09431028366089,6.086042204499265],[116.09373092651367,6.086106214692705],[116.09355926513672,6.086063541231255],[116.09317302703857,6.085594132931618],[116.09310865402222,6.085444775659383],[116.0930871963501,6.085274081583137],[116.09295845031738,6.085146060990368],[116.0928726196289,6.084804672593947],[116.09270095825195,6.084761999029141],[116.0924220085144,6.084249915987272],[116.09240055084229,6.084185905572738],[116.09248638153076,6.084164568766198],[116.09244346618652,6.0840152110967125],[116.09255075454712,6.083737832457558],[116.09282970428467,6.08363114832747],[116.09280824661255,6.083460453675272],[116.09285116195679,6.083396443166734],[116.09349489212036,6.083353769490145],[116.09377384185791,6.083481790509765],[116.09400987625122,6.0837805061036505],[116.0940957069397,6.08410055834149],[116.09531879425049,6.084719325460952],[116.09527587890625,6.084804672593947],[116.09538316726685,6.084868682934783],[116.0956621170044,6.085316755107286],[116.09557628631592,6.085402102145395],[116.09572649002075,6.085508785923992]],[[116.09637022018433,6.087706467050708],[116.0963487625122,6.087450426993726],[116.09609127044678,6.087322406919469],[116.09598398208618,6.087215723500961],[116.09591960906982,6.087002356600394],[116.09598398208618,6.086831663018913],[116.09613418579102,6.086895673118306],[116.09637022018433,6.087130376750892],[116.09662771224976,6.087215723500961],[116.096670627594,6.087301070237459],[116.09658479690552,6.087514437019408],[116.09669208526611,6.087685130383946],[116.09684228897095,6.087770477045893],[116.09675645828247,6.08789849701337],[116.09664916992188,6.087877160354239],[116.09637022018433,6.087706467050708]]]}},{"type":"Feature","id":"pmtiles:12/3369/1978:water:760:0","properties":{"class":"ocean","water":"ocean","kind":"waterway","verification":"verified","source":"OpenMapTiles/OpenStreetMap national PMTiles","sourceId":"12/3369/1978:water:760:0","sourceLayer":"water","archive":"https://its.hanifahseptiani45.workers.dev/v1/map/archive/indonesia.pmtiles","updatedAt":"2026-07-26T10:36:40.065Z"},"geometry":{"type":"Polygon","coordinates":[[[116.10323667526245,6.1149740335630725],[116.10214233398438,6.1149313623994885],[116.10214233398438,6.1419201924305185],[116.13761186599731,6.1419201924305185],[116.13733291625977,6.140917469817765],[116.13735437393188,6.140640120676636],[116.13812685012817,6.1398294069744],[116.13855600357056,6.139573391864687],[116.13864183425903,6.139552057266641],[116.13896369934082,6.1396373956536365],[116.13911390304565,6.139594726461851],[116.1395001411438,6.13923203819364],[116.1398434638977,6.1392960420236165],[116.13922119140625,6.13831464911884],[116.13827705383301,6.136565205109449],[116.1380410194397,6.137269250340452],[116.13786935806274,6.137461262514748],[116.13724708557129,6.137781282651474],[116.13709688186646,6.1379519599791195],[116.13694667816162,6.138421322348236],[116.13671064376831,6.13872000727693],[116.136474609375,6.138869349678487],[116.13563776016235,6.1390186920381495],[116.1348009109497,6.1390826958937765],[116.13450050354004,6.13904002665754],[116.13426446914673,6.138976022796797],[116.13269805908203,6.138058633281133],[116.13235473632812,6.137759947981664],[116.12932920455933,6.134325055004979],[116.1261534690857,6.131444848182227],[116.12390041351318,6.129738051614069],[116.12304210662842,6.128991326398392],[116.11866474151611,6.12414825463695],[116.11799955368042,6.1235722035302445],[116.11624002456665,6.121844046482295],[116.11428737640381,6.120073213090521],[116.1129355430603,6.119049113992844],[116.1110258102417,6.117832993765589],[116.10924482345581,6.11685156138941],[116.1075496673584,6.1161048181571545],[116.10525369644165,6.115336738315975],[116.10430955886841,6.115123382608758],[116.10323667526245,6.1149740335630725]]]}},{"type":"Feature","id":"pmtiles:12/3369/1978:water:760:1","properties":{"class":"ocean","water":"ocean","kind":"waterway","verification":"verified","source":"OpenMapTiles/OpenStreetMap national PMTiles","sourceId":"12/3369/1978:water:760:1","sourceLayer":"water","archive":"https://its.hanifahseptiani45.workers.dev/v1/map/archive/indonesia.pmtiles","updatedAt":"2026-07-26T10:36:40.065Z"},"geometry":{"type":"Polygon","coordinates":[[[116.10214233398438,6.080707994926769],[116.10214233398438,6.087130376750892],[116.10227108001709,6.087066366679451],[116.10327959060669,6.08587151061279],[116.10327959060669,6.0857648269062],[116.10289335250854,6.0849113564911335],[116.10237836837769,6.083929863838364],[116.1028504371643,6.0827776745245785],[116.10278606414795,6.082713663934754],[116.10280752182007,6.082030883835699],[116.10265731811523,6.081433450537858],[116.10246419906616,6.081156070566806],[116.10255002975464,6.081006712061608],[116.10214233398438,6.080707994926769]]]}},{"type":"Feature","id":"pmtiles:12/3369/1978:water:760:2","properties":{"class":"ocean","water":"ocean","kind":"waterway","verification":"verified","source":"OpenMapTiles/OpenStreetMap national PMTiles","sourceId":"12/3369/1978:water:760:2","sourceLayer":"water","archive":"https://its.hanifahseptiani45.workers.dev/v1/map/archive/indonesia.pmtiles","updatedAt":"2026-07-26T10:36:40.065Z"},"geometry":{"type":"Polygon","coordinates":[[[116.10214233398438,6.05179565978203],[116.10214233398438,6.077784825638801],[116.10224962234497,6.077763488578313],[116.10445976257324,6.078403600024927],[116.10467433929443,6.078552959252917],[116.10555410385132,6.079363765766985],[116.10570430755615,6.0796411466623255],[116.10594034194946,6.079833179506082],[116.10602617263794,6.080003875309657],[116.10574722290039,6.08077200575535],[116.10621929168701,6.0814547874527705],[116.1066484451294,6.081945536262367],[116.10677719116211,6.081860188675478],[116.10690593719482,6.081646819648995],[116.10703468322754,6.081604145833538],[116.10714197158813,6.081668156555466],[116.10718488693237,6.081753504172809],[116.1069917678833,6.082201578941735],[116.10703468322754,6.082350937115095],[116.10804319381714,6.083076390509703],[116.10939502716064,6.0837805061036505],[116.10965251922607,6.083801842925439],[116.10973834991455,6.083887190204123],[116.10986709594727,6.083865853385717],[116.11018896102905,6.084036547909179],[116.11021041870117,6.08454863115432],[116.10860109329224,6.087279733554595],[116.10924482345581,6.0875784470374725],[116.11051082611084,6.0875997837084554],[116.11173391342163,6.08828255673275],[116.11196994781494,6.088197210152174],[116.11207723617554,6.088090526907379],[116.11257076263428,6.087194386814716],[116.11265659332275,6.087151713439681],[116.11289262771606,6.087045029987266],[116.11308574676514,6.08708770337077],[116.11345052719116,6.087045029987266],[116.11370801925659,6.086767652911874],[116.11392259597778,6.086895673118306],[116.11364364624023,6.087386416960413],[116.11366510391235,6.0874931003450286],[116.1133861541748,6.087834487033447],[116.11297845840454,6.0885172597594135],[116.11297845840454,6.088623942919455],[116.11276388168335,6.088879982417097],[116.11244201660156,6.08939206104624],[116.11263513565063,6.089754783113136],[116.113600730896,6.089733446527731],[116.1140513420105,6.090522899622528],[116.11362218856812,6.0919951198609255],[116.11424446105957,6.0924431860886585],[116.11514568328857,6.0924431860886585],[116.11518859863281,6.092507195519232],[116.11518859863281,6.093040607143877],[116.1143946647644,6.094107428802829],[116.11435174942017,6.094854202702251],[116.114501953125,6.094982220980654],[116.11473798751831,6.0949182118452825],[116.11465215682983,6.095131575600206],[116.11486673355103,6.095387611994113],[116.11426591873169,6.095985029771455],[116.11364364624023,6.096006366108341],[116.11355781555176,6.0960917114474],[116.11299991607666,6.0960703751138965],[116.11312866210938,6.096625119508914],[116.11330032348633,6.097926632952905],[116.11347198486328,6.09824667675862],[116.11387968063354,6.098566720373327],[116.11445903778076,6.098694737765726],[116.11448049545288,6.098118659259242],[116.11454486846924,6.098097323006385],[116.11452341079712,6.097734606577802],[116.11518859863281,6.097798615377158],[116.11536026000977,6.097691934040682],[116.11553192138672,6.097649261500152],[116.11544609069824,6.098097323006385],[116.1155104637146,6.098161331762441],[116.11570358276367,6.098204004262229],[116.1158537864685,6.098118659259242],[116.11604690551758,6.097649261500152],[116.11647605895996,6.097670597770843],[116.11649751663208,6.097777279111554],[116.11656188964844,6.097798615377158],[116.11658334732056,6.097670597770843],[116.11722707748413,6.097606588956225],[116.11722707748413,6.097457235025743],[116.11729145050049,6.097457235025743],[116.11729145050049,6.097606588956225],[116.11737728118896,6.097606588956225],[116.11739873886108,6.097137190748967],[116.11849308013916,6.095323602907101],[116.11868619918823,6.09519558471014],[116.11969470977783,6.095622311914553],[116.12059593200684,6.095387611994113],[116.12061738967896,6.09455549326718],[116.12141132354736,6.09455549326718],[116.12175464630127,6.093574018238414],[116.12175464630127,6.093296644535414],[116.12147569656372,6.093125952954637],[116.12147569656372,6.09274189669938],[116.12241983413696,6.090586909282067],[116.12269878387451,6.090437553397962],[116.12304210662842,6.090586909282067],[116.12310647964478,6.091056313218729],[116.1225700378418,6.092208484777913],[116.12252712249756,6.092400513130713],[116.1238145828247,6.092379176650454],[116.12387895584106,6.09351000893507],[116.12550973892212,6.093317980979208],[116.12570285797119,6.093232635198987],[116.12574577331543,6.093125952954637],[116.12565994262695,6.091312351556667],[116.12572431564331,6.091205668930712],[116.12587451934814,6.091205668930712],[116.12630367279053,6.0916537358173315],[116.12658262252808,6.091781754859113],[116.12692594528198,6.091739081848587],[116.12754821777344,6.091483043714135],[116.12774133682251,6.091568389772533],[116.12778425216675,6.0916323993074],[116.12776279449463,6.091781754859113],[116.1268401145935,6.0930619435978315],[116.12651824951172,6.09338199030546],[116.12608909606934,6.093638027534141],[116.12576723098755,6.093723373249901],[116.12585306167603,6.0938087189520616],[116.126389503479,6.093872728219807],[116.12656116485596,6.0938087189520616],[116.12666845321655,6.09346733606192],[116.12724781036377,6.093424663185388],[116.12789154052734,6.093211298751825],[116.1285138130188,6.092805906094355],[116.1286211013794,6.09269922376518],[116.12872838973999,6.092315167204617],[116.12864255905151,6.091739081848587],[116.12868547439575,6.0916110627966304],[116.12902879714966,6.091291015033178],[116.12905025482178,6.091184332402946],[116.12819194793701,6.091098986283541],[116.1279559135437,6.091483043714135],[116.1278486251831,6.091525716745025],[116.12763404846191,6.0913550246011425],[116.12769842147827,6.09112032281466],[116.12763404846191,6.090970967078945],[116.12763404846191,6.090864284385148],[116.12776279449463,6.090821611301692],[116.12789154052734,6.090842947843825],[116.12799882888794,6.090757601670134],[116.1286211013794,6.089818792864207],[116.1288571357727,6.089562753814107],[116.1290717124939,6.089562753814107],[116.12932920455933,6.090010822071676],[116.12915754318237,6.090202851210464],[116.12905025482178,6.090096168364056],[116.1289644241333,6.090096168364056],[116.12849235534668,6.090714928578208],[116.1286211013794,6.090800274758692],[116.12866401672363,6.090736265124605],[116.12872838973999,6.090800274758692],[116.12879276275635,6.091056313218729],[116.12894296646118,6.091034976685052],[116.12902879714966,6.090821611301692],[116.12954378128052,6.0910136401505355],[116.12967252731323,6.0909923036151525],[116.12980127334595,6.090757601670134],[116.1298656463623,6.0903948802805985],[116.13181829452515,6.091056313218729],[116.13190412521362,6.090885620925604],[116.13235473632812,6.0909923036151525],[116.1324405670166,6.090800274758692],[116.13226890563965,6.090714928578208],[116.13226890563965,6.090586909282067],[116.13216161727905,6.090522899622528],[116.13121747970581,6.090117504935051],[116.13003730773926,6.089733446527731],[116.1295223236084,6.089712109941502],[116.12935066223145,6.089648100177698],[116.12926483154297,6.089413397645188],[116.12937211990356,6.089264041434717],[116.12905025482178,6.089114685182736],[116.12874984741211,6.088325230017958],[116.13044500350952,6.0873650802809465],[116.13168954849243,6.086042204499265],[116.13190412521362,6.086084877962421],[116.13177537918091,6.085466112415091],[116.13179683685303,6.085338091868067],[116.13192558288574,6.0852527448197975],[116.13190412521362,6.085210071290575],[116.13175392150879,6.085188734524692],[116.13166809082031,6.085146060990368],[116.131432056427,6.084612641525666],[116.13089561462402,6.0843992735915435],[116.12973690032959,6.084826009375064],[116.12969398498535,6.085082050682573],[116.12954378128052,6.085167397757957],[116.12943649291992,6.085124724221956],[116.12911462783813,6.084761999029141],[116.12926483154297,6.0846339783144145],[116.12928628921509,6.084505957569178],[116.12870693206787,6.083567137839239],[116.12855672836304,6.083439116839941],[116.12810611724854,6.08331109581016],[116.12789154052734,6.082991043102325],[116.1279559135437,6.082201578941735],[116.12611055374146,6.081881525573465],[116.12600326538086,6.0819241993669095],[116.12587451934814,6.081881525573465],[116.12561702728271,6.081988210050724],[116.12550973892212,6.081881525573465],[116.12550973892212,6.081838851776638],[116.12565994262695,6.081710830365822],[116.12574577331543,6.0814547874527705],[116.12611055374146,6.081326765950536],[116.12628221511841,6.0814547874527705],[116.12793445587158,6.081838851776638],[116.12791299819946,6.081668156555466],[116.12709760665894,6.079705157617866],[116.12999439239502,6.077806162698437],[116.13003730773926,6.077443432569439],[116.12995147705078,6.076099195253647],[116.1298656463623,6.075715126832506],[116.12954378128052,6.075053675020385],[116.12883567810059,6.074242862012966],[116.12868547439575,6.074157513204312],[116.12632513046265,6.074114838794912],[116.12621784210205,6.074136176000039],[116.12617492675781,6.074264199213005],[116.12602472305298,6.0743708852005796],[116.12557411193848,6.0739441411234765],[116.12542390823364,6.073986815546405],[116.12548828125,6.073880129482745],[116.12544536590576,6.073837455051361],[116.12565994262695,6.073688094514878],[116.12563848495483,6.073517396708169],[116.12529516220093,6.073261349896654],[116.12505912780762,6.073602745618288],[116.12486600875854,6.073496059478529],[116.12490892410278,6.073410710551499],[116.12486600875854,6.0733466988473594],[116.1250376701355,6.073090651954672],[116.12471580505371,6.072877279451106],[116.12460851669312,6.073005302963395],[116.12452268600464,6.073005302963395],[116.12460851669312,6.072813267683557],[116.12439393997192,6.072727918648326],[116.12439393997192,6.072471871461445],[116.12297773361206,6.07074354976632],[116.12231254577637,6.071191633701233],[116.1215615272522,6.072066463166607],[116.12119674682617,6.071661054566604],[116.1205530166626,6.072301173269224],[116.12177610397339,6.07420018761033],[116.12070322036743,6.074989663511559],[116.11915826797485,6.07289861670526],[116.12012386322021,6.072215824152835],[116.11885786056519,6.070530176332994],[116.12209796905518,6.068225737868843],[116.12209796905518,6.06796968854232],[116.12151861190796,6.0672442147899375],[116.12162590026855,6.067094852425583],[116.12199068069458,6.066796127572758],[116.12207651138306,6.0666681025851545],[116.12205505371094,6.066433390028905],[116.12173318862915,6.065963964609878],[116.12175464630127,6.065878614489776],[116.12465143203735,6.063830207554545],[116.12501621246338,6.0633181046050595],[116.12606763839722,6.062656637575742],[116.1261534690857,6.0626779752345215],[116.12628221511841,6.0629126894252465],[116.126389503479,6.0633181046050595],[116.12628221511841,6.064000908429662],[116.12565994262695,6.064171609250735],[116.12574577331543,6.06423562204472],[116.12587451934814,6.064150271651059],[116.12632513046265,6.06402224603525],[116.12641096115112,6.063766194712443],[116.12651824951172,6.063744857096722],[116.12653970718384,6.063403455130398],[116.12671136856079,6.0629126894252465],[116.12677574157715,6.06252861160543],[116.12673282623291,6.062165871191155],[116.12677574157715,6.061931156675499],[116.12688302993774,6.061867143608055],[116.1270546913147,6.061888481298055],[116.12754821777344,6.062144533512139],[116.1280632019043,6.060821595764708],[116.12804174423218,6.0606508938836186],[116.12823486328125,6.060480191948528],[116.12797737121582,6.060138787916358],[116.12797737121582,6.060010761348622],[116.12866401672363,6.059626681463172],[116.12874984741211,6.059519992557597],[116.12864255905151,6.0592426013043905],[116.12864255905151,6.058794507440425],[116.12849235534668,6.058602467099121],[116.1284065246582,6.058367751033657],[116.12847089767456,6.0580903591883555],[116.12842798233032,6.057983669979137],[116.12827777862549,6.05785564290025],[116.12778425216675,6.057663602224977],[116.12774133682251,6.0575782507918206],[116.12782716751099,6.0573862100178815],[116.12782716751099,6.057215507050373],[116.12690448760986,6.056297977675456],[116.1264967918396,6.056169950196875],[116.12602472305298,6.056105936446215],[116.1248230934143,6.056383329310989],[116.12469434738159,6.056490018836428],[116.12469434738159,6.056532694640708],[116.12486600875854,6.056532694640708],[116.12497329711914,6.056618046239123],[116.12495183944702,6.056874100953465],[116.12484455108643,6.057002128265111],[116.12443685531616,6.057087479789331],[116.12439393997192,6.057236844924262],[116.12439393997192,6.05768494008116],[116.12428665161133,6.057791629349424],[116.1241364479065,6.058175710540567],[116.12420082092285,6.058325075374441],[116.12415790557861,6.058517115814411],[116.12379312515259,6.058773169628097],[116.1234712600708,6.0588158452519],[116.12259149551392,6.058623804918199],[116.12222671508789,6.058431764516186],[116.12158298492432,6.058367751033657],[116.12119674682617,6.058133034866145],[116.12020969390869,6.058047683507212],[116.11995220184326,6.0581543727037825],[116.11978054046631,6.058346413204461],[116.11939430236816,6.058623804918199],[116.11896514892578,6.059178587918026],[116.11879348754883,6.0592426013043905],[116.11862182617188,6.059477316989444],[116.11849308013916,6.059477316989444],[116.11827850341797,6.059349290264805],[116.11795663833618,6.059285276891089],[116.11744165420532,6.0588585208723345],[116.11699104309082,6.059114574524074],[116.11666917800903,6.05855979145845],[116.11636877059937,6.058197048376485],[116.11600399017334,6.057428885751335],[116.11604690551758,6.057215507050373],[116.11598253250122,6.057066141909544],[116.11482381820679,6.055380446741623],[116.11441612243652,6.054996363562296],[116.11357927322388,6.054441576265603],[116.11321449279785,6.054121506412159],[116.11272096633911,6.0534813661363955],[116.11181974411011,6.0520943929370645],[116.11156225204468,6.05179565978203],[116.10214233398438,6.05179565978203]],[[116.12711906433105,6.083460453675272],[116.12720489501953,6.083481790509765],[116.12729072570801,6.08363114832747],[116.12726926803589,6.083716495633226],[116.1261534690857,6.084527294362189],[116.12602472305298,6.084527294362189],[116.12589597702026,6.084292589592735],[116.12623929977417,6.084036547909179],[116.12628221511841,6.083887190204123],[116.12658262252808,6.08363114832747],[116.12666845321655,6.08363114832747],[116.12671136856079,6.083716495633226],[116.12711906433105,6.083460453675272]]]}},{"type":"Feature","id":"pmtiles:12/3367/1979:water:760:1","properties":{"class":"ocean","water":"ocean","kind":"waterway","verification":"verified","source":"OpenMapTiles/OpenStreetMap national PMTiles","sourceId":"12/3367/1979:water:760:1","sourceLayer":"water","archive":"https://its.hanifahseptiani45.workers.dev/v1/map/archive/indonesia.pmtiles","updatedAt":"2026-07-26T10:37:15.224Z"},"geometry":{"type":"Polygon","coordinates":[[[116.01699829101562,6.040614385865467],[116.01699829101562,6.038373835636079],[116.01676225662231,6.038565883161809],[116.01689100265503,6.0396328126202405],[116.01659059524536,6.040059583815065],[116.01699829101562,6.040614385865467]]]}},{"type":"Feature","id":"pmtiles:12/3368/1979:water:760:0","properties":{"class":"ocean","water":"ocean","kind":"waterway","verification":"verified","source":"OpenMapTiles/OpenStreetMap national PMTiles","sourceId":"12/3368/1979:water:760:0","sourceLayer":"water","archive":"https://its.hanifahseptiani45.workers.dev/v1/map/archive/indonesia.pmtiles","updatedAt":"2026-07-26T10:37:15.306Z"},"geometry":{"type":"Polygon","coordinates":[[[116.01435899734497,6.04404987820844],[116.01425170898438,6.043964524625565],[116.01425170898438,6.054526928194491],[116.10488891601562,6.054526928194491],[116.10488891601562,5.996527193516769],[116.10473871231079,5.996377811671735],[116.10458850860596,5.996143068689719],[116.10443830490112,5.9953748182241355],[116.10422372817993,5.995118734495193],[116.10072612762451,5.992877996740177],[116.09855890274048,5.991832315972715],[116.09804391860962,5.991939018183615],[116.09785079956055,5.9918963373017675],[116.09761476516724,5.991960358623302],[116.09755039215088,5.992024379937334],[116.09272241592407,5.993368825797305],[116.09225034713745,5.993774292946313],[116.09203577041626,5.994073058021215],[116.09079122543335,5.9964845129937885],[116.09019041061401,5.99753018484536],[116.08989000320435,5.997871628281061],[116.08946084976196,5.998149050915131],[116.08858108520508,5.998447813594012],[116.08780860900879,5.998447813594012],[116.08731508255005,5.998341112656064],[116.08686447143555,5.998170391111913],[116.08594179153442,5.9975515250663705],[116.08418226242065,5.9988105966268535],[116.08330249786377,5.9975515250663705],[116.08306646347046,5.9962497700576876],[116.08291625976562,5.996271110328792],[116.08283042907715,5.996057707580306],[116.08229398727417,5.995289456994513],[116.08218669891357,5.9952681166850255],[116.08214378356934,5.995118734495193],[116.08173608779907,5.994478524646965],[116.08156442642212,5.994371822932564],[116.08154296875,5.9942224404973246],[116.08072757720947,5.993091400732297],[116.07909679412842,5.992643252252492],[116.07892513275146,5.992344486394842],[116.07898950576782,5.991682932842423],[116.07868909835815,5.99102137848827],[116.07834577560425,5.99053054732039],[116.0784101486206,5.990338482830239],[116.07877492904663,5.989975694164528],[116.07866764068604,5.989868991569921],[116.07881784439087,5.98971960790243],[116.07860326766968,5.989335478284104],[116.07770204544067,5.989655586318136],[116.07776641845703,5.989826310526226],[116.075599193573,5.991469528299632],[116.07510566711426,5.990594568802095],[116.07562065124512,5.989484862056685],[116.07553482055664,5.989399499905929],[116.07583522796631,5.98888732672124],[116.07562065124512,5.988012363086298],[116.07519149780273,5.98722276055409],[116.07501983642578,5.986774607257843],[116.07506275177002,5.986454497535462],[116.07512712478638,5.986411816224972],[116.07497692108154,5.986027684280543],[116.07484817504883,5.985856958885222],[116.07463359832764,5.9859636622635435],[116.07452630996704,5.98572891480373],[116.0745906829834,5.985771596167567],[116.07471942901611,5.985664892751728],[116.07452630996704,5.98536612307656],[116.07429027557373,5.985238078880059],[116.07394695281982,5.984704561071695],[116.07394695281982,5.98459785744754],[116.0730242729187,5.983957635265057],[116.07289552688599,5.9840856797615345],[116.07270240783691,5.983829590738566],[116.07283115386963,5.983722886943582],[116.07270240783691,5.983530820060139],[116.07229471206665,5.98378690922307],[116.07197284698486,5.983253389998225],[116.07175827026367,5.983381434659677],[116.0715651512146,5.983104004521948],[116.07173681259155,5.982954619004872],[116.0711145401001,5.982036964218679],[116.07154369354248,5.98175953339873],[116.07051372528076,5.980222990924375],[116.07047080993652,5.980244331821638],[116.06986999511719,5.97928399062053],[116.06982707977295,5.979305331554443],[116.06924772262573,5.978344988704876],[116.06907606124878,5.978451693549189],[116.06901168823242,5.978409011613962],[116.0686469078064,5.977832805162521],[116.06826066970825,5.977491349201259],[116.06811046600342,5.976979164859856],[116.06772422790527,5.976466980039092],[116.0675311088562,5.976338933758996],[116.06750965118408,5.976168205338951],[116.06770277023315,5.975954794738996],[116.06772422790527,5.975762725127893],[116.06748819351196,5.975421267875063],[116.06735944747925,5.975101151507104],[116.06703758239746,5.974588964928998],[116.06654405593872,5.973906048746159],[116.06647968292236,5.9733938610500275],[116.06521368026733,5.971793271411983],[116.06512784957886,5.971750588957619],[116.06504201889038,5.971857295087332],[116.0641622543335,5.975335903528588],[116.06386184692383,5.976061500049369],[116.06390476226807,5.976104182167703],[116.06403350830078,5.976040158988951],[116.06420516967773,5.976210887448943],[116.06409788131714,5.976296251658994],[116.06424808502197,5.976552344209168],[116.06437683105469,5.977021846906609],[116.06431245803833,5.97740598517764],[116.0639476776123,5.977341962151186],[116.0639476776123,5.9773846441696605],[116.0643982887268,5.977491349201259],[116.06433391571045,5.977747441192179],[116.06424808502197,5.977747441192179],[116.06420516967773,5.977960851093044],[116.06276750564575,5.979262649685822],[116.06242418289185,5.979305331554443],[116.06242418289185,5.979348013419738],[116.06062173843384,5.979006558404123],[116.06027841567993,5.979006558404123],[116.05982780456543,5.979177285938562],[116.05950593948364,5.979219967813862],[116.05918407440186,5.979177285938562],[116.05899095535278,5.979006558404123],[116.0585618019104,5.97819560188789],[116.05841159820557,5.977726100197515],[116.05843305587769,5.977555372210205],[116.0582184791565,5.976744413543173],[116.05826139450073,5.976680390439313],[116.05806827545166,5.976104182167703],[116.05793952941895,5.9759121126090236],[116.05776786804199,5.975442608959611],[116.05768203735352,5.975015787110721],[116.05761766433716,5.9738847076017265],[116.05746746063232,5.973329837554331],[116.05690956115723,5.972838990505281],[116.05673789978027,5.972348143016262],[116.05695247650146,5.97136644671852],[116.05697393417358,5.970939621692452],[116.05650186538696,5.969723168543723],[116.05652332305908,5.969552438061115],[116.05663061141968,5.969467072799844],[116.05658769607544,5.969275000913385],[116.0564374923706,5.969210976936267],[116.05628728866577,5.968528054048264],[116.0560941696167,5.968101226811086],[116.0560941696167,5.967759764782016],[116.05615854263306,5.967717082013436],[116.05624437332153,5.967759764782016],[116.05663061141968,5.968400005912017],[116.05731725692749,5.968229275017151],[116.0574460029602,5.966351231663651],[116.05583667755127,5.966223183018869],[116.05480670928955,5.967119522904156],[116.05476379394531,5.967268912742568],[116.055428981781,5.967994519949855],[116.05547189712524,5.968378664553072],[116.05530023574829,5.968400005912017],[116.05530023574829,5.968015861323778],[116.0546350479126,5.967268912742568],[116.05461359024048,5.967162205719291],[116.05527877807617,5.966479280278506],[116.05517148971558,5.965988427092469],[116.05502128601074,5.96573232960354],[116.05478525161743,5.965582939346447],[116.05349779129028,5.965348183145892],[116.05319738388062,5.965070743870214],[116.05289697647095,5.9644945233876],[116.05293989181519,5.964387815824367],[116.01425170898438,5.964387815824367],[116.01425170898438,5.96573232960354],[116.01463794708252,5.966052451445989],[116.01476669311523,5.966372573101523],[116.01476669311523,5.966863425943629],[116.0146164894104,5.967204888531086],[116.01442337036133,5.967418302540224],[116.01425170898438,5.967482326726767],[116.01425170898438,6.010824980611986],[116.01483106613159,6.010590243854722],[116.015625,6.011273114140124],[116.01586103439331,6.0119133042543496],[116.0155177116394,6.012212059383188],[116.01588249206543,6.01315100300566],[116.01635456085205,6.0135777950255545],[116.01633310317993,6.014324680254475],[116.01671934127808,6.014196642859503],[116.01701974868774,6.014367359379435],[116.01744890213013,6.013556455432521],[116.01817846298218,6.013300380250726],[116.01817846298218,6.013001625719596],[116.01845741271973,6.012873588013164],[116.01871490478516,6.011806605954291],[116.01880073547363,6.011209095087281],[116.01907968521118,6.010462205580808],[116.01927280426025,6.010355506996191],[116.01950883865356,6.010675602687272],[116.01974487304688,6.010782301209105],[116.019766330719,6.011209095087281],[116.01972341537476,6.011614548961447],[116.01950883865356,6.012190719736566],[116.01957321166992,6.012382776525996],[116.01991653442383,6.012574833247626],[116.02109670639038,6.012809569148644],[116.02174043655396,6.012233399028958],[116.02197647094727,6.0116999076333],[116.02251291275024,6.0100354111168315],[116.02341413497925,6.0066637230867315],[116.02395057678223,6.005895487450218],[116.02427244186401,6.005703428371746],[116.0247015953064,6.005746108172815],[116.02517366409302,6.006258265524735],[116.02551698684692,6.007111860040865],[116.02528095245361,6.007538656797109],[116.02540969848633,6.009437898304981],[116.025710105896,6.009523257318264],[116.02596759796143,6.009331199519565],[116.02607488632202,6.009096462117981],[116.0262680053711,6.0090324428090724],[116.02658987045288,6.009587276569448],[116.02641820907593,6.009822013759333],[116.0267186164856,6.010483545295216],[116.02725505828857,6.010846320312183],[116.02826356887817,6.012638852139759],[116.02899312973022,6.012681531397007],[116.02935791015625,6.012062681839282],[116.03002309799194,6.012062681839282],[116.0305380821228,6.012212059383188],[116.030752658844,6.012638852139759],[116.03124618530273,6.012958946487473],[116.03150367736816,6.012852248392491],[116.03186845779419,6.011123736338433],[116.03186845779419,6.0101207700364085],[116.0319972038269,6.009843353498852],[116.03279113769531,6.009117801885935],[116.03287696838379,6.008883064392336],[116.03272676467896,6.008413589101437],[116.03281259536743,6.008285550315463],[116.0332202911377,6.008392249305871],[116.03364944458008,6.008968423492618],[116.03390693664551,6.0095445970694925],[116.03440046310425,6.009523257318264],[116.03482961654663,6.0094165585495745],[116.03504419326782,6.008861724615173],[116.03497982025146,6.007944113405642],[116.03515148162842,6.007431957639412],[116.03564500808716,6.00670640281254],[116.0355806350708,6.006151566116145],[116.03577375411987,6.005618068759574],[116.03637456893921,6.005575388948472],[116.03791952133179,6.004380352879778],[116.03819847106934,6.003889533734892],[116.038498878479,6.003889533734892],[116.03890657424927,6.003548094068947],[116.03929281234741,6.002438413676799],[116.0391640663147,6.001307390951737],[116.03828430175781,6.000795228945648],[116.03742599487305,5.999920284405292],[116.03716850280762,5.99925874004002],[116.03738307952881,5.9988105966268535],[116.03734016418457,5.998127710717526],[116.03766202926636,5.995652242128173],[116.03764057159424,5.994819969992832],[116.03809118270874,5.993859654412972],[116.03884220123291,5.993454187327387],[116.03997945785522,5.993710271837557],[116.04047298431396,5.9933474854126985],[116.04085922241211,5.992728613896048],[116.0407304763794,5.992088401243848],[116.04085922241211,5.991682932842423],[116.0411810874939,5.9917042732921],[116.04139566421509,5.9921097416776945],[116.04169607162476,5.99228046511837],[116.04199647903442,5.9928353159317425],[116.04238271713257,5.993091400732297],[116.04424953460693,5.99501203290599],[116.04502201080322,5.995182755438691],[116.04534387588501,5.995801624171918],[116.0465669631958,5.99659121429498],[116.04678153991699,5.996825957084127],[116.04673862457275,5.997210081430254],[116.0474681854248,5.997743587017723],[116.04776859283447,5.998533174329339],[116.04843378067017,5.999045338460633],[116.04918479919434,6.000880589313411],[116.0495924949646,6.002075633058453],[116.04974269866943,6.002843874082117],[116.0501503944397,6.003249334185696],[116.05023622512817,6.00442303278453],[116.05096578598022,6.0041029334174425],[116.05319738388062,6.003548094068947],[116.05429172515869,6.003078614178847],[116.05493545532227,6.002395733616595],[116.05551481246948,6.002225013342311],[116.05615854263306,6.0028865541072065],[116.05656623840332,6.002801194053646],[116.05757474899292,6.001776872367856],[116.0578966140747,6.001307390951737],[116.05796098709106,6.001051310008847],[116.0578966140747,6.000816569038847],[116.05759620666504,6.000560487865343],[116.05753183364868,6.000411107125245],[116.05695247650146,6.000026985034168],[116.05673789978027,5.999706883084841],[116.05678081512451,5.999536161968351],[116.05695247650146,5.99938678094756],[116.0574460029602,5.998703895759888],[116.05729579925537,5.998127710717526],[116.05736017227173,5.997914308695499],[116.05761766433716,5.9980850303198],[116.05781078338623,5.998490493963345],[116.05802536010742,5.998575854691978],[116.05892658233643,5.99840513322134],[116.05916261672974,5.998426473408088],[116.0594630241394,5.998831936797728],[116.05954885482788,5.998853276967779],[116.06053590774536,5.998426473408088],[116.06143712997437,5.997871628281061],[116.06145858764648,5.997764927230378],[116.06180191040039,5.997466164177368],[116.06225252151489,5.996889977827266],[116.06220960617065,5.996505853255698],[116.06246709823608,5.996143068689719],[116.06242418289185,5.995801624171918],[116.06255292892456,5.99567358242264],[116.06291770935059,5.995566880941951],[116.0636043548584,5.995438839137577],[116.06396913528442,5.995524200343851],[116.06401205062866,5.995588221239771],[116.06388330459595,5.995716263009072],[116.06386184692383,5.99603636730086],[116.0640549659729,5.996527193516769],[116.06549263000488,5.998362452845328],[116.06564283370972,5.99851183414674],[116.06615781784058,5.998703895759888],[116.06626510620117,5.998895957305379],[116.06630802154541,5.999130699102409],[116.06615781784058,5.99938678094756],[116.06602907180786,5.999429461243395],[116.06602907180786,5.999493481680872],[116.06590032577515,5.99957884225249],[116.06570720672607,5.99957884225249],[116.06564283370972,5.999642862672417],[116.06542825698853,5.9996001823933085],[116.06474161148071,5.999322760497563],[116.06456995010376,5.999152039260778],[116.06420516967773,5.999237399885843],[116.06343269348145,5.99957884225249],[116.06253147125244,6.000304406571544],[116.06253147125244,6.000389767016173],[116.06266021728516,6.000517807658056],[116.06266021728516,6.000581827967736],[116.06253147125244,6.000581827967736],[116.0624885559082,6.000667188368922],[116.06240272521973,6.000667188368922],[116.06235980987549,6.000539147762126],[116.06208086013794,6.000347086795543],[116.06201648712158,6.000197705996953],[116.06190919876099,6.000112345522254],[116.0615873336792,6.000091005401487],[116.06139421463013,6.000005644910075],[116.06079339981079,6.000389767016173],[116.06027841567993,6.000944609580472],[116.06036424636841,6.0010299699248435],[116.06014966964722,6.001222030650808],[116.06014966964722,6.00132873102487],[116.05989217758179,6.001670172081518],[116.05982780456543,6.001862232581885],[116.05980634689331,6.002075633058453],[116.06051445007324,6.004935191380596],[116.06111526489258,6.004956531311663],[116.06233835220337,6.009928712448556],[116.06274604797363,6.010462205580808],[116.06334686279297,6.0105262247215165],[116.06381893157959,6.011401152223243],[116.063711643219,6.011721247299178],[116.06281042098999,6.012745550276591],[116.06274604797363,6.014025926285981],[116.06334686279297,6.017312210911243],[116.06323957443237,6.0174829264528995],[116.06274604797363,6.017290871464766],[116.06223106384277,6.016736045562368],[116.06225252151489,6.016117200618538],[116.06160879135132,6.015156922586954],[116.06085777282715,6.0149862063149016],[116.06051445007324,6.014260661560769],[116.05969905853271,6.0138338700767235],[116.06042861938477,6.013215021830007],[116.06040716171265,6.012553493615243],[116.05999946594238,6.011870624936833],[116.0595703125,6.011486510928577],[116.05961322784424,6.010739621802884],[116.0590124130249,6.0100994303077755],[116.05864763259888,6.009822013759333],[116.05860471725464,6.009331199519565],[116.05828285217285,6.008947083718809],[116.05832576751709,6.008285550315463],[116.05787515640259,6.007922773591673],[116.05669498443604,6.00713319988661],[116.05465650558472,6.006642383222584],[116.05345487594604,6.006642383222584],[116.05231761932373,6.0070051607995225],[116.05190992355347,6.007239899102871],[116.05139493942261,6.007730715228263],[116.05090141296387,6.008456268690068],[116.05066537857056,6.008925743944161],[116.05066537857056,6.009224500713216],[116.05107307434082,6.009672635559312],[116.05090141296387,6.009928712448556],[116.05032205581665,6.010547564433423],[116.05006456375122,6.011209095087281],[116.05027914047241,6.011635888630678],[116.0507082939148,6.012126700791683],[116.05072975158691,6.012446795440738],[116.05085849761963,6.012958946487473],[116.05064392089844,6.012852248392491],[116.05019330978394,6.0124254558033385],[116.04984998703003,6.012233399028958],[116.04963541030884,6.012190719736566],[116.04942083358765,6.012212059383188],[116.04836940765381,6.012617512509905],[116.04774713516235,6.012382776525996],[116.04736089706421,6.012361436886067],[116.04703903198242,6.012084021490907],[116.04652404785156,6.0122974179612925],[116.0465669631958,6.0124254558033385],[116.04648113250732,6.012852248392491],[116.04596614837646,6.013449757454737],[116.04540824890137,6.0138125304937375],[116.04560136795044,6.014367359379435],[116.04540824890137,6.014751471353321],[116.04553699493408,6.015327638805417],[116.04658842086792,6.015989163645642],[116.0471248626709,6.016864082359348],[116.04710340499878,6.0174829264528995],[116.04751110076904,6.017995072756122],[116.04770421981812,6.019318115138944],[116.04794025421143,6.020107671155145],[116.04796171188354,6.020683832929308],[116.04819774627686,6.021003922539805],[116.04873418807983,6.021302672672746],[116.0490345954895,6.021814815375535],[116.04952812194824,6.022262939844353],[116.0499358177185,6.023052491580188],[116.05002164840698,6.023948738105375],[116.0504937171936,6.024268825791566],[116.05077266693115,6.024674269923139],[116.0511589050293,6.024802304849175],[116.05122327804565,6.025165070308901],[116.05107307434082,6.0253357833825305],[116.05107307434082,6.025655870250887],[116.05145931243896,6.025847922281315],[116.05154514312744,6.026573451560694],[116.05141639709473,6.026765503266418],[116.05135202407837,6.027277640816067],[116.05109453201294,6.027469692272589],[116.0507082939148,6.027469692272589],[116.05045080184937,6.027576387496836],[116.05010747909546,6.027896473043697],[116.04991436004639,6.028323253479101],[116.04980707168579,6.029518236912224],[116.0502576828003,6.030265100221143],[116.05012893676758,6.030819912299165],[116.05053663253784,6.03154543492937],[116.05042934417725,6.031609451585439],[116.04995727539062,6.031353384915846],[116.04929208755493,6.031246690434486],[116.04839086532593,6.031225351535696],[116.04699611663818,6.030862590127811],[116.04652404785156,6.0311399959321506],[116.0450005531311,6.030926606864483],[116.04362726211548,6.03107597922066],[116.04281187057495,6.031630790469109],[116.04203939437866,6.030798573383578],[116.04180335998535,6.029838321313406],[116.0406231880188,6.027213623648791],[116.03974342346191,6.026402738876328],[116.03813409805298,6.026168008847648],[116.03697538375854,6.026509434310341],[116.03452920913696,6.0260399742437585],[116.03362798690796,6.024610252448824],[116.03191137313843,6.0241834690937],[116.0310959815979,6.024460878312695],[116.02955102920532,6.023970077290329],[116.02892875671387,6.02422614744431],[116.02864980697632,6.024973018036889],[116.0289716720581,6.025378461642546],[116.02942228317261,6.025421139899208],[116.03004455566406,6.026402738876328],[116.03085994720459,6.026445417052457],[116.03103160858154,6.02710692835322],[116.03083848953247,6.027725760775525],[116.03006601333618,6.027832455949422],[116.0290789604187,6.028429948535518],[116.02886438369751,6.028323253479101],[116.02845668792725,6.0284512875442715],[116.02789878845215,6.028814050564833],[116.02777004241943,6.029048779448857],[116.02783441543579,6.029326186180867],[116.02785587310791,6.0310333014088116],[116.02768421173096,6.031374723809591],[116.02781295776367,6.0323563120144],[116.02697610855103,6.032740411262992],[116.02714776992798,6.033337898442113],[116.02749109268188,6.0341274340616025],[116.02731943130493,6.034234127976035],[116.02628946304321,6.033700658193865],[116.02521657943726,6.0323563120144],[116.02485179901123,6.03116133483428],[116.02356433868408,6.030158405525697],[116.02240562438965,6.028899406534407],[116.02191209793091,6.027981829157625],[116.02152585983276,6.027832455949422],[116.02064609527588,6.0277470998119895],[116.0194444656372,6.02778977788239],[116.01877927780151,6.028003168184014],[116.01826429367065,6.028365931504197],[116.01770639419556,6.029155474362582],[116.01734161376953,6.030137066584089],[116.01712703704834,6.030947945775026],[116.01742744445801,6.031993551363101],[116.01770639419556,6.033935384962703],[116.01768493652344,6.034980984788959],[116.01747035980225,6.035322404703493],[116.01740598678589,6.0357278405726476],[116.01770639419556,6.0365173727104064],[116.01732015609741,6.036858791656897],[116.01762056350708,6.037819031290354],[116.01676225662231,6.038565883161809],[116.01689100265503,6.0396328126202405],[116.01659059524536,6.040059583815065],[116.01766347885132,6.041489264866783],[116.01747035980225,6.042406819373554],[116.01624727249146,6.042748234606947],[116.01500272750854,6.043004295890654],[116.01435899734497,6.04404987820844]],[[116.07027769088745,6.013471097051976],[116.07019186019897,6.013535115838636],[116.07002019882202,6.0135777950255545],[116.0698914527893,6.013535115838636],[116.0698914527893,6.01336439905748],[116.06997728347778,6.013215021830007],[116.07017040252686,6.013215021830007],[116.07032060623169,6.01336439905748],[116.07027769088745,6.013471097051976]]]}},{"type":"Feature","id":"pmtiles:12/3369/1979:water:760:0","properties":{"class":"ocean","water":"ocean","kind":"waterway","verification":"verified","source":"OpenMapTiles/OpenStreetMap national PMTiles","sourceId":"12/3369/1979:water:760:0","sourceLayer":"water","archive":"https://its.hanifahseptiani45.workers.dev/v1/map/archive/indonesia.pmtiles","updatedAt":"2026-07-26T10:37:15.393Z"},"geometry":{"type":"Polygon","coordinates":[[[116.11370801925659,6.054526928194491],[116.11357927322388,6.054441576265603],[116.11321449279785,6.054121506412159],[116.11272096633911,6.0534813661363955],[116.11181974411011,6.0520943929370645],[116.11128330230713,6.051454250259781],[116.11061811447144,6.051091502406095],[116.11051082611084,6.051134178636801],[116.11033916473389,6.0513475597398525],[116.11014604568481,6.0514115740543275],[116.10999584197998,6.051326221633346],[116.10993146896362,6.051198192976571],[116.1099100112915,6.050728754308949],[116.10965251922607,6.049939242903079],[116.10988855361938,6.049683184902193],[116.11061811447144,6.049427126780046],[116.11076831817627,6.049085715761848],[116.11087560653687,6.048104157883728],[116.11085414886475,6.047229289577601],[116.11109018325806,6.046418434761932],[116.11109018325806,6.04477538311923],[116.1113691329956,6.043537756509281],[116.11186265945435,6.042257450141236],[116.11196994781494,6.041595957331211],[116.11190557479858,6.041105171820789],[116.11164808273315,6.040593047335577],[116.1106824874878,6.0396328126202405],[116.11059665679932,6.039440765472847],[116.110360622406,6.039184702503718],[116.110360622406,6.038971316603622],[116.11044645309448,6.038587221771579],[116.11055374145508,6.038459190100369],[116.11076831817627,6.038373835636079],[116.11128330230713,6.038501867327454],[116.11190557479858,6.037819031290354],[116.11201286315918,6.0373069036976545],[116.1121416091919,6.036133276138443],[116.1121416091919,6.035813195453812],[116.11184120178223,6.034404838195428],[116.11177682876587,6.034234127976035],[116.11156225204468,6.034148772846166],[116.11154079437256,6.033871368581288],[116.11128330230713,6.033401914886539],[116.11098289489746,6.0330178161066215],[116.11048936843872,6.032548361672696],[116.110360622406,6.032505683976737],[116.1099100112915,6.032569700519417],[116.10969543457031,6.032398989722111],[116.10960960388184,6.0322282788710595],[116.1096739768982,6.031716145995404],[116.10993146896362,6.031289368229551],[116.11018896102905,6.030947945775026],[116.11025333404541,6.030713217712844],[116.11014604568481,6.030307778093459],[116.10975980758667,6.029667609656286],[116.10948085784912,6.0283445924920755],[116.10909461975098,6.027427014177022],[116.10860109329224,6.026744164191356],[116.10804319381714,6.026317382514009],[116.10772132873535,6.02623202613826],[116.10724925994873,6.026466756139257],[116.10705614089966,6.026509434310341],[116.10673427581787,6.026253365233458],[116.10669136047363,6.026061313346503],[116.10679864883423,6.025719887601909],[116.10697031021118,6.025570513771115],[116.10731363296509,6.025463818152531],[116.10752820968628,6.025527835526191],[116.107656955719,6.025463818152531],[116.1080002784729,6.025186409446036],[116.1083436012268,6.025165070308901],[116.10851526260376,6.025101052892438],[116.10870838165283,6.024844983151127],[116.10881567001343,6.024546234966948],[116.10883712768555,6.023671328624715],[116.10860109329224,6.023031152359181],[116.10862255096436,6.022945795466754],[116.10881567001343,6.0229031170155025],[116.10888004302979,6.022839099332344],[116.1090087890625,6.022348296844115],[116.1089015007019,6.021281333382987],[116.10892295837402,6.020641154300321],[116.10849380493164,6.019936956438059],[116.10812902450562,6.018592576166583],[116.10812902450562,6.018293824543477],[116.10823631286621,6.017803017948978],[116.10920190811157,6.0149648667771345],[116.109459400177,6.014602094506827],[116.10978126525879,6.014346019817367],[116.11016750335693,6.014111284579442],[116.10993146896362,6.013791190909899],[116.10984563827515,6.0138338700767235],[116.10969543457031,6.0136204742091195],[116.1099100112915,6.013471097051976],[116.11006021499634,6.0136844929782],[116.10999584197998,6.013727172153381],[116.11025333404541,6.014068605434403],[116.11072540283203,6.013876549240209],[116.11128330230713,6.013748511739735],[116.11231327056885,6.013663153389331],[116.11233472824097,6.013129663395887],[116.11244201660156,6.012596172879185],[116.11207723617554,6.012510814347948],[116.11173391342163,6.012340097245314],[116.11109018325806,6.011870624936833],[116.11100435256958,6.0116572282990575],[116.11063957214355,6.01144383157758],[116.11061811447144,6.010995698190044],[116.11025333404541,6.009181821184811],[116.11016750335693,6.008136171693764],[116.10988855361938,6.0072185592612755],[116.10988855361938,6.007111860040865],[116.11006021499634,6.006834441969886],[116.11003875732422,6.006428984535006],[116.10965251922607,6.005340649927632],[116.10905170440674,6.003356034162792],[116.10905170440674,6.003206654189],[116.10928773880005,6.002865214095081],[116.10939502716064,6.002353053553037],[116.10930919647217,6.002032952969799],[116.10898733139038,6.001222030650808],[116.10898733139038,6.001008629840001],[116.109459400177,6.000859249222728],[116.10986709594727,6.001734192255839],[116.11053228378296,6.004230973186836],[116.11066102981567,6.007069180346832],[116.11096143722534,6.0079014337768655],[116.11139059066772,6.008584307435882],[116.11156225204468,6.006770422394979],[116.11126184463501,6.001264710802943],[116.11021041870117,5.997892968488699],[116.10941648483276,5.998490493963345],[116.10812902450562,5.99691131807333],[116.10750675201416,5.997508844623553],[116.10909461975098,6.000069665279881],[116.1093521118164,6.00060316806929],[116.1089015007019,6.000837909131192],[116.10817193984985,5.9995148218250165],[116.10714197158813,5.997978329310882],[116.10632658004761,5.997124720487832],[116.10589742660522,5.99691131807333],[116.10536098480225,5.996868637580391],[116.10503911972046,5.996676575320919],[116.10473871231079,5.996377811671735],[116.10458850860596,5.996143068689719],[116.10443830490112,5.9953748182241355],[116.10422372817993,5.995118734495193],[116.10214233398438,5.993795633314221],[116.10214233398438,6.054526928194491],[116.11370801925659,6.054526928194491]]]}},{"type":"Feature","id":"pmtiles:12/3368/1980:water:760:1","properties":{"class":"ocean","water":"ocean","kind":"waterway","verification":"verified","source":"OpenMapTiles/OpenStreetMap national PMTiles","sourceId":"12/3368/1980:water:760:1","sourceLayer":"water","archive":"https://its.hanifahseptiani45.workers.dev/v1/map/archive/indonesia.pmtiles","updatedAt":"2026-07-26T10:37:49.742Z"},"geometry":{"type":"Polygon","coordinates":[[[116.05583667755127,5.966223183018869],[116.05480670928955,5.967119522904156],[116.05740308761597,5.967119522904156],[116.0574460029602,5.966351231663651],[116.05583667755127,5.966223183018869]]]}},{"type":"Feature","id":"pmtiles:10/842/494:water:760:0","properties":{"class":"ocean","water":"ocean","kind":"waterway","verification":"verified","source":"OpenMapTiles/OpenStreetMap national PMTiles","sourceId":"10/842/494:water:760:0","sourceLayer":"water","archive":"https://its.hanifahseptiani45.workers.dev/v1/map/archive/indonesia.pmtiles","updatedAt":"2026-07-26T09:38:05.017Z"},"geometry":{"type":"Polygon","coordinates":[[[116.01064682006836,6.039419426896714],[116.0101318359375,6.038053756275204],[116.0101318359375,6.320758338986863],[116.32109642028809,6.320758338986863],[116.32161140441895,6.32041710313365],[116.3217830657959,6.319564012515826],[116.32118225097656,6.318796229757041],[116.32126808166504,6.317687208205314],[116.32109642028809,6.317004732222941],[116.31903648376465,6.315213228487778],[116.31852149963379,6.313848269099907],[116.31980895996094,6.31427481929515],[116.32058143615723,6.313848269099907],[116.32161140441895,6.3141041992592335],[116.32186889648438,6.314018889220165],[116.32229804992676,6.313421718553315],[116.32281303405762,6.313251098236293],[116.3235855102539,6.3141041992592335],[116.32410049438477,6.3141041992592335],[116.32495880126953,6.313677648923445],[116.32641792297363,6.31427481929515],[116.32719039916992,6.314189509284219],[116.32830619812012,6.314445439274863],[116.32864952087402,6.314360129292027],[116.32950782775879,6.313080477863068],[116.3298511505127,6.312909857433624],[116.33010864257812,6.313080477863068],[116.32959365844727,6.31427481929515],[116.3298511505127,6.314616059198357],[116.33010864257812,6.31453074924363],[116.33088111877441,6.313336408401824],[116.33036613464355,6.312568616406125],[116.33028030395508,6.311544891974705],[116.33062362670898,6.311203650047972],[116.33216857910156,6.3106064761353196],[116.33225440979004,6.310094612233769],[116.33173942565918,6.309156193767649],[116.33199691772461,6.308644328433488],[116.33319854736328,6.307705907341202],[116.3331127166748,6.307108729397896],[116.33199691772461,6.306596862041786],[116.33122444152832,6.306511550766643],[116.33028030395508,6.306852795783016],[116.32925033569336,6.306596862041786],[116.3290786743164,6.306852795783016],[116.32916450500488,6.307876529484361],[116.32830619812012,6.308644328433488],[116.32779121398926,6.308473706543097],[116.32804870605469,6.307620596248569],[116.32744789123535,6.306511550766643],[116.32667541503906,6.3059143714475],[116.32590293884277,6.305999682820911],[116.3247013092041,6.305487814369869],[116.32367134094238,6.306596862041786],[116.32238388061523,6.306938107002026],[116.32186889648438,6.306938107002026],[116.32161140441895,6.306426239477446],[116.32169723510742,6.305061256941315],[116.32444381713867,6.304293452685727],[116.32461547851562,6.303781582550485],[116.3247013092041,6.3020753451181974],[116.32315635681152,6.301136912138446],[116.32195472717285,6.29934535355531],[116.32049560546875,6.298492228246872],[116.31869316101074,6.298406915638907],[116.31731986999512,6.298662853420737],[116.31637573242188,6.29832160301693],[116.31560325622559,6.298748165986638],[116.31431579589844,6.298833478538512],[116.31405830383301,6.29934535355531],[116.31414413452148,6.3001984774614925],[116.31388664245605,6.300710351132025],[116.31242752075195,6.301307536442835],[116.31088256835938,6.302416593053607],[116.31096839904785,6.303610959059824],[116.31071090698242,6.30412282936345],[116.31002426147461,6.3022459691139545],[116.31011009216309,6.3019047210663075],[116.31071090698242,6.301136912138446],[116.31062507629395,6.3005397266312855],[116.30847930908203,6.297468476026026],[116.30753517150879,6.297383163249833],[116.3056468963623,6.2978097269906215],[116.30487442016602,6.2977244142704905],[116.30350112915039,6.296615347633235],[116.30169868469238,6.295847530881332],[116.29938125610352,6.29687128629827],[116.29895210266113,6.297553788788207],[116.29783630371094,6.296615347633235],[116.29740715026855,6.296530034716881],[116.29697799682617,6.297127224837126],[116.29560470581055,6.2978097269906215],[116.29526138305664,6.29857754084081],[116.29491806030273,6.298748165986638],[116.29405975341797,6.29832160301693],[116.29363059997559,6.297639101536362],[116.2928581237793,6.2969565991585625],[116.29260063171387,6.2969565991585625],[116.29208564758301,6.297639101536362],[116.29157066345215,6.300027852792439],[116.29208564758301,6.3019047210663075],[116.2928581237793,6.302757840764571],[116.2932014465332,6.302672528857883],[116.29337310791016,6.303610959059824],[116.29354476928711,6.303696270812168],[116.29423141479492,6.302928464535867],[116.2946605682373,6.300880975576675],[116.29483222961426,6.30079566336137],[116.29405975341797,6.304464075951884],[116.2946605682373,6.3059143714475],[116.2943172454834,6.307108729397896],[116.29448890686035,6.307876529484361],[116.29517555236816,6.309241504607513],[116.29629135131836,6.309582747826568],[116.29706382751465,6.309326815433337],[116.29775047302246,6.310265233590471],[116.29680633544922,6.311374271039426],[116.29646301269531,6.312653926684078],[116.29680633544922,6.313677648923445],[116.29646301269531,6.314616059198357],[116.2954330444336,6.3141041992592335],[116.2946605682373,6.31453074924363],[116.2928581237793,6.316236945667072],[116.29242897033691,6.316919422661854],[116.2917423248291,6.317431279817384],[116.29148483276367,6.317943136466653],[116.29157066345215,6.319052157469898],[116.29036903381348,6.319649321640895],[116.28976821899414,6.319649321640895],[116.28865242004395,6.317943136466653],[116.28865242004395,6.316748803497532],[116.28942489624023,6.3157250873304775],[116.28822326660156,6.313762959018703],[116.28899574279785,6.313507028690736],[116.28908157348633,6.312909857433624],[116.28873825073242,6.311886133676651],[116.28719329833984,6.30975336935181],[116.28779411315918,6.308047151571358],[116.28753662109375,6.307194040574785],[116.28693580627441,6.306084994180296],[116.28496170043945,6.304634699161895],[116.28290176391602,6.303696270812168],[116.2818717956543,6.304890633871651],[116.27981185913086,6.3059143714475],[116.279296875,6.306938107002026],[116.27903938293457,6.307194040574785],[116.27723693847656,6.304975945413503],[116.27706527709961,6.304208141031609],[116.27715110778809,6.303013776400476],[116.27843856811523,6.30326971191009],[116.28015518188477,6.3022459691139545],[116.28101348876953,6.3001984774614925],[116.28118515014648,6.298748165986638],[116.27946853637695,6.295250339289453],[116.27749443054199,6.293288133510259],[116.27577781677246,6.292605625415021],[116.27560615539551,6.291752489035247],[116.27500534057617,6.290984665095948],[116.27251625061035,6.28953432789352],[116.2712287902832,6.289363699721321],[116.27071380615234,6.288595872253367],[116.2697696685791,6.288254615236966],[116.26908302307129,6.288169300947871],[116.2679672241211,6.288766500677582],[116.26667976379395,6.288339929512048],[116.26607894897461,6.288595872253367],[116.26522064208984,6.288681186472459],[116.2628173828125,6.287657414919309],[116.26230239868164,6.287828043651487],[116.26195907592773,6.288681186472459],[116.26152992248535,6.288254615236966],[116.26075744628906,6.288339929512048],[116.25998497009277,6.288937129045792],[116.25904083251953,6.290131526055191],[116.25869750976562,6.288595872253367],[116.2558650970459,6.287145528386873],[116.25517845153809,6.286207068435488],[116.25243186950684,6.28552455104365],[116.25174522399902,6.284927347591207],[116.2507152557373,6.285780495170542],[116.24985694885254,6.2859511245184905],[116.24942779541016,6.285865809851515],[116.24899864196777,6.285353921555753],[116.24822616577148,6.285353921555753],[116.2474536895752,6.284842032756302],[116.24642372131348,6.285183292011922],[116.2452220916748,6.2852686067908365],[116.24384880065918,6.284671403044555],[116.24316215515137,6.28398888363796],[116.24170303344727,6.284244828520357],[116.24153137207031,6.284074198612743],[116.24204635620117,6.28364762359891],[116.2423038482666,6.28270915733755],[116.24187469482422,6.281685374031426],[116.24024391174316,6.280746904231833],[116.2382698059082,6.280235010900782],[116.23775482177734,6.279723117066425],[116.23663902282715,6.279467169960512],[116.23612403869629,6.278784643729708],[116.2356948852539,6.278699327887949],[116.23483657836914,6.279040591171096],[116.23440742492676,6.27895527537126],[116.2342357635498,6.278358064381152],[116.23483657836914,6.277675536696705],[116.23483657836914,6.27733427251907],[116.23406410217285,6.276225162397665],[116.23157501220703,6.274774784060682],[116.23140335083008,6.2734097184087005],[116.2302017211914,6.271703381316115],[116.22942924499512,6.2697410867554595],[116.2295150756836,6.269485134746617],[116.23003005981445,6.2693998173824355],[116.23045921325684,6.269058547786102],[116.23148918151855,6.269058547786102],[116.23303413391113,6.268376007923521],[116.23329162597656,6.267352196455107],[116.23311996459961,6.265816475485394],[116.2324333190918,6.264024795308629],[116.23166084289551,6.26248906454795],[116.22994422912598,6.260185459937574],[116.22762680053711,6.25771120663201],[116.22419357299805,6.254980982491034],[116.21732711791992,6.249691132644514],[116.20985984802246,6.2444012293130555],[116.20831489562988,6.242865440914883],[116.20711326599121,6.241159004079819],[116.19501113891602,6.234930462475816],[116.1925220489502,6.233991908695771],[116.19217872619629,6.233223999808402],[116.18968963623047,6.230323000534767],[116.18900299072266,6.2280192543939705],[116.18874549865723,6.225203550938971],[116.1888313293457,6.2224731574164025],[116.18668556213379,6.221022630086864],[116.18488311767578,6.217950911940932],[116.1807632446289,6.209674248769403],[116.17612838745117,6.199264240303378],[116.17544174194336,6.198069636020705],[116.17535591125488,6.197472332864976],[116.17209434509277,6.190901953538727],[116.1697769165039,6.185014141587786],[116.16780281066895,6.181174228899096],[116.16548538208008,6.177590285242999],[116.16265296936035,6.174006317321528],[116.15630149841309,6.1676916481763016],[116.14651679992676,6.160608889248309],[116.14540100097656,6.160523554226984],[116.14377021789551,6.159755538417855],[116.1416244506836,6.158219503466569],[116.14171028137207,6.157963497209337],[116.14239692687988,6.157622155341073],[116.14316940307617,6.157536819839734],[116.14359855651855,6.156939470946369],[116.1445426940918,6.156939470946369],[116.14480018615723,6.156000778470911],[116.14480018615723,6.154550068655382],[116.14428520202637,6.152758009885503],[116.14377021789551,6.151733973589742],[116.13973617553711,6.147040448664953],[116.13819122314453,6.144394989094437],[116.13733291625977,6.140640120676636],[116.13853454589844,6.139616061058177],[116.13896369934082,6.139616061058177],[116.13947868347168,6.139189368969383],[116.13982200622559,6.139274707414486],[116.13827705383301,6.136543870390938],[116.13801956176758,6.137311919718513],[116.13724708557129,6.137738613311001],[116.136474609375,6.138848015052247],[116.13450050354004,6.1390186920381495],[116.13269805908203,6.138079967938978],[116.12935066223145,6.134325055004979],[116.12617492675781,6.131423513258852],[116.12308502197266,6.1289486563544955],[116.11862182617188,6.124169589851178],[116.11433029174805,6.120073213090521],[116.11098289489746,6.117854329232017],[116.1075496673584,6.116062147083795],[116.10523223876953,6.1152940671813525],[116.10325813293457,6.114952697981693],[116.10085487365723,6.1150380403020534],[116.0983657836914,6.115464751699449],[116.09759330749512,6.1158061205722305],[116.09682083129883,6.116488857663995],[116.09673500061035,6.116915567903632],[116.09707832336426,6.1177689873612024],[116.09570503234863,6.119134455659264],[116.09527587890625,6.1201585545934165],[116.09501838684082,6.120329237558295],[116.09441757202148,6.120073213090521],[116.09407424926758,6.119731846942685],[116.09167098999023,6.115208724901862],[116.0914134979248,6.112136393771635],[116.09098434448242,6.111112279474099],[116.09021186828613,6.110429535520268],[116.08677864074707,6.109832133846183],[116.08574867248535,6.1089787017266275],[116.08514785766602,6.107869237937209],[116.08506202697754,6.1071011462747435],[116.08583450317383,6.107015802688693],[116.0866928100586,6.107357176951311],[116.08746528625488,6.1071011462747435],[116.08832359313965,6.10565030346207],[116.0884952545166,6.104796864677638],[116.08789443969727,6.1021511958063],[116.08798027038574,6.10146844042886],[116.08909606933594,6.100614994984042],[116.08935356140137,6.099761548180524],[116.08909606933594,6.098737410223066],[116.08986854553223,6.098139995511275],[116.09064102172852,6.0966037831966275],[116.09089851379395,6.095408948354773],[116.0914134979248,6.095323602907101],[116.0936450958252,6.096433092667866],[116.09450340270996,6.095750330009707],[116.09536170959473,6.095921020755711],[116.0965633392334,6.095323602907101],[116.0969066619873,6.094726184393309],[116.09707832336426,6.09344599962408],[116.0965633392334,6.091141659344942],[116.0976791381836,6.089861466027358],[116.09905242919922,6.089434734243284],[116.09956741333008,6.087471763669797],[116.09785079956055,6.086788989615073],[116.0980224609375,6.08636225539027],[116.10154151916504,6.087386416960413],[116.10222816467285,6.087045029987266],[116.10325813293457,6.085850173873155],[116.1023998260498,6.083887190204123],[116.10282897949219,6.0827776745245785],[116.10282897949219,6.082009546943638],[116.10257148742676,6.080985375128904],[116.10188484191895,6.080558636297127],[116.10171318054199,6.078168892582923],[116.10197067260742,6.077827499757234],[116.1046314239502,6.07851028519201],[116.10600471496582,6.080046549252074],[116.10574722290039,6.080814679636816],[116.10626220703125,6.081412113622079],[116.10669136047363,6.0819241993669095],[116.10712051391602,6.081668156555466],[116.10703468322754,6.082350937115095],[116.10806465148926,6.083033716807719],[116.11021041870117,6.084057884720792],[116.11021041870117,6.084569967945612],[116.10857963562012,6.087301070237459],[116.10926628112793,6.087557110365623],[116.11055374145508,6.087557110365623],[116.11175537109375,6.088325230017958],[116.11209869384766,6.088069190255865],[116.11269950866699,6.087130376750892],[116.11347198486328,6.087045029987266],[116.11372947692871,6.086788989615073],[116.11390113830566,6.086874336419356],[116.11244201660156,6.089434734243284],[116.11261367797852,6.08977611969766],[116.11364364624023,6.08977611969766],[116.11407279968262,6.090544236176541],[116.11364364624023,6.0919951198609255],[116.11424446105957,6.092421849610105],[116.11518859863281,6.092507195519232],[116.11518859863281,6.093019270689069],[116.11441612243652,6.094128765214364],[116.11433029174805,6.0948115299359955],[116.11475944519043,6.0948968754651105],[116.1148452758789,6.095408948354773],[116.11424446105957,6.096006366108341],[116.1130428314209,6.0960917114474],[116.11330032348633,6.097969305471381],[116.11390113830566,6.098566720373327],[116.11441612243652,6.098737410223066],[116.114501953125,6.097713270309669],[116.11553192138672,6.097627925228608],[116.11544609069824,6.098139995511275],[116.11570358276367,6.098225340510837],[116.11604690551758,6.097627925228608],[116.11656188964844,6.097798615377158],[116.11724853515625,6.097457235025743],[116.11733436584473,6.097627925228608],[116.1174201965332,6.0971158544570585],[116.11870765686035,6.095152911971027],[116.1196517944336,6.09557963920939],[116.12059593200684,6.095408948354773],[116.12059593200684,6.09455549326718],[116.1214542388916,6.09455549326718],[116.12179756164551,6.093531345370366],[116.1214542388916,6.092763233165229],[116.12239837646484,6.090629582384167],[116.12274169921875,6.0904588899553715],[116.12308502197266,6.090629582384167],[116.12308502197266,6.091056313218729],[116.12248420715332,6.092421849610105],[116.12377166748047,6.092421849610105],[116.12385749816895,6.093531345370366],[116.12565994262695,6.093275308090796],[116.12574577331543,6.091227005457597],[116.1266040802002,6.091739081848587],[116.12771987915039,6.091568389772533],[116.12780570983887,6.091739081848587],[116.12651824951172,6.093360653864224],[116.12574577331543,6.093702036822236],[116.12634658813477,6.093872728219807],[116.12668991088867,6.09344599962408],[116.12789154052734,6.093189962303782],[116.12857818603516,6.0926778872968015],[116.12866401672363,6.091739081848587],[116.12900733947754,6.091141659344942],[116.12814903259277,6.091141659344942],[116.12789154052734,6.091568389772533],[116.12763404846191,6.090970967078945],[116.12797737121582,6.090714928578208],[116.12883567810059,6.089605426997608],[116.12909317016602,6.089605426997608],[116.12935066223145,6.090032158646039],[116.12900733947754,6.090117504935051],[116.12849235534668,6.090714928578208],[116.12874984741211,6.091056313218729],[116.12900733947754,6.090800274758692],[116.12969398498535,6.090970967078945],[116.1298656463623,6.090373543720645],[116.13183975219727,6.091056313218729],[116.13192558288574,6.090885620925604],[116.13235473632812,6.090970967078945],[116.1324405670166,6.090800274758692],[116.13123893737793,6.090117504935051],[116.12935066223145,6.08969077335442],[116.12935066223145,6.089264041434717],[116.12909317016602,6.089093348571922],[116.12874984741211,6.088325230017958],[116.13046646118164,6.087386416960413],[116.13166809082031,6.086020867766408],[116.13192558288574,6.086106214692705],[116.13192558288574,6.085167397757957],[116.13166809082031,6.085167397757957],[116.13141059875488,6.084655315102324],[116.13089561462402,6.0843992735915435],[116.12943649291992,6.085082050682573],[116.12909317016602,6.084740662245466],[116.12926483154297,6.084484620775356],[116.12874984741211,6.0835458010081425],[116.12789154052734,6.082948369393563],[116.12797737121582,6.082180242056452],[116.12548828125,6.0819241993669095],[116.12574577331543,6.081412113622079],[116.12608909606934,6.081326765950536],[116.12789154052734,6.081838851776638],[116.12711906433105,6.079705157617866],[116.13003730773926,6.077827499757234],[116.12995147705078,6.076120532380145],[116.1295223236084,6.075096349355377],[116.12866401672363,6.074157513204312],[116.12634658813477,6.07407216438213],[116.12600326538086,6.074413559589686],[116.12540245056152,6.073986815546405],[116.12565994262695,6.07356007116492],[116.12531661987305,6.073304024373698],[116.12505912780762,6.073645420068274],[116.12488746643066,6.0734747222480365],[116.12505912780762,6.073047977460732],[116.12471580505371,6.072877279451106],[116.12454414367676,6.073047977460732],[116.1243724822998,6.072450534190381],[116.12299919128418,6.07074354976632],[116.12154006958008,6.072109137738323],[116.12119674682617,6.071682391868961],[116.12051010131836,6.072279835991395],[116.12179756164551,6.074157513204312],[116.12068176269531,6.075011000682011],[116.11913681030273,6.072877279451106],[116.12008094787598,6.072194486871609],[116.1188793182373,6.0704875016361655],[116.12205505371094,6.0682684127447715],[116.12154006958008,6.0672442147899375],[116.12205505371094,6.066646765084258],[116.12179756164551,6.065878614489776],[116.12608909606934,6.062635299916138],[116.12634658813477,6.0633181046050595],[116.12626075744629,6.064000908429662],[116.12634658813477,6.064000908429662],[116.12668991088867,6.062891351775775],[116.12677574157715,6.06195249436297],[116.12754821777344,6.062123195832271],[116.12823486328125,6.060501529693369],[116.12797737121582,6.059989423584369],[116.12874984741211,6.059477316989444],[116.1284065246582,6.058026345665368],[116.12780570983887,6.05768494008116],[116.12780570983887,6.057258182797312],[116.1269474029541,6.056319315585611],[116.12600326538086,6.056063260608212],[116.12471580505371,6.056490018836428],[116.12497329711914,6.0565753704415926],[116.12497329711914,6.056916776727391],[116.12445831298828,6.057087479789331],[116.12420082092285,6.0585384536368565],[116.12377166748047,6.058794507440425],[116.12025260925293,6.058026345665368],[116.11862182617188,6.059477316989444],[116.11793518066406,6.05930661468318],[116.1174201965332,6.05887985868128],[116.11699104309082,6.059135912322901],[116.11639022827148,6.058197048376485],[116.1159610748291,6.057087479789331],[116.1148452758789,6.055380446741623],[116.11321449279785,6.054100168415189],[116.11132621765137,6.051454250259781],[116.11063957214355,6.051112840521867],[116.1101245880127,6.051454250259781],[116.10995292663574,6.051198192976571],[116.10969543457031,6.04991790474098],[116.11063957214355,6.049405788597724],[116.11072540283203,6.049064377566054],[116.11106872558594,6.044796721484232],[116.1119270324707,6.041553280347955],[116.11166954040527,6.040614385865467],[116.11072540283203,6.039590135482271],[116.11038208007812,6.038992655197404],[116.11055374145508,6.038480528714331],[116.11132621765137,6.038480528714331],[116.1119270324707,6.037797692650329],[116.11209869384766,6.035834534172011],[116.11184120178223,6.03438349942094],[116.1115837097168,6.0341274340616025],[116.11132621765137,6.033359237257756],[116.1104679107666,6.032505683976737],[116.10995292663574,6.032591039365315],[116.10960960388184,6.032249617730386],[116.10969543457031,6.0317374848748955],[116.11029624938965,6.030713217712844],[116.10909461975098,6.027384336078072],[116.10806465148926,6.026274704327818],[116.10703468322754,6.02653077339464],[116.10669136047363,6.02601863514019],[116.10694885253906,6.025591852892319],[116.10849380493164,6.025079713751936],[116.10883712768555,6.024567574128412],[116.10883712768555,6.023628650230492],[116.10857963562012,6.023031152359181],[116.10892295837402,6.0228604385608975],[116.1090087890625,6.022348296844115],[116.10892295837402,6.020641154300321],[116.10849380493164,6.01995829578064],[116.10815048217773,6.018336503356821],[116.10918045043945,6.014922187699071],[116.11021041870117,6.0141539637211565],[116.10969543457031,6.0136418137996515],[116.10995292663574,6.013471097051976],[116.11021041870117,6.014068605434403],[116.11235618591309,6.0136418137996515],[116.11244201660156,6.012617512509905],[116.11175537109375,6.012361436886067],[116.11063957214355,6.011422491900817],[116.10986709594727,6.007239899102871],[116.11003875732422,6.006386304787455],[116.1090087890625,6.003313354174466],[116.1093521118164,6.002374393585242],[116.1090087890625,6.001008629840001],[116.10943794250488,6.000837909131192],[116.11055374145508,6.004252313145486],[116.11063957214355,6.007069180346832],[116.11141204833984,6.008605647223916],[116.1115837097168,6.006813102112417],[116.11124038696289,6.001264710802943],[116.11021041870117,5.997850288072584],[116.10943794250488,5.998533174329339],[116.10815048217773,5.99691131807333],[116.1075496673584,5.997508844623553],[116.1093521118164,6.000581827967736],[116.10892295837402,6.000837909131192],[116.10712051391602,5.998021009716965],[116.10634803771973,5.997082040011605],[116.10540390014648,5.99691131807333],[116.10471725463867,5.996399151937808],[116.10420227050781,5.995118734495193],[116.10068321228027,5.992899337143157],[116.09853744506836,5.991789635082526],[116.09270095825195,5.993411506564016],[116.09201431274414,5.99409439837747],[116.09021186828613,5.997508844623553],[116.08943939208984,5.99819173130787],[116.08858108520508,5.998447813594012],[116.08780860900879,5.998447813594012],[116.08686447143555,5.99819173130787],[116.0859203338623,5.997508844623553],[116.08420372009277,5.998789256455112],[116.08325958251953,5.997594205505834],[116.08308792114258,5.9962284297857735],[116.08068466186523,5.993070060336848],[116.07905387878418,5.992643252252492],[116.0789680480957,5.9917042732921],[116.07836723327637,5.990509206824825],[116.07879638671875,5.98999703468094],[116.0786247253418,5.989314137741829],[116.07768058776855,5.989655586318136],[116.07776641845703,5.989826310526226],[116.07562065124512,5.991448187840774],[116.07510566711426,5.990594568802095],[116.07587814331055,5.98888732672124],[116.07501983642578,5.986753266615523],[116.07501983642578,5.986070365621032],[116.07484817504883,5.985814277528064],[116.07467651367188,5.985985002936715],[116.07450485229492,5.98572891480373],[116.07476234436035,5.985643552066065],[116.07390403747559,5.98461919817403],[116.07304573059082,5.983936294512716],[116.07287406921387,5.984107020508034],[116.07270240783691,5.983509479291129],[116.07227325439453,5.983765568464079],[116.07192993164062,5.983253389998225],[116.07175827026367,5.983338753109194],[116.07158660888672,5.9830826637362975],[116.07175827026367,5.982911937421051],[116.07115745544434,5.9820583050451575],[116.07150077819824,5.981716851721629],[116.06926918029785,5.978387670645105],[116.06901168823242,5.978387670645105],[116.06755256652832,5.976338933758996],[116.06772422790527,5.975741384055837],[116.0665225982666,5.973863366456456],[116.06643676757812,5.973436543376351],[116.06523513793945,5.971814612637942],[116.0650634765625,5.971899977533397],[116.06386184692383,5.976082841108962],[116.06420516967773,5.976253569555638],[116.06437683105469,5.977021846906609],[116.06429100036621,5.977363303160843],[116.0639476776123,5.977363303160843],[116.06437683105469,5.977534031208066],[116.06420516967773,5.977960851093044],[116.06274604797363,5.979241308750247],[116.06240272521973,5.9793266724875025],[116.06060028076172,5.978985217458558],[116.05948448181152,5.979241308750247],[116.05896949768066,5.978985217458558],[116.05776786804199,5.975485291126205],[116.05742454528809,5.9733511787204066],[116.05690956115723,5.972838990505281],[116.05673789978027,5.972326801811107],[116.0569953918457,5.970960962951665],[116.05605125427246,5.968143909549767],[116.05613708496094,5.967717082013436],[116.0566520690918,5.968400005912017],[116.05733871459961,5.968229275017151],[116.05742454528809,5.966351231663651],[116.05587959289551,5.966180500130648],[116.05476379394531,5.967119522904156],[116.05527877807617,5.966521963143478],[116.05502128601074,5.965753671065542],[116.05347633361816,5.965326841668144],[116.05287551879883,5.964473181876613],[116.05287551879883,5.964046351482523],[116.0526180267334,5.964046351482523],[116.05227470397949,5.96344878837273],[116.0540771484375,5.961997560967291],[116.05493545532227,5.961741461614906],[116.05648040771484,5.960375596383244],[116.05622291564941,5.960290229693385],[116.05596542358398,5.960631696373142],[116.05510711669922,5.960717063009895],[116.05467796325684,5.960290229693385],[116.0101318359375,5.960290229693385],[116.0101318359375,6.012105361141721],[116.01021766662598,6.012105361141721],[116.01073265075684,6.01184928527681],[116.01090431213379,6.011422491900817],[116.01167678833008,6.010910339407701],[116.01202011108398,6.011081056958986],[116.01262092590332,6.010910339407701],[116.01313591003418,6.010483545295216],[116.0141658782959,6.010824980611986],[116.01485252380371,6.010568904144492],[116.015625,6.011251774456667],[116.01588249206543,6.011934643911843],[116.01553916931152,6.012190719736566],[116.01588249206543,6.013129663395887],[116.01639747619629,6.013556455432521],[116.01631164550781,6.014324680254475],[116.0167407989502,6.0141539637211565],[116.01699829101562,6.01441003850104],[116.01742744445801,6.013556455432521],[116.0181999206543,6.013300380250726],[116.0181999206543,6.012958946487473],[116.01845741271973,6.012873588013164],[116.01880073547363,6.011251774456667],[116.01922988891602,6.01031282755649],[116.01974487304688,6.010739621802884],[116.01957321166992,6.012361436886067],[116.0211181640625,6.012788229525469],[116.02171897888184,6.012190719736566],[116.02197647094727,6.011678567966598],[116.02343559265137,6.006642383222584],[116.02429389953613,6.005703428371746],[116.02472305297852,6.005788787970545],[116.0251522064209,6.006300945282334],[116.0254955291748,6.0071545397315305],[116.02523803710938,6.007581336454322],[116.02540969848633,6.009459238059563],[116.02566719055176,6.0095445970694925],[116.0262680053711,6.0090324428090724],[116.02669715881348,6.010483545295216],[116.02729797363281,6.010824980611986],[116.02824211120605,6.012617512509905],[116.02901458740234,6.012702871024388],[116.02935791015625,6.012105361141721],[116.03004455566406,6.012020002533475],[116.03055953979492,6.012190719736566],[116.03073120117188,6.012617512509905],[116.03124618530273,6.012958946487473],[116.03150367736816,6.012873588013164],[116.03184700012207,6.010142109764203],[116.03279113769531,6.009117801885935],[116.03279113769531,6.0082642105148665],[116.0332202911377,6.008349569712209],[116.03390693664551,6.0095445970694925],[116.03485107421875,6.009459238059563],[116.0350227355957,6.008861724615173],[116.03493690490723,6.007922773591673],[116.03562355041504,6.006727742674187],[116.03579521179199,6.005618068759574],[116.03639602661133,6.005618068759574],[116.0379409790039,6.00442303278453],[116.03819847106934,6.0039108737069],[116.03888511657715,6.003569434054327],[116.03931427001953,6.002459753705665],[116.03914260864258,6.0013500710971925],[116.03828430175781,6.000752548756736],[116.03742599487305,5.9998989442769926],[116.03716850280762,5.999301420345873],[116.03742599487305,5.998789256455112],[116.03759765625,5.994777289336298],[116.03811264038086,5.993838314047551],[116.03888511657715,5.993411506564016],[116.04000091552734,5.993667591094194],[116.04043006896973,5.993326145027254],[116.04085922241211,5.992728613896048],[116.04085922241211,5.9917042732921],[116.04120254516602,5.9917042732921],[116.0419750213623,5.992813975526275],[116.04429244995117,5.995033373225496],[116.04506492614746,5.995204095751532],[116.04532241821289,5.995801624171918],[116.04660987854004,5.99656987403641],[116.04678153991699,5.996825957084127],[116.04678153991699,5.997252761896462],[116.0474681854248,5.997764927230378],[116.04781150817871,5.998533174329339],[116.04841232299805,5.999045338460633],[116.04978561401367,6.0028865541072065],[116.05012893676758,6.0032279941877675],[116.05021476745605,6.00442303278453],[116.05433464050293,6.003057274174225],[116.05493545532227,6.002374393585242],[116.0555362701416,6.002203673304251],[116.05613708496094,6.0028865541072065],[116.05656623840332,6.002801194053646],[116.05759620666504,6.001776872367856],[116.05793952941895,6.001008629840001],[116.05673789978027,5.999728223220643],[116.05742454528809,5.998703895759888],[116.05733871459961,5.997935648901461],[116.05802536010742,5.998618535051293],[116.05914115905762,5.998447813594012],[116.0595703125,5.998874617136991],[116.06145858764648,5.997850288072584],[116.06223106384277,5.99691131807333],[116.06257438659668,5.995716263009072],[116.0639476776123,5.99554554064332],[116.06386184692383,5.996057707580306],[116.06403350830078,5.9964845129937885],[116.06549263000488,5.998362452845328],[116.06626510620117,5.998874617136991],[116.06635093688965,5.999130699102409],[116.06592178344727,5.999557502110832],[116.0654067993164,5.999557502110832],[116.06454849243164,5.999130699102409],[116.06343269348145,5.999557502110832],[116.0624885559082,6.000325746683956],[116.06266021728516,6.000581827967736],[116.0624885559082,6.000667188368922],[116.06188774108887,6.000069665279881],[116.06137275695801,5.999984304785116],[116.06025695800781,6.00092326949229],[116.05982780456543,6.001862232581885],[116.06051445007324,6.004935191380596],[116.06111526489258,6.004935191380596],[116.06231689453125,6.009886032975388],[116.06274604797363,6.010483545295216],[116.06334686279297,6.010483545295216],[116.06386184692383,6.011422491900817],[116.06283187866211,6.012702871024388],[116.06274604797363,6.014068605434403],[116.06326103210449,6.0174829264528995],[116.06223106384277,6.016714706093268],[116.06223106384277,6.016117200618538],[116.06163024902344,6.015178262117189],[116.06085777282715,6.015007545851844],[116.06051445007324,6.014239321994509],[116.05965614318848,6.0138125304937375],[116.06042861938477,6.013215021830007],[116.06042861938477,6.012532153982022],[116.0595703125,6.011507850602811],[116.0595703125,6.010739621802884],[116.05862617492676,6.009800674018976],[116.05862617492676,6.009288519999529],[116.05828285217285,6.008947083718809],[116.05836868286133,6.0082642105148665],[116.0566520690918,6.0071545397315305],[116.05467796325684,6.006642383222584],[116.05347633361816,6.006642383222584],[116.05236053466797,6.006983820948747],[116.05141639709473,6.007752055049764],[116.05090141296387,6.008434928896165],[116.05064392089844,6.009203160949426],[116.05107307434082,6.009715315049206],[116.05030059814453,6.010568904144492],[116.0500431060791,6.011251774456667],[116.05072975158691,6.012105361141721],[116.05090141296387,6.012958946487473],[116.04961395263672,6.012190719736566],[116.04832649230957,6.012617512509905],[116.04738235473633,6.012361436886067],[116.04703903198242,6.012105361141721],[116.04652404785156,6.01227607831801],[116.04643821716309,6.012873588013164],[116.04540824890137,6.0138125304937375],[116.04557991027832,6.01441003850104],[116.04540824890137,6.014751471353321],[116.04549407958984,6.015348978328944],[116.04660987854004,6.015946484647998],[116.0471248626709,6.016885421822565],[116.0471248626709,6.0174829264528995],[116.0474681854248,6.017995072756122],[116.04798316955566,6.020641154300321],[116.04952812194824,6.022262939844353],[116.04995727539062,6.023031152359181],[116.0500431060791,6.023970077290329],[116.0511589050293,6.024823644000563],[116.05107307434082,6.025677209368737],[116.0515022277832,6.025847922281315],[116.05133056640625,6.027298979870153],[116.05047225952148,6.027555048453664],[116.04995727539062,6.028323253479101],[116.04978561401367,6.029518236912224],[116.05021476745605,6.03028643915772],[116.05012893676758,6.030798573383578],[116.05055809020996,6.031566773815555],[116.05038642883301,6.03165212935194],[116.04995727539062,6.031396062702498],[116.04703903198242,6.030883929040854],[116.04652404785156,6.0311399959321506],[116.04497909545898,6.030883929040854],[116.04360580444336,6.031054640315148],[116.04283332824707,6.03165212935194],[116.04206085205078,6.030798573383578],[116.04180335998535,6.029859660266766],[116.04060173034668,6.027213623648791],[116.03974342346191,6.026360060696845],[116.03811264038086,6.026189347945348],[116.03699684143066,6.02653077339464],[116.03450775146484,6.02601863514019],[116.03364944458008,6.024567574128412],[116.03193283081055,6.02422614744431],[116.03107452392578,6.024482217477512],[116.0295295715332,6.023970077290329],[116.02892875671387,6.02422614744431],[116.02867126464844,6.024994357181583],[116.02892875671387,6.0253357833825305],[116.02944374084473,6.025421139899208],[116.03004455566406,6.026445417052457],[116.03081703186035,6.026445417052457],[116.0309886932373,6.027128267414014],[116.03081703186035,6.027725760775525],[116.03004455566406,6.027811116916325],[116.02910041809082,6.0284086095259255],[116.02841377258301,6.0284086095259255],[116.0277271270752,6.029006101477506],[116.02781295776367,6.03233497315928],[116.0269546508789,6.0327617501021535],[116.02746963500977,6.0341274340616025],[116.02729797363281,6.034212789194825],[116.0262680053711,6.033700658193865],[116.02523803710938,6.03233497315928],[116.02489471435547,6.0311399959321506],[116.02352142333984,6.030115727641643],[116.02240562438965,6.028920745524715],[116.02189064025879,6.027981829157625],[116.01940155029297,6.027811116916325],[116.01828575134277,6.0284086095259255],[116.01768493652344,6.029176813342801],[116.0170841217041,6.03096928468473],[116.01768493652344,6.033956723754827],[116.01768493652344,6.034980984788959],[116.01742744445801,6.0357491792942],[116.01768493652344,6.0365173727104064],[116.01734161376953,6.036858791656897],[116.01759910583496,6.037797692650329],[116.0167407989502,6.038565883161809],[116.01691246032715,6.03967548975487],[116.01656913757324,6.040016906710719],[116.01768493652344,6.041467926371382],[116.01742744445801,6.042406819373554],[116.01502418518066,6.043004295890654],[116.01433753967285,6.044028539813979],[116.01141929626465,6.041894696119712],[116.01099014282227,6.041297218377849],[116.01064682006836,6.039419426896714]],[[116.05459213256836,5.967290254144729],[116.05476379394531,5.967119522904156],[116.05545043945312,5.9679731785751216],[116.05545043945312,5.968400005912017],[116.05527877807617,5.968400005912017],[116.05527877807617,5.9679731785751216],[116.05459213256836,5.967290254144729]],[[116.30959510803223,6.309156193767649],[116.30856513977051,6.308729639357622],[116.30830764770508,6.308473706543097],[116.30830764770508,6.308047151571358],[116.30882263183594,6.3075352851418955],[116.30882263183594,6.305658437243025],[116.30950927734375,6.304890633871651],[116.31062507629395,6.305061256941315],[116.31088256835938,6.304464075951884],[116.31148338317871,6.306084994180296],[116.31088256835938,6.3067674845499795],[116.31096839904785,6.308132462593775],[116.31053924560547,6.308303084596531],[116.31019592285156,6.308985572045771],[116.30959510803223,6.309156193767649]],[[116.09536170959473,6.084740662245466],[116.09570503234863,6.085508785923992],[116.09664916992188,6.085850173873155],[116.0965633392334,6.0862769085046295],[116.09536170959473,6.085935520826567],[116.09355926513672,6.086020867766408],[116.09244346618652,6.084228579183275],[116.092529296875,6.083716495633226],[116.0928726196289,6.083375106328859],[116.09373092651367,6.083460453675272],[116.09407424926758,6.084143231958805],[116.09536170959473,6.084740662245466]],[[116.08875274658203,6.080729331870472],[116.0881519317627,6.08047328849014],[116.08720779418945,6.078595633310442],[116.08712196350098,6.078254240755513],[116.0873794555664,6.077998196197157],[116.08772277832031,6.077998196197157],[116.08806610107422,6.078595633310442],[116.08866691589355,6.078766329506664],[116.08883857727051,6.079022373699473],[116.08909606933594,6.080558636297127],[116.08875274658203,6.080729331870472]],[[116.07192993164062,6.0743282108080905],[116.07158660888672,6.0743282108080905],[116.07132911682129,6.073645420068274],[116.07244491577148,6.072023788591494],[116.07253074645996,6.071170296379435],[116.07107162475586,6.069036559933636],[116.06978416442871,6.068865860652949],[116.0694408416748,6.068439112214691],[116.06995582580566,6.067158864872525],[116.06875419616699,6.064683711389819],[116.06866836547852,6.061781792839639],[116.06832504272461,6.059989423584369],[116.0676383972168,6.058965209908649],[116.06772422790527,6.0585384536368565],[116.06858253479004,6.059391965843062],[116.06969833374023,6.059733370347644],[116.07072830200195,6.059477316989444],[116.07124328613281,6.059648019241763],[116.07158660888672,6.060074774636291],[116.07398986816406,6.060416178708948],[116.07476234436035,6.061013635316385],[116.07579231262207,6.063574156140575],[116.0757064819336,6.064854411994773],[116.07587814331055,6.065707914209042],[116.0763931274414,6.06630536495517],[116.0786247253418,6.067158864872525],[116.07956886291504,6.068353762486495],[116.07836723327637,6.07142634418507],[116.07879638671875,6.074242862012966],[116.07974052429199,6.0764619262886725],[116.08016967773438,6.0766326231617285],[116.0804271697998,6.077144713456093],[116.08016967773438,6.077230061791127],[116.07948303222656,6.076717971577963],[116.0786247253418,6.076547274731979],[116.0760498046875,6.074584257112292],[116.07424736022949,6.07356007116492],[116.07253074645996,6.073304024373698],[116.0720157623291,6.0737307689581],[116.07192993164062,6.0743282108080905]],[[116.01279258728027,5.967034157263939],[116.01287841796875,5.964814645952686],[116.0130500793457,5.964729279953602],[116.01390838623047,5.965326841668144],[116.01476669311523,5.966351231663651],[116.01459503173828,5.967204888531086],[116.01365089416504,5.967717082013436],[116.01339340209961,5.968229275017151],[116.01296424865723,5.967717082013436],[116.01279258728027,5.967034157263939]]]}},{"type":"Feature","id":"pmtiles:8/210/123:water:760:0","properties":{"class":"ocean","water":"ocean","kind":"waterway","verification":"verified","source":"OpenMapTiles/OpenStreetMap national PMTiles","sourceId":"8/210/123:water:760:0","sourceLayer":"water","archive":"https://its.hanifahseptiani45.workers.dev/v1/map/archive/indonesia.pmtiles","updatedAt":"2026-07-26T09:35:16.235Z"},"geometry":{"type":"Polygon","coordinates":[[[115.29052734375,5.616327493906226],[115.29052734375,7.035475652433021],[115.3121566772461,7.035475652433021],[115.3128433227539,7.035475652433021],[116.74072265625,7.035475652433021],[116.74072265625,7.018779204822323],[116.73831939697266,7.01639394908652],[116.73694610595703,7.015712445202809],[116.7348861694336,7.016053197269372],[116.73351287841797,7.0146901875068295],[116.73179626464844,7.015371692886859],[116.73145294189453,7.012645665382564],[116.72801971435547,7.011623400954917],[116.73179626464844,7.007193562517358],[116.73145294189453,7.003785965841175],[116.7293930053711,6.999696816965937],[116.729736328125,6.997992994357986],[116.72870635986328,6.9939037947267195],[116.72664642333984,6.992540720225733],[116.72733306884766,6.9908368715064455],[116.72698974609375,6.988451472861712],[116.7238998413086,6.987769928155615],[116.72492980957031,6.985043739395522],[116.7245864868164,6.981295203901865],[116.72355651855469,6.979932092639359],[116.72012329101562,6.9778874183015205],[116.72355651855469,6.975842735032998],[116.72664642333984,6.975501953620167],[116.72698974609375,6.972775693390872],[116.72561645507812,6.971071772690536],[116.7242431640625,6.970730987806931],[116.72183990478516,6.973457259935813],[116.72046661376953,6.972775693390872],[116.72252655029297,6.968686273301316],[116.7245864868164,6.9680046998172855],[116.7245864868164,6.966300761772175],[116.72252655029297,6.964256027945041],[116.71497344970703,6.96050732611333],[116.71119689941406,6.961529702310443],[116.70570373535156,6.959825740744563],[116.70330047607422,6.957440184159992],[116.70433044433594,6.955736207749936],[116.7022705078125,6.952669034632805],[116.70467376708984,6.949942641719176],[116.70707702636719,6.9506242414304324],[116.70913696289062,6.948579439331581],[116.7081069946289,6.939718527495685],[116.70604705810547,6.930516634816172],[116.70158386230469,6.921314562494416],[116.69403076171875,6.911089827285352],[116.6861343383789,6.89404811060416],[116.67686462402344,6.881436845606075],[116.66759490966797,6.87393809675082],[116.66038513183594,6.870188677947581],[116.6583251953125,6.870870392656599],[116.65008544921875,6.866780089745248],[116.63978576660156,6.864053201600385],[116.64253234863281,6.858599378448517],[116.6421890258789,6.851782011704998],[116.64287567138672,6.839851385421639],[116.64527893066406,6.836442580298936],[116.64871215820312,6.834738168619012],[116.6524887084961,6.829965783589984],[116.65592193603516,6.830988441534018],[116.6586685180664,6.829624897122784],[116.66107177734375,6.82723868505181],[116.66278839111328,6.831329327029451],[116.6634750366211,6.829965783589984],[116.66690826416016,6.827920461143506],[116.66999816894531,6.8204208707298335],[116.67171478271484,6.8204208707298335],[116.67171478271484,6.821443549066316],[116.67240142822266,6.820079977465809],[116.67205810546875,6.819398190210094],[116.66759490966797,6.8197390839592344],[116.66450500488281,6.8190572962184035],[116.6583251953125,6.81462565226002],[116.65523529052734,6.815307446305084],[116.65042877197266,6.814284754873896],[116.64974212646484,6.812239365467931],[116.64424896240234,6.803375910612573],[116.64321899414062,6.799285030108706],[116.64390563964844,6.79792139553399],[116.64356231689453,6.795194114779051],[116.64047241210938,6.788375845228273],[116.63772583007812,6.785989428062194],[116.63429260253906,6.784284837130457],[116.63188934326172,6.784625755799482],[116.62948608398438,6.785989428062194],[116.62879943847656,6.7853075924135595],[116.63017272949219,6.784625755799482],[116.6305160522461,6.7818983996908315],[116.62811279296875,6.783602999068421],[116.62673950195312,6.780875637169302],[116.62708282470703,6.780193794282255],[116.62879943847656,6.780193794282255],[116.62982940673828,6.779511950430489],[116.63738250732422,6.76280647497147],[116.63703918457031,6.7621246065515805],[116.63497924804688,6.7621246065515805],[116.63223266601562,6.757692438373127],[116.63257598876953,6.753601170148727],[116.63154602050781,6.752578347686168],[116.63291931152344,6.7518964648433695],[116.63429260253906,6.752237406384879],[116.63566589355469,6.750191753533258],[116.63806915283203,6.743713795817342],[116.64321899414062,6.737235751495433],[116.64493560791016,6.730757620649214],[116.64527893066406,6.7160962686171075],[116.6415023803711,6.706208130524516],[116.63326263427734,6.697001752605402],[116.62879943847656,6.687454214258082],[116.6253662109375,6.683703344568784],[116.62364959716797,6.678247482749015],[116.6202163696289,6.675519529024598],[116.61918640136719,6.671427569937009],[116.61609649658203,6.668358578187693],[116.60820007324219,6.665630569386721],[116.60614013671875,6.665630569386721],[116.60270690917969,6.662561541341788],[116.60167694091797,6.660174506252602],[116.59652709960938,6.6567644359822395],[116.5927505493164,6.657105444075384],[116.5920639038086,6.659492494094053],[116.59069061279297,6.660174506252602],[116.58966064453125,6.658469474079027],[116.58519744873047,6.656082419085365],[116.58348083496094,6.651649286167526],[116.57936096191406,6.648921184488316],[116.57730102539062,6.6485801707136005],[116.57318115234375,6.6506262498126745],[116.57455444335938,6.646875098291588],[116.57283782958984,6.644146970117745],[116.57318115234375,6.639713729565571],[116.5700912475586,6.6376676050723376],[116.5700912475586,6.63493942585454],[116.56768798828125,6.630506102399821],[116.5645980834961,6.629141994851736],[116.5645980834961,6.625049649563792],[116.56047821044922,6.619593136373069],[116.55670166015625,6.616182785001683],[116.55498504638672,6.615500711901618],[116.553955078125,6.613454486951568],[116.54708862304688,6.61038513364079],[116.54605865478516,6.608338887513597],[116.54365539550781,6.607656803589663],[116.54468536376953,6.607315761274947],[116.54502868652344,6.60561054617456],[116.54296875,6.6039053251971325],[116.54365539550781,6.602882189790336],[116.54537200927734,6.602541144184741],[116.54399871826172,6.594014927709509],[116.54125213623047,6.585488564561942],[116.53884887695312,6.5803726763481905],[116.53438568115234,6.576620991498729],[116.531982421875,6.571846078912387],[116.52957916259766,6.569799673768017],[116.52717590332031,6.567753260205791],[116.52408599853516,6.567071120481529],[116.52271270751953,6.561955042755102],[116.51927947998047,6.558544295073972],[116.51653289794922,6.557521066217092],[116.51412963867188,6.558885370892739],[116.5151596069336,6.553428129786852],[116.51344299316406,6.549676241884967],[116.5096664428711,6.546606494437782],[116.50794982910156,6.547629745684446],[116.50794982910156,6.545242156180052],[116.50554656982422,6.544559985653322],[116.50623321533203,6.542854555260135],[116.50520324707031,6.541149119044761],[116.50245666503906,6.540808031103168],[116.50382995605469,6.538420408993787],[116.50279998779297,6.536032775480535],[116.49559020996094,6.532962944213409],[116.49524688720703,6.530916379570456],[116.49593353271484,6.529210902641623],[116.49730682373047,6.528869806558589],[116.4990234375,6.526823225180422],[116.50039672851562,6.527846516915133],[116.50177001953125,6.526482127470857],[116.50074005126953,6.523412237631973],[116.49799346923828,6.508062506480201],[116.49524688720703,6.499534675281765],[116.48975372314453,6.487936592822109],[116.48529052734375,6.482137451439272],[116.47327423095703,6.470880104310453],[116.4609146118164,6.4620105025854855],[116.41799926757812,6.433012643521721],[116.40254974365234,6.424483546180724],[116.39122009277344,6.416977822253244],[116.36924743652344,6.400601313644117],[116.35860443115234,6.3951423606864495],[116.35757446289062,6.393777613336397],[116.35723114013672,6.3951423606864495],[116.3558578491211,6.3958247329951945],[116.34933471679688,6.3948011741904764],[116.34864807128906,6.393095238295302],[116.35002136230469,6.392071674026354],[116.35173797607422,6.389000968929807],[116.34864807128906,6.386271437817996],[116.34727478027344,6.385930245405547],[116.34143829345703,6.388318587516636],[116.33869171142578,6.3876362051935445],[116.33663177490234,6.388318587516636],[116.33491516113281,6.38354189215211],[116.33628845214844,6.384224279932681],[116.33766174316406,6.3832006979208415],[116.33766174316406,6.379788743108691],[116.3400650024414,6.379788743108691],[116.34212493896484,6.378423954822111],[116.34246826171875,6.377059162901432],[116.34075164794922,6.375353167891234],[116.34246826171875,6.376717964353517],[116.3455581665039,6.374670768297889],[116.34624481201172,6.3729647653422745],[116.34521484375,6.370917554306587],[116.34693145751953,6.36887033510358],[116.34521484375,6.366481902380954],[116.34315490722656,6.36716431286402],[116.34212493896484,6.363752251381058],[116.33800506591797,6.363069836364673],[116.33869171142578,6.361363794858477],[116.33800506591797,6.360340167236231],[116.33285522460938,6.361363794858477],[116.33319854736328,6.362387420441891],[116.33148193359375,6.364093458549348],[116.33148193359375,6.365799490991037],[116.33045196533203,6.367846722440149],[116.33045196533203,6.369893945725835],[116.3283920288086,6.367846722440149],[116.32633209228516,6.36716431286402],[116.32461547851562,6.368187926888069],[116.32427215576172,6.370576351673179],[116.32255554199219,6.3722823625713545],[116.32015228271484,6.370576351673179],[116.32049560546875,6.367505517765451],[116.31877899169922,6.364434665490975],[116.31706237792969,6.363069836364673],[116.31500244140625,6.363069836364673],[116.31500244140625,6.361363794858477],[116.3119125366211,6.35863411666935],[116.31088256835938,6.35692806044149],[116.31397247314453,6.357269272139874],[116.3174057006836,6.353857144970448],[116.32118225097656,6.3521510728997725],[116.3232421875,6.3490801289222105],[116.32736206054688,6.350786211171339],[116.32770538330078,6.3490801289222105],[116.3235855102539,6.345667947467533],[116.32015228271484,6.344303068557437],[116.31500244140625,6.343620627746702],[116.3119125366211,6.34020841014015],[116.31397247314453,6.339525963908926],[116.31603240966797,6.3412320777935065],[116.31843566894531,6.341914521766597],[116.32461547851562,6.339184740454655],[116.32667541503906,6.34020841014015],[116.3283920288086,6.338843516774631],[116.32942199707031,6.335772493497231],[116.32083892822266,6.329289162124567],[116.312255859375,6.325876849764882],[116.30950927734375,6.323829451534294],[116.30916595458984,6.322123280148475],[116.31019592285156,6.321782045195789],[116.312255859375,6.324511918512158],[116.31568908691406,6.324511918512158],[116.31912231445312,6.323488217707521],[116.32186889648438,6.3193933942234395],[116.32118225097656,6.317004732222941],[116.31843566894531,6.31393357916707],[116.32152557373047,6.31427481929515],[116.3228988647461,6.313251098236293],[116.3235855102539,6.31393357916707],[116.3283920288086,6.314616059198357],[116.32976531982422,6.312909857433624],[116.33010864257812,6.314616059198357],[116.33079528808594,6.313251098236293],[116.33045196533203,6.311544891974705],[116.33216857910156,6.310521165520171],[116.33182525634766,6.309156193767649],[116.33319854736328,6.307108729397896],[116.32942199707031,6.3067674845499795],[116.3283920288086,6.308473706543097],[116.32667541503906,6.305743748658557],[116.32461547851562,6.305402502912202],[116.32186889648438,6.3067674845499795],[116.32186889648438,6.305061256941315],[116.32427215576172,6.3043787643258185],[116.32461547851562,6.301990033099258],[116.32049560546875,6.29857754084081],[116.31431579589844,6.29891879107636],[116.31397247314453,6.300625038888668],[116.31088256835938,6.302331281090801],[116.31053924560547,6.304037517681266],[116.31019592285156,6.302331281090801],[116.31053924560547,6.300625038888668],[116.30847930908203,6.297553788788207],[116.30504608154297,6.297895039696712],[116.3016128540039,6.295847530881332],[116.29886627197266,6.297553788788207],[116.29749298095703,6.296530034716881],[116.29474639892578,6.29857754084081],[116.29268646240234,6.29687128629827],[116.29165649414062,6.299942540436888],[116.29199981689453,6.301990033099258],[116.29371643066406,6.303696270812168],[116.29474639892578,6.3009662877779675],[116.29405975341797,6.3043787643258185],[116.29440307617188,6.307791218419823],[116.29508972167969,6.309156193767649],[116.29714965820312,6.309156193767649],[116.29783630371094,6.310179922919147],[116.29680633544922,6.311203650047972],[116.29646301269531,6.314616059198357],[116.29474639892578,6.314616059198357],[116.29165649414062,6.3173459703266275],[116.29165649414062,6.319052157469898],[116.28959655761719,6.319734630751924],[116.28856658935547,6.3180284458589995],[116.28925323486328,6.315639777558502],[116.28822326660156,6.313592338814118],[116.28925323486328,6.312909857433624],[116.28719329833984,6.309838680093364],[116.28787994384766,6.308132462593775],[116.28684997558594,6.306084994180296],[116.28307342529297,6.303696270812168],[116.2789535522461,6.307108729397896],[116.27723693847656,6.305061256941315],[116.27723693847656,6.303013776400476],[116.27998352050781,6.302331281090801],[116.28101348876953,6.29857754084081],[116.279296875,6.295165026148823],[116.27586364746094,6.2924349982511245],[116.27517700195312,6.291069978922991],[116.26968383789062,6.288339929512048],[116.26522064208984,6.288681186472459],[116.2628173828125,6.287657414919309],[116.25904083251953,6.290046212074117],[116.25869750976562,6.288681186472459],[116.25526428222656,6.2862923830464865],[116.2518310546875,6.284927347591207],[116.24977111816406,6.2859511245184905],[116.24736785888672,6.284927347591207],[116.24530792236328,6.2852686067908365],[116.24324798583984,6.28390356864918],[116.24153137207031,6.284244828520357],[116.24187469482422,6.2815147432846175],[116.23603820800781,6.278784643729708],[116.23432159423828,6.279125906956921],[116.23466491699219,6.277419588584436],[116.23157501220703,6.274689467562197],[116.2295150756836,6.269911721358227],[116.23294830322266,6.268205372818329],[116.23329162597656,6.267181561015022],[116.23260498046875,6.264110113551737],[116.2298583984375,6.260014822154815],[116.224365234375,6.254895662756837],[116.20994567871094,6.244315907853547],[116.20719909667969,6.2412443260535895],[116.19243621826172,6.234077231836082],[116.18968963623047,6.230323000534767],[116.18865966796875,6.2224731574164025],[116.18659973144531,6.221107955334716],[116.18488311767578,6.218036237687301],[116.1697769165039,6.184928810497638],[116.16531372070312,6.177760949776967],[116.15638732910156,6.167520980398507],[116.14643096923828,6.1606942242558915],[116.1416244506836,6.1583048388582],[116.14437103271484,6.156939470946369],[116.14471435546875,6.154550068655382],[116.14368438720703,6.151819310023072],[116.13819122314453,6.144309651469982],[116.13750457763672,6.140554782450309],[116.13990783691406,6.139189368969383],[116.13819122314453,6.1364585315084526],[116.136474609375,6.138848015052247],[116.13441467285156,6.139189368969383],[116.13269805908203,6.1381653065618025],[116.1141586303711,6.120073213090521],[116.10763549804688,6.115976804926902],[116.1031723022461,6.114952697981693],[116.0983657836914,6.1152940671813525],[116.09699249267578,6.116659541800715],[116.09699249267578,6.117683645476745],[116.09527587890625,6.120073213090521],[116.09458923339844,6.120073213090521],[116.09149932861328,6.1152940671813525],[116.09081268310547,6.111197622407104],[116.08566284179688,6.109149388259382],[116.08497619628906,6.1071011462747435],[116.0873794555664,6.1071011462747435],[116.08840942382812,6.105735647265732],[116.08806610107422,6.101297751448598],[116.08909606933594,6.100614994984042],[116.08909606933594,6.098566720373327],[116.09081268310547,6.0954942937888745],[116.09355926513672,6.096518437939039],[116.09664916992188,6.095152911971027],[116.09664916992188,6.091056313218729],[116.09905242919922,6.089349387845786],[116.09973907470703,6.087301070237459],[116.0980224609375,6.0862769085046295],[116.10145568847656,6.087301070237459],[116.1031723022461,6.085935520826567],[116.10248565673828,6.083887190204123],[116.10282897949219,6.082180242056452],[116.10179901123047,6.08047328849014],[116.10179901123047,6.077742151516972],[116.10454559326172,6.078424937060035],[116.10694885253906,6.082180242056452],[116.11003875732422,6.083887190204123],[116.1086654663086,6.087301070237459],[116.11175537109375,6.088325230017958],[116.11381530761719,6.086959683210097],[116.11244201660156,6.089349387845786],[116.1141586303711,6.090373543720645],[116.11347198486328,6.0920804658378955],[116.11518859863281,6.092421849610105],[116.114501953125,6.094128765214364],[116.1148452758789,6.0954942937888745],[116.11312866210938,6.096177056772888],[116.11381530761719,6.098566720373327],[116.114501953125,6.097883960431062],[116.11724853515625,6.097542580133961],[116.11862182617188,6.095152911971027],[116.12068176269531,6.0954942937888745],[116.12274169921875,6.090373543720645],[116.12239837646484,6.092421849610105],[116.12377166748047,6.092421849610105],[116.12377166748047,6.09344599962408],[116.1258316040039,6.093104616503226],[116.1258316040039,6.091056313218729],[116.12789154052734,6.091739081848587],[116.1258316040039,6.0937873825278075],[116.12651824951172,6.0937873825278075],[116.12857818603516,6.092763233165229],[116.12892150878906,6.091056313218729],[116.12995147705078,6.090373543720645],[116.13235473632812,6.090714928578208],[116.12926483154297,6.08969077335442],[116.12892150878906,6.088325230017958],[116.13201141357422,6.085935520826567],[116.13201141357422,6.0852527448197975],[116.1309814453125,6.084569967945612],[116.12960815429688,6.0852527448197975],[116.12789154052734,6.082180242056452],[116.12548828125,6.081838851776638],[116.12789154052734,6.081838851776638],[116.12720489501953,6.07979050554674],[116.12995147705078,6.077742151516972],[116.12960815429688,6.075011000682011],[116.12857818603516,6.0743282108080905],[116.12548828125,6.073986815546405],[116.12308502197266,6.070572851026412],[116.12068176269531,6.072279835991395],[116.12171173095703,6.0743282108080905],[116.12068176269531,6.075011000682011],[116.11930847167969,6.072962628462676],[116.1199951171875,6.072279835991395],[116.11896514892578,6.070572851026412],[116.12205505371094,6.068183062989533],[116.12171173095703,6.065793264356159],[116.12617492675781,6.062720650549522],[116.1258316040039,6.064086258846956],[116.12617492675781,6.064086258846956],[116.12686157226562,6.062037845104371],[116.12754821777344,6.062037845104371],[116.12857818603516,6.059648019241763],[116.12857818603516,6.057940994289552],[116.12617492675781,6.05623396393996],[116.12480163574219,6.0565753704415926],[116.12377166748047,6.058623804918199],[116.1203384399414,6.057940994289552],[116.11862182617188,6.05930661468318],[116.11690521240234,6.058965209908649],[116.1148452758789,6.055209743140097],[116.11141204833984,6.051454250259781],[116.11003875732422,6.051112840521867],[116.11209869384766,6.041553280347955],[116.11038208007812,6.038821946423525],[116.11175537109375,6.037797692650329],[116.11209869384766,6.0357491792942],[116.11141204833984,6.033359237257756],[116.10969543457031,6.03233497315928],[116.11038208007812,6.030627862028695],[116.1090087890625,6.027555048453664],[116.10660552978516,6.026189347945348],[116.1086654663086,6.024482217477512],[116.10797882080078,6.018336503356821],[116.11003875732422,6.014239321994509],[116.10969543457031,6.013556455432521],[116.11244201660156,6.013556455432521],[116.11244201660156,6.012532153982022],[116.11072540283203,6.011507850602811],[116.1090087890625,6.003313354174466],[116.1093521118164,6.00092326949229],[116.11141204833984,6.008434928896165],[116.11141204833984,6.001264710802943],[116.11003875732422,5.997850288072584],[116.1093521118164,5.998533174329339],[116.10797882080078,5.996825957084127],[116.10763549804688,5.997508844623553],[116.1090087890625,6.00092326949229],[116.10420227050781,5.995118734495193],[116.09870910644531,5.9917042732921],[116.0928726196289,5.993411506564016],[116.08943939208984,5.99819173130787],[116.08772277832031,5.998533174329339],[116.08600616455078,5.997508844623553],[116.08428955078125,5.998874617136991],[116.08085632324219,5.993070060336848],[116.07913970947266,5.992728613896048],[116.07845306396484,5.989314137741829],[116.0757064819336,5.9913628259969585],[116.07501983642578,5.9858996402390545],[116.07158660888672,5.983168026873926],[116.07158660888672,5.981802215072506],[116.0650634765625,5.971899977533397],[116.06403350830078,5.975997476865643],[116.06403350830078,5.978046215030091],[116.06231689453125,5.9794120362114285],[116.05888366699219,5.97907058123576],[116.05613708496094,5.968143909549767],[116.05716705322266,5.968143909549767],[116.05751037597656,5.9664365974102225],[116.05579376220703,5.966095134344201],[116.05476379394531,5.967119522904156],[116.05510711669922,5.965753671065542],[116.05339050292969,5.9654122075741896],[116.05236053466797,5.963363422161038],[116.05648040771484,5.960290229693385],[116.05510711669922,5.960631696373142],[116.05236053466797,5.959607295696472],[116.04789733886719,5.956534082195859],[116.04480743408203,5.9561926129672855],[116.04206085205078,5.956875551212093],[116.04103088378906,5.957899956986651],[116.04103088378906,5.956534082195859],[116.04000091552734,5.956875551212093],[116.04034423828125,5.95482673392992],[116.04549407958984,5.9469728635775425],[116.04652404785156,5.93433814123307],[116.04000091552734,5.915897756568],[116.04206085205078,5.914190282405869],[116.04137420654297,5.9100923229133],[116.04000091552734,5.90940932671414],[116.03656768798828,5.901896312925501],[116.03519439697266,5.900530299473203],[116.03416442871094,5.900530299473203],[116.03313446044922,5.898481272984],[116.03313446044922,5.8974567569002545],[116.03485107421875,5.8974567569002545],[116.03691101074219,5.896090732511709],[116.03313446044922,5.896773745126453],[116.0324478149414,5.896090732511709],[116.03279113769531,5.895066212013063],[116.03965759277344,5.893358673645309],[116.0427474975586,5.884820903043789],[116.0430908203125,5.881064242424841],[116.04721069335938,5.881064242424841],[116.04721069335938,5.879698177726667],[116.04927062988281,5.8817472735158844],[116.04789733886719,5.879698177726667],[116.04961395263672,5.879698177726667],[116.05098724365234,5.874916924874157],[116.04995727539062,5.8701356309663595],[116.048583984375,5.8697941084028145],[116.04927062988281,5.868769539456537],[116.04789733886719,5.869452585629986],[116.0482406616211,5.867744968626994],[116.0434341430664,5.860572920116553],[116.04240417480469,5.860914448326611],[116.04206085205078,5.862280559076908],[116.04171752929688,5.862280559076908],[116.04171752929688,5.854083844436744],[116.0430908203125,5.846570083726746],[116.04000091552734,5.846911620494382],[116.0317611694336,5.835640797156572],[116.03450775146484,5.833591532191107],[116.0430908203125,5.845545472173114],[116.0434341430664,5.84486239676184],[116.03862762451172,5.838031596814901],[116.03691101074219,5.833591532191107],[116.03588104248047,5.834274621345102],[116.03519439697266,5.831542259737176],[116.0317611694336,5.829151432413127],[116.02008819580078,5.825735947140515],[116.01493835449219,5.825394397470518],[116.01356506347656,5.823345095088669],[116.01081848144531,5.8243697472141776],[116.00635528564453,5.814806254728325],[116.00532531738281,5.814123141898506],[116.00601196289062,5.8107075653115885],[116.00395202636719,5.804217912720532],[115.99811553955078,5.800460711273985],[115.99605560302734,5.7980697518664925],[115.99365234375,5.79738661874616],[115.99159240722656,5.793629371804997],[115.9775161743164,5.783040632339592],[115.97579956054688,5.783723782805879],[115.97511291503906,5.785773229254133],[115.97373962402344,5.785090081263263],[115.97305297851562,5.785431655361862],[115.97305297851562,5.783040632339592],[115.9713363647461,5.781332752564964],[115.9548568725586,5.772451694682289],[115.95245361328125,5.770060616851012],[115.94970703125,5.769719033480484],[115.93563079833984,5.76288732287486],[115.90953826904297,5.754347569020652],[115.90816497802734,5.752981196496023],[115.90953826904297,5.752298009002573],[115.90885162353516,5.750931631553968],[115.90816497802734,5.7516148206885305],[115.90438842773438,5.7499068463138485],[115.89923858642578,5.742391698179887],[115.89649200439453,5.735218055217089],[115.89546203613281,5.729410754362036],[115.89717864990234,5.728727538612986],[115.89614868164062,5.727702713456992],[115.89580535888672,5.7259946674447235],[115.89683532714844,5.706522582402357],[115.8944320678711,5.681925319480911],[115.89237213134766,5.6730427160917],[115.89374542236328,5.671334507442495],[115.89374542236328,5.6668931412887105],[115.88996887207031,5.656985355261327],[115.88996887207031,5.654252143030249],[115.88825225830078,5.652202225385082],[115.88825225830078,5.645369114158527],[115.88619232177734,5.642294187819431],[115.88584899902344,5.638877583876834],[115.88447570800781,5.636827611854756],[115.88447570800781,5.635460959818104],[115.88653564453125,5.634435968679625],[115.88653564453125,5.631019318487901],[115.88447570800781,5.626577643208208],[115.88275909423828,5.6258943055382105],[115.88584899902344,5.625552636402148],[115.88653564453125,5.623502617371656],[115.88619232177734,5.620427575284879],[115.88516235351562,5.6194025576463105],[115.88447570800781,5.616327493906226],[115.8837890625,5.612910737382734],[115.87726593017578,5.59958519571633],[115.87554931640625,5.5941182188847876],[115.61187744140625,5.5941182188847876],[115.61153411865234,5.594459906434167],[115.61187744140625,5.596168341186825],[115.6142807006836,5.5975350853951795],[115.61599731445312,5.60334371262401],[115.6197738647461,5.605393802561082],[115.61943054199219,5.608468923967081],[115.62080383300781,5.61461911814834],[115.6201171875,5.615644144204097],[115.6197738647461,5.615644144204097],[115.6197738647461,5.616327493906226],[115.6197738647461,5.617694190906022],[115.61737060546875,5.623502617371656],[115.61222076416016,5.623844287711677],[115.60741424560547,5.625210967065385],[115.60260772705078,5.628627651400336],[115.60020446777344,5.631360984411259],[115.59711456298828,5.629652652785779],[115.59436798095703,5.6299943195125906],[115.59333801269531,5.631702650133718],[115.59333801269531,5.628627651400336],[115.59093475341797,5.623502617371656],[115.58956146240234,5.622819276089743],[115.59127807617188,5.621794262662419],[115.59127807617188,5.619744230392996],[115.58784484863281,5.616327493906226],[115.58853149414062,5.616327493906226],[115.587158203125,5.615644144204097],[115.58372497558594,5.605052121404782],[115.57891845703125,5.597876770948034],[115.57857513427734,5.5941182188847876],[115.3128433227539,5.5941182188847876],[115.3121566772461,5.5941182188847876],[115.29052734375,5.5941182188847876],[115.29052734375,5.615644144204097],[115.29052734375,5.616327493906226]],[[116.04206085205078,5.862280559076908],[116.04377746582031,5.865012770543714],[116.0434341430664,5.867061920361223],[116.04446411132812,5.866720395914541],[116.0434341430664,5.867744968626994],[116.0427474975586,5.866720395914541],[116.04206085205078,5.862280559076908]],[[116.12892150878906,6.091056313218729],[116.12754821777344,6.091056313218729],[116.12892150878906,6.08969077335442],[116.12892150878906,6.091056313218729]],[[116.36375427246094,6.706208130524516],[116.36547088623047,6.707572023577086],[116.37062072753906,6.708253968671542],[116.36512756347656,6.70927688452322],[116.35791778564453,6.7140504634201505],[116.34830474853516,6.715755301681568],[116.34727478027344,6.718142065212177],[116.34864807128906,6.718483030474886],[116.34830474853516,6.720187853202788],[116.34349822998047,6.71984688913534],[116.34281158447266,6.718823995498568],[116.34212493896484,6.719505924828809],[116.34212493896484,6.718823995498568],[116.3400650024414,6.718142065212177],[116.33869171142578,6.716778201771362],[116.3400650024414,6.7160962686171075],[116.34143829345703,6.7174601339697375],[116.34349822998047,6.715414334507088],[116.34452819824219,6.71302755759676],[116.34384155273438,6.70927688452322],[116.35311126708984,6.708253968671542],[116.35757446289062,6.705526182566601],[116.3613510131836,6.70654910414558],[116.36375427246094,6.706208130524516]],[[116.32633209228516,6.395483546954694],[116.33010864257812,6.394459987466803],[116.33251190185547,6.391389296708979],[116.33560180664062,6.390365729026044],[116.33560180664062,6.39173048548146],[116.33766174316406,6.393436425929693],[116.33800506591797,6.396848289750267],[116.34075164794922,6.397530659781424],[116.3400650024414,6.400601313644117],[116.34178161621094,6.401624860829756],[116.33731842041016,6.401624860829756],[116.33319854736328,6.398213028901381],[116.33216857910156,6.398213028901381],[116.33319854736328,6.397189474879738],[116.33182525634766,6.3958247329951945],[116.32598876953125,6.3965071043930095],[116.32633209228516,6.395483546954694]],[[116.07261657714844,6.073304024373698],[116.07158660888672,6.0743282108080905],[116.07261657714844,6.071255645661509],[116.0708999633789,6.068865860652949],[116.06952667236328,6.068524461929385],[116.06986999511719,6.067158864872525],[116.06781005859375,6.058623804918199],[116.07467651367188,6.061013635316385],[116.0760498046875,6.065793264356159],[116.07948303222656,6.068524461929385],[116.07845306396484,6.071597042654517],[116.07879638671875,6.0743282108080905],[116.08051300048828,6.07705936510753],[116.07433319091797,6.073645420068274],[116.07261657714844,6.073304024373698]],[[116.00532531738281,6.022433653830433],[116.00738525390625,6.019702223614473],[116.00738525390625,6.014239321994509],[116.00841522216797,6.012190719736566],[116.01322174072266,6.010483545295216],[116.01493835449219,6.010483545295216],[116.01631164550781,6.014239321994509],[116.01699829101562,6.014239321994509],[116.01940155029297,6.010483545295216],[116.01974487304688,6.012532153982022],[116.0211181640625,6.012873588013164],[116.02420806884766,6.005703428371746],[116.02558135986328,6.007069180346832],[116.02558135986328,6.009459238059563],[116.0262680053711,6.009117801885935],[116.02832794189453,6.012532153982022],[116.03004455566406,6.012190719736566],[116.03141784667969,6.012873588013164],[116.03279113769531,6.008434928896165],[116.03382110595703,6.009459238059563],[116.03485107421875,6.009459238059563],[116.03588104248047,6.005703428371746],[116.03897094726562,6.003654793987536],[116.03931427001953,6.001264710802943],[116.0372543334961,5.999216059730827],[116.03759765625,5.994777289336298],[116.03897094726562,5.993411506564016],[116.04034423828125,5.993411506564016],[116.04068756103516,5.9917042732921],[116.04755401611328,5.997850288072584],[116.05030059814453,6.004337672971687],[116.05545043945312,6.002289033451433],[116.05648040771484,6.002971914147409],[116.05785369873047,6.00092326949229],[116.05682373046875,5.999557502110832],[116.05751037597656,5.997850288072584],[116.0595703125,5.998874617136991],[116.06128692626953,5.997850288072584],[116.06266021728516,5.995801624171918],[116.06403350830078,5.9954601794404],[116.06643676757812,5.998874617136991],[116.06575012207031,5.999557502110832],[116.06334686279297,5.999557502110832],[116.06231689453125,6.000581827967736],[116.06128692626953,5.9998989442769926],[116.0599136352539,6.0019475927825425],[116.06231689453125,6.009800674018976],[116.06369018554688,6.011507850602811],[116.06266021728516,6.012873588013164],[116.06334686279297,6.017653641940939],[116.0595703125,6.013897888820679],[116.06025695800781,6.012532153982022],[116.05819702148438,6.008434928896165],[116.05476379394531,6.006727742674187],[116.05236053466797,6.007069180346832],[116.05098724365234,6.008434928896165],[116.04995727539062,6.011166415714527],[116.05098724365234,6.012873588013164],[116.04721069335938,6.012190719736566],[116.04549407958984,6.013897888820679],[116.04789733886719,6.02072651155494],[116.05133056640625,6.025847922281315],[116.05133056640625,6.027213623648791],[116.04995727539062,6.028237897418876],[116.05030059814453,6.03165212935194],[116.04686737060547,6.03096928468473],[116.0427474975586,6.03165212935194],[116.03965759277344,6.02653077339464],[116.03450775146484,6.026189347945348],[116.03347778320312,6.024482217477512],[116.02970123291016,6.024140790739722],[116.02867126464844,6.024823644000563],[116.03107452392578,6.027213623648791],[116.02764129638672,6.028920745524715],[116.02729797363281,6.03438349942094],[116.02180480957031,6.027896473043697],[116.01837158203125,6.028237897418876],[116.01699829101562,6.03096928468473],[116.01768493652344,6.037797692650329],[116.01665496826172,6.040187615107925],[116.01734161376953,6.042577527017173],[116.01493835449219,6.042918942142862],[116.01425170898438,6.043943186227736],[116.01081848144531,6.041211864360889],[116.0101318359375,6.037797692650329],[116.00669860839844,6.03165212935194],[116.0049819946289,6.024482217477512],[116.00532531738281,6.022433653830433]],[[115.99674224853516,5.974973104907505],[115.99502563476562,5.971217057997222],[115.99536895751953,5.970875597909867],[115.99639892578125,5.971899977533397],[115.99742889404297,5.971899977533397],[115.99983215332031,5.974290189203828],[116.00566864013672,5.974973104907505],[116.00772857666016,5.974631647162141],[116.00875854492188,5.9756560197592705],[116.0049819946289,5.977363303160843],[115.99983215332031,5.977363303160843],[115.99674224853516,5.974973104907505]],[[115.66509246826172,5.705497717482871],[115.66680908203125,5.70481447318565],[115.66783905029297,5.708572306745381],[115.6698989868164,5.710622023758276],[115.67058563232422,5.7133549683685345],[115.66646575927734,5.7188208184565354],[115.65959930419922,5.7249698373865385],[115.65994262695312,5.730777183407881],[115.65788269042969,5.733510031687757],[115.65650939941406,5.7345348464189385],[115.6527328491211,5.7348764509202965],[115.64517974853516,5.734193241713058],[115.63899993896484,5.738975688978854],[115.6362533569336,5.738975688978854],[115.63247680664062,5.736584470358679],[115.63213348388672,5.729752361930053],[115.6365966796875,5.7249698373865385],[115.6472396850586,5.722920171757323],[115.64998626708984,5.7218953361869325],[115.6534194946289,5.717112745911038],[115.65547943115234,5.709255546564279],[115.65753936767578,5.706180960966066],[115.66509246826172,5.705497717482871]],[[115.66680908203125,5.70481447318565],[115.66577911376953,5.704131228074502],[115.66680908203125,5.704472850731804],[115.66680908203125,5.70481447318565]],[[115.60432434082031,6.190389972495311],[115.60569763183594,6.193120532325111],[115.60844421386719,6.199946870107368],[115.60432434082031,6.212234055406142],[115.5978012084961,6.211551441519987],[115.59196472167969,6.209503594551123],[115.58406829833984,6.204042630374289],[115.58647155761719,6.197216345591244],[115.59127807617188,6.188000721065521],[115.5929946899414,6.187318075815568],[115.60192108154297,6.189024687287002],[115.60432434082031,6.190389972495311]]]}}]}