{"type":"FeatureCollection","features":[{"type":"Feature","id":"pmtiles:10/902/525:landcover:86599693:2","properties":{"subclass":"wetland","class":"wetland","kind":"green","verification":"verified","source":"OpenMapTiles/OpenStreetMap national PMTiles","sourceId":"10/902/525:landcover:86599693:2","sourceLayer":"landcover","archive":"https://its.hanifahseptiani45.workers.dev/v1/map/archive/indonesia.pmtiles","updatedAt":"2026-07-26T09:44:16.247Z"},"geometry":{"type":"Polygon","coordinates":[[[137.17924118041992,-4.921305737130197],[137.1778678894043,-4.921305737130197],[137.17778205871582,-4.918996847818832],[137.17795372009277,-4.9184837602175975],[137.17846870422363,-4.918569274845254],[137.17924118041992,-4.920792651308773],[137.17924118041992,-4.921305737130197]]]}},{"type":"Feature","id":"pmtiles:10/902/525:landcover:86613323:0","properties":{"subclass":"wetland","class":"wetland","kind":"green","verification":"verified","source":"OpenMapTiles/OpenStreetMap national PMTiles","sourceId":"10/902/525:landcover:86613323:0","sourceLayer":"landcover","archive":"https://its.hanifahseptiani45.workers.dev/v1/map/archive/indonesia.pmtiles","updatedAt":"2026-07-26T09:44:16.247Z"},"geometry":{"type":"Polygon","coordinates":[[[137.44686126708984,-4.921305737130197],[137.43741989135742,-4.921305737130197],[137.44102478027344,-4.920194050683804],[137.44471549987793,-4.920450593874719],[137.44686126708984,-4.921305737130197]]]}},{"type":"Feature","id":"pmtiles:10/902/525:landcover:86613323:1","properties":{"subclass":"wetland","class":"wetland","kind":"green","verification":"verified","source":"OpenMapTiles/OpenStreetMap national PMTiles","sourceId":"10/902/525:landcover:86613323:1","sourceLayer":"landcover","archive":"https://its.hanifahseptiani45.workers.dev/v1/map/archive/indonesia.pmtiles","updatedAt":"2026-07-26T09:44:16.247Z"},"geometry":{"type":"Polygon","coordinates":[[[137.4605941772461,-4.921305737130197],[137.4532127380371,-4.921305737130197],[137.4576759338379,-4.920279565091761],[137.45973587036133,-4.920450593874719],[137.4605941772461,-4.921305737130197]]]}},{"type":"Feature","id":"pmtiles:10/902/525:water:190:4","properties":{"class":"ocean","water":"ocean","kind":"waterway","verification":"verified","source":"OpenMapTiles/OpenStreetMap national PMTiles","sourceId":"10/902/525:water:190:4","sourceLayer":"water","archive":"https://its.hanifahseptiani45.workers.dev/v1/map/archive/indonesia.pmtiles","updatedAt":"2026-07-26T09:44:16.248Z"},"geometry":{"type":"Polygon","coordinates":[[[137.43724822998047,-4.921305737130197],[137.43518829345703,-4.921305737130197],[137.4356174468994,-4.920365079488732],[137.4363899230957,-4.919595449520472],[137.43844985961914,-4.918654789461954],[137.44385719299316,-4.9184837602175975],[137.44608879089355,-4.918911333246086],[137.44874954223633,-4.920108536264877],[137.45003700256348,-4.920279565091761],[137.4525260925293,-4.920108536264877],[137.45827674865723,-4.9183127309293155],[137.45999336242676,-4.9184837602175975],[137.46119499206543,-4.919082362380593],[137.4620532989502,-4.920194050683804],[137.46248245239258,-4.921305737130197],[137.46085166931152,-4.921305737130197],[137.45973587036133,-4.920450593874719],[137.4576759338379,-4.920279565091761],[137.45450019836426,-4.921134708567024],[137.45304107666016,-4.921220222854103],[137.4528694152832,-4.921305737130197],[137.44686126708984,-4.921305737130197],[137.44471549987793,-4.920450593874719],[137.44342803955078,-4.920279565091761],[137.44025230407715,-4.920279565091761],[137.43793487548828,-4.920878165639806],[137.43724822998047,-4.921305737130197]]]}},{"type":"Feature","id":"pmtiles:10/902/525:water:73038703:0","properties":{"intermittent":0,"class":"river","id":7303870,"water":"river","kind":"waterway","verification":"verified","source":"OpenMapTiles/OpenStreetMap national PMTiles","sourceId":"10/902/525:water:73038703:0","sourceLayer":"water","archive":"https://its.hanifahseptiani45.workers.dev/v1/map/archive/indonesia.pmtiles","updatedAt":"2026-07-26T09:44:16.249Z"},"geometry":{"type":"Polygon","coordinates":[[[137.30996131896973,-4.921305737130197],[137.30867385864258,-4.919766478479218],[137.3056697845459,-4.916944495041648],[137.3074722290039,-4.916516920750269],[137.30721473693848,-4.917030009866977],[137.30721473693848,-4.91771412807438],[137.30798721313477,-4.918569274845254],[137.30987548828125,-4.919766478479218],[137.31099128723145,-4.921305737130197],[137.30996131896973,-4.921305737130197]]]}},{"type":"Feature","id":"pmtiles:10/902/525:water:73083403:0","properties":{"intermittent":0,"class":"lake","id":7308340,"water":"lake","kind":"waterway","verification":"verified","source":"OpenMapTiles/OpenStreetMap national PMTiles","sourceId":"10/902/525:water:73083403:0","sourceLayer":"water","archive":"https://its.hanifahseptiani45.workers.dev/v1/map/archive/indonesia.pmtiles","updatedAt":"2026-07-26T09:44:16.249Z"},"geometry":{"type":"Polygon","coordinates":[[[137.46085166931152,-4.921305737130197],[137.45973587036133,-4.920450593874719],[137.4576759338379,-4.920279565091761],[137.45450019836426,-4.921134708567024],[137.45304107666016,-4.921220222854103],[137.4528694152832,-4.921305737130197],[137.44686126708984,-4.921305737130197],[137.44471549987793,-4.920450593874719],[137.44342803955078,-4.920279565091761],[137.44025230407715,-4.920279565091761],[137.43793487548828,-4.920878165639806],[137.43724822998047,-4.921305737130197],[137.43518829345703,-4.921305737130197],[137.4356174468994,-4.920365079488732],[137.4363899230957,-4.919595449520472],[137.4375057220459,-4.918996847818832],[137.43844985961914,-4.918654789461954],[137.43947982788086,-4.9184837602175975],[137.44385719299316,-4.9184837602175975],[137.44608879089355,-4.918911333246086],[137.44874954223633,-4.920108536264877],[137.45003700256348,-4.920279565091761],[137.4525260925293,-4.920108536264877],[137.45827674865723,-4.9183127309293155],[137.45999336242676,-4.9184837602175975],[137.46119499206543,-4.919082362380593],[137.4620532989502,-4.920194050683804],[137.46248245239258,-4.921305737130197],[137.46085166931152,-4.921305737130197]]]}},{"type":"Feature","id":"pmtiles:10/903/525:landcover:86613323:0","properties":{"subclass":"wetland","class":"wetland","kind":"green","verification":"verified","source":"OpenMapTiles/OpenStreetMap national PMTiles","sourceId":"10/903/525:landcover:86613323:0","sourceLayer":"landcover","archive":"https://its.hanifahseptiani45.workers.dev/v1/map/archive/indonesia.pmtiles","updatedAt":"2026-07-26T09:44:16.316Z"},"geometry":{"type":"Polygon","coordinates":[[[137.4554443359375,-4.920792651308773],[137.4576759338379,-4.920279565091761],[137.45973587036133,-4.920450593874719],[137.4605941772461,-4.921305737130197],[137.4554443359375,-4.921305737130197],[137.4554443359375,-4.920792651308773]]]}},{"type":"Feature","id":"pmtiles:10/903/525:water:190:5","properties":{"class":"ocean","water":"ocean","kind":"waterway","verification":"verified","source":"OpenMapTiles/OpenStreetMap national PMTiles","sourceId":"10/903/525:water:190:5","sourceLayer":"water","archive":"https://its.hanifahseptiani45.workers.dev/v1/map/archive/indonesia.pmtiles","updatedAt":"2026-07-26T09:44:16.317Z"},"geometry":{"type":"Polygon","coordinates":[[[137.4576759338379,-4.920279565091761],[137.4554443359375,-4.920878165639806],[137.4554443359375,-4.919167876931368],[137.45827674865723,-4.9183127309293155],[137.45999336242676,-4.9184837602175975],[137.46119499206543,-4.919082362380593],[137.4620532989502,-4.920194050683804],[137.46248245239258,-4.921305737130197],[137.46085166931152,-4.921305737130197],[137.45973587036133,-4.920450593874719],[137.4576759338379,-4.920279565091761]]]}},{"type":"Feature","id":"pmtiles:10/903/525:water:73083403:0","properties":{"intermittent":0,"class":"lake","id":7308340,"water":"lake","kind":"waterway","verification":"verified","source":"OpenMapTiles/OpenStreetMap national PMTiles","sourceId":"10/903/525:water:73083403:0","sourceLayer":"water","archive":"https://its.hanifahseptiani45.workers.dev/v1/map/archive/indonesia.pmtiles","updatedAt":"2026-07-26T09:44:16.317Z"},"geometry":{"type":"Polygon","coordinates":[[[137.46085166931152,-4.921305737130197],[137.45973587036133,-4.920450593874719],[137.4576759338379,-4.920279565091761],[137.4554443359375,-4.920878165639806],[137.4554443359375,-4.919167876931368],[137.45827674865723,-4.9183127309293155],[137.45999336242676,-4.9184837602175975],[137.46119499206543,-4.919082362380593],[137.4620532989502,-4.920194050683804],[137.46248245239258,-4.921305737130197],[137.46085166931152,-4.921305737130197]]]}},{"type":"Feature","id":"pmtiles:10/901/526:landcover:86603483:1","properties":{"subclass":"wetland","class":"wetland","kind":"green","verification":"verified","source":"OpenMapTiles/OpenStreetMap national PMTiles","sourceId":"10/901/526:landcover:86603483:1","sourceLayer":"landcover","archive":"https://its.hanifahseptiani45.workers.dev/v1/map/archive/indonesia.pmtiles","updatedAt":"2026-07-26T09:44:25.351Z"},"geometry":{"type":"Polygon","coordinates":[[[137.11143493652344,-4.936527103022442],[137.1148681640625,-4.934389291791717],[137.1148681640625,-4.9408882165668615],[137.1145248413086,-4.940802704812299],[137.11255073547363,-4.940973728310354],[137.11126327514648,-4.9373822255858215],[137.11143493652344,-4.936527103022442]]]}},{"type":"Feature","id":"pmtiles:10/901/526:water:190:0","properties":{"class":"ocean","water":"ocean","kind":"waterway","verification":"verified","source":"OpenMapTiles/OpenStreetMap national PMTiles","sourceId":"10/901/526:water:190:0","sourceLayer":"water","archive":"https://its.hanifahseptiani45.workers.dev/v1/map/archive/indonesia.pmtiles","updatedAt":"2026-07-26T09:44:25.352Z"},"geometry":{"type":"Polygon","coordinates":[[[137.1148681640625,-4.9408882165668615],[137.1148681640625,-4.941315775174061],[137.11332321166992,-4.941315775174061],[137.1122932434082,-4.941828845138602],[137.1115207672119,-4.94388112102375],[137.11066246032715,-4.944821745346147],[137.10963249206543,-4.944821745346147],[137.1086883544922,-4.94422316638645],[137.10817337036133,-4.943539075484395],[137.1079158782959,-4.941572310205984],[137.10817337036133,-4.940717193046737],[137.10988998413086,-4.9396910509993575],[137.11031913757324,-4.939092467404848],[137.11031913757324,-4.938493883269942],[137.1100616455078,-4.938151834950219],[137.1086025238037,-4.937638762139855],[137.10808753967285,-4.937125688932568],[137.10834503173828,-4.936527103022442],[137.10834503173828,-4.937125688932568],[137.1100616455078,-4.937895298594654],[137.11040496826172,-4.9382373470466945],[137.1104907989502,-4.938835931413195],[137.11023330688477,-4.9396055390903655],[137.10877418518066,-4.940631681270133],[137.10834503173828,-4.941144751764284],[137.1082592010498,-4.943111518311852],[137.1086025238037,-4.943795609655467],[137.10988998413086,-4.944565211572524],[137.11066246032715,-4.944479700292575],[137.11100578308105,-4.944137655062349],[137.11237907409668,-4.941230263474679],[137.11203575134277,-4.9396910509993575],[137.111177444458,-4.937638762139855],[137.11109161376953,-4.93686915218008],[137.1116065979004,-4.936099541327366],[137.11237907409668,-4.9355009544913315],[137.1148681640625,-4.934389291791717],[137.1148681640625,-4.934560316943646],[137.11478233337402,-4.934645829503069],[137.11280822753906,-4.9355009544913315],[137.11169242858887,-4.936185053688433],[137.11126327514648,-4.936954664441927],[137.11134910583496,-4.937724274302482],[137.11186408996582,-4.938664907363616],[137.11255073547363,-4.940973728310354],[137.1145248413086,-4.940802704812299],[137.1148681640625,-4.9408882165668615]]]}},{"type":"Feature","id":"pmtiles:10/901/526:water:86558413:0","properties":{"intermittent":0,"class":"lake","id":8655841,"water":"lake","kind":"waterway","verification":"verified","source":"OpenMapTiles/OpenStreetMap national PMTiles","sourceId":"10/901/526:water:86558413:0","sourceLayer":"water","archive":"https://its.hanifahseptiani45.workers.dev/v1/map/archive/indonesia.pmtiles","updatedAt":"2026-07-26T09:44:25.352Z"},"geometry":{"type":"Polygon","coordinates":[[[137.11237907409668,-4.941230263474679],[137.11203575134277,-4.9396910509993575],[137.11255073547363,-4.940973728310354],[137.1145248413086,-4.940802704812299],[137.1148681640625,-4.9408882165668615],[137.1148681640625,-4.941315775174061],[137.11332321166992,-4.941315775174061],[137.1122932434082,-4.941828845138602],[137.1115207672119,-4.94388112102375],[137.11066246032715,-4.944821745346147],[137.10963249206543,-4.944821745346147],[137.1086883544922,-4.94422316638645],[137.10817337036133,-4.943539075484395],[137.1079158782959,-4.941572310205984],[137.10817337036133,-4.940717193046737],[137.10988998413086,-4.9396910509993575],[137.11031913757324,-4.939092467404848],[137.11031913757324,-4.938493883269942],[137.1100616455078,-4.938151834950219],[137.1086025238037,-4.937638762139855],[137.10808753967285,-4.937125688932568],[137.10834503173828,-4.936527103022442],[137.10834503173828,-4.937125688932568],[137.1100616455078,-4.937895298594654],[137.11040496826172,-4.9382373470466945],[137.1104907989502,-4.938835931413195],[137.11023330688477,-4.9396055390903655],[137.10877418518066,-4.940631681270133],[137.10834503173828,-4.941144751764284],[137.10817337036133,-4.942427426261801],[137.1086025238037,-4.943795609655467],[137.10988998413086,-4.944565211572524],[137.11066246032715,-4.944479700292575],[137.11100578308105,-4.944137655062349],[137.11237907409668,-4.941230263474679]]]}},{"type":"Feature","id":"pmtiles:10/902/526:landcover:86599643:0","properties":{"subclass":"wetland","class":"wetland","kind":"green","verification":"verified","source":"OpenMapTiles/OpenStreetMap national PMTiles","sourceId":"10/902/526:landcover:86599643:0","sourceLayer":"landcover","archive":"https://its.hanifahseptiani45.workers.dev/v1/map/archive/indonesia.pmtiles","updatedAt":"2026-07-26T09:44:25.418Z"},"geometry":{"type":"Polygon","coordinates":[[[137.2313404083252,-4.954826484954978],[137.2294521331787,-4.9566221914263195],[137.22739219665527,-4.954484445073874],[137.22601890563965,-4.9518336299945105],[137.22576141357422,-4.950037910516144],[137.22378730773926,-4.9463609459008495],[137.21906661987305,-4.941999868371838],[137.21932411193848,-4.940118610378818],[137.22164154052734,-4.937211201161347],[137.22198486328125,-4.93601402895527],[137.221040725708,-4.9334486526683605],[137.22112655639648,-4.932080447927618],[137.22370147705078,-4.9298571092109285],[137.22464561462402,-4.92789030337353],[137.22679138183594,-4.929001976953572],[137.22885131835938,-4.931909422136769],[137.23185539245605,-4.932080447927618],[137.2353744506836,-4.93054121422422],[137.23657608032227,-4.930712240367441],[137.23520278930664,-4.930199161805646],[137.2324562072754,-4.9315673704229255],[137.2291088104248,-4.931652883367917],[137.22739219665527,-4.929001976953572],[137.2224998474121,-4.926180032696109],[137.22172737121582,-4.924811812985979],[137.22155570983887,-4.923700132398466],[137.2229290008545,-4.921733308345836],[137.22516059875488,-4.921391251395306],[137.22567558288574,-4.920792651308773],[137.22344398498535,-4.9205361082497205],[137.2213840484619,-4.922502935841564],[137.22129821777344,-4.925239381947847],[137.22344398498535,-4.9272061956306885],[137.22370147705078,-4.928146843595556],[137.22301483154297,-4.92977159603474],[137.2203540802002,-4.9322514736744125],[137.221040725708,-4.936783639907205],[137.2188949584961,-4.938579395322293],[137.21735000610352,-4.940802704812299],[137.22043991088867,-4.945762368332524],[137.22095489501953,-4.947472588520398],[137.22043991088867,-4.947558099413811],[137.21674919128418,-4.945591346070756],[137.21091270446777,-4.941315775174061],[137.20808029174805,-4.938664907363616],[137.20524787902832,-4.934474804373195],[137.20722198486328,-4.93148185746692],[137.21185684204102,-4.926864141495187],[137.2137451171875,-4.923101534389346],[137.2140884399414,-4.921134708567024],[137.2130584716797,-4.917286554277112],[137.2074794769287,-4.910359820532264],[137.2397518157959,-4.910359820532264],[137.2418975830078,-4.912070131853412],[137.24472999572754,-4.915832801313158],[137.24867820739746,-4.91771412807438],[137.2536563873291,-4.918569274845254],[137.2569179534912,-4.921647794124695],[137.2599220275879,-4.923272562446925],[137.261381149292,-4.925666950634778],[137.25391387939453,-4.932679037848658],[137.25193977355957,-4.935158904628267],[137.2437858581543,-4.949268314961714],[137.2408676147461,-4.953201793943322],[137.2360610961914,-4.953116283779465],[137.2334861755371,-4.953714854694198],[137.2313404083252,-4.954826484954978]]]}},{"type":"Feature","id":"pmtiles:10/902/526:landcover:86599643:1","properties":{"subclass":"wetland","class":"wetland","kind":"green","verification":"verified","source":"OpenMapTiles/OpenStreetMap national PMTiles","sourceId":"10/902/526:landcover:86599643:1","sourceLayer":"landcover","archive":"https://its.hanifahseptiani45.workers.dev/v1/map/archive/indonesia.pmtiles","updatedAt":"2026-07-26T09:44:25.418Z"},"geometry":{"type":"Polygon","coordinates":[[[137.2444725036621,-4.913694923544426],[137.24069595336914,-4.910359820532264],[137.27073669433594,-4.910359820532264],[137.2686767578125,-4.915319711274279],[137.2624111175537,-4.9219898509433335],[137.25786209106445,-4.918825818662356],[137.25460052490234,-4.917286554277112],[137.24902153015137,-4.917115524681336],[137.24584579467773,-4.915576256343115],[137.2444725036621,-4.913694923544426]]]}},{"type":"Feature","id":"pmtiles:10/902/526:landcover:86599663:0","properties":{"subclass":"wetland","class":"wetland","kind":"green","verification":"verified","source":"OpenMapTiles/OpenStreetMap national PMTiles","sourceId":"10/902/526:landcover:86599663:0","sourceLayer":"landcover","archive":"https://its.hanifahseptiani45.workers.dev/v1/map/archive/indonesia.pmtiles","updatedAt":"2026-07-26T09:44:25.418Z"},"geometry":{"type":"Polygon","coordinates":[[[137.24790573120117,-4.990654179734577],[137.24867820739746,-4.987490476161923],[137.24842071533203,-4.987148453240749],[137.2473907470703,-4.9903976637968555],[137.24696159362793,-4.9903976637968555],[137.24567413330078,-4.989457104500573],[137.2455883026123,-4.986207889288906],[137.24370002746582,-4.9837282142321015],[137.24421501159668,-4.980564477297563],[137.2481632232666,-4.978170287875486],[137.2499656677246,-4.976032611384596],[137.25176811218262,-4.9719282530589055],[137.25417137145996,-4.971415206469317],[137.25580215454102,-4.9722702838965915],[137.25640296936035,-4.978939849711708],[137.25708961486816,-4.9798804240664225],[137.25940704345703,-4.980820997075739],[137.264986038208,-4.979709410647459],[137.26807594299316,-4.978341301694684],[137.27022171020508,-4.976289132930219],[137.26987838745117,-4.973809420467816],[137.26816177368164,-4.972697822193922],[137.2668743133545,-4.970645635835666],[137.27065086364746,-4.966968785957874],[137.27108001708984,-4.965857176143217],[137.27056503295898,-4.964745564454674],[137.27005004882812,-4.965002090395259],[137.27005004882812,-4.966199210131947],[137.26910591125488,-4.967567344312542],[137.26618766784668,-4.970218096206295],[137.26618766784668,-4.971244190850641],[137.26910591125488,-4.974151450328364],[137.26962089538574,-4.975690582501571],[137.26773262023926,-4.977571739158165],[137.26292610168457,-4.979367383676092],[137.25820541381836,-4.979538397184001],[137.25726127624512,-4.977828260103706],[137.25674629211426,-4.971757237573442],[137.25494384765625,-4.970303604154367],[137.25193977355957,-4.970474620017214],[137.2499656677246,-4.9722702838965915],[137.2488498687744,-4.974493480011205],[137.2463607788086,-4.976460147238399],[137.24550247192383,-4.976545654375826],[137.24309921264648,-4.974151450328364],[137.2467041015625,-4.965515141977079],[137.25090980529785,-4.957904835917674],[137.25605964660645,-4.9501234210780325],[137.26215362548828,-4.936527103022442],[137.2701358795166,-4.923700132398466],[137.27408409118652,-4.9183127309293155],[137.2748565673828,-4.915576256343115],[137.27391242980957,-4.914635590607759],[137.2749423980713,-4.910359820532264],[137.29219436645508,-4.910359820532264],[137.29348182678223,-4.912155647304303],[137.29562759399414,-4.914036984448359],[137.30257987976074,-4.916944495041648],[137.3056697845459,-4.916944495041648],[137.30627059936523,-4.91737206905853],[137.3108196258545,-4.922417421719345],[137.31133460998535,-4.925153868177475],[137.30755805969238,-4.928061330199213],[137.3060131072998,-4.930712240367441],[137.30506896972656,-4.934047241355657],[137.30592727661133,-4.938408371206549],[137.30215072631836,-4.938579395322293],[137.3005199432373,-4.940289634053386],[137.3001766204834,-4.9420853799719],[137.3012924194336,-4.945591346070756],[137.3009490966797,-4.947472588520398],[137.29991912841797,-4.948755250761437],[137.29554176330566,-4.951149546958575],[137.29408264160156,-4.953116283779465],[137.29382514953613,-4.954655465036552],[137.294340133667,-4.955938113345994],[137.29957580566406,-4.959957061922566],[137.30180740356445,-4.962607844403692],[137.30215072631836,-4.963804968485675],[137.30146408081055,-4.965686159082324],[137.29562759399414,-4.971329698665542],[137.29167938232422,-4.976545654375826],[137.28618621826172,-4.989457104500573],[137.28352546691895,-5.000658223032488],[137.28343963623047,-5.005788442379625],[137.28343963623047,-5.009123063381864],[137.2844696044922,-5.013740202838733],[137.28618621826172,-5.016903779549338],[137.28790283203125,-5.019981839468755],[137.2880744934082,-5.022119372534107],[137.28652954101562,-5.025453910121826],[137.28472709655762,-5.025453910121826],[137.26455688476562,-5.014766229397395],[137.26369857788086,-5.013740202838733],[137.24610328674316,-5.001855277810137],[137.2418975830078,-4.997751080891462],[137.24061012268066,-4.995442458825309],[137.24249839782715,-4.995955486653912],[137.2445583343506,-4.994501906763347],[137.24387168884277,-4.993561353352092],[137.2434425354004,-4.990568674433135],[137.24438667297363,-4.987661487555698],[137.24481582641602,-4.987575981864367],[137.24481582641602,-4.989029577102102],[137.24584579467773,-4.990654179734577],[137.2492790222168,-4.99202226304196],[137.24970817565918,-4.9942453923304555],[137.25176811218262,-4.9942453923304555],[137.25374221801758,-4.99672502764389],[137.25580215454102,-4.99766557651553],[137.25648880004883,-4.99886263676305],[137.25829124450684,-5.000145198886429],[137.25648880004883,-4.9986061240370105],[137.2562313079834,-4.997751080891462],[137.25382804870605,-4.996554018613097],[137.25176811218262,-4.993988877797193],[137.2500514984131,-4.994159887497176],[137.24979400634766,-4.99193675791885],[137.24790573120117,-4.990654179734577]],[[137.25528717041016,-4.992620798591744],[137.2565746307373,-4.993817868052588],[137.25563049316406,-4.992620798591744],[137.25322723388672,-4.99159473731487],[137.2529697418213,-4.990910695572026],[137.25382804870605,-4.990654179734577],[137.25537300109863,-4.988516543856335],[137.25708961486816,-4.987404970448324],[137.2551155090332,-4.988516543856335],[137.25314140319824,-4.990654179734577],[137.25279808044434,-4.98962811538199],[137.24979400634766,-4.98860204942514],[137.24867820739746,-4.987490476161923],[137.2500514984131,-4.989029577102102],[137.252197265625,-4.989542609946838],[137.2528839111328,-4.99159473731487],[137.25528717041016,-4.992620798591744]],[[137.25786209106445,-4.993390343496003],[137.25674629211426,-4.993903372930475],[137.2570037841797,-4.994159887497176],[137.25786209106445,-4.993390343496003]]]}},{"type":"Feature","id":"pmtiles:10/902/526:landcover:86599673:0","properties":{"subclass":"wetland","class":"wetland","kind":"green","verification":"verified","source":"OpenMapTiles/OpenStreetMap national PMTiles","sourceId":"10/902/526:landcover:86599673:0","sourceLayer":"landcover","archive":"https://its.hanifahseptiani45.workers.dev/v1/map/archive/indonesia.pmtiles","updatedAt":"2026-07-26T09:44:25.418Z"},"geometry":{"type":"Polygon","coordinates":[[[137.20473289489746,-4.910359820532264],[137.2049045562744,-4.912070131853412],[137.21074104309082,-4.919167876931368],[137.21168518066406,-4.921733308345836],[137.21031188964844,-4.923871160302113],[137.20232963562012,-4.929686082847525],[137.1987247467041,-4.9292585167463585],[137.19855308532715,-4.928488897070835],[137.20009803771973,-4.926265546334491],[137.20035552978516,-4.924640785324243],[137.19889640808105,-4.921733308345836],[137.1976089477539,-4.9219898509433335],[137.19451904296875,-4.924640785324243],[137.19237327575684,-4.924384243749174],[137.19117164611816,-4.923529104450822],[137.1914291381836,-4.922331907586113],[137.19563484191895,-4.921049194268946],[137.19666481018066,-4.920023021834936],[137.19666481018066,-4.919167876931368],[137.19632148742676,-4.9184837602175975],[137.19537734985352,-4.918141701597108],[137.1909999847412,-4.918398245578942],[137.19039916992188,-4.91797067222096],[137.19057083129883,-4.917030009866977],[137.19494819641113,-4.916431405859058],[137.19606399536133,-4.915747286334124],[137.1969223022461,-4.913951469238839],[137.19666481018066,-4.912155647304303],[137.1980381011963,-4.913438377751248],[137.19966888427734,-4.913096316540106],[137.19812393188477,-4.913352862464933],[137.19709396362305,-4.911899100918717],[137.19383239746094,-4.911043945587139],[137.19340324401855,-4.910359820532264],[137.20473289489746,-4.910359820532264]]]}},{"type":"Feature","id":"pmtiles:10/902/526:landcover:86599683:0","properties":{"subclass":"wetland","class":"wetland","kind":"green","verification":"verified","source":"OpenMapTiles/OpenStreetMap national PMTiles","sourceId":"10/902/526:landcover:86599683:0","sourceLayer":"landcover","archive":"https://its.hanifahseptiani45.workers.dev/v1/map/archive/indonesia.pmtiles","updatedAt":"2026-07-26T09:44:25.418Z"},"geometry":{"type":"Polygon","coordinates":[[[137.1924591064453,-4.910359820532264],[137.19340324401855,-4.911557038917692],[137.1961498260498,-4.913181831859347],[137.19632148742676,-4.913780438786873],[137.19554901123047,-4.915234196229363],[137.1910858154297,-4.916089346184421],[137.18971252441406,-4.917030009866977],[137.1903133392334,-4.918825818662356],[137.19520568847656,-4.918996847818832],[137.19563484191895,-4.919680964005323],[137.19125747680664,-4.92147676564943],[137.1903133392334,-4.9227594781422965],[137.19048500061035,-4.923529104450822],[137.19202995300293,-4.925153868177475],[137.1943473815918,-4.925410409455623],[137.19855308532715,-4.9227594781422965],[137.19923973083496,-4.924726299160611],[137.19915390014648,-4.926265546334491],[137.1976089477539,-4.927975816791886],[137.19606399536133,-4.92780478994419],[137.19477653503418,-4.928830950370013],[137.19202995300293,-4.928916463667306],[137.18825340270996,-4.9315673704229255],[137.1877384185791,-4.9301136486734976],[137.18911170959473,-4.926351059961888],[137.18894004821777,-4.925239381947847],[137.18782424926758,-4.923871160302113],[137.18688011169434,-4.923785646355768],[137.18567848205566,-4.9245552714768905],[137.18327522277832,-4.92960056964931],[137.1819019317627,-4.93028467492681],[137.18061447143555,-4.929087490228838],[137.18130111694336,-4.924811812985979],[137.17958450317383,-4.923187048423628],[137.1796703338623,-4.921904336755162],[137.1819019317627,-4.921562279892555],[137.18318939208984,-4.92070713696674],[137.18439102172852,-4.915918316281221],[137.18327522277832,-4.920194050683804],[137.1822452545166,-4.921134708567024],[137.1800136566162,-4.921220222854103],[137.17915534973145,-4.920194050683804],[137.17881202697754,-4.9183127309293155],[137.17803955078125,-4.91797067222096],[137.17735290527344,-4.91874030406764],[137.1775245666504,-4.921049194268946],[137.17700958251953,-4.921220222854103],[137.1746063232422,-4.917885157516409],[137.17666625976562,-4.917201039484723],[137.17649459838867,-4.915576256343115],[137.17537879943848,-4.914550075475049],[137.17228889465332,-4.914379045176716],[137.17220306396484,-4.912070131853412],[137.1701431274414,-4.910958429993656],[137.1697998046875,-4.910359820532264],[137.1924591064453,-4.910359820532264]]]}},{"type":"Feature","id":"pmtiles:10/902/526:landcover:86599693:0","properties":{"subclass":"wetland","class":"wetland","kind":"green","verification":"verified","source":"OpenMapTiles/OpenStreetMap national PMTiles","sourceId":"10/902/526:landcover:86599693:0","sourceLayer":"landcover","archive":"https://its.hanifahseptiani45.workers.dev/v1/map/archive/indonesia.pmtiles","updatedAt":"2026-07-26T09:44:25.419Z"},"geometry":{"type":"Polygon","coordinates":[[[137.17615127563477,-4.920792651308773],[137.177095413208,-4.921733308345836],[137.1778678894043,-4.921305737130197],[137.17778205871582,-4.918996847818832],[137.17795372009277,-4.9184837602175975],[137.17846870422363,-4.918569274845254],[137.17924118041992,-4.920792651308773],[137.1793270111084,-4.923443590460522],[137.18087196350098,-4.924726299160611],[137.1800994873047,-4.928403383718518],[137.18095779418945,-4.93037018803696],[137.18241691589355,-4.93054121422422],[137.18361854553223,-4.92977159603474],[137.18585014343262,-4.925068354396089],[137.1869659423828,-4.924384243749174],[137.18833923339844,-4.925068354396089],[137.18868255615234,-4.926436573578272],[137.18722343444824,-4.929515056440096],[137.18748092651367,-4.931909422136769],[137.1891975402832,-4.931994935037707],[137.19314575195312,-4.929344029988613],[137.19640731811523,-4.9309687794997075],[137.1969223022461,-4.932679037848658],[137.199068069458,-4.932508012212011],[137.20147132873535,-4.933363139954693],[137.20224380493164,-4.9373822255858215],[137.20335960388184,-4.940118610378818],[137.20842361450195,-4.94422316638645],[137.21683502197266,-4.949695868158031],[137.22155570983887,-4.9538003647806335],[137.2239589691162,-4.957049739866832],[137.2239589691162,-4.959529515364181],[137.22310066223145,-4.961752754443978],[137.22018241882324,-4.962949880077332],[137.2184658050537,-4.964745564454674],[137.2158908843994,-4.965686159082324],[137.21185684204102,-4.971158683024655],[137.21142768859863,-4.972697822193922],[137.20808029174805,-4.973723912974904],[137.19778060913086,-4.966455735507068],[137.197265625,-4.965600650535251],[137.19529151916504,-4.9620092815482195],[137.19494819641113,-4.9591874779181495],[137.19348907470703,-4.955254034557441],[137.19348907470703,-4.953714854694198],[137.19451904296875,-4.951662609301863],[137.19305992126465,-4.953885874856013],[137.19331741333008,-4.956707701136551],[137.19443321228027,-4.958930949717356],[137.19451904296875,-4.960555626639135],[137.1939182281494,-4.962180299562334],[137.19168663024902,-4.962778862262681],[137.19022750854492,-4.962265808552772],[137.18756675720215,-4.960042571201015],[137.18387603759766,-4.958674421416902],[137.1830177307129,-4.9566221914263195],[137.1822452545166,-4.956451171972645],[137.1833610534668,-4.958930949717356],[137.1873950958252,-4.9604701174271355],[137.19039916992188,-4.962949880077332],[137.19494819641113,-4.962949880077332],[137.19752311706543,-4.967310819369956],[137.20301628112793,-4.970987667339401],[137.20739364624023,-4.974750002156711],[137.21125602722168,-4.976460147238399],[137.21202850341797,-4.977742753132986],[137.21099853515625,-4.978170287875486],[137.21142768859863,-4.980051437440935],[137.2024154663086,-4.995442458825309],[137.19743728637695,-4.997836585256238],[137.19417572021484,-4.997238054468511],[137.18713760375977,-4.997922089609844],[137.1859359741211,-4.999119149388633],[137.18542098999023,-5.000059694823008],[137.1870517730713,-5.001256750694878],[137.18619346618652,-5.006985487772766],[137.18490600585938,-5.008268033976833],[137.177095413208,-5.005959448998496],[137.173490524292,-5.002966826715152],[137.17022895812988,-4.991423726946039],[137.166109085083,-4.986122383408315],[137.16404914855957,-4.9821891008688794],[137.15821266174316,-4.97697318989627],[137.15271949768066,-4.974322465191989],[137.15065956115723,-4.972868837435129],[137.15271949768066,-4.971757237573442],[137.155122756958,-4.971415206469317],[137.15563774108887,-4.97209926849996],[137.15563774108887,-4.973894927949601],[137.1566677093506,-4.974407972607153],[137.1591567993164,-4.973296375343821],[137.16276168823242,-4.973552897955784],[137.16276168823242,-4.9730398526319135],[137.15889930725098,-4.9730398526319135],[137.15615272521973,-4.973894927949601],[137.15606689453125,-4.971757237573442],[137.155122756958,-4.970987667339401],[137.15023040771484,-4.9719282530589055],[137.14868545532227,-4.973381882892241],[137.14611053466797,-4.973210867784289],[137.13014602661133,-4.967909377414031],[137.12739944458008,-4.966455735507068],[137.12542533874512,-4.964574547105528],[137.1251678466797,-4.963377424420031],[137.1292018890381,-4.953971384920322],[137.1364974975586,-4.941144751764284],[137.13872909545898,-4.947472588520398],[137.13967323303223,-4.948242186163341],[137.14430809020996,-4.947814632027743],[137.14353561401367,-4.9463609459008495],[137.14190483093262,-4.947387077615957],[137.1394157409668,-4.94678850097543],[137.1382999420166,-4.939434515239313],[137.13932991027832,-4.939092467404848],[137.14035987854004,-4.940033098524992],[137.14044570922852,-4.943282541213975],[137.142333984375,-4.943453564071959],[137.14362144470215,-4.9420853799719],[137.1431064605713,-4.941743333505428],[137.142333984375,-4.942683960863334],[137.14138984680176,-4.942683960863334],[137.14096069335938,-4.941914356760748],[137.14138984680176,-4.938579395322293],[137.1408748626709,-4.937809786454082],[137.13778495788574,-4.938322859132128],[137.13932991027832,-4.930028135530307],[137.13847160339355,-4.9180561869145265],[137.1379566192627,-4.917457583828963],[137.1368408203125,-4.91737206905853],[137.13589668273926,-4.9132673471676185],[137.13529586791992,-4.9132673471676185],[137.1334934234619,-4.910359820532264],[137.16628074645996,-4.910359820532264],[137.1654224395752,-4.911129461169651],[137.16404914855957,-4.913438377751248],[137.16121673583984,-4.914806620840238],[137.1620750427246,-4.919766478479218],[137.16379165649414,-4.922160879286707],[137.16533660888672,-4.922930506287813],[137.16233253479004,-4.919766478479218],[137.16164588928223,-4.915405226308195],[137.164306640625,-4.913780438786873],[137.16585159301758,-4.911386007851391],[137.16713905334473,-4.910359820532264],[137.16894149780273,-4.910359820532264],[137.16997146606445,-4.911642554434394],[137.17168807983398,-4.912412193591166],[137.17177391052246,-4.914977651028821],[137.17520713806152,-4.915405226308195],[137.17623710632324,-4.916345890956862],[137.17409133911133,-4.917115524681336],[137.17366218566895,-4.917799642800887],[137.17615127563477,-4.920792651308773]]]}},{"type":"Feature","id":"pmtiles:10/902/526:landcover:86603483:0","properties":{"subclass":"wetland","class":"wetland","kind":"green","verification":"verified","source":"OpenMapTiles/OpenStreetMap national PMTiles","sourceId":"10/902/526:landcover:86603483:0","sourceLayer":"landcover","archive":"https://its.hanifahseptiani45.workers.dev/v1/map/archive/indonesia.pmtiles","updatedAt":"2026-07-26T09:44:25.419Z"},"geometry":{"type":"Polygon","coordinates":[[[137.11469650268555,-4.9604701174271355],[137.1134090423584,-4.961239699936328],[137.11220741271973,-4.963291915573649],[137.11134910583496,-4.970047080276856],[137.10834503173828,-4.973980435420302],[137.1061134338379,-4.974407972607153],[137.1038818359375,-4.973296375343821],[137.1038818359375,-4.910359820532264],[137.1258544921875,-4.910359820532264],[137.1258544921875,-4.910958429993656],[137.12774276733398,-4.935757491772904],[137.12679862976074,-4.9408882165668615],[137.12456703186035,-4.944821745346147],[137.11898803710938,-4.945334812595263],[137.1174430847168,-4.944907256581942],[137.11624145507812,-4.9414012868624155],[137.1145248413086,-4.940802704812299],[137.11255073547363,-4.940973728310354],[137.11126327514648,-4.9373822255858215],[137.11143493652344,-4.936527103022442],[137.1152114868164,-4.934132753981203],[137.11126327514648,-4.936441590705471],[137.111177444458,-4.937638762139855],[137.11237907409668,-4.941230263474679],[137.11100578308105,-4.944137655062349],[137.10988998413086,-4.944565211572524],[137.1086025238037,-4.943795609655467],[137.10834503173828,-4.941144751764284],[137.11023330688477,-4.9396055390903655],[137.1104907989502,-4.938835931413195],[137.1100616455078,-4.937895298594654],[137.10834503173828,-4.937125688932568],[137.1090316772461,-4.9349023671152565],[137.1082592010498,-4.931738396301867],[137.10877418518066,-4.935158904628267],[137.10808753967285,-4.937125688932568],[137.11031913757324,-4.938493883269942],[137.11031913757324,-4.939092467404848],[137.10817337036133,-4.940717193046737],[137.1079158782959,-4.941572310205984],[137.1086883544922,-4.94422316638645],[137.11066246032715,-4.944821745346147],[137.1122932434082,-4.941828845138602],[137.11512565612793,-4.941315775174061],[137.1163272857666,-4.942256403138913],[137.11675643920898,-4.944736234099324],[137.11727142333984,-4.945249301414677],[137.1237087249756,-4.946275434852794],[137.1174430847168,-4.952432202070469],[137.11469650268555,-4.957220759165551],[137.11469650268555,-4.9604701174271355]]]}},{"type":"Feature","id":"pmtiles:10/902/526:landcover:86612983:0","properties":{"subclass":"wetland","class":"wetland","kind":"green","verification":"verified","source":"OpenMapTiles/OpenStreetMap national PMTiles","sourceId":"10/902/526:landcover:86612983:0","sourceLayer":"landcover","archive":"https://its.hanifahseptiani45.workers.dev/v1/map/archive/indonesia.pmtiles","updatedAt":"2026-07-26T09:44:25.419Z"},"geometry":{"type":"Polygon","coordinates":[[[137.36309051513672,-4.943197029768427],[137.36111640930176,-4.941743333505428],[137.3594856262207,-4.941144751764284],[137.3576831817627,-4.939349003297252],[137.35270500183105,-4.923700132398466],[137.34875679016113,-4.919167876931368],[137.34609603881836,-4.915319711274279],[137.34197616577148,-4.913096316540106],[137.33768463134766,-4.912326678173173],[137.33622550964355,-4.910359820532264],[137.36806869506836,-4.910359820532264],[137.3693561553955,-4.917457583828963],[137.3690128326416,-4.923101534389346],[137.36592292785645,-4.936270566038459],[137.36309051513672,-4.943197029768427]]]}},{"type":"Feature","id":"pmtiles:10/902/526:landcover:86613003:0","properties":{"subclass":"wetland","class":"wetland","kind":"green","verification":"verified","source":"OpenMapTiles/OpenStreetMap national PMTiles","sourceId":"10/902/526:landcover:86613003:0","sourceLayer":"landcover","archive":"https://its.hanifahseptiani45.workers.dev/v1/map/archive/indonesia.pmtiles","updatedAt":"2026-07-26T09:44:25.419Z"},"geometry":{"type":"Polygon","coordinates":[[[137.36369132995605,-4.955852603536144],[137.3653221130371,-4.949011782911285],[137.36600875854492,-4.948413207740231],[137.36849784851074,-4.948755250761437],[137.36858367919922,-4.952090160950547],[137.36729621887207,-4.956793210835727],[137.3649787902832,-4.960726645029894],[137.36180305480957,-4.963719459694715],[137.36163139343262,-4.962607844403692],[137.36369132995605,-4.955852603536144]]]}},{"type":"Feature","id":"pmtiles:10/902/526:landcover:86613003:1","properties":{"subclass":"wetland","class":"wetland","kind":"green","verification":"verified","source":"OpenMapTiles/OpenStreetMap national PMTiles","sourceId":"10/902/526:landcover:86613003:1","sourceLayer":"landcover","archive":"https://its.hanifahseptiani45.workers.dev/v1/map/archive/indonesia.pmtiles","updatedAt":"2026-07-26T09:44:25.419Z"},"geometry":{"type":"Polygon","coordinates":[[[137.36798286437988,-4.943026006844221],[137.36600875854492,-4.945505834923296],[137.36918449401855,-4.932508012212011],[137.37055778503418,-4.93054121422422],[137.37201690673828,-4.934731342051478],[137.3715877532959,-4.937895298594654],[137.37072944641113,-4.940033098524992],[137.36798286437988,-4.943026006844221]]]}},{"type":"Feature","id":"pmtiles:10/902/526:landcover:86613013:0","properties":{"subclass":"wetland","class":"wetland","kind":"green","verification":"verified","source":"OpenMapTiles/OpenStreetMap national PMTiles","sourceId":"10/902/526:landcover:86613013:0","sourceLayer":"landcover","archive":"https://its.hanifahseptiani45.workers.dev/v1/map/archive/indonesia.pmtiles","updatedAt":"2026-07-26T09:44:25.419Z"},"geometry":{"type":"Polygon","coordinates":[[[137.33545303344727,-4.910359820532264],[137.33768463134766,-4.9132673471676185],[137.3408603668213,-4.913438377751248],[137.34515190124512,-4.915747286334124],[137.35047340393066,-4.922588449952812],[137.3517608642578,-4.923700132398466],[137.35347747802734,-4.92780478994419],[137.35613822937012,-4.938493883269942],[137.35854148864746,-4.941828845138602],[137.36266136169434,-4.945334812595263],[137.3624038696289,-4.947472588520398],[137.35759735107422,-4.960042571201015],[137.35467910766602,-4.953372814237866],[137.35193252563477,-4.951320567783895],[137.34798431396484,-4.949952399943186],[137.34712600708008,-4.949097293605817],[137.34901428222656,-4.9436245868857895],[137.3489284515381,-4.9427694723751046],[137.34661102294922,-4.941059240042833],[137.34910011291504,-4.939947586660125],[137.3489284515381,-4.939349003297252],[137.3462677001953,-4.940118610378818],[137.34583854675293,-4.940717193046737],[137.34549522399902,-4.942512937806683],[137.34764099121094,-4.9427694723751046],[137.34841346740723,-4.943966632380977],[137.3463535308838,-4.947729121167484],[137.34652519226074,-4.949695868158031],[137.34798431396484,-4.950893015637689],[137.35107421875,-4.9518336299945105],[137.3539924621582,-4.9540568949735615],[137.3557949066162,-4.9591019685289695],[137.3554515838623,-4.962522335457592],[137.35416412353516,-4.965857176143217],[137.3532199859619,-4.967310819369956],[137.35064506530762,-4.9694485241742825],[137.3481559753418,-4.970047080276856],[137.34746932983398,-4.968764459391281],[137.3466968536377,-4.96867895124349],[137.3463535308838,-4.969705048284808],[137.34549522399902,-4.969961572295489],[137.34257698059082,-4.969277508045096],[137.33957290649414,-4.9678238691553105],[137.3378562927246,-4.966370227059798],[137.3367404937744,-4.963548442079542],[137.33510971069336,-4.961667245387062],[137.3298740386963,-4.9591874779181495],[137.32240676879883,-4.959358496663327],[137.31820106506348,-4.958588911961272],[137.3118495941162,-4.958930949717356],[137.3082447052002,-4.959871552633047],[137.30403900146484,-4.962607844403692],[137.30103492736816,-4.9591019685289695],[137.29665756225586,-4.956536681705018],[137.29485511779785,-4.954655465036552],[137.29571342468262,-4.952774243013437],[137.30180740356445,-4.948755250761437],[137.30257987976074,-4.945762368332524],[137.30172157287598,-4.942854983875847],[137.30180740356445,-4.940717193046737],[137.30292320251465,-4.939776562897308],[137.3060131072998,-4.939776562897308],[137.30755805969238,-4.938664907363616],[137.3074722290039,-4.937211201161347],[137.30609893798828,-4.9349878796306115],[137.30618476867676,-4.933363139954693],[137.3078155517578,-4.929344029988613],[137.31210708618164,-4.924982840603718],[137.3119354248047,-4.922673964053047],[137.30987548828125,-4.919766478479218],[137.30755805969238,-4.918141701597108],[137.30721473693848,-4.917030009866977],[137.3103904724121,-4.912497708998174],[137.31159210205078,-4.910359820532264],[137.33545303344727,-4.910359820532264]]]}},{"type":"Feature","id":"pmtiles:10/902/526:landcover:86613033:0","properties":{"subclass":"wetland","class":"wetland","kind":"green","verification":"verified","source":"OpenMapTiles/OpenStreetMap national PMTiles","sourceId":"10/902/526:landcover:86613033:0","sourceLayer":"landcover","archive":"https://its.hanifahseptiani45.workers.dev/v1/map/archive/indonesia.pmtiles","updatedAt":"2026-07-26T09:44:25.419Z"},"geometry":{"type":"Polygon","coordinates":[[[137.42566108703613,-4.910359820532264],[137.42660522460938,-4.910958429993656],[137.42823600769043,-4.913609408291009],[137.42926597595215,-4.917543098588425],[137.42900848388672,-4.920108536264877],[137.43192672729492,-4.923956674237445],[137.43252754211426,-4.9267786279338],[137.43175506591797,-4.928574410412125],[137.42969512939453,-4.930626727301345],[137.42265701293945,-4.931738396301867],[137.42111206054688,-4.932679037848658],[137.41999626159668,-4.9354154420420855],[137.4203395843506,-4.936954664441927],[137.42145538330078,-4.937895298594654],[137.42411613464355,-4.938493883269942],[137.42815017700195,-4.936612615328386],[137.4326992034912,-4.932764550650461],[137.43441581726074,-4.9322514736744125],[137.4356174468994,-4.933363139954693],[137.43553161621094,-4.934389291791717],[137.43330001831055,-4.940546169482488],[137.42789268493652,-4.946018901642361],[137.41827964782715,-4.9514915885650055],[137.41124153137207,-4.953971384920322],[137.3987102508545,-4.9543134250669425],[137.39604949951172,-4.955083014749647],[137.39338874816895,-4.9585034024945855],[137.38995552062988,-4.960555626639135],[137.38755226135254,-4.964232512274208],[137.3861789703369,-4.972184776203832],[137.38532066345215,-4.972783329820075],[137.38446235656738,-4.970987667339401],[137.38506317138672,-4.973296375343821],[137.3806858062744,-4.975861596965302],[137.3788833618164,-4.977828260103706],[137.37725257873535,-4.982103594465229],[137.37665176391602,-4.986122383408315],[137.37811088562012,-4.993817868052588],[137.37768173217773,-4.996212000417643],[137.37510681152344,-4.99886263676305],[137.37038612365723,-5.001513262382701],[137.35648155212402,-5.005959448998496],[137.3525333404541,-5.009978091668515],[137.3521900177002,-5.011517139765601],[137.35261917114258,-5.014082211870743],[137.34918594360352,-5.015108237892022],[137.34807014465332,-5.014851731537846],[137.3473834991455,-5.0132271889549],[137.34832763671875,-5.009550577664996],[137.34729766845703,-5.011175129390594],[137.34695434570312,-5.014424220723626],[137.34746932983398,-5.015279242072154],[137.34867095947266,-5.015877756349894],[137.35296249389648,-5.015108237892022],[137.3544216156006,-5.017758797650103],[137.35536575317383,-5.021948370146731],[137.35459327697754,-5.025795913012274],[137.35347747802734,-5.0281044278262925],[137.3521900177002,-5.029130431783727],[137.34463691711426,-5.032293933806244],[137.34274864196777,-5.03383292922949],[137.34025955200195,-5.036397913509404],[137.33665466308594,-5.041442353067367],[137.3352813720703,-5.041869846144877],[137.33416557312012,-5.038877388694161],[137.33416557312012,-5.034944423659596],[137.32592582702637,-5.025881413706827],[137.31348037719727,-5.017673295890447],[137.30901718139648,-5.014082211870743],[137.3079013824463,-5.012372164919796],[137.29820251464844,-5.011688144885952],[137.29459762573242,-5.0106621134924865],[137.29039192199707,-5.0080970279616395],[137.29004859924316,-5.005788442379625],[137.2909927368164,-5.001085742847167],[137.2917652130127,-5.00023070293868],[137.29185104370117,-4.999119149388633],[137.29931831359863,-4.982702139057139],[137.3008632659912,-4.977828260103706],[137.30472564697266,-4.971757237573442],[137.3060131072998,-4.971671729814062],[137.3085880279541,-4.974750002156711],[137.3097038269043,-4.972184776203832],[137.30875968933105,-4.969705048284808],[137.31090545654297,-4.969106491871543],[137.31322288513184,-4.96662675236837],[137.31451034545898,-4.965857176143217],[137.31751441955566,-4.965087599019938],[137.32386589050293,-4.966455735507068],[137.3342514038086,-4.970645635835666],[137.33819961547852,-4.972783329820075],[137.34472274780273,-4.974835509516325],[137.35004425048828,-4.975263046147816],[137.35699653625488,-4.973809420467816],[137.3627471923828,-4.971158683024655],[137.36781120300293,-4.966797769185305],[137.36961364746094,-4.96440352971203],[137.37399101257324,-4.955083014749647],[137.374849319458,-4.952175671247119],[137.37665176391602,-4.9373822255858215],[137.37759590148926,-4.9373822255858215],[137.3818874359131,-4.942512937806683],[137.38377571105957,-4.942598449340522],[137.3851490020752,-4.941572310205984],[137.38780975341797,-4.9414012868624155],[137.38858222961426,-4.940631681270133],[137.38935470581055,-4.937895298594654],[137.39047050476074,-4.937211201161347],[137.39124298095703,-4.9373822255858215],[137.39227294921875,-4.941144751764284],[137.39381790161133,-4.9414012868624155],[137.39553451538086,-4.937724274302482],[137.39510536193848,-4.937638762139855],[137.39407539367676,-4.940460657683829],[137.393217086792,-4.941059240042833],[137.39218711853027,-4.940375145874114],[137.3917579650879,-4.937125688932568],[137.39012718200684,-4.936612615328386],[137.38858222961426,-4.9379808107241985],[137.38832473754883,-4.93986207478423],[137.38763809204102,-4.940631681270133],[137.3851490020752,-4.940973728310354],[137.38265991210938,-4.941999868371838],[137.38008499145508,-4.9396055390903655],[137.37939834594727,-4.936270566038459],[137.3777675628662,-4.934731342051478],[137.3770809173584,-4.932593525035841],[137.37802505493164,-4.921562279892555],[137.3788833618164,-4.916858980205333],[137.37879753112793,-4.910359820532264],[137.39227294921875,-4.910359820532264],[137.39596366882324,-4.914036984448359],[137.39819526672363,-4.915490741331141],[137.40283012390137,-4.916858980205333],[137.40720748901367,-4.916773465358034],[137.40995407104492,-4.915490741331141],[137.41690635681152,-4.9141224996468935],[137.42205619812012,-4.913865954018334],[137.42454528808594,-4.912070131853412],[137.42566108703613,-4.910359820532264]]]}},{"type":"Feature","id":"pmtiles:10/902/526:landcover:86613053:0","properties":{"subclass":"wetland","class":"wetland","kind":"green","verification":"verified","source":"OpenMapTiles/OpenStreetMap national PMTiles","sourceId":"10/902/526:landcover:86613053:0","sourceLayer":"landcover","archive":"https://its.hanifahseptiani45.workers.dev/v1/map/archive/indonesia.pmtiles","updatedAt":"2026-07-26T09:44:25.419Z"},"geometry":{"type":"Polygon","coordinates":[[[137.36412048339844,-5.077521776138198],[137.36188888549805,-5.077949245382285],[137.3606014251709,-5.0771798005389],[137.35227584838867,-5.067433419772485],[137.3404312133789,-5.056917423015008],[137.33871459960938,-5.053754040964449],[137.33854293823242,-5.051360119956058],[137.34498023986816,-5.043921808999414],[137.34867095947266,-5.040672864818774],[137.35167503356934,-5.039133885587162],[137.36326217651367,-5.036141415536704],[137.36557960510254,-5.035286421563612],[137.36772537231445,-5.033661929917827],[137.3683261871338,-5.032464933477499],[137.3678970336914,-5.03049843454518],[137.36369132995605,-5.027420424289929],[137.36403465270996,-5.026137915723169],[137.37098693847656,-5.023658392002119],[137.37545013427734,-5.023316387989894],[137.3767375946045,-5.024171397683972],[137.3785400390625,-5.027334923797383],[137.37939834594727,-5.027847926584343],[137.38085746765137,-5.027676925700263],[137.3833465576172,-5.026052415062281],[137.38600730895996,-5.027847926584343],[137.38746643066406,-5.028018927423545],[137.38815307617188,-5.027505924771276],[137.3891830444336,-5.022461377174324],[137.39038467407227,-5.021606365237417],[137.39330291748047,-5.022119372534107],[137.39381790161133,-5.021093357537126],[137.39313125610352,-5.01852831298298],[137.39338874816895,-5.0178442993985755],[137.39441871643066,-5.017587794119578],[137.3961353302002,-5.018100804576761],[137.396821975708,-5.017502292337511],[137.39596366882324,-5.0155357482583725],[137.39622116088867,-5.0178442993985755],[137.39364624023438,-5.017160285097191],[137.3927879333496,-5.018271807972866],[137.39347457885742,-5.021264360148734],[137.39227294921875,-5.021606365237417],[137.39047050476074,-5.020922354880682],[137.38909721374512,-5.021520863982062],[137.38815307617188,-5.023401889009776],[137.38789558410645,-5.027249423293597],[137.38712310791016,-5.027676925700263],[137.38351821899414,-5.025368409371183],[137.38042831420898,-5.026821920606352],[137.38205909729004,-5.023487390018431],[137.3818874359131,-5.021862868936225],[137.38051414489746,-5.021264360148734],[137.3770809173584,-5.021948370146731],[137.37605094909668,-5.0207513521793885],[137.3770809173584,-5.019126824281102],[137.38008499145508,-5.020067340925891],[137.3818016052246,-5.019126824281102],[137.38128662109375,-5.0178442993985755],[137.3788833618164,-5.016219764262232],[137.37862586975098,-5.0145952250829],[137.37845420837402,-5.016390768151211],[137.38094329833984,-5.018186306280413],[137.38137245178223,-5.0192978274082805],[137.38008499145508,-5.019554332015005],[137.37802505493164,-5.018613814630612],[137.37656593322754,-5.018699316267046],[137.37587928771973,-5.021093357537126],[137.37656593322754,-5.022204873710976],[137.37751007080078,-5.022546878306343],[137.38025665283203,-5.021862868936225],[137.38154411315918,-5.022119372534107],[137.3814582824707,-5.02408589676503],[137.37939834594727,-5.026821920606352],[137.37733840942383,-5.023230886958814],[137.37622261047363,-5.022546878306343],[137.3737335205078,-5.022204873710976],[137.36987113952637,-5.022803381635114],[137.363862991333,-5.025026406256345],[137.3628330230713,-5.025881413706827],[137.36309051513672,-5.028446429325072],[137.3667812347412,-5.031096934849273],[137.36729621887207,-5.032806932685176],[137.35957145690918,-5.036141415536704],[137.35459327697754,-5.037252906020839],[137.34987258911133,-5.037423904388191],[137.35193252563477,-5.03502992315245],[137.3562240600586,-5.032464933477499],[137.3576831817627,-5.031011434839527],[137.36077308654785,-5.026821920606352],[137.3613739013672,-5.024684402962009],[137.36077308654785,-5.0198108365208896],[137.35742568969727,-5.012714174668133],[137.3572540283203,-5.011089626768879],[137.36523628234863,-5.007498506556274],[137.37424850463867,-5.004847905176803],[137.37690925598145,-5.003308841383088],[137.38017082214355,-5.000059694823008],[137.38214492797852,-4.9937323631635735],[137.38540649414062,-4.995185944760408],[137.38652229309082,-4.9946729163295345],[137.38944053649902,-4.991509232136025],[137.39089965820312,-4.9912527165326],[137.3917579650879,-4.99176574763915],[137.39184379577637,-4.992791808648491],[137.3891830444336,-4.9948439258511],[137.38789558410645,-4.997836585256238],[137.3877239227295,-5.000401711009701],[137.3888397216797,-5.001940781639064],[137.39141464233398,-5.001684270118744],[137.3887538909912,-5.001513262382701],[137.38798141479492,-5.000145198886429],[137.38909721374512,-4.995527963491284],[137.3902130126953,-4.994587411552018],[137.39115715026855,-4.9943308971525795],[137.3916721343994,-4.996981541106408],[137.39304542541504,-4.998520619772677],[137.39459037780762,-4.9987771325322115],[137.3957920074463,-4.998093098283604],[137.3957920074463,-4.99244978849039],[137.39501953125,-4.989884631620541],[137.39587783813477,-4.989200588094903],[137.39768028259277,-4.989371599043167],[137.39553451538086,-4.988858566064735],[137.39459037780762,-4.989542609946838],[137.39553451538086,-4.996896036630048],[137.39544868469238,-4.99766557651553],[137.39450454711914,-4.9982641069127],[137.39270210266113,-4.997836585256238],[137.3921012878418,-4.99672502764389],[137.3917579650879,-4.994758421095895],[137.39270210266113,-4.992278778344456],[137.39158630371094,-4.990654179734577],[137.38978385925293,-4.990568674433135],[137.385835647583,-4.994074382652755],[137.384033203125,-4.9937323631635735],[137.38205909729004,-4.99193675791885],[137.38085746765137,-4.985780359774566],[137.38120079040527,-4.982274607261402],[137.38935470581055,-4.974065942879875],[137.3946762084961,-4.976032611384596],[137.40008354187012,-4.977315218112622],[137.40283012390137,-4.981676062280144],[137.40111351013184,-4.978341301694684],[137.4011993408203,-4.977229711075211],[137.4163055419922,-4.978768836048147],[137.42128372192383,-4.980478970682597],[137.42815017700195,-4.985010805947411],[137.42935180664062,-4.986806430141414],[137.42926597595215,-4.987490476161923],[137.42840766906738,-4.9880035102095945],[137.42480278015137,-4.987746993235874],[137.42669105529785,-4.988345532685301],[137.429780960083,-4.988260027083086],[137.43029594421387,-4.990226653115968],[137.42918014526367,-4.991423726946039],[137.4224853515625,-4.993903372930475],[137.42051124572754,-4.995356954148164],[137.41536140441895,-5.003565352266762],[137.41424560546875,-5.007840518855005],[137.41433143615723,-5.0106621134924865],[137.41536140441895,-5.0145952250829],[137.4203395843506,-5.024940905449583],[137.42162704467773,-5.026736420035235],[137.4250602722168,-5.035286421563612],[137.42712020874023,-5.042553834483584],[137.427978515625,-5.048624199406461],[137.42274284362793,-5.04870969709836],[137.41647720336914,-5.0505906434683965],[137.41579055786133,-5.050334151102874],[137.41450309753418,-5.048025715247533],[137.41064071655273,-5.047512728386067],[137.40978240966797,-5.0430668252647735],[137.40514755249023,-5.03810789740767],[137.40214347839355,-5.038791889707326],[137.39965438842773,-5.037680401854843],[137.39733695983887,-5.0373384052101216],[137.39553451538086,-5.037594902710538],[137.39510536193848,-5.03973237794375],[137.39879608154297,-5.039646879069423],[137.39965438842773,-5.040159872146646],[137.39948272705078,-5.041527851705368],[137.39501953125,-5.0428103299248335],[137.39398956298828,-5.0410148597084685],[137.39270210266113,-5.041185857085779],[137.3921012878418,-5.0424683359806295],[137.39270210266113,-5.045375278763856],[137.3898696899414,-5.04614476143901],[137.3887538909912,-5.048795194779018],[137.38532066345215,-5.047683724051623],[137.38308906555176,-5.04759822622448],[137.3788833618164,-5.050077658635885],[137.37587928771973,-5.050077658635885],[137.3756217956543,-5.052300589978287],[137.37433433532715,-5.055549475916223],[137.36506462097168,-5.067775400535396],[137.36523628234863,-5.074614977764639],[137.36412048339844,-5.077521776138198]]]}},{"type":"Feature","id":"pmtiles:10/902/526:landcover:86613063:0","properties":{"subclass":"wetland","class":"wetland","kind":"green","verification":"verified","source":"OpenMapTiles/OpenStreetMap national PMTiles","sourceId":"10/902/526:landcover:86613063:0","sourceLayer":"landcover","archive":"https://its.hanifahseptiani45.workers.dev/v1/map/archive/indonesia.pmtiles","updatedAt":"2026-07-26T09:44:25.419Z"},"geometry":{"type":"Polygon","coordinates":[[[137.41106986999512,-5.106930997938136],[137.4093532562256,-5.108298835947551],[137.4074649810791,-5.108555305249368],[137.40257263183594,-5.108640794993832],[137.3961353302002,-5.107956876718845],[137.38712310791016,-5.0976125238777],[137.39004135131836,-5.097270558953653],[137.39313125610352,-5.095475240115874],[137.3891830444336,-5.097099576423361],[137.38248825073242,-5.0951332740541915],[137.37579345703125,-5.091799095417699],[137.37313270568848,-5.088892361474677],[137.3701286315918,-5.0875244821335315],[137.3672103881836,-5.084446742987041],[137.3653221130371,-5.0817109625076],[137.36557960510254,-5.076581342803777],[137.36660957336426,-5.073161573666525],[137.36549377441406,-5.0693998066870165],[137.36592292785645,-5.067091438828584],[137.3751926422119,-5.055463979126614],[137.37648010253906,-5.0514456172872],[137.3836898803711,-5.048025715247533],[137.3888397216797,-5.049308180626127],[137.3902130126953,-5.046401255461291],[137.39313125610352,-5.045460776883942],[137.39253044128418,-5.0424683359806295],[137.39304542541504,-5.041442353067367],[137.39510536193848,-5.043152323688915],[137.39922523498535,-5.042126341856317],[137.4001693725586,-5.041185857085779],[137.3998260498047,-5.0399033756586675],[137.39810943603516,-5.03896288766974],[137.39553451538086,-5.039390382378912],[137.39596366882324,-5.03785140010973],[137.3997402191162,-5.038278895550079],[137.40171432495117,-5.039390382378912],[137.40540504455566,-5.0386208916998925],[137.40961074829102,-5.043921808999414],[137.40995407104492,-5.047683724051623],[137.41390228271484,-5.048367706263122],[137.41596221923828,-5.051018130518756],[137.41742134094238,-5.051189125259967],[137.42016792297363,-5.0498211660674315],[137.42420196533203,-5.04913718538883],[137.4268627166748,-5.049222683013113],[137.4283218383789,-5.049992161124337],[137.42746353149414,-5.056917423015008],[137.42634773254395,-5.060679262632405],[137.42548942565918,-5.061106743023458],[137.42600440979004,-5.063329636503042],[137.4247169494629,-5.06820287623448],[137.42042541503906,-5.065552522341463],[137.41724967956543,-5.0643555847627795],[137.41467475891113,-5.061619719119861],[137.41192817687988,-5.060764758733228],[137.4140739440918,-5.0617907110616045],[137.41690635681152,-5.064697567154241],[137.4224853515625,-5.0671769340815445],[137.42497444152832,-5.069827281311106],[137.42274284362793,-5.081198002374279],[137.41888046264648,-5.092568522791765],[137.41106986999512,-5.106930997938136]]]}},{"type":"Feature","id":"pmtiles:10/902/526:landcover:86613323:0","properties":{"subclass":"wetland","class":"wetland","kind":"green","verification":"verified","source":"OpenMapTiles/OpenStreetMap national PMTiles","sourceId":"10/902/526:landcover:86613323:0","sourceLayer":"landcover","archive":"https://its.hanifahseptiani45.workers.dev/v1/map/archive/indonesia.pmtiles","updatedAt":"2026-07-26T09:44:25.419Z"},"geometry":{"type":"Polygon","coordinates":[[[137.3898696899414,-4.972013760784989],[137.39115715026855,-4.963890477265551],[137.3928737640381,-4.961496227240005],[137.39931106567383,-4.960042571201015],[137.40540504455566,-4.959786043332443],[137.41604804992676,-4.957391778419989],[137.42119789123535,-4.954655465036552],[137.42712020874023,-4.949182804289293],[137.42918014526367,-4.948242186163341],[137.43184089660645,-4.950893015637689],[137.4334716796875,-4.950893015637689],[137.4345874786377,-4.950208931628879],[137.437162399292,-4.946617478978737],[137.43896484375,-4.942598449340522],[137.43947982788086,-4.939092467404848],[137.43922233581543,-4.933277627229984],[137.4356174468994,-4.925581436919387],[137.4356174468994,-4.922673964053047],[137.4368190765381,-4.92147676564943],[137.44102478027344,-4.920194050683804],[137.44471549987793,-4.920450593874719],[137.44729042053223,-4.92147676564943],[137.4506378173828,-4.921904336755162],[137.4576759338379,-4.920279565091761],[137.45973587036133,-4.920450593874719],[137.46196746826172,-4.922673964053047],[137.46282577514648,-4.924384243749174],[137.46514320373535,-4.926094519046714],[137.4664306640625,-4.926094519046714],[137.4664306640625,-4.9389214434214495],[137.45990753173828,-4.935671979356741],[137.45673179626465,-4.93592851657219],[137.45407104492188,-4.937211201161347],[137.45278358459473,-4.939006955418662],[137.45183944702148,-4.941828845138602],[137.4520969390869,-4.94687401195722],[137.45089530944824,-4.951235057376763],[137.44677543640137,-4.961239699936328],[137.44617462158203,-4.9682514103380555],[137.4459171295166,-4.975690582501571],[137.4473762512207,-4.984241251218705],[137.4492645263672,-4.987832498904922],[137.44986534118652,-4.991509232136025],[137.44969367980957,-4.994159887497176],[137.4484920501709,-4.996040991252983],[137.4473762512207,-4.996383009537681],[137.44325637817383,-4.995356954148164],[137.44248390197754,-4.9943308971525795],[137.43922233581543,-4.992962818660672],[137.43209838867188,-4.990910695572026],[137.43218421936035,-4.986891935932945],[137.42926597595215,-4.9837282142321015],[137.42883682250977,-4.981847075187545],[137.43029594421387,-4.980820997075739],[137.4363899230957,-4.9820180880504665],[137.4382781982422,-4.9815050493282484],[137.43982315063477,-4.979452890435596],[137.43999481201172,-4.977400725138921],[137.43844985961914,-4.975519567993388],[137.43484497070312,-4.9763746400898725],[137.43252754211426,-4.973723912974904],[137.43518829345703,-4.976802175721431],[137.43759155273438,-4.975861596965302],[137.43887901306152,-4.976203625759453],[137.43947982788086,-4.978939849711708],[137.43870735168457,-4.980307957419285],[137.43690490722656,-4.98141954283561],[137.43553161621094,-4.9815050493282484],[137.4312400817871,-4.980051437440935],[137.4287509918213,-4.980820997075739],[137.42815017700195,-4.982531126372223],[137.4290943145752,-4.984326757344192],[137.4313259124756,-4.986207889288906],[137.43158340454102,-4.9880035102095945],[137.43115425109863,-4.98877306052934],[137.42918014526367,-4.984925299910969],[137.42094039916992,-4.979452890435596],[137.4158763885498,-4.9779137670633276],[137.40437507629395,-4.975861596965302],[137.4056625366211,-4.974322465191989],[137.41415977478027,-4.9715007142619925],[137.4056625366211,-4.973980435420302],[137.40300178527832,-4.975947104180506],[137.39750862121582,-4.975605075253043],[137.3898696899414,-4.972013760784989]]]}},{"type":"Feature","id":"pmtiles:10/902/526:landcover:86627393:2","properties":{"subclass":"wetland","class":"wetland","kind":"green","verification":"verified","source":"OpenMapTiles/OpenStreetMap national PMTiles","sourceId":"10/902/526:landcover:86627393:2","sourceLayer":"landcover","archive":"https://its.hanifahseptiani45.workers.dev/v1/map/archive/indonesia.pmtiles","updatedAt":"2026-07-26T09:44:25.419Z"},"geometry":{"type":"Polygon","coordinates":[[[137.4631690979004,-5.063158644968155],[137.4664306640625,-5.064868558282143],[137.4664306640625,-5.111974886131236],[137.4653148651123,-5.111547439519228],[137.45887756347656,-5.107871386883161],[137.45664596557617,-5.106332567891286],[137.44952201843262,-5.099322345766623],[137.4488353729248,-5.097441541438428],[137.45132446289062,-5.0864985707196695],[137.45192527770996,-5.0762393667058205],[137.45269775390625,-5.073760034573951],[137.45595932006836,-5.073161573666525],[137.45312690734863,-5.072990584733901],[137.45295524597168,-5.07179366093726],[137.45707511901855,-5.063842610836403],[137.45904922485352,-5.0629876533880775],[137.4631690979004,-5.063158644968155]]]}},{"type":"Feature","id":"pmtiles:10/902/526:landcover:86627433:0","properties":{"subclass":"wetland","class":"wetland","kind":"green","verification":"verified","source":"OpenMapTiles/OpenStreetMap national PMTiles","sourceId":"10/902/526:landcover:86627433:0","sourceLayer":"landcover","archive":"https://its.hanifahseptiani45.workers.dev/v1/map/archive/indonesia.pmtiles","updatedAt":"2026-07-26T09:44:25.419Z"},"geometry":{"type":"Polygon","coordinates":[[[137.44900703430176,-4.99920465357485],[137.45372772216797,-4.997152550025632],[137.45853424072266,-4.996383009537681],[137.46248245239258,-4.996639523134078],[137.46488571166992,-4.9956989727898105],[137.4664306640625,-4.9936468582634035],[137.4664306640625,-5.034260427312006],[137.45819091796875,-5.042040843297102],[137.4557876586914,-5.045460776883942],[137.45055198669434,-5.053668543937874],[137.4466896057129,-5.062303686615607],[137.43879318237305,-5.1007756907923465],[137.43364334106445,-5.110607055968714],[137.43372917175293,-5.112915267673515],[137.4352741241455,-5.113513691572308],[137.4331283569336,-5.117446177561604],[137.4316692352295,-5.118728504724274],[137.42514610290527,-5.121806079424559],[137.42145538330078,-5.124969126871079],[137.4199104309082,-5.125311077008504],[137.41759300231934,-5.122319007100998],[137.41536140441895,-5.113855647834782],[137.4166488647461,-5.113257224255591],[137.4181079864502,-5.113599180655044],[137.41613388061523,-5.1124023324579895],[137.41656303405762,-5.110863524346669],[137.42059707641602,-5.10513570612207],[137.42849349975586,-5.083762798956556],[137.4316692352295,-5.071366187614899],[137.43432998657227,-5.05469450751221],[137.43630409240723,-5.054267022887032],[137.43802070617676,-5.051360119956058],[137.44205474853516,-5.049393678227844],[137.44428634643555,-5.046743247333254],[137.44402885437012,-5.04528978063253],[137.44214057922363,-5.043494317272845],[137.44205474853516,-5.041527851705368],[137.44179725646973,-5.043494317272845],[137.44342803955078,-5.0451187843360685],[137.44359970092773,-5.047085239024966],[137.44179725646973,-5.049222683013113],[137.43913650512695,-5.050163156136151],[137.43741989135742,-5.0514456172872],[137.4357032775879,-5.0541815259281435],[137.43450164794922,-5.053668543937874],[137.43432998657227,-5.04759822622448],[137.43261337280273,-5.036739910648919],[137.42918014526367,-5.026137915723169],[137.42952346801758,-5.025624911589475],[137.4327850341797,-5.0255394108612705],[137.43707656860352,-5.024171397683972],[137.43990898132324,-5.024171397683972],[137.4423122406006,-5.022717880536746],[137.44600296020508,-5.0184428113241495],[137.44600296020508,-5.0174167905442175],[137.44394302368164,-5.013141686601756],[137.44454383850098,-5.011859149961552],[137.4452304840088,-5.011859149961552],[137.44900703430176,-5.01536474414543],[137.45080947875977,-5.01536474414543],[137.45261192321777,-5.014253216319574],[137.45424270629883,-5.018870319506277],[137.4543285369873,-5.018357309654107],[137.45183944702148,-5.011773647429337],[137.4525260925293,-5.010747616170136],[137.45415687561035,-5.010491108103622],[137.4532985687256,-5.012543169816354],[137.45389938354492,-5.0132271889549],[137.45381355285645,-5.011773647429337],[137.45484352111816,-5.011089626768879],[137.4546718597412,-5.010405605392393],[137.45381355285645,-5.010149097191629],[137.4466037750244,-5.010747616170136],[137.44651794433594,-5.007840518855005],[137.44428634643555,-5.0060449522911625],[137.44583129882812,-5.004933408614761],[137.44574546813965,-5.00433488431446],[137.44548797607422,-5.004933408614761],[137.44394302368164,-5.00407837373244],[137.44505882263184,-5.004847905176803],[137.4441146850586,-5.0058739456946455],[137.44437217712402,-5.0067289782301],[137.4462604522705,-5.0080970279616395],[137.44608879089355,-5.010747616170136],[137.4470329284668,-5.011175129390594],[137.45098114013672,-5.010747616170136],[137.4514102935791,-5.014082211870743],[137.4506378173828,-5.0146807272457465],[137.4491786956787,-5.0146807272457465],[137.4459171295166,-5.011431637188622],[137.4441146850586,-5.011431637188622],[137.4433422088623,-5.013569198255567],[137.44540214538574,-5.0174167905442175],[137.4452304840088,-5.018699316267046],[137.44068145751953,-5.023145385916493],[137.43141174316406,-5.024940905449583],[137.42883682250977,-5.024000395834875],[137.42523193359375,-5.016390768151211],[137.4210262298584,-5.013740202838733],[137.41862297058105,-5.013398193627623],[137.4177646636963,-5.010918621491882],[137.41759300231934,-5.008268033976833],[137.41870880126953,-5.008182530974835],[137.41793632507324,-5.007840518855005],[137.41802215576172,-5.007070990931311],[137.42016792297363,-5.003565352266762],[137.42231369018555,-5.003223337732862],[137.42128372192383,-5.0026248118685],[137.42815017700195,-4.999632174338473],[137.43613243103027,-4.9982641069127],[137.44686126708984,-4.999546670208062],[137.44900703430176,-4.99920465357485]],[[137.45484352111816,-5.013056184237428],[137.45389938354492,-5.0132271889549],[137.45415687561035,-5.013569198255567],[137.45484352111816,-5.013056184237428]],[[137.45407104492188,-5.019468830490638],[137.45415687561035,-5.018955821109088],[137.45244026184082,-5.019896338000422],[137.45407104492188,-5.019468830490638]]]}},{"type":"Feature","id":"pmtiles:10/902/526:landcover:86627433:1","properties":{"subclass":"wetland","class":"wetland","kind":"green","verification":"verified","source":"OpenMapTiles/OpenStreetMap national PMTiles","sourceId":"10/902/526:landcover:86627433:1","sourceLayer":"landcover","archive":"https://its.hanifahseptiani45.workers.dev/v1/map/archive/indonesia.pmtiles","updatedAt":"2026-07-26T09:44:25.420Z"},"geometry":{"type":"Polygon","coordinates":[[[137.4664306640625,-4.962949880077332],[137.4664306640625,-4.986720924338741],[137.46600151062012,-4.987832498904922],[137.46540069580078,-4.992877313660173],[137.46402740478516,-4.9948439258511],[137.459135055542,-4.994929430595164],[137.45561599731445,-4.9956989727898105],[137.45458602905273,-4.995527963491284],[137.4539852142334,-4.9948439258511],[137.4546718597412,-4.98877306052934],[137.45149612426758,-4.9798804240664225],[137.45020866394043,-4.973381882892241],[137.45158195495605,-4.973296375343821],[137.45501518249512,-4.975605075253043],[137.45896339416504,-4.975519567993388],[137.4609375,-4.972783329820075],[137.46042251586914,-4.971415206469317],[137.46068000793457,-4.969363016115224],[137.46591567993164,-4.967310819369956],[137.4657440185547,-4.963975986034342],[137.46625900268555,-4.962949880077332],[137.4664306640625,-4.962949880077332]]]}},{"type":"Feature","id":"pmtiles:10/902/526:landcover:86627433:2","properties":{"subclass":"wetland","class":"wetland","kind":"green","verification":"verified","source":"OpenMapTiles/OpenStreetMap national PMTiles","sourceId":"10/902/526:landcover:86627433:2","sourceLayer":"landcover","archive":"https://its.hanifahseptiani45.workers.dev/v1/map/archive/indonesia.pmtiles","updatedAt":"2026-07-26T09:44:25.420Z"},"geometry":{"type":"Polygon","coordinates":[[[137.4664306640625,-4.954826484954978],[137.4664306640625,-4.962094790560812],[137.4657440185547,-4.962180299562334],[137.46514320373535,-4.963035388968038],[137.46471405029297,-4.967139802686091],[137.46050834655762,-4.9678238691553105],[137.45990753173828,-4.968422426733497],[137.4594783782959,-4.969790556299472],[137.4594783782959,-4.972868837435129],[137.45810508728027,-4.9745789874041435],[137.45535850524902,-4.9745789874041435],[137.4502944946289,-4.971586222043584],[137.45020866394043,-4.966113701651395],[137.45115280151367,-4.959358496663327],[137.45441436767578,-4.950721994701809],[137.45441436767578,-4.940289634053386],[137.4572467803955,-4.9382373470466945],[137.46102333068848,-4.938493883269942],[137.4664306640625,-4.9408882165668615],[137.4664306640625,-4.953030773604553],[137.4660873413086,-4.953543834488158],[137.4664306640625,-4.954826484954978]]]}},{"type":"Feature","id":"pmtiles:10/902/526:landcover:7363661432:0","properties":{"subclass":"forest","class":"wood","kind":"green","verification":"verified","source":"OpenMapTiles/OpenStreetMap national PMTiles","sourceId":"10/902/526:landcover:7363661432:0","sourceLayer":"landcover","archive":"https://its.hanifahseptiani45.workers.dev/v1/map/archive/indonesia.pmtiles","updatedAt":"2026-07-26T09:44:25.420Z"},"geometry":{"type":"Polygon","coordinates":[[[137.18164443969727,-5.025368409371183],[137.1837043762207,-5.0279334270095575],[137.18499183654785,-5.028189928217827],[137.19022750854492,-5.031182434847793],[137.19228744506836,-5.034431426466341],[137.19194412231445,-5.035200922104465],[137.19237327575684,-5.03785140010973],[137.19366073608398,-5.040245370953471],[137.195463180542,-5.042040843297102],[137.19554901123047,-5.0428103299248335],[137.18825340270996,-5.038791889707326],[137.18318939208984,-5.034003928496219],[137.18035697937012,-5.027505924771276],[137.18070030212402,-5.025624911589475],[137.18164443969727,-5.025368409371183]]]}},{"type":"Feature","id":"pmtiles:10/902/526:park:194641043:0","properties":{"name":"Taman Nasional Lorentz","name_int":"Lorentz National Park","class":"national_park","name:latin":"Taman Nasional Lorentz","name_de":"Nationalpark Lorentz","name_en":"Lorentz National Park","kind":"green","verification":"verified","source":"OpenMapTiles/OpenStreetMap national PMTiles","sourceId":"10/902/526:park:194641043:0","sourceLayer":"park","archive":"https://its.hanifahseptiani45.workers.dev/v1/map/archive/indonesia.pmtiles","updatedAt":"2026-07-26T09:44:25.420Z"},"geometry":{"type":"Polygon","coordinates":[[[137.13366508483887,-4.910359820532264],[137.27099418640137,-4.910359820532264],[137.2693634033203,-4.914036984448359],[137.264986038208,-4.920963679959868],[137.26318359375,-4.922930506287813],[137.2609519958496,-4.924726299160611],[137.2610378265381,-4.925324895707234],[137.26086616516113,-4.92592349171494],[137.26009368896484,-4.926864141495187],[137.25485801696777,-4.9322514736744125],[137.25228309631348,-4.934474804373195],[137.25193977355957,-4.935843004178054],[137.25099563598633,-4.937040176692761],[137.2499656677246,-4.937809786454082],[137.2496223449707,-4.93926349134415],[137.24799156188965,-4.9414012868624155],[137.24721908569336,-4.9436245868857895],[137.2441291809082,-4.949011782911285],[137.2433567047119,-4.950208931628879],[137.24318504333496,-4.9501234210780325],[137.24138259887695,-4.952945263418584],[137.2400951385498,-4.953458324368526],[137.23803520202637,-4.953287304096122],[137.23623275756836,-4.9528597532215315],[137.2339153289795,-4.953116283779465],[137.23125457763672,-4.954484445073874],[137.22936630249023,-4.9561946427091215],[137.228422164917,-4.956365662229189],[137.22790718078613,-4.955596074040244],[137.2261905670166,-4.955596074040244],[137.22490310668945,-4.956023623144759],[137.2225856781006,-4.957819326362397],[137.22172737121582,-4.958845440294951],[137.22164154052734,-4.959444006019282],[137.22207069396973,-4.95961502469801],[137.2229290008545,-4.959444006019282],[137.22344398498535,-4.959529515364181],[137.22352981567383,-4.960897663376343],[137.22310066223145,-4.961752754443978],[137.22224235534668,-4.962436826500394],[137.22052574157715,-4.962949880077332],[137.21863746643066,-4.964489038414328],[137.2170925140381,-4.964318020998675],[137.21683502197266,-4.964489038414328],[137.21683502197266,-4.965002090395259],[137.21649169921875,-4.965429633407837],[137.21494674682617,-4.96662675236837],[137.2134017944336,-4.969363016115224],[137.21220016479492,-4.97107317518757],[137.2115993499756,-4.973125360213658],[137.2115135192871,-4.973980435420302],[137.21245765686035,-4.97697318989627],[137.21220016479492,-4.978939849711708],[137.21168518066406,-4.978768836048147],[137.2108268737793,-4.98141954283561],[137.20670700073242,-4.988431038276389],[137.2060203552246,-4.989200588094903],[137.20473289489746,-4.991851252784571],[137.20404624938965,-4.99202226304196],[137.20327377319336,-4.993475848429611],[137.20258712768555,-4.994074382652755],[137.20009803771973,-4.9956989727898105],[137.19829559326172,-4.996468514080959],[137.1961498260498,-4.996896036630048],[137.19426155090332,-4.996810532142547],[137.19314575195312,-4.997409063320788],[137.18911170959473,-4.997409063320788],[137.18653678894043,-4.99817860260373],[137.1851634979248,-4.999033645191261],[137.18490600585938,-4.999290157749897],[137.18499183654785,-4.999546670208062],[137.1870517730713,-5.00134225460198],[137.18636512756348,-5.004163877270955],[137.18619346618652,-5.006899984603066],[137.18499183654785,-5.008268033976833],[137.18344688415527,-5.0080970279616395],[137.17692375183105,-5.005959448998496],[137.1756362915039,-5.004933408614761],[137.17477798461914,-5.003821863049865],[137.17340469360352,-5.002966826715152],[137.17031478881836,-4.9916802424825875],[137.17040061950684,-4.990055642390558],[137.1697998046875,-4.989115082604073],[137.16885566711426,-4.988345532685301],[137.16808319091797,-4.987832498904922],[137.1676540374756,-4.988089015845233],[137.16602325439453,-4.985865865699708],[137.16447830200195,-4.983044164293489],[137.16310501098633,-4.981077516753842],[137.16198921203613,-4.980136944111507],[137.16087341308594,-4.979794917362511],[137.15975761413574,-4.979794917362511],[137.1588134765625,-4.9802224507709525],[137.15821266174316,-4.980649983901401],[137.15752601623535,-4.982531126372223],[137.15692520141602,-4.982360113642798],[137.151517868042,-4.9796239039212935],[137.1507453918457,-4.978768836048147],[137.15014457702637,-4.97697318989627],[137.14619636535645,-4.973210867784289],[137.13014602661133,-4.9678238691553105],[137.12748527526855,-4.966370227059798],[137.1255111694336,-4.964318020998675],[137.12525367736816,-4.963377424420031],[137.1273136138916,-4.9604701174271355],[137.1292018890381,-4.958674421416902],[137.1298885345459,-4.956536681705018],[137.13048934936523,-4.9555105641861275],[137.13340759277344,-4.95226118153262],[137.13581085205078,-4.950208931628879],[137.13495254516602,-4.945933390550124],[137.13452339172363,-4.944907256581942],[137.1346950531006,-4.943710098276142],[137.1353816986084,-4.941743333505428],[137.13804244995117,-4.938493883269942],[137.1386432647705,-4.93558646692955],[137.13932991027832,-4.927035168584936],[137.1390724182129,-4.922502935841564],[137.13881492614746,-4.920365079488732],[137.13838577270508,-4.919167876931368],[137.1386432647705,-4.91797067222096],[137.13812828063965,-4.917457583828963],[137.13709831237793,-4.91737206905853],[137.13666915893555,-4.916687950499764],[137.13632583618164,-4.916089346184421],[137.1360683441162,-4.913865954018334],[137.1353816986084,-4.913438377751248],[137.13443756103516,-4.911129461169651],[137.13366508483887,-4.910359820532264]]]}},{"type":"Feature","id":"pmtiles:10/902/526:park:194641043:1","properties":{"name":"Taman Nasional Lorentz","name_int":"Lorentz National Park","class":"national_park","name:latin":"Taman Nasional Lorentz","name_de":"Nationalpark Lorentz","name_en":"Lorentz National Park","kind":"green","verification":"verified","source":"OpenMapTiles/OpenStreetMap national PMTiles","sourceId":"10/902/526:park:194641043:1","sourceLayer":"park","archive":"https://its.hanifahseptiani45.workers.dev/v1/map/archive/indonesia.pmtiles","updatedAt":"2026-07-26T09:44:25.420Z"},"geometry":{"type":"Polygon","coordinates":[[[137.27459907531738,-4.910445336202514],[137.27459907531738,-4.910359820532264],[137.29202270507812,-4.910359820532264],[137.29339599609375,-4.912326678173173],[137.29451179504395,-4.913438377751248],[137.29743003845215,-4.915148681173491],[137.29974746704102,-4.916260376043695],[137.30026245117188,-4.915319711274279],[137.29991912841797,-4.913096316540106],[137.2987174987793,-4.913096316540106],[137.2972583770752,-4.912754255153402],[137.29597091674805,-4.912070131853412],[137.29459762573242,-4.910701883147439],[137.294340133667,-4.910359820532264],[137.4664306640625,-4.910359820532264],[137.4664306640625,-5.034602425575713],[137.46265411376953,-5.037765900987907],[137.4587059020996,-5.041613350332128],[137.45647430419922,-5.044349300444466],[137.45295524597168,-5.049564673397512],[137.44986534118652,-5.055036495009233],[137.44729042053223,-5.060850254822725],[137.4470329284668,-5.0609357509009385],[137.44711875915527,-5.061277735100788],[137.44600296020508,-5.064868558282143],[137.44505882263184,-5.068288371340344],[137.44471549987793,-5.070767724488121],[137.4444580078125,-5.070938714009529],[137.4444580078125,-5.072221133976541],[137.44325637817383,-5.079317145058823],[137.44274139404297,-5.081967442421103],[137.44248390197754,-5.082309415480296],[137.44256973266602,-5.082907867897077],[137.44025230407715,-5.094107374777295],[137.43982315063477,-5.095218765586665],[137.43999481201172,-5.095389748617521],[137.4397373199463,-5.096501137208946],[137.4386215209961,-5.10051921837983],[137.43802070617676,-5.100861181573734],[137.4352741241455,-5.107956876718845],[137.43287086486816,-5.116078359088533],[137.43192672729492,-5.117275200412394],[137.42548942565918,-5.120523758432924],[137.42300033569336,-5.12283193436582],[137.4217987060547,-5.123772299948797],[137.42076873779297,-5.12419973839269],[137.4202537536621,-5.123943275360659],[137.41819381713867,-5.1214641274116275],[137.41759300231934,-5.12018180573412],[137.41536140441895,-5.116847757339414],[137.41501808166504,-5.114368581886055],[137.41510391235352,-5.113086245987375],[137.41613388061523,-5.111119992621937],[137.41948127746582,-5.1075294274264],[137.4202537536621,-5.106161587775318],[137.4206829071045,-5.105734137285907],[137.42145538330078,-5.103853351747901],[137.4217987060547,-5.101545107415006],[137.42669105529785,-5.089234330855618],[137.42995262145996,-5.080001093808619],[137.4313259124756,-5.0729050902506],[137.42497444152832,-5.070511240121135],[137.42488861083984,-5.071622671642274],[137.4232578277588,-5.079573625925036],[137.4232578277588,-5.0802575744026655],[137.4210262298584,-5.085985614399576],[137.42094039916992,-5.087011526631002],[137.41999626159668,-5.089918269072129],[137.41793632507324,-5.094876799388501],[137.41510391235352,-5.10051921837983],[137.41424560546875,-5.101459616724696],[137.4140739440918,-5.10231452311524],[137.41235733032227,-5.104964725686983],[137.41089820861816,-5.106674527986456],[137.41046905517578,-5.10701648789923],[137.40986824035645,-5.10701648789923],[137.40849494934082,-5.107785897036067],[137.40643501281738,-5.1083843257262345],[137.40025520324707,-5.108213346157484],[137.3957061767578,-5.107101977848927],[137.39476203918457,-5.106589037979759],[137.39407539367676,-5.105221196322518],[137.39330291748047,-5.104280803490809],[137.3902988433838,-5.101203144585455],[137.38823890686035,-5.099493327705119],[137.38566398620605,-5.095560731602873],[137.38377571105957,-5.095475240115874],[137.38231658935547,-5.094534833008353],[137.3811149597168,-5.0932524574623415],[137.37862586975098,-5.092483030906777],[137.37545013427734,-5.0909441750333855],[137.37459182739258,-5.090089253512616],[137.37407684326172,-5.090089253512616],[137.373046875,-5.089405315477904],[137.37296104431152,-5.088977853836951],[137.37244606018066,-5.088635884319714],[137.371244430542,-5.087353497011463],[137.36952781677246,-5.086156599885015],[137.36858367919922,-5.084788714729882],[137.3657512664795,-5.082651388357959],[137.36515045166016,-5.081967442421103],[137.3653221130371,-5.078547701847896],[137.36515045166016,-5.077778257718663],[137.36188888549805,-5.077949245382285],[137.36085891723633,-5.077265294455728],[137.3551082611084,-5.070083765949761],[137.35261917114258,-5.067775400535396],[137.3507308959961,-5.066407476397828],[137.34901428222656,-5.064441080377591],[137.3455810546875,-5.061363231122513],[137.34240531921387,-5.058969338244069],[137.34000205993652,-5.056404443191596],[137.33880043029785,-5.054267022887032],[137.3378562927246,-5.051616611915648],[137.33819961547852,-5.051018130518756],[137.34609603881836,-5.042553834483584],[137.34944343566895,-5.040245370953471],[137.34944343566895,-5.03810789740767],[137.35116004943848,-5.036055916189994],[137.35794067382812,-5.030925934818555],[137.35897064208984,-5.029814433523796],[137.36034393310547,-5.027505924771276],[137.3609447479248,-5.025710412306495],[137.3612880706787,-5.023658392002119],[137.36068725585938,-5.019639833528174],[137.3599147796631,-5.0174167905442175],[137.35716819763184,-5.013825705113518],[137.3569107055664,-5.013056184237428],[137.3536491394043,-5.010833118836615],[137.35313415527344,-5.013312691296861],[137.3533058166504,-5.015792254343808],[137.35527992248535,-5.019639833528174],[137.35605239868164,-5.0223758760310915],[137.3558807373047,-5.02459890211037],[137.35485076904297,-5.027591425241383],[137.35373497009277,-5.02895943123643],[137.35244750976562,-5.029899933690771],[137.3466968536377,-5.032379433647492],[137.34386444091797,-5.034260427312006],[137.34206199645996,-5.035970416832029],[137.33957290649414,-5.038877388694161],[137.33819961547852,-5.0407583635580835],[137.33837127685547,-5.041100358402758],[137.33777046203613,-5.042040843297102],[137.33725547790527,-5.042639332975256],[137.33665466308594,-5.042553834483584],[137.3352813720703,-5.041442353067367],[137.3345947265625,-5.040159872146646],[137.3342514038086,-5.038022398319612],[137.33356475830078,-5.036910909151217],[137.3339080810547,-5.036141415536704],[137.33330726623535,-5.034089428112708],[137.3283290863037,-5.027847926584343],[137.32781410217285,-5.02656541885932],[137.32704162597656,-5.026479918254537],[137.3257541656494,-5.0259669143901675],[137.3213768005371,-5.022888882722299],[137.31863021850586,-5.021520863982062],[137.31356620788574,-5.0174167905442175],[137.3122787475586,-5.015963258344769],[137.30850219726562,-5.013483695947187],[137.3074722290039,-5.012457667373667],[137.30669975280762,-5.012286662454727],[137.3049831390381,-5.0112606320011395],[137.30438232421875,-5.011175129390594],[137.29863166809082,-5.011346134600473],[137.29751586914062,-5.011175129390594],[137.29511260986328,-5.010576610803639],[137.29150772094727,-5.008695548819134],[137.2906494140625,-5.009465074830743],[137.29039192199707,-5.009123063381864],[137.29013442993164,-5.007669512728],[137.29047775268555,-5.004163877270955],[137.29107856750488,-5.001684270118744],[137.29150772094727,-5.00091473495479],[137.29262351989746,-4.9998031825657705],[137.29228019714355,-4.999033645191261],[137.30043411254883,-4.980136944111507],[137.3023223876953,-4.975092031528533],[137.30360984802246,-4.972868837435129],[137.30412483215332,-4.9722702838965915],[137.30833053588867,-4.969534032222228],[137.30841636657715,-4.969020983768118],[137.30944633483887,-4.967909377414031],[137.31176376342773,-4.966712260782373],[137.31493949890137,-4.965771667618313],[137.31802940368652,-4.965686159082324],[137.32077598571777,-4.966113701651395],[137.3228359222412,-4.966712260782373],[137.33116149902344,-4.969961572295489],[137.33725547790527,-4.965771667618313],[137.33725547790527,-4.964489038414328],[137.3352813720703,-4.962180299562334],[137.3324489593506,-4.960384608204066],[137.3287582397461,-4.959529515364181],[137.32558250427246,-4.95961502469801],[137.32498168945312,-4.959957061922566],[137.32420921325684,-4.959957061922566],[137.31948852539062,-4.959016459128705],[137.31468200683594,-4.958759930861461],[137.3111629486084,-4.959358496663327],[137.30772972106934,-4.960726645029894],[137.30669975280762,-4.960983172532963],[137.3063564300537,-4.961752754443978],[137.30463981628418,-4.962864371175542],[137.3019790649414,-4.964061494792048],[137.30189323425293,-4.965344124827496],[137.30146408081055,-4.966028193159772],[137.2953701019287,-4.971842745321723],[137.29150772094727,-4.977144204026672],[137.2884178161621,-4.9837282142321015],[137.28635787963867,-4.989029577102102],[137.28601455688477,-4.99159473731487],[137.28386878967285,-4.999033645191261],[137.283353805542,-4.999888686662686],[137.283353805542,-5.0008292309918545],[137.2836971282959,-5.002453804378149],[137.28343963623047,-5.00433488431446],[137.28352546691895,-5.008524542915765],[137.28412628173828,-5.012030154992388],[137.28507041931152,-5.014766229397395],[137.2866153717041,-5.017160285097191],[137.28764533996582,-5.019383328955058],[137.28790283203125,-5.020494848043398],[137.28781700134277,-5.02100785621451],[137.2877311706543,-5.02058034943326],[137.286958694458,-5.0207513521793885],[137.2858428955078,-5.022033871346025],[137.28558540344238,-5.023059884862974],[137.28635787963867,-5.023914894893508],[137.28652954101562,-5.023829393940929],[137.28635787963867,-5.0244279003734675],[137.28567123413086,-5.024855404631609],[137.28086471557617,-5.023059884862974],[137.27906227111816,-5.022033871346025],[137.2778606414795,-5.021948370146731],[137.27580070495605,-5.020494848043398],[137.27545738220215,-5.020665850811923],[137.2748565673828,-5.02032384523001],[137.27210998535156,-5.018870319506277],[137.27150917053223,-5.0172457869240645],[137.27108001708984,-5.017331288739754],[137.27056503295898,-5.0180153028618975],[137.2697925567627,-5.017587794119578],[137.27005004882812,-5.016732775794765],[137.26962089538574,-5.015963258344769],[137.26919174194336,-5.015963258344769],[137.26841926574707,-5.016732775794765],[137.26155281066895,-5.012286662454727],[137.25966453552246,-5.010491108103622],[137.25580215454102,-5.008268033976833],[137.25580215454102,-5.008011524937288],[137.2543430328369,-5.0067289782301],[137.25236892700195,-5.003565352266762],[137.250394821167,-5.002111789263438],[137.2492790222168,-5.000743727017763],[137.2474765777588,-4.999290157749897],[137.24644660949707,-4.9986061240370105],[137.24653244018555,-4.99766557651553],[137.24584579467773,-4.995955486653912],[137.24507331848145,-4.995527963491284],[137.24361419677734,-4.993390343496003],[137.24370002746582,-4.991851252784571],[137.2433567047119,-4.990910695572026],[137.24258422851562,-4.991167211309175],[137.24078178405762,-4.99244978849039],[137.23992347717285,-4.99219327325477],[137.23923683166504,-4.990654179734577],[137.23743438720703,-4.989286093574606],[137.23726272583008,-4.988089015845233],[137.23837852478027,-4.987661487555698],[137.2397518157959,-4.986720924338741],[137.2405242919922,-4.985438335962698],[137.24103927612305,-4.985267323989987],[137.24241256713867,-4.983899226605487],[137.24430084228516,-4.98159055580976],[137.24481582641602,-4.980564477297563],[137.2459316253662,-4.979709410647459],[137.2470474243164,-4.979196370123688],[137.24799156188965,-4.979367383676092],[137.2478199005127,-4.978768836048147],[137.2485065460205,-4.978084780949217],[137.24678993225098,-4.9763746400898725],[137.24515914916992,-4.977058696967035],[137.2444725036621,-4.975006524202243],[137.24438667297363,-4.973809420467816],[137.24687576293945,-4.965686159082324],[137.25090980529785,-4.95799034546188],[137.25305557250977,-4.955083014749647],[137.25614547729492,-4.9501234210780325],[137.26223945617676,-4.936527103022442],[137.2679901123047,-4.9273772226324155],[137.27073669433594,-4.923956674237445],[137.27296829223633,-4.92070713696674],[137.27262496948242,-4.919595449520472],[137.2727108001709,-4.918227216268704],[137.27408409118652,-4.911642554434394],[137.27459907531738,-4.910445336202514]]]}},{"type":"Feature","id":"pmtiles:10/902/526:park:194641043:2","properties":{"name":"Taman Nasional Lorentz","name_int":"Lorentz National Park","class":"national_park","name:latin":"Taman Nasional Lorentz","name_de":"Nationalpark Lorentz","name_en":"Lorentz National Park","kind":"green","verification":"verified","source":"OpenMapTiles/OpenStreetMap national PMTiles","sourceId":"10/902/526:park:194641043:2","sourceLayer":"park","archive":"https://its.hanifahseptiani45.workers.dev/v1/map/archive/indonesia.pmtiles","updatedAt":"2026-07-26T09:44:25.420Z"},"geometry":{"type":"Polygon","coordinates":[[[137.46634483337402,-5.050505146024491],[137.4664306640625,-5.050419648569331],[137.4664306640625,-5.111290971415087],[137.46394157409668,-5.1104360769930395],[137.45733261108398,-5.107443937533716],[137.45595932006836,-5.106161587775318],[137.4554443359375,-5.106076097700239],[137.4536418914795,-5.103425899720165],[137.45038032531738,-5.099664309598083],[137.4496078491211,-5.099407836741577],[137.4488353729248,-5.098723908623356],[137.4484920501709,-5.097783506271426],[137.44857788085938,-5.09701408514114],[137.44900703430176,-5.095902697437069],[137.4496078491211,-5.09000376129805],[137.4507236480713,-5.086156599885015],[137.45123863220215,-5.079573625925036],[137.45166778564453,-5.079659119524436],[137.45132446289062,-5.079317145058823],[137.45158195495605,-5.076581342803777],[137.451753616333,-5.076410354777465],[137.45201110839844,-5.076495848796299],[137.45201110839844,-5.075127943135314],[137.45269775390625,-5.0736745401925845],[137.45278358459473,-5.072306628550436],[137.45338439941406,-5.070340250486538],[137.4539852142334,-5.069741786408926],[137.45381355285645,-5.069485301634472],[137.45407104492188,-5.068630351650697],[137.45492935180664,-5.067860895697834],[137.45458602905273,-5.067775400535396],[137.45561599731445,-5.0657235132432135],[137.45673179626465,-5.064099097850459],[137.45784759521484,-5.0629876533880775],[137.45810508728027,-5.061961702958143],[137.4602508544922,-5.059311323483186],[137.46213912963867,-5.055463979126614],[137.4638557434082,-5.052984567319058],[137.46582984924316,-5.051189125259967],[137.46634483337402,-5.050505146024491]]]}},{"type":"Feature","id":"pmtiles:10/902/526:transportation:10282409110:0","properties":{"class":"ferry","highway":"ferry","kind":"road","verification":"verified","source":"OpenMapTiles/OpenStreetMap national PMTiles","sourceId":"10/902/526:transportation:10282409110:0","sourceLayer":"transportation","archive":"https://its.hanifahseptiani45.workers.dev/v1/map/archive/indonesia.pmtiles","updatedAt":"2026-07-26T09:44:25.420Z"},"geometry":{"type":"LineString","coordinates":[[137.1038818359375,-5.080001093808619],[137.45827674865723,-5.271477837928359]]}},{"type":"Feature","id":"pmtiles:10/902/526:transportation:10282409110:1","properties":{"class":"ferry","highway":"ferry","kind":"road","verification":"verified","source":"OpenMapTiles/OpenStreetMap national PMTiles","sourceId":"10/902/526:transportation:10282409110:1","sourceLayer":"transportation","archive":"https://its.hanifahseptiani45.workers.dev/v1/map/archive/indonesia.pmtiles","updatedAt":"2026-07-26T09:44:25.420Z"},"geometry":{"type":"LineString","coordinates":[[137.4583625793457,-5.271477837928359],[137.1038818359375,-5.082907867897077]]}},{"type":"Feature","id":"pmtiles:10/902/526:water:190:1","properties":{"class":"ocean","water":"ocean","kind":"waterway","verification":"verified","source":"OpenMapTiles/OpenStreetMap national PMTiles","sourceId":"10/902/526:water:190:1","sourceLayer":"water","archive":"https://its.hanifahseptiani45.workers.dev/v1/map/archive/indonesia.pmtiles","updatedAt":"2026-07-26T09:44:25.421Z"},"geometry":{"type":"Polygon","coordinates":[[[137.1038818359375,-5.271477837928359],[137.1038818359375,-4.973296375343821],[137.1061134338379,-4.974407972607153],[137.10834503173828,-4.973980435420302],[137.1100616455078,-4.972184776203832],[137.11134910583496,-4.970047080276856],[137.11220741271973,-4.963291915573649],[137.1134090423584,-4.961239699936328],[137.11469650268555,-4.9604701174271355],[137.11503982543945,-4.958246874028049],[137.11461067199707,-4.957904835917674],[137.11469650268555,-4.957220759165551],[137.11538314819336,-4.956451171972645],[137.1174430847168,-4.952432202070469],[137.11941719055176,-4.950208931628879],[137.1237087249756,-4.946531967963821],[137.1236228942871,-4.9461044127235425],[137.12336540222168,-4.945847879446845],[137.11795806884766,-4.945591346070756],[137.11727142333984,-4.945249301414677],[137.11675643920898,-4.944736234099324],[137.1163272857666,-4.942256403138913],[137.11512565612793,-4.941315775174061],[137.11332321166992,-4.941315775174061],[137.1122932434082,-4.941828845138602],[137.1115207672119,-4.94388112102375],[137.11066246032715,-4.944821745346147],[137.10963249206543,-4.944821745346147],[137.1086883544922,-4.94422316638645],[137.10817337036133,-4.943539075484395],[137.1079158782959,-4.941572310205984],[137.10817337036133,-4.940717193046737],[137.10988998413086,-4.9396910509993575],[137.11031913757324,-4.939092467404848],[137.11031913757324,-4.938493883269942],[137.1100616455078,-4.938151834950219],[137.1086025238037,-4.937638762139855],[137.10808753967285,-4.937125688932568],[137.10834503173828,-4.936527103022442],[137.10834503173828,-4.937125688932568],[137.1100616455078,-4.937895298594654],[137.11040496826172,-4.9382373470466945],[137.1104907989502,-4.938835931413195],[137.11023330688477,-4.9396055390903655],[137.10877418518066,-4.940631681270133],[137.10834503173828,-4.941144751764284],[137.1082592010498,-4.943111518311852],[137.1086025238037,-4.943795609655467],[137.10988998413086,-4.944565211572524],[137.11066246032715,-4.944479700292575],[137.11100578308105,-4.944137655062349],[137.11237907409668,-4.941230263474679],[137.11203575134277,-4.9396910509993575],[137.111177444458,-4.937638762139855],[137.11109161376953,-4.93686915218008],[137.1116065979004,-4.936099541327366],[137.11237907409668,-4.9355009544913315],[137.11529731750488,-4.934218266595721],[137.11478233337402,-4.934645829503069],[137.11280822753906,-4.9355009544913315],[137.11169242858887,-4.936185053688433],[137.11126327514648,-4.936954664441927],[137.11134910583496,-4.937724274302482],[137.11186408996582,-4.938664907363616],[137.11255073547363,-4.940973728310354],[137.1145248413086,-4.940802704812299],[137.11624145507812,-4.9414012868624155],[137.11684226989746,-4.942256403138913],[137.1170997619629,-4.944565211572524],[137.1174430847168,-4.944907256581942],[137.11898803710938,-4.945334812595263],[137.1243953704834,-4.945163790223063],[137.12679862976074,-4.9408882165668615],[137.12774276733398,-4.935757491772904],[137.1258544921875,-4.910958429993656],[137.1258544921875,-4.910359820532264],[137.13375091552734,-4.910359820532264],[137.13452339172363,-4.911386007851391],[137.13529586791992,-4.9132673471676185],[137.13589668273926,-4.9132673471676185],[137.13624000549316,-4.914208014834486],[137.13632583618164,-4.916089346184421],[137.1368408203125,-4.91737206905853],[137.1379566192627,-4.917457583828963],[137.13847160339355,-4.9180561869145265],[137.13847160339355,-4.918996847818832],[137.1394157409668,-4.926265546334491],[137.13932991027832,-4.930028135530307],[137.13778495788574,-4.938322859132128],[137.13881492614746,-4.938322859132128],[137.1397590637207,-4.937809786454082],[137.1408748626709,-4.937809786454082],[137.14138984680176,-4.938579395322293],[137.14096069335938,-4.941914356760748],[137.14138984680176,-4.942683960863334],[137.142333984375,-4.942683960863334],[137.1431064605713,-4.941743333505428],[137.14362144470215,-4.9420853799719],[137.142333984375,-4.943453564071959],[137.14130401611328,-4.9436245868857895],[137.14044570922852,-4.943282541213975],[137.1401023864746,-4.942512937806683],[137.14035987854004,-4.940033098524992],[137.13932991027832,-4.939092467404848],[137.1382999420166,-4.939434515239313],[137.13932991027832,-4.944308677699539],[137.1394157409668,-4.94678850097543],[137.14044570922852,-4.947387077615957],[137.14190483093262,-4.947387077615957],[137.14353561401367,-4.9463609459008495],[137.14430809020996,-4.947814632027743],[137.14241981506348,-4.948242186163341],[137.13967323303223,-4.948242186163341],[137.13872909545898,-4.947472588520398],[137.13804244995117,-4.944907256581942],[137.1364974975586,-4.941144751764284],[137.13435173034668,-4.944308677699539],[137.13220596313477,-4.949182804289293],[137.13040351867676,-4.952432202070469],[137.1292018890381,-4.953971384920322],[137.12636947631836,-4.960042571201015],[137.1258544921875,-4.962522335457592],[137.1251678466797,-4.963377424420031],[137.12542533874512,-4.964574547105528],[137.12739944458008,-4.966455735507068],[137.13014602661133,-4.967909377414031],[137.14611053466797,-4.973210867784289],[137.14868545532227,-4.973381882892241],[137.15023040771484,-4.9719282530589055],[137.15280532836914,-4.971244190850641],[137.155122756958,-4.970987667339401],[137.1558952331543,-4.971415206469317],[137.15606689453125,-4.971757237573442],[137.15598106384277,-4.973638405470908],[137.15615272521973,-4.973894927949601],[137.15726852416992,-4.973809420467816],[137.15889930725098,-4.9730398526319135],[137.16276168823242,-4.9730398526319135],[137.16310501098633,-4.973296375343821],[137.16276168823242,-4.973552897955784],[137.1591567993164,-4.973296375343821],[137.1566677093506,-4.974407972607153],[137.15606689453125,-4.974236957765726],[137.15563774108887,-4.973894927949601],[137.15563774108887,-4.97209926849996],[137.1555519104004,-4.971671729814062],[137.155122756958,-4.971415206469317],[137.15271949768066,-4.971757237573442],[137.15083122253418,-4.9725268069082915],[137.15065956115723,-4.972868837435129],[137.1507453918457,-4.973125360213658],[137.15271949768066,-4.974322465191989],[137.1547794342041,-4.975006524202243],[137.15821266174316,-4.97697318989627],[137.16404914855957,-4.9821891008688794],[137.166109085083,-4.986122383408315],[137.17022895812988,-4.991423726946039],[137.173490524292,-5.002966826715152],[137.17486381530762,-5.003821863049865],[137.17555046081543,-5.004847905176803],[137.177095413208,-5.005959448998496],[137.18353271484375,-5.008182530974835],[137.18490600585938,-5.008268033976833],[137.18619346618652,-5.006985487772766],[137.18636512756348,-5.004163877270955],[137.1870517730713,-5.001256750694878],[137.18542098999023,-5.000059694823008],[137.1859359741211,-4.999119149388633],[137.18713760375977,-4.997922089609844],[137.19417572021484,-4.997238054468511],[137.19743728637695,-4.997836585256238],[137.19992637634277,-4.996981541106408],[137.2024154663086,-4.995442458825309],[137.20842361450195,-4.985865865699708],[137.21142768859863,-4.980051437440935],[137.21142768859863,-4.978854342885484],[137.21099853515625,-4.978170287875486],[137.2115135192871,-4.978084780949217],[137.21202850341797,-4.977742753132986],[137.2119426727295,-4.977058696967035],[137.21125602722168,-4.976460147238399],[137.20988273620605,-4.975519567993388],[137.20850944519043,-4.9753485534407815],[137.20739364624023,-4.974750002156711],[137.20524787902832,-4.973125360213658],[137.20301628112793,-4.970987667339401],[137.19752311706543,-4.967310819369956],[137.1964931488037,-4.965942684657037],[137.19572067260742,-4.964574547105528],[137.19537734985352,-4.963548442079542],[137.19494819641113,-4.962949880077332],[137.19220161437988,-4.963206406716196],[137.19039916992188,-4.962949880077332],[137.1888542175293,-4.9620092815482195],[137.1873950958252,-4.9604701174271355],[137.1833610534668,-4.958930949717356],[137.18284606933594,-4.956964230200867],[137.1822452545166,-4.956451171972645],[137.1830177307129,-4.9566221914263195],[137.18387603759766,-4.958674421416902],[137.18756675720215,-4.960042571201015],[137.19022750854492,-4.962265808552772],[137.19168663024902,-4.962778862262681],[137.1939182281494,-4.962180299562334],[137.1943473815918,-4.961667245387062],[137.19451904296875,-4.960555626639135],[137.19443321228027,-4.958930949717356],[137.19331741333008,-4.956707701136551],[137.19305992126465,-4.953885874856013],[137.19426155090332,-4.951662609301863],[137.19451904296875,-4.951662609301863],[137.19348907470703,-4.953714854694198],[137.19348907470703,-4.955254034557441],[137.19374656677246,-4.9566221914263195],[137.19494819641113,-4.9591874779181495],[137.19529151916504,-4.9620092815482195],[137.19606399536133,-4.963035388968038],[137.197265625,-4.965600650535251],[137.19778060913086,-4.966455735507068],[137.20361709594727,-4.97038911209134],[137.206449508667,-4.972697822193922],[137.20808029174805,-4.973723912974904],[137.2089385986328,-4.973638405470908],[137.21142768859863,-4.972697822193922],[137.21185684204102,-4.971158683024655],[137.21477508544922,-4.966712260782373],[137.2158908843994,-4.965686159082324],[137.21735000610352,-4.96483107311262],[137.2184658050537,-4.964745564454674],[137.22018241882324,-4.962949880077332],[137.22164154052734,-4.962693353338722],[137.22310066223145,-4.961752754443978],[137.2294521331787,-4.9566221914263195],[137.2313404083252,-4.954826484954978],[137.2334861755371,-4.953714854694198],[137.2360610961914,-4.953116283779465],[137.2408676147461,-4.953201793943322],[137.25090980529785,-4.957904835917674],[137.2467041015625,-4.965515141977079],[137.2434425354004,-4.973296375343821],[137.24309921264648,-4.974151450328364],[137.24421501159668,-4.975605075253043],[137.24550247192383,-4.976545654375826],[137.2463607788086,-4.976460147238399],[137.2488498687744,-4.974493480011205],[137.2499656677246,-4.9722702838965915],[137.25099563598633,-4.971158683024655],[137.25193977355957,-4.970474620017214],[137.2529697418213,-4.970132588247125],[137.25417137145996,-4.970218096206295],[137.25494384765625,-4.970303604154367],[137.25605964660645,-4.970987667339401],[137.25674629211426,-4.971757237573442],[137.2573471069336,-4.9753485534407815],[137.25726127624512,-4.977828260103706],[137.25820541381836,-4.979538397184001],[137.25872039794922,-4.979709410647459],[137.26155281066895,-4.979709410647459],[137.26292610168457,-4.979367383676092],[137.26773262023926,-4.977571739158165],[137.26927757263184,-4.9763746400898725],[137.26962089538574,-4.975690582501571],[137.26962089538574,-4.975092031528533],[137.26910591125488,-4.974151450328364],[137.26713180541992,-4.9725268069082915],[137.26618766784668,-4.971244190850641],[137.26618766784668,-4.970218096206295],[137.26661682128906,-4.9694485241742825],[137.26910591125488,-4.967567344312542],[137.27005004882812,-4.966199210131947],[137.27005004882812,-4.965002090395259],[137.27056503295898,-4.964745564454674],[137.27099418640137,-4.965002090395259],[137.27108001708984,-4.965857176143217],[137.27065086364746,-4.966968785957874],[137.26987838745117,-4.9678238691553105],[137.2679901123047,-4.969106491871543],[137.2668743133545,-4.970645635835666],[137.26816177368164,-4.972697822193922],[137.26987838745117,-4.973809420467816],[137.27030754089355,-4.9745789874041435],[137.27022171020508,-4.976289132930219],[137.2697925567627,-4.97697318989627],[137.26807594299316,-4.978341301694684],[137.264986038208,-4.979709410647459],[137.2606086730957,-4.9809065036462385],[137.25940704345703,-4.980820997075739],[137.25708961486816,-4.9798804240664225],[137.25640296936035,-4.978939849711708],[137.25614547729492,-4.977828260103706],[137.25580215454102,-4.9722702838965915],[137.25417137145996,-4.971415206469317],[137.2528839111328,-4.971415206469317],[137.25176811218262,-4.9719282530589055],[137.2510814666748,-4.973125360213658],[137.25065231323242,-4.974750002156711],[137.2499656677246,-4.976032611384596],[137.2481632232666,-4.978170287875486],[137.24421501159668,-4.980564477297563],[137.24370002746582,-4.982873151697575],[137.24370002746582,-4.9837282142321015],[137.24515914916992,-4.985096311972725],[137.2455883026123,-4.986207889288906],[137.24567413330078,-4.989457104500573],[137.24644660949707,-4.990226653115968],[137.2473907470703,-4.9903976637968555],[137.24790573120117,-4.9880035102095945],[137.24842071533203,-4.987148453240749],[137.24919319152832,-4.987404970448324],[137.24979400634766,-4.98860204942514],[137.25279808044434,-4.98962811538199],[137.25314140319824,-4.990654179734577],[137.25374221801758,-4.990483169120566],[137.2551155090332,-4.988516543856335],[137.25708961486816,-4.987404970448324],[137.25631713867188,-4.98817452146973],[137.25537300109863,-4.988516543856335],[137.25382804870605,-4.990654179734577],[137.2529697418213,-4.990910695572026],[137.2529697418213,-4.991338221744897],[137.25322723388672,-4.99159473731487],[137.253999710083,-4.992107768153943],[137.2551155090332,-4.992278778344456],[137.25563049316406,-4.992620798591744],[137.2562313079834,-4.993561353352092],[137.25666046142578,-4.993903372930475],[137.25726127624512,-4.993903372930475],[137.2570037841797,-4.994159887497176],[137.25631713867188,-4.993903372930475],[137.25528717041016,-4.992620798591744],[137.2536563873291,-4.99219327325477],[137.2528839111328,-4.99159473731487],[137.25262641906738,-4.990141147758834],[137.252197265625,-4.989542609946838],[137.2500514984131,-4.989029577102102],[137.2492790222168,-4.988516543856335],[137.24867820739746,-4.987490476161923],[137.2485065460205,-4.987490476161923],[137.24799156188965,-4.989115082604073],[137.24790573120117,-4.990654179734577],[137.24799156188965,-4.990910695572026],[137.24979400634766,-4.99193675791885],[137.24987983703613,-4.993988877797193],[137.2500514984131,-4.994159887497176],[137.25176811218262,-4.993988877797193],[137.25382804870605,-4.996554018613097],[137.25460052490234,-4.996639523134078],[137.2562313079834,-4.997751080891462],[137.25648880004883,-4.9986061240370105],[137.25786209106445,-4.99946116606651],[137.25829124450684,-5.000145198886429],[137.25820541381836,-5.00023070293868],[137.25760459899902,-4.999546670208062],[137.25648880004883,-4.99886263676305],[137.25580215454102,-4.99766557651553],[137.25468635559082,-4.996981541106408],[137.25374221801758,-4.99672502764389],[137.25176811218262,-4.9942453923304555],[137.250394821167,-4.994416401963534],[137.24970817565918,-4.9942453923304555],[137.24953651428223,-4.993903372930475],[137.2496223449707,-4.992535293546652],[137.2492790222168,-4.99202226304196],[137.24773406982422,-4.991081706074596],[137.2467041015625,-4.990996200828889],[137.24584579467773,-4.990654179734577],[137.24481582641602,-4.989029577102102],[137.24481582641602,-4.986293395158384],[137.24464416503906,-4.985523841932363],[137.2426700592041,-4.984326757344192],[137.24181175231934,-4.984241251218705],[137.2408676147461,-4.98449776956177],[137.2400951385498,-4.985096311972725],[137.23992347717285,-4.985694853838297],[137.23958015441895,-4.985609347890886],[137.23846435546875,-4.986549912699999],[137.2364902496338,-4.98877306052934],[137.2364902496338,-4.989371599043167],[137.23709106445312,-4.990739685024863],[137.24095344543457,-4.9946729163295345],[137.24112510681152,-4.994929430595164],[137.24061012268066,-4.995442458825309],[137.24061012268066,-4.995613468146118],[137.24112510681152,-4.996810532142547],[137.2418975830078,-4.997751080891462],[137.24498748779297,-5.000316206979775],[137.24610328674316,-5.001855277810137],[137.24678993225098,-5.002368300616226],[137.2514247894287,-5.005275422254812],[137.2602653503418,-5.011431637188622],[137.26155281066895,-5.012543169816354],[137.26369857788086,-5.013740202838733],[137.26455688476562,-5.014766229397395],[137.26601600646973,-5.015706752326537],[137.26987838745117,-5.0174167905442175],[137.28472709655762,-5.025453910121826],[137.28652954101562,-5.025453910121826],[137.28713035583496,-5.024855404631609],[137.2880744934082,-5.022119372534107],[137.28790283203125,-5.019981839468755],[137.2866153717041,-5.018271807972866],[137.28618621826172,-5.016903779549338],[137.2844696044922,-5.013740202838733],[137.28343963623047,-5.009123063381864],[137.28343963623047,-5.005788442379625],[137.2836971282959,-5.001598766256308],[137.28352546691895,-5.000658223032488],[137.28618621826172,-4.989457104500573],[137.28944778442383,-4.981163023290975],[137.29167938232422,-4.976545654375826],[137.29562759399414,-4.971329698665542],[137.2976016998291,-4.969534032222228],[137.29785919189453,-4.968849967527987],[137.30146408081055,-4.965686159082324],[137.30146408081055,-4.965429633407837],[137.30429649353027,-4.962607844403692],[137.3082447052002,-4.959871552633047],[137.3118495941162,-4.958930949717356],[137.31820106506348,-4.958588911961272],[137.32240676879883,-4.959358496663327],[137.3298740386963,-4.9591874779181495],[137.33270645141602,-4.960299098969912],[137.33510971069336,-4.961667245387062],[137.3367404937744,-4.963548442079542],[137.3378562927246,-4.966370227059798],[137.33957290649414,-4.9678238691553105],[137.34257698059082,-4.969277508045096],[137.34549522399902,-4.969961572295489],[137.3463535308838,-4.969705048284808],[137.3466968536377,-4.96867895124349],[137.34746932983398,-4.968764459391281],[137.34755516052246,-4.9694485241742825],[137.3481559753418,-4.970047080276856],[137.35064506530762,-4.9694485241742825],[137.3532199859619,-4.967310819369956],[137.35416412353516,-4.965857176143217],[137.3554515838623,-4.962522335457592],[137.3557949066162,-4.961068681678498],[137.3557949066162,-4.9591019685289695],[137.35502243041992,-4.956023623144759],[137.3539924621582,-4.9540568949735615],[137.35107421875,-4.9518336299945105],[137.34798431396484,-4.950893015637689],[137.34652519226074,-4.949695868158031],[137.3463535308838,-4.948840761489095],[137.3463535308838,-4.947729121167484],[137.34686851501465,-4.946446456937849],[137.34824180603027,-4.944308677699539],[137.34832763671875,-4.943368052648495],[137.34764099121094,-4.9427694723751046],[137.34549522399902,-4.942512937806683],[137.34540939331055,-4.942170891560934],[137.34575271606445,-4.941657821861213],[137.34583854675293,-4.940717193046737],[137.3462677001953,-4.940118610378818],[137.3489284515381,-4.939349003297252],[137.34910011291504,-4.939947586660125],[137.34712600708008,-4.940460657683829],[137.34661102294922,-4.941059240042833],[137.3470401763916,-4.941572310205984],[137.34841346740723,-4.942256403138913],[137.3489284515381,-4.9427694723751046],[137.34901428222656,-4.9436245868857895],[137.3488426208496,-4.944907256581942],[137.3470401763916,-4.948327696957307],[137.3473834991455,-4.949524846912652],[137.34798431396484,-4.949952399943186],[137.34978675842285,-4.9503799526974035],[137.35193252563477,-4.951320567783895],[137.35467910766602,-4.953372814237866],[137.35562324523926,-4.9547409750013],[137.35716819763184,-4.959871552633047],[137.35759735107422,-4.960042571201015],[137.35922813415527,-4.95628015247469],[137.36017227172852,-4.953201793943322],[137.3624038696289,-4.947472588520398],[137.36309051513672,-4.943197029768427],[137.3649787902832,-4.939006955418662],[137.36592292785645,-4.936270566038459],[137.3667812347412,-4.931225318532867],[137.36806869506836,-4.928317870355201],[137.36849784851074,-4.926693114361427],[137.3690128326416,-4.923101534389346],[137.3693561553955,-4.917457583828963],[137.36858367919922,-4.911728069940139],[137.3682403564453,-4.910359820532264],[137.37879753112793,-4.910359820532264],[137.3788833618164,-4.916858980205333],[137.37836837768555,-4.91874030406764],[137.37802505493164,-4.921562279892555],[137.3770809173584,-4.932593525035841],[137.3777675628662,-4.934731342051478],[137.37939834594727,-4.936270566038459],[137.3796558380127,-4.938408371206549],[137.38008499145508,-4.9396055390903655],[137.3818874359131,-4.941657821861213],[137.38265991210938,-4.941999868371838],[137.38351821899414,-4.941999868371838],[137.3851490020752,-4.940973728310354],[137.38763809204102,-4.940631681270133],[137.38832473754883,-4.93986207478423],[137.38858222961426,-4.9379808107241985],[137.38909721374512,-4.937296713379098],[137.39012718200684,-4.936612615328386],[137.3909854888916,-4.936612615328386],[137.3917579650879,-4.937125688932568],[137.39201545715332,-4.937638762139855],[137.39218711853027,-4.940375145874114],[137.3924446105957,-4.940717193046737],[137.393217086792,-4.941059240042833],[137.39407539367676,-4.940460657683829],[137.39476203918457,-4.939092467404848],[137.39510536193848,-4.937638762139855],[137.39553451538086,-4.937724274302482],[137.39484786987305,-4.939947586660125],[137.39381790161133,-4.9414012868624155],[137.3927879333496,-4.9414012868624155],[137.39227294921875,-4.941144751764284],[137.39192962646484,-4.940631681270133],[137.39150047302246,-4.9379808107241985],[137.39124298095703,-4.9373822255858215],[137.39047050476074,-4.937211201161347],[137.38935470581055,-4.937895298594654],[137.38858222961426,-4.940631681270133],[137.38780975341797,-4.9414012868624155],[137.3851490020752,-4.941572310205984],[137.38377571105957,-4.942598449340522],[137.3818874359131,-4.942512937806683],[137.3811149597168,-4.941999868371838],[137.37759590148926,-4.9373822255858215],[137.37699508666992,-4.937211201161347],[137.37665176391602,-4.9373822255858215],[137.3759651184082,-4.9414012868624155],[137.3752784729004,-4.950037910516144],[137.374849319458,-4.952175671247119],[137.37399101257324,-4.955083014749647],[137.37141609191895,-4.961154190812962],[137.36961364746094,-4.96440352971203],[137.36781120300293,-4.966797769185305],[137.3653221130371,-4.9691919999638685],[137.3627471923828,-4.971158683024655],[137.35922813415527,-4.9730398526319135],[137.35699653625488,-4.973809420467816],[137.35347747802734,-4.974835509516325],[137.35004425048828,-4.975263046147816],[137.34729766845703,-4.9753485534407815],[137.34472274780273,-4.974835509516325],[137.3408603668213,-4.973809420467816],[137.33819961547852,-4.972783329820075],[137.3342514038086,-4.970645635835666],[137.32807159423828,-4.9683369185413255],[137.3257541656494,-4.967139802686091],[137.3250675201416,-4.966883277577139],[137.3247241973877,-4.967139802686091],[137.32403755187988,-4.966883277577139],[137.32386589050293,-4.966455735507068],[137.31751441955566,-4.965087599019938],[137.31639862060547,-4.965173107633547],[137.31451034545898,-4.965857176143217],[137.31322288513184,-4.96662675236837],[137.3118495941162,-4.9683369185413255],[137.31090545654297,-4.969106491871543],[137.30875968933105,-4.969705048284808],[137.30867385864258,-4.970047080276856],[137.3097038269043,-4.972184776203832],[137.3085880279541,-4.974750002156711],[137.30721473693848,-4.972697822193922],[137.3060131072998,-4.971671729814062],[137.30472564697266,-4.971757237573442],[137.30318069458008,-4.973723912974904],[137.3008632659912,-4.977828260103706],[137.29931831359863,-4.982702139057139],[137.29888916015625,-4.982873151697575],[137.29674339294434,-4.988431038276389],[137.29185104370117,-4.999119149388633],[137.2917652130127,-5.00023070293868],[137.2909927368164,-5.001085742847167],[137.29056358337402,-5.0026248118685],[137.29004859924316,-5.005788442379625],[137.29039192199707,-5.0080970279616395],[137.29116439819336,-5.008781051754042],[137.29459762573242,-5.0106621134924865],[137.29820251464844,-5.011688144885952],[137.3079013824463,-5.012372164919796],[137.30901718139648,-5.014082211870743],[137.31348037719727,-5.017673295890447],[137.32043266296387,-5.022461377174324],[137.32592582702637,-5.025881413706827],[137.3313331604004,-5.0314389347759345],[137.33416557312012,-5.034944423659596],[137.33416557312012,-5.038877388694161],[137.3352813720703,-5.041869846144877],[137.3360538482666,-5.041869846144877],[137.33665466308594,-5.041442353067367],[137.34025955200195,-5.036397913509404],[137.34274864196777,-5.03383292922949],[137.34463691711426,-5.032293933806244],[137.3521900177002,-5.029130431783727],[137.35347747802734,-5.0281044278262925],[137.35459327697754,-5.025795913012274],[137.35536575317383,-5.021948370146731],[137.3544216156006,-5.017758797650103],[137.35296249389648,-5.015108237892022],[137.3518466949463,-5.015279242072154],[137.35013008117676,-5.015877756349894],[137.34867095947266,-5.015877756349894],[137.34746932983398,-5.015279242072154],[137.34695434570312,-5.014424220723626],[137.34695434570312,-5.013056184237428],[137.34729766845703,-5.011175129390594],[137.34832763671875,-5.009550577664996],[137.3473834991455,-5.0132271889549],[137.34746932983398,-5.014167714100751],[137.34807014465332,-5.014851731537846],[137.34918594360352,-5.015108237892022],[137.35081672668457,-5.014851731537846],[137.35261917114258,-5.014082211870743],[137.3521900177002,-5.011517139765601],[137.3525333404541,-5.009978091668515],[137.35356330871582,-5.008524542915765],[137.35648155212402,-5.005959448998496],[137.35794067382812,-5.0051899188615465],[137.36626625061035,-5.003052330398901],[137.36884117126465,-5.001684270118744],[137.36918449401855,-5.001855277810137],[137.37038612365723,-5.001513262382701],[137.37330436706543,-4.999974190748432],[137.37510681152344,-4.99886263676305],[137.37699508666992,-4.997152550025632],[137.37768173217773,-4.996212000417643],[137.37811088562012,-4.994929430595164],[137.37811088562012,-4.993817868052588],[137.3770809173584,-4.989457104500573],[137.37665176391602,-4.986122383408315],[137.37682342529297,-4.9837282142321015],[137.3777675628662,-4.9807354904941405],[137.3788833618164,-4.977828260103706],[137.3796558380127,-4.977315218112622],[137.3806858062744,-4.975861596965302],[137.382230758667,-4.975263046147816],[137.3848056793213,-4.973723912974904],[137.38506317138672,-4.973296375343821],[137.38454818725586,-4.9719282530589055],[137.38446235656738,-4.970987667339401],[137.38497734069824,-4.972355791578266],[137.38532066345215,-4.972783329820075],[137.38566398620605,-4.972783329820075],[137.3866081237793,-4.970987667339401],[137.38755226135254,-4.964232512274208],[137.38798141479492,-4.963120897847659],[137.39072799682617,-4.959786043332443],[137.39338874816895,-4.9585034024945855],[137.3943328857422,-4.957648307218648],[137.39493370056152,-4.956109132932468],[137.39604949951172,-4.955083014749647],[137.3987102508545,-4.9543134250669425],[137.40883827209473,-4.9542279150468715],[137.41124153137207,-4.953971384920322],[137.41827964782715,-4.9514915885650055],[137.42789268493652,-4.946018901642361],[137.43209838867188,-4.9420853799719],[137.43330001831055,-4.940546169482488],[137.43432998657227,-4.938322859132128],[137.4352741241455,-4.935671979356741],[137.43553161621094,-4.934389291791717],[137.4356174468994,-4.933363139954693],[137.43484497070312,-4.932422499377154],[137.43441581726074,-4.9322514736744125],[137.43390083312988,-4.932165960806529],[137.4326992034912,-4.932764550650461],[137.42815017700195,-4.936612615328386],[137.426176071167,-4.937724274302482],[137.42411613464355,-4.938493883269942],[137.42145538330078,-4.937895298594654],[137.4203395843506,-4.936954664441927],[137.41999626159668,-4.9354154420420855],[137.4203395843506,-4.9339617287190976],[137.42111206054688,-4.932679037848658],[137.42265701293945,-4.931738396301867],[137.42823600769043,-4.931054292521779],[137.42969512939453,-4.930626727301345],[137.43175506591797,-4.928574410412125],[137.43252754211426,-4.9267786279338],[137.43227005004883,-4.925068354396089],[137.43192672729492,-4.923956674237445],[137.43115425109863,-4.922588449952812],[137.4294376373291,-4.921134708567024],[137.42900848388672,-4.920108536264877],[137.42900848388672,-4.91874030406764],[137.42926597595215,-4.917543098588425],[137.42857933044434,-4.916089346184421],[137.42823600769043,-4.913609408291009],[137.4276351928711,-4.912241162744223],[137.42600440979004,-4.910359820532264],[137.42669105529785,-4.910359820532264],[137.42694854736328,-4.9106163675101016],[137.427978515625,-4.91198461639155],[137.4286651611328,-4.913523893026621],[137.4290943145752,-4.916260376043695],[137.42969512939453,-4.917201039484723],[137.43141174316406,-4.917115524681336],[137.43321418762207,-4.916687950499764],[137.43535995483398,-4.915747286334124],[137.4360466003418,-4.916089346184421],[137.43338584899902,-4.917286554277112],[137.43003845214844,-4.9183127309293155],[137.42969512939453,-4.918825818662356],[137.43003845214844,-4.920792651308773],[137.43184089660645,-4.922673964053047],[137.43295669555664,-4.925068354396089],[137.43304252624512,-4.926949655045561],[137.4323558807373,-4.928830950370013],[137.43158340454102,-4.9298571092109285],[137.42995262145996,-4.931139805532823],[137.42789268493652,-4.931823909224832],[137.42291450500488,-4.932422499377154],[137.42162704467773,-4.933192114494275],[137.42094039916992,-4.934218266595721],[137.4206829071045,-4.9355009544913315],[137.42094039916992,-4.936612615328386],[137.4217987060547,-4.937296713379098],[137.42411613464355,-4.937809786454082],[137.4258327484131,-4.937125688932568],[137.4320125579834,-4.932080447927618],[137.43287086486816,-4.931652883367917],[137.4338150024414,-4.931396344499916],[137.4345874786377,-4.93148185746692],[137.43587493896484,-4.932165960806529],[137.43613243103027,-4.932165960806529],[137.43587493896484,-4.929686082847525],[137.43450164794922,-4.926265546334491],[137.4342441558838,-4.924384243749174],[137.43432998657227,-4.923187048423628],[137.4356174468994,-4.920365079488732],[137.4363899230957,-4.919595449520472],[137.43844985961914,-4.918654789461954],[137.44385719299316,-4.9184837602175975],[137.44608879089355,-4.918911333246086],[137.44874954223633,-4.920108536264877],[137.45003700256348,-4.920279565091761],[137.4525260925293,-4.920108536264877],[137.45827674865723,-4.9183127309293155],[137.45999336242676,-4.9184837602175975],[137.46119499206543,-4.919082362380593],[137.4620532989502,-4.920194050683804],[137.46248245239258,-4.921391251395306],[137.4638557434082,-4.923443590460522],[137.4649715423584,-4.924384243749174],[137.46582984924316,-4.924811812985979],[137.4664306640625,-4.924897326800348],[137.4664306640625,-4.926180032696109],[137.46514320373535,-4.926094519046714],[137.46394157409668,-4.925495923192997],[137.46282577514648,-4.924384243749174],[137.46196746826172,-4.922673964053047],[137.46085166931152,-4.921305737130197],[137.45973587036133,-4.920450593874719],[137.4576759338379,-4.920279565091761],[137.45450019836426,-4.921134708567024],[137.45304107666016,-4.921220222854103],[137.45201110839844,-4.921733308345836],[137.4506378173828,-4.921904336755162],[137.44729042053223,-4.92147676564943],[137.44471549987793,-4.920450593874719],[137.44342803955078,-4.920279565091761],[137.44025230407715,-4.920279565091761],[137.43793487548828,-4.920878165639806],[137.4368190765381,-4.92147676564943],[137.4356174468994,-4.922673964053047],[137.43535995483398,-4.923956674237445],[137.4356174468994,-4.925581436919387],[137.43647575378418,-4.92780478994419],[137.4381923675537,-4.930626727301345],[137.43922233581543,-4.933277627229984],[137.43947982788086,-4.934560316943646],[137.43947982788086,-4.939092467404848],[137.43896484375,-4.942598449340522],[137.437162399292,-4.946617478978737],[137.4345874786377,-4.950208931628879],[137.4334716796875,-4.950893015637689],[137.43184089660645,-4.950893015637689],[137.43063926696777,-4.950037910516144],[137.42969512939453,-4.948413207740231],[137.42918014526367,-4.948242186163341],[137.42712020874023,-4.949182804289293],[137.42600440979004,-4.9506364842172985],[137.42119789123535,-4.954655465036552],[137.41896629333496,-4.955596074040244],[137.41604804992676,-4.957391778419989],[137.4114990234375,-4.958674421416902],[137.40540504455566,-4.959786043332443],[137.4019718170166,-4.960128080468394],[137.39931106567383,-4.960042571201015],[137.39604949951172,-4.960726645029894],[137.3928737640381,-4.961496227240005],[137.3916721343994,-4.962778862262681],[137.39115715026855,-4.963890477265551],[137.39081382751465,-4.965344124827496],[137.39055633544922,-4.966968785957874],[137.39055633544922,-4.9694485241742825],[137.3898696899414,-4.972013760784989],[137.3942470550537,-4.974407972607153],[137.39750862121582,-4.975605075253043],[137.40300178527832,-4.975947104180506],[137.40368843078613,-4.975690582501571],[137.4048900604248,-4.974493480011205],[137.4056625366211,-4.973980435420302],[137.4067783355713,-4.973552897955784],[137.40943908691406,-4.9730398526319135],[137.4103832244873,-4.9725268069082915],[137.41415977478027,-4.9715007142619925],[137.4136447906494,-4.971842745321723],[137.41124153137207,-4.972697822193922],[137.4056625366211,-4.974322465191989],[137.4048900604248,-4.97492101686484],[137.40437507629395,-4.975861596965302],[137.40737915039062,-4.976631161502141],[137.4158763885498,-4.9779137670633276],[137.42094039916992,-4.979452890435596],[137.42918014526367,-4.984925299910969],[137.43115425109863,-4.98877306052934],[137.43149757385254,-4.98860204942514],[137.43158340454102,-4.9880035102095945],[137.4313259124756,-4.986207889288906],[137.43063926696777,-4.985438335962698],[137.4290943145752,-4.984326757344192],[137.42849349975586,-4.983642708028711],[137.42815017700195,-4.982531126372223],[137.4283218383789,-4.981676062280144],[137.4287509918213,-4.980820997075739],[137.42952346801758,-4.9802224507709525],[137.4312400817871,-4.980051437440935],[137.43553161621094,-4.9815050493282484],[137.43690490722656,-4.98141954283561],[137.43810653686523,-4.9809065036462385],[137.43870735168457,-4.980307957419285],[137.43947982788086,-4.978939849711708],[137.43939399719238,-4.976802175721431],[137.43887901306152,-4.976203625759453],[137.43759155273438,-4.975861596965302],[137.4368190765381,-4.976032611384596],[137.43518829345703,-4.976802175721431],[137.43450164794922,-4.976460147238399],[137.43252754211426,-4.973723912974904],[137.43330001831055,-4.974322465191989],[137.43484497070312,-4.9763746400898725],[137.43535995483398,-4.9763746400898725],[137.4367332458496,-4.975605075253043],[137.43759155273438,-4.975434060722648],[137.43844985961914,-4.975519567993388],[137.43922233581543,-4.975861596965302],[137.4396514892578,-4.976460147238399],[137.43999481201172,-4.977400725138921],[137.43982315063477,-4.979452890435596],[137.43913650512695,-4.980649983901401],[137.4375057220459,-4.981932581624562],[137.43475914001465,-4.981761568739401],[137.4316692352295,-4.980820997075739],[137.43029594421387,-4.980820997075739],[137.4294376373291,-4.981163023290975],[137.42883682250977,-4.981847075187545],[137.4287509918213,-4.9826166327202515],[137.42926597595215,-4.9837282142321015],[137.4316692352295,-4.985865865699708],[137.43218421936035,-4.986891935932945],[137.4323558807373,-4.988431038276389],[137.43209838867188,-4.990910695572026],[137.4323558807373,-4.9912527165326],[137.4375057220459,-4.992364283423015],[137.43922233581543,-4.992962818660672],[137.44248390197754,-4.9943308971525795],[137.44325637817383,-4.995356954148164],[137.44583129882812,-4.996212000417643],[137.4473762512207,-4.996383009537681],[137.4484920501709,-4.996040991252983],[137.4492645263672,-4.995100440049825],[137.44986534118652,-4.992877313660173],[137.4492645263672,-4.987832498904922],[137.4473762512207,-4.984241251218705],[137.4459171295166,-4.975690582501571],[137.44617462158203,-4.9682514103380555],[137.44677543640137,-4.963890477265551],[137.44677543640137,-4.961239699936328],[137.4477195739746,-4.958161364517068],[137.44900703430176,-4.954997504829166],[137.45089530944824,-4.951235057376763],[137.4520969390869,-4.94687401195722],[137.45183944702148,-4.941828845138602],[137.45278358459473,-4.939006955418662],[137.45407104492188,-4.937211201161347],[137.45673179626465,-4.93592851657219],[137.45990753173828,-4.935671979356741],[137.46454238891602,-4.9382373470466945],[137.4664306640625,-4.939006955418662],[137.4664306640625,-4.9408882165668615],[137.46102333068848,-4.938493883269942],[137.4572467803955,-4.9382373470466945],[137.45553016662598,-4.939092467404848],[137.45441436767578,-4.940289634053386],[137.45415687561035,-4.941914356760748],[137.45441436767578,-4.950721994701809],[137.4525260925293,-4.9561946427091215],[137.45115280151367,-4.959358496663327],[137.45046615600586,-4.963804968485675],[137.45003700256348,-4.969363016115224],[137.4502944946289,-4.971586222043584],[137.45235443115234,-4.9725268069082915],[137.45535850524902,-4.9745789874041435],[137.45716094970703,-4.974835509516325],[137.45810508728027,-4.9745789874041435],[137.4587059020996,-4.974151450328364],[137.4594783782959,-4.972868837435129],[137.4594783782959,-4.969790556299472],[137.45990753173828,-4.968422426733497],[137.46050834655762,-4.9678238691553105],[137.46376991271973,-4.967567344312542],[137.46471405029297,-4.967139802686091],[137.4649715423584,-4.96662675236837],[137.46514320373535,-4.963035388968038],[137.46522903442383,-4.962607844403692],[137.4657440185547,-4.962180299562334],[137.4664306640625,-4.9620092815482195],[137.4664306640625,-4.962864371175542],[137.46625900268555,-4.962949880077332],[137.46582984924316,-4.963377424420031],[137.4657440185547,-4.963975986034342],[137.46591567993164,-4.967310819369956],[137.46394157409668,-4.9683369185413255],[137.4616241455078,-4.968849967527987],[137.46068000793457,-4.969363016115224],[137.46033668518066,-4.970132588247125],[137.46042251586914,-4.971415206469317],[137.4609375,-4.972783329820075],[137.46050834655762,-4.973894927949601],[137.45896339416504,-4.975519567993388],[137.45776176452637,-4.975861596965302],[137.45501518249512,-4.975605075253043],[137.4528694152832,-4.9745789874041435],[137.45158195495605,-4.973296375343821],[137.45089530944824,-4.9730398526319135],[137.45020866394043,-4.973381882892241],[137.4507236480713,-4.97697318989627],[137.45149612426758,-4.9798804240664225],[137.4532985687256,-4.984412263458552],[137.4546718597412,-4.98877306052934],[137.45441436767578,-4.993390343496003],[137.4539852142334,-4.9948439258511],[137.45458602905273,-4.995527963491284],[137.45561599731445,-4.9956989727898105],[137.45810508728027,-4.995100440049825],[137.46068000793457,-4.994758421095895],[137.46248245239258,-4.995185944760408],[137.46342658996582,-4.995185944760408],[137.46402740478516,-4.9948439258511],[137.4646282196045,-4.9942453923304555],[137.46540069580078,-4.992877313660173],[137.46600151062012,-4.987832498904922],[137.46625900268555,-4.987062947482613],[137.4664306640625,-4.986720924338741],[137.4664306640625,-4.9937323631635735],[137.46557235717773,-4.995100440049825],[137.46402740478516,-4.996212000417643],[137.46153831481934,-4.99672502764389],[137.45853424072266,-4.996383009537681],[137.45535850524902,-4.9970670455715975],[137.45372772216797,-4.997152550025632],[137.45226860046387,-4.997580072128443],[137.44900703430176,-4.99920465357485],[137.44686126708984,-4.999546670208062],[137.4437713623047,-4.99886263676305],[137.43613243103027,-4.9982641069127],[137.43106842041016,-4.998948140982748],[137.42815017700195,-4.999632174338473],[137.42445945739746,-5.001000238906556],[137.42128372192383,-5.0026248118685],[137.42128372192383,-5.002881323020247],[137.42231369018555,-5.003223337732862],[137.42016792297363,-5.003565352266762],[137.41870880126953,-5.005531932367504],[137.41802215576172,-5.007070990931311],[137.41793632507324,-5.007840518855005],[137.41870880126953,-5.008182530974835],[137.41759300231934,-5.008268033976833],[137.4177646636963,-5.010918621491882],[137.41819381713867,-5.0128851794751625],[137.41862297058105,-5.013398193627623],[137.4210262298584,-5.013740202838733],[137.42334365844727,-5.015108237892022],[137.4246311187744,-5.016390768151211],[137.42523193359375,-5.016390768151211],[137.42557525634766,-5.017502292337511],[137.4268627166748,-5.019554332015005],[137.42780685424805,-5.021520863982062],[137.42883682250977,-5.024000395834875],[137.42986679077148,-5.02408589676503],[137.43141174316406,-5.024940905449583],[137.43330001831055,-5.024684402962009],[137.43630409240723,-5.023658392002119],[137.4396514892578,-5.023572891015888],[137.44068145751953,-5.023145385916493],[137.44128227233887,-5.022803381635114],[137.4452304840088,-5.018699316267046],[137.44548797607422,-5.018186306280413],[137.44540214538574,-5.0174167905442175],[137.4433422088623,-5.013569198255567],[137.44359970092773,-5.012030154992388],[137.4441146850586,-5.011431637188622],[137.4452304840088,-5.011175129390594],[137.4459171295166,-5.011431637188622],[137.44797706604004,-5.013825705113518],[137.4491786956787,-5.0146807272457465],[137.4506378173828,-5.0146807272457465],[137.4514102935791,-5.014082211870743],[137.45132446289062,-5.011346134600473],[137.45132446289062,-5.010918621491882],[137.45098114013672,-5.010747616170136],[137.4470329284668,-5.011175129390594],[137.44643211364746,-5.011175129390594],[137.44608879089355,-5.010747616170136],[137.4462604522705,-5.0080970279616395],[137.44600296020508,-5.007669512728],[137.44437217712402,-5.0067289782301],[137.4441146850586,-5.0058739456946455],[137.44505882263184,-5.004847905176803],[137.44462966918945,-5.004249380798285],[137.44394302368164,-5.00407837373244],[137.44462966918945,-5.004163877270955],[137.44548797607422,-5.004933408614761],[137.4452304840088,-5.005018912041535],[137.44462966918945,-5.00544642900779],[137.44428634643555,-5.0060449522911625],[137.44488716125488,-5.006814481422168],[137.44574546813965,-5.007156494078657],[137.44651794433594,-5.007840518855005],[137.4466896057129,-5.00886655467778],[137.44643211364746,-5.010576610803639],[137.4466037750244,-5.010747616170136],[137.4507236480713,-5.01023459993641],[137.45201110839844,-5.010576610803639],[137.45381355285645,-5.010149097191629],[137.4546718597412,-5.010405605392393],[137.45484352111816,-5.011089626768879],[137.45381355285645,-5.011773647429337],[137.45355606079102,-5.012714174668133],[137.45389938354492,-5.0132271889549],[137.45484352111816,-5.013056184237428],[137.4546718597412,-5.013398193627623],[137.45415687561035,-5.013569198255567],[137.45372772216797,-5.013483695947187],[137.4532985687256,-5.012543169816354],[137.4536418914795,-5.011602642331354],[137.45415687561035,-5.011089626768879],[137.45415687561035,-5.010491108103622],[137.4536418914795,-5.010405605392393],[137.4525260925293,-5.010747616170136],[137.45201110839844,-5.011175129390594],[137.45183944702148,-5.011773647429337],[137.45183944702148,-5.012372164919796],[137.45295524597168,-5.014424220723626],[137.4532985687256,-5.015450246207493],[137.45261192321777,-5.014253216319574],[137.45080947875977,-5.01536474414543],[137.44900703430176,-5.01536474414543],[137.44806289672852,-5.014766229397395],[137.4452304840088,-5.011859149961552],[137.44454383850098,-5.011859149961552],[137.44402885437012,-5.012286662454727],[137.44394302368164,-5.013141686601756],[137.44420051574707,-5.013996709629524],[137.44600296020508,-5.0174167905442175],[137.44600296020508,-5.0184428113241495],[137.44574546813965,-5.01921232585029],[137.4423122406006,-5.022717880536746],[137.44128227233887,-5.023487390018431],[137.43990898132324,-5.024171397683972],[137.43707656860352,-5.024171397683972],[137.43450164794922,-5.025197407836188],[137.4327850341797,-5.0255394108612705],[137.42952346801758,-5.025624911589475],[137.42918014526367,-5.026137915723169],[137.42918014526367,-5.027078422252373],[137.43081092834473,-5.030583934622328],[137.43261337280273,-5.036739910648919],[137.43372917175293,-5.0428103299248335],[137.43432998657227,-5.04759822622448],[137.43450164794922,-5.053668543937874],[137.43484497070312,-5.0540960289579715],[137.4357032775879,-5.0541815259281435],[137.43656158447266,-5.05324105863572],[137.43741989135742,-5.0514456172872],[137.43913650512695,-5.050163156136151],[137.4411106109619,-5.049650170965421],[137.44179725646973,-5.049222683013113],[137.44359970092773,-5.047085239024966],[137.44385719299316,-5.046486753446175],[137.44342803955078,-5.0451187843360685],[137.44214057922363,-5.044178303900225],[137.44179725646973,-5.043494317272845],[137.44205474853516,-5.041527851705368],[137.44214057922363,-5.043494317272845],[137.44256973266602,-5.044092805611214],[137.44402885437012,-5.04528978063253],[137.44428634643555,-5.046743247333254],[137.44205474853516,-5.049393678227844],[137.44136810302734,-5.049906663601519],[137.43905067443848,-5.050676140901018],[137.43802070617676,-5.051360119956058],[137.43724822998047,-5.052386087185354],[137.43630409240723,-5.054267022887032],[137.4357032775879,-5.054609010609738],[137.43432998657227,-5.05469450751221],[137.4316692352295,-5.071366187614899],[137.42960929870605,-5.0802575744026655],[137.42849349975586,-5.083762798956556],[137.42059707641602,-5.10513570612207],[137.41656303405762,-5.110863524346669],[137.41613388061523,-5.1124023324579895],[137.41639137268066,-5.11274428931398],[137.4181079864502,-5.113599180655044],[137.4166488647461,-5.113257224255591],[137.41570472717285,-5.113428202478133],[137.41536140441895,-5.113855647834782],[137.41544723510742,-5.1151379821923655],[137.41759300231934,-5.122319007100998],[137.41870880126953,-5.124114250726791],[137.4199104309082,-5.125311077008504],[137.42051124572754,-5.125396564514261],[137.42145538330078,-5.124969126871079],[137.42368698120117,-5.122746446516928],[137.42514610290527,-5.121806079424559],[137.4316692352295,-5.118728504724274],[137.4331283569336,-5.117446177561604],[137.4352741241455,-5.113513691572308],[137.4342441558838,-5.113342713372575],[137.43372917175293,-5.112915267673515],[137.43364334106445,-5.110607055968714],[137.4345874786377,-5.108640794993832],[137.4360466003418,-5.106674527986456],[137.43879318237305,-5.1007756907923465],[137.44162559509277,-5.0882084221675825],[137.44291305541992,-5.0817109625076],[137.4448013305664,-5.070767724488121],[137.4466896057129,-5.062303686615607],[137.45055198669434,-5.053668543937874],[137.45304107666016,-5.0494791758183055],[137.45819091796875,-5.042040843297102],[137.46265411376953,-5.037765900987907],[137.4664306640625,-5.034431426466341],[137.4664306640625,-5.050419648569331],[137.4642848968506,-5.0526425787389115],[137.4642848968506,-5.05324105863572],[137.46557235717773,-5.0553784823257075],[137.4664306640625,-5.056062456416896],[137.4664306640625,-5.056746429785676],[137.46625900268555,-5.056660933154092],[137.4638557434082,-5.053668543937874],[137.4631690979004,-5.0540960289579715],[137.4601650238037,-5.0596533085415984],[137.45810508728027,-5.062389182501732],[137.46334075927734,-5.062731165933158],[137.46514320373535,-5.063671619437159],[137.46617317199707,-5.0645265759811195],[137.4664306640625,-5.064612071573336],[137.4664306640625,-5.065039549364826],[137.46582984924316,-5.064783062723848],[137.4631690979004,-5.063158644968155],[137.46033668518066,-5.062816661762767],[137.45904922485352,-5.0629876533880775],[137.45827674865723,-5.063073149183765],[137.45707511901855,-5.063842610836403],[137.45424270629883,-5.068801341737981],[137.45295524597168,-5.07179366093726],[137.45312690734863,-5.072990584733901],[137.45518684387207,-5.0729050902506],[137.45595932006836,-5.073161573666525],[137.4532985687256,-5.073418056980515],[137.45269775390625,-5.073760034573951],[137.45192527770996,-5.0762393667058205],[137.45158195495605,-5.077949245382285],[137.45132446289062,-5.0864985707196695],[137.45020866394043,-5.090431222257294],[137.44977951049805,-5.09376540798776],[137.44909286499023,-5.095902697437069],[137.4488353729248,-5.097441541438428],[137.44892120361328,-5.0982109620566405],[137.44952201843262,-5.099322345766623],[137.45664596557617,-5.106332567891286],[137.45887756347656,-5.107871386883161],[137.4653148651123,-5.111547439519228],[137.4664306640625,-5.111974886131236],[137.4664306640625,-5.271477837928359],[137.1038818359375,-5.271477837928359]],[[137.43596076965332,-4.945334812595263],[137.4357032775879,-4.943539075484395],[137.4305534362793,-4.946702989982612],[137.43046760559082,-4.947216055773879],[137.43184089660645,-4.9496103575408625],[137.4334716796875,-4.948926272205725],[137.43578910827637,-4.946275434852794],[137.43596076965332,-4.945334812595263]],[[137.40008354187012,-4.977315218112622],[137.39888191223145,-4.97697318989627],[137.3946762084961,-4.976032611384596],[137.39038467407227,-4.974151450328364],[137.38935470581055,-4.974065942879875],[137.38557815551758,-4.977999274011836],[137.38308906555176,-4.979965930759249],[137.38120079040527,-4.982274607261402],[137.3807716369629,-4.983386189351805],[137.38102912902832,-4.987319464723612],[137.38231658935547,-4.992620798591744],[137.38489151000977,-4.994159887497176],[137.385835647583,-4.994074382652755],[137.38677978515625,-4.993475848429611],[137.38892555236816,-4.991167211309175],[137.38978385925293,-4.990568674433135],[137.39047050476074,-4.9903976637968555],[137.39158630371094,-4.990654179734577],[137.39235877990723,-4.991338221744897],[137.39270210266113,-4.992278778344456],[137.39253044128418,-4.993133828628245],[137.39201545715332,-4.993903372930475],[137.3917579650879,-4.994758421095895],[137.3921012878418,-4.99672502764389],[137.39270210266113,-4.997836585256238],[137.3939037322998,-4.9982641069127],[137.39501953125,-4.998093098283604],[137.39544868469238,-4.99766557651553],[137.39553451538086,-4.996896036630048],[137.3953628540039,-4.99321933359532],[137.39519119262695,-4.99202226304196],[137.39450454711914,-4.990226653115968],[137.39459037780762,-4.989542609946838],[137.39553451538086,-4.988858566064735],[137.39768028259277,-4.989371599043167],[137.39699363708496,-4.989542609946838],[137.39587783813477,-4.989200588094903],[137.39501953125,-4.989884631620541],[137.39519119262695,-4.990996200828889],[137.3957920074463,-4.99244978849039],[137.39596366882324,-4.9970670455715975],[137.3957920074463,-4.998093098283604],[137.3953628540039,-4.998520619772677],[137.3939037322998,-4.998691628290189],[137.39304542541504,-4.998520619772677],[137.3924446105957,-4.998093098283604],[137.3916721343994,-4.996981541106408],[137.39115715026855,-4.9943308971525795],[137.3902130126953,-4.994587411552018],[137.38909721374512,-4.995527963491284],[137.3880672454834,-4.998349611210514],[137.38798141479492,-5.000145198886429],[137.38823890686035,-5.001085742847167],[137.3887538909912,-5.001513262382701],[137.39012718200684,-5.001855277810137],[137.39141464233398,-5.001684270118744],[137.39038467407227,-5.002111789263438],[137.3888397216797,-5.001940781639064],[137.38832473754883,-5.001769773970025],[137.3877239227295,-5.000401711009701],[137.38763809204102,-4.999375661913788],[137.38789558410645,-4.997836585256238],[137.38866806030273,-4.995527963491284],[137.3891830444336,-4.9948439258511],[137.3913288116455,-4.993475848429611],[137.39184379577637,-4.992791808648491],[137.39192962646484,-4.992364283423015],[137.3917579650879,-4.99176574763915],[137.3913288116455,-4.991338221744897],[137.39089965820312,-4.9912527165326],[137.3902130126953,-4.9912527165326],[137.38944053649902,-4.991509232136025],[137.38652229309082,-4.9946729163295345],[137.38540649414062,-4.995185944760408],[137.38463401794434,-4.995185944760408],[137.3836898803711,-4.994758421095895],[137.38248825073242,-4.9936468582634035],[137.38214492797852,-4.9937323631635735],[137.38154411315918,-4.994758421095895],[137.3806858062744,-4.998948140982748],[137.38017082214355,-5.000059694823008],[137.37939834594727,-5.001085742847167],[137.37690925598145,-5.003308841383088],[137.37424850463867,-5.004847905176803],[137.37244606018066,-5.005531932367504],[137.36523628234863,-5.007498506556274],[137.3583698272705,-5.0103201026699935],[137.3572540283203,-5.011089626768879],[137.35699653625488,-5.011688144885952],[137.35742568969727,-5.012714174668133],[137.3594856262207,-5.016476270078897],[137.36077308654785,-5.0198108365208896],[137.3613739013672,-5.022888882722299],[137.3613739013672,-5.024684402962009],[137.36077308654785,-5.026821920606352],[137.3576831817627,-5.031011434839527],[137.3562240600586,-5.032464933477499],[137.35193252563477,-5.03502992315245],[137.35090255737305,-5.0358849174628375],[137.34987258911133,-5.037423904388191],[137.35459327697754,-5.037252906020839],[137.35957145690918,-5.036141415536704],[137.36291885375977,-5.034944423659596],[137.36729621887207,-5.032806932685176],[137.36738204956055,-5.032122934090054],[137.3667812347412,-5.031096934849273],[137.36309051513672,-5.028446429325072],[137.36266136169434,-5.027505924771276],[137.3628330230713,-5.025881413706827],[137.363862991333,-5.025026406256345],[137.36987113952637,-5.022803381635114],[137.3737335205078,-5.022204873710976],[137.37622261047363,-5.022546878306343],[137.37733840942383,-5.023230886958814],[137.37896919250488,-5.026736420035235],[137.37939834594727,-5.026821920606352],[137.3814582824707,-5.02408589676503],[137.3818016052246,-5.022974383798228],[137.38154411315918,-5.022119372534107],[137.38025665283203,-5.021862868936225],[137.37751007080078,-5.022546878306343],[137.37656593322754,-5.022204873710976],[137.37587928771973,-5.021093357537126],[137.37605094909668,-5.0192978274082805],[137.37656593322754,-5.018699316267046],[137.37802505493164,-5.018613814630612],[137.38008499145508,-5.019554332015005],[137.38094329833984,-5.019554332015005],[137.38137245178223,-5.0192978274082805],[137.3814582824707,-5.018699316267046],[137.38094329833984,-5.018186306280413],[137.37845420837402,-5.016390768151211],[137.37828254699707,-5.015193739987694],[137.37862586975098,-5.0145952250829],[137.3785400390625,-5.015706752326537],[137.3788833618164,-5.016219764262232],[137.37939834594727,-5.016903779549338],[137.38128662109375,-5.0178442993985755],[137.3818016052246,-5.01852831298298],[137.3818016052246,-5.019126824281102],[137.3814582824707,-5.019639833528174],[137.38008499145508,-5.020067340925891],[137.3770809173584,-5.019126824281102],[137.37622261047363,-5.019896338000422],[137.37605094909668,-5.0207513521793885],[137.37648010253906,-5.021520863982062],[137.3770809173584,-5.021948370146731],[137.37793922424316,-5.022119372534107],[137.38051414489746,-5.021264360148734],[137.3818874359131,-5.021862868936225],[137.382230758667,-5.022803381635114],[137.38205909729004,-5.023487390018431],[137.38042831420898,-5.026821920606352],[137.3807716369629,-5.026907421166257],[137.38274574279785,-5.025453910121826],[137.38351821899414,-5.025368409371183],[137.3847198486328,-5.025881413706827],[137.38635063171387,-5.027249423293597],[137.38712310791016,-5.027676925700263],[137.38789558410645,-5.027249423293597],[137.38815307617188,-5.023401889009776],[137.38909721374512,-5.021520863982062],[137.38969802856445,-5.021093357537126],[137.39047050476074,-5.020922354880682],[137.39124298095703,-5.02100785621451],[137.39227294921875,-5.021606365237417],[137.39295959472656,-5.021691866481561],[137.39347457885742,-5.021264360148734],[137.3928737640381,-5.0192978274082805],[137.3927879333496,-5.018271807972866],[137.39364624023438,-5.017160285097191],[137.39441871643066,-5.0170747832590905],[137.39622116088867,-5.0178442993985755],[137.3964786529541,-5.017502292337511],[137.39587783813477,-5.0166472739006736],[137.39596366882324,-5.0155357482583725],[137.3961353302002,-5.016390768151211],[137.396821975708,-5.017502292337511],[137.396821975708,-5.0178442993985755],[137.3961353302002,-5.018100804576761],[137.3939037322998,-5.017502292337511],[137.39338874816895,-5.0178442993985755],[137.39313125610352,-5.01852831298298],[137.39373207092285,-5.02032384523001],[137.39381790161133,-5.021093357537126],[137.39364624023438,-5.021691866481561],[137.3928737640381,-5.022204873710976],[137.39107131958008,-5.021520863982062],[137.38978385925293,-5.021862868936225],[137.3887538909912,-5.023230886958814],[137.38815307617188,-5.027505924771276],[137.38746643066406,-5.028018927423545],[137.38677978515625,-5.0281044278262925],[137.38600730895996,-5.027847926584343],[137.384033203125,-5.026308917011306],[137.3833465576172,-5.026052415062281],[137.38283157348633,-5.026137915723169],[137.38085746765137,-5.027676925700263],[137.37939834594727,-5.027847926584343],[137.3785400390625,-5.027334923797383],[137.37751007080078,-5.0251119070518655],[137.3767375946045,-5.024171397683972],[137.37605094909668,-5.023487390018431],[137.37545013427734,-5.023316387989894],[137.37098693847656,-5.023658392002119],[137.3667812347412,-5.024940905449583],[137.36403465270996,-5.026137915723169],[137.36369132995605,-5.026650919452891],[137.36369132995605,-5.027420424289929],[137.36446380615234,-5.028189928217827],[137.36712455749512,-5.029728933345595],[137.3678970336914,-5.03049843454518],[137.36841201782227,-5.0316954346029945],[137.3683261871338,-5.032464933477499],[137.36772537231445,-5.033661929917827],[137.36557960510254,-5.035286421563612],[137.36326217651367,-5.036141415536704],[137.36085891723633,-5.036996408385477],[137.35167503356934,-5.039133885587162],[137.34867095947266,-5.040672864818774],[137.34652519226074,-5.042382837466448],[137.34498023986816,-5.043921808999414],[137.341890335083,-5.048025715247533],[137.34034538269043,-5.0494791758183055],[137.33914375305176,-5.050248653625147],[137.33854293823242,-5.051360119956058],[137.338285446167,-5.052300589978287],[137.33871459960938,-5.053754040964449],[137.3404312133789,-5.056917423015008],[137.3422336578369,-5.058798345556724],[137.34472274780273,-5.060593766520313],[137.34678268432617,-5.062731165933158],[137.3503017425537,-5.065552522341463],[137.35227584838867,-5.067433419772485],[137.35888481140137,-5.0754699198224955],[137.3606014251709,-5.0771798005389],[137.36188888549805,-5.077949245382285],[137.36326217651367,-5.077949245382285],[137.36412048339844,-5.077521776138198],[137.36480712890625,-5.076581342803777],[137.36523628234863,-5.074614977764639],[137.3654079437256,-5.072990584733901],[137.36506462097168,-5.067775400535396],[137.36549377441406,-5.066663962394202],[137.37330436706543,-5.057002919612728],[137.37433433532715,-5.055549475916223],[137.3751926422119,-5.053839537979769],[137.3756217956543,-5.052300589978287],[137.37587928771973,-5.050077658635885],[137.37725257873535,-5.050248653625147],[137.3788833618164,-5.050077658635885],[137.3818874359131,-5.048025715247533],[137.38308906555176,-5.04759822622448],[137.38532066345215,-5.047683724051623],[137.38789558410645,-5.04870969709836],[137.3887538909912,-5.048795194779018],[137.38909721374512,-5.048453203988842],[137.38935470581055,-5.046657749382163],[137.3898696899414,-5.04614476143901],[137.39184379577637,-5.045717271176571],[137.39270210266113,-5.045375278763856],[137.3928737640381,-5.0448622898069],[137.3927879333496,-5.044092805611214],[137.39227294921875,-5.043323320503404],[137.3921012878418,-5.0424683359806295],[137.39218711853027,-5.041784347551882],[137.39270210266113,-5.041185857085779],[137.39364624023438,-5.040843862286124],[137.39398956298828,-5.0410148597084685],[137.3946762084961,-5.0424683359806295],[137.39501953125,-5.0428103299248335],[137.3957061767578,-5.0428103299248335],[137.39888191223145,-5.041955344726603],[137.39948272705078,-5.041527851705368],[137.3998260498047,-5.040929361002924],[137.39965438842773,-5.040159872146646],[137.39879608154297,-5.039646879069423],[137.39768028259277,-5.039475881287018],[137.39596366882324,-5.0399033756586675],[137.39510536193848,-5.03973237794375],[137.39493370056152,-5.039219384529005],[137.39553451538086,-5.037594902710538],[137.39733695983887,-5.0373384052101216],[137.39965438842773,-5.037680401854843],[137.40214347839355,-5.038791889707326],[137.40300178527832,-5.038791889707326],[137.40411758422852,-5.038193396484502],[137.40514755249023,-5.03810789740767],[137.40686416625977,-5.039390382378912],[137.40806579589844,-5.041100358402758],[137.40978240966797,-5.0430668252647735],[137.41021156311035,-5.044691293397804],[137.41021156311035,-5.046914243201641],[137.41064071655273,-5.047512728386067],[137.41132736206055,-5.047683724051623],[137.4136447906494,-5.04759822622448],[137.41450309753418,-5.048025715247533],[137.41579055786133,-5.050334151102874],[137.41647720336914,-5.0505906434683965],[137.41750717163086,-5.0505906434683965],[137.4199104309082,-5.049393678227844],[137.42274284362793,-5.04870969709836],[137.42746353149414,-5.048795194779018],[137.427978515625,-5.048624199406461],[137.42712020874023,-5.042553834483584],[137.42669105529785,-5.041869846144877],[137.42634773254395,-5.0399033756586675],[137.42591857910156,-5.039133885587162],[137.4250602722168,-5.035286421563612],[137.4247169494629,-5.034345926894801],[137.42411613464355,-5.03357643024512],[137.42342948913574,-5.030840434786342],[137.42197036743164,-5.0279334270095575],[137.42162704467773,-5.026736420035235],[137.42119789123535,-5.025881413706827],[137.4203395843506,-5.024940905449583],[137.41905212402344,-5.021862868936225],[137.41793632507324,-5.019981839468755],[137.41536140441895,-5.0145952250829],[137.41433143615723,-5.0106621134924865],[137.41424560546875,-5.007840518855005],[137.4148464202881,-5.005018912041535],[137.41536140441895,-5.003565352266762],[137.4184513092041,-4.998093098283604],[137.42051124572754,-4.995356954148164],[137.4224853515625,-4.993903372930475],[137.42918014526367,-4.991423726946039],[137.42995262145996,-4.990825190304022],[137.43029594421387,-4.990226653115968],[137.4302101135254,-4.98877306052934],[137.429780960083,-4.988260027083086],[137.42857933044434,-4.988431038276389],[137.42669105529785,-4.988345532685301],[137.4254035949707,-4.988089015845233],[137.42480278015137,-4.987746993235874],[137.42703437805176,-4.988089015845233],[137.42840766906738,-4.9880035102095945],[137.42926597595215,-4.987490476161923],[137.42935180664062,-4.986806430141414],[137.42815017700195,-4.985010805947411],[137.42016792297363,-4.9798804240664225],[137.4163055419922,-4.978768836048147],[137.404203414917,-4.977315218112622],[137.4011993408203,-4.977229711075211],[137.4008560180664,-4.9774862321541065],[137.40111351013184,-4.978341301694684],[137.4023151397705,-4.980992010205597],[137.40145683288574,-4.980136944111507],[137.40008354187012,-4.977315218112622]],[[137.4265193939209,-5.0596533085415984],[137.42712020874023,-5.058114374355696],[137.42823600769043,-5.0526425787389115],[137.42840766906738,-5.050676140901018],[137.4283218383789,-5.049992161124337],[137.42780685424805,-5.0494791758183055],[137.4257469177246,-5.04913718538883],[137.42265701293945,-5.049308180626127],[137.42016792297363,-5.0498211660674315],[137.41742134094238,-5.051189125259967],[137.41596221923828,-5.051018130518756],[137.41536140441895,-5.0505906434683965],[137.41390228271484,-5.048367706263122],[137.41338729858398,-5.0481112130183305],[137.4111557006836,-5.048196710777859],[137.40995407104492,-5.047683724051623],[137.40978240966797,-5.0471707369197105],[137.40961074829102,-5.043921808999414],[137.40540504455566,-5.0386208916998925],[137.4048900604248,-5.0384498936474955],[137.4034309387207,-5.039219384529005],[137.40171432495117,-5.039390382378912],[137.3997402191162,-5.038278895550079],[137.39750862121582,-5.03785140010973],[137.39596366882324,-5.03785140010973],[137.39562034606934,-5.038193396484502],[137.3953628540039,-5.039048386634079],[137.39553451538086,-5.039390382378912],[137.39604949951172,-5.039475881287018],[137.39810943603516,-5.03896288766974],[137.39913940429688,-5.039304883459579],[137.3998260498047,-5.0399033756586675],[137.4001693725586,-5.040416368533343],[137.4001693725586,-5.041185857085779],[137.39922523498535,-5.042126341856317],[137.39630699157715,-5.043152323688915],[137.39510536193848,-5.043152323688915],[137.39416122436523,-5.042553834483584],[137.3935604095459,-5.041442353067367],[137.39304542541504,-5.041442353067367],[137.39270210266113,-5.041784347551882],[137.39253044128418,-5.0424683359806295],[137.393217086792,-5.04426380217798],[137.39313125610352,-5.045460776883942],[137.39218711853027,-5.045973765367833],[137.3902130126953,-5.046401255461291],[137.38978385925293,-5.046828745273089],[137.38944053649902,-5.048880692448378],[137.3888397216797,-5.049308180626127],[137.3848056793213,-5.048025715247533],[137.3836898803711,-5.048025715247533],[137.38274574279785,-5.048196710777859],[137.3799991607666,-5.050077658635885],[137.37648010253906,-5.0514456172872],[137.3751926422119,-5.055463979126614],[137.36592292785645,-5.067091438828584],[137.36549377441406,-5.0693998066870165],[137.36652374267578,-5.072050144794801],[137.36660957336426,-5.073161573666525],[137.36557960510254,-5.076581342803777],[137.3653221130371,-5.0817109625076],[137.3672103881836,-5.084446742987041],[137.3701286315918,-5.0875244821335315],[137.37133026123047,-5.088379407062519],[137.37313270568848,-5.088892361474677],[137.3738193511963,-5.089747284586153],[137.374849319458,-5.09051671441506],[137.37579345703125,-5.091799095417699],[137.3814582824707,-5.094278358103821],[137.38248825073242,-5.0951332740541915],[137.3891830444336,-5.097099576423361],[137.3898696899414,-5.09701408514114],[137.39227294921875,-5.095731714542708],[137.39313125610352,-5.095475240115874],[137.39004135131836,-5.097270558953653],[137.38815307617188,-5.097441541438428],[137.3873805999756,-5.097270558953653],[137.38712310791016,-5.0976125238777],[137.3873805999756,-5.098296453179543],[137.3916721343994,-5.102570994810321],[137.3935604095459,-5.104879235452344],[137.39493370056152,-5.10701648789923],[137.3961353302002,-5.107956876718845],[137.3982810974121,-5.107956876718845],[137.39948272705078,-5.108298835947551],[137.40257263183594,-5.108640794993832],[137.40471839904785,-5.108469815493493],[137.4074649810791,-5.108555305249368],[137.4093532562256,-5.108298835947551],[137.41106986999512,-5.106930997938136],[137.41244316101074,-5.104964725686983],[137.41647720336914,-5.0976125238777],[137.41888046264648,-5.092568522791765],[137.42076873779297,-5.087182511843949],[137.42162704467773,-5.0840192780531055],[137.42274284362793,-5.081198002374279],[137.4242877960205,-5.074700472021405],[137.42497444152832,-5.069827281311106],[137.42403030395508,-5.06854485659008],[137.4224853515625,-5.0671769340815445],[137.42128372192383,-5.066492971741255],[137.41690635681152,-5.064697567154241],[137.41561889648438,-5.063073149183765],[137.4140739440918,-5.0617907110616045],[137.41235733032227,-5.061277735100788],[137.41192817687988,-5.060764758733228],[137.41467475891113,-5.061619719119861],[137.41724967956543,-5.0643555847627795],[137.42042541503906,-5.065552522341463],[137.42291450500488,-5.067005943564325],[137.4239444732666,-5.067860895697834],[137.4247169494629,-5.06820287623448],[137.4250602722168,-5.0679463908489595],[137.42600440979004,-5.063329636503042],[137.42591857910156,-5.062218190718184],[137.42548942565918,-5.061106743023458],[137.42609024047852,-5.061021246967854],[137.42634773254395,-5.060679262632405],[137.4265193939209,-5.0596533085415984]],[[137.4011993408203,-4.955425054320969],[137.4012851715088,-4.954997504829166],[137.39913940429688,-4.9549119948976],[137.3961353302002,-4.955767093715252],[137.39604949951172,-4.957135249521727],[137.3964786529541,-4.95730626879832],[137.39810943603516,-4.956707701136551],[137.4011993408203,-4.955425054320969]],[[137.37313270568848,-4.923785646355768],[137.37287521362305,-4.925837978032547],[137.37296104431152,-4.9267786279338],[137.3738193511963,-4.92865992374243],[137.37399101257324,-4.927291709137052],[137.37399101257324,-4.923529104450822],[137.37347602844238,-4.923101534389346],[137.37313270568848,-4.923785646355768]],[[137.36918449401855,-4.932508012212011],[137.36849784851074,-4.9355009544913315],[137.36695289611816,-4.940546169482488],[137.36600875854492,-4.945505834923296],[137.3664379119873,-4.945163790223063],[137.36712455749512,-4.94388112102375],[137.36952781677246,-4.941657821861213],[137.37072944641113,-4.940033098524992],[137.3715877532959,-4.937895298594654],[137.37201690673828,-4.934731342051478],[137.3715877532959,-4.93302108898979],[137.37055778503418,-4.93054121422422],[137.36918449401855,-4.932508012212011]],[[137.36781120300293,-4.944308677699539],[137.36660957336426,-4.946018901642361],[137.36635208129883,-4.94678850097543],[137.36652374267578,-4.947045033887662],[137.3675537109375,-4.947387077615957],[137.36806869506836,-4.947130544836298],[137.3697853088379,-4.942683960863334],[137.36927032470703,-4.942854983875847],[137.36781120300293,-4.944308677699539]],[[137.36858367919922,-4.952090160950547],[137.3686695098877,-4.949439336273386],[137.36849784851074,-4.948755250761437],[137.36695289611816,-4.948327696957307],[137.36600875854492,-4.948413207740231],[137.3653221130371,-4.949011782911285],[137.36369132995605,-4.955852603536144],[137.36163139343262,-4.962607844403692],[137.36180305480957,-4.963719459694715],[137.3649787902832,-4.960726645029894],[137.36626625061035,-4.958930949717356],[137.36729621887207,-4.956793210835727],[137.36815452575684,-4.954398935075929],[137.36858367919922,-4.952090160950547]],[[137.18499183654785,-5.028189928217827],[137.1837043762207,-5.0279334270095575],[137.18276023864746,-5.027163922778598],[137.18198776245117,-5.025453910121826],[137.18130111694336,-5.025368409371183],[137.18070030212402,-5.025624911589475],[137.18035697937012,-5.026650919452891],[137.18087196350098,-5.029386932520467],[137.18318939208984,-5.034003928496219],[137.18524932861328,-5.036226914872188],[137.18825340270996,-5.038791889707326],[137.19022750854492,-5.0399033756586675],[137.1906566619873,-5.040416368533343],[137.19134330749512,-5.040587366068223],[137.19297409057617,-5.041784347551882],[137.19494819641113,-5.0428103299248335],[137.19554901123047,-5.0428103299248335],[137.195463180542,-5.042040843297102],[137.19366073608398,-5.040245370953471],[137.19348907470703,-5.039646879069423],[137.19314575195312,-5.039304883459579],[137.19237327575684,-5.03785140010973],[137.19228744506836,-5.036226914872188],[137.19194412231445,-5.035200922104465],[137.19228744506836,-5.034431426466341],[137.19194412231445,-5.034260427312006],[137.19125747680664,-5.032721432900104],[137.19022750854492,-5.031182434847793],[137.18576431274414,-5.028617430007088],[137.1855926513672,-5.028788430644212],[137.18524932861328,-5.028617430007088],[137.18499183654785,-5.028189928217827]],[[137.15143203735352,-4.976716668617357],[137.15048789978027,-4.976631161502141],[137.15014457702637,-4.97697318989627],[137.1507453918457,-4.978768836048147],[137.15143203735352,-4.9796239039212935],[137.15744018554688,-4.982531126372223],[137.1576976776123,-4.9821891008688794],[137.15675354003906,-4.980649983901401],[137.15469360351562,-4.978683329199683],[137.15357780456543,-4.977229711075211],[137.1529769897461,-4.97697318989627],[137.15160369873047,-4.977144204026672],[137.15143203735352,-4.976716668617357]]]}},{"type":"Feature","id":"pmtiles:10/902/526:water:72987753:0","properties":{"intermittent":0,"class":"river","id":7298775,"water":"river","kind":"waterway","verification":"verified","source":"OpenMapTiles/OpenStreetMap national PMTiles","sourceId":"10/902/526:water:72987753:0","sourceLayer":"water","archive":"https://its.hanifahseptiani45.workers.dev/v1/map/archive/indonesia.pmtiles","updatedAt":"2026-07-26T09:44:25.422Z"},"geometry":{"type":"Polygon","coordinates":[[[137.29459762573242,-5.0106621134924865],[137.28618621826172,-5.016903779549338],[137.2844696044922,-5.013740202838733],[137.28343963623047,-5.009123063381864],[137.2836971282959,-5.001598766256308],[137.28352546691895,-5.000658223032488],[137.28618621826172,-4.989457104500573],[137.2877311706543,-4.985352829981906],[137.29167938232422,-4.976545654375826],[137.29562759399414,-4.971329698665542],[137.2976016998291,-4.969534032222228],[137.29785919189453,-4.968849967527987],[137.30146408081055,-4.965686159082324],[137.30146408081055,-4.965429633407837],[137.30429649353027,-4.962607844403692],[137.3082447052002,-4.959871552633047],[137.3118495941162,-4.958930949717356],[137.31820106506348,-4.958588911961272],[137.32240676879883,-4.959358496663327],[137.3298740386963,-4.9591874779181495],[137.33270645141602,-4.960299098969912],[137.33510971069336,-4.961667245387062],[137.3367404937744,-4.963548442079542],[137.3378562927246,-4.966370227059798],[137.33957290649414,-4.9678238691553105],[137.34257698059082,-4.969277508045096],[137.34549522399902,-4.969961572295489],[137.3463535308838,-4.969705048284808],[137.3466968536377,-4.96867895124349],[137.34746932983398,-4.968764459391281],[137.34755516052246,-4.9694485241742825],[137.3481559753418,-4.970047080276856],[137.35064506530762,-4.9694485241742825],[137.3532199859619,-4.967310819369956],[137.35485076904297,-4.964318020998675],[137.3554515838623,-4.962522335457592],[137.35759735107422,-4.960042571201015],[137.35922813415527,-4.95628015247469],[137.36017227172852,-4.953201793943322],[137.3624038696289,-4.947472588520398],[137.36309051513672,-4.943197029768427],[137.3649787902832,-4.939006955418662],[137.36592292785645,-4.936270566038459],[137.3667812347412,-4.931225318532867],[137.36806869506836,-4.928317870355201],[137.36849784851074,-4.926693114361427],[137.3690128326416,-4.923101534389346],[137.3693561553955,-4.917457583828963],[137.36858367919922,-4.911728069940139],[137.3682403564453,-4.910359820532264],[137.37879753112793,-4.910359820532264],[137.3788833618164,-4.916858980205333],[137.37836837768555,-4.91874030406764],[137.37802505493164,-4.921562279892555],[137.3770809173584,-4.932593525035841],[137.3777675628662,-4.934731342051478],[137.37699508666992,-4.937211201161347],[137.37665176391602,-4.9373822255858215],[137.3759651184082,-4.9414012868624155],[137.3752784729004,-4.950037910516144],[137.37399101257324,-4.955083014749647],[137.37141609191895,-4.961154190812962],[137.36961364746094,-4.96440352971203],[137.36781120300293,-4.966797769185305],[137.3653221130371,-4.9691919999638685],[137.3627471923828,-4.971158683024655],[137.35922813415527,-4.9730398526319135],[137.35347747802734,-4.974835509516325],[137.35004425048828,-4.975263046147816],[137.34729766845703,-4.9753485534407815],[137.3408603668213,-4.973809420467816],[137.33819961547852,-4.972783329820075],[137.3342514038086,-4.970645635835666],[137.32807159423828,-4.9683369185413255],[137.3257541656494,-4.967139802686091],[137.3250675201416,-4.966883277577139],[137.3247241973877,-4.967139802686091],[137.32403755187988,-4.966883277577139],[137.32386589050293,-4.966455735507068],[137.32309341430664,-4.966284718601415],[137.31751441955566,-4.965087599019938],[137.31639862060547,-4.965173107633547],[137.31322288513184,-4.96662675236837],[137.3118495941162,-4.9683369185413255],[137.31090545654297,-4.969106491871543],[137.30875968933105,-4.969705048284808],[137.30867385864258,-4.970047080276856],[137.3097038269043,-4.972184776203832],[137.3085880279541,-4.974750002156711],[137.30721473693848,-4.972697822193922],[137.3060131072998,-4.971671729814062],[137.30472564697266,-4.971757237573442],[137.30318069458008,-4.973723912974904],[137.3008632659912,-4.977828260103706],[137.29931831359863,-4.982702139057139],[137.29888916015625,-4.982873151697575],[137.29674339294434,-4.988431038276389],[137.29185104370117,-4.999119149388633],[137.2917652130127,-5.00023070293868],[137.2909927368164,-5.001085742847167],[137.29056358337402,-5.0026248118685],[137.29004859924316,-5.005788442379625],[137.29039192199707,-5.0080970279616395],[137.29116439819336,-5.008781051754042],[137.29459762573242,-5.0106621134924865]],[[137.36369132995605,-4.955852603536144],[137.36163139343262,-4.962607844403692],[137.36180305480957,-4.963719459694715],[137.3649787902832,-4.960726645029894],[137.36626625061035,-4.958930949717356],[137.36729621887207,-4.956793210835727],[137.36815452575684,-4.954398935075929],[137.36858367919922,-4.952090160950547],[137.36875534057617,-4.950294442168669],[137.36849784851074,-4.948755250761437],[137.36695289611816,-4.948327696957307],[137.36600875854492,-4.948413207740231],[137.3653221130371,-4.949011782911285],[137.36369132995605,-4.955852603536144]],[[137.36798286437988,-4.943026006844221],[137.36952781677246,-4.941657821861213],[137.37072944641113,-4.940033098524992],[137.3715877532959,-4.937895298594654],[137.37201690673828,-4.934731342051478],[137.3715877532959,-4.93302108898979],[137.37055778503418,-4.93054121422422],[137.36918449401855,-4.932508012212011],[137.36849784851074,-4.9355009544913315],[137.36695289611816,-4.940546169482488],[137.36600875854492,-4.945505834923296],[137.3664379119873,-4.945163790223063],[137.36712455749512,-4.94388112102375],[137.36798286437988,-4.943026006844221]]]}},{"type":"Feature","id":"pmtiles:10/902/526:water:73000383:0","properties":{"intermittent":0,"class":"river","id":7300038,"water":"river","kind":"waterway","verification":"verified","source":"OpenMapTiles/OpenStreetMap national PMTiles","sourceId":"10/902/526:water:73000383:0","sourceLayer":"water","archive":"https://its.hanifahseptiani45.workers.dev/v1/map/archive/indonesia.pmtiles","updatedAt":"2026-07-26T09:44:25.422Z"},"geometry":{"type":"Polygon","coordinates":[[[137.1976089477539,-4.932593525035841],[137.1987247467041,-4.9292585167463585],[137.20035552978516,-4.929344029988613],[137.20232963562012,-4.929686082847525],[137.20438957214355,-4.927975816791886],[137.20670700073242,-4.926607600778041],[137.21031188964844,-4.923871160302113],[137.21134185791016,-4.922588449952812],[137.21168518066406,-4.921733308345836],[137.21142768859863,-4.920279565091761],[137.20962524414062,-4.91771412807438],[137.2056770324707,-4.913438377751248],[137.2049045562744,-4.912070131853412],[137.2045612335205,-4.910359820532264],[137.2071361541748,-4.910359820532264],[137.2079086303711,-4.911300492301777],[137.21091270446777,-4.9141224996468935],[137.2130584716797,-4.917286554277112],[137.2140884399414,-4.921134708567024],[137.2137451171875,-4.923101534389346],[137.21185684204102,-4.926864141495187],[137.20722198486328,-4.93148185746692],[137.20541954040527,-4.9336196780626835],[137.20524787902832,-4.934474804373195],[137.20550537109375,-4.93532992958184],[137.20808029174805,-4.938664907363616],[137.21091270446777,-4.941315775174061],[137.2137451171875,-4.9436245868857895],[137.21674919128418,-4.945591346070756],[137.21906661987305,-4.947130544836298],[137.22043991088867,-4.947558099413811],[137.22095489501953,-4.947472588520398],[137.22043991088867,-4.945762368332524],[137.21735000610352,-4.940802704812299],[137.2188949584961,-4.938579395322293],[137.221040725708,-4.936783639907205],[137.22121238708496,-4.93592851657219],[137.22043991088867,-4.934132753981203],[137.2203540802002,-4.9322514736744125],[137.2218132019043,-4.930455701136097],[137.22301483154297,-4.92977159603474],[137.22370147705078,-4.928146843595556],[137.22344398498535,-4.9272061956306885],[137.22241401672363,-4.926693114361427],[137.22129821777344,-4.925239381947847],[137.22112655639648,-4.923871160302113],[137.2213840484619,-4.922502935841564],[137.22344398498535,-4.9205361082497205],[137.22430229187012,-4.920878165639806],[137.22498893737793,-4.920963679959868],[137.22567558288574,-4.920792651308773],[137.22576141357422,-4.921049194268946],[137.22516059875488,-4.921391251395306],[137.2239589691162,-4.921305737130197],[137.2229290008545,-4.921733308345836],[137.22189903259277,-4.922844992220547],[137.22155570983887,-4.923700132398466],[137.22172737121582,-4.924811812985979],[137.2224998474121,-4.926180032696109],[137.22533226013184,-4.927548249590146],[137.22739219665527,-4.929001976953572],[137.2280788421631,-4.9298571092109285],[137.2287654876709,-4.931396344499916],[137.2291088104248,-4.931652883367917],[137.23108291625977,-4.931310831521898],[137.2316837310791,-4.931652883367917],[137.2324562072754,-4.9315673704229255],[137.23374366760254,-4.931139805532823],[137.2346019744873,-4.93037018803696],[137.23520278930664,-4.930199161805646],[137.23614692687988,-4.93037018803696],[137.23657608032227,-4.930712240367441],[137.2353744506836,-4.93054121422422],[137.23382949829102,-4.93148185746692],[137.23185539245605,-4.932080447927618],[137.23108291625977,-4.931823909224832],[137.22885131835938,-4.931909422136769],[137.22825050354004,-4.9315673704229255],[137.2279930114746,-4.93054121422422],[137.22679138183594,-4.929001976953572],[137.22464561462402,-4.92789030337353],[137.22370147705078,-4.9298571092109285],[137.22155570983887,-4.93148185746692],[137.22112655639648,-4.932080447927618],[137.221040725708,-4.9334486526683605],[137.22189903259277,-4.935244417110567],[137.22198486328125,-4.93601402895527],[137.22164154052734,-4.937211201161347],[137.2199249267578,-4.9389214434214495],[137.21932411193848,-4.940118610378818],[137.21906661987305,-4.941059240042833],[137.21906661987305,-4.941999868371838],[137.2195816040039,-4.942598449340522],[137.22164154052734,-4.943966632380977],[137.22378730773926,-4.9463609459008495],[137.22576141357422,-4.950037910516144],[137.22601890563965,-4.9518336299945105],[137.22739219665527,-4.954484445073874],[137.22902297973633,-4.9566221914263195],[137.2294521331787,-4.9566221914263195],[137.22310066223145,-4.961752754443978],[137.2239589691162,-4.959529515364181],[137.2239589691162,-4.957049739866832],[137.22344398498535,-4.956109132932468],[137.22155570983887,-4.9538003647806335],[137.2155475616455,-4.948755250761437],[137.2104835510254,-4.945334812595263],[137.20842361450195,-4.94422316638645],[137.20619201660156,-4.942598449340522],[137.20335960388184,-4.940118610378818],[137.20267295837402,-4.938835931413195],[137.20224380493164,-4.9373822255858215],[137.20147132873535,-4.933363139954693],[137.20035552978516,-4.932850063441265],[137.199068069458,-4.932508012212011],[137.1976089477539,-4.932593525035841]]]}},{"type":"Feature","id":"pmtiles:10/902/526:water:73000393:0","properties":{"intermittent":0,"class":"river","id":7300039,"water":"river","kind":"waterway","verification":"verified","source":"OpenMapTiles/OpenStreetMap national PMTiles","sourceId":"10/902/526:water:73000393:0","sourceLayer":"water","archive":"https://its.hanifahseptiani45.workers.dev/v1/map/archive/indonesia.pmtiles","updatedAt":"2026-07-26T09:44:25.422Z"},"geometry":{"type":"Polygon","coordinates":[[[137.261381149292,-4.925666950634778],[137.2599220275879,-4.923272562446925],[137.2569179534912,-4.921647794124695],[137.2558879852295,-4.920621622613737],[137.2547721862793,-4.919851992942114],[137.2536563873291,-4.918569274845254],[137.25236892700195,-4.918569274845254],[137.24867820739746,-4.91771412807438],[137.24472999572754,-4.915832801313158],[137.24387168884277,-4.914293530011079],[137.2418975830078,-4.912070131853412],[137.2397518157959,-4.910359820532264],[137.24078178405762,-4.910359820532264],[137.24146842956543,-4.91078739877382],[137.2444725036621,-4.913694923544426],[137.24584579467773,-4.915576256343115],[137.24902153015137,-4.917115524681336],[137.25228309631348,-4.917457583828963],[137.25305557250977,-4.917201039484723],[137.25460052490234,-4.917286554277112],[137.25786209106445,-4.918825818662356],[137.26181030273438,-4.921305737130197],[137.2624111175537,-4.9219898509433335],[137.26292610168457,-4.921733308345836],[137.261381149292,-4.925666950634778]]]}},{"type":"Feature","id":"pmtiles:10/902/526:water:73000403:0","properties":{"intermittent":0,"class":"river","id":7300040,"water":"river","kind":"waterway","verification":"verified","source":"OpenMapTiles/OpenStreetMap national PMTiles","sourceId":"10/902/526:water:73000403:0","sourceLayer":"water","archive":"https://its.hanifahseptiani45.workers.dev/v1/map/archive/indonesia.pmtiles","updatedAt":"2026-07-26T09:44:25.422Z"},"geometry":{"type":"Polygon","coordinates":[[[137.2708225250244,-4.910359820532264],[137.2748565673828,-4.910359820532264],[137.27434158325195,-4.911557038917692],[137.27391242980957,-4.914635590607759],[137.2748565673828,-4.915576256343115],[137.27408409118652,-4.9183127309293155],[137.2727108001709,-4.9205361082497205],[137.2701358795166,-4.923700132398466],[137.26438522338867,-4.932593525035841],[137.26215362548828,-4.936527103022442],[137.25605964660645,-4.9501234210780325],[137.25305557250977,-4.955083014749647],[137.25090980529785,-4.957904835917674],[137.2408676147461,-4.953201793943322],[137.2437858581543,-4.949268314961714],[137.25193977355957,-4.935158904628267],[137.25391387939453,-4.932679037848658],[137.25966453552246,-4.927633763052498],[137.261381149292,-4.925666950634778],[137.26292610168457,-4.921733308345836],[137.2686767578125,-4.915319711274279],[137.27065086364746,-4.9108729143892305],[137.2708225250244,-4.910359820532264]]]}},{"type":"Feature","id":"pmtiles:10/902/526:water:73012593:0","properties":{"intermittent":0,"class":"river","id":7301259,"water":"river","kind":"waterway","verification":"verified","source":"OpenMapTiles/OpenStreetMap national PMTiles","sourceId":"10/902/526:water:73012593:0","sourceLayer":"water","archive":"https://its.hanifahseptiani45.workers.dev/v1/map/archive/indonesia.pmtiles","updatedAt":"2026-07-26T09:44:25.422Z"},"geometry":{"type":"Polygon","coordinates":[[[137.45441436767578,-4.950721994701809],[137.45089530944824,-4.951235057376763],[137.4520969390869,-4.94687401195722],[137.45183944702148,-4.941828845138602],[137.45278358459473,-4.939006955418662],[137.45407104492188,-4.937211201161347],[137.45673179626465,-4.93592851657219],[137.45990753173828,-4.935671979356741],[137.46454238891602,-4.9382373470466945],[137.4664306640625,-4.939006955418662],[137.4664306640625,-4.9408882165668615],[137.46102333068848,-4.938493883269942],[137.4572467803955,-4.9382373470466945],[137.45553016662598,-4.939092467404848],[137.45441436767578,-4.940289634053386],[137.45415687561035,-4.941914356760748],[137.45441436767578,-4.950721994701809]]]}},{"type":"Feature","id":"pmtiles:10/902/526:water:73012603:0","properties":{"intermittent":0,"class":"river","id":7301260,"water":"river","kind":"waterway","verification":"verified","source":"OpenMapTiles/OpenStreetMap national PMTiles","sourceId":"10/902/526:water:73012603:0","sourceLayer":"water","archive":"https://its.hanifahseptiani45.workers.dev/v1/map/archive/indonesia.pmtiles","updatedAt":"2026-07-26T09:44:25.422Z"},"geometry":{"type":"Polygon","coordinates":[[[137.45089530944824,-4.951235057376763],[137.45441436767578,-4.950721994701809],[137.4525260925293,-4.9561946427091215],[137.45115280151367,-4.959358496663327],[137.45046615600586,-4.963804968485675],[137.45003700256348,-4.969363016115224],[137.4502944946289,-4.971586222043584],[137.45020866394043,-4.973381882892241],[137.4507236480713,-4.97697318989627],[137.45149612426758,-4.9798804240664225],[137.4532985687256,-4.984412263458552],[137.4546718597412,-4.98877306052934],[137.45441436767578,-4.993390343496003],[137.4539852142334,-4.9948439258511],[137.45372772216797,-4.997152550025632],[137.45226860046387,-4.997580072128443],[137.44900703430176,-4.99920465357485],[137.44686126708984,-4.999546670208062],[137.4437713623047,-4.99886263676305],[137.43613243103027,-4.9982641069127],[137.43596076965332,-4.99202226304196],[137.4375057220459,-4.992364283423015],[137.44050979614258,-4.993475848429611],[137.44248390197754,-4.9943308971525795],[137.44325637817383,-4.995356954148164],[137.44583129882812,-4.996212000417643],[137.4473762512207,-4.996383009537681],[137.4484920501709,-4.996040991252983],[137.4492645263672,-4.995100440049825],[137.44969367980957,-4.994159887497176],[137.44986534118652,-4.991509232136025],[137.4492645263672,-4.987832498904922],[137.4473762512207,-4.984241251218705],[137.4459171295166,-4.975690582501571],[137.44617462158203,-4.9682514103380555],[137.44677543640137,-4.963890477265551],[137.44677543640137,-4.961239699936328],[137.4477195739746,-4.958161364517068],[137.44900703430176,-4.954997504829166],[137.45089530944824,-4.951235057376763]]]}},{"type":"Feature","id":"pmtiles:10/902/526:water:73012633:0","properties":{"intermittent":0,"class":"river","id":7301263,"water":"river","kind":"waterway","verification":"verified","source":"OpenMapTiles/OpenStreetMap national PMTiles","sourceId":"10/902/526:water:73012633:0","sourceLayer":"water","archive":"https://its.hanifahseptiani45.workers.dev/v1/map/archive/indonesia.pmtiles","updatedAt":"2026-07-26T09:44:25.422Z"},"geometry":{"type":"Polygon","coordinates":[[[137.45089530944824,-4.9730398526319135],[137.45020866394043,-4.973381882892241],[137.4502944946289,-4.971586222043584],[137.45235443115234,-4.9725268069082915],[137.45535850524902,-4.9745789874041435],[137.45716094970703,-4.974835509516325],[137.45810508728027,-4.9745789874041435],[137.4587059020996,-4.974151450328364],[137.4594783782959,-4.972868837435129],[137.4594783782959,-4.969790556299472],[137.45990753173828,-4.968422426733497],[137.46050834655762,-4.9678238691553105],[137.46376991271973,-4.967567344312542],[137.46471405029297,-4.967139802686091],[137.4649715423584,-4.96662675236837],[137.46514320373535,-4.963035388968038],[137.46522903442383,-4.962607844403692],[137.4657440185547,-4.962180299562334],[137.4664306640625,-4.9620092815482195],[137.4664306640625,-4.962864371175542],[137.46625900268555,-4.962949880077332],[137.46582984924316,-4.963377424420031],[137.4657440185547,-4.963975986034342],[137.46591567993164,-4.967310819369956],[137.46394157409668,-4.9683369185413255],[137.4616241455078,-4.968849967527987],[137.46068000793457,-4.969363016115224],[137.46033668518066,-4.970132588247125],[137.46042251586914,-4.971415206469317],[137.4609375,-4.972783329820075],[137.46050834655762,-4.973894927949601],[137.45896339416504,-4.975519567993388],[137.45776176452637,-4.975861596965302],[137.45501518249512,-4.975605075253043],[137.4528694152832,-4.9745789874041435],[137.45158195495605,-4.973296375343821],[137.45089530944824,-4.9730398526319135]]]}},{"type":"Feature","id":"pmtiles:10/902/526:water:73012663:0","properties":{"intermittent":0,"class":"river","id":7301266,"water":"river","kind":"waterway","verification":"verified","source":"OpenMapTiles/OpenStreetMap national PMTiles","sourceId":"10/902/526:water:73012663:0","sourceLayer":"water","archive":"https://its.hanifahseptiani45.workers.dev/v1/map/archive/indonesia.pmtiles","updatedAt":"2026-07-26T09:44:25.422Z"},"geometry":{"type":"Polygon","coordinates":[[[137.45372772216797,-4.997152550025632],[137.4539852142334,-4.9948439258511],[137.45458602905273,-4.995527963491284],[137.45561599731445,-4.9956989727898105],[137.459135055542,-4.994929430595164],[137.46068000793457,-4.994758421095895],[137.46248245239258,-4.995185944760408],[137.46342658996582,-4.995185944760408],[137.46402740478516,-4.9948439258511],[137.4646282196045,-4.9942453923304555],[137.46540069580078,-4.992877313660173],[137.46600151062012,-4.987832498904922],[137.46625900268555,-4.987062947482613],[137.4664306640625,-4.986720924338741],[137.4664306640625,-4.9937323631635735],[137.46557235717773,-4.995100440049825],[137.46488571166992,-4.9956989727898105],[137.46402740478516,-4.996212000417643],[137.46248245239258,-4.996639523134078],[137.45853424072266,-4.996383009537681],[137.45535850524902,-4.9970670455715975],[137.45372772216797,-4.997152550025632]]]}},{"type":"Feature","id":"pmtiles:10/902/526:water:73020083:0","properties":{"intermittent":0,"class":"lake","id":7302008,"water":"lake","kind":"waterway","verification":"verified","source":"OpenMapTiles/OpenStreetMap national PMTiles","sourceId":"10/902/526:water:73020083:0","sourceLayer":"water","archive":"https://its.hanifahseptiani45.workers.dev/v1/map/archive/indonesia.pmtiles","updatedAt":"2026-07-26T09:44:25.422Z"},"geometry":{"type":"Polygon","coordinates":[[[137.35759735107422,-4.960042571201015],[137.3554515838623,-4.962522335457592],[137.3557949066162,-4.961068681678498],[137.3557949066162,-4.9591019685289695],[137.35553741455078,-4.95756279763016],[137.35502243041992,-4.956023623144759],[137.3539924621582,-4.9540568949735615],[137.35107421875,-4.9518336299945105],[137.34798431396484,-4.950893015637689],[137.34652519226074,-4.949695868158031],[137.3463535308838,-4.948840761489095],[137.3463535308838,-4.947729121167484],[137.34686851501465,-4.946446456937849],[137.34841346740723,-4.943966632380977],[137.34832763671875,-4.943368052648495],[137.34764099121094,-4.9427694723751046],[137.34549522399902,-4.942512937806683],[137.34583854675293,-4.940717193046737],[137.3462677001953,-4.940118610378818],[137.3489284515381,-4.939349003297252],[137.34910011291504,-4.939947586660125],[137.34712600708008,-4.940460657683829],[137.34661102294922,-4.941059240042833],[137.3470401763916,-4.941572310205984],[137.34841346740723,-4.942256403138913],[137.3489284515381,-4.9427694723751046],[137.34901428222656,-4.9436245868857895],[137.3488426208496,-4.944907256581942],[137.34729766845703,-4.947643610296154],[137.3470401763916,-4.948327696957307],[137.34712600708008,-4.949097293605817],[137.34798431396484,-4.949952399943186],[137.34978675842285,-4.9503799526974035],[137.35193252563477,-4.951320567783895],[137.35467910766602,-4.953372814237866],[137.35562324523926,-4.9547409750013],[137.35716819763184,-4.959871552633047],[137.35759735107422,-4.960042571201015]]]}},{"type":"Feature","id":"pmtiles:10/902/526:water:73038703:0","properties":{"intermittent":0,"class":"river","id":7303870,"water":"river","kind":"waterway","verification":"verified","source":"OpenMapTiles/OpenStreetMap national PMTiles","sourceId":"10/902/526:water:73038703:0","sourceLayer":"water","archive":"https://its.hanifahseptiani45.workers.dev/v1/map/archive/indonesia.pmtiles","updatedAt":"2026-07-26T09:44:25.422Z"},"geometry":{"type":"Polygon","coordinates":[[[137.30429649353027,-4.962607844403692],[137.3019790649414,-4.96483107311262],[137.30206489562988,-4.963120897847659],[137.30112075805664,-4.961581736319076],[137.29957580566406,-4.959957061922566],[137.29571342468262,-4.957477288030617],[137.29476928710938,-4.956451171972645],[137.2939968109131,-4.955425054320969],[137.2939109802246,-4.9538003647806335],[137.29408264160156,-4.953116283779465],[137.29554176330566,-4.951149546958575],[137.29991912841797,-4.948755250761437],[137.3009490966797,-4.947472588520398],[137.3012924194336,-4.945591346070756],[137.3005199432373,-4.943710098276142],[137.3001766204834,-4.9420853799719],[137.3005199432373,-4.940289634053386],[137.30103492736816,-4.939520027170374],[137.30215072631836,-4.938579395322293],[137.30360984802246,-4.938408371206549],[137.3049831390381,-4.938835931413195],[137.30575561523438,-4.938664907363616],[137.30592727661133,-4.938408371206549],[137.30592727661133,-4.937125688932568],[137.30515480041504,-4.935244417110567],[137.30506896972656,-4.934047241355657],[137.3060131072998,-4.930712240367441],[137.30755805969238,-4.928061330199213],[137.30987548828125,-4.926265546334491],[137.3108196258545,-4.925752464339155],[137.31133460998535,-4.925153868177475],[137.31124877929688,-4.923443590460522],[137.3108196258545,-4.922417421719345],[137.30867385864258,-4.919766478479218],[137.3056697845459,-4.916944495041648],[137.3074722290039,-4.916516920750269],[137.30721473693848,-4.917030009866977],[137.30721473693848,-4.91771412807438],[137.30798721313477,-4.918569274845254],[137.30987548828125,-4.919766478479218],[137.3119354248047,-4.922673964053047],[137.31236457824707,-4.92421321597746],[137.3118495941162,-4.925666950634778],[137.3085880279541,-4.928317870355201],[137.3078155517578,-4.929344029988613],[137.30618476867676,-4.933363139954693],[137.30609893798828,-4.9349878796306115],[137.30712890625,-4.936185053688433],[137.3074722290039,-4.937211201161347],[137.30755805969238,-4.938664907363616],[137.30704307556152,-4.93926349134415],[137.3060131072998,-4.939776562897308],[137.30403900146484,-4.939520027170374],[137.30292320251465,-4.939776562897308],[137.30180740356445,-4.940717193046737],[137.30172157287598,-4.942854983875847],[137.3024082183838,-4.944308677699539],[137.30257987976074,-4.945762368332524],[137.3024082183838,-4.947558099413811],[137.30112075805664,-4.949439336273386],[137.29957580566406,-4.950550973721718],[137.29571342468262,-4.952774243013437],[137.29485511779785,-4.953971384920322],[137.2950267791748,-4.954997504829166],[137.29605674743652,-4.956109132932468],[137.30043411254883,-4.958588911961272],[137.30180740356445,-4.959871552633047],[137.30369567871094,-4.962351317532125],[137.30429649353027,-4.962607844403692]]]}},{"type":"Feature","id":"pmtiles:10/902/526:water:73083373:0","properties":{"intermittent":0,"class":"river","id":7308337,"water":"river","kind":"waterway","verification":"verified","source":"OpenMapTiles/OpenStreetMap national PMTiles","sourceId":"10/902/526:water:73083373:0","sourceLayer":"water","archive":"https://its.hanifahseptiani45.workers.dev/v1/map/archive/indonesia.pmtiles","updatedAt":"2026-07-26T09:44:25.422Z"},"geometry":{"type":"Polygon","coordinates":[[[137.37699508666992,-4.937211201161347],[137.3777675628662,-4.934731342051478],[137.37939834594727,-4.936270566038459],[137.3796558380127,-4.938408371206549],[137.38008499145508,-4.9396055390903655],[137.3818874359131,-4.941657821861213],[137.38265991210938,-4.941999868371838],[137.38351821899414,-4.941999868371838],[137.3851490020752,-4.940973728310354],[137.38763809204102,-4.940631681270133],[137.38832473754883,-4.93986207478423],[137.38858222961426,-4.9379808107241985],[137.38909721374512,-4.937296713379098],[137.39012718200684,-4.936612615328386],[137.3909854888916,-4.936612615328386],[137.3917579650879,-4.937125688932568],[137.39201545715332,-4.937638762139855],[137.39218711853027,-4.940375145874114],[137.3924446105957,-4.940717193046737],[137.393217086792,-4.941059240042833],[137.39407539367676,-4.940460657683829],[137.39476203918457,-4.939092467404848],[137.39510536193848,-4.937638762139855],[137.39553451538086,-4.937724274302482],[137.39484786987305,-4.939947586660125],[137.39381790161133,-4.9414012868624155],[137.3927879333496,-4.9414012868624155],[137.39227294921875,-4.941144751764284],[137.39192962646484,-4.940631681270133],[137.39150047302246,-4.9379808107241985],[137.39124298095703,-4.9373822255858215],[137.39047050476074,-4.937211201161347],[137.38935470581055,-4.937895298594654],[137.38858222961426,-4.940631681270133],[137.38780975341797,-4.9414012868624155],[137.3851490020752,-4.941572310205984],[137.38377571105957,-4.942598449340522],[137.38317489624023,-4.942683960863334],[137.3818874359131,-4.942512937806683],[137.3811149597168,-4.941999868371838],[137.37759590148926,-4.9373822255858215],[137.37699508666992,-4.937211201161347]]]}},{"type":"Feature","id":"pmtiles:10/902/526:water:73083403:0","properties":{"intermittent":0,"class":"lake","id":7308340,"water":"lake","kind":"waterway","verification":"verified","source":"OpenMapTiles/OpenStreetMap national PMTiles","sourceId":"10/902/526:water:73083403:0","sourceLayer":"water","archive":"https://its.hanifahseptiani45.workers.dev/v1/map/archive/indonesia.pmtiles","updatedAt":"2026-07-26T09:44:25.422Z"},"geometry":{"type":"Polygon","coordinates":[[[137.4664306640625,-4.926180032696109],[137.46514320373535,-4.926094519046714],[137.46394157409668,-4.925495923192997],[137.46282577514648,-4.924384243749174],[137.46196746826172,-4.922673964053047],[137.46085166931152,-4.921305737130197],[137.45973587036133,-4.920450593874719],[137.4576759338379,-4.920279565091761],[137.45450019836426,-4.921134708567024],[137.45304107666016,-4.921220222854103],[137.45201110839844,-4.921733308345836],[137.4506378173828,-4.921904336755162],[137.44729042053223,-4.92147676564943],[137.44471549987793,-4.920450593874719],[137.44342803955078,-4.920279565091761],[137.44025230407715,-4.920279565091761],[137.43793487548828,-4.920878165639806],[137.4368190765381,-4.92147676564943],[137.4356174468994,-4.922673964053047],[137.43535995483398,-4.923956674237445],[137.4356174468994,-4.925581436919387],[137.43647575378418,-4.92780478994419],[137.4381923675537,-4.930626727301345],[137.43922233581543,-4.933277627229984],[137.43947982788086,-4.934560316943646],[137.43947982788086,-4.939092467404848],[137.43896484375,-4.942598449340522],[137.437162399292,-4.946617478978737],[137.4345874786377,-4.950208931628879],[137.4334716796875,-4.950893015637689],[137.43184089660645,-4.950893015637689],[137.43063926696777,-4.950037910516144],[137.42969512939453,-4.948413207740231],[137.42918014526367,-4.948242186163341],[137.42712020874023,-4.949182804289293],[137.42600440979004,-4.9506364842172985],[137.42119789123535,-4.954655465036552],[137.41896629333496,-4.955596074040244],[137.41604804992676,-4.957391778419989],[137.4114990234375,-4.958674421416902],[137.40540504455566,-4.959786043332443],[137.4019718170166,-4.960128080468394],[137.39931106567383,-4.960042571201015],[137.3928737640381,-4.961496227240005],[137.39072799682617,-4.959786043332443],[137.39338874816895,-4.9585034024945855],[137.3943328857422,-4.957648307218648],[137.39493370056152,-4.956109132932468],[137.39604949951172,-4.955083014749647],[137.3987102508545,-4.9543134250669425],[137.40883827209473,-4.9542279150468715],[137.41124153137207,-4.953971384920322],[137.41827964782715,-4.9514915885650055],[137.42789268493652,-4.946018901642361],[137.42960929870605,-4.944650722841445],[137.43209838867188,-4.9420853799719],[137.43330001831055,-4.940546169482488],[137.4352741241455,-4.935671979356741],[137.4356174468994,-4.933363139954693],[137.43613243103027,-4.932165960806529],[137.4360466003418,-4.930883266466637],[137.43587493896484,-4.929686082847525],[137.43450164794922,-4.926265546334491],[137.4342441558838,-4.924384243749174],[137.43432998657227,-4.923187048423628],[137.4356174468994,-4.920365079488732],[137.4363899230957,-4.919595449520472],[137.4375057220459,-4.918996847818832],[137.43844985961914,-4.918654789461954],[137.43947982788086,-4.9184837602175975],[137.44385719299316,-4.9184837602175975],[137.44608879089355,-4.918911333246086],[137.44874954223633,-4.920108536264877],[137.45003700256348,-4.920279565091761],[137.4525260925293,-4.920108536264877],[137.45827674865723,-4.9183127309293155],[137.45999336242676,-4.9184837602175975],[137.46119499206543,-4.919082362380593],[137.4620532989502,-4.920194050683804],[137.46248245239258,-4.921391251395306],[137.4638557434082,-4.923443590460522],[137.4649715423584,-4.924384243749174],[137.46582984924316,-4.924811812985979],[137.4664306640625,-4.924897326800348],[137.4664306640625,-4.926180032696109]],[[137.4308967590332,-4.947985653715122],[137.43184089660645,-4.9496103575408625],[137.4334716796875,-4.948926272205725],[137.43578910827637,-4.946275434852794],[137.43596076965332,-4.945334812595263],[137.4357032775879,-4.943539075484395],[137.4305534362793,-4.946702989982612],[137.43046760559082,-4.947216055773879],[137.4308967590332,-4.947985653715122]]]}},{"type":"Feature","id":"pmtiles:10/902/526:water:73083553:0","properties":{"intermittent":0,"class":"river","id":7308355,"water":"river","kind":"waterway","verification":"verified","source":"OpenMapTiles/OpenStreetMap national PMTiles","sourceId":"10/902/526:water:73083553:0","sourceLayer":"water","archive":"https://its.hanifahseptiani45.workers.dev/v1/map/archive/indonesia.pmtiles","updatedAt":"2026-07-26T09:44:25.422Z"},"geometry":{"type":"Polygon","coordinates":[[[137.16628074645996,-4.910359820532264],[137.16713905334473,-4.910359820532264],[137.16585159301758,-4.911386007851391],[137.164306640625,-4.913780438786873],[137.16370582580566,-4.914293530011079],[137.16233253479004,-4.914721105729484],[137.16164588928223,-4.915405226308195],[137.16198921203613,-4.917030009866977],[137.1620750427246,-4.919167876931368],[137.16233253479004,-4.919766478479218],[137.1631908416748,-4.920365079488732],[137.16404914855957,-4.9219898509433335],[137.16490745544434,-4.922673964053047],[137.16413497924805,-4.922417421719345],[137.16379165649414,-4.922160879286707],[137.16301918029785,-4.920621622613737],[137.1620750427246,-4.919766478479218],[137.16113090515137,-4.915234196229363],[137.16121673583984,-4.914806620840238],[137.16156005859375,-4.914464560331368],[137.16224670410156,-4.9141224996468935],[137.1635341644287,-4.913865954018334],[137.16404914855957,-4.913438377751248],[137.1654224395752,-4.911129461169651],[137.166109085083,-4.910445336202514],[137.16628074645996,-4.910359820532264]]]}},{"type":"Feature","id":"pmtiles:10/902/526:water:73083553:1","properties":{"intermittent":0,"class":"river","id":7308355,"water":"river","kind":"waterway","verification":"verified","source":"OpenMapTiles/OpenStreetMap national PMTiles","sourceId":"10/902/526:water:73083553:1","sourceLayer":"water","archive":"https://its.hanifahseptiani45.workers.dev/v1/map/archive/indonesia.pmtiles","updatedAt":"2026-07-26T09:44:25.422Z"},"geometry":{"type":"Polygon","coordinates":[[[137.16997146606445,-4.911642554434394],[137.1690273284912,-4.910359820532264],[137.1697998046875,-4.910359820532264],[137.1701431274414,-4.910958429993656],[137.17220306396484,-4.912070131853412],[137.1723747253418,-4.912839770516527],[137.17211723327637,-4.914208014834486],[137.17228889465332,-4.914379045176716],[137.17537879943848,-4.914550075475049],[137.17649459838867,-4.915576256343115],[137.17683792114258,-4.916260376043695],[137.17666625976562,-4.917201039484723],[137.17632293701172,-4.917457583828963],[137.1749496459961,-4.917543098588425],[137.1746063232422,-4.917885157516409],[137.17469215393066,-4.918227216268704],[137.17537879943848,-4.918825818662356],[137.17700958251953,-4.921220222854103],[137.1775245666504,-4.921049194268946],[137.17735290527344,-4.91874030406764],[137.17761039733887,-4.918141701597108],[137.17803955078125,-4.91797067222096],[137.17846870422363,-4.9180561869145265],[137.17881202697754,-4.9183127309293155],[137.17915534973145,-4.920194050683804],[137.1800136566162,-4.921220222854103],[137.18138694763184,-4.921391251395306],[137.1822452545166,-4.921134708567024],[137.18327522277832,-4.920194050683804],[137.18421936035156,-4.915918316281221],[137.18439102172852,-4.915918316281221],[137.18353271484375,-4.920194050683804],[137.18318939208984,-4.92070713696674],[137.18267440795898,-4.921220222854103],[137.1819019317627,-4.921562279892555],[137.17992782592773,-4.921562279892555],[137.1796703338623,-4.921904336755162],[137.17958450317383,-4.923187048423628],[137.18061447143555,-4.923871160302113],[137.18130111694336,-4.924811812985979],[137.18052864074707,-4.927719276503851],[137.18061447143555,-4.929087490228838],[137.1807861328125,-4.92960056964931],[137.1819019317627,-4.93028467492681],[137.18327522277832,-4.92960056964931],[137.184476852417,-4.927719276503851],[137.18567848205566,-4.9245552714768905],[137.18610763549805,-4.924042188161778],[137.18688011169434,-4.923785646355768],[137.18782424926758,-4.923871160302113],[137.18833923339844,-4.92421321597746],[137.18894004821777,-4.925239381947847],[137.18911170959473,-4.926351059961888],[137.18911170959473,-4.926949655045561],[137.1877384185791,-4.9301136486734976],[137.1877384185791,-4.931310831521898],[137.18825340270996,-4.9315673704229255],[137.1891975402832,-4.931225318532867],[137.19202995300293,-4.928916463667306],[137.1928882598877,-4.928574410412125],[137.19477653503418,-4.928830950370013],[137.19572067260742,-4.92789030337353],[137.19606399536133,-4.92780478994419],[137.19717979431152,-4.927633763052498],[137.1976089477539,-4.927975816791886],[137.19915390014648,-4.926265546334491],[137.19923973083496,-4.924726299160611],[137.19898223876953,-4.923272562446925],[137.19855308532715,-4.9227594781422965],[137.1979522705078,-4.9227594781422965],[137.19572067260742,-4.924897326800348],[137.1943473815918,-4.925410409455623],[137.19202995300293,-4.925153868177475],[137.1910858154297,-4.9245552714768905],[137.19048500061035,-4.923529104450822],[137.1903133392334,-4.9227594781422965],[137.19125747680664,-4.92147676564943],[137.1946907043457,-4.920365079488732],[137.19537734985352,-4.920023021834936],[137.19563484191895,-4.919680964005323],[137.19520568847656,-4.918996847818832],[137.19202995300293,-4.919167876931368],[137.1903133392334,-4.918825818662356],[137.1896266937256,-4.917628613336888],[137.18971252441406,-4.917030009866977],[137.1903133392334,-4.916345890956862],[137.1910858154297,-4.916089346184421],[137.19340324401855,-4.915832801313158],[137.19554901123047,-4.915234196229363],[137.19606399536133,-4.914635590607759],[137.19632148742676,-4.913780438786873],[137.1961498260498,-4.913181831859347],[137.19340324401855,-4.911557038917692],[137.19263076782227,-4.910359820532264],[137.19331741333008,-4.910359820532264],[137.19383239746094,-4.911043945587139],[137.1946907043457,-4.911386007851391],[137.195463180542,-4.911300492301777],[137.1961498260498,-4.911386007851391],[137.19709396362305,-4.911899100918717],[137.19752311706543,-4.912839770516527],[137.19812393188477,-4.913352862464933],[137.19915390014648,-4.913352862464933],[137.19966888427734,-4.913096316540106],[137.199068069458,-4.913523893026621],[137.1980381011963,-4.913438377751248],[137.19666481018066,-4.912155647304303],[137.1969223022461,-4.913951469238839],[137.19666481018066,-4.915063166106634],[137.19606399536133,-4.915747286334124],[137.19494819641113,-4.916431405859058],[137.1909999847412,-4.916773465358034],[137.19057083129883,-4.917030009866977],[137.1903133392334,-4.917543098588425],[137.19039916992188,-4.91797067222096],[137.1909999847412,-4.918398245578942],[137.1924591064453,-4.918569274845254],[137.19537734985352,-4.918141701597108],[137.19632148742676,-4.9184837602175975],[137.19666481018066,-4.919167876931368],[137.19666481018066,-4.920023021834936],[137.19563484191895,-4.921049194268946],[137.1914291381836,-4.922331907586113],[137.1910858154297,-4.922930506287813],[137.19117164611816,-4.923529104450822],[137.1917724609375,-4.924127702075111],[137.19297409057617,-4.9245552714768905],[137.19451904296875,-4.924640785324243],[137.1976089477539,-4.9219898509433335],[137.1983814239502,-4.921647794124695],[137.19889640808105,-4.921733308345836],[137.19923973083496,-4.92207536512052],[137.20001220703125,-4.923187048423628],[137.20035552978516,-4.924640785324243],[137.20009803771973,-4.926265546334491],[137.19855308532715,-4.928488897070835],[137.1987247467041,-4.9292585167463585],[137.1976089477539,-4.932593525035841],[137.1969223022461,-4.932679037848658],[137.19640731811523,-4.9309687794997075],[137.1951198577881,-4.93054121422422],[137.1946907043457,-4.930028135530307],[137.19314575195312,-4.929344029988613],[137.1925449371338,-4.929515056440096],[137.1891975402832,-4.931994935037707],[137.18799591064453,-4.932165960806529],[137.18748092651367,-4.931909422136769],[137.18713760375977,-4.931396344499916],[137.18722343444824,-4.929515056440096],[137.18868255615234,-4.926436573578272],[137.18833923339844,-4.925068354396089],[137.18791007995605,-4.924640785324243],[137.1869659423828,-4.924384243749174],[137.18585014343262,-4.925068354396089],[137.18542098999023,-4.925752464339155],[137.18507766723633,-4.9272061956306885],[137.18439102172852,-4.92865992374243],[137.18361854553223,-4.92977159603474],[137.18241691589355,-4.93054121422422],[137.1814727783203,-4.930626727301345],[137.18095779418945,-4.93037018803696],[137.18018531799316,-4.929087490228838],[137.1800994873047,-4.928403383718518],[137.18087196350098,-4.925752464339155],[137.18087196350098,-4.924726299160611],[137.18070030212402,-4.924384243749174],[137.1796703338623,-4.924042188161778],[137.1793270111084,-4.923443590460522],[137.17924118041992,-4.920792651308773],[137.17872619628906,-4.919766478479218],[137.17846870422363,-4.918569274845254],[137.1782112121582,-4.918398245578942],[137.17795372009277,-4.9184837602175975],[137.17778205871582,-4.918996847818832],[137.17803955078125,-4.9205361082497205],[137.1778678894043,-4.921305737130197],[137.177095413208,-4.921733308345836],[137.1767520904541,-4.921562279892555],[137.17589378356934,-4.920194050683804],[137.17391967773438,-4.9183127309293155],[137.17366218566895,-4.917799642800887],[137.17409133911133,-4.917115524681336],[137.1759796142578,-4.916773465358034],[137.17623710632324,-4.916687950499764],[137.17623710632324,-4.916345890956862],[137.17520713806152,-4.915405226308195],[137.17177391052246,-4.914977651028821],[137.17151641845703,-4.914208014834486],[137.17168807983398,-4.912412193591166],[137.16997146606445,-4.911642554434394]]]}},{"type":"Feature","id":"pmtiles:10/902/526:water:73083563:0","properties":{"intermittent":0,"class":"river","id":7308356,"water":"river","kind":"waterway","verification":"verified","source":"OpenMapTiles/OpenStreetMap national PMTiles","sourceId":"10/902/526:water:73083563:0","sourceLayer":"water","archive":"https://its.hanifahseptiani45.workers.dev/v1/map/archive/indonesia.pmtiles","updatedAt":"2026-07-26T09:44:25.422Z"},"geometry":{"type":"Polygon","coordinates":[[[137.36309051513672,-4.943197029768427],[137.36266136169434,-4.945591346070756],[137.36223220825195,-4.944736234099324],[137.3609447479248,-4.943539075484395],[137.35854148864746,-4.941828845138602],[137.35699653625488,-4.940204122221601],[137.35613822937012,-4.938493883269942],[137.3543357849121,-4.930883266466637],[137.35227584838867,-4.9245552714768905],[137.35098838806152,-4.9227594781422965],[137.35047340393066,-4.922588449952812],[137.3503875732422,-4.92207536512052],[137.34832763671875,-4.920023021834936],[137.34515190124512,-4.915747286334124],[137.34283447265625,-4.914293530011079],[137.3408603668213,-4.913438377751248],[137.33768463134766,-4.9132673471676185],[137.33553886413574,-4.910359820532264],[137.3363971710205,-4.910359820532264],[137.33699798583984,-4.911214976741192],[137.33768463134766,-4.912326678173173],[137.33888626098633,-4.912754255153402],[137.3408603668213,-4.912839770516527],[137.34197616577148,-4.913096316540106],[137.34609603881836,-4.915319711274279],[137.34686851501465,-4.916773465358034],[137.34875679016113,-4.919167876931368],[137.35270500183105,-4.923700132398466],[137.35382080078125,-4.926265546334491],[137.3554515838623,-4.931225318532867],[137.35639572143555,-4.93592851657219],[137.3576831817627,-4.939349003297252],[137.3594856262207,-4.941144751764284],[137.3599147796631,-4.940973728310354],[137.36111640930176,-4.941743333505428],[137.36180305480957,-4.942512937806683],[137.36309051513672,-4.943197029768427]]]}},{"type":"Feature","id":"pmtiles:10/902/526:water:85039993:0","properties":{"intermittent":0,"class":"lake","id":8503999,"water":"lake","kind":"waterway","verification":"verified","source":"OpenMapTiles/OpenStreetMap national PMTiles","sourceId":"10/902/526:water:85039993:0","sourceLayer":"water","archive":"https://its.hanifahseptiani45.workers.dev/v1/map/archive/indonesia.pmtiles","updatedAt":"2026-07-26T09:44:25.422Z"},"geometry":{"type":"Polygon","coordinates":[[[137.4664306640625,-5.050419648569331],[137.4642848968506,-5.0526425787389115],[137.4642848968506,-5.05324105863572],[137.46557235717773,-5.0553784823257075],[137.4664306640625,-5.056062456416896],[137.4664306640625,-5.056746429785676],[137.46625900268555,-5.056660933154092],[137.4638557434082,-5.053668543937874],[137.4631690979004,-5.0540960289579715],[137.4601650238037,-5.0596533085415984],[137.45810508728027,-5.062389182501732],[137.46334075927734,-5.062731165933158],[137.46514320373535,-5.063671619437159],[137.46617317199707,-5.0645265759811195],[137.4664306640625,-5.064612071573336],[137.4664306640625,-5.065039549364826],[137.46582984924316,-5.064783062723848],[137.46402740478516,-5.06350062799271],[137.4631690979004,-5.063158644968155],[137.46033668518066,-5.062816661762767],[137.45827674865723,-5.063073149183765],[137.45784759521484,-5.063244140741261],[137.45707511901855,-5.063842610836403],[137.45553016662598,-5.066236485677024],[137.4532985687256,-5.070682229710457],[137.45295524597168,-5.07179366093726],[137.45312690734863,-5.072990584733901],[137.45518684387207,-5.0729050902506],[137.45595932006836,-5.073161573666525],[137.4532985687256,-5.073418056980515],[137.45269775390625,-5.073760034573951],[137.45226860046387,-5.074785966266845],[137.45158195495605,-5.077949245382285],[137.45132446289062,-5.0864985707196695],[137.45020866394043,-5.090431222257294],[137.44977951049805,-5.09376540798776],[137.44909286499023,-5.095902697437069],[137.44892120361328,-5.0982109620566405],[137.43956565856934,-5.0978689974512434],[137.44291305541992,-5.0817109625076],[137.4448013305664,-5.070767724488121],[137.4466896057129,-5.062303686615607],[137.45055198669434,-5.053668543937874],[137.4557876586914,-5.045460776883942],[137.45819091796875,-5.042040843297102],[137.4664306640625,-5.034431426466341],[137.4664306640625,-5.050419648569331]]]}},{"type":"Feature","id":"pmtiles:10/902/526:water:85042243:0","properties":{"intermittent":0,"class":"river","id":8504224,"water":"river","kind":"waterway","verification":"verified","source":"OpenMapTiles/OpenStreetMap national PMTiles","sourceId":"10/902/526:water:85042243:0","sourceLayer":"water","archive":"https://its.hanifahseptiani45.workers.dev/v1/map/archive/indonesia.pmtiles","updatedAt":"2026-07-26T09:44:25.423Z"},"geometry":{"type":"Polygon","coordinates":[[[137.33914375305176,-5.050248653625147],[137.3352813720703,-5.041869846144877],[137.3360538482666,-5.041869846144877],[137.33665466308594,-5.041442353067367],[137.34025955200195,-5.036397913509404],[137.34274864196777,-5.03383292922949],[137.34463691711426,-5.032293933806244],[137.3521900177002,-5.029130431783727],[137.35347747802734,-5.0281044278262925],[137.35459327697754,-5.025795913012274],[137.35536575317383,-5.021948370146731],[137.3544216156006,-5.017758797650103],[137.35296249389648,-5.015108237892022],[137.3518466949463,-5.015279242072154],[137.35013008117676,-5.015877756349894],[137.34867095947266,-5.015877756349894],[137.34746932983398,-5.015279242072154],[137.34695434570312,-5.014424220723626],[137.34695434570312,-5.013056184237428],[137.34729766845703,-5.011175129390594],[137.34832763671875,-5.009550577664996],[137.3473834991455,-5.0132271889549],[137.34746932983398,-5.014167714100751],[137.34807014465332,-5.014851731537846],[137.34918594360352,-5.015108237892022],[137.35081672668457,-5.014851731537846],[137.35261917114258,-5.014082211870743],[137.3521900177002,-5.011517139765601],[137.3525333404541,-5.009978091668515],[137.35356330871582,-5.008524542915765],[137.35648155212402,-5.005959448998496],[137.35794067382812,-5.0051899188615465],[137.36626625061035,-5.003052330398901],[137.36884117126465,-5.001684270118744],[137.36918449401855,-5.001855277810137],[137.37038612365723,-5.001513262382701],[137.37330436706543,-4.999974190748432],[137.37510681152344,-4.99886263676305],[137.37699508666992,-4.997152550025632],[137.37768173217773,-4.996212000417643],[137.37811088562012,-4.994929430595164],[137.37811088562012,-4.993817868052588],[137.3770809173584,-4.989457104500573],[137.37665176391602,-4.986122383408315],[137.37682342529297,-4.9837282142321015],[137.3777675628662,-4.9807354904941405],[137.3788833618164,-4.977828260103706],[137.3796558380127,-4.977315218112622],[137.3806858062744,-4.975861596965302],[137.382230758667,-4.975263046147816],[137.3848056793213,-4.973723912974904],[137.38506317138672,-4.973296375343821],[137.38454818725586,-4.9719282530589055],[137.38446235656738,-4.970987667339401],[137.38532066345215,-4.972783329820075],[137.38566398620605,-4.972783329820075],[137.3861789703369,-4.972184776203832],[137.3866081237793,-4.970987667339401],[137.38755226135254,-4.964232512274208],[137.38798141479492,-4.963120897847659],[137.3888397216797,-4.96183826348981],[137.39072799682617,-4.959786043332443],[137.3928737640381,-4.961496227240005],[137.39218711853027,-4.962094790560812],[137.39115715026855,-4.963890477265551],[137.39055633544922,-4.966968785957874],[137.39047050476074,-4.970474620017214],[137.38995552062988,-4.9715007142619925],[137.38935470581055,-4.974065942879875],[137.38557815551758,-4.977999274011836],[137.38308906555176,-4.979965930759249],[137.38120079040527,-4.982274607261402],[137.3807716369629,-4.983386189351805],[137.38102912902832,-4.987319464723612],[137.38231658935547,-4.992620798591744],[137.38489151000977,-4.994159887497176],[137.385835647583,-4.994074382652755],[137.38677978515625,-4.993475848429611],[137.38892555236816,-4.991167211309175],[137.38978385925293,-4.990568674433135],[137.39047050476074,-4.9903976637968555],[137.39158630371094,-4.990654179734577],[137.39235877990723,-4.991338221744897],[137.39270210266113,-4.992278778344456],[137.39253044128418,-4.993133828628245],[137.39201545715332,-4.993903372930475],[137.3917579650879,-4.994758421095895],[137.3921012878418,-4.99672502764389],[137.39270210266113,-4.997836585256238],[137.3939037322998,-4.9982641069127],[137.39501953125,-4.998093098283604],[137.39544868469238,-4.99766557651553],[137.39553451538086,-4.996896036630048],[137.3953628540039,-4.99321933359532],[137.39519119262695,-4.99202226304196],[137.39450454711914,-4.990226653115968],[137.39459037780762,-4.989542609946838],[137.39553451538086,-4.988858566064735],[137.39768028259277,-4.989371599043167],[137.39699363708496,-4.989542609946838],[137.39587783813477,-4.989200588094903],[137.39501953125,-4.989884631620541],[137.39519119262695,-4.990996200828889],[137.3957920074463,-4.99244978849039],[137.39596366882324,-4.9970670455715975],[137.3957920074463,-4.998093098283604],[137.3953628540039,-4.998520619772677],[137.39459037780762,-4.9987771325322115],[137.39304542541504,-4.998520619772677],[137.3924446105957,-4.998093098283604],[137.3916721343994,-4.996981541106408],[137.39115715026855,-4.9943308971525795],[137.3902130126953,-4.994587411552018],[137.38909721374512,-4.995527963491284],[137.3880672454834,-4.998349611210514],[137.38798141479492,-5.000145198886429],[137.38823890686035,-5.001085742847167],[137.3887538909912,-5.001513262382701],[137.39012718200684,-5.001855277810137],[137.39141464233398,-5.001684270118744],[137.39038467407227,-5.002111789263438],[137.3888397216797,-5.001940781639064],[137.38832473754883,-5.001769773970025],[137.3877239227295,-5.000401711009701],[137.38763809204102,-4.999375661913788],[137.38789558410645,-4.997836585256238],[137.38866806030273,-4.995527963491284],[137.3891830444336,-4.9948439258511],[137.3913288116455,-4.993475848429611],[137.39184379577637,-4.992791808648491],[137.39192962646484,-4.992364283423015],[137.3917579650879,-4.99176574763915],[137.3913288116455,-4.991338221744897],[137.39089965820312,-4.9912527165326],[137.3902130126953,-4.9912527165326],[137.38944053649902,-4.991509232136025],[137.38652229309082,-4.9946729163295345],[137.38540649414062,-4.995185944760408],[137.38463401794434,-4.995185944760408],[137.3836898803711,-4.994758421095895],[137.38248825073242,-4.9936468582634035],[137.38214492797852,-4.9937323631635735],[137.38154411315918,-4.994758421095895],[137.3806858062744,-4.998948140982748],[137.38017082214355,-5.000059694823008],[137.37939834594727,-5.001085742847167],[137.37690925598145,-5.003308841383088],[137.37424850463867,-5.004847905176803],[137.37244606018066,-5.005531932367504],[137.36523628234863,-5.007498506556274],[137.3583698272705,-5.0103201026699935],[137.3572540283203,-5.011089626768879],[137.35699653625488,-5.011688144885952],[137.35742568969727,-5.012714174668133],[137.3594856262207,-5.016476270078897],[137.36077308654785,-5.0198108365208896],[137.3613739013672,-5.022888882722299],[137.3613739013672,-5.024684402962009],[137.36077308654785,-5.026821920606352],[137.3576831817627,-5.031011434839527],[137.3562240600586,-5.032464933477499],[137.35193252563477,-5.03502992315245],[137.35090255737305,-5.0358849174628375],[137.34987258911133,-5.037423904388191],[137.35459327697754,-5.037252906020839],[137.35957145690918,-5.036141415536704],[137.36291885375977,-5.034944423659596],[137.36729621887207,-5.032806932685176],[137.36738204956055,-5.032122934090054],[137.3667812347412,-5.031096934849273],[137.36309051513672,-5.028446429325072],[137.36266136169434,-5.027505924771276],[137.3628330230713,-5.025881413706827],[137.363862991333,-5.025026406256345],[137.36987113952637,-5.022803381635114],[137.3737335205078,-5.022204873710976],[137.37622261047363,-5.022546878306343],[137.37733840942383,-5.023230886958814],[137.37896919250488,-5.026736420035235],[137.37939834594727,-5.026821920606352],[137.3814582824707,-5.02408589676503],[137.3818016052246,-5.022974383798228],[137.38154411315918,-5.022119372534107],[137.38025665283203,-5.021862868936225],[137.37751007080078,-5.022546878306343],[137.37656593322754,-5.022204873710976],[137.37587928771973,-5.021093357537126],[137.37605094909668,-5.0192978274082805],[137.37656593322754,-5.018699316267046],[137.37802505493164,-5.018613814630612],[137.38008499145508,-5.019554332015005],[137.38094329833984,-5.019554332015005],[137.38137245178223,-5.0192978274082805],[137.3814582824707,-5.018699316267046],[137.38094329833984,-5.018186306280413],[137.37845420837402,-5.016390768151211],[137.37828254699707,-5.015193739987694],[137.37862586975098,-5.0145952250829],[137.3785400390625,-5.015706752326537],[137.3788833618164,-5.016219764262232],[137.37939834594727,-5.016903779549338],[137.38128662109375,-5.0178442993985755],[137.3818016052246,-5.01852831298298],[137.3818016052246,-5.019126824281102],[137.3814582824707,-5.019639833528174],[137.38008499145508,-5.020067340925891],[137.3770809173584,-5.019126824281102],[137.37622261047363,-5.019896338000422],[137.37605094909668,-5.0207513521793885],[137.37648010253906,-5.021520863982062],[137.3770809173584,-5.021948370146731],[137.37793922424316,-5.022119372534107],[137.38051414489746,-5.021264360148734],[137.3818874359131,-5.021862868936225],[137.382230758667,-5.022803381635114],[137.38205909729004,-5.023487390018431],[137.38042831420898,-5.026821920606352],[137.3807716369629,-5.026907421166257],[137.38274574279785,-5.025453910121826],[137.38351821899414,-5.025368409371183],[137.3847198486328,-5.025881413706827],[137.38635063171387,-5.027249423293597],[137.38712310791016,-5.027676925700263],[137.38789558410645,-5.027249423293597],[137.38815307617188,-5.023401889009776],[137.38909721374512,-5.021520863982062],[137.38969802856445,-5.021093357537126],[137.39047050476074,-5.020922354880682],[137.39124298095703,-5.02100785621451],[137.39227294921875,-5.021606365237417],[137.39295959472656,-5.021691866481561],[137.39347457885742,-5.021264360148734],[137.3928737640381,-5.0192978274082805],[137.3927879333496,-5.018271807972866],[137.39364624023438,-5.017160285097191],[137.39441871643066,-5.0170747832590905],[137.39622116088867,-5.0178442993985755],[137.3964786529541,-5.017502292337511],[137.39587783813477,-5.0166472739006736],[137.39596366882324,-5.0155357482583725],[137.3961353302002,-5.016390768151211],[137.396821975708,-5.017502292337511],[137.396821975708,-5.0178442993985755],[137.3961353302002,-5.018100804576761],[137.3939037322998,-5.017502292337511],[137.39338874816895,-5.0178442993985755],[137.39313125610352,-5.01852831298298],[137.39373207092285,-5.02032384523001],[137.39381790161133,-5.021093357537126],[137.39364624023438,-5.021691866481561],[137.3928737640381,-5.022204873710976],[137.39107131958008,-5.021520863982062],[137.38978385925293,-5.021862868936225],[137.3887538909912,-5.023230886958814],[137.38815307617188,-5.027505924771276],[137.38746643066406,-5.028018927423545],[137.38677978515625,-5.0281044278262925],[137.38600730895996,-5.027847926584343],[137.384033203125,-5.026308917011306],[137.3833465576172,-5.026052415062281],[137.38283157348633,-5.026137915723169],[137.38085746765137,-5.027676925700263],[137.37939834594727,-5.027847926584343],[137.3785400390625,-5.027334923797383],[137.37751007080078,-5.0251119070518655],[137.3767375946045,-5.024171397683972],[137.37605094909668,-5.023487390018431],[137.37545013427734,-5.023316387989894],[137.37098693847656,-5.023658392002119],[137.3667812347412,-5.024940905449583],[137.36403465270996,-5.026137915723169],[137.36369132995605,-5.026650919452891],[137.36369132995605,-5.027420424289929],[137.36446380615234,-5.028189928217827],[137.36712455749512,-5.029728933345595],[137.3678970336914,-5.03049843454518],[137.36841201782227,-5.0316954346029945],[137.3683261871338,-5.032464933477499],[137.36772537231445,-5.033661929917827],[137.36557960510254,-5.035286421563612],[137.36326217651367,-5.036141415536704],[137.36085891723633,-5.036996408385477],[137.35167503356934,-5.039133885587162],[137.34867095947266,-5.040672864818774],[137.34652519226074,-5.042382837466448],[137.34498023986816,-5.043921808999414],[137.341890335083,-5.048025715247533],[137.34034538269043,-5.0494791758183055],[137.33914375305176,-5.050248653625147]]]}},{"type":"Feature","id":"pmtiles:10/902/526:water:86558413:0","properties":{"intermittent":0,"class":"lake","id":8655841,"water":"lake","kind":"waterway","verification":"verified","source":"OpenMapTiles/OpenStreetMap national PMTiles","sourceId":"10/902/526:water:86558413:0","sourceLayer":"water","archive":"https://its.hanifahseptiani45.workers.dev/v1/map/archive/indonesia.pmtiles","updatedAt":"2026-07-26T09:44:25.423Z"},"geometry":{"type":"Polygon","coordinates":[[[137.13375091552734,-4.910359820532264],[137.13452339172363,-4.911386007851391],[137.13529586791992,-4.9132673471676185],[137.13589668273926,-4.9132673471676185],[137.13624000549316,-4.914208014834486],[137.13632583618164,-4.916089346184421],[137.1368408203125,-4.91737206905853],[137.1379566192627,-4.917457583828963],[137.13847160339355,-4.9180561869145265],[137.13847160339355,-4.918996847818832],[137.1394157409668,-4.926265546334491],[137.13932991027832,-4.930028135530307],[137.13778495788574,-4.938322859132128],[137.13881492614746,-4.938322859132128],[137.1397590637207,-4.937809786454082],[137.1408748626709,-4.937809786454082],[137.14138984680176,-4.938579395322293],[137.14096069335938,-4.941914356760748],[137.14138984680176,-4.942683960863334],[137.142333984375,-4.942683960863334],[137.1431064605713,-4.941743333505428],[137.14362144470215,-4.9420853799719],[137.142333984375,-4.943453564071959],[137.14130401611328,-4.9436245868857895],[137.14044570922852,-4.943282541213975],[137.1401023864746,-4.942512937806683],[137.14035987854004,-4.940033098524992],[137.13932991027832,-4.939092467404848],[137.1382999420166,-4.939434515239313],[137.13932991027832,-4.944308677699539],[137.1394157409668,-4.94678850097543],[137.14044570922852,-4.947387077615957],[137.14190483093262,-4.947387077615957],[137.14353561401367,-4.9463609459008495],[137.14430809020996,-4.947814632027743],[137.14241981506348,-4.948242186163341],[137.13967323303223,-4.948242186163341],[137.13872909545898,-4.947472588520398],[137.13804244995117,-4.944907256581942],[137.1364974975586,-4.941144751764284],[137.13435173034668,-4.944308677699539],[137.13220596313477,-4.949182804289293],[137.13040351867676,-4.952432202070469],[137.1292018890381,-4.953971384920322],[137.12636947631836,-4.960042571201015],[137.1258544921875,-4.962522335457592],[137.1251678466797,-4.963377424420031],[137.11469650268555,-4.9604701174271355],[137.11503982543945,-4.958246874028049],[137.11461067199707,-4.957904835917674],[137.11469650268555,-4.957220759165551],[137.11538314819336,-4.956451171972645],[137.1174430847168,-4.952432202070469],[137.11941719055176,-4.950208931628879],[137.1237087249756,-4.946531967963821],[137.1237087249756,-4.946275434852794],[137.12336540222168,-4.945847879446845],[137.11795806884766,-4.945591346070756],[137.11727142333984,-4.945249301414677],[137.11675643920898,-4.944736234099324],[137.1163272857666,-4.942256403138913],[137.11512565612793,-4.941315775174061],[137.11332321166992,-4.941315775174061],[137.1122932434082,-4.941828845138602],[137.1115207672119,-4.94388112102375],[137.11066246032715,-4.944821745346147],[137.10963249206543,-4.944821745346147],[137.1086883544922,-4.94422316638645],[137.10817337036133,-4.943539075484395],[137.1079158782959,-4.941572310205984],[137.10817337036133,-4.940717193046737],[137.10988998413086,-4.9396910509993575],[137.11031913757324,-4.939092467404848],[137.11031913757324,-4.938493883269942],[137.1100616455078,-4.938151834950219],[137.1086025238037,-4.937638762139855],[137.10808753967285,-4.937125688932568],[137.10877418518066,-4.935158904628267],[137.10817337036133,-4.931994935037707],[137.10834503173828,-4.931738396301867],[137.1086883544922,-4.932850063441265],[137.1086883544922,-4.9339617287190976],[137.1090316772461,-4.9349023671152565],[137.10877418518066,-4.935757491772904],[137.10834503173828,-4.936527103022442],[137.10834503173828,-4.937125688932568],[137.1100616455078,-4.937895298594654],[137.11040496826172,-4.9382373470466945],[137.1104907989502,-4.938835931413195],[137.11023330688477,-4.9396055390903655],[137.10877418518066,-4.940631681270133],[137.10834503173828,-4.941144751764284],[137.10817337036133,-4.942427426261801],[137.1086025238037,-4.943795609655467],[137.10988998413086,-4.944565211572524],[137.11066246032715,-4.944479700292575],[137.11100578308105,-4.944137655062349],[137.11237907409668,-4.941230263474679],[137.11203575134277,-4.9396910509993575],[137.111177444458,-4.937638762139855],[137.11126327514648,-4.936441590705471],[137.11237907409668,-4.9355009544913315],[137.1152114868164,-4.934132753981203],[137.1152114868164,-4.934389291791717],[137.11478233337402,-4.934645829503069],[137.11220741271973,-4.935757491772904],[137.11143493652344,-4.936527103022442],[137.11126327514648,-4.9373822255858215],[137.11255073547363,-4.940973728310354],[137.1145248413086,-4.940802704812299],[137.11624145507812,-4.9414012868624155],[137.11684226989746,-4.942256403138913],[137.1170139312744,-4.944137655062349],[137.1174430847168,-4.944907256581942],[137.11898803710938,-4.945334812595263],[137.1243953704834,-4.945163790223063],[137.12456703186035,-4.944821745346147],[137.12679862976074,-4.9408882165668615],[137.12774276733398,-4.935757491772904],[137.1258544921875,-4.910958429993656],[137.1258544921875,-4.910359820532264],[137.13375091552734,-4.910359820532264]]]}},{"type":"Feature","id":"pmtiles:10/902/526:water:86599653:0","properties":{"intermittent":0,"class":"lake","id":8659965,"water":"lake","kind":"waterway","verification":"verified","source":"OpenMapTiles/OpenStreetMap national PMTiles","sourceId":"10/902/526:water:86599653:0","sourceLayer":"water","archive":"https://its.hanifahseptiani45.workers.dev/v1/map/archive/indonesia.pmtiles","updatedAt":"2026-07-26T09:44:25.423Z"},"geometry":{"type":"Polygon","coordinates":[[[137.24061012268066,-4.995442458825309],[137.2024154663086,-4.995442458825309],[137.20842361450195,-4.985865865699708],[137.21142768859863,-4.980051437440935],[137.21142768859863,-4.978854342885484],[137.21099853515625,-4.978170287875486],[137.2115135192871,-4.978084780949217],[137.21202850341797,-4.977742753132986],[137.2119426727295,-4.977058696967035],[137.20988273620605,-4.975519567993388],[137.20850944519043,-4.9753485534407815],[137.20739364624023,-4.974750002156711],[137.20524787902832,-4.973125360213658],[137.20301628112793,-4.970987667339401],[137.19752311706543,-4.967310819369956],[137.1964931488037,-4.965942684657037],[137.19572067260742,-4.964574547105528],[137.19537734985352,-4.963548442079542],[137.19494819641113,-4.962949880077332],[137.19220161437988,-4.963206406716196],[137.19039916992188,-4.962949880077332],[137.1888542175293,-4.9620092815482195],[137.1873950958252,-4.9604701174271355],[137.1833610534668,-4.958930949717356],[137.18284606933594,-4.956964230200867],[137.1822452545166,-4.956451171972645],[137.1830177307129,-4.9566221914263195],[137.18387603759766,-4.958674421416902],[137.18756675720215,-4.960042571201015],[137.19022750854492,-4.962265808552772],[137.19168663024902,-4.962778862262681],[137.1939182281494,-4.962180299562334],[137.1943473815918,-4.961667245387062],[137.19451904296875,-4.960555626639135],[137.19443321228027,-4.958930949717356],[137.19331741333008,-4.956707701136551],[137.19305992126465,-4.953885874856013],[137.19426155090332,-4.951662609301863],[137.19451904296875,-4.951662609301863],[137.19348907470703,-4.953714854694198],[137.19348907470703,-4.955254034557441],[137.19374656677246,-4.9566221914263195],[137.19494819641113,-4.9591874779181495],[137.19529151916504,-4.9620092815482195],[137.19606399536133,-4.963035388968038],[137.197265625,-4.965600650535251],[137.19778060913086,-4.966455735507068],[137.20361709594727,-4.97038911209134],[137.206449508667,-4.972697822193922],[137.20808029174805,-4.973723912974904],[137.2089385986328,-4.973638405470908],[137.21142768859863,-4.972697822193922],[137.21185684204102,-4.971158683024655],[137.21477508544922,-4.966712260782373],[137.2158908843994,-4.965686159082324],[137.21735000610352,-4.96483107311262],[137.2184658050537,-4.964745564454674],[137.22018241882324,-4.962949880077332],[137.22164154052734,-4.962693353338722],[137.22310066223145,-4.961752754443978],[137.2294521331787,-4.9566221914263195],[137.2313404083252,-4.954826484954978],[137.2334861755371,-4.953714854694198],[137.2360610961914,-4.953116283779465],[137.2408676147461,-4.953201793943322],[137.25090980529785,-4.957904835917674],[137.2467041015625,-4.965515141977079],[137.24309921264648,-4.974151450328364],[137.24421501159668,-4.975605075253043],[137.24550247192383,-4.976545654375826],[137.2463607788086,-4.976460147238399],[137.2488498687744,-4.974493480011205],[137.2499656677246,-4.9722702838965915],[137.25193977355957,-4.970474620017214],[137.2529697418213,-4.970132588247125],[137.25494384765625,-4.970303604154367],[137.25605964660645,-4.970987667339401],[137.25674629211426,-4.971757237573442],[137.2573471069336,-4.9753485534407815],[137.25726127624512,-4.977828260103706],[137.25820541381836,-4.979538397184001],[137.25872039794922,-4.979709410647459],[137.26155281066895,-4.979709410647459],[137.26292610168457,-4.979367383676092],[137.26773262023926,-4.977571739158165],[137.26927757263184,-4.9763746400898725],[137.26962089538574,-4.975690582501571],[137.26962089538574,-4.975092031528533],[137.26910591125488,-4.974151450328364],[137.26713180541992,-4.9725268069082915],[137.26618766784668,-4.971244190850641],[137.26618766784668,-4.970218096206295],[137.26661682128906,-4.9694485241742825],[137.26910591125488,-4.967567344312542],[137.26970672607422,-4.966797769185305],[137.27005004882812,-4.966199210131947],[137.27005004882812,-4.965002090395259],[137.27056503295898,-4.964745564454674],[137.27099418640137,-4.965002090395259],[137.27108001708984,-4.965857176143217],[137.27065086364746,-4.966968785957874],[137.26987838745117,-4.9678238691553105],[137.2679901123047,-4.969106491871543],[137.2668743133545,-4.970645635835666],[137.26730346679688,-4.971671729814062],[137.26816177368164,-4.972697822193922],[137.26987838745117,-4.973809420467816],[137.27030754089355,-4.9745789874041435],[137.27022171020508,-4.976289132930219],[137.2697925567627,-4.97697318989627],[137.26807594299316,-4.978341301694684],[137.26412773132324,-4.980051437440935],[137.2606086730957,-4.9809065036462385],[137.25940704345703,-4.980820997075739],[137.25794792175293,-4.980307957419285],[137.25708961486816,-4.9798804240664225],[137.25640296936035,-4.978939849711708],[137.25614547729492,-4.977828260103706],[137.25580215454102,-4.9722702838965915],[137.25417137145996,-4.971415206469317],[137.2528839111328,-4.971415206469317],[137.25176811218262,-4.9719282530589055],[137.2510814666748,-4.973125360213658],[137.25065231323242,-4.974750002156711],[137.2499656677246,-4.976032611384596],[137.2481632232666,-4.978170287875486],[137.24421501159668,-4.980564477297563],[137.24370002746582,-4.982873151697575],[137.24370002746582,-4.9837282142321015],[137.24515914916992,-4.985096311972725],[137.2455883026123,-4.986207889288906],[137.24567413330078,-4.989457104500573],[137.24644660949707,-4.990226653115968],[137.2473907470703,-4.9903976637968555],[137.24790573120117,-4.9880035102095945],[137.24842071533203,-4.987148453240749],[137.24919319152832,-4.987404970448324],[137.24979400634766,-4.98860204942514],[137.25279808044434,-4.98962811538199],[137.25314140319824,-4.990654179734577],[137.25374221801758,-4.990483169120566],[137.2551155090332,-4.988516543856335],[137.25708961486816,-4.987404970448324],[137.25631713867188,-4.98817452146973],[137.25537300109863,-4.988516543856335],[137.25382804870605,-4.990654179734577],[137.2529697418213,-4.990910695572026],[137.2529697418213,-4.991338221744897],[137.25322723388672,-4.99159473731487],[137.253999710083,-4.992107768153943],[137.2551155090332,-4.992278778344456],[137.25563049316406,-4.992620798591744],[137.2562313079834,-4.993561353352092],[137.25666046142578,-4.993903372930475],[137.25726127624512,-4.993903372930475],[137.2576904296875,-4.993304838551225],[137.25786209106445,-4.993390343496003],[137.2570037841797,-4.994159887497176],[137.25631713867188,-4.993903372930475],[137.25528717041016,-4.992620798591744],[137.2536563873291,-4.99219327325477],[137.2528839111328,-4.99159473731487],[137.25262641906738,-4.990141147758834],[137.252197265625,-4.989542609946838],[137.2500514984131,-4.989029577102102],[137.2492790222168,-4.988516543856335],[137.24867820739746,-4.987490476161923],[137.2485065460205,-4.987490476161923],[137.24799156188965,-4.989115082604073],[137.24790573120117,-4.990654179734577],[137.24799156188965,-4.990910695572026],[137.24979400634766,-4.99193675791885],[137.24987983703613,-4.993988877797193],[137.2500514984131,-4.994159887497176],[137.25176811218262,-4.993988877797193],[137.25382804870605,-4.996554018613097],[137.25460052490234,-4.996639523134078],[137.2562313079834,-4.997751080891462],[137.25648880004883,-4.9986061240370105],[137.25786209106445,-4.99946116606651],[137.25829124450684,-5.000145198886429],[137.25820541381836,-5.00023070293868],[137.25760459899902,-4.999546670208062],[137.25648880004883,-4.99886263676305],[137.25580215454102,-4.99766557651553],[137.25468635559082,-4.996981541106408],[137.25374221801758,-4.99672502764389],[137.25176811218262,-4.9942453923304555],[137.250394821167,-4.994416401963534],[137.24970817565918,-4.9942453923304555],[137.24953651428223,-4.993903372930475],[137.2496223449707,-4.992535293546652],[137.2492790222168,-4.99202226304196],[137.24773406982422,-4.991081706074596],[137.2467041015625,-4.990996200828889],[137.24584579467773,-4.990654179734577],[137.24481582641602,-4.989029577102102],[137.24481582641602,-4.986293395158384],[137.24464416503906,-4.985523841932363],[137.2426700592041,-4.984326757344192],[137.24181175231934,-4.984241251218705],[137.2408676147461,-4.98449776956177],[137.2400951385498,-4.985096311972725],[137.23992347717285,-4.985694853838297],[137.23958015441895,-4.985609347890886],[137.23846435546875,-4.986549912699999],[137.2364902496338,-4.98877306052934],[137.2364902496338,-4.989371599043167],[137.23709106445312,-4.990739685024863],[137.24095344543457,-4.9946729163295345],[137.24112510681152,-4.994929430595164],[137.24061012268066,-4.995442458825309]]]}},{"type":"Feature","id":"pmtiles:10/902/526:water:86613073:0","properties":{"intermittent":0,"class":"lake","id":8661307,"water":"lake","kind":"waterway","verification":"verified","source":"OpenMapTiles/OpenStreetMap national PMTiles","sourceId":"10/902/526:water:86613073:0","sourceLayer":"water","archive":"https://its.hanifahseptiani45.workers.dev/v1/map/archive/indonesia.pmtiles","updatedAt":"2026-07-26T09:44:25.423Z"},"geometry":{"type":"Polygon","coordinates":[[[137.3654079437256,-5.078889676721687],[137.36412048339844,-5.077521776138198],[137.36480712890625,-5.076581342803777],[137.36523628234863,-5.074614977764639],[137.3654079437256,-5.072990584733901],[137.36506462097168,-5.067775400535396],[137.36549377441406,-5.066663962394202],[137.37330436706543,-5.057002919612728],[137.37433433532715,-5.055549475916223],[137.3751926422119,-5.053839537979769],[137.3756217956543,-5.052300589978287],[137.37587928771973,-5.050077658635885],[137.37725257873535,-5.050248653625147],[137.3788833618164,-5.050077658635885],[137.3818874359131,-5.048025715247533],[137.38308906555176,-5.04759822622448],[137.38532066345215,-5.047683724051623],[137.38789558410645,-5.04870969709836],[137.3887538909912,-5.048795194779018],[137.38909721374512,-5.048453203988842],[137.38935470581055,-5.046657749382163],[137.3898696899414,-5.04614476143901],[137.39184379577637,-5.045717271176571],[137.39270210266113,-5.045375278763856],[137.3928737640381,-5.0448622898069],[137.3927879333496,-5.044092805611214],[137.39227294921875,-5.043323320503404],[137.3921012878418,-5.0424683359806295],[137.39218711853027,-5.041784347551882],[137.39270210266113,-5.041185857085779],[137.39364624023438,-5.040843862286124],[137.39398956298828,-5.0410148597084685],[137.3946762084961,-5.0424683359806295],[137.39501953125,-5.0428103299248335],[137.3957061767578,-5.0428103299248335],[137.39888191223145,-5.041955344726603],[137.39948272705078,-5.041527851705368],[137.3998260498047,-5.040929361002924],[137.39965438842773,-5.040159872146646],[137.39879608154297,-5.039646879069423],[137.39768028259277,-5.039475881287018],[137.39596366882324,-5.0399033756586675],[137.39510536193848,-5.03973237794375],[137.39493370056152,-5.039219384529005],[137.39553451538086,-5.037594902710538],[137.39733695983887,-5.0373384052101216],[137.39965438842773,-5.037680401854843],[137.40214347839355,-5.038791889707326],[137.40300178527832,-5.038791889707326],[137.40411758422852,-5.038193396484502],[137.40514755249023,-5.03810789740767],[137.40686416625977,-5.039390382378912],[137.40806579589844,-5.041100358402758],[137.40978240966797,-5.0430668252647735],[137.41021156311035,-5.044691293397804],[137.41021156311035,-5.046914243201641],[137.41064071655273,-5.047512728386067],[137.41132736206055,-5.047683724051623],[137.4136447906494,-5.04759822622448],[137.41450309753418,-5.048025715247533],[137.41579055786133,-5.050334151102874],[137.41647720336914,-5.0505906434683965],[137.41750717163086,-5.0505906434683965],[137.4199104309082,-5.049393678227844],[137.42274284362793,-5.04870969709836],[137.42746353149414,-5.048795194779018],[137.427978515625,-5.048624199406461],[137.4283218383789,-5.049992161124337],[137.42780685424805,-5.0494791758183055],[137.4268627166748,-5.049222683013113],[137.42420196533203,-5.04913718538883],[137.42016792297363,-5.0498211660674315],[137.41742134094238,-5.051189125259967],[137.41596221923828,-5.051018130518756],[137.41536140441895,-5.0505906434683965],[137.41390228271484,-5.048367706263122],[137.41338729858398,-5.0481112130183305],[137.4111557006836,-5.048196710777859],[137.40995407104492,-5.047683724051623],[137.40978240966797,-5.0471707369197105],[137.40961074829102,-5.043921808999414],[137.40540504455566,-5.0386208916998925],[137.4048900604248,-5.0384498936474955],[137.4034309387207,-5.039219384529005],[137.40171432495117,-5.039390382378912],[137.3997402191162,-5.038278895550079],[137.39750862121582,-5.03785140010973],[137.39596366882324,-5.03785140010973],[137.39562034606934,-5.038193396484502],[137.3953628540039,-5.039048386634079],[137.39553451538086,-5.039390382378912],[137.39604949951172,-5.039475881287018],[137.39810943603516,-5.03896288766974],[137.39913940429688,-5.039304883459579],[137.3998260498047,-5.0399033756586675],[137.4001693725586,-5.040416368533343],[137.4001693725586,-5.041185857085779],[137.39922523498535,-5.042126341856317],[137.39630699157715,-5.043152323688915],[137.39510536193848,-5.043152323688915],[137.39416122436523,-5.042553834483584],[137.3935604095459,-5.041442353067367],[137.39304542541504,-5.041442353067367],[137.39270210266113,-5.041784347551882],[137.39253044128418,-5.0424683359806295],[137.393217086792,-5.04426380217798],[137.39313125610352,-5.045460776883942],[137.39218711853027,-5.045973765367833],[137.3902130126953,-5.046401255461291],[137.38978385925293,-5.046828745273089],[137.38944053649902,-5.048880692448378],[137.3888397216797,-5.049308180626127],[137.3848056793213,-5.048025715247533],[137.3836898803711,-5.048025715247533],[137.38274574279785,-5.048196710777859],[137.3799991607666,-5.050077658635885],[137.37648010253906,-5.0514456172872],[137.3751926422119,-5.055463979126614],[137.36592292785645,-5.067091438828584],[137.36549377441406,-5.0693998066870165],[137.36652374267578,-5.072050144794801],[137.36660957336426,-5.073161573666525],[137.36557960510254,-5.076581342803777],[137.3654079437256,-5.078889676721687]]]}},{"type":"Feature","id":"pmtiles:10/902/526:water:86613083:0","properties":{"intermittent":0,"class":"lake","id":8661308,"water":"lake","kind":"waterway","verification":"verified","source":"OpenMapTiles/OpenStreetMap national PMTiles","sourceId":"10/902/526:water:86613083:0","sourceLayer":"water","archive":"https://its.hanifahseptiani45.workers.dev/v1/map/archive/indonesia.pmtiles","updatedAt":"2026-07-26T09:44:25.423Z"},"geometry":{"type":"Polygon","coordinates":[[[137.42059707641602,-5.10513570612207],[137.41656303405762,-5.110863524346669],[137.41106986999512,-5.106930997938136],[137.41244316101074,-5.104964725686983],[137.41647720336914,-5.0976125238777],[137.41888046264648,-5.092568522791765],[137.42076873779297,-5.087182511843949],[137.42162704467773,-5.0840192780531055],[137.42274284362793,-5.081198002374279],[137.4242877960205,-5.074700472021405],[137.42497444152832,-5.069827281311106],[137.42403030395508,-5.06854485659008],[137.4224853515625,-5.0671769340815445],[137.42128372192383,-5.066492971741255],[137.41690635681152,-5.064697567154241],[137.41561889648438,-5.063073149183765],[137.4140739440918,-5.0617907110616045],[137.41235733032227,-5.061277735100788],[137.41192817687988,-5.060764758733228],[137.41467475891113,-5.061619719119861],[137.41724967956543,-5.0643555847627795],[137.42042541503906,-5.065552522341463],[137.42291450500488,-5.067005943564325],[137.4239444732666,-5.067860895697834],[137.4247169494629,-5.06820287623448],[137.4250602722168,-5.0679463908489595],[137.42600440979004,-5.063329636503042],[137.42591857910156,-5.062218190718184],[137.42548942565918,-5.061106743023458],[137.42609024047852,-5.061021246967854],[137.42634773254395,-5.060679262632405],[137.4265193939209,-5.0596533085415984],[137.42712020874023,-5.058114374355696],[137.42823600769043,-5.0526425787389115],[137.42840766906738,-5.050676140901018],[137.42712020874023,-5.042553834483584],[137.42669105529785,-5.041869846144877],[137.42634773254395,-5.0399033756586675],[137.42591857910156,-5.039133885587162],[137.4250602722168,-5.035286421563612],[137.4247169494629,-5.034345926894801],[137.42411613464355,-5.03357643024512],[137.42342948913574,-5.030840434786342],[137.42197036743164,-5.0279334270095575],[137.42162704467773,-5.026736420035235],[137.42119789123535,-5.025881413706827],[137.4203395843506,-5.024940905449583],[137.41905212402344,-5.021862868936225],[137.41793632507324,-5.019981839468755],[137.41536140441895,-5.0145952250829],[137.41433143615723,-5.0106621134924865],[137.41424560546875,-5.007840518855005],[137.4148464202881,-5.005018912041535],[137.41536140441895,-5.003565352266762],[137.4184513092041,-4.998093098283604],[137.42051124572754,-4.995356954148164],[137.4224853515625,-4.993903372930475],[137.427978515625,-4.99202226304196],[137.42995262145996,-4.990825190304022],[137.43209838867188,-4.990910695572026],[137.4323558807373,-4.9912527165326],[137.43596076965332,-4.99202226304196],[137.43613243103027,-4.9982641069127],[137.43106842041016,-4.998948140982748],[137.42815017700195,-4.999632174338473],[137.42445945739746,-5.001000238906556],[137.42128372192383,-5.0026248118685],[137.42128372192383,-5.002881323020247],[137.42231369018555,-5.003223337732862],[137.42016792297363,-5.003565352266762],[137.41870880126953,-5.005531932367504],[137.41802215576172,-5.007070990931311],[137.41793632507324,-5.007840518855005],[137.41870880126953,-5.008182530974835],[137.41759300231934,-5.008268033976833],[137.4177646636963,-5.010918621491882],[137.41819381713867,-5.0128851794751625],[137.41862297058105,-5.013398193627623],[137.4210262298584,-5.013740202838733],[137.42334365844727,-5.015108237892022],[137.4246311187744,-5.016390768151211],[137.42523193359375,-5.016390768151211],[137.42557525634766,-5.017502292337511],[137.4268627166748,-5.019554332015005],[137.42780685424805,-5.021520863982062],[137.42883682250977,-5.024000395834875],[137.42986679077148,-5.02408589676503],[137.43141174316406,-5.024940905449583],[137.43209838867188,-5.024940905449583],[137.43630409240723,-5.023658392002119],[137.4396514892578,-5.023572891015888],[137.44128227233887,-5.022803381635114],[137.4452304840088,-5.018699316267046],[137.44548797607422,-5.018186306280413],[137.4452304840088,-5.016903779549338],[137.4441146850586,-5.015279242072154],[137.4433422088623,-5.013569198255567],[137.44359970092773,-5.012030154992388],[137.4441146850586,-5.011431637188622],[137.4452304840088,-5.011175129390594],[137.4459171295166,-5.011431637188622],[137.44797706604004,-5.013825705113518],[137.4491786956787,-5.0146807272457465],[137.4506378173828,-5.0146807272457465],[137.4514102935791,-5.014082211870743],[137.45132446289062,-5.011346134600473],[137.45132446289062,-5.010918621491882],[137.45098114013672,-5.010747616170136],[137.4470329284668,-5.011175129390594],[137.44643211364746,-5.011175129390594],[137.44608879089355,-5.010747616170136],[137.4462604522705,-5.0080970279616395],[137.44600296020508,-5.007669512728],[137.44454383850098,-5.006899984603066],[137.44420051574707,-5.006386965350046],[137.44420051574707,-5.005617435716061],[137.44505882263184,-5.004847905176803],[137.44471549987793,-5.00433488431446],[137.44548797607422,-5.004933408614761],[137.4452304840088,-5.005018912041535],[137.44462966918945,-5.00544642900779],[137.44428634643555,-5.0060449522911625],[137.44488716125488,-5.006814481422168],[137.44574546813965,-5.007156494078657],[137.44651794433594,-5.007840518855005],[137.4466896057129,-5.00886655467778],[137.44643211364746,-5.010576610803639],[137.4466037750244,-5.010747616170136],[137.4507236480713,-5.01023459993641],[137.45166778564453,-5.010576610803639],[137.45381355285645,-5.010149097191629],[137.4546718597412,-5.010405605392393],[137.45484352111816,-5.011089626768879],[137.45381355285645,-5.011773647429337],[137.45355606079102,-5.012714174668133],[137.45389938354492,-5.0132271889549],[137.45484352111816,-5.013056184237428],[137.4546718597412,-5.013398193627623],[137.45372772216797,-5.013483695947187],[137.4532985687256,-5.012543169816354],[137.4536418914795,-5.011602642331354],[137.45415687561035,-5.011089626768879],[137.45424270629883,-5.010833118836615],[137.45407104492188,-5.010405605392393],[137.4525260925293,-5.010747616170136],[137.45201110839844,-5.011175129390594],[137.45183944702148,-5.011773647429337],[137.4520969390869,-5.012970681861887],[137.45295524597168,-5.014424220723626],[137.45347023010254,-5.0156212502980395],[137.4536418914795,-5.016732775794765],[137.4532985687256,-5.015450246207493],[137.45261192321777,-5.014253216319574],[137.45080947875977,-5.01536474414543],[137.44900703430176,-5.01536474414543],[137.44806289672852,-5.014766229397395],[137.4452304840088,-5.011859149961552],[137.44454383850098,-5.011859149961552],[137.44402885437012,-5.012286662454727],[137.44394302368164,-5.013141686601756],[137.44420051574707,-5.013996709629524],[137.44600296020508,-5.0174167905442175],[137.44600296020508,-5.0184428113241495],[137.44574546813965,-5.01921232585029],[137.4423122406006,-5.022717880536746],[137.44128227233887,-5.023487390018431],[137.43990898132324,-5.024171397683972],[137.43707656860352,-5.024171397683972],[137.43450164794922,-5.025197407836188],[137.4327850341797,-5.0255394108612705],[137.42952346801758,-5.025624911589475],[137.42918014526367,-5.026137915723169],[137.42918014526367,-5.027078422252373],[137.43081092834473,-5.030583934622328],[137.43261337280273,-5.036739910648919],[137.43372917175293,-5.0428103299248335],[137.43432998657227,-5.04759822622448],[137.43450164794922,-5.053668543937874],[137.43484497070312,-5.0540960289579715],[137.4357032775879,-5.0541815259281435],[137.43656158447266,-5.05324105863572],[137.43741989135742,-5.0514456172872],[137.43913650512695,-5.050163156136151],[137.4411106109619,-5.049650170965421],[137.44179725646973,-5.049222683013113],[137.44359970092773,-5.047085239024966],[137.44385719299316,-5.046486753446175],[137.44342803955078,-5.0451187843360685],[137.44214057922363,-5.044178303900225],[137.44179725646973,-5.043494317272845],[137.44205474853516,-5.041527851705368],[137.44214057922363,-5.043494317272845],[137.44256973266602,-5.044092805611214],[137.44402885437012,-5.04528978063253],[137.44428634643555,-5.046743247333254],[137.44205474853516,-5.049393678227844],[137.44136810302734,-5.049906663601519],[137.43905067443848,-5.050676140901018],[137.43802070617676,-5.051360119956058],[137.43724822998047,-5.052386087185354],[137.43630409240723,-5.054267022887032],[137.4357032775879,-5.054609010609738],[137.43432998657227,-5.05469450751221],[137.4316692352295,-5.071366187614899],[137.42960929870605,-5.0802575744026655],[137.42849349975586,-5.083762798956556],[137.42059707641602,-5.10513570612207]]]}},{"type":"Feature","id":"pmtiles:10/902/526:waterway:6140355132:0","properties":{"name":"Sungai Agimuga","name_int":"Sungai Agimuga","class":"river","name:latin":"Sungai Agimuga","name_de":"Sungai Agimuga","name_en":"Sungai Agimuga","waterway":"river","kind":"waterway","verification":"verified","source":"OpenMapTiles/OpenStreetMap national PMTiles","sourceId":"10/902/526:waterway:6140355132:0","sourceLayer":"waterway","archive":"https://its.hanifahseptiani45.workers.dev/v1/map/archive/indonesia.pmtiles","updatedAt":"2026-07-26T09:44:25.423Z"},"geometry":{"type":"LineString","coordinates":[[137.4708080291748,-5.037509403554978],[137.46376991271973,-5.044007307310935],[137.45844841003418,-5.051787606498976],[137.4521827697754,-5.0629876533880775],[137.44857788085938,-5.07410201198617],[137.44720458984375,-5.084275757047507],[137.44428634643555,-5.098039979776715]]}},{"type":"Feature","id":"pmtiles:10/902/526:waterway:6140526752:0","properties":{"name":"Atimet","name_int":"Atimet","class":"river","name:latin":"Atimet","name_de":"Atimet","name_en":"Atimet","waterway":"river","kind":"waterway","verification":"verified","source":"OpenMapTiles/OpenStreetMap national PMTiles","sourceId":"10/902/526:waterway:6140526752:0","sourceLayer":"waterway","archive":"https://its.hanifahseptiani45.workers.dev/v1/map/archive/indonesia.pmtiles","updatedAt":"2026-07-26T09:44:25.423Z"},"geometry":{"type":"LineString","coordinates":[[137.4667739868164,-4.93986207478423],[137.45965003967285,-4.936954664441927],[137.45793342590332,-4.93686915218008],[137.45638847351074,-4.937296713379098],[137.4547576904297,-4.938151834950219],[137.45355606079102,-4.9396055390903655],[137.4528694152832,-4.941144751764284],[137.45269775390625,-4.943197029768427],[137.4532127380371,-4.946275434852794],[137.45278358459473,-4.9518336299945105],[137.451753616333,-4.954826484954978],[137.44892120361328,-4.961410718149864],[137.4484920501709,-4.965173107633547],[137.44840621948242,-4.972783329820075],[137.44866371154785,-4.976716668617357],[137.44943618774414,-4.981761568739401],[137.45201110839844,-4.98817452146973],[137.4525260925293,-4.990910695572026],[137.45226860046387,-4.994159887497176],[137.451753616333,-4.9958699820437005],[137.45038032531738,-4.997323558900234],[137.44832038879395,-4.99817860260373],[137.4455738067627,-4.997922089609844],[137.4418830871582,-4.996639523134078],[137.43707656860352,-4.995527963491284],[137.43295669555664,-4.9956989727898105],[137.42669105529785,-4.996981541106408],[137.4217987060547,-4.999119149388633],[137.41742134094238,-5.002966826715152],[137.4162197113037,-5.004847905176803],[137.4155330657959,-5.007070990931311],[137.41544723510742,-5.008952057590321],[137.41579055786133,-5.012201159978474],[137.4169921875,-5.013996709629524],[137.42111206054688,-5.017758797650103],[137.4272918701172,-5.029557932955484],[137.43046760559082,-5.040501867306418],[137.43175506591797,-5.050248653625147],[137.43063926696777,-5.059396819764714],[137.42815017700195,-5.071537176977799],[137.42643356323242,-5.081625469180395],[137.42231369018555,-5.095389748617521],[137.41750717163086,-5.1035968805654335],[137.41561889648438,-5.107443937533716],[137.4140739440918,-5.109068243545096]]}},{"type":"Feature","id":"pmtiles:8/225/131:landcover:86599663:0","properties":{"subclass":"wetland","class":"wetland","kind":"green","verification":"verified","source":"OpenMapTiles/OpenStreetMap national PMTiles","sourceId":"8/225/131:landcover:86599663:0","sourceLayer":"landcover","archive":"https://its.hanifahseptiani45.workers.dev/v1/map/archive/indonesia.pmtiles","updatedAt":"2026-07-26T09:35:41.551Z"},"geometry":{"type":"Polygon","coordinates":[[[137.2518539428711,-4.9719282530589055],[137.25563049316406,-4.9722702838965915],[137.25494384765625,-4.970218096206295],[137.2518539428711,-4.970560127931989],[137.2463607788086,-4.9763746400898725],[137.24327087402344,-4.974322465191989],[137.26215362548828,-4.936356078377472],[137.274169921875,-4.918227216268704],[137.27519989013672,-4.910017757741642],[137.28412628173828,-4.904886794837083],[137.2899627685547,-4.907623313295858],[137.2957992553711,-4.9141224996468935],[137.3064422607422,-4.917201039484723],[137.31124877929688,-4.925068354396089],[137.30609893798828,-4.93054121422422],[137.30609893798828,-4.938408371206549],[137.30060577392578,-4.940460657683829],[137.3009490966797,-4.947301566700446],[137.29408264160156,-4.953116283779465],[137.29442596435547,-4.955852603536144],[137.3023223876953,-4.963719459694715],[137.29167938232422,-4.9763746400898725],[137.28618621826172,-4.989371599043167],[137.28343963623047,-5.005788442379625],[137.28618621826172,-5.0170747832590905],[137.28790283203125,-5.022204873710976],[137.2848129272461,-5.025282908609299],[137.26455688476562,-5.0146807272457465],[137.2460174560547,-5.001684270118744],[137.2405242919922,-4.995527963491284],[137.24464416503906,-4.994501906763347],[137.24498748779297,-4.987661487555698],[137.2460174560547,-4.990739685024863],[137.2583770751953,-4.999974190748432],[137.24773406982422,-4.990739685024863],[137.24876403808594,-4.987661487555698],[137.24842071533203,-4.987319464723612],[137.2470474243164,-4.9903976637968555],[137.24361419677734,-4.983557201814193],[137.24430084228516,-4.980478970682597],[137.24807739257812,-4.978084780949217],[137.2518539428711,-4.9719282530589055]],[[137.25322723388672,-4.990739685024863],[137.24876403808594,-4.987661487555698],[137.2528839111328,-4.990739685024863],[137.25322723388672,-4.990739685024863]],[[137.2580337524414,-4.979452890435596],[137.25597381591797,-4.972954345039071],[137.25631713867188,-4.978768836048147],[137.25940704345703,-4.980820997075739],[137.2628402709961,-4.979452890435596],[137.2580337524414,-4.979452890435596]],[[137.26970672607422,-4.975690582501571],[137.26318359375,-4.979110863330803],[137.27039337158203,-4.9763746400898725],[137.26970672607422,-4.975690582501571]],[[137.26627349853516,-4.970218096206295],[137.26970672607422,-4.975690582501571],[137.26696014404297,-4.970560127931989],[137.27073669433594,-4.964745564454674],[137.26627349853516,-4.970218096206295]]]}},{"type":"Feature","id":"pmtiles:8/225/131:landcover:86599693:0","properties":{"subclass":"wetland","class":"wetland","kind":"green","verification":"verified","source":"OpenMapTiles/OpenStreetMap national PMTiles","sourceId":"8/225/131:landcover:86599693:0","sourceLayer":"landcover","archive":"https://its.hanifahseptiani45.workers.dev/v1/map/archive/indonesia.pmtiles","updatedAt":"2026-07-26T09:35:41.552Z"},"geometry":{"type":"Polygon","coordinates":[[[137.15057373046875,-4.972954345039071],[137.15503692626953,-4.971244190850641],[137.15503692626953,-4.970902159480119],[137.14611053466797,-4.973296375343821],[137.12997436523438,-4.9678238691553105],[137.1251678466797,-4.963377424420031],[137.1364974975586,-4.941144751764284],[137.13855743408203,-4.947301566700446],[137.14439392089844,-4.947643610296154],[137.13958740234375,-4.946959522927955],[137.13821411132812,-4.939434515239313],[137.14027404785156,-4.940118610378818],[137.14061737060547,-4.943197029768427],[137.14370727539062,-4.942170891560934],[137.14130401611328,-4.942512937806683],[137.14096069335938,-4.937724274302482],[137.13787078857422,-4.938408371206549],[137.13855743408203,-4.918227216268704],[137.13272094726562,-4.907965377314255],[137.13855743408203,-4.890519889057032],[137.14988708496094,-4.892914394784114],[137.14885711669922,-4.90009786054901],[137.1533203125,-4.902834398632038],[137.1540069580078,-4.906597120188607],[137.1533203125,-4.901808198164403],[137.15503692626953,-4.90009786054901],[137.1636199951172,-4.904886794837083],[137.16705322265625,-4.909675694775601],[137.16773986816406,-4.908991568317234],[137.17185974121094,-4.912412193591166],[137.17185974121094,-4.915148681173491],[137.17632293701172,-4.916516920750269],[137.17357635498047,-4.917885157516409],[137.1759796142578,-4.920963679959868],[137.17803955078125,-4.921305737130197],[137.17838287353516,-4.918569274845254],[137.1807861328125,-4.93054121422422],[137.18353271484375,-4.9298571092109285],[137.1869659423828,-4.924384243749174],[137.18868255615234,-4.926436573578272],[137.18730926513672,-4.931909422136769],[137.19314575195312,-4.929515056440096],[137.1969223022461,-4.932593525035841],[137.20138549804688,-4.933277627229984],[137.2034454345703,-4.940118610378818],[137.2240447998047,-4.957220759165551],[137.22301483154297,-4.961667245387062],[137.21580505371094,-4.965771667618313],[137.21134185791016,-4.972612314556656],[137.2079086303711,-4.973638405470908],[137.197265625,-4.965771667618313],[137.19417572021484,-4.957220759165551],[137.19383239746094,-4.9620092815482195],[137.19005584716797,-4.962351317532125],[137.18215942382812,-4.956536681705018],[137.19039916992188,-4.963035388968038],[137.19486236572266,-4.963035388968038],[137.1976089477539,-4.967481836009426],[137.21202850341797,-4.977742753132986],[137.2024154663086,-4.995527963491284],[137.1859359741211,-4.998948140982748],[137.18490600585938,-5.008182530974835],[137.17357635498047,-5.003052330398901],[137.1701431274414,-4.991423726946039],[137.1639633178711,-4.9821891008688794],[137.15057373046875,-4.972954345039071]],[[137.16156005859375,-4.915490741331141],[137.16705322265625,-4.909675694775601],[137.16121673583984,-4.914806620840238],[137.16156005859375,-4.915490741331141]],[[137.16533660888672,-4.923016020344079],[137.16156005859375,-4.915490741331141],[137.1639633178711,-4.922331907586113],[137.16533660888672,-4.923016020344079]],[[137.16293334960938,-4.972954345039071],[137.15641021728516,-4.973980435420302],[137.15675354003906,-4.974322465191989],[137.16293334960938,-4.972954345039071]]]}},{"type":"Feature","id":"pmtiles:8/225/131:landcover:86613013:0","properties":{"subclass":"wetland","class":"wetland","kind":"green","verification":"verified","source":"OpenMapTiles/OpenStreetMap national PMTiles","sourceId":"8/225/131:landcover:86613013:0","sourceLayer":"landcover","archive":"https://its.hanifahseptiani45.workers.dev/v1/map/archive/indonesia.pmtiles","updatedAt":"2026-07-26T09:35:41.552Z"},"geometry":{"type":"Polygon","coordinates":[[[137.3232650756836,-4.8973613112606245],[137.32635498046875,-4.899413724277167],[137.32669830322266,-4.902834398632038],[137.33219146728516,-4.903518531401247],[137.33768463134766,-4.913096316540106],[137.3452377319336,-4.915832801313158],[137.3517608642578,-4.923700132398466],[137.3562240600586,-4.938408371206549],[137.3627471923828,-4.945249301414677],[137.35759735107422,-4.959957061922566],[137.35450744628906,-4.953458324368526],[137.34729766845703,-4.949011782911285],[137.34901428222656,-4.943539075484395],[137.34661102294922,-4.941144751764284],[137.34901428222656,-4.939434515239313],[137.3459243774414,-4.940802704812299],[137.3455810546875,-4.942512937806683],[137.34832763671875,-4.94388112102375],[137.34661102294922,-4.949695868158031],[137.35382080078125,-4.954142405015759],[137.3558807373047,-4.958930949717356],[137.35416412353516,-4.965771667618313],[137.3507308959961,-4.969534032222228],[137.3394012451172,-4.9678238691553105],[137.3349380493164,-4.961667245387062],[137.3297882080078,-4.9592729872962735],[137.3119354248047,-4.958930949717356],[137.30403900146484,-4.962693353338722],[137.29476928710938,-4.954484445073874],[137.3016357421875,-4.948669740022694],[137.3016357421875,-4.940802704812299],[137.3074722290039,-4.9387504193939264],[137.30609893798828,-4.933277627229984],[137.3122787475586,-4.925068354396089],[137.30712890625,-4.917201039484723],[137.3184585571289,-4.90009786054901],[137.3232650756836,-4.8973613112606245]]]}},{"type":"Feature","id":"pmtiles:8/225/131:landcover:86613033:0","properties":{"subclass":"wetland","class":"wetland","kind":"green","verification":"verified","source":"OpenMapTiles/OpenStreetMap national PMTiles","sourceId":"8/225/131:landcover:86613033:0","sourceLayer":"landcover","archive":"https://its.hanifahseptiani45.workers.dev/v1/map/archive/indonesia.pmtiles","updatedAt":"2026-07-26T09:35:41.552Z"},"geometry":{"type":"Polygon","coordinates":[[[137.35244750976562,-5.013996709629524],[137.34901428222656,-5.0146807272457465],[137.35279083251953,-5.015022735785166],[137.35450744628906,-5.025624911589475],[137.35210418701172,-5.029044931515699],[137.34283447265625,-5.03383292922949],[137.33665466308594,-5.0413568544180976],[137.3342514038086,-5.03896288766974],[137.3342514038086,-5.034858924155486],[137.32601165771484,-5.0259669143901675],[137.3078155517578,-5.012286662454727],[137.29820251464844,-5.011602642331354],[137.2903060913086,-5.008182530974835],[137.2909927368164,-5.001000238906556],[137.30472564697266,-4.9719282530589055],[137.30850219726562,-4.9746644947859835],[137.30884552001953,-4.969876064303037],[137.3174285888672,-4.965087599019938],[137.3448944091797,-4.975006524202243],[137.3569107055664,-4.973980435420302],[137.36961364746094,-4.96440352971203],[137.37476348876953,-4.952090160950547],[137.37682342529297,-4.9373822255858215],[137.38197326660156,-4.942512937806683],[137.38780975341797,-4.941486798539714],[137.39055633544922,-4.937040176692761],[137.3902130126953,-4.936698127623302],[137.38746643066406,-4.940802704812299],[137.38265991210938,-4.942170891560934],[137.3778533935547,-4.934645829503069],[137.3792266845703,-4.903860597523035],[137.3847198486328,-4.902834398632038],[137.39604949951172,-4.9141224996468935],[137.40291595458984,-4.916858980205333],[137.4221420288086,-4.913780438786873],[137.42557525634766,-4.910359820532264],[137.43244171142578,-4.9267786279338],[137.42969512939453,-4.93054121422422],[137.42111206054688,-4.932593525035841],[137.42042541503906,-4.937040176692761],[137.42420196533203,-4.938408371206549],[137.43450164794922,-4.9322514736744125],[137.4331283569336,-4.940460657683829],[137.41836547851562,-4.951406078179971],[137.39604949951172,-4.955168524659072],[137.3898696899414,-4.960641135840049],[137.38609313964844,-4.9722702838965915],[137.3843765258789,-4.970902159480119],[137.38506317138672,-4.973296375343821],[137.3788833618164,-4.977742753132986],[137.37716674804688,-4.9821891008688794],[137.3778533935547,-4.996212000417643],[137.37030029296875,-5.00134225460198],[137.3565673828125,-5.006130455572631],[137.35244750976562,-5.009892588890182],[137.35244750976562,-5.013996709629524]],[[137.34695434570312,-5.014338718527199],[137.34798431396484,-5.0146807272457465],[137.34832763671875,-5.009550577664996],[137.34695434570312,-5.014338718527199]],[[137.3957061767578,-4.937724274302482],[137.39330291748047,-4.940802704812299],[137.39398956298828,-4.941486798539714],[137.3957061767578,-4.937724274302482]]]}},{"type":"Feature","id":"pmtiles:8/225/131:landcover:86613053:0","properties":{"subclass":"wetland","class":"wetland","kind":"green","verification":"verified","source":"OpenMapTiles/OpenStreetMap national PMTiles","sourceId":"8/225/131:landcover:86613053:0","sourceLayer":"landcover","archive":"https://its.hanifahseptiani45.workers.dev/v1/map/archive/indonesia.pmtiles","updatedAt":"2026-07-26T09:35:41.552Z"},"geometry":{"type":"Polygon","coordinates":[[[137.36515045166016,-5.067689905361647],[137.36412048339844,-5.077607270009679],[137.36068725585938,-5.077265294455728],[137.3404312133789,-5.056746429785676],[137.33837127685547,-5.051274622613647],[137.34867095947266,-5.040672864818774],[137.3675537109375,-5.033490930561186],[137.3678970336914,-5.03041293445682],[137.36412048339844,-5.0259669143901675],[137.37545013427734,-5.023230886958814],[137.37957000732422,-5.027676925700263],[137.3833465576172,-5.0259669143901675],[137.38746643066406,-5.028018927423545],[137.38780975341797,-5.027334923797383],[137.3833465576172,-5.025282908609299],[137.38025665283203,-5.026992921714921],[137.38162994384766,-5.022204873710976],[137.3792266845703,-5.026992921714921],[137.37613677978516,-5.022546878306343],[137.36995697021484,-5.022888882722299],[137.3627471923828,-5.0259669143901675],[137.3672103881836,-5.032806932685176],[137.34970092773438,-5.037252906020839],[137.35759735107422,-5.031096934849273],[137.3613739013672,-5.02459890211037],[137.3572540283203,-5.010918621491882],[137.37682342529297,-5.003394345022144],[137.38231658935547,-4.993817868052588],[137.38540649414062,-4.995185944760408],[137.39158630371094,-4.99176574763915],[137.39158630371094,-4.990739685024863],[137.38574981689453,-4.994159887497176],[137.38197326660156,-4.99176574763915],[137.38128662109375,-4.9821891008688794],[137.3895263671875,-4.973980435420302],[137.4001693725586,-4.977400725138921],[137.40291595458984,-4.9815050493282484],[137.4011993408203,-4.977058696967035],[137.42111206054688,-4.980478970682597],[137.42935180664062,-4.98697744171335],[137.42488861083984,-4.987661487555698],[137.42969512939453,-4.988345532685301],[137.43038177490234,-4.9903976637968555],[137.42042541503906,-4.995527963491284],[137.41527557373047,-5.0037363594666715],[137.41424560546875,-5.010576610803639],[137.42488861083984,-5.035200922104465],[137.427978515625,-5.048538701703279],[137.4166488647461,-5.0505906434683965],[137.41046905517578,-5.047512728386067],[137.40978240966797,-5.0430668252647735],[137.4053192138672,-5.037936899220284],[137.3957061767578,-5.037594902710538],[137.39501953125,-5.039646879069423],[137.39879608154297,-5.039646879069423],[137.39948272705078,-5.041698848947632],[137.39501953125,-5.042724831455672],[137.39261627197266,-5.0410148597084685],[137.39261627197266,-5.045460776883942],[137.3888397216797,-5.048880692448378],[137.38300323486328,-5.047512728386067],[137.37579345703125,-5.049906663601519],[137.37442016601562,-5.0553784823257075],[137.36515045166016,-5.067689905361647]],[[137.39227294921875,-4.996896036630048],[137.39158630371094,-4.99176574763915],[137.3902130126953,-4.994501906763347],[137.39295959472656,-4.9986061240370105],[137.3943328857422,-4.9982641069127],[137.39227294921875,-4.996896036630048]],[[137.3946762084961,-4.989713620805972],[137.3943328857422,-4.9982641069127],[137.3957061767578,-4.997922089609844],[137.39501953125,-4.989713620805972],[137.39776611328125,-4.989371599043167],[137.3946762084961,-4.989713620805972]],[[137.38815307617188,-4.999290157749897],[137.3902130126953,-4.994501906763347],[137.38780975341797,-4.997922089609844],[137.38815307617188,-4.999290157749897]],[[137.37579345703125,-5.021178858848529],[137.38162994384766,-5.022204873710976],[137.38197326660156,-5.021862868936225],[137.37613677978516,-5.020836853535641],[137.37579345703125,-5.021178858848529]],[[137.37648010253906,-5.018784817892268],[137.37613677978516,-5.020836853535641],[137.38128662109375,-5.019126824281102],[137.37648010253906,-5.018784817892268]],[[137.3785400390625,-5.0146807272457465],[137.38128662109375,-5.019126824281102],[137.38197326660156,-5.019126824281102],[137.3785400390625,-5.0146807272457465]],[[137.39158630371094,-5.001684270118744],[137.38849639892578,-5.000316206979775],[137.3888397216797,-5.002026285456836],[137.39158630371094,-5.001684270118744]],[[137.3891830444336,-5.021520863982062],[137.38815307617188,-5.025624911589475],[137.3891830444336,-5.022546878306343],[137.39330291748047,-5.022204873710976],[137.39330291748047,-5.021178858848529],[137.3891830444336,-5.021520863982062]],[[137.39295959472656,-5.0184428113241495],[137.39330291748047,-5.020494848043398],[137.39330291748047,-5.018100804576761],[137.39295959472656,-5.0184428113241495]],[[137.39604949951172,-5.01536474414543],[137.39604949951172,-5.0174167905442175],[137.39673614501953,-5.0174167905442175],[137.39604949951172,-5.01536474414543]]]}},{"type":"Feature","id":"pmtiles:8/225/131:landcover:86613063:0","properties":{"subclass":"wetland","class":"wetland","kind":"green","verification":"verified","source":"OpenMapTiles/OpenStreetMap national PMTiles","sourceId":"8/225/131:landcover:86613063:0","sourceLayer":"landcover","archive":"https://its.hanifahseptiani45.workers.dev/v1/map/archive/indonesia.pmtiles","updatedAt":"2026-07-26T09:35:41.552Z"},"geometry":{"type":"Polygon","coordinates":[[[137.38712310791016,-5.097441541438428],[137.3888397216797,-5.097099576423361],[137.38231658935547,-5.095047782510335],[137.36995697021484,-5.0875244821335315],[137.36549377441406,-5.0817109625076],[137.36583709716797,-5.067005943564325],[137.37648010253906,-5.051616611915648],[137.3836898803711,-5.047854719672117],[137.3888397216797,-5.049222683013113],[137.39295959472656,-5.045460776883942],[137.39295959472656,-5.0413568544180976],[137.39501953125,-5.0430668252647735],[137.39913940429688,-5.042040843297102],[137.3998260498047,-5.039988874499244],[137.3953628540039,-5.039304883459579],[137.39604949951172,-5.037936899220284],[137.4053192138672,-5.0386208916998925],[137.41012573242188,-5.047512728386067],[137.41596221923828,-5.050932633131239],[137.4283218383789,-5.049906663601519],[137.42488861083984,-5.068031885988788],[137.4118423461914,-5.060850254822725],[137.42488861083984,-5.069741786408926],[137.41870880126953,-5.092654014665371],[137.4111557006836,-5.10701648789923],[137.40737915039062,-5.108726284726899],[137.39604949951172,-5.108042366543117],[137.38712310791016,-5.097441541438428]]]}},{"type":"Feature","id":"pmtiles:8/225/131:landcover:86613323:0","properties":{"subclass":"wetland","class":"wetland","kind":"green","verification":"verified","source":"OpenMapTiles/OpenStreetMap national PMTiles","sourceId":"8/225/131:landcover:86613323:0","sourceLayer":"landcover","archive":"https://its.hanifahseptiani45.workers.dev/v1/map/archive/indonesia.pmtiles","updatedAt":"2026-07-26T09:35:41.552Z"},"geometry":{"type":"Polygon","coordinates":[[[137.40291595458984,-4.976032611384596],[137.3898696899414,-4.9719282530589055],[137.39295959472656,-4.961667245387062],[137.41596221923828,-4.95756279763016],[137.42935180664062,-4.948327696957307],[137.43175506591797,-4.950721994701809],[137.43450164794922,-4.950037910516144],[137.4393081665039,-4.939092467404848],[137.4393081665039,-4.933277627229984],[137.43553161621094,-4.925410409455623],[137.43690490722656,-4.921647794124695],[137.45956420898438,-4.920621622613737],[137.46505737304688,-4.926094519046714],[137.4715805053711,-4.923700132398466],[137.47501373291016,-4.927120682113326],[137.4767303466797,-4.933277627229984],[137.47364044189453,-4.938066322842715],[137.46780395507812,-4.939434515239313],[137.45990753173828,-4.935671979356741],[137.45269775390625,-4.939092467404848],[137.44617462158203,-4.968165902123687],[137.44583129882812,-4.975690582501571],[137.449951171875,-4.991423726946039],[137.44857788085938,-4.996212000417643],[137.43209838867188,-4.991081706074596],[137.43209838867188,-4.98697744171335],[137.42935180664062,-4.982531126372223],[137.43106842041016,-4.988687554982803],[137.42900848388672,-4.984925299910969],[137.42076873779297,-4.979452890435596],[137.40428924560547,-4.975690582501571],[137.40291595458984,-4.976032611384596]],[[137.4286651611328,-4.980820997075739],[137.42900848388672,-4.981847075187545],[137.43690490722656,-4.9815050493282484],[137.4286651611328,-4.980820997075739]],[[137.4393081665039,-4.979110863330803],[137.43690490722656,-4.9815050493282484],[137.4382781982422,-4.9815050493282484],[137.4393081665039,-4.979110863330803]],[[137.43896484375,-4.9763746400898725],[137.4393081665039,-4.978768836048147],[137.43999481201172,-4.977400725138921],[137.43896484375,-4.9763746400898725]],[[137.43518829345703,-4.976716668617357],[137.43896484375,-4.9763746400898725],[137.4386215209961,-4.975690582501571],[137.43484497070312,-4.9763746400898725],[137.43518829345703,-4.976716668617357]]]}},{"type":"Feature","id":"pmtiles:8/225/131:transportation:10282409110:1","properties":{"class":"ferry","highway":"ferry","kind":"road","verification":"verified","source":"OpenMapTiles/OpenStreetMap national PMTiles","sourceId":"8/225/131:transportation:10282409110:1","sourceLayer":"transportation","archive":"https://its.hanifahseptiani45.workers.dev/v1/map/archive/indonesia.pmtiles","updatedAt":"2026-07-26T09:35:41.557Z"},"geometry":{"type":"LineString","coordinates":[[136.38427734375,-4.9719282530589055],[136.72279357910156,-4.91993750739401],[136.75540924072266,-4.895308891944595],[136.77635192871094,-4.8840204732192944],[136.7849349975586,-4.875468514305211],[136.7914581298828,-4.865890191065205],[136.80004119873047,-4.8494698913710295],[136.8021011352539,-4.84331217597844],[136.80278778076172,-4.834759700476738],[136.80484771728516,-4.8313386800305125],[136.81034088134766,-4.829628163332259],[136.82029724121094,-4.829628163332259],[136.83025360107422,-4.83168078285226],[136.8402099609375,-4.832364987977769],[136.8460464477539,-4.8313386800305125],[136.84810638427734,-4.827575537599046],[136.84879302978516,-4.820049190128572],[136.84776306152344,-4.827575537599046],[136.845703125,-4.8313386800305125],[136.8402099609375,-4.832364987977769],[136.83025360107422,-4.832022885501345],[136.82029724121094,-4.829970267017131],[136.81034088134766,-4.829628163332259],[136.80484771728516,-4.83168078285226],[136.80313110351562,-4.834759700476738],[136.8024444580078,-4.84331217597844],[136.80038452148438,-4.849811985024999],[136.7859649658203,-4.8768368350532825],[136.78390502929688,-4.890519889057032],[136.78665161132812,-4.913780438786873],[136.8350601196289,-4.934645829503069],[137.70503997802734,-5.404792974524639],[137.83447265625,-5.462895560209546]]}},{"type":"Feature","id":"pmtiles:8/225/131:transportation:10282409110:2","properties":{"class":"ferry","highway":"ferry","kind":"road","verification":"verified","source":"OpenMapTiles/OpenStreetMap national PMTiles","sourceId":"8/225/131:transportation:10282409110:2","sourceLayer":"transportation","archive":"https://its.hanifahseptiani45.workers.dev/v1/map/archive/indonesia.pmtiles","updatedAt":"2026-07-26T09:35:41.557Z"},"geometry":{"type":"LineString","coordinates":[[137.83447265625,-5.4611867407620025],[137.69062042236328,-5.394880798684028],[136.78630828857422,-4.9141224996468935],[136.76605224609375,-4.880941780565394],[136.76433563232422,-4.874100190769752],[136.7626190185547,-4.861100978309949],[136.7633056640625,-4.853575003777905],[136.7736053466797,-4.832707090281474],[136.77326202392578,-4.82073340698193],[136.77051544189453,-4.807733169042791],[136.77085876464844,-4.804654128956841],[136.7691421508789,-4.802943545121053],[136.77017211914062,-4.804996245208926],[136.76982879638672,-4.807733169042791],[136.77223205566406,-4.82073340698193],[136.77257537841797,-4.832364987977769],[136.76227569580078,-4.853232912030947],[136.76158905029297,-4.861100978309949],[136.7629623413086,-4.874100190769752],[136.75506591796875,-4.894966821446303],[136.72279357910156,-4.919253391471159],[136.42822265625,-4.962351317532125],[136.38427734375,-4.966113701651395]]}},{"type":"Feature","id":"pmtiles:8/225/131:water:190:0","properties":{"class":"ocean","water":"ocean","kind":"waterway","verification":"verified","source":"OpenMapTiles/OpenStreetMap national PMTiles","sourceId":"8/225/131:water:190:0","sourceLayer":"water","archive":"https://its.hanifahseptiani45.workers.dev/v1/map/archive/indonesia.pmtiles","updatedAt":"2026-07-26T09:35:41.558Z"},"geometry":{"type":"Polygon","coordinates":[[[136.38427734375,-5.615644144204083],[136.38427734375,-4.691404288203813],[136.3890838623047,-4.694141662906958],[136.3904571533203,-4.694141662906958],[136.39148712158203,-4.695852516643569],[136.39904022216797,-4.703722389760088],[136.40178680419922,-4.703380223212108],[136.4069366455078,-4.698932042793771],[136.41380310058594,-4.702011555339055],[136.41380310058594,-4.705433219977849],[136.41551971435547,-4.7081705395796405],[136.41483306884766,-4.710565685396276],[136.4179229736328,-4.715355952274422],[136.4165496826172,-4.7146716304564364],[136.41620635986328,-4.715013791449692],[136.4223861694336,-4.720146186118086],[136.42684936523438,-4.722199133358814],[136.42925262451172,-4.725278542826061],[136.43234252929688,-4.728015784201233],[136.4344024658203,-4.727673629620696],[136.44058227539062,-4.72322560470073],[136.44332885742188,-4.722541290641587],[136.44676208496094,-4.717751073327648],[136.44847869873047,-4.712960822962586],[136.45122528076172,-4.709539195342003],[136.45156860351562,-4.702695889611775],[136.45431518554688,-4.698247704824681],[136.45809173583984,-4.694141662906958],[136.45946502685547,-4.6907199428508335],[136.45980834960938,-4.686613856652045],[136.45946502685547,-4.683876452449525],[136.45431518554688,-4.682165569381155],[136.44847869873047,-4.681823392265329],[136.44573211669922,-4.679428147769258],[136.44573211669922,-4.677717253825122],[136.44916534423828,-4.674295453397647],[136.44916534423828,-4.672242365120127],[136.44264221191406,-4.668136170529948],[136.44332885742188,-4.667451802428161],[136.44882202148438,-4.669504904730971],[136.4501953125,-4.670531453629124],[136.4505386352539,-4.6739532724357105],[136.44744873046875,-4.67669071545204],[136.44710540771484,-4.680112504176094],[136.4498519897461,-4.681139037531622],[136.45465850830078,-4.6807968599137695],[136.45740509033203,-4.681481214982142],[136.45946502685547,-4.68250774632962],[136.4608383178711,-4.684902980281521],[136.4608383178711,-4.68935125013293],[136.45946502685547,-4.695852516643569],[136.45397186279297,-4.700985052669495],[136.45225524902344,-4.709539195342003],[136.45465850830078,-4.7146716304564364],[136.4550018310547,-4.722883447755578],[136.45980834960938,-4.729726554568899],[136.46358489990234,-4.7334902344990155],[136.461181640625,-4.7389646414852535],[136.46564483642578,-4.740675384778356],[136.47079467773438,-4.739648939310726],[136.47422790527344,-4.741359680909611],[136.48658752441406,-4.741701828721048],[136.48761749267578,-4.742043976362993],[136.4889907836914,-4.744439005110337],[136.4944839477539,-4.746834025548594],[136.49654388427734,-4.746834025548594],[136.4992904663086,-4.748886893593422],[136.4992904663086,-4.751624041481165],[136.5003204345703,-4.7533347533919965],[136.51268005371094,-4.762230386829074],[136.51851654052734,-4.769757371416944],[136.5264129638672,-4.76941523754283],[136.53396606445312,-4.772152303761999],[136.5319061279297,-4.776600013084675],[136.5322494506836,-4.780705565314761],[136.53362274169922,-4.783784713342428],[136.54598236083984,-4.790285091468533],[136.54804229736328,-4.7906272149218125],[136.55250549316406,-4.7872059726865075],[136.5655517578125,-4.781389821628338],[136.56864166259766,-4.781389821628338],[136.5703582763672,-4.780021308317757],[136.57241821289062,-4.783442586467501],[136.5658950805664,-4.792679952045759],[136.5658950805664,-4.794048440036235],[136.56795501708984,-4.7971275279908525],[136.57310485839844,-4.8008908388539595],[136.5871810913086,-4.804312012533046],[136.60709381103516,-4.813549095671448],[136.63455963134766,-4.828259746866976],[136.6427993774414,-4.836128103818311],[136.65000915527344,-4.839207001225745],[136.66717529296875,-4.8450226581043125],[136.67781829833984,-4.8522066357495675],[136.69395446777344,-4.858706359163051],[136.7186737060547,-4.86144306606478],[136.72691345214844,-4.865206019900157],[136.7351531982422,-4.871363535339768],[136.7464828491211,-4.874784352885868],[136.7516326904297,-4.875126433682638],[136.7849349975586,-4.887099151737516],[136.78871154785156,-4.896677172188447],[136.79489135742188,-4.901808198164403],[136.81583404541016,-4.912412193591166],[136.8292236328125,-4.922673964053047],[136.834716796875,-4.925068354396089],[136.83917999267578,-4.924042188161778],[136.8398666381836,-4.921647794124695],[136.83883666992188,-4.919253391471159],[136.834716796875,-4.917201039484723],[136.83265686035156,-4.9141224996468935],[136.83574676513672,-4.910359820532264],[136.8398666381836,-4.907623313295858],[136.84329986572266,-4.907965377314255],[136.856689453125,-4.903176465104224],[136.8621826171875,-4.902492331984661],[136.86321258544922,-4.899755792500628],[136.8680191040039,-4.900439928422301],[136.87179565429688,-4.897703380534267],[136.87522888183594,-4.892914394784114],[136.878662109375,-4.891204034424391],[136.88518524169922,-4.890861961828094],[136.89376831054688,-4.886415002177742],[136.8999481201172,-4.8819680130201135],[136.92604064941406,-4.887441226255476],[136.92398071289062,-4.890177816111233],[136.92398071289062,-4.8915461068459365],[136.92535400390625,-4.898729587305098],[136.9274139404297,-4.901808198164403],[136.93050384521484,-4.903176465104224],[136.93222045898438,-4.902834398632038],[136.9493865966797,-4.913780438786873],[136.9607162475586,-4.919253391471159],[136.9610595703125,-4.920621622613737],[136.9603729248047,-4.920963679959868],[136.9614028930664,-4.9219898509433335],[136.96243286132812,-4.9219898509433335],[136.96243286132812,-4.920621622613737],[136.96346282958984,-4.923016020344079],[136.96517944335938,-4.922673964053047],[136.96414947509766,-4.924042188161778],[136.9658660888672,-4.925410409455623],[136.96895599365234,-4.9315673704229255],[136.97067260742188,-4.932593525035841],[136.97444915771484,-4.937724274302482],[136.9771957397461,-4.939434515239313],[136.9830322265625,-4.93532992958184],[136.9888687133789,-4.93430377919924],[136.98646545410156,-4.932593525035841],[136.99298858642578,-4.935671979356741],[136.9991683959961,-4.936698127623302],[137.00740814208984,-4.93601402895527],[137.02354431152344,-4.924384243749174],[137.02526092529297,-4.922673964053047],[137.02560424804688,-4.918569274845254],[137.02938079833984,-4.916858980205333],[137.032470703125,-4.917201039484723],[137.04174041748047,-4.924042188161778],[137.05581665039062,-4.918911333246086],[137.06199645996094,-4.919253391471159],[137.06748962402344,-4.905570925503525],[137.06783294677734,-4.9021502651621205],[137.06371307373047,-4.898387518556518],[137.0537567138672,-4.894966821446303],[137.04517364501953,-4.890177816111233],[137.04208374023438,-4.892230251164634],[137.04036712646484,-4.892230251164634],[137.04208374023438,-4.891888179092689],[137.04448699951172,-4.8894936696954545],[137.04002380371094,-4.8840204732192944],[137.0317840576172,-4.883336320517486],[137.02903747558594,-4.881625935709636],[137.02457427978516,-4.871021452627588],[137.0269775390625,-4.866574361534759],[137.03487396240234,-4.860416802279161],[137.03453063964844,-4.859390536930434],[137.0328140258789,-4.858706359163051],[137.03659057617188,-4.856311731508825],[137.03487396240234,-4.85836427001891],[137.03624725341797,-4.859732625553676],[137.0273208618164,-4.8672585313087495],[137.02560424804688,-4.870679369741367],[137.02869415283203,-4.879573468184148],[137.03144073486328,-4.8819680130201135],[137.04105377197266,-4.88265216711774],[137.04208374023438,-4.878889310947329],[137.04174041748047,-4.878205153013184],[137.04242706298828,-4.878205153013184],[137.04448699951172,-4.874784352885868],[137.04345703125,-4.874100190769752],[137.04483032226562,-4.874442271914901],[137.0482635498047,-4.871021452627588],[137.04792022705078,-4.870337286681092],[137.05032348632812,-4.872731864447687],[137.05615997314453,-4.869653120038478],[137.05718994140625,-4.867942700387033],[137.05684661865234,-4.863153502233018],[137.04998016357422,-4.852548728016771],[137.04723358154297,-4.845706849742797],[137.0496368408203,-4.8487857035432285],[137.04792022705078,-4.836470204221698],[137.05169677734375,-4.818680754354972],[137.05169677734375,-4.814917541773184],[137.04998016357422,-4.810812195211767],[137.05066680908203,-4.810470081880524],[137.05341339111328,-4.81560176379169],[137.05615997314453,-4.8166280955287135],[137.05547332763672,-4.817996535434887],[137.05581665039062,-4.822443946100279],[137.0537567138672,-4.826549222403287],[137.05307006835938,-4.829628163332259],[137.05341339111328,-4.83578600324212],[137.054443359375,-4.838864902205373],[137.0537567138672,-4.841943787162364],[137.054443359375,-4.8460489453023],[137.0547866821289,-4.847417325808522],[137.05718994140625,-4.8487857035432285],[137.0592498779297,-4.851522450695029],[137.06302642822266,-4.85802218070117],[137.06817626953125,-4.860074714003261],[137.07195281982422,-4.859390536930434],[137.07263946533203,-4.8576800912098435],[137.07332611083984,-4.859048448133564],[137.07744598388672,-4.8576800912098435],[137.07744598388672,-4.858706359163051],[137.08362579345703,-4.861785153645911],[137.0870590209961,-4.855627550617058],[137.08946228027344,-4.853575003777905],[137.09392547607422,-4.851522450695029],[137.0987319946289,-4.84536475401012],[137.10147857666016,-4.8426279819165075],[137.09529876708984,-4.842970079034018],[137.09152221679688,-4.841259591716124],[137.0880889892578,-4.837496504394792],[137.08740234375,-4.834417599209388],[137.08293914794922,-4.828259746866976],[137.08328247070312,-4.822443946100279],[137.08911895751953,-4.810470081880524],[137.0922088623047,-4.8063647084999985],[137.08843231201172,-4.808075283748991],[137.08602905273438,-4.808075283748991],[137.08431243896484,-4.807048939114964],[137.0825958251953,-4.803285662231559],[137.0757293701172,-4.801232956994141],[137.07401275634766,-4.8015750749627415],[137.07298278808594,-4.805680477197939],[137.0712661743164,-4.807048939114964],[137.06817626953125,-4.806022592934852],[137.06680297851562,-4.803285662231559],[137.06680297851562,-4.802601427838908],[137.06817626953125,-4.802259310385153],[137.0709228515625,-4.805680477197939],[137.07229614257812,-4.801232956994141],[137.07366943359375,-4.800206602058893],[137.0771026611328,-4.799522364577626],[137.0822525024414,-4.801232956994141],[137.08293914794922,-4.797469648017653],[137.08740234375,-4.793706318295577],[137.0880889892578,-4.7896008440483655],[137.09049224853516,-4.786863847521786],[137.0932388305664,-4.786179596679162],[137.09632873535156,-4.7885744716343766],[137.0977020263672,-4.7872059726865075],[137.0980453491211,-4.785495345152313],[137.09564208984375,-4.7803634369016805],[137.0990753173828,-4.772836568611481],[137.09735870361328,-4.769757371416944],[137.0980453491211,-4.76941523754283],[137.10079193115234,-4.7759157519891176],[137.0990753173828,-4.774889359065668],[137.09667205810547,-4.781047693556985],[137.0990753173828,-4.784811092941354],[137.0990753173828,-4.78754809768013],[137.09667205810547,-4.78925872008152],[137.0925521850586,-4.78754809768013],[137.09083557128906,-4.787890222502654],[137.08911895751953,-4.7906272149218125],[137.0880889892578,-4.795759046169337],[137.08602905273438,-4.798496007069346],[137.08637237548828,-4.799522364577626],[137.08602905273438,-4.799522364577626],[137.08465576171875,-4.8008908388539595],[137.08499908447266,-4.802601427838908],[137.0867156982422,-4.804996245208926],[137.09083557128906,-4.803969895937556],[137.0935821533203,-4.804996245208926],[137.0928955078125,-4.808759512645878],[137.09049224853516,-4.811838534173901],[137.0877456665039,-4.819707081443511],[137.08499908447266,-4.824154480910266],[137.08431243896484,-4.826891327641022],[137.08465576171875,-4.828259746866976],[137.08843231201172,-4.832707090281474],[137.09152221679688,-4.837496504394792],[137.09495544433594,-4.83578600324212],[137.09529876708984,-4.836470204221698],[137.0922088623047,-4.838180703645861],[137.09392547607422,-4.839891198747722],[137.0980453491211,-4.840233297249284],[137.10044860839844,-4.838864902205373],[137.10113525390625,-4.837838604106764],[137.10044860839844,-4.833733396156418],[137.0987319946289,-4.834417599209388],[137.0987319946289,-4.833049192412503],[137.08980560302734,-4.829286059474782],[137.08911895751953,-4.826549222403287],[137.09049224853516,-4.825180799727605],[137.10079193115234,-4.82073340698193],[137.09976196289062,-4.817996535434887],[137.09426879882812,-4.816970205763482],[137.09392547607422,-4.81560176379169],[137.0990753173828,-4.811154308371087],[137.10250854492188,-4.811496421358484],[137.1038818359375,-4.810470081880524],[137.10216522216797,-4.8053383612893015],[137.10525512695312,-4.8019171927597455],[137.10525512695312,-4.802943545121053],[137.10285186767578,-4.806022592934852],[137.1045684814453,-4.809785854702312],[137.10559844970703,-4.810470081880524],[137.1086883544922,-4.808759512645878],[137.10834503173828,-4.807733169042791],[137.10559844970703,-4.806706823893364],[137.10628509521484,-4.8053383612893015],[137.10834503173828,-4.803627779170384],[137.11074829101562,-4.803285662231559],[137.11177825927734,-4.8008908388539595],[137.11109161376953,-4.803627779170384],[137.10731506347656,-4.804996245208926],[137.10628509521484,-4.8063647084999985],[137.1086883544922,-4.807733169042791],[137.1090316772461,-4.809101626836551],[137.10594177246094,-4.810812195211767],[137.10800170898438,-4.811496421358484],[137.10731506347656,-4.812180646817382],[137.1045684814453,-4.810470081880524],[137.1035385131836,-4.811838534173901],[137.0987319946289,-4.812180646817382],[137.09495544433594,-4.816285985121823],[137.09976196289062,-4.817312315826115],[137.10147857666016,-4.819364972586214],[137.10147857666016,-4.8210755151501985],[137.09049224853516,-4.8262071169930465],[137.08980560302734,-4.827917642319264],[137.09976196289062,-4.832707090281474],[137.10010528564453,-4.829628163332259],[137.10182189941406,-4.828259746866976],[137.1086883544922,-4.829970267017131],[137.1086883544922,-4.830996577036117],[137.10113525390625,-4.829628163332259],[137.10079193115234,-4.8313386800305125],[137.1042251586914,-4.838180703645861],[137.109375,-4.837496504394792],[137.11246490478516,-4.838864902205373],[137.1145248413086,-4.837838604106764],[137.11315155029297,-4.839207001225745],[137.11624145507812,-4.842970079034018],[137.1255111694336,-4.838864902205373],[137.12310791015625,-4.833049192412503],[137.12345123291016,-4.828259746866976],[137.12482452392578,-4.8262071169930465],[137.12860107421875,-4.824496587355128],[137.13031768798828,-4.820391298641368],[137.12722778320312,-4.817996535434887],[137.12379455566406,-4.817654425716583],[137.12310791015625,-4.812864871588417],[137.12482452392578,-4.8101279683773726],[137.12310791015625,-4.808417398283353],[137.12310791015625,-4.8063647084999985],[137.12448120117188,-4.8053383612893015],[137.12825775146484,-4.803969895937556],[137.1265411376953,-4.801232956994141],[137.12860107421875,-4.803285662231559],[137.12860107421875,-4.799864483404022],[137.13031768798828,-4.7978117678730285],[137.1320343017578,-4.8019171927597455],[137.13306427001953,-4.802601427838908],[137.13409423828125,-4.802259310385153],[137.13409423828125,-4.800206602058893],[137.13478088378906,-4.803969895937556],[137.13443756103516,-4.802943545121053],[137.1320343017578,-4.802943545121053],[137.12997436523438,-4.799180245579706],[137.12894439697266,-4.804312012533046],[137.12379455566406,-4.807048939114964],[137.1255111694336,-4.809785854702312],[137.12413787841797,-4.813206983715929],[137.12482452392578,-4.816285985121823],[137.1258544921875,-4.816970205763482],[137.1258544921875,-4.8159438745428105],[137.1310043334961,-4.819364972586214],[137.13031768798828,-4.824496587355128],[137.13375091552734,-4.823812374293027],[137.1251678466797,-4.827575537599046],[137.12448120117188,-4.828943955444743],[137.12448120117188,-4.833049192412503],[137.1265411376953,-4.8371544045099455],[137.1261978149414,-4.8460489453023],[137.12825775146484,-4.852548728016771],[137.1306610107422,-4.8522066357495675],[137.12963104248047,-4.853575003777905],[137.12757110595703,-4.852890820110574],[137.12688446044922,-4.851180357907708],[137.1255111694336,-4.8450226581043125],[137.1258544921875,-4.841259591716124],[137.11624145507812,-4.84468056202536],[137.11143493652344,-4.840575395577872],[137.10800170898438,-4.839549100073199],[137.10559844970703,-4.84160168952576],[137.10285186767578,-4.847417325808522],[137.098388671875,-4.853232912030947],[137.08911895751953,-4.859048448133564],[137.0877456665039,-4.86144306606478],[137.08602905273438,-4.868626868769525],[137.08568572998047,-4.872047700241922],[137.0867156982422,-4.877178914804674],[137.08911895751953,-4.8761526750277255],[137.08877563476562,-4.872731864447687],[137.08980560302734,-4.875468514305211],[137.08946228027344,-4.8768368350532825],[137.09186553955078,-4.878205153013184],[137.09152221679688,-4.875810594753588],[137.0925521850586,-4.873758109450463],[137.09598541259766,-4.872731864447687],[137.0987319946289,-4.874100190769752],[137.10250854492188,-4.877520994381797],[137.10697174072266,-4.878547232067405],[137.10800170898438,-4.873416027956992],[137.1097183227539,-4.872047700241922],[137.11177825927734,-4.872731864447687],[137.11109161376953,-4.873073946289409],[137.11177825927734,-4.873758109450463],[137.11246490478516,-4.872731864447687],[137.11143493652344,-4.8672585313087495],[137.1090316772461,-4.867942700387033],[137.10834503173828,-4.866232276386938],[137.109375,-4.8676006159348475],[137.11177825927734,-4.866574361534759],[137.11246490478516,-4.8648639340568565],[137.1148681640625,-4.864179761848746],[137.120361328125,-4.868626868769525],[137.12310791015625,-4.869311036456153],[137.1261978149414,-4.868626868769525],[137.12894439697266,-4.865548105569616],[137.12860107421875,-4.863837675483978],[137.12791442871094,-4.8634955889453835],[137.12482452392578,-4.8676006159348475],[137.12276458740234,-4.867942700387033],[137.12207794189453,-4.8672585313087495],[137.12173461914062,-4.865206019900157],[137.12345123291016,-4.859390536930434],[137.1200180053711,-4.854601277978105],[137.12413787841797,-4.859390536930434],[137.12207794189453,-4.865206019900157],[137.12242126464844,-4.866916446508711],[137.12448120117188,-4.866916446508711],[137.12688446044922,-4.8634955889453835],[137.12894439697266,-4.863153502233018],[137.13375091552734,-4.871363535339768],[137.1364974975586,-4.870337286681092],[137.1375274658203,-4.868284784665249],[137.13512420654297,-4.865206019900157],[137.1375274658203,-4.866916446508711],[137.13855743408203,-4.868626868769525],[137.13787078857422,-4.869995203446791],[137.13375091552734,-4.872047700241922],[137.12963104248047,-4.8672585313087495],[137.12860107421875,-4.868968952699831],[137.12860107421875,-4.871705617877893],[137.12963104248047,-4.872731864447687],[137.13306427001953,-4.873758109450463],[137.13890075683594,-4.872047700241922],[137.1416473388672,-4.872731864447687],[137.1426773071289,-4.875126433682638],[137.13924407958984,-4.879231389652915],[137.15572357177734,-4.872389782431853],[137.15641021728516,-4.871705617877893],[137.15572357177734,-4.868968952699831],[137.15126037597656,-4.862811415346883],[137.14954376220703,-4.85802218070117],[137.14988708496094,-4.8518645433089915],[137.1485137939453,-4.840233297249284],[137.15091705322266,-4.834075497769277],[137.14885711669922,-4.833733396156418],[137.14679718017578,-4.830996577036117],[137.14473724365234,-4.830654473869075],[137.14439392089844,-4.833049192412503],[137.1430206298828,-4.833733396156418],[137.1419906616211,-4.8371544045099455],[137.13958740234375,-4.836470204221698],[137.1375274658203,-4.836812304452238],[137.13787078857422,-4.836128103818311],[137.13993072509766,-4.83578600324212],[137.1419906616211,-4.836470204221698],[137.142333984375,-4.833391294370827],[137.14405059814453,-4.832364987977769],[137.14370727539062,-4.830312370529413],[137.14679718017578,-4.830312370529413],[137.1471405029297,-4.828943955444743],[137.1485137939453,-4.829628163332259],[137.1485137939453,-4.832364987977769],[137.15126037597656,-4.832707090281474],[137.15572357177734,-4.827575537599046],[137.1591567993164,-4.820049190128572],[137.164306640625,-4.816970205763482],[137.16259002685547,-4.8063647084999985],[137.1646499633789,-4.8063647084999985],[137.16670989990234,-4.812864871588417],[137.16602325439453,-4.819022863556697],[137.16533660888672,-4.818680754354972],[137.16224670410156,-4.820391298641368],[137.1529769897461,-4.8351018015713265],[137.15160369873047,-4.840575395577872],[137.15229034423828,-4.8494698913710295],[137.1540069580078,-4.860074714003261],[137.15675354003906,-4.862127241053315],[137.15984344482422,-4.865890191065205],[137.16293334960938,-4.865206019900157],[137.16259002685547,-4.863837675483978],[137.17082977294922,-4.866232276386938],[137.17288970947266,-4.864521848039715],[137.17391967773438,-4.861100978309949],[137.17666625976562,-4.857338001544932],[137.17323303222656,-4.856653821694408],[137.17151641845703,-4.8552854599109025],[137.17117309570312,-4.852890820110574],[137.17220306396484,-4.8494698913710295],[137.1697998046875,-4.8460489453023],[137.1697998046875,-4.844338465773291],[137.17151641845703,-4.840233297249284],[137.17632293701172,-4.841943787162364],[137.17700958251953,-4.8409174937334996],[137.17426300048828,-4.838864902205373],[137.1694564819336,-4.83168078285226],[137.17117309570312,-4.830654473869075],[137.1746063232422,-4.83168078285226],[137.1855926513672,-4.828259746866976],[137.18387603759766,-4.829628163332259],[137.1759796142578,-4.832022885501345],[137.1704864501953,-4.832364987977769],[137.17838287353516,-4.8409174937334996],[137.17803955078125,-4.841943787162364],[137.17632293701172,-4.842970079034018],[137.17185974121094,-4.841259591716124],[137.17117309570312,-4.84331217597844],[137.17117309570312,-4.846391040688644],[137.17357635498047,-4.8487857035432285],[137.17254638671875,-4.853232912030947],[137.17288970947266,-4.854943369031247],[137.17426300048828,-4.855627550617058],[137.1756362915039,-4.854943369031247],[137.17803955078125,-4.857338001544932],[137.17357635498047,-4.866574361534759],[137.17082977294922,-4.8676006159348475],[137.16533660888672,-4.866916446508711],[137.16190338134766,-4.8676006159348475],[137.16018676757812,-4.869995203446791],[137.1581268310547,-4.874100190769752],[137.15709686279297,-4.8802576247235265],[137.1533203125,-4.8802576247235265],[137.1471405029297,-4.882310090156139],[137.13821411132812,-4.891204034424391],[137.13272094726562,-4.9042026634696185],[137.13272094726562,-4.907965377314255],[137.13581085205078,-4.913096316540106],[137.1368408203125,-4.917201039484723],[137.13855743408203,-4.918227216268704],[137.13924407958984,-4.930199161805646],[137.13787078857422,-4.938408371206549],[137.14096069335938,-4.937724274302482],[137.14130401611328,-4.942512937806683],[137.14370727539062,-4.942170891560934],[137.142333984375,-4.943539075484395],[137.14061737060547,-4.943197029768427],[137.14027404785156,-4.940118610378818],[137.13924407958984,-4.939092467404848],[137.13821411132812,-4.939434515239313],[137.13958740234375,-4.946959522927955],[137.1419906616211,-4.947301566700446],[137.14370727539062,-4.946275434852794],[137.14439392089844,-4.947643610296154],[137.13958740234375,-4.948327696957307],[137.13855743408203,-4.947301566700446],[137.1364974975586,-4.941144751764284],[137.12928771972656,-4.954142405015759],[137.1251678466797,-4.963377424420031],[137.12722778320312,-4.966455735507068],[137.12997436523438,-4.9678238691553105],[137.14611053466797,-4.973296375343821],[137.14885711669922,-4.973296375343821],[137.15023040771484,-4.9719282530589055],[137.15503692626953,-4.970902159480119],[137.15503692626953,-4.971244190850641],[137.15057373046875,-4.972954345039071],[137.1581268310547,-4.977058696967035],[137.1639633178711,-4.9821891008688794],[137.1701431274414,-4.991423726946039],[137.17357635498047,-5.003052330398901],[137.17700958251953,-5.006130455572631],[137.18353271484375,-5.008182530974835],[137.18490600585938,-5.008182530974835],[137.186279296875,-5.006814481422168],[137.1869659423828,-5.00134225460198],[137.18524932861328,-4.999974190748432],[137.1869659423828,-4.997922089609844],[137.19417572021484,-4.997238054468511],[137.1976089477539,-4.997922089609844],[137.2024154663086,-4.995527963491284],[137.21134185791016,-4.980136944111507],[137.21099853515625,-4.978084780949217],[137.21202850341797,-4.977742753132986],[137.21134185791016,-4.9763746400898725],[137.20722198486328,-4.9746644947859835],[137.1976089477539,-4.967481836009426],[137.19486236572266,-4.963035388968038],[137.19039916992188,-4.963035388968038],[137.18730926513672,-4.960641135840049],[137.18318939208984,-4.958930949717356],[137.18215942382812,-4.956536681705018],[137.18387603759766,-4.958588911961272],[137.18765258789062,-4.959957061922566],[137.19005584716797,-4.962351317532125],[137.19383239746094,-4.9620092815482195],[137.19451904296875,-4.958930949717356],[137.19520568847656,-4.9620092815482195],[137.197265625,-4.965771667618313],[137.2079086303711,-4.973638405470908],[137.21134185791016,-4.972612314556656],[137.21580505371094,-4.965771667618313],[137.22301483154297,-4.961667245387062],[137.23125457763672,-4.954826484954978],[137.2360610961914,-4.953116283779465],[137.2408676147461,-4.953116283779465],[137.25082397460938,-4.957904835917674],[137.24327087402344,-4.973296375343821],[137.24327087402344,-4.974322465191989],[137.24430084228516,-4.975690582501571],[137.2463607788086,-4.9763746400898725],[137.24876403808594,-4.974322465191989],[137.25082397460938,-4.971244190850641],[137.25425720214844,-4.970218096206295],[137.25666046142578,-4.9719282530589055],[137.2573471069336,-4.977742753132986],[137.2580337524414,-4.979452890435596],[137.26146697998047,-4.979794917362511],[137.26764678955078,-4.977742753132986],[137.26490020751953,-4.979794917362511],[137.25940704345703,-4.980820997075739],[137.25631713867188,-4.978768836048147],[137.25563049316406,-4.9722702838965915],[137.2528839111328,-4.971244190850641],[137.2518539428711,-4.9719282530589055],[137.24807739257812,-4.978084780949217],[137.24430084228516,-4.980478970682597],[137.24361419677734,-4.983557201814193],[137.24498748779297,-4.984925299910969],[137.2463607788086,-4.9903976637968555],[137.2473907470703,-4.9903976637968555],[137.24842071533203,-4.987319464723612],[137.2528839111328,-4.989713620805972],[137.25322723388672,-4.990739685024863],[137.2528839111328,-4.990739685024863],[137.25666046142578,-4.993817868052588],[137.2528839111328,-4.99176574763915],[137.252197265625,-4.989713620805972],[137.25013732910156,-4.989029577102102],[137.24876403808594,-4.987661487555698],[137.24773406982422,-4.990739685024863],[137.24979400634766,-4.992107768153943],[137.25013732910156,-4.994159887497176],[137.24979400634766,-4.994159887497176],[137.24910736083984,-4.992107768153943],[137.2460174560547,-4.990739685024863],[137.24498748779297,-4.989029577102102],[137.24464416503906,-4.985609347890886],[137.24258422851562,-4.984241251218705],[137.2408676147461,-4.9845832756538755],[137.23846435546875,-4.986635418524941],[137.2364044189453,-4.988687554982803],[137.23709106445312,-4.990739685024863],[137.2408676147461,-4.994501906763347],[137.2405242919922,-4.995527963491284],[137.2418975830078,-4.997580072128443],[137.2467041015625,-5.002368300616226],[137.26593017578125,-5.015706752326537],[137.2848129272461,-5.025282908609299],[137.28652954101562,-5.025624911589475],[137.28790283203125,-5.022204873710976],[137.28790283203125,-5.0198108365208896],[137.2844696044922,-5.013654700552749],[137.28343963623047,-5.005788442379625],[137.28343963623047,-5.000658223032488],[137.28618621826172,-4.989371599043167],[137.29167938232422,-4.9763746400898725],[137.2954559326172,-4.971244190850641],[137.30438232421875,-4.962693353338722],[137.30815887451172,-4.959957061922566],[137.3119354248047,-4.958930949717356],[137.3297882080078,-4.9592729872962735],[137.3349380493164,-4.961667245387062],[137.3394012451172,-4.9678238691553105],[137.3455810546875,-4.969876064303037],[137.34661102294922,-4.968849967527987],[137.34798431396484,-4.970218096206295],[137.3507308959961,-4.969534032222228],[137.35416412353516,-4.965771667618313],[137.3558807373047,-4.958930949717356],[137.35382080078125,-4.954142405015759],[137.34661102294922,-4.949695868158031],[137.3462677001953,-4.947643610296154],[137.34832763671875,-4.943197029768427],[137.34901428222656,-4.943539075484395],[137.34695434570312,-4.948327696957307],[137.34729766845703,-4.949353825623078],[137.35450744628906,-4.953458324368526],[137.3572540283203,-4.959957061922566],[137.35931396484375,-4.9561946427091215],[137.36858367919922,-4.9267786279338],[137.36927032470703,-4.917543098588425],[137.3668670654297,-4.902834398632038],[137.3672103881836,-4.8956509622679505],[137.36892700195312,-4.892230251164634],[137.36412048339844,-4.884704625223037],[137.3562240600586,-4.885046700963102],[137.35450744628906,-4.883336320517486],[137.3517608642578,-4.873073946289409],[137.3514175415039,-4.866574361534759],[137.35313415527344,-4.866574361534759],[137.35347747802734,-4.871363535339768],[137.3562240600586,-4.8778630737846385],[137.3572540283203,-4.882994243904847],[137.36309051513672,-4.88265216711774],[137.36652374267578,-4.88436254930842],[137.3672103881836,-4.8857308519195755],[137.3678970336914,-4.8853887765286],[137.3675537109375,-4.887441226255476],[137.37098693847656,-4.891888179092689],[137.37133026123047,-4.897019241812018],[137.37201690673828,-4.897019241812018],[137.37098693847656,-4.898729587305098],[137.3727035522461,-4.901808198164403],[137.3733901977539,-4.901124063643607],[137.3733901977539,-4.903860597523035],[137.38059997558594,-4.894624750773133],[137.38574981689453,-4.89325646633165],[137.38746643066406,-4.8915461068459365],[137.38712310791016,-4.8935985377042925],[137.3998260498047,-4.895308891944595],[137.40325927734375,-4.891888179092689],[137.4005126953125,-4.8812838582247196],[137.4008560180664,-4.8761526750277255],[137.4063491821289,-4.869653120038478],[137.41287231445312,-4.869653120038478],[137.41973876953125,-4.868626868769525],[137.4272918701172,-4.85802218070117],[137.43484497070312,-4.853917095351434],[137.43518829345703,-4.851180357907708],[137.4338150024414,-4.845706849742797],[137.43656158447266,-4.839891198747722],[137.43656158447266,-4.83578600324212],[137.43793487548828,-4.839891198747722],[137.43518829345703,-4.843654272749816],[137.43656158447266,-4.851180357907708],[137.43518829345703,-4.854943369031247],[137.4276351928711,-4.860074714003261],[137.42145538330078,-4.870337286681092],[137.41802215576172,-4.871705617877893],[137.41012573242188,-4.872047700241922],[137.40772247314453,-4.873073946289409],[137.40428924560547,-4.878205153013184],[137.4056625366211,-4.887099151737516],[137.4056625366211,-4.890861961828094],[137.41046905517578,-4.891888179092689],[137.4121856689453,-4.892914394784114],[137.41355895996094,-4.895308891944595],[137.41321563720703,-4.899071655878657],[137.41046905517578,-4.904544729240968],[137.41012573242188,-4.913438377751248],[137.41939544677734,-4.913096316540106],[137.42385864257812,-4.911386007851391],[137.42420196533203,-4.910359820532264],[137.4228286743164,-4.9086495048249645],[137.4166488647461,-4.9042026634696185],[137.4166488647461,-4.9014661309915795],[137.41905212402344,-4.899755792500628],[137.4231719970703,-4.900439928422301],[137.42523193359375,-4.899755792500628],[137.42626190185547,-4.895993032416385],[137.42385864257812,-4.8915461068459365],[137.42385864257812,-4.888125374767455],[137.42591857910156,-4.886757077044933],[137.42900848388672,-4.887783300598798],[137.43106842041016,-4.887099151737516],[137.4331283569336,-4.88436254930842],[137.43141174316406,-4.8802576247235265],[137.4338150024414,-4.879573468184148],[137.4338150024414,-4.886415002177742],[137.43072509765625,-4.888809522580814],[137.42591857910156,-4.887783300598798],[137.42488861083984,-4.889151596225489],[137.42454528808594,-4.890519889057032],[137.4272918701172,-4.894966821446303],[137.4276351928711,-4.8973613112606245],[137.42694854736328,-4.90009786054901],[137.42420196533203,-4.9014661309915795],[137.4176788330078,-4.901808198164403],[137.41802215576172,-4.9042026634696185],[137.4224853515625,-4.9062550554688755],[137.42694854736328,-4.910701883147439],[137.4283218383789,-4.913438377751248],[137.42591857910156,-4.910359820532264],[137.4221420288086,-4.913780438786873],[137.41012573242188,-4.915490741331141],[137.40703582763672,-4.916858980205333],[137.40291595458984,-4.916858980205333],[137.39604949951172,-4.9141224996468935],[137.3847198486328,-4.902834398632038],[137.3792266845703,-4.903860597523035],[137.3788833618164,-4.916858980205333],[137.37716674804688,-4.932593525035841],[137.3778533935547,-4.934645829503069],[137.3792266845703,-4.936356078377472],[137.38025665283203,-4.939776562897308],[137.38265991210938,-4.942170891560934],[137.38746643066406,-4.940802704812299],[137.38849639892578,-4.938066322842715],[137.3902130126953,-4.936698127623302],[137.39158630371094,-4.937040176692761],[137.39227294921875,-4.940460657683829],[137.39158630371094,-4.938066322842715],[137.39055633544922,-4.937040176692761],[137.3895263671875,-4.938066322842715],[137.38780975341797,-4.941486798539714],[137.38197326660156,-4.942512937806683],[137.37751007080078,-4.9373822255858215],[137.37682342529297,-4.9373822255858215],[137.37476348876953,-4.952090160950547],[137.36961364746094,-4.96440352971203],[137.3627471923828,-4.971244190850641],[137.3569107055664,-4.973980435420302],[137.35004425048828,-4.9753485534407815],[137.3448944091797,-4.975006524202243],[137.3239517211914,-4.966455735507068],[137.3174285888672,-4.965087599019938],[137.31468200683594,-4.965771667618313],[137.31090545654297,-4.9691919999638685],[137.30884552001953,-4.969876064303037],[137.30953216552734,-4.9722702838965915],[137.30850219726562,-4.9746644947859835],[137.30609893798828,-4.971586222043584],[137.30472564697266,-4.9719282530589055],[137.3009490966797,-4.977742753132986],[137.2909927368164,-5.001000238906556],[137.2903060913086,-5.008182530974835],[137.29442596435547,-5.010576610803639],[137.29820251464844,-5.011602642331354],[137.3078155517578,-5.012286662454727],[137.3133087158203,-5.017758797650103],[137.32601165771484,-5.0259669143901675],[137.33150482177734,-5.0314389347759345],[137.3342514038086,-5.034858924155486],[137.3342514038086,-5.03896288766974],[137.3352813720703,-5.042040843297102],[137.33596801757812,-5.041698848947632],[137.34283447265625,-5.03383292922949],[137.34455108642578,-5.032122934090054],[137.35210418701172,-5.029044931515699],[137.35450744628906,-5.025624911589475],[137.35553741455078,-5.021862868936225],[137.35279083251953,-5.015022735785166],[137.34867095947266,-5.015706752326537],[137.34798431396484,-5.015022735785166],[137.35244750976562,-5.013996709629524],[137.35244750976562,-5.009892588890182],[137.3565673828125,-5.006130455572631],[137.37030029296875,-5.00134225460198],[137.37716674804688,-4.997238054468511],[137.3781967163086,-4.9948439258511],[137.37682342529297,-4.986293395158384],[137.3778533935547,-4.980820997075739],[137.3788833618164,-4.977742753132986],[137.38059997558594,-4.976032611384596],[137.38506317138672,-4.973296375343821],[137.3843765258789,-4.970902159480119],[137.38574981689453,-4.972954345039071],[137.38643646240234,-4.970902159480119],[137.38815307617188,-4.963035388968038],[137.39055633544922,-4.95961502469801],[137.3943328857422,-4.95756279763016],[137.39604949951172,-4.955168524659072],[137.39879608154297,-4.954484445073874],[137.4111557006836,-4.954142405015759],[137.41836547851562,-4.951406078179971],[137.427978515625,-4.945933390550124],[137.4331283569336,-4.940460657683829],[137.43553161621094,-4.93430377919924],[137.43450164794922,-4.9322514736744125],[137.42420196533203,-4.938408371206549],[137.4217987060547,-4.9373822255858215],[137.42420196533203,-4.937724274302482],[137.42591857910156,-4.937040176692761],[137.4327850341797,-4.9315673704229255],[137.43621826171875,-4.9322514736744125],[137.43450164794922,-4.9233580764592375],[137.43553161621094,-4.920279565091761],[137.4382781982422,-4.918569274845254],[137.4437713623047,-4.918569274845254],[137.449951171875,-4.920279565091761],[137.45990753173828,-4.918569274845254],[137.4612808227539,-4.919253391471159],[137.46505737304688,-4.924384243749174],[137.46814727783203,-4.924726299160611],[137.46952056884766,-4.923700132398466],[137.46952056884766,-4.921305737130197],[137.46540069580078,-4.915490741331141],[137.4667739868164,-4.914806620840238],[137.471923828125,-4.919253391471159],[137.47501373291016,-4.920621622613737],[137.4781036376953,-4.925410409455623],[137.47982025146484,-4.922673964053047],[137.4832534790039,-4.920621622613737],[137.48634338378906,-4.91993750739401],[137.4884033203125,-4.9219898509433335],[137.48703002929688,-4.926436573578272],[137.48737335205078,-4.928830950370013],[137.4884033203125,-4.929173003493105],[137.49183654785156,-4.928488897070835],[137.49801635742188,-4.918911333246086],[137.49492645263672,-4.917201039484723],[137.49492645263672,-4.914806620840238],[137.4993896484375,-4.913780438786873],[137.49767303466797,-4.908991568317234],[137.4935531616211,-4.903176465104224],[137.4932098388672,-4.9014661309915795],[137.4935531616211,-4.898729587305098],[137.49595642089844,-4.895308891944595],[137.4942398071289,-4.891204034424391],[137.4945831298828,-4.882994243904847],[137.49629974365234,-4.8812838582247196],[137.49629974365234,-4.879915546541014],[137.49767303466797,-4.879915546541014],[137.4987030029297,-4.8761526750277255],[137.49835968017578,-4.873416027956992],[137.4945831298828,-4.865548105569616],[137.49526977539062,-4.863837675483978],[137.49835968017578,-4.861785153645911],[137.49835968017578,-4.864521848039715],[137.49732971191406,-4.866916446508711],[137.50213623046875,-4.863837675483978],[137.49801635742188,-4.867942700387033],[137.49664306640625,-4.8672585313087495],[137.4993896484375,-4.872389782431853],[137.50041961669922,-4.877178914804674],[137.5000762939453,-4.879231389652915],[137.49732971191406,-4.882994243904847],[137.49801635742188,-4.8840204732192944],[137.49698638916016,-4.883336320517486],[137.49595642089844,-4.884704625223037],[137.49595642089844,-4.889151596225489],[137.49767303466797,-4.895993032416385],[137.49732971191406,-4.898045449632889],[137.49492645263672,-4.9014661309915795],[137.49526977539062,-4.902834398632038],[137.49767303466797,-4.904544729240968],[137.5000762939453,-4.911043945587139],[137.5041961669922,-4.913780438786873],[137.5041961669922,-4.917885157516409],[137.49767303466797,-4.927120682113326],[137.49801635742188,-4.928488897070835],[137.50213623046875,-4.930883266466637],[137.5045394897461,-4.93601402895527],[137.5041961669922,-4.938066322842715],[137.50179290771484,-4.939434515239313],[137.49732971191406,-4.938066322842715],[137.49492645263672,-4.938066322842715],[137.4945831298828,-4.939092467404848],[137.49561309814453,-4.944565211572524],[137.50144958496094,-4.945933390550124],[137.50316619873047,-4.947985653715122],[137.5048828125,-4.952090160950547],[137.50694274902344,-4.952774243013437],[137.51140594482422,-4.957220759165551],[137.51380920410156,-4.958246874028049],[137.51998901367188,-4.953116283779465],[137.51964569091797,-4.946959522927955],[137.5217056274414,-4.940802704812299],[137.52239227294922,-4.93054121422422],[137.51861572265625,-4.9161748611195435],[137.5213623046875,-4.914464560331368],[137.52582550048828,-4.916858980205333],[137.5275421142578,-4.919595449520472],[137.53063201904297,-4.919595449520472],[137.52994537353516,-4.913780438786873],[137.5330352783203,-4.912754255153402],[137.53337860107422,-4.911728069940139],[137.52857208251953,-4.910701883147439],[137.52822875976562,-4.907623313295858],[137.53337860107422,-4.9069391847330195],[137.53337860107422,-4.904886794837083],[137.53131866455078,-4.898729587305098],[137.5316619873047,-4.896677172188447],[137.5323486328125,-4.8956509622679505],[137.53406524658203,-4.8956509622679505],[137.53612518310547,-4.891888179092689],[137.53337860107422,-4.8915461068459365],[137.5323486328125,-4.886757077044933],[137.53337860107422,-4.884704625223037],[137.53440856933594,-4.884704625223037],[137.53509521484375,-4.880599702731658],[137.537841796875,-4.880941780565394],[137.5371551513672,-4.8819680130201135],[137.53578186035156,-4.8819680130201135],[137.53543853759766,-4.884704625223037],[137.53337860107422,-4.886415002177742],[137.53337860107422,-4.890177816111233],[137.53681182861328,-4.8915461068459365],[137.53509521484375,-4.895308891944595],[137.5374984741211,-4.896335102389898],[137.5371551513672,-4.898045449632889],[137.53612518310547,-4.898045449632889],[137.5330352783203,-4.896677172188447],[137.5323486328125,-4.897019241812018],[137.5326919555664,-4.901124063643607],[137.53475189208984,-4.904886794837083],[137.53440856933594,-4.9072812491021125],[137.52925872802734,-4.909675694775601],[137.53063201904297,-4.910017757741642],[137.53406524658203,-4.909333631634141],[137.53509521484375,-4.910359820532264],[137.53475189208984,-4.912754255153402],[137.5316619873047,-4.915832801313158],[137.5330352783203,-4.918227216268704],[137.5323486328125,-4.920279565091761],[137.52822875976562,-4.921305737130197],[137.52548217773438,-4.918227216268704],[137.52033233642578,-4.9161748611195435],[137.52273559570312,-4.927120682113326],[137.52410888671875,-4.929173003493105],[137.52410888671875,-4.9322514736744125],[137.52307891845703,-4.943539075484395],[137.5210189819336,-4.947985653715122],[137.5220489501953,-4.954484445073874],[137.51724243164062,-4.958930949717356],[137.50797271728516,-4.963377424420031],[137.50762939453125,-4.96440352971203],[137.51209259033203,-4.970560127931989],[137.51689910888672,-4.979794917362511],[137.5162124633789,-4.981847075187545],[137.51998901367188,-5.003394345022144],[137.5275421142578,-5.003394345022144],[137.52925872802734,-5.002710315596929],[137.52925872802734,-5.001000238906556],[137.52445220947266,-4.9958699820437005],[137.52445220947266,-4.9880035102095945],[137.52891540527344,-4.983215176844894],[137.53372192382812,-4.974322465191989],[137.53887176513672,-4.970902159480119],[137.5491714477539,-4.967481836009426],[137.5546646118164,-4.964061494792048],[137.55603790283203,-4.9620092815482195],[137.56290435791016,-4.9592729872962735],[137.56324768066406,-4.954484445073874],[137.56977081298828,-4.951748119653729],[137.57423400878906,-4.952090160950547],[137.57801055908203,-4.954142405015759],[137.58281707763672,-4.958930949717356],[137.58625030517578,-4.9592729872962735],[137.5872802734375,-4.953458324368526],[137.5865936279297,-4.951748119653729],[137.58453369140625,-4.949695868158031],[137.5814437866211,-4.950721994701809],[137.57972717285156,-4.949353825623078],[137.58075714111328,-4.945933390550124],[137.5869369506836,-4.938408371206549],[137.5872802734375,-4.940460657683829],[137.59105682373047,-4.941144751764284],[137.5869369506836,-4.940802704812299],[137.5814437866211,-4.947985653715122],[137.58590698242188,-4.949011782911285],[137.58865356445312,-4.952774243013437],[137.59552001953125,-4.957220759165551],[137.59689331054688,-4.956878720523832],[137.59929656982422,-4.953116283779465],[137.60066986083984,-4.952432202070469],[137.6030731201172,-4.953116283779465],[137.6041030883789,-4.9561946427091215],[137.60753631591797,-4.955852603536144],[137.61096954345703,-4.954142405015759],[137.61234283447266,-4.951406078179971],[137.61474609375,-4.941144751764284],[137.61817932128906,-4.9336196780626835],[137.61096954345703,-4.928830950370013],[137.60650634765625,-4.922673964053047],[137.60650634765625,-4.916516920750269],[137.60822296142578,-4.9069391847330195],[137.60101318359375,-4.903176465104224],[137.59723663330078,-4.9052288602579495],[137.59517669677734,-4.904886794837083],[137.5934600830078,-4.903176465104224],[137.58968353271484,-4.903518531401247],[137.58865356445312,-4.9007819961205],[137.59037017822266,-4.898045449632889],[137.58487701416016,-4.9014661309915795],[137.58453369140625,-4.900439928422301],[137.59002685546875,-4.895993032416385],[137.59140014648438,-4.896335102389898],[137.59174346923828,-4.897703380534267],[137.59037017822266,-4.9007819961205],[137.59037017822266,-4.902492331984661],[137.59449005126953,-4.899755792500628],[137.59586334228516,-4.9007819961205],[137.59552001953125,-4.902492331984661],[137.59654998779297,-4.903518531401247],[137.60066986083984,-4.9014661309915795],[137.6044464111328,-4.902834398632038],[137.60513305664062,-4.899413724277167],[137.60684967041016,-4.8973613112606245],[137.60581970214844,-4.896335102389898],[137.60547637939453,-4.8935985377042925],[137.60650634765625,-4.893940608902113],[137.60787963867188,-4.890861961828094],[137.60616302490234,-4.889151596225489],[137.60513305664062,-4.88436254930842],[137.5986099243164,-4.8819680130201135],[137.59689331054688,-4.879915546541014],[137.5931167602539,-4.879573468184148],[137.59105682373047,-4.8778630737846385],[137.58968353271484,-4.874442271914901],[137.59037017822266,-4.872047700241922],[137.59380340576172,-4.869311036456153],[137.5920867919922,-4.868968952699831],[137.59071350097656,-4.866916446508711],[137.59071350097656,-4.863153502233018],[137.58865356445312,-4.862811415346883],[137.5876235961914,-4.861785153645911],[137.5876235961914,-4.860416802279161],[137.58556365966797,-4.860074714003261],[137.58316040039062,-4.8576800912098435],[137.5821304321289,-4.8518645433089915],[137.58316040039062,-4.856311731508825],[137.58453369140625,-4.85836427001891],[137.58556365966797,-4.859732625553676],[137.58831024169922,-4.859732625553676],[137.58865356445312,-4.861785153645911],[137.59071350097656,-4.862127241053315],[137.59174346923828,-4.864179761848746],[137.5931167602539,-4.8634955889453835],[137.59174346923828,-4.8648639340568565],[137.59174346923828,-4.8672585313087495],[137.59414672851562,-4.867942700387033],[137.59620666503906,-4.869653120038478],[137.59552001953125,-4.872389782431853],[137.59620666503906,-4.873758109450463],[137.5927734375,-4.873416027956992],[137.5920867919922,-4.876494755127624],[137.5927734375,-4.8778630737846385],[137.5979232788086,-4.878547232067405],[137.60135650634766,-4.880599702731658],[137.60650634765625,-4.8819680130201135],[137.6085662841797,-4.8812838582247196],[137.6085662841797,-4.879573468184148],[137.60787963867188,-4.878889310947329],[137.6085662841797,-4.8761526750277255],[137.61096954345703,-4.8761526750277255],[137.61474609375,-4.873073946289409],[137.61199951171875,-4.869995203446791],[137.61199951171875,-4.868626868769525],[137.6150894165039,-4.868626868769525],[137.61474609375,-4.865206019900157],[137.61577606201172,-4.865890191065205],[137.6154327392578,-4.868968952699831],[137.61234283447266,-4.869653120038478],[137.6154327392578,-4.872389782431853],[137.6154327392578,-4.873073946289409],[137.61234283447266,-4.8761526750277255],[137.6092529296875,-4.8778630737846385],[137.6095962524414,-4.8812838582247196],[137.61165618896484,-4.882310090156139],[137.61474609375,-4.882994243904847],[137.6154327392578,-4.8812838582247196],[137.61680603027344,-4.880941780565394],[137.6198959350586,-4.882310090156139],[137.6202392578125,-4.883336320517486],[137.61920928955078,-4.88265216711774],[137.6202392578125,-4.883678396955645],[137.62470245361328,-4.882994243904847],[137.62470245361328,-4.882310090156139],[137.6260757446289,-4.883336320517486],[137.62744903564453,-4.882310090156139],[137.62744903564453,-4.880599702731658],[137.6250457763672,-4.878205153013184],[137.62470245361328,-4.876494755127624],[137.62779235839844,-4.872047700241922],[137.62813568115234,-4.866916446508711],[137.62882232666016,-4.866574361534759],[137.62916564941406,-4.872047700241922],[137.6260757446289,-4.876494755127624],[137.62882232666016,-4.880941780565394],[137.62813568115234,-4.883336320517486],[137.6260757446289,-4.88436254930842],[137.62298583984375,-4.88436254930842],[137.62367248535156,-4.886415002177742],[137.62264251708984,-4.888125374767455],[137.6209259033203,-4.888809522580814],[137.61920928955078,-4.8853887765286],[137.6209259033203,-4.888125374767455],[137.62126922607422,-4.884704625223037],[137.61852264404297,-4.88436254930842],[137.61680603027344,-4.8819680130201135],[137.61577606201172,-4.88265216711774],[137.61680603027344,-4.894282679925055],[137.61817932128906,-4.896677172188447],[137.6195526123047,-4.896677172188447],[137.61920928955078,-4.8956509622679505],[137.62229919433594,-4.896677172188447],[137.62195587158203,-4.897703380534267],[137.62401580810547,-4.898729587305098],[137.625732421875,-4.897703380534267],[137.63019561767578,-4.897019241812018],[137.6315689086914,-4.8956509622679505],[137.63294219970703,-4.8857308519195755],[137.63500213623047,-4.883336320517486],[137.63843536376953,-4.882994243904847],[137.64118194580078,-4.88436254930842],[137.64358520507812,-4.887441226255476],[137.6422119140625,-4.8819680130201135],[137.64427185058594,-4.8778630737846385],[137.6483917236328,-4.877520994381797],[137.6525115966797,-4.880941780565394],[137.6535415649414,-4.880599702731658],[137.65491485595703,-4.877178914804674],[137.65525817871094,-4.8778630737846385],[137.6590347290039,-4.875468514305211],[137.6641845703125,-4.875810594753588],[137.669677734375,-4.871705617877893],[137.67276763916016,-4.870679369741367],[137.67723083496094,-4.865548105569616],[137.67723083496094,-4.862127241053315],[137.67654418945312,-4.86144306606478],[137.67345428466797,-4.86144306606478],[137.67345428466797,-4.8576800912098435],[137.67139434814453,-4.8552854599109025],[137.67311096191406,-4.8518645433089915],[137.67379760742188,-4.852890820110574],[137.67345428466797,-4.851180357907708],[137.67414093017578,-4.850838264947015],[137.67414093017578,-4.853232912030947],[137.67242431640625,-4.8542591867514915],[137.67208099365234,-4.8552854599109025],[137.6744842529297,-4.857338001544932],[137.67414093017578,-4.860758890381405],[137.67620086669922,-4.860074714003261],[137.67791748046875,-4.86144306606478],[137.67791748046875,-4.865206019900157],[137.67860412597656,-4.862811415346883],[137.68169403076172,-4.863153502233018],[137.68409729003906,-4.861100978309949],[137.68238067626953,-4.860074714003261],[137.68444061279297,-4.860074714003261],[137.68409729003906,-4.862469328286977],[137.68272399902344,-4.8634955889453835],[137.67929077148438,-4.864179761848746],[137.67929077148438,-4.866232276386938],[137.67757415771484,-4.8672585313087495],[137.68409729003906,-4.868626868769525],[137.68169403076172,-4.868968952699831],[137.67757415771484,-4.867942700387033],[137.67345428466797,-4.872731864447687],[137.6703643798828,-4.874442271914901],[137.67105102539062,-4.875810594753588],[137.6689910888672,-4.876494755127624],[137.669677734375,-4.88265216711774],[137.6689910888672,-4.882994243904847],[137.66761779785156,-4.876494755127624],[137.66315460205078,-4.8778630737846385],[137.6590347290039,-4.878205153013184],[137.65663146972656,-4.8812838582247196],[137.6531982421875,-4.882994243904847],[137.65113830566406,-4.882994243904847],[137.64530181884766,-4.8802576247235265],[137.64667510986328,-4.8853887765286],[137.64564514160156,-4.889151596225489],[137.64392852783203,-4.890177816111233],[137.6415252685547,-4.889835742990698],[137.63946533203125,-4.8884674487614745],[137.63774871826172,-4.889835742990698],[137.64015197753906,-4.890861961828094],[137.6415252685547,-4.895308891944595],[137.64667510986328,-4.893940608902113],[137.6470184326172,-4.896677172188447],[137.65113830566406,-4.896335102389898],[137.65079498291016,-4.90009786054901],[137.65045166015625,-4.897019241812018],[137.6473617553711,-4.897703380534267],[137.64495849609375,-4.894966821446303],[137.6425552368164,-4.895993032416385],[137.64118194580078,-4.895993032416385],[137.63946533203125,-4.891204034424391],[137.6370620727539,-4.890519889057032],[137.63843536376953,-4.886757077044933],[137.6370620727539,-4.885046700963102],[137.63568878173828,-4.8853887765286],[137.63500213623047,-4.886757077044933],[137.63534545898438,-4.89325646633165],[137.63328552246094,-4.897703380534267],[137.6312255859375,-4.899755792500628],[137.625732421875,-4.901124063643607],[137.6205825805664,-4.908307441157291],[137.61852264404297,-4.915490741331141],[137.6195526123047,-4.918911333246086],[137.62264251708984,-4.918227216268704],[137.62367248535156,-4.9161748611195435],[137.6260757446289,-4.915490741331141],[137.62985229492188,-4.914464560331368],[137.63328552246094,-4.915148681173491],[137.6363754272461,-4.920279565091761],[137.6360321044922,-4.922673964053047],[137.63362884521484,-4.926094519046714],[137.6264190673828,-4.930883266466637],[137.62264251708984,-4.93430377919924],[137.62161254882812,-4.942854983875847],[137.61920928955078,-4.951748119653729],[137.62126922607422,-4.955168524659072],[137.62195587158203,-4.9620092815482195],[137.61852264404297,-4.970902159480119],[137.62161254882812,-4.970902159480119],[137.62298583984375,-4.969534032222228],[137.62435913085938,-4.966797769185305],[137.6250457763672,-4.95961502469801],[137.62676239013672,-4.95756279763016],[137.62916564941406,-4.956878720523832],[137.6319122314453,-4.957904835917674],[137.63534545898438,-4.964745564454674],[137.6425552368164,-4.964061494792048],[137.64495849609375,-4.966113701651395],[137.64598846435547,-4.966113701651395],[137.64530181884766,-4.967139802686091],[137.647705078125,-4.9691919999638685],[137.64976501464844,-4.968507934914598],[137.65216827392578,-4.96440352971203],[137.65663146972656,-4.963377424420031],[137.6583480834961,-4.96440352971203],[137.65972137451172,-4.970218096206295],[137.6645278930664,-4.970218096206295],[137.6693344116211,-4.971586222043584],[137.669677734375,-4.970218096206295],[137.66796112060547,-4.963377424420031],[137.669677734375,-4.960299098969912],[137.67208099365234,-4.960641135840049],[137.67620086669922,-4.963719459694715],[137.6858139038086,-4.965771667618313],[137.6854705810547,-4.963719459694715],[137.6868438720703,-4.966797769185305],[137.69062042236328,-4.968507934914598],[137.6758575439453,-4.96440352971203],[137.67105102539062,-4.961325209048638],[137.6693344116211,-4.961667245387062],[137.67070770263672,-4.971586222043584],[137.6700210571289,-4.972612314556656],[137.6593780517578,-4.9719282530589055],[137.6590347290039,-4.975006524202243],[137.66075134277344,-4.978768836048147],[137.66040802001953,-4.981163023290975],[137.6583480834961,-4.984241251218705],[137.6531982421875,-4.985609347890886],[137.65594482421875,-4.987661487555698],[137.65525817871094,-4.991081706074596],[137.647705078125,-4.993475848429611],[137.64015197753906,-4.99244978849039],[137.64118194580078,-4.996554018613097],[137.64015197753906,-4.999290157749897],[137.63362884521484,-5.004420387819451],[137.63225555419922,-5.006472468586836],[137.63362884521484,-5.006814481422168],[137.64324188232422,-5.00407837373244],[137.64633178710938,-5.00407837373244],[137.65113830566406,-5.006472468586836],[137.65216827392578,-5.008182530974835],[137.65525817871094,-5.008524542915765],[137.66796112060547,-5.002368300616226],[137.66555786132812,-4.996896036630048],[137.66590118408203,-4.989713620805972],[137.66727447509766,-4.987661487555698],[137.669677734375,-4.98697744171335],[137.67345428466797,-4.98697744171335],[137.68272399902344,-4.99244978849039],[137.6861572265625,-4.9903976637968555],[137.68821716308594,-4.986293395158384],[137.68959045410156,-4.986293395158384],[137.69268035888672,-4.9880035102095945],[137.69611358642578,-4.982873151697575],[137.6923370361328,-4.983557201814193],[137.691650390625,-4.982873151697575],[137.69027709960938,-4.977058696967035],[137.6919937133789,-4.980820997075739],[137.69886016845703,-4.979110863330803],[137.6971435546875,-4.973296375343821],[137.6978302001953,-4.9719282530589055],[137.69954681396484,-4.970560127931989],[137.7019500732422,-4.9719282530589055],[137.70366668701172,-4.977058696967035],[137.70606994628906,-4.978084780949217],[137.70709991455078,-4.977742753132986],[137.7077865600586,-4.973638405470908],[137.71259307861328,-4.969876064303037],[137.71499633789062,-4.969876064303037],[137.7139663696289,-4.966797769185305],[137.71602630615234,-4.9691919999638685],[137.71568298339844,-4.970902159480119],[137.71259307861328,-4.970560127931989],[137.7081298828125,-4.974322465191989],[137.7077865600586,-4.977742753132986],[137.70675659179688,-4.978768836048147],[137.7029800415039,-4.977400725138921],[137.70092010498047,-4.9722702838965915],[137.69920349121094,-4.971244190850641],[137.69817352294922,-4.9746644947859835],[137.70023345947266,-4.978084780949217],[137.69989013671875,-4.979794917362511],[137.6923370361328,-4.9821891008688794],[137.69268035888672,-4.982873151697575],[137.69577026367188,-4.981847075187545],[137.6968002319336,-4.983215176844894],[137.69371032714844,-4.989371599043167],[137.68821716308594,-4.987319464723612],[137.68821716308594,-4.989371599043167],[137.6865005493164,-4.99176574763915],[137.68306732177734,-4.993475848429611],[137.67276763916016,-4.989029577102102],[137.66830444335938,-4.989371599043167],[137.66658782958984,-4.992791808648491],[137.66761779785156,-4.997238054468511],[137.669677734375,-5.002026285456836],[137.66830444335938,-5.004762401727675],[137.65560150146484,-5.010576610803639],[137.64427185058594,-5.006130455572631],[137.63019561767578,-5.009892588890182],[137.62916564941406,-5.012286662454727],[137.62882232666016,-5.022204873710976],[137.62744903564453,-5.023914894893508],[137.62195587158203,-5.026992921714921],[137.61852264404297,-5.027676925700263],[137.6140594482422,-5.026650919452891],[137.60547637939453,-5.021520863982062],[137.59723663330078,-5.020494848043398],[137.5982666015625,-5.023230886958814],[137.5986099243164,-5.027334923797383],[137.59105682373047,-5.035200922104465],[137.59037017822266,-5.036568912101657],[137.59037017822266,-5.038278895550079],[137.5920867919922,-5.038278895550079],[137.59517669677734,-5.034858924155486],[137.59723663330078,-5.03383292922949],[137.60101318359375,-5.032464933477499],[137.6044464111328,-5.033148931713072],[137.60581970214844,-5.03417492771797],[137.60650634765625,-5.036568912101657],[137.6044464111328,-5.0451187843360685],[137.60650634765625,-5.0471707369197105],[137.6140594482422,-5.0505906434683965],[137.6154327392578,-5.049906663601519],[137.61611938476562,-5.044092805611214],[137.61680603027344,-5.0430668252647735],[137.62195587158203,-5.0410148597084685],[137.62813568115234,-5.036910909151217],[137.62779235839844,-5.028360928967203],[137.62882232666016,-5.026650919452891],[137.63362884521484,-5.026992921714921],[137.64598846435547,-5.023572891015888],[137.64942169189453,-5.023914894893508],[137.65045166015625,-5.024940905449583],[137.65182495117188,-5.024256898591688],[137.65010833740234,-5.0259669143901675],[137.65010833740234,-5.028018927423545],[137.64907836914062,-5.024940905449583],[137.6473617553711,-5.024256898591688],[137.64427185058594,-5.024256898591688],[137.64083862304688,-5.0259669143901675],[137.63809204101562,-5.0259669143901675],[137.63362884521484,-5.027676925700263],[137.62882232666016,-5.027676925700263],[137.62950897216797,-5.036226914872188],[137.6308822631836,-5.037252906020839],[137.63019561767578,-5.037936899220284],[137.62950897216797,-5.037594902710538],[137.6264190673828,-5.040672864818774],[137.61817932128906,-5.044434798699683],[137.61646270751953,-5.0505906434683965],[137.61337280273438,-5.051958601037185],[137.60616302490234,-5.049222683013113],[137.603759765625,-5.046486753446175],[137.6030731201172,-5.0413568544180976],[137.60513305664062,-5.0358849174628375],[137.6030731201172,-5.03417492771797],[137.5979232788086,-5.034858924155486],[137.5924301147461,-5.039988874499244],[137.59002685546875,-5.039988874499244],[137.58899688720703,-5.03896288766974],[137.58899688720703,-5.0358849174628375],[137.59723663330078,-5.026308917011306],[137.59620666503906,-5.022888882722299],[137.5931167602539,-5.021520863982062],[137.5814437866211,-5.028018927423545],[137.58041381835938,-5.032122934090054],[137.5811004638672,-5.035542919873592],[137.58041381835938,-5.037594902710538],[137.5811004638672,-5.039646879069423],[137.57904052734375,-5.039988874499244],[137.5769805908203,-5.041698848947632],[137.5714874267578,-5.050248653625147],[137.56221771240234,-5.060508270396923],[137.55294799804688,-5.072477617664248],[137.55329132080078,-5.074871460500944],[137.55706787109375,-5.077265294455728],[137.5591278076172,-5.080001093808619],[137.5605010986328,-5.084446742987041],[137.56942749023438,-5.0806850418326235],[137.57526397705078,-5.081027015572431],[137.5759506225586,-5.082052935702919],[137.5714874267578,-5.0817109625076],[137.56771087646484,-5.08273688154901],[137.56359100341797,-5.085472657670735],[137.56153106689453,-5.087866452241428],[137.5646209716797,-5.09162811143176],[137.56633758544922,-5.100177255003743],[137.56908416748047,-5.101887070062318],[137.56977081298828,-5.100177255003743],[137.57080078125,-5.100177255003743],[137.56874084472656,-5.103938842119277],[137.56908416748047,-5.10701648789923],[137.5711441040039,-5.1083843257262345],[137.56874084472656,-5.108042366543117],[137.56736755371094,-5.103938842119277],[137.5649642944336,-5.1029129569109415],[137.5653076171875,-5.11590738157382],[137.5605010986328,-5.122746446516928],[137.55294799804688,-5.1295854382778],[137.54745483398438,-5.1374501882057615],[137.54642486572266,-5.141211556044425],[137.5491714477539,-5.142921261354985],[137.55260467529297,-5.143605142193621],[137.56668090820312,-5.136424356759761],[137.5756072998047,-5.134030743632593],[137.59174346923828,-5.134372688915207],[137.60478973388672,-5.136424356759761],[137.61611938476562,-5.135398523662786],[137.6264190673828,-5.130953227839598],[137.62916564941406,-5.128901542397671],[137.62950897216797,-5.126849850361523],[137.6253890991211,-5.121720591438475],[137.6202392578125,-5.117275200412394],[137.60513305664062,-5.109410202180825],[137.6034164428711,-5.107358447629608],[137.60101318359375,-5.1035968805654335],[137.59963989257812,-5.099835291445515],[137.59963989257812,-5.091970079358163],[137.60169982910156,-5.086840541372652],[137.60513305664062,-5.08273688154901],[137.6092529296875,-5.079659119524436],[137.6198959350586,-5.075213437324095],[137.62435913085938,-5.069741786408926],[137.6260757446289,-5.069741786408926],[137.6308822631836,-5.066663962394202],[137.63534545898438,-5.062218190718184],[137.63843536376953,-5.061192239067779],[137.6422119140625,-5.054352519834637],[137.64873504638672,-5.047854719672117],[137.6525115966797,-5.040330869749042],[137.65216827392578,-5.036226914872188],[137.65525817871094,-5.034858924155486],[137.65560150146484,-5.033490930561186],[137.65560150146484,-5.035542919873592],[137.6528549194336,-5.036568912101657],[137.6531982421875,-5.039646879069423],[137.6638412475586,-5.036568912101657],[137.66555786132812,-5.035542919873592],[137.66590118408203,-5.033490930561186],[137.6645278930664,-5.024940905449583],[137.66521453857422,-5.022204873710976],[137.66761779785156,-5.020494848043398],[137.67276763916016,-5.021178858848529],[137.67723083496094,-5.019126824281102],[137.6810073852539,-5.01536474414543],[137.68238067626953,-5.009892588890182],[137.68409729003906,-5.01023459993641],[137.6854705810547,-5.011944652482555],[137.69062042236328,-5.01536474414543],[137.69268035888672,-5.0112606320011395],[137.69577026367188,-5.01023459993641],[137.69611358642578,-5.0092085662608525],[137.6919937133789,-5.006472468586836],[137.691650390625,-5.00407837373244],[137.69954681396484,-4.996896036630048],[137.70126342773438,-4.996554018613097],[137.70366668701172,-4.9986061240370105],[137.70641326904297,-4.997238054468511],[137.71190643310547,-4.997580072128443],[137.71533966064453,-4.996554018613097],[137.71636962890625,-4.997922089609844],[137.71602630615234,-4.999632174338473],[137.71705627441406,-5.000658223032488],[137.72254943847656,-4.995185944760408],[137.72598266601562,-4.993817868052588],[137.72735595703125,-4.99176574763915],[137.73387908935547,-4.9903976637968555],[137.7301025390625,-4.984925299910969],[137.72666931152344,-4.983557201814193],[137.72666931152344,-4.983215176844894],[137.7307891845703,-4.9845832756538755],[137.7352523803711,-4.9903976637968555],[137.73387908935547,-4.991423726946039],[137.72838592529297,-4.99244978849039],[137.72701263427734,-4.994501906763347],[137.72254943847656,-4.996212000417643],[137.7184295654297,-5.00134225460198],[137.71499633789062,-5.003052330398901],[137.71774291992188,-5.005104415457126],[137.71739959716797,-5.006472468586836],[137.71499633789062,-5.007156494078657],[137.71671295166016,-5.007156494078657],[137.71705627441406,-5.00886655467778],[137.713623046875,-5.009550577664996],[137.7132797241211,-5.011944652482555],[137.71156311035156,-5.012628672247843],[137.71156311035156,-5.0170747832590905],[137.7084732055664,-5.0201528423718],[137.71053314208984,-5.020836853535641],[137.7088165283203,-5.020836853535641],[137.7084732055664,-5.023230886958814],[137.71087646484375,-5.02459890211037],[137.71121978759766,-5.025624911589475],[137.70915985107422,-5.026992921714921],[137.70606994628906,-5.025624911589475],[137.7029800415039,-5.0259669143901675],[137.7019500732422,-5.033148931713072],[137.70023345947266,-5.034858924155486],[137.69851684570312,-5.03417492771797],[137.69851684570312,-5.03041293445682],[137.69474029541016,-5.0314389347759345],[137.69371032714844,-5.03041293445682],[137.69542694091797,-5.026992921714921],[137.6909637451172,-5.027676925700263],[137.6861572265625,-5.02459890211037],[137.6854705810547,-5.024940905449583],[137.68478393554688,-5.029386932520467],[137.68512725830078,-5.034858924155486],[137.68409729003906,-5.036568912101657],[137.6810073852539,-5.0358849174628375],[137.6799774169922,-5.0307549347428875],[137.67791748046875,-5.032122934090054],[137.66830444335938,-5.028360928967203],[137.66761779785156,-5.028702930331264],[137.66830444335938,-5.032464933477499],[137.66761779785156,-5.035542919873592],[137.66555786132812,-5.037936899220284],[137.65594482421875,-5.041698848947632],[137.6538848876953,-5.043750812342552],[137.65182495117188,-5.047854719672117],[137.6590347290039,-5.051958601037185],[137.66590118408203,-5.054010531976516],[137.66590118408203,-5.053668543937874],[137.66864776611328,-5.058456360046563],[137.6689910888672,-5.059140330886208],[137.6700210571289,-5.060166285790345],[137.67139434814453,-5.059482316034973],[137.67242431640625,-5.056746429785676],[137.67242431640625,-5.058456360046563],[137.67139434814453,-5.060166285790345],[137.6693344116211,-5.060508270396923],[137.669677734375,-5.067005943564325],[137.67139434814453,-5.068373866434911],[137.6744842529297,-5.066663962394202],[137.67791748046875,-5.061876207015516],[137.67929077148438,-5.054352519834637],[137.6813507080078,-5.052300589978287],[137.68444061279297,-5.052300589978287],[137.68753051757812,-5.053668543937874],[137.69508361816406,-5.053668543937874],[137.69817352294922,-5.056746429785676],[137.7022933959961,-5.053326555718712],[137.70641326904297,-5.052984567319058],[137.71018981933594,-5.05469450751221],[137.71018981933594,-5.049906663601519],[137.7129364013672,-5.047512728386067],[137.71259307861328,-5.044776791607987],[137.7132797241211,-5.043750812342552],[137.71499633789062,-5.043750812342552],[137.7184295654297,-5.045802769251594],[137.7198028564453,-5.042382837466448],[137.71739959716797,-5.040330869749042],[137.71671295166016,-5.038278895550079],[137.72048950195312,-5.0345169260266545],[137.7198028564453,-5.03041293445682],[137.72117614746094,-5.030070933991041],[137.72357940673828,-5.033148931713072],[137.7242660522461,-5.032464933477499],[137.7239227294922,-5.028360928967203],[137.72666931152344,-5.026992921714921],[137.72563934326172,-5.025624911589475],[137.72220611572266,-5.023914894893508],[137.72563934326172,-5.021862868936225],[137.7249526977539,-5.018784817892268],[137.72254943847656,-5.018100804576761],[137.72254943847656,-5.017758797650103],[137.7252960205078,-5.0184428113241495],[137.72872924804688,-5.016048760328474],[137.7301025390625,-5.0174167905442175],[137.7297592163086,-5.0184428113241495],[137.73216247558594,-5.017758797650103],[137.73422241210938,-5.020494848043398],[137.735595703125,-5.0184428113241495],[137.73731231689453,-5.019126824281102],[137.73834228515625,-5.0174167905442175],[137.73937225341797,-5.0174167905442175],[137.7410888671875,-5.020836853535641],[137.74452209472656,-5.022546878306343],[137.74417877197266,-5.019126824281102],[137.74280548095703,-5.016390768151211],[137.74314880371094,-5.013312691296861],[137.74898529052734,-5.010576610803639],[137.75104522705078,-5.011602642331354],[137.7520751953125,-5.010918621491882],[137.7513885498047,-5.012970681861887],[137.74932861328125,-5.011602642331354],[137.74829864501953,-5.012628672247843],[137.74417877197266,-5.013654700552749],[137.74349212646484,-5.016390768151211],[137.7458953857422,-5.022204873710976],[137.74486541748047,-5.023914894893508],[137.74005889892578,-5.021178858848529],[137.73937225341797,-5.0184428113241495],[137.73799896240234,-5.018784817892268],[137.73799896240234,-5.021178858848529],[137.74005889892578,-5.023914894893508],[137.73971557617188,-5.026992921714921],[137.73799896240234,-5.029386932520467],[137.735595703125,-5.030070933991041],[137.7362823486328,-5.0314389347759345],[137.7352523803711,-5.03417492771797],[137.7362823486328,-5.035200922104465],[137.73971557617188,-5.033490930561186],[137.74280548095703,-5.036226914872188],[137.7458953857422,-5.037252906020839],[137.7472686767578,-5.033148931713072],[137.75001525878906,-5.031780934522871],[137.75413513183594,-5.036226914872188],[137.75413513183594,-5.038278895550079],[137.7524185180664,-5.0413568544180976],[137.75550842285156,-5.040330869749042],[137.757568359375,-5.040672864818774],[137.75859832763672,-5.042040843297102],[137.75859832763672,-5.045460776883942],[137.7568817138672,-5.048880692448378],[137.7527618408203,-5.0526425787389115],[137.74658203125,-5.053326555718712],[137.75001525878906,-5.056746429785676],[137.75001525878906,-5.058798345556724],[137.74383544921875,-5.062560174240048],[137.74246215820312,-5.064270089136642],[137.74246215820312,-5.066321981043075],[137.74417877197266,-5.067347924553488],[137.74658203125,-5.06563801779798],[137.74967193603516,-5.06563801779798],[137.7520751953125,-5.068031885988788],[137.7462387084961,-5.077265294455728],[137.74452209472656,-5.0782912205735045],[137.7417755126953,-5.077949245382285],[137.7410888671875,-5.076581342803777],[137.7410888671875,-5.07179366093726],[137.7404022216797,-5.0711097034856465],[137.73902893066406,-5.07179366093726],[137.73731231689453,-5.075555413965958],[137.735595703125,-5.076923318720418],[137.73319244384766,-5.076923318720418],[137.7307891845703,-5.074187506310892],[137.72769927978516,-5.075555413965958],[137.72872924804688,-5.0782912205735045],[137.7349090576172,-5.086840541372652],[137.74520874023438,-5.083078854199755],[137.7513885498047,-5.084446742987041],[137.75653839111328,-5.087182511843949],[137.75859832763672,-5.087182511843949],[137.75928497314453,-5.085130686291123],[137.7582550048828,-5.077607270009679],[137.76168823242188,-5.072477617664248],[137.76512145996094,-5.07179366093726],[137.7733612060547,-5.072819595755988],[137.77782440185547,-5.071451682302026],[137.77782440185547,-5.0693998066870165],[137.7747344970703,-5.065979999511001],[137.7743911743164,-5.063586123720583],[137.77679443359375,-5.060850254822725],[137.78091430664062,-5.058456360046563],[137.7791976928711,-5.057088416199164],[137.77576446533203,-5.056746429785676],[137.7743911743164,-5.0557204694615905],[137.77542114257812,-5.054010531976516],[137.77782440185547,-5.053326555718712],[137.77748107910156,-5.046828745273089],[137.77610778808594,-5.044434798699683],[137.77679443359375,-5.043408818893738],[137.78228759765625,-5.042040843297102],[137.7788543701172,-5.039646879069423],[137.7788543701172,-5.038278895550079],[137.78297424316406,-5.039646879069423],[137.7853775024414,-5.039304883459579],[137.7853775024414,-5.038278895550079],[137.78194427490234,-5.037594902710538],[137.78057098388672,-5.0358849174628375],[137.78125762939453,-5.0345169260266545],[137.78366088867188,-5.03417492771797],[137.7850341796875,-5.032122934090054],[137.78675079345703,-5.032122934090054],[137.78812408447266,-5.026992921714921],[137.78915405273438,-5.026992921714921],[137.78743743896484,-5.032464933477499],[137.7853775024414,-5.032806932685176],[137.7843475341797,-5.0345169260266545],[137.78125762939453,-5.0358849174628375],[137.78228759765625,-5.036910909151217],[137.78606414794922,-5.037936899220284],[137.78606414794922,-5.039646879069423],[137.78160095214844,-5.040330869749042],[137.78331756591797,-5.041698848947632],[137.78297424316406,-5.042724831455672],[137.77713775634766,-5.044776791607987],[137.77816772460938,-5.046828745273089],[137.7788543701172,-5.053668543937874],[137.77576446533203,-5.0553784823257075],[137.78125762939453,-5.057088416199164],[137.78228759765625,-5.058456360046563],[137.78743743896484,-5.0526425787389115],[137.78949737548828,-5.052300589978287],[137.79327392578125,-5.0526425787389115],[137.7956771850586,-5.055036495009233],[137.7967071533203,-5.06495405382914],[137.79911041259766,-5.066663962394202],[137.80494689941406,-5.066663962394202],[137.8073501586914,-5.064612071573336],[137.8076934814453,-5.060850254822725],[137.8066635131836,-5.058114374355696],[137.801513671875,-5.053326555718712],[137.8008270263672,-5.0505906434683965],[137.8018569946289,-5.0471707369197105],[137.80391693115234,-5.044776791607987],[137.8070068359375,-5.045460776883942],[137.8121566772461,-5.049906663601519],[137.81696319580078,-5.0526425787389115],[137.82073974609375,-5.0526425787389115],[137.82451629638672,-5.0505906434683965],[137.82760620117188,-5.04614476143901],[137.82657623291016,-5.042040843297102],[137.8238296508789,-5.03896288766974],[137.8173065185547,-5.039304883459579],[137.81455993652344,-5.037252906020839],[137.81455993652344,-5.0345169260266545],[137.81558990478516,-5.032464933477499],[137.81902313232422,-5.03041293445682],[137.8231430053711,-5.03041293445682],[137.8238296508789,-5.028702930331264],[137.81936645507812,-5.0259669143901675],[137.8176498413086,-5.021520863982062],[137.81558990478516,-5.019468830490638],[137.8173065185547,-5.012970681861887],[137.81421661376953,-5.014338718527199],[137.8121566772461,-5.012628672247843],[137.81455993652344,-5.013654700552749],[137.81661987304688,-5.012286662454727],[137.8176498413086,-5.012970681861887],[137.8179931640625,-5.015706752326537],[137.81627655029297,-5.019468830490638],[137.8183364868164,-5.021520863982062],[137.81970977783203,-5.025282908609299],[137.82485961914062,-5.028360928967203],[137.823486328125,-5.031096934849273],[137.81902313232422,-5.0307549347428875],[137.81627655029297,-5.032806932685176],[137.81524658203125,-5.0345169260266545],[137.81524658203125,-5.037252906020839],[137.8176498413086,-5.03896288766974],[137.82245635986328,-5.037936899220284],[137.8241729736328,-5.038278895550079],[137.82691955566406,-5.0410148597084685],[137.8286361694336,-5.044776791607987],[137.83103942871094,-5.0430668252647735],[137.83103942871094,-5.043750812342552],[137.8286361694336,-5.045460776883942],[137.82623291015625,-5.049906663601519],[137.8227996826172,-5.052984567319058],[137.8179931640625,-5.053668543937874],[137.8128433227539,-5.051958601037185],[137.8125,-5.051616611915648],[137.8121566772461,-5.051616611915648],[137.8121566772461,-5.051274622613647],[137.8063201904297,-5.046828745273089],[137.80460357666016,-5.046828745273089],[137.80288696289062,-5.047854719672117],[137.8022003173828,-5.049564673397512],[137.80254364013672,-5.052300589978287],[137.80906677246094,-5.059140330886208],[137.81044006347656,-5.062560174240048],[137.81044006347656,-5.06495405382914],[137.80906677246094,-5.066321981043075],[137.80426025390625,-5.068373866434911],[137.79808044433594,-5.068373866434911],[137.7956771850586,-5.066321981043075],[137.79464721679688,-5.056062456416896],[137.79327392578125,-5.054352519834637],[137.7901840209961,-5.053668543937874],[137.78675079345703,-5.0553784823257075],[137.78331756591797,-5.060166285790345],[137.77610778808594,-5.064612071573336],[137.779541015625,-5.067347924553488],[137.7802276611328,-5.0687158466999875],[137.7802276611328,-5.0711097034856465],[137.77851104736328,-5.0735035513958735],[137.7740478515625,-5.074871460500944],[137.76409149169922,-5.073845528943991],[137.76203155517578,-5.074871460500944],[137.76031494140625,-5.077949245382285],[137.76168823242188,-5.084788714729882],[137.75997161865234,-5.088892361474677],[137.74829864501953,-5.086840541372652],[137.73902893066406,-5.088550391912008],[137.735595703125,-5.0909441750333855],[137.73456573486328,-5.092654014665371],[137.73765563964844,-5.099835291445515],[137.73902893066406,-5.105990607613748],[137.73799896240234,-5.109410202180825],[137.735595703125,-5.112145864696174],[137.7294158935547,-5.113855647834782],[137.72151947021484,-5.109410202180825],[137.7198028564453,-5.1104360769930395],[137.7184295654297,-5.113855647834782],[137.7198028564453,-5.12035278210638],[137.72083282470703,-5.122404495007061],[137.72563934326172,-5.125140101962671],[137.73456573486328,-5.122062543314229],[137.735595703125,-5.118301062622336],[137.73765563964844,-5.115565426407358],[137.73834228515625,-5.115565426407358],[137.7359390258789,-5.118643016326743],[137.7352523803711,-5.122404495007061],[137.72632598876953,-5.125482052008564],[137.7352523803711,-5.126165951551187],[137.7414321899414,-5.128217645784844],[137.74658203125,-5.132321014469468],[137.74795532226562,-5.1374501882057615],[137.75001525878906,-5.1374501882057615],[137.75310516357422,-5.134030743632593],[137.75413513183594,-5.125482052008564],[137.75585174560547,-5.122746446516928],[137.75550842285156,-5.1176171546651545],[137.75585174560547,-5.1176171546651545],[137.75619506835938,-5.122062543314229],[137.76100158691406,-5.123088397843858],[137.7623748779297,-5.1200108293161435],[137.76100158691406,-5.113855647834782],[137.7579116821289,-5.106674527986456],[137.7579116821289,-5.103254918829322],[137.75585174560547,-5.1029129569109415],[137.76100158691406,-5.102570994810321],[137.76512145996094,-5.108042366543117],[137.76649475097656,-5.107700407177589],[137.76683807373047,-5.106674527986456],[137.76512145996094,-5.103938842119277],[137.76546478271484,-5.102229032527447],[137.7737045288086,-5.096757611226238],[137.77645111083984,-5.096757611226238],[137.77782440185547,-5.099835291445515],[137.77679443359375,-5.103938842119277],[137.7788543701172,-5.104280803490809],[137.78091430664062,-5.102570994810321],[137.78125762939453,-5.099835291445515],[137.77610778808594,-5.092995982046148],[137.77713775634766,-5.089918269072129],[137.7788543701172,-5.088550391912008],[137.78228759765625,-5.087182511843949],[137.8076934814453,-5.083420826668927],[137.80941009521484,-5.0806850418326235],[137.80906677246094,-5.07179366093726],[137.81009674072266,-5.069741786408926],[137.8121566772461,-5.070083765949761],[137.8121566772461,-5.069741786408926],[137.81352996826172,-5.070767724488121],[137.81558990478516,-5.075555413965958],[137.81627655029297,-5.074871460500944],[137.8173065185547,-5.069741786408926],[137.81902313232422,-5.0687158466999875],[137.82108306884766,-5.069741786408926],[137.82108306884766,-5.073845528943991],[137.823486328125,-5.075555413965958],[137.83069610595703,-5.0762393667058205],[137.83447265625,-5.075897390426547],[137.83447265625,-5.077265294455728],[137.83275604248047,-5.077607270009679],[137.8231430053711,-5.077265294455728],[137.82005310058594,-5.074871460500944],[137.81902313232422,-5.0711097034856465],[137.81696319580078,-5.076923318720418],[137.81593322753906,-5.077607270009679],[137.81455993652344,-5.077265294455728],[137.8128433227539,-5.0735035513958735],[137.8128433227539,-5.074871460500944],[137.81112670898438,-5.0711097034856465],[137.81044006347656,-5.072135639391334],[137.81112670898438,-5.079659119524436],[137.80975341796875,-5.084104771062599],[137.8073501586914,-5.085472657670735],[137.78194427490234,-5.090260237907685],[137.7788543701172,-5.092995982046148],[137.78263092041016,-5.097099576423361],[137.78366088867188,-5.101545107415006],[137.78194427490234,-5.104622764680059],[137.77679443359375,-5.1083843257262345],[137.78057098388672,-5.1104360769930395],[137.7912139892578,-5.1097521606340734],[137.79361724853516,-5.1107780348987575],[137.7963638305664,-5.119326923187117],[137.7967071533203,-5.1295854382778],[137.79808044433594,-5.132662960668725],[137.80288696289062,-5.134030743632593],[137.79808044433594,-5.13300490668469],[137.7963638305664,-5.1295854382778],[137.79396057128906,-5.1316371215210665],[137.78949737548828,-5.130953227839598],[137.77816772460938,-5.12035278210638],[137.77576446533203,-5.119668876343056],[137.77198791503906,-5.121036687138215],[137.7682113647461,-5.126507901047901],[137.7682113647461,-5.130953227839598],[137.76958465576172,-5.130953227839598],[137.77542114257812,-5.130269333425147],[137.77679443359375,-5.128901542397671],[137.77610778808594,-5.130269333425147],[137.7688980102539,-5.132321014469468],[137.77198791503906,-5.135398523662786],[137.77713775634766,-5.137108244573895],[137.77851104736328,-5.1415534974737795],[137.77679443359375,-5.1374501882057615],[137.77164459228516,-5.136082412577522],[137.7678680419922,-5.132662960668725],[137.76718139648438,-5.13300490668469],[137.76168823242188,-5.149076162442853],[137.7572250366211,-5.155231003951698],[137.7637481689453,-5.163095436843236],[137.7692413330078,-5.166514725077491],[137.77061462402344,-5.160701924107883],[137.77233123779297,-5.15865033457554],[137.77095794677734,-5.1610438550516164],[137.76992797851562,-5.166856652886366],[137.77507781982422,-5.1658308689062835],[137.7685546875,-5.1678824352058115],[137.7685546875,-5.166856652886366],[137.7634048461914,-5.163437366496581],[137.7568817138672,-5.155572937842749],[137.74795532226562,-5.1624115769834305],[137.74452209472656,-5.166514725077491],[137.74658203125,-5.169933994861552],[137.74967193603516,-5.170959772197193],[137.74761199951172,-5.170959772197193],[137.74795532226562,-5.177114401298994],[137.74658203125,-5.1825851324386605],[137.74486541748047,-5.184636644404108],[137.73937225341797,-5.184636644404108],[137.73250579833984,-5.179849772787961],[137.72151947021484,-5.160018061667486],[137.7191162109375,-5.15796646992419],[137.71705627441406,-5.1576245373222065],[137.7143096923828,-5.161727716386196],[137.7132797241211,-5.167540507950534],[137.71636962890625,-5.1754047881095175],[137.71671295166016,-5.181559373957327],[137.71636962890625,-5.1836108892543535],[137.7129364013672,-5.188739648337048],[137.71774291992188,-5.191816883778301],[137.72151947021484,-5.191816883778301],[137.724609375,-5.1897653951521505],[137.72701263427734,-5.1897653951521505],[137.72838592529297,-5.190449225435614],[137.7242660522461,-5.190107310386551],[137.72117614746094,-5.192158797900504],[137.71774291992188,-5.192158797900504],[137.71053314208984,-5.189423479732412],[137.7081298828125,-5.190449225435614],[137.69886016845703,-5.19147496947069],[137.69268035888672,-5.194210278739774],[137.68753051757812,-5.199338951619154],[137.68512725830078,-5.204467582724746],[137.6861572265625,-5.20857045750472],[137.68512725830078,-5.215750423912539],[137.68821716308594,-5.218143727802399],[137.68959045410156,-5.222246513227375],[137.69371032714844,-5.223614102403019],[137.69542694091797,-5.227374957245928],[137.6971435546875,-5.228058746609548],[137.69542694091797,-5.227716852021075],[137.69542694091797,-5.229768216751594],[137.69920349121094,-5.232503359267952],[137.69817352294922,-5.232503359267952],[137.69508361816406,-5.229768216751594],[137.69336700439453,-5.223955999230668],[137.68959045410156,-5.222588410801009],[137.68753051757812,-5.218485627612893],[137.68478393554688,-5.217459927622457],[137.68238067626953,-5.233187143028957],[137.68169403076172,-5.233187143028957],[137.6810073852539,-5.236947940351698],[137.68341064453125,-5.239683051467054],[137.68924713134766,-5.243785695687848],[137.7139663696289,-5.271819708524276],[137.72220611572266,-5.279340813993429],[137.7249526977539,-5.280024546332541],[137.72804260253906,-5.279682680257224],[137.73216247558594,-5.2738709281467635],[137.73319244384766,-5.265324135029857],[137.73216247558594,-5.264982260860037],[137.73147583007812,-5.263272887191519],[137.73181915283203,-5.263272887191519],[137.72701263427734,-5.258144738004191],[137.73319244384766,-5.264298511956483],[137.7349090576172,-5.260196002750334],[137.7349090576172,-5.2547259484096145],[137.73765563964844,-5.249939611460249],[137.7410888671875,-5.238999274810482],[137.73387908935547,-5.237289829895687],[137.72804260253906,-5.239341163232297],[137.724609375,-5.236947940351698],[137.72048950195312,-5.236606050620679],[137.71636962890625,-5.237973608422706],[137.71636962890625,-5.237631719252718],[137.7194595336914,-5.236264160702717],[137.724609375,-5.236606050620679],[137.72769927978516,-5.238657386201595],[137.73181915283203,-5.237631719252718],[137.73216247558594,-5.236606050620679],[137.7307891845703,-5.228400641011362],[137.72632598876953,-5.227033062284136],[137.72598266601562,-5.226349271800629],[137.7304458618164,-5.227716852021075],[137.73250579833984,-5.227374957245928],[137.73147583007812,-5.228742535226488],[137.73284912109375,-5.236264160702717],[137.74005889892578,-5.237973608422706],[137.74246215820312,-5.238999274810482],[137.74383544921875,-5.236947940351698],[137.74383544921875,-5.238315497405665],[137.7417755126953,-5.240024939514711],[137.735595703125,-5.256777224418542],[137.7359390258789,-5.260537879550753],[137.7349090576172,-5.264640386502251],[137.73696899414062,-5.264982260860037],[137.73662567138672,-5.265324135029857],[137.73456573486328,-5.264982260860037],[137.73250579833984,-5.280366412219323],[137.73902893066406,-5.2872036903495],[137.74520874023438,-5.284126924528934],[137.7517318725586,-5.2817338738811515],[137.7627182006836,-5.281392008748526],[137.7678680419922,-5.277289612452847],[137.7688980102539,-5.272845319182679],[137.7623748779297,-5.260196002750334],[137.76203155517578,-5.256435345552887],[137.76649475097656,-5.24720454527737],[137.7678680419922,-5.241734376946297],[137.7685546875,-5.2328452512418835],[137.7737045288086,-5.224639792326343],[137.77267456054688,-5.221904615467253],[137.76718139648438,-5.217459927622457],[137.76683807373047,-5.213699013314823],[137.7685546875,-5.210963788759543],[137.77233123779297,-5.2099380764808245],[137.77542114257812,-5.2082285522956795],[137.77782440185547,-5.20549330392943],[137.77816772460938,-5.203441859847487],[137.77233123779297,-5.1979713096008595],[137.77130126953125,-5.195919841005249],[137.77130126953125,-5.194552191563886],[137.77267456054688,-5.192842625588682],[137.77679443359375,-5.192842625588682],[137.77507781982422,-5.186004315345059],[137.77301788330078,-5.186346232617353],[137.7682113647461,-5.19147496947069],[137.76683807373047,-5.191133054977698],[137.76443481445312,-5.1873719833229615],[137.76134490966797,-5.187713899854373],[137.76443481445312,-5.187030066606312],[137.76615142822266,-5.181901293636159],[137.76752471923828,-5.180875534044603],[137.76512145996094,-5.187030066606312],[137.76649475097656,-5.190107310386551],[137.7682113647461,-5.190791140299339],[137.7733612060547,-5.185320480244911],[137.77576446533203,-5.185662397887569],[137.77748107910156,-5.192842625588682],[137.77679443359375,-5.1938683657301965],[137.77267456054688,-5.193526452535139],[137.77198791503906,-5.194894104202504],[137.77301788330078,-5.197629398632216],[137.77851104736328,-5.2027580436669325],[137.779541015625,-5.2003646811834585],[137.78297424316406,-5.199680861659601],[137.7843475341797,-5.193526452535139],[137.78812408447266,-5.1938683657301965],[137.7846908569336,-5.194210278739774],[137.78366088867188,-5.199338951619154],[137.78331756591797,-5.2003646811834585],[137.7798843383789,-5.201048499964557],[137.77782440185547,-5.20720283555282],[137.7737045288086,-5.210621884852699],[137.7682113647461,-5.21267330550252],[137.7678680419922,-5.215750423912539],[137.7747344970703,-5.222930308188182],[137.7740478515625,-5.227033062284136],[137.76992797851562,-5.232503359267952],[137.76958465576172,-5.234212817269025],[137.77027130126953,-5.238657386201595],[137.77301788330078,-5.236606050620679],[137.77782440185547,-5.230110110219826],[137.7737045288086,-5.236264160702717],[137.76958465576172,-5.239683051467054],[137.7678680419922,-5.247546429206082],[137.76409149169922,-5.255409707829855],[137.7637481689453,-5.259170371222254],[137.76683807373047,-5.264298511956483],[137.77267456054688,-5.269084738487749],[137.77679443359375,-5.266007882805482],[137.78091430664062,-5.264982260860037],[137.78400421142578,-5.258144738004191],[137.77851104736328,-5.25028149388973],[137.7843475341797,-5.257802859889367],[137.79224395751953,-5.241734376946297],[137.79464721679688,-5.238999274810482],[137.80323028564453,-5.233529034629186],[137.8121566772461,-5.231477682225233],[137.8121566772461,-5.231135789504037],[137.81696319580078,-5.230110110219826],[137.81558990478516,-5.228400641011362],[137.8183364868164,-5.229084429254897],[137.81970977783203,-5.227716852021075],[137.82073974609375,-5.223272205388852],[137.8173065185547,-5.212331402526161],[137.8128433227539,-5.2027580436669325],[137.8128433227539,-5.203099951850092],[137.8018569946289,-5.180875534044603],[137.80288696289062,-5.1754047881095175],[137.80494689941406,-5.172669397396547],[137.8118133544922,-5.169933994861552],[137.8121566772461,-5.169933994861552],[137.8128433227539,-5.169933994861552],[137.81490325927734,-5.169933994861552],[137.81970977783203,-5.171301697606424],[137.82485961914062,-5.174379017977941],[137.8289794921875,-5.173353246183353],[137.83447265625,-5.1671985805107],[137.83447265625,-5.174037094231181],[137.83275604248047,-5.1754047881095175],[137.82691955566406,-5.1777982452807265],[137.82108306884766,-5.1777982452807265],[137.82108306884766,-5.17882400986656],[137.82073974609375,-5.17882400986656],[137.82073974609375,-5.1777982452807265],[137.8121566772461,-5.176430556577742],[137.81009674072266,-5.176430556577742],[137.80563354492188,-5.17882400986656],[137.80529022216797,-5.179849772787961],[137.8066635131836,-5.1825851324386605],[137.8121566772461,-5.189081564127392],[137.8121566772461,-5.188739648337048],[137.81627655029297,-5.192842625588682],[137.81970977783203,-5.1983132203838665],[137.82039642333984,-5.198997041393028],[137.82657623291016,-5.222588410801009],[137.82623291015625,-5.229084429254897],[137.82554626464844,-5.23216146710719],[137.82005310058594,-5.2355803803058905],[137.8121566772461,-5.237631719252718],[137.8011703491211,-5.241392489834254],[137.8022003173828,-5.241734376946297],[137.79773712158203,-5.2431019235227865],[137.80048370361328,-5.245495122823755],[137.80357360839844,-5.253016546575921],[137.80048370361328,-5.246178892367155],[137.79842376708984,-5.244127581489522],[137.7963638305664,-5.244127581489522],[137.79155731201172,-5.259512248586049],[137.78331756591797,-5.269768482125869],[137.77095794677734,-5.282417603580697],[137.76443481445312,-5.29062230110614],[137.7627182006836,-5.298826889834373],[137.76065826416016,-5.302929143347427],[137.75550842285156,-5.309766171943679],[137.74555206298828,-5.315577586637772],[137.74246215820312,-5.314552046851588],[137.74349212646484,-5.316603124716067],[137.74280548095703,-5.317628661086147],[137.73422241210938,-5.31489389363675],[137.73765563964844,-5.323781843416057],[137.73902893066406,-5.3248073678195595],[137.73799896240234,-5.3244655265418],[137.73834228515625,-5.329251287127832],[137.73799896240234,-5.3326696647186935],[137.73799896240234,-5.328225770140207],[137.73456573486328,-5.330618640447824],[137.73765563964844,-5.328225770140207],[137.73765563964844,-5.326858411493802],[137.7352523803711,-5.3200215726381685],[137.7352523803711,-5.319679728700393],[137.73456573486328,-5.317628661086147],[137.73387908935547,-5.316603124716067],[137.73250579833984,-5.316944970362584],[137.7252960205078,-5.334037010425419],[137.72323608398438,-5.346342984593662],[137.72323608398438,-5.351812227085944],[137.7252960205078,-5.360015999108157],[137.72838592529297,-5.365826937620909],[137.73216247558594,-5.3695869271655],[137.73731231689453,-5.372663264997797],[137.74520874023438,-5.373346893517962],[137.74795532226562,-5.372321450450059],[137.74898529052734,-5.370954190341521],[137.74829864501953,-5.36992874324703],[137.74520874023438,-5.367877843882965],[137.74417877197266,-5.365826937620909],[137.7469253540039,-5.368219660922733],[137.7462387084961,-5.364801481903967],[137.74246215820312,-5.361725104413367],[137.74280548095703,-5.361725104413367],[137.74898529052734,-5.364801481903967],[137.74932861328125,-5.361725104413367],[137.74658203125,-5.357281420671157],[137.7469253540039,-5.353863180414336],[137.74829864501953,-5.357281420671157],[137.7513885498047,-5.359332355646657],[137.7524185180664,-5.357281420671157],[137.75997161865234,-5.3507867478425055],[137.7634048461914,-5.349077611950108],[137.7685546875,-5.348735784198723],[137.7743911743164,-5.334378846376097],[137.76683807373047,-5.332327827816073],[137.76718139648438,-5.332327827816073],[137.77507781982422,-5.33369517428433],[137.7798843383789,-5.327883930763889],[137.77198791503906,-5.3200215726381685],[137.78057098388672,-5.327200251440686],[137.78228759765625,-5.326174731029582],[137.78057098388672,-5.323440001568088],[137.78263092041016,-5.325491049804796],[137.79258728027344,-5.320363416386002],[137.79224395751953,-5.319337884572718],[137.79293060302734,-5.3200215726381685],[137.79739379882812,-5.317628661086147],[137.79945373535156,-5.315919432853647],[137.80048370361328,-5.311475417249028],[137.80048370361328,-5.308056921899336],[137.80288696289062,-5.304638407599697],[137.80426025390625,-5.304296555127948],[137.8011703491211,-5.308398772287248],[137.801513671875,-5.31489389363675],[137.8121566772461,-5.309424322313873],[137.83206939697266,-5.298826889834373],[137.8337860107422,-5.296092039023833],[137.83447265625,-5.294382751121844],[137.83447265625,-5.301219874362204],[137.83172607421875,-5.303954702466839],[137.8241729736328,-5.309766171943679],[137.8128433227539,-5.315577586637772],[137.8125,-5.315577586637772],[137.8121566772461,-5.315919432853647],[137.8070068359375,-5.3183123510503805],[137.80803680419922,-5.321730789477897],[137.81009674072266,-5.3248073678195595],[137.81078338623047,-5.326858411493802],[137.8076934814453,-5.3220726322759475],[137.8070068359375,-5.318654195747698],[137.80563354492188,-5.318654195747698],[137.8008270263672,-5.321047103311869],[137.8018569946289,-5.326174731029582],[137.80048370361328,-5.321047103311869],[137.78675079345703,-5.329251287127832],[137.7802276611328,-5.335062517706135],[137.78331756591797,-5.335746188274371],[137.78366088867188,-5.336088023272765],[137.7788543701172,-5.336429858080692],[137.77713775634766,-5.344633836292871],[137.7733612060547,-5.353863180414336],[137.77095794677734,-5.357623243645222],[137.77164459228516,-5.360699641804317],[137.7733612060547,-5.362408745195779],[137.78228759765625,-5.367536026651578],[137.78606414794922,-5.368561477770882],[137.7901840209961,-5.368219660922733],[137.7967071533203,-5.370954190341521],[137.79911041259766,-5.375739587296039],[137.8022003173828,-5.378474082957524],[137.8070068359375,-5.381208566332035],[137.8121566772461,-5.380183136506858],[137.83241271972656,-5.37505596146157],[137.83447265625,-5.375397774474749],[137.83447265625,-5.615644144204083],[137.83447265625,-5.616327493906226],[137.83447265625,-5.6378525987708485],[137.8128433227539,-5.6378525987708485],[137.8121566772461,-5.6378525987708485],[136.38427734375,-5.6378525987708485],[136.38427734375,-5.616327493906226],[136.38427734375,-5.615644144204083]],[[137.72666931152344,-5.026992921714921],[137.72701263427734,-5.027676925700263],[137.724609375,-5.028702930331264],[137.7249526977539,-5.031780934522871],[137.7242660522461,-5.033490930561186],[137.72254943847656,-5.033490930561186],[137.72014617919922,-5.0307549347428875],[137.72083282470703,-5.035542919873592],[137.71739959716797,-5.038278895550079],[137.72083282470703,-5.042040843297102],[137.7191162109375,-5.046828745273089],[137.71774291992188,-5.0471707369197105],[137.71568298339844,-5.0451187843360685],[137.7139663696289,-5.044776791607987],[137.7139663696289,-5.047854719672117],[137.71087646484375,-5.0505906434683965],[137.71224975585938,-5.055036495009233],[137.71087646484375,-5.0557204694615905],[137.70606994628906,-5.054010531976516],[137.7022933959961,-5.054352519834637],[137.70057678222656,-5.0557204694615905],[137.70126342773438,-5.061876207015516],[137.70366668701172,-5.062902157581064],[137.70675659179688,-5.065979999511001],[137.7074432373047,-5.065979999511001],[137.71121978759766,-5.063244140741261],[137.71259307861328,-5.063928106519043],[137.713623046875,-5.06563801779798],[137.71465301513672,-5.06563801779798],[137.7132797241211,-5.067689905361647],[137.71465301513672,-5.0704257453094925],[137.71499633789062,-5.072135639391334],[137.713623046875,-5.074871460500944],[137.7143096923828,-5.075555413965958],[137.724609375,-5.074871460500944],[137.72804260253906,-5.072819595755988],[137.73113250732422,-5.072135639391334],[137.73456573486328,-5.075897390426547],[137.7359390258789,-5.075213437324095],[137.73799896240234,-5.070767724488121],[137.7404022216797,-5.069741786408926],[137.74211883544922,-5.0711097034856465],[137.74211883544922,-5.0762393667058205],[137.74349212646484,-5.077265294455728],[137.74761199951172,-5.0735035513958735],[137.75035858154297,-5.069057826784032],[137.75035858154297,-5.067347924553488],[137.74932861328125,-5.067005943564325],[137.74452209472656,-5.068373866434911],[137.74280548095703,-5.068031885988788],[137.7414321899414,-5.065979999511001],[137.7414321899414,-5.064270089136642],[137.74280548095703,-5.061876207015516],[137.74864196777344,-5.058456360046563],[137.74486541748047,-5.054352519834637],[137.74520874023438,-5.051958601037185],[137.75035858154297,-5.051958601037185],[137.75379180908203,-5.050932633131239],[137.7572250366211,-5.046828745273089],[137.7572250366211,-5.042382837466448],[137.7568817138672,-5.041698848947632],[137.7524185180664,-5.042724831455672],[137.75104522705078,-5.042040843297102],[137.75310516357422,-5.0386208916998925],[137.75070190429688,-5.033148931713072],[137.74795532226562,-5.03383292922949],[137.74658203125,-5.037594902710538],[137.74555206298828,-5.038278895550079],[137.7417755126953,-5.036568912101657],[137.73937225341797,-5.03417492771797],[137.73696899414062,-5.0358849174628375],[137.7349090576172,-5.035542919873592],[137.73456573486328,-5.03383292922949],[137.735595703125,-5.031096934849273],[137.73250579833984,-5.0314389347759345],[137.73147583007812,-5.029728933345595],[137.73250579833984,-5.027334923797383],[137.7359390258789,-5.029386932520467],[137.73868560791016,-5.027676925700263],[137.73937225341797,-5.023914894893508],[137.7362823486328,-5.019126824281102],[137.73422241210938,-5.021178858848529],[137.73181915283203,-5.018784817892268],[137.7304458618164,-5.0198108365208896],[137.72907257080078,-5.019468830490638],[137.72907257080078,-5.0170747832590905],[137.72563934326172,-5.018784817892268],[137.72598266601562,-5.022204873710976],[137.72323608398438,-5.023914894893508],[137.72598266601562,-5.024940905449583],[137.72666931152344,-5.026992921714921]],[[137.71499633789062,-5.003052330398901],[137.71602630615234,-5.001684270118744],[137.71533966064453,-4.997922089609844],[137.71465301513672,-4.997238054468511],[137.71156311035156,-4.9986061240370105],[137.7074432373047,-4.9982641069127],[137.70401000976562,-4.999632174338473],[137.70023345947266,-4.997238054468511],[137.69302368164062,-5.00407837373244],[137.69302368164062,-5.006130455572631],[137.69611358642578,-5.007156494078657],[137.6974868774414,-5.0092085662608525],[137.69542694091797,-5.011602642331354],[137.69302368164062,-5.012628672247843],[137.69302368164062,-5.015022735785166],[137.6919937133789,-5.016048760328474],[137.68993377685547,-5.016390768151211],[137.68272399902344,-5.011602642331354],[137.68272399902344,-5.013654700552749],[137.68375396728516,-5.014338718527199],[137.68272399902344,-5.014338718527199],[137.6799774169922,-5.0184428113241495],[137.67654418945312,-5.021520863982062],[137.67276763916016,-5.022888882722299],[137.66761779785156,-5.022204873710976],[137.66555786132812,-5.02459890211037],[137.66624450683594,-5.027334923797383],[137.6693344116211,-5.027334923797383],[137.67723083496094,-5.0307549347428875],[137.67929077148438,-5.029386932520467],[137.6810073852539,-5.029386932520467],[137.68238067626953,-5.030070933991041],[137.6810073852539,-5.03417492771797],[137.68238067626953,-5.035542919873592],[137.68444061279297,-5.0345169260266545],[137.68375396728516,-5.028360928967203],[137.68444061279297,-5.02459890211037],[137.6858139038086,-5.023572891015888],[137.6913070678711,-5.026650919452891],[137.69336700439453,-5.0259669143901675],[137.69577026367188,-5.026308917011306],[137.6968002319336,-5.028018927423545],[137.69508361816406,-5.030070933991041],[137.69920349121094,-5.029728933345595],[137.69989013671875,-5.032806932685176],[137.70160675048828,-5.03041293445682],[137.7019500732422,-5.024940905449583],[137.70538330078125,-5.02459890211037],[137.70984649658203,-5.025624911589475],[137.7074432373047,-5.023572891015888],[137.7074432373047,-5.021178858848529],[137.7081298828125,-5.019126824281102],[137.71087646484375,-5.016048760328474],[137.71087646484375,-5.012286662454727],[137.7129364013672,-5.0112606320011395],[137.7129364013672,-5.00886655467778],[137.7132797241211,-5.008182530974835],[137.7139663696289,-5.008182530974835],[137.7143096923828,-5.006130455572631],[137.71671295166016,-5.006130455572631],[137.71705627441406,-5.00544642900779],[137.71465301513672,-5.003394345022144],[137.71499633789062,-5.003052330398901]],[[137.49664306640625,-4.8672585313087495],[137.49767303466797,-4.864179761848746],[137.49561309814453,-4.865890191065205],[137.49664306640625,-4.8672585313087495]],[[137.12860107421875,-4.871705617877893],[137.12757110595703,-4.869311036456153],[137.12345123291016,-4.870337286681092],[137.120361328125,-4.869653120038478],[137.1145248413086,-4.865206019900157],[137.11280822753906,-4.866232276386938],[137.11383819580078,-4.871363535339768],[137.11349487304688,-4.873758109450463],[137.11246490478516,-4.875126433682638],[137.1086883544922,-4.874442271914901],[137.1090316772461,-4.877178914804674],[137.10765838623047,-4.879231389652915],[137.1038818359375,-4.879573468184148],[137.09632873535156,-4.874100190769752],[137.0935821533203,-4.874442271914901],[137.0922088623047,-4.8802576247235265],[137.08534240722656,-4.880941780565394],[137.08328247070312,-4.887441226255476],[137.0767593383789,-4.898729587305098],[137.07778930664062,-4.9069391847330195],[137.0757293701172,-4.915148681173491],[137.0716094970703,-4.924042188161778],[137.06783294677734,-4.927120682113326],[137.0657730102539,-4.9298571092109285],[137.05856323242188,-4.93601402895527],[137.05787658691406,-4.938066322842715],[137.05890655517578,-4.940460657683829],[137.06886291503906,-4.951406078179971],[137.07813262939453,-4.958246874028049],[137.08431243896484,-4.968507934914598],[137.09117889404297,-4.976716668617357],[137.09735870361328,-4.975006524202243],[137.10044860839844,-4.9746644947859835],[137.1038818359375,-4.973296375343821],[137.10594177246094,-4.974322465191989],[137.10834503173828,-4.973980435420302],[137.11143493652344,-4.970218096206295],[137.11212158203125,-4.963377424420031],[137.1145248413086,-4.960299098969912],[137.1145248413086,-4.957220759165551],[137.11727142333984,-4.952432202070469],[137.12379455566406,-4.946617478978737],[137.12345123291016,-4.945933390550124],[137.11898803710938,-4.945249301414677],[137.12448120117188,-4.945249301414677],[137.12688446044922,-4.940802704812299],[137.12791442871094,-4.935671979356741],[137.1258544921875,-4.911043945587139],[137.12860107421875,-4.895993032416385],[137.12791442871094,-4.8956509622679505],[137.12242126464844,-4.899071655878657],[137.11795806884766,-4.899071655878657],[137.11349487304688,-4.8973613112606245],[137.11315155029297,-4.89325646633165],[137.11761474609375,-4.8894936696954545],[137.12345123291016,-4.890519889057032],[137.12825775146484,-4.882310090156139],[137.12963104248047,-4.881625935709636],[137.12757110595703,-4.8840204732192944],[137.12448120117188,-4.890519889057032],[137.12207794189453,-4.891888179092689],[137.11658477783203,-4.891204034424391],[137.1141815185547,-4.89325646633165],[137.11349487304688,-4.894966821446303],[137.1155548095703,-4.897703380534267],[137.1210479736328,-4.898045449632889],[137.12860107421875,-4.893940608902113],[137.1368408203125,-4.882310090156139],[137.13855743408203,-4.8778630737846385],[137.1419906616211,-4.875126433682638],[137.1416473388672,-4.873758109450463],[137.13958740234375,-4.872731864447687],[137.13443756103516,-4.874100190769752],[137.13031768798828,-4.873758109450463],[137.12894439697266,-4.872731864447687],[137.12860107421875,-4.871705617877893]],[[137.75550842285156,-5.13300490668469],[137.7527618408203,-5.1374501882057615],[137.7410888671875,-5.144972901666492],[137.7307891845703,-5.147708411791868],[137.71224975585938,-5.149760036665086],[137.70572662353516,-5.153521331735135],[137.70572662353516,-5.160359992979821],[137.7077865600586,-5.168566289162726],[137.70469665527344,-5.180875534044603],[137.70538330078125,-5.181901293636159],[137.71121978759766,-5.181559373957327],[137.70984649658203,-5.1671985805107],[137.71018981933594,-5.162753507005519],[137.71156311035156,-5.159334198490015],[137.71499633789062,-5.155914871549669],[137.71739959716797,-5.154547135617307],[137.7198028564453,-5.154547135617307],[137.72289276123047,-5.155914871549669],[137.72598266601562,-5.15865033457554],[137.73696899414062,-5.179507851999119],[137.7404022216797,-5.182243213129951],[137.74280548095703,-5.182243213129951],[137.74417877197266,-5.180533613810709],[137.74417877197266,-5.1791659310253095],[137.7414321899414,-5.167540507950534],[137.74314880371094,-5.1624115769834305],[137.7469253540039,-5.157282604536022],[137.75379180908203,-5.15420520117398],[137.75619506835938,-5.1514697190019945],[137.7685546875,-5.121720591438475],[137.7733612060547,-5.118301062622336],[137.7802276611328,-5.118643016326743],[137.7843475341797,-5.121720591438475],[137.78846740722656,-5.127875697203706],[137.79293060302734,-5.1295854382778],[137.79430389404297,-5.126507901047901],[137.79327392578125,-5.113513691572308],[137.7908706665039,-5.111803907520667],[137.78091430664062,-5.112145864696174],[137.77645111083984,-5.1104360769930395],[137.77542114257812,-5.1083843257262345],[137.77610778808594,-5.100177255003743],[137.77507781982422,-5.097441541438428],[137.76649475097656,-5.1029129569109415],[137.7682113647461,-5.10701648789923],[137.76615142822266,-5.109410202180825],[137.7630615234375,-5.1083843257262345],[137.75962829589844,-5.1035968805654335],[137.75894165039062,-5.104964725686983],[137.7627182006836,-5.113855647834782],[137.76409149169922,-5.122746446516928],[137.7627182006836,-5.124456201321763],[137.75619506835938,-5.124456201321763],[137.75550842285156,-5.13300490668469]],[[137.6473617553711,-5.211647596015041],[137.647705078125,-5.20857045750472],[137.6483917236328,-5.205151397047061],[137.6473617553711,-5.201048499964557],[137.64907836914062,-5.204467582724746],[137.64873504638672,-5.211305692480337],[137.65182495117188,-5.210279980759779],[137.6535415649414,-5.20788664690069],[137.66178131103516,-5.211305692480337],[137.6641845703125,-5.2133571108968795],[137.6700210571289,-5.215066621124805],[137.67139434814453,-5.215066621124805],[137.67242431640625,-5.2133571108968795],[137.6748275756836,-5.205835210625892],[137.6806640625,-5.193184539154643],[137.67620086669922,-5.19147496947069],[137.67414093017578,-5.191816883778301],[137.67311096191406,-5.193526452535139],[137.67311096191406,-5.1938683657301965],[137.6648712158203,-5.193184539154643],[137.6638412475586,-5.191816883778301],[137.66315460205078,-5.188397732361437],[137.6634979248047,-5.188397732361437],[137.6648712158203,-5.192500711837312],[137.67208099365234,-5.193184539154643],[137.67345428466797,-5.19147496947069],[137.67620086669922,-5.190791140299339],[137.6751708984375,-5.182243213129951],[137.67654418945312,-5.190107310386551],[137.67860412597656,-5.191816883778301],[137.6813507080078,-5.192158797900504],[137.6861572265625,-5.186346232617353],[137.69371032714844,-5.181901293636159],[137.69886016845703,-5.1801916933918335],[137.69989013671875,-5.1777982452807265],[137.70092010498047,-5.16925014238133],[137.70023345947266,-5.1678824352058115],[137.69920349121094,-5.1671985805107],[137.69336700439453,-5.168224362276561],[137.68993377685547,-5.167540507950534],[137.68753051757812,-5.1658308689062835],[137.6806640625,-5.159334198490015],[137.6806640625,-5.156940671565664],[137.68718719482422,-5.15420520117398],[137.68924713134766,-5.151811654917509],[137.69027709960938,-5.1483922874850805],[137.68924713134766,-5.1466825968732905],[137.68718719482422,-5.146340658199492],[137.68409729003906,-5.149760036665086],[137.68169403076172,-5.150785846619044],[137.67860412597656,-5.150101973500327],[137.67688751220703,-5.1483922874850805],[137.67654418945312,-5.145656780300513],[137.68203735351562,-5.139843788490936],[137.6813507080078,-5.137792131654166],[137.67791748046875,-5.13334685251732],[137.67757415771484,-5.131295174771964],[137.67826080322266,-5.130611280723983],[137.6803207397461,-5.129927385943077],[137.68169403076172,-5.132662960668725],[137.67929077148438,-5.130611280723983],[137.67791748046875,-5.1316371215210665],[137.67826080322266,-5.13334685251732],[137.68306732177734,-5.13813407491908],[137.68409729003906,-5.138476018000503],[137.68238067626953,-5.138476018000503],[137.68203735351562,-5.140869614431423],[137.67723083496094,-5.1466825968732905],[137.67826080322266,-5.148734225055918],[137.6806640625,-5.150101973500327],[137.68341064453125,-5.149418099645914],[137.6865005493164,-5.145656780300513],[137.68890380859375,-5.145656780300513],[137.69062042236328,-5.1470245353633],[137.6909637451172,-5.149418099645914],[137.68924713134766,-5.1531793967396595],[137.68169403076172,-5.15865033457554],[137.68821716308594,-5.165147011997149],[137.69268035888672,-5.1671985805107],[137.70057678222656,-5.166514725077491],[137.70160675048828,-5.154889069876546],[137.7029800415039,-5.150785846619044],[137.70503997802734,-5.148050349730411],[137.71053314208984,-5.143947082337405],[137.72083282470703,-5.139501846143631],[137.72701263427734,-5.138476018000503],[137.73971557617188,-5.139159903612793],[137.74211883544922,-5.13813407491908],[137.74280548095703,-5.136424356759761],[137.74005889892578,-5.13334685251732],[137.73765563964844,-5.1316371215210665],[137.72186279296875,-5.127533748439433],[137.7194595336914,-5.125824001871408],[137.71602630615234,-5.121036687138215],[137.71121978759766,-5.124798151733728],[137.71602630615234,-5.12035278210638],[137.7132797241211,-5.115565426407358],[137.7129364013672,-5.111461950162578],[137.7143096923828,-5.109068243545096],[137.71705627441406,-5.106674527986456],[137.7143096923828,-5.104964725686983],[137.713623046875,-5.100861181573734],[137.71602630615234,-5.097783506271426],[137.72357940673828,-5.09162811143176],[137.72563934326172,-5.0882084221675825],[137.7249526977539,-5.087182511843949],[137.7187728881836,-5.0882084221675825],[137.71602630615234,-5.086840541372652],[137.71568298339844,-5.081368989130752],[137.7129364013672,-5.075555413965958],[137.7143096923828,-5.071451682302026],[137.71259307861328,-5.0687158466999875],[137.71259307861328,-5.064612071573336],[137.71087646484375,-5.064270089136642],[137.7081298828125,-5.066663962394202],[137.70606994628906,-5.066663962394202],[137.7029800415039,-5.063586123720583],[137.70160675048828,-5.063244140741261],[137.69989013671875,-5.059482316034973],[137.6974868774414,-5.058798345556724],[137.69371032714844,-5.054352519834637],[137.68753051757812,-5.0553784823257075],[137.68169403076172,-5.053668543937874],[137.6803207397461,-5.056062456416896],[137.67963409423828,-5.061534223132043],[137.67860412597656,-5.063586123720583],[137.6810073852539,-5.063928106519043],[137.67894744873047,-5.063928106519043],[137.6751708984375,-5.068031885988788],[137.67173767089844,-5.069741786408926],[137.66830444335938,-5.067689905361647],[137.66761779785156,-5.060850254822725],[137.66624450683594,-5.058114374355696],[137.66040802001953,-5.056062456416896],[137.6531982421875,-5.051274622613647],[137.64976501464844,-5.050932633131239],[137.64873504638672,-5.051958601037185],[137.64358520507812,-5.060850254822725],[137.6418685913086,-5.066663962394202],[137.63877868652344,-5.072477617664248],[137.63534545898438,-5.076923318720418],[137.63019561767578,-5.080001093808619],[137.62161254882812,-5.079659119524436],[137.61474609375,-5.082052935702919],[137.61096954345703,-5.084104771062599],[137.603759765625,-5.092312047102709],[137.60272979736328,-5.097783506271426],[137.6034164428711,-5.101887070062318],[137.60616302490234,-5.105306686511582],[137.60719299316406,-5.105306686511582],[137.61062622070312,-5.103254918829322],[137.6140594482422,-5.099493327705119],[137.61096954345703,-5.104964725686983],[137.6085662841797,-5.105990607613748],[137.6085662841797,-5.10701648789923],[137.61646270751953,-5.108726284726899],[137.62332916259766,-5.112829778499446],[137.6308822631836,-5.118301062622336],[137.63431549072266,-5.123088397843858],[137.6428985595703,-5.1200108293161435],[137.64667510986328,-5.1176171546651545],[137.6483917236328,-5.111803907520667],[137.65010833740234,-5.109410202180825],[137.65422821044922,-5.1100941189048115],[137.6583480834961,-5.115223471058201],[137.66006469726562,-5.1162493365575585],[137.66281127929688,-5.11590738157382],[137.66281127929688,-5.113855647834782],[137.66075134277344,-5.1104360769930395],[137.6593780517578,-5.106332567891286],[137.6645278930664,-5.095389748617521],[137.66830444335938,-5.092654014665371],[137.67208099365234,-5.093679916261948],[137.67105102539062,-5.0909441750333855],[137.67208099365234,-5.090260237907685],[137.67379760742188,-5.094021883096971],[137.6751708984375,-5.095047782510335],[137.68203735351562,-5.090260237907685],[137.68203735351562,-5.09162811143176],[137.68306732177734,-5.091970079358163],[137.68375396728516,-5.094021883096971],[137.68169403076172,-5.097099576423361],[137.68444061279297,-5.097441541438428],[137.68718719482422,-5.100177255003743],[137.6868438720703,-5.100861181573734],[137.68375396728516,-5.097441541438428],[137.6813507080078,-5.097441541438428],[137.6810073852539,-5.095731714542708],[137.68272399902344,-5.0933379492450115],[137.6813507080078,-5.092312047102709],[137.6755142211914,-5.096415645847088],[137.67070770263672,-5.094705816221179],[137.66590118408203,-5.095731714542708],[137.66109466552734,-5.105990607613748],[137.66143798828125,-5.1083843257262345],[137.6645278930664,-5.111803907520667],[137.6648712158203,-5.114881515526349],[137.66658782958984,-5.115565426407358],[137.6648712158203,-5.1162493365575585],[137.66281127929688,-5.121378639379799],[137.66624450683594,-5.124114250726791],[137.66761779785156,-5.124114250726791],[137.66727447509766,-5.125482052008564],[137.66693115234375,-5.124456201321763],[137.66555786132812,-5.124456201321763],[137.66246795654297,-5.121378639379799],[137.66315460205078,-5.118301062622336],[137.66075134277344,-5.118984969848341],[137.65560150146484,-5.116933245976853],[137.65148162841797,-5.112487821689115],[137.64873504638672,-5.118301062622336],[137.64667510986328,-5.12035278210638],[137.64358520507812,-5.122746446516928],[137.64083862304688,-5.123772299948797],[137.63946533203125,-5.125482052008564],[137.63568878173828,-5.126849850361523],[137.63431549072266,-5.131979068086906],[137.6315689086914,-5.136766300758552],[137.62710571289062,-5.139501846143631],[137.61577606201172,-5.142237379781676],[137.6092529296875,-5.142579320660161],[137.5879669189453,-5.142237379781676],[137.57251739501953,-5.142921261354985],[137.56668090820312,-5.144289022297485],[137.55569458007812,-5.150443910151651],[137.55672454833984,-5.155914871549669],[137.5546646118164,-5.1624115769834305],[137.55294799804688,-5.164121225250071],[137.55191802978516,-5.16890821586432],[137.55603790283203,-5.171643622830999],[137.55809783935547,-5.1754047881095175],[137.5659942626953,-5.181217454093485],[137.57869720458984,-5.1866881497044375],[137.58007049560547,-5.1866881497044375],[137.5811004638672,-5.185320480244911],[137.5824737548828,-5.187030066606312],[137.58384704589844,-5.1866881497044375],[137.58487701416016,-5.187713899854373],[137.59449005126953,-5.19147496947069],[137.60169982910156,-5.195919841005249],[137.61817932128906,-5.199680861659601],[137.62161254882812,-5.205835210625892],[137.63843536376953,-5.213699013314823],[137.64118194580078,-5.214382817592195],[137.64530181884766,-5.214382817592195],[137.6473617553711,-5.211647596015041]],[[137.7349090576172,-5.284468788152665],[137.7307891845703,-5.2820757388252275],[137.7301025390625,-5.281050143427336],[137.7239227294922,-5.284810651587733],[137.72014617919922,-5.284810651587733],[137.7187728881836,-5.2872036903495],[137.72083282470703,-5.293357176112352],[137.72220611572266,-5.292673458494448],[137.72357940673828,-5.293357176112352],[137.72666931152344,-5.293015317397888],[137.73731231689453,-5.288571136917994],[137.73731231689453,-5.287545552274793],[137.7349090576172,-5.284468788152665]],[[137.724609375,-5.084446742987041],[137.72632598876953,-5.086156599885015],[137.72666931152344,-5.088892361474677],[137.72220611572266,-5.095389748617521],[137.71499633789062,-5.100861181573734],[137.71602630615234,-5.102570994810321],[137.72014617919922,-5.105648647153842],[137.7239227294922,-5.106674527986456],[137.72769927978516,-5.1104360769930395],[137.73216247558594,-5.111461950162578],[137.73422241210938,-5.1100941189048115],[137.7352523803711,-5.107700407177589],[137.7349090576172,-5.102570994810321],[137.73284912109375,-5.096073680285912],[137.73319244384766,-5.0864985707196695],[137.72804260253906,-5.079659119524436],[137.72666931152344,-5.075897390426547],[137.71602630615234,-5.076923318720418],[137.71808624267578,-5.0864985707196695],[137.724609375,-5.084446742987041]],[[137.62676239013672,-4.958588911961272],[137.625732421875,-4.963719459694715],[137.62435913085938,-4.969534032222228],[137.62195587158203,-4.971586222043584],[137.61817932128906,-4.9719282530589055],[137.61611938476562,-4.973980435420302],[137.6144027709961,-4.977058696967035],[137.61371612548828,-4.9821891008688794],[137.6140594482422,-4.985609347890886],[137.61749267578125,-4.99176574763915],[137.61783599853516,-4.990739685024863],[137.61886596679688,-4.990739685024863],[137.61852264404297,-4.992791808648491],[137.6195526123047,-4.995527963491284],[137.62367248535156,-5.000316206979775],[137.62710571289062,-5.002710315596929],[137.62847900390625,-5.00544642900779],[137.63843536376953,-4.998948140982748],[137.63912200927734,-4.996896036630048],[137.63809204101562,-4.99244978849039],[137.63980865478516,-4.989713620805972],[137.6415252685547,-4.990739685024863],[137.6473617553711,-4.992107768153943],[137.6528549194336,-4.991081706074596],[137.65491485595703,-4.990055642390558],[137.65491485595703,-4.988687554982803],[137.65148162841797,-4.984925299910969],[137.65216827392578,-4.983899226605487],[137.65731811523438,-4.983899226605487],[137.6590347290039,-4.9821891008688794],[137.65972137451172,-4.979794917362511],[137.65731811523438,-4.972954345039071],[137.6590347290039,-4.970560127931989],[137.6583480834961,-4.965429633407837],[137.65663146972656,-4.963719459694715],[137.6525115966797,-4.964745564454674],[137.64976501464844,-4.9691919999638685],[137.647705078125,-4.969534032222228],[137.6418685913086,-4.965087599019938],[137.6363754272461,-4.966113701651395],[137.63500213623047,-4.965429633407837],[137.63259887695312,-4.960299098969912],[137.63019561767578,-4.958246874028049],[137.62676239013672,-4.958588911961272]],[[137.62813568115234,-5.077265294455728],[137.63465881347656,-5.072477617664248],[137.63774871826172,-5.067347924553488],[137.63774871826172,-5.062218190718184],[137.63534545898438,-5.062902157581064],[137.62950897216797,-5.069057826784032],[137.62435913085938,-5.070767724488121],[137.62161254882812,-5.075897390426547],[137.62435913085938,-5.077265294455728],[137.62813568115234,-5.077265294455728]],[[137.61714935302734,-4.921305737130197],[137.6140594482422,-4.917201039484723],[137.61371612548828,-4.912754255153402],[137.61474609375,-4.909675694775601],[137.61680603027344,-4.905912990573853],[137.62161254882812,-4.901124063643607],[137.6150894165039,-4.895993032416385],[137.61371612548828,-4.891204034424391],[137.6144027709961,-4.8853887765286],[137.61062622070312,-4.8840204732192944],[137.6092529296875,-4.884704625223037],[137.6095962524414,-4.887783300598798],[137.60650634765625,-4.895993032416385],[137.6085662841797,-4.896335102389898],[137.6089096069336,-4.8973613112606245],[137.60616302490234,-4.899071655878657],[137.60547637939453,-4.9021502651621205],[137.6092529296875,-4.904886794837083],[137.6099395751953,-4.907965377314255],[137.60822296142578,-4.921647794124695],[137.61371612548828,-4.92780478994419],[137.61920928955078,-4.930199161805646],[137.62401580810547,-4.926094519046714],[137.6308822631836,-4.923700132398466],[137.63328552246094,-4.9219898509433335],[137.63294219970703,-4.920621622613737],[137.6315689086914,-4.919595449520472],[137.62470245361328,-4.921647794124695],[137.61886596679688,-4.9219898509433335],[137.61714935302734,-4.921305737130197]],[[137.59140014648438,-4.993817868052588],[137.59654998779297,-5.000316206979775],[137.5989532470703,-5.00407837373244],[137.5982666015625,-5.00886655467778],[137.59689331054688,-5.010918621491882],[137.5931167602539,-5.013312691296861],[137.6041030883789,-5.0146807272457465],[137.61199951171875,-5.018100804576761],[137.61302947998047,-5.0198108365208896],[137.61199951171875,-5.021178858848529],[137.61577606201172,-5.022204873710976],[137.61852264404297,-5.022204873710976],[137.62298583984375,-5.0170747832590905],[137.6253890991211,-5.008524542915765],[137.6140594482422,-4.995527963491284],[137.61131286621094,-4.989713620805972],[137.61062622070312,-4.985609347890886],[137.61028289794922,-4.9815050493282484],[137.61096954345703,-4.975690582501571],[137.61371612548828,-4.970218096206295],[137.61680603027344,-4.967481836009426],[137.61783599853516,-4.96440352971203],[137.61714935302734,-4.959957061922566],[137.6154327392578,-4.956536681705018],[137.60478973388672,-4.959957061922566],[137.60204315185547,-4.961667245387062],[137.60101318359375,-4.963719459694715],[137.59929656982422,-4.971586222043584],[137.59689331054688,-4.976032611384596],[137.59517669677734,-4.977400725138921],[137.58865356445312,-4.979110863330803],[137.57732391357422,-4.976716668617357],[137.5762939453125,-4.978426808587599],[137.5756072998047,-4.988345532685301],[137.58350372314453,-4.989029577102102],[137.5872802734375,-4.991081706074596],[137.59140014648438,-4.993817868052588]],[[137.46849060058594,-5.065296035904026],[137.46883392333984,-5.066321981043075],[137.46334075927734,-5.063244140741261],[137.45887756347656,-5.062902157581064],[137.45716094970703,-5.063928106519043],[137.45304107666016,-5.07179366093726],[137.45304107666016,-5.072819595755988],[137.4557876586914,-5.073161573666525],[137.45269775390625,-5.073845528943991],[137.45201110839844,-5.0762393667058205],[137.45132446289062,-5.0864985707196695],[137.44892120361328,-5.097441541438428],[137.4496078491211,-5.099493327705119],[137.45887756347656,-5.107700407177589],[137.47604370117188,-5.116933245976853],[137.48188018798828,-5.114539559811817],[137.4770736694336,-5.1176171546651545],[137.4774169921875,-5.122404495007061],[137.48668670654297,-5.133688798166631],[137.4890899658203,-5.134714634014443],[137.49114990234375,-5.134372688915207],[137.49149322509766,-5.138476018000503],[137.49698638916016,-5.144972901666492],[137.51346588134766,-5.141895438719558],[137.51758575439453,-5.1388179608984075],[137.51792907714844,-5.137108244573895],[137.51483917236328,-5.135740468211864],[137.51861572265625,-5.136766300758552],[137.52410888671875,-5.1316371215210665],[137.52513885498047,-5.129927385943077],[137.52376556396484,-5.128901542397671],[137.52582550048828,-5.128901542397671],[137.5265121459961,-5.128217645784844],[137.5261688232422,-5.126165951551187],[137.51861572265625,-5.123430348987824],[137.51243591308594,-5.122062543314229],[137.51861572265625,-5.123088397843858],[137.52857208251953,-5.126165951551187],[137.53063201904297,-5.124456201321763],[137.52925872802734,-5.121720591438475],[137.5151824951172,-5.111119992621937],[137.51140594482422,-5.105990607613748],[137.50694274902344,-5.1083843257262345],[137.5048828125,-5.105648647153842],[137.50247955322266,-5.10701648789923],[137.4935531616211,-5.105648647153842],[137.49629974365234,-5.105306686511582],[137.49732971191406,-5.1029129569109415],[137.49698638916016,-5.105648647153842],[137.50213623046875,-5.106332567891286],[137.5055694580078,-5.104964725686983],[137.50694274902344,-5.09915136378261],[137.50865936279297,-5.097783506271426],[137.50900268554688,-5.098125470922369],[137.50728607177734,-5.09915136378261],[137.50591278076172,-5.104964725686983],[137.50625610351562,-5.106674527986456],[137.50831604003906,-5.10701648789923],[137.51209259033203,-5.104622764680059],[137.5162124633789,-5.097099576423361],[137.51415252685547,-5.096415645847088],[137.51346588134766,-5.094363849750039],[137.51449584960938,-5.096073680285912],[137.5162124633789,-5.096415645847088],[137.5206756591797,-5.092654014665371],[137.5210189819336,-5.089918269072129],[137.515869140625,-5.086156599885015],[137.5155258178711,-5.084104771062599],[137.5162124633789,-5.082394908716722],[137.5213623046875,-5.07863319558335],[137.5213623046875,-5.075897390426547],[137.51964569091797,-5.075555413965958],[137.5151824951172,-5.077265294455728],[137.5107192993164,-5.073845528943991],[137.50934600830078,-5.077949245382285],[137.50591278076172,-5.0789751704117805],[137.5055694580078,-5.0782912205735045],[137.50900268554688,-5.076923318720418],[137.50900268554688,-5.074187506310892],[137.5103759765625,-5.072819595755988],[137.50865936279297,-5.072135639391334],[137.5052261352539,-5.074529483496548],[137.5041961669922,-5.073845528943991],[137.5041961669922,-5.072135639391334],[137.5045394897461,-5.07179366093726],[137.5048828125,-5.0735035513958735],[137.50591278076172,-5.0735035513958735],[137.50934600830078,-5.0711097034856465],[137.51415252685547,-5.074187506310892],[137.51827239990234,-5.0704257453094925],[137.51449584960938,-5.075213437324095],[137.5162124633789,-5.075897390426547],[137.52033233642578,-5.073845528943991],[137.52307891845703,-5.076581342803777],[137.52239227294922,-5.079659119524436],[137.51689910888672,-5.084446742987041],[137.51758575439453,-5.085814628868704],[137.5213623046875,-5.087866452241428],[137.52239227294922,-5.09162811143176],[137.5213623046875,-5.094021883096971],[137.515869140625,-5.10051921837983],[137.51415252685547,-5.1035968805654335],[137.51415252685547,-5.10701648789923],[137.52273559570312,-5.114197603914633],[137.52994537353516,-5.118984969848341],[137.53406524658203,-5.12035278210638],[137.53612518310547,-5.118984969848341],[137.53681182861328,-5.116591291358574],[137.5374984741211,-5.1179591087351355],[137.54024505615234,-5.116591291358574],[137.54161834716797,-5.114881515526349],[137.5429916381836,-5.114881515526349],[137.5429916381836,-5.115565426407358],[137.55157470703125,-5.115565426407358],[137.5539779663086,-5.109068243545096],[137.5539779663086,-5.104622764680059],[137.55191802978516,-5.098125470922369],[137.54230499267578,-5.084104771062599],[137.5374984741211,-5.085130686291123],[137.53475189208984,-5.083420826668927],[137.5371551513672,-5.084446742987041],[137.54058837890625,-5.083078854199755],[137.5433349609375,-5.083078854199755],[137.54196166992188,-5.07179366093726],[137.5440216064453,-5.061192239067779],[137.55157470703125,-5.049906663601519],[137.5591278076172,-5.042040843297102],[137.5536346435547,-5.043750812342552],[137.5601577758789,-5.040330869749042],[137.56633758544922,-5.03383292922949],[137.5714874267578,-5.026308917011306],[137.56839752197266,-5.025624911589475],[137.5649642944336,-5.030070933991041],[137.56736755371094,-5.025282908609299],[137.56668090820312,-5.024256898591688],[137.57217407226562,-5.025282908609299],[137.5762939453125,-5.020494848043398],[137.57389068603516,-5.013996709629524],[137.57457733154297,-5.0112606320011395],[137.5766372680664,-5.008524542915765],[137.581787109375,-5.006814481422168],[137.59174346923828,-5.0092085662608525],[137.59414672851562,-5.0092085662608525],[137.59552001953125,-5.008182530974835],[137.59414672851562,-5.003394345022144],[137.59037017822266,-4.997922089609844],[137.5869369506836,-4.9948439258511],[137.58281707763672,-4.992791808648491],[137.57492065429688,-4.993133828628245],[137.5711441040039,-4.990055642390558],[137.57080078125,-4.986293395158384],[137.5756072998047,-4.972612314556656],[137.581787109375,-4.972954345039071],[137.59037017822266,-4.976032611384596],[137.5924301147461,-4.975690582501571],[137.59449005126953,-4.973980435420302],[137.5982666015625,-4.961667245387062],[137.60204315185547,-4.957220759165551],[137.60272979736328,-4.954826484954978],[137.60169982910156,-4.953458324368526],[137.60101318359375,-4.953458324368526],[137.5975799560547,-4.958246874028049],[137.59552001953125,-4.958930949717356],[137.5879669189453,-4.9538003647806335],[137.5876235961914,-4.958246874028049],[137.5865936279297,-4.959957061922566],[137.58419036865234,-4.960299098969912],[137.58556365966797,-4.962351317532125],[137.58522033691406,-4.962693353338722],[137.58384704589844,-4.960299098969912],[137.57423400878906,-4.953116283779465],[137.5711441040039,-4.952090160950547],[137.56874084472656,-4.952774243013437],[137.56427764892578,-4.9555105641861275],[137.5646209716797,-4.960299098969912],[137.55775451660156,-4.963719459694715],[137.55672454833984,-4.965087599019938],[137.54608154296875,-4.972612314556656],[137.53921508789062,-4.975006524202243],[137.53372192382812,-4.978084780949217],[137.5323486328125,-4.981847075187545],[137.5330352783203,-4.983899226605487],[137.54093170166016,-4.987661487555698],[137.537841796875,-4.985267323989987],[137.53955841064453,-4.983215176844894],[137.5385284423828,-4.985267323989987],[137.54058837890625,-4.986635418524941],[137.54608154296875,-4.995185944760408],[137.54539489746094,-5.001000238906556],[137.54196166992188,-5.006472468586836],[137.54230499267578,-5.007498506556274],[137.5440216064453,-5.008182530974835],[137.54642486572266,-5.0037363594666715],[137.5491714477539,-5.003394345022144],[137.55260467529297,-5.008182530974835],[137.55569458007812,-5.009550577664996],[137.55741119384766,-5.013654700552749],[137.5594711303711,-5.013996709629524],[137.55706787109375,-5.014338718527199],[137.55535125732422,-5.01023459993641],[137.5536346435547,-5.009892588890182],[137.55260467529297,-5.010576610803639],[137.55329132080078,-5.016048760328474],[137.55088806152344,-5.016390768151211],[137.548828125,-5.01536474414543],[137.54745483398438,-5.012970681861887],[137.54745483398438,-5.0112606320011395],[137.55054473876953,-5.007156494078657],[137.548828125,-5.004420387819451],[137.54779815673828,-5.00407837373244],[137.54573822021484,-5.007840518855005],[137.5440216064453,-5.0092085662608525],[137.54539489746094,-5.010576610803639],[137.54539489746094,-5.011944652482555],[137.5436782836914,-5.012970681861887],[137.54196166992188,-5.011602642331354],[137.54058837890625,-5.011602642331354],[137.54196166992188,-5.010918621491882],[137.5440216064453,-5.012286662454727],[137.54505157470703,-5.010918621491882],[137.54436492919922,-5.009892588890182],[137.54058837890625,-5.009892588890182],[137.53990173339844,-5.006814481422168],[137.5275421142578,-5.007498506556274],[137.52410888671875,-5.009892588890182],[137.52822875976562,-5.013654700552749],[137.52925872802734,-5.016390768151211],[137.52479553222656,-5.0201528423718],[137.52857208251953,-5.021178858848529],[137.52891540527344,-5.025624911589475],[137.52994537353516,-5.025282908609299],[137.53131866455078,-5.022888882722299],[137.5330352783203,-5.022204873710976],[137.5371551513672,-5.025282908609299],[137.54127502441406,-5.023572891015888],[137.54127502441406,-5.023914894893508],[137.5371551513672,-5.0259669143901675],[137.5330352783203,-5.022888882722299],[137.5316619873047,-5.023230886958814],[137.52994537353516,-5.0259669143901675],[137.52822875976562,-5.0259669143901675],[137.52788543701172,-5.021520863982062],[137.52445220947266,-5.021178858848529],[137.52376556396484,-5.0201528423718],[137.52445220947266,-5.019126824281102],[137.52822875976562,-5.016048760328474],[137.52822875976562,-5.015022735785166],[137.52445220947266,-5.0112606320011395],[137.5220489501953,-5.009892588890182],[137.51998901367188,-5.0112606320011395],[137.51998901367188,-5.012286662454727],[137.51964569091797,-5.011944652482555],[137.50865936279297,-5.0174167905442175],[137.4877166748047,-5.032806932685176],[137.49114990234375,-5.033148931713072],[137.48634338378906,-5.033490930561186],[137.47879028320312,-5.0386208916998925],[137.47844696044922,-5.039304883459579],[137.48565673828125,-5.045802769251594],[137.48943328857422,-5.054352519834637],[137.49080657958984,-5.0553784823257075],[137.49217987060547,-5.05469450751221],[137.49011993408203,-5.049564673397512],[137.49046325683594,-5.047512728386067],[137.49252319335938,-5.046828745273089],[137.49801635742188,-5.047512728386067],[137.50350952148438,-5.044776791607987],[137.5041961669922,-5.039304883459579],[137.5096893310547,-5.038278895550079],[137.5107192993164,-5.037252906020839],[137.5096893310547,-5.0307549347428875],[137.51174926757812,-5.028702930331264],[137.51415252685547,-5.029386932520467],[137.51964569091797,-5.035542919873592],[137.52307891845703,-5.03383292922949],[137.51998901367188,-5.036226914872188],[137.5213623046875,-5.040330869749042],[137.52513885498047,-5.039304883459579],[137.52582550048828,-5.039988874499244],[137.52479553222656,-5.042382837466448],[137.52685546875,-5.042040843297102],[137.52857208251953,-5.0430668252647735],[137.52960205078125,-5.041698848947632],[137.52891540527344,-5.043750812342552],[137.52685546875,-5.0451187843360685],[137.5271987915039,-5.0430668252647735],[137.52410888671875,-5.042724831455672],[137.52479553222656,-5.039988874499244],[137.5213623046875,-5.0410148597084685],[137.51895904541016,-5.036226914872188],[137.51415252685547,-5.030070933991041],[137.51140594482422,-5.029728933345595],[137.5107192993164,-5.031780934522871],[137.51174926757812,-5.037594902710538],[137.5096893310547,-5.039304883459579],[137.50625610351562,-5.039646879069423],[137.5052261352539,-5.040672864818774],[137.50797271728516,-5.045802769251594],[137.5100326538086,-5.047512728386067],[137.5100326538086,-5.049222683013113],[137.5096893310547,-5.047854719672117],[137.50762939453125,-5.046486753446175],[137.5055694580078,-5.042382837466448],[137.5048828125,-5.0451187843360685],[137.50213623046875,-5.047512728386067],[137.4987030029297,-5.048880692448378],[137.49252319335938,-5.048196710777859],[137.49149322509766,-5.048880692448378],[137.4935531616211,-5.052984567319058],[137.49286651611328,-5.0557204694615905],[137.4945831298828,-5.059824301003019],[137.49835968017578,-5.063586123720583],[137.49801635742188,-5.066321981043075],[137.49767303466797,-5.06495405382914],[137.4942398071289,-5.061192239067779],[137.4932098388672,-5.05743040243199],[137.4890899658203,-5.056746429785676],[137.4825668334961,-5.0451187843360685],[137.4781036376953,-5.041698848947632],[137.47432708740234,-5.0413568544180976],[137.46437072753906,-5.053326555718712],[137.4667739868164,-5.056404443191596],[137.471923828125,-5.0557204694615905],[137.471923828125,-5.056062456416896],[137.46814727783203,-5.057088416199164],[137.4664306640625,-5.056746429785676],[137.46368408203125,-5.053668543937874],[137.45819091796875,-5.062218190718184],[137.46334075927734,-5.062560174240048],[137.46849060058594,-5.065296035904026]],[[137.53921508789062,-4.990055642390558],[137.5316619873047,-4.9845832756538755],[137.52685546875,-4.988687554982803],[137.52582550048828,-4.995527963491284],[137.52960205078125,-4.997922089609844],[137.53131866455078,-5.003052330398901],[137.54058837890625,-5.00407837373244],[137.5429916381836,-4.999974190748432],[137.54196166992188,-4.994159887497176],[137.53921508789062,-4.990055642390558]],[[137.5155258178711,-5.1754047881095175],[137.5100326538086,-5.171985547870889],[137.50934600830078,-5.171643622830999],[137.50694274902344,-5.174720941539931],[137.50385284423828,-5.176430556577742],[137.4990463256836,-5.182243213129951],[137.49767303466797,-5.182243213129951],[137.49526977539062,-5.185320480244911],[137.50076293945312,-5.188397732361437],[137.50865936279297,-5.195919841005249],[137.5110626220703,-5.1938683657301965],[137.5096893310547,-5.191816883778301],[137.5100326538086,-5.185662397887569],[137.50865936279297,-5.180533613810709],[137.5096893310547,-5.17882400986656],[137.51140594482422,-5.179849772787961],[137.51346588134766,-5.17882400986656],[137.51483917236328,-5.1777982452807265],[137.51449584960938,-5.175746711117085],[137.5155258178711,-5.1754047881095175]],[[137.43793487548828,-5.051274622613647],[137.43621826171875,-5.054352519834637],[137.43450164794922,-5.05469450751221],[137.43175506591797,-5.071451682302026],[137.4286651611328,-5.083762798956556],[137.42042541503906,-5.104964725686983],[137.4166488647461,-5.1107780348987575],[137.4163055419922,-5.112487821689115],[137.41802215576172,-5.113513691572308],[137.41527557373047,-5.113855647834782],[137.4176788330078,-5.122404495007061],[137.42008209228516,-5.125482052008564],[137.43175506591797,-5.118643016326743],[137.43518829345703,-5.113513691572308],[137.4338150024414,-5.112829778499446],[137.4334716796875,-5.1107780348987575],[137.4386215209961,-5.100861181573734],[137.44651794433594,-5.062218190718184],[137.45304107666016,-5.049564673397512],[137.45819091796875,-5.042040843297102],[137.46265411376953,-5.037936899220284],[137.46746063232422,-5.033148931713072],[137.47055053710938,-5.0259669143901675],[137.47398376464844,-5.022546878306343],[137.47329711914062,-5.020494848043398],[137.47501373291016,-5.022546878306343],[137.4835968017578,-5.020836853535641],[137.4822235107422,-5.017758797650103],[137.47913360595703,-5.015706752326537],[137.48153686523438,-5.013312691296861],[137.47844696044922,-5.010918621491882],[137.4822235107422,-5.013654700552749],[137.48016357421875,-5.016048760328474],[137.4825668334961,-5.0170747832590905],[137.48428344726562,-5.0201528423718],[137.48737335205078,-5.019468830490638],[137.48497009277344,-5.021178858848529],[137.47364044189453,-5.024256898591688],[137.4712371826172,-5.027676925700263],[137.4715805053711,-5.03041293445682],[137.47844696044922,-5.027676925700263],[137.49011993408203,-5.0184428113241495],[137.50694274902344,-5.00886655467778],[137.50694274902344,-5.007840518855005],[137.50350952148438,-5.006472468586836],[137.4990463256836,-5.006814481422168],[137.4987030029297,-5.006472468586836],[137.50247955322266,-5.005788442379625],[137.50625610351562,-5.006472468586836],[137.50179290771484,-4.999290157749897],[137.50144958496094,-4.996554018613097],[137.50213623046875,-4.9948439258511],[137.50213623046875,-4.999290157749897],[137.5052261352539,-5.00407837373244],[137.50728607177734,-5.00544642900779],[137.5096893310547,-5.005788442379625],[137.5103759765625,-5.00544642900779],[137.5103759765625,-5.006130455572631],[137.50728607177734,-5.006130455572631],[137.50831604003906,-5.007840518855005],[137.51483917236328,-5.005104415457126],[137.51449584960938,-4.993817868052588],[137.50350952148438,-4.990739685024863],[137.50179290771484,-4.987661487555698],[137.50213623046875,-4.982873151697575],[137.50076293945312,-4.9821891008688794],[137.50247955322266,-4.9821891008688794],[137.50213623046875,-4.986635418524941],[137.50385284423828,-4.990055642390558],[137.51380920410156,-4.992791808648491],[137.51346588134766,-4.985267323989987],[137.51209259033203,-4.978768836048147],[137.5045394897461,-4.965429633407837],[137.5048828125,-4.961667245387062],[137.50762939453125,-4.956536681705018],[137.50385284423828,-4.954484445073874],[137.50144958496094,-4.949011782911285],[137.49561309814453,-4.947985653715122],[137.49286651611328,-4.945933390550124],[137.49183654785156,-4.938408371206549],[137.4890899658203,-4.931909422136769],[137.4877166748047,-4.931909422136769],[137.48531341552734,-4.93532992958184],[137.48085021972656,-4.93430377919924],[137.47947692871094,-4.936698127623302],[137.4770736694336,-4.939434515239313],[137.47364044189453,-4.940802704812299],[137.4667739868164,-4.941144751764284],[137.4609375,-4.938408371206549],[137.45716094970703,-4.938066322842715],[137.4554443359375,-4.939092467404848],[137.45407104492188,-4.941828845138602],[137.45441436767578,-4.950721994701809],[137.45098114013672,-4.9592729872962735],[137.4502944946289,-4.963719459694715],[137.4502944946289,-4.971586222043584],[137.4554443359375,-4.9746644947859835],[137.45716094970703,-4.975006524202243],[137.45956420898438,-4.972954345039071],[137.45956420898438,-4.969876064303037],[137.4605941772461,-4.9678238691553105],[137.46471405029297,-4.967139802686091],[137.4657440185547,-4.9620092815482195],[137.4726104736328,-4.961667245387062],[137.47398376464844,-4.960983172532963],[137.47329711914062,-4.958588911961272],[137.4667739868164,-4.955852603536144],[137.4660873413086,-4.954142405015759],[137.4667739868164,-4.951748119653729],[137.46952056884766,-4.950721994701809],[137.47089385986328,-4.9510640365293455],[137.4726104736328,-4.954826484954978],[137.47535705566406,-4.9561946427091215],[137.47570037841797,-4.957904835917674],[137.47501373291016,-4.956536681705018],[137.471923828125,-4.954826484954978],[137.47055053710938,-4.951748119653729],[137.46849060058594,-4.951406078179971],[137.4667739868164,-4.953458324368526],[137.4667739868164,-4.955168524659072],[137.47398376464844,-4.958246874028049],[137.47467041015625,-4.960983172532963],[137.4722671508789,-4.962351317532125],[137.4660873413086,-4.963035388968038],[137.4660873413086,-4.967481836009426],[137.4605941772461,-4.969534032222228],[137.4609375,-4.972612314556656],[137.45887756347656,-4.975690582501571],[137.4551010131836,-4.975690582501571],[137.45166778564453,-4.973296375343821],[137.4502944946289,-4.973296375343821],[137.45132446289062,-4.979794917362511],[137.4547576904297,-4.988687554982803],[137.45407104492188,-4.9948439258511],[137.45441436767578,-4.995527963491284],[137.46402740478516,-4.9948439258511],[137.46540069580078,-4.992791808648491],[137.4660873413086,-4.98697744171335],[137.46917724609375,-4.984241251218705],[137.4726104736328,-4.985267323989987],[137.47467041015625,-4.993817868052588],[137.47295379638672,-4.99244978849039],[137.4715805053711,-4.9859513716136945],[137.46952056884766,-4.985267323989987],[137.4671173095703,-4.9880035102095945],[137.4667739868164,-4.993133828628245],[137.46402740478516,-4.996212000417643],[137.45372772216797,-4.997238054468511],[137.44686126708984,-4.999632174338473],[137.43621826171875,-4.9982641069127],[137.4283218383789,-4.999632174338473],[137.42111206054688,-5.002710315596929],[137.4221420288086,-5.003394345022144],[137.42008209228516,-5.003394345022144],[137.41802215576172,-5.007156494078657],[137.41870880126953,-5.008182530974835],[137.4176788330078,-5.008182530974835],[137.41870880126953,-5.013312691296861],[137.42111206054688,-5.013654700552749],[137.42523193359375,-5.016390768151211],[137.4286651611328,-5.023914894893508],[137.43141174316406,-5.024940905449583],[137.44068145751953,-5.023230886958814],[137.4451446533203,-5.018784817892268],[137.44548797607422,-5.0174167905442175],[137.44617462158203,-5.0184428113241495],[137.44239807128906,-5.022888882722299],[137.43999481201172,-5.024256898591688],[137.42935180664062,-5.0259669143901675],[137.4327850341797,-5.036568912101657],[137.43450164794922,-5.053668543937874],[137.43553161621094,-5.054010531976516],[137.43724822998047,-5.051274622613647],[137.43793487548828,-5.051274622613647]],[[137.48600006103516,-4.9267786279338],[137.48737335205078,-4.924042188161778],[137.48668670654297,-4.920963679959868],[137.48531341552734,-4.920963679959868],[137.4832534790039,-4.921305737130197],[137.47982025146484,-4.924384243749174],[137.47913360595703,-4.92746273611678],[137.48188018798828,-4.932593525035841],[137.4835968017578,-4.9339617287190976],[137.48531341552734,-4.9339617287190976],[137.48703002929688,-4.9315673704229255],[137.48943328857422,-4.930883266466637],[137.49286651611328,-4.937040176692761],[137.49629974365234,-4.936356078377472],[137.50247955322266,-4.937724274302482],[137.50076293945312,-4.9322514736744125],[137.49767303466797,-4.930199161805646],[137.49629974365234,-4.92780478994419],[137.49732971191406,-4.924726299160611],[137.50076293945312,-4.920621622613737],[137.50247955322266,-4.9161748611195435],[137.50041961669922,-4.914464560331368],[137.49664306640625,-4.914806620840238],[137.49561309814453,-4.915490741331141],[137.49561309814453,-4.916516920750269],[137.49801635742188,-4.917885157516409],[137.4987030029297,-4.91993750739401],[137.4942398071289,-4.927120682113326],[137.49114990234375,-4.9298571092109285],[137.48668670654297,-4.929515056440096],[137.48600006103516,-4.9267786279338]],[[137.42935180664062,-4.983899226605487],[137.43175506591797,-4.9859513716136945],[137.43244171142578,-4.991081706074596],[137.4393081665039,-4.992791808648491],[137.44583129882812,-4.996212000417643],[137.44857788085938,-4.996212000417643],[137.4492645263672,-4.995185944760408],[137.449951171875,-4.992791808648491],[137.4492645263672,-4.987661487555698],[137.44720458984375,-4.984241251218705],[137.44583129882812,-4.975690582501571],[137.44617462158203,-4.968165902123687],[137.44686126708984,-4.961325209048638],[137.45201110839844,-4.946959522927955],[137.45201110839844,-4.941828845138602],[137.45407104492188,-4.937040176692761],[137.45681762695312,-4.93601402895527],[137.45990753173828,-4.935671979356741],[137.46780395507812,-4.939434515239313],[137.47020721435547,-4.939776562897308],[137.47364044189453,-4.938066322842715],[137.47604370117188,-4.93601402895527],[137.4767303466797,-4.931225318532867],[137.47501373291016,-4.927120682113326],[137.4726104736328,-4.924042188161778],[137.47089385986328,-4.924042188161778],[137.46814727783203,-4.926094519046714],[137.46505737304688,-4.926094519046714],[137.45956420898438,-4.920621622613737],[137.4506378173828,-4.9219898509433335],[137.44342803955078,-4.920279565091761],[137.43793487548828,-4.920963679959868],[137.43553161621094,-4.922673964053047],[137.43553161621094,-4.924042188161778],[137.4393081665039,-4.933277627229984],[137.4393081665039,-4.939092467404848],[137.43896484375,-4.942512937806683],[137.43450164794922,-4.950037910516144],[137.43175506591797,-4.950721994701809],[137.42935180664062,-4.948327696957307],[137.4272918701172,-4.949011782911285],[137.42111206054688,-4.954826484954978],[137.41596221923828,-4.95756279763016],[137.4053192138672,-4.95961502469801],[137.39604949951172,-4.960641135840049],[137.39295959472656,-4.961667245387062],[137.39158630371094,-4.962693353338722],[137.3898696899414,-4.9719282530589055],[137.39742279052734,-4.975690582501571],[137.40291595458984,-4.976032611384596],[137.4056625366211,-4.973980435420302],[137.41424560546875,-4.971586222043584],[137.4056625366211,-4.974322465191989],[137.40428924560547,-4.975690582501571],[137.42076873779297,-4.979452890435596],[137.42900848388672,-4.984925299910969],[137.43106842041016,-4.988687554982803],[137.43141174316406,-4.986293395158384],[137.42935180664062,-4.983899226605487]],[[137.36583709716797,-5.067005943564325],[137.36549377441406,-5.0693998066870165],[137.36652374267578,-5.073161573666525],[137.36549377441406,-5.0817109625076],[137.36995697021484,-5.0875244821335315],[137.373046875,-5.088892361474677],[137.37579345703125,-5.091970079358163],[137.38231658935547,-5.095047782510335],[137.3891830444336,-5.097099576423361],[137.39330291748047,-5.095389748617521],[137.3902130126953,-5.097441541438428],[137.38712310791016,-5.097441541438428],[137.39604949951172,-5.108042366543117],[137.40943908691406,-5.1083843257262345],[137.41252899169922,-5.104964725686983],[137.41870880126953,-5.092654014665371],[137.4228286743164,-5.081027015572431],[137.42488861083984,-5.069741786408926],[137.4224853515625,-5.067347924553488],[137.4169921875,-5.064612071573336],[137.41424560546875,-5.061876207015516],[137.4118423461914,-5.060850254822725],[137.41458892822266,-5.061534223132043],[137.4173355102539,-5.064270089136642],[137.42488861083984,-5.068031885988788],[137.42591857910156,-5.063244140741261],[137.42557525634766,-5.061192239067779],[137.42626190185547,-5.060850254822725],[137.4272918701172,-5.058114374355696],[137.4283218383789,-5.0505906434683965],[137.4276351928711,-5.049564673397512],[137.4224853515625,-5.049222683013113],[137.41596221923828,-5.050932633131239],[137.41390228271484,-5.048196710777859],[137.41012573242188,-5.047512728386067],[137.40943908691406,-5.043750812342552],[137.4053192138672,-5.0386208916998925],[137.40188598632812,-5.039304883459579],[137.39604949951172,-5.037936899220284],[137.3953628540039,-5.039304883459579],[137.3957061767578,-5.037594902710538],[137.39948272705078,-5.037594902710538],[137.40222930908203,-5.0386208916998925],[137.4053192138672,-5.037936899220284],[137.40978240966797,-5.0430668252647735],[137.41046905517578,-5.047512728386067],[137.41458892822266,-5.047854719672117],[137.4166488647461,-5.0505906434683965],[137.4228286743164,-5.048880692448378],[137.427978515625,-5.048538701703279],[137.42488861083984,-5.035200922104465],[137.41527557373047,-5.0146807272457465],[137.41424560546875,-5.007840518855005],[137.41527557373047,-5.0037363594666715],[137.42042541503906,-4.995527963491284],[137.42900848388672,-4.991423726946039],[137.43038177490234,-4.9903976637968555],[137.43003845214844,-4.988687554982803],[137.42488861083984,-4.987661487555698],[137.4283218383789,-4.9880035102095945],[137.42935180664062,-4.98697744171335],[137.4283218383789,-4.984925299910969],[137.42008209228516,-4.979794917362511],[137.4163055419922,-4.978768836048147],[137.4011993408203,-4.977058696967035],[137.40291595458984,-4.9815050493282484],[137.4001693725586,-4.977400725138921],[137.39879608154297,-4.977058696967035],[137.3895263671875,-4.973980435420302],[137.38300323486328,-4.980136944111507],[137.38059997558594,-4.983557201814193],[137.38231658935547,-4.99244978849039],[137.38574981689453,-4.994159887497176],[137.3898696899414,-4.990739685024863],[137.39158630371094,-4.990739685024863],[137.39261627197266,-4.992107768153943],[137.39192962646484,-4.9948439258511],[137.39227294921875,-4.996896036630048],[137.39398956298828,-4.9982641069127],[137.39227294921875,-4.997922089609844],[137.39124298095703,-4.994159887497176],[137.3902130126953,-4.994501906763347],[137.3891830444336,-4.995527963491284],[137.38780975341797,-5.000316206979775],[137.38780975341797,-4.997922089609844],[137.3891830444336,-4.9948439258511],[137.39192962646484,-4.992791808648491],[137.39158630371094,-4.99176574763915],[137.3895263671875,-4.991423726946039],[137.38540649414062,-4.995185944760408],[137.38231658935547,-4.993817868052588],[137.38025665283203,-4.999974190748432],[137.37682342529297,-5.003394345022144],[137.3572540283203,-5.010918621491882],[137.36068725585938,-5.0198108365208896],[137.3613739013672,-5.02459890211037],[137.35759735107422,-5.031096934849273],[137.34970092773438,-5.037252906020839],[137.35965728759766,-5.036226914872188],[137.3672103881836,-5.032806932685176],[137.3668670654297,-5.031096934849273],[137.36309051513672,-5.028360928967203],[137.3627471923828,-5.0259669143901675],[137.36995697021484,-5.022888882722299],[137.37613677978516,-5.022546878306343],[137.3792266845703,-5.026992921714921],[137.38162994384766,-5.023914894893508],[137.38025665283203,-5.026992921714921],[137.3833465576172,-5.025282908609299],[137.38712310791016,-5.027676925700263],[137.3833465576172,-5.0259669143901675],[137.37957000732422,-5.027676925700263],[137.37545013427734,-5.023230886958814],[137.37098693847656,-5.023572891015888],[137.36412048339844,-5.0259669143901675],[137.36377716064453,-5.027334923797383],[137.3678970336914,-5.03041293445682],[137.3682403564453,-5.032464933477499],[137.3675537109375,-5.033490930561186],[137.36343383789062,-5.036226914872188],[137.3517608642578,-5.039304883459579],[137.34867095947266,-5.040672864818774],[137.33837127685547,-5.051274622613647],[137.33871459960938,-5.053668543937874],[137.3404312133789,-5.056746429785676],[137.35210418701172,-5.067347924553488],[137.35897064208984,-5.075555413965958],[137.362060546875,-5.077949245382285],[137.36309051513672,-5.077949245382285],[137.36480712890625,-5.076581342803777],[137.36515045166016,-5.067689905361647],[137.36583709716797,-5.067005943564325]],[[137.40325927734375,-4.895993032416385],[137.39398956298828,-4.8973613112606245],[137.38746643066406,-4.898045449632889],[137.38609313964844,-4.9007819961205],[137.39707946777344,-4.912412193591166],[137.4011993408203,-4.915148681173491],[137.4053192138672,-4.915148681173491],[137.40943908691406,-4.9141224996468935],[137.40978240966797,-4.903860597523035],[137.41252899169922,-4.897019241812018],[137.4118423461914,-4.8935985377042925],[137.41012573242188,-4.892572323061785],[137.40737915039062,-4.892230251164634],[137.4053192138672,-4.892572323061785],[137.40497589111328,-4.894624750773133],[137.40325927734375,-4.895993032416385]],[[137.37064361572266,-4.93054121422422],[137.36858367919922,-4.935671979356741],[137.3668670654297,-4.940460657683829],[137.36618041992188,-4.945591346070756],[137.36961364746094,-4.941486798539714],[137.37167358398438,-4.938066322842715],[137.37201690673828,-4.934645829503069],[137.37064361572266,-4.93054121422422]],[[137.3672103881836,-4.956878720523832],[137.36858367919922,-4.949353825623078],[137.3668670654297,-4.948327696957307],[137.36549377441406,-4.949011782911285],[137.3617172241211,-4.963719459694715],[137.36480712890625,-4.960641135840049],[137.3672103881836,-4.956878720523832]],[[137.19005584716797,-5.031096934849273],[137.18353271484375,-5.028018927423545],[137.18181610107422,-5.025282908609299],[137.1807861328125,-5.025624911589475],[137.1807861328125,-5.029386932520467],[137.18318939208984,-5.03383292922949],[137.18833923339844,-5.03896288766974],[137.19554901123047,-5.042724831455672],[137.1924591064453,-5.037936899220284],[137.1921157836914,-5.0345169260266545],[137.19005584716797,-5.031096934849273]],[[137.06920623779297,-4.872047700241922],[137.0757293701172,-4.873416027956992],[137.08087921142578,-4.873416027956992],[137.08293914794922,-4.865206019900157],[137.0767593383789,-4.859732625553676],[137.0702362060547,-4.861785153645911],[137.0716094970703,-4.8648639340568565],[137.06817626953125,-4.869995203446791],[137.06920623779297,-4.872047700241922]],[[137.05066680908203,-4.877520994381797],[137.05135345458984,-4.877178914804674],[137.05032348632812,-4.879231389652915],[137.05101013183594,-4.879915546541014],[137.05135345458984,-4.879231389652915],[137.0551300048828,-4.890861961828094],[137.05615997314453,-4.892230251164634],[137.05684661865234,-4.891888179092689],[137.05650329589844,-4.892914394784114],[137.0657730102539,-4.893940608902113],[137.06645965576172,-4.885046700963102],[137.06302642822266,-4.879915546541014],[137.06405639648438,-4.8802576247235265],[137.06680297851562,-4.88436254930842],[137.06680297851562,-4.89325646633165],[137.06886291503906,-4.894966821446303],[137.06989288330078,-4.895308891944595],[137.0702362060547,-4.892230251164634],[137.07195281982422,-4.889835742990698],[137.0767593383789,-4.887099151737516],[137.07881927490234,-4.88436254930842],[137.08087921142578,-4.875126433682638],[137.07229614257812,-4.874100190769752],[137.06851959228516,-4.872389782431853],[137.06748962402344,-4.869653120038478],[137.06851959228516,-4.8672585313087495],[137.0705795288086,-4.865548105569616],[137.0705795288086,-4.863837675483978],[137.06920623779297,-4.862469328286977],[137.06233978271484,-4.860416802279161],[137.06096649169922,-4.86144306606478],[137.0599365234375,-4.865206019900157],[137.0602798461914,-4.8676006159348475],[137.05238342285156,-4.875126433682638],[137.05066680908203,-4.877520994381797]],[[137.0551300048828,-4.8542591867514915],[137.05718994140625,-4.85802218070117],[137.0599365234375,-4.860074714003261],[137.06165313720703,-4.859732625553676],[137.05856323242188,-4.8518645433089915],[137.0547866821289,-4.8491277975437725],[137.0551300048828,-4.8542591867514915]],[[137.0489501953125,-4.889151596225489],[137.05169677734375,-4.890177816111233],[137.05204010009766,-4.890519889057032],[137.05066680908203,-4.8857308519195755],[137.05238342285156,-4.890177816111233],[137.054443359375,-4.8915461068459365],[137.05272674560547,-4.884704625223037],[137.0496368408203,-4.879231389652915],[137.04792022705078,-4.883336320517486],[137.04757690429688,-4.886415002177742],[137.0489501953125,-4.889151596225489]],[[136.45877838134766,-4.733148082623785],[136.45706176757812,-4.728700092855362],[136.4553451538086,-4.725278542826061],[136.45397186279297,-4.72425207452325],[136.45122528076172,-4.728015784201233],[136.4501953125,-4.732463778365798],[136.45328521728516,-4.735885292887758],[136.45706176757812,-4.737938193476737],[136.45877838134766,-4.733148082623785]],[[136.44161224365234,-4.737938193476737],[136.4388656616211,-4.737253893957671],[136.44607543945312,-4.741359680909611],[136.44916534423828,-4.737253893957671],[136.44779205322266,-4.735200991337152],[136.44813537597656,-4.732121625983083],[136.44916534423828,-4.729042246928913],[136.45259857177734,-4.723567761477085],[136.45362854003906,-4.720146186118086],[136.45328521728516,-4.716724593887804],[136.45156860351562,-4.713302984798318],[136.44813537597656,-4.7174089136829735],[136.4440155029297,-4.724936386894001],[136.4398956298828,-4.727673629620696],[136.43611907958984,-4.732463778365798],[136.4395523071289,-4.736227443409177],[136.44195556640625,-4.737596043801872],[136.44161224365234,-4.737938193476737]]]}},{"type":"Feature","id":"pmtiles:8/225/131:water:72987753:0","properties":{"intermittent":0,"class":"river","id":7298775,"water":"river","kind":"waterway","verification":"verified","source":"OpenMapTiles/OpenStreetMap national PMTiles","sourceId":"8/225/131:water:72987753:0","sourceLayer":"water","archive":"https://its.hanifahseptiani45.workers.dev/v1/map/archive/indonesia.pmtiles","updatedAt":"2026-07-26T09:35:41.564Z"},"geometry":{"type":"Polygon","coordinates":[[[137.29442596435547,-5.010576610803639],[137.28618621826172,-5.0170747832590905],[137.2844696044922,-5.013654700552749],[137.28343963623047,-5.0092085662608525],[137.28343963623047,-5.000658223032488],[137.28790283203125,-4.985267323989987],[137.29167938232422,-4.9763746400898725],[137.2954559326172,-4.971244190850641],[137.30438232421875,-4.962693353338722],[137.30815887451172,-4.959957061922566],[137.3119354248047,-4.958930949717356],[137.3297882080078,-4.9592729872962735],[137.3349380493164,-4.961667245387062],[137.3394012451172,-4.9678238691553105],[137.3455810546875,-4.969876064303037],[137.34661102294922,-4.968849967527987],[137.34798431396484,-4.970218096206295],[137.3507308959961,-4.969534032222228],[137.35313415527344,-4.967139802686091],[137.35931396484375,-4.9561946427091215],[137.36858367919922,-4.9267786279338],[137.36927032470703,-4.917543098588425],[137.3668670654297,-4.902834398632038],[137.3672103881836,-4.8956509622679505],[137.36892700195312,-4.892230251164634],[137.3672103881836,-4.8894936696954545],[137.3682403564453,-4.888125374767455],[137.37098693847656,-4.891888179092689],[137.37133026123047,-4.897019241812018],[137.37201690673828,-4.897019241812018],[137.37098693847656,-4.898729587305098],[137.3727035522461,-4.901808198164403],[137.3733901977539,-4.901124063643607],[137.3733901977539,-4.903860597523035],[137.38059997558594,-4.894624750773133],[137.38574981689453,-4.89325646633165],[137.38746643066406,-4.8915461068459365],[137.38712310791016,-4.8935985377042925],[137.39845275878906,-4.8956509622679505],[137.40154266357422,-4.894282679925055],[137.40325927734375,-4.891888179092689],[137.4005126953125,-4.8812838582247196],[137.4008560180664,-4.8761526750277255],[137.4063491821289,-4.869653120038478],[137.41287231445312,-4.869653120038478],[137.41973876953125,-4.868626868769525],[137.4272918701172,-4.85802218070117],[137.43484497070312,-4.853917095351434],[137.43518829345703,-4.851180357907708],[137.4338150024414,-4.845706849742797],[137.43656158447266,-4.839891198747722],[137.43656158447266,-4.83578600324212],[137.43724822998047,-4.836470204221698],[137.43793487548828,-4.839891198747722],[137.43518829345703,-4.843654272749816],[137.43656158447266,-4.851180357907708],[137.43518829345703,-4.854943369031247],[137.4276351928711,-4.860074714003261],[137.42145538330078,-4.870337286681092],[137.41561889648438,-4.872047700241922],[137.41012573242188,-4.872047700241922],[137.40772247314453,-4.873073946289409],[137.4056625366211,-4.875468514305211],[137.40428924560547,-4.878205153013184],[137.4056625366211,-4.887099151737516],[137.40497589111328,-4.894624750773133],[137.4008560180664,-4.896677172188447],[137.38746643066406,-4.898045449632889],[137.38609313964844,-4.9007819961205],[137.38712310791016,-4.9014661309915795],[137.3847198486328,-4.902834398632038],[137.3792266845703,-4.903860597523035],[137.3788833618164,-4.916858980205333],[137.37716674804688,-4.932593525035841],[137.3778533935547,-4.934645829503069],[137.37579345703125,-4.941486798539714],[137.37510681152344,-4.950037910516144],[137.37133026123047,-4.961325209048638],[137.3678970336914,-4.966797769185305],[137.3627471923828,-4.971244190850641],[137.35931396484375,-4.972954345039071],[137.35347747802734,-4.9746644947859835],[137.34729766845703,-4.9753485534407815],[137.3407745361328,-4.973980435420302],[137.3229217529297,-4.966113701651395],[137.3174285888672,-4.965087599019938],[137.3133087158203,-4.966455735507068],[137.31090545654297,-4.9691919999638685],[137.30884552001953,-4.969876064303037],[137.30953216552734,-4.9722702838965915],[137.30850219726562,-4.9746644947859835],[137.30609893798828,-4.971586222043584],[137.30472564697266,-4.9719282530589055],[137.3009490966797,-4.977742753132986],[137.2906494140625,-5.002710315596929],[137.2903060913086,-5.008182530974835],[137.29442596435547,-5.010576610803639]]]}},{"type":"Feature","id":"pmtiles:8/225/131:water:73000403:0","properties":{"intermittent":0,"class":"river","id":7300040,"water":"river","kind":"waterway","verification":"verified","source":"OpenMapTiles/OpenStreetMap national PMTiles","sourceId":"8/225/131:water:73000403:0","sourceLayer":"water","archive":"https://its.hanifahseptiani45.workers.dev/v1/map/archive/indonesia.pmtiles","updatedAt":"2026-07-26T09:35:41.565Z"},"geometry":{"type":"Polygon","coordinates":[[[137.3239517211914,-4.896677172188447],[137.3184585571289,-4.90009786054901],[137.3074722290039,-4.916516920750269],[137.30575561523438,-4.916858980205333],[137.30266571044922,-4.916858980205333],[137.2957992553711,-4.9141224996468935],[137.2899627685547,-4.907623313295858],[137.28618621826172,-4.904886794837083],[137.28412628173828,-4.904886794837083],[137.27863311767578,-4.9072812491021125],[137.27519989013672,-4.910017757741642],[137.2738265991211,-4.914464560331368],[137.2748565673828,-4.915490741331141],[137.274169921875,-4.918227216268704],[137.26455688476562,-4.932593525035841],[137.25597381591797,-4.950037910516144],[137.25082397460938,-4.957904835917674],[137.2408676147461,-4.953116283779465],[137.2518539428711,-4.93532992958184],[137.25975036621094,-4.92780478994419],[137.2628402709961,-4.921647794124695],[137.2686767578125,-4.915490741331141],[137.27279663085938,-4.905912990573853],[137.27554321289062,-4.902834398632038],[137.28309631347656,-4.8973613112606245],[137.2858428955078,-4.897703380534267],[137.2854995727539,-4.899413724277167],[137.28961944580078,-4.903176465104224],[137.296142578125,-4.912412193591166],[137.30026245117188,-4.912754255153402],[137.30472564697266,-4.910359820532264],[137.31433868408203,-4.898729587305098],[137.31502532958984,-4.899413724277167],[137.32669830322266,-4.889151596225489],[137.33081817626953,-4.886415002177742],[137.34352111816406,-4.8853887765286],[137.3448944091797,-4.885046700963102],[137.3452377319336,-4.8840204732192944],[137.3455810546875,-4.885046700963102],[137.3507308959961,-4.887099151737516],[137.35519409179688,-4.88436254930842],[137.3562240600586,-4.885046700963102],[137.35107421875,-4.887441226255476],[137.3455810546875,-4.8857308519195755],[137.33562469482422,-4.887441226255476],[137.3352813720703,-4.889151596225489],[137.33219146728516,-4.890519889057032],[137.3239517211914,-4.896677172188447]]]}},{"type":"Feature","id":"pmtiles:8/225/131:water:73012603:0","properties":{"intermittent":0,"class":"river","id":7301260,"water":"river","kind":"waterway","verification":"verified","source":"OpenMapTiles/OpenStreetMap national PMTiles","sourceId":"8/225/131:water:73012603:0","sourceLayer":"water","archive":"https://its.hanifahseptiani45.workers.dev/v1/map/archive/indonesia.pmtiles","updatedAt":"2026-07-26T09:35:41.565Z"},"geometry":{"type":"Polygon","coordinates":[[[137.45098114013672,-4.9510640365293455],[137.45441436767578,-4.950721994701809],[137.45098114013672,-4.9592729872962735],[137.449951171875,-4.9691919999638685],[137.4506378173828,-4.977058696967035],[137.4547576904297,-4.988687554982803],[137.45372772216797,-4.997238054468511],[137.44686126708984,-4.999632174338473],[137.43621826171875,-4.9982641069127],[137.43587493896484,-4.992107768153943],[137.44583129882812,-4.996212000417643],[137.44857788085938,-4.996212000417643],[137.4496078491211,-4.994159887497176],[137.4492645263672,-4.987661487555698],[137.44720458984375,-4.984241251218705],[137.44583129882812,-4.975690582501571],[137.44686126708984,-4.961325209048638],[137.45098114013672,-4.9510640365293455]]]}},{"type":"Feature","id":"pmtiles:8/225/131:water:73083403:0","properties":{"intermittent":0,"class":"lake","id":7308340,"water":"lake","kind":"waterway","verification":"verified","source":"OpenMapTiles/OpenStreetMap national PMTiles","sourceId":"8/225/131:water:73083403:0","sourceLayer":"water","archive":"https://its.hanifahseptiani45.workers.dev/v1/map/archive/indonesia.pmtiles","updatedAt":"2026-07-26T09:35:41.565Z"},"geometry":{"type":"Polygon","coordinates":[[[137.46986389160156,-4.922331907586113],[137.47089385986328,-4.924042188161778],[137.46952056884766,-4.925410409455623],[137.46505737304688,-4.926094519046714],[137.45956420898438,-4.920621622613737],[137.4506378173828,-4.9219898509433335],[137.44342803955078,-4.920279565091761],[137.43793487548828,-4.920963679959868],[137.43553161621094,-4.922673964053047],[137.43553161621094,-4.924042188161778],[137.4393081665039,-4.933277627229984],[137.4393081665039,-4.939092467404848],[137.43896484375,-4.942512937806683],[137.43450164794922,-4.950037910516144],[137.43175506591797,-4.950721994701809],[137.42935180664062,-4.948327696957307],[137.4272918701172,-4.949011782911285],[137.42111206054688,-4.954826484954978],[137.41596221923828,-4.95756279763016],[137.4114990234375,-4.958588911961272],[137.39295959472656,-4.961667245387062],[137.39055633544922,-4.95961502469801],[137.39330291748047,-4.958588911961272],[137.39604949951172,-4.955168524659072],[137.39879608154297,-4.954484445073874],[137.4111557006836,-4.954142405015759],[137.41836547851562,-4.951406078179971],[137.42969512939453,-4.944565211572524],[137.4331283569336,-4.940460657683829],[137.43518829345703,-4.935671979356741],[137.43621826171875,-4.930883266466637],[137.43450164794922,-4.9233580764592375],[137.43553161621094,-4.920279565091761],[137.43759155273438,-4.918911333246086],[137.4437713623047,-4.918569274845254],[137.449951171875,-4.920279565091761],[137.45819091796875,-4.918227216268704],[137.4612808227539,-4.919253391471159],[137.46402740478516,-4.9233580764592375],[137.4657440185547,-4.924726299160611],[137.46814727783203,-4.924726299160611],[137.46986389160156,-4.922331907586113]]]}},{"type":"Feature","id":"pmtiles:8/225/131:water:73083553:0","properties":{"intermittent":0,"class":"river","id":7308355,"water":"river","kind":"waterway","verification":"verified","source":"OpenMapTiles/OpenStreetMap national PMTiles","sourceId":"8/225/131:water:73083553:0","sourceLayer":"water","archive":"https://its.hanifahseptiani45.workers.dev/v1/map/archive/indonesia.pmtiles","updatedAt":"2026-07-26T09:35:41.565Z"},"geometry":{"type":"Polygon","coordinates":[[[137.18868255615234,-4.926436573578272],[137.18833923339844,-4.925068354396089],[137.18902587890625,-4.926436573578272],[137.18765258789062,-4.930199161805646],[137.18833923339844,-4.9315673704229255],[137.1921157836914,-4.928830950370013],[137.1976089477539,-4.92780478994419],[137.19898223876953,-4.926094519046714],[137.19932556152344,-4.924726299160611],[137.19863891601562,-4.922673964053047],[137.19417572021484,-4.925410409455623],[137.1921157836914,-4.925068354396089],[137.19039916992188,-4.923700132398466],[137.1914291381836,-4.921647794124695],[137.19554901123047,-4.919595449520472],[137.19520568847656,-4.918911333246086],[137.19039916992188,-4.918911333246086],[137.18971252441406,-4.917201039484723],[137.1910858154297,-4.9161748611195435],[137.19554901123047,-4.915148681173491],[137.19623565673828,-4.913780438786873],[137.1917724609375,-4.909333631634141],[137.18833923339844,-4.907965377314255],[137.1917724609375,-4.908991568317234],[137.1917724609375,-4.908307441157291],[137.19383239746094,-4.911043945587139],[137.197265625,-4.911728069940139],[137.1979522705078,-4.913438377751248],[137.1965789794922,-4.912070131853412],[137.1969223022461,-4.9141224996468935],[137.19623565673828,-4.915832801313158],[137.1910858154297,-4.916858980205333],[137.19039916992188,-4.917543098588425],[137.1910858154297,-4.918569274845254],[137.19554901123047,-4.918227216268704],[137.1965789794922,-4.919253391471159],[137.19554901123047,-4.920963679959868],[137.1914291381836,-4.922331907586113],[137.1917724609375,-4.924042188161778],[137.19451904296875,-4.924726299160611],[137.19829559326172,-4.921647794124695],[137.20001220703125,-4.9233580764592375],[137.20001220703125,-4.926436573578272],[137.19863891601562,-4.928488897070835],[137.1976089477539,-4.932593525035841],[137.1969223022461,-4.932593525035841],[137.1965789794922,-4.930883266466637],[137.19314575195312,-4.929515056440096],[137.18936920166016,-4.931909422136769],[137.18730926513672,-4.931909422136769],[137.18730926513672,-4.929515056440096],[137.18868255615234,-4.926436573578272]]]}},{"type":"Feature","id":"pmtiles:8/225/131:water:85042243:0","properties":{"intermittent":0,"class":"river","id":8504224,"water":"river","kind":"waterway","verification":"verified","source":"OpenMapTiles/OpenStreetMap national PMTiles","sourceId":"8/225/131:water:85042243:0","sourceLayer":"water","archive":"https://its.hanifahseptiani45.workers.dev/v1/map/archive/indonesia.pmtiles","updatedAt":"2026-07-26T09:35:41.566Z"},"geometry":{"type":"Polygon","coordinates":[[[137.34867095947266,-5.040672864818774],[137.33905792236328,-5.050248653625147],[137.3352813720703,-5.042040843297102],[137.33665466308594,-5.0413568544180976],[137.34283447265625,-5.03383292922949],[137.34455108642578,-5.032122934090054],[137.35210418701172,-5.029044931515699],[137.35450744628906,-5.025624911589475],[137.35553741455078,-5.021862868936225],[137.35450744628906,-5.017758797650103],[137.35279083251953,-5.015022735785166],[137.35004425048828,-5.015706752326537],[137.34729766845703,-5.01536474414543],[137.34729766845703,-5.013312691296861],[137.34798431396484,-5.015022735785166],[137.35244750976562,-5.013996709629524],[137.35244750976562,-5.009892588890182],[137.3565673828125,-5.006130455572631],[137.37030029296875,-5.00134225460198],[137.37716674804688,-4.997238054468511],[137.3781967163086,-4.9948439258511],[137.37682342529297,-4.986293395158384],[137.3778533935547,-4.980820997075739],[137.3788833618164,-4.977742753132986],[137.38059997558594,-4.976032611384596],[137.38506317138672,-4.973296375343821],[137.3843765258789,-4.970902159480119],[137.38540649414062,-4.972612314556656],[137.38609313964844,-4.9722702838965915],[137.38746643066406,-4.964061494792048],[137.39055633544922,-4.95961502469801],[137.39295959472656,-4.961667245387062],[137.39124298095703,-4.963719459694715],[137.3895263671875,-4.973980435420302],[137.38128662109375,-4.9821891008688794],[137.38094329833984,-4.987319464723612],[137.38231658935547,-4.99244978849039],[137.38506317138672,-4.994159887497176],[137.38677978515625,-4.993475848429611],[137.3898696899414,-4.990739685024863],[137.39158630371094,-4.990739685024863],[137.39261627197266,-4.992107768153943],[137.39192962646484,-4.9948439258511],[137.39227294921875,-4.996896036630048],[137.39398956298828,-4.9982641069127],[137.39295959472656,-4.9986061240370105],[137.39158630371094,-4.996896036630048],[137.39124298095703,-4.994159887497176],[137.3902130126953,-4.994501906763347],[137.3891830444336,-4.995527963491284],[137.38780975341797,-5.000316206979775],[137.38780975341797,-4.997922089609844],[137.3891830444336,-4.9948439258511],[137.39192962646484,-4.992791808648491],[137.39158630371094,-4.99176574763915],[137.3895263671875,-4.991423726946039],[137.38540649414062,-4.995185944760408],[137.38231658935547,-4.993817868052588],[137.38025665283203,-4.999974190748432],[137.37682342529297,-5.003394345022144],[137.3572540283203,-5.010918621491882],[137.36068725585938,-5.0198108365208896],[137.3613739013672,-5.02459890211037],[137.35759735107422,-5.031096934849273],[137.34970092773438,-5.037252906020839],[137.35965728759766,-5.036226914872188],[137.3672103881836,-5.032806932685176],[137.3668670654297,-5.031096934849273],[137.36309051513672,-5.028360928967203],[137.3627471923828,-5.0259669143901675],[137.36995697021484,-5.022888882722299],[137.37613677978516,-5.022546878306343],[137.3792266845703,-5.026992921714921],[137.38162994384766,-5.023914894893508],[137.38025665283203,-5.026992921714921],[137.3833465576172,-5.025282908609299],[137.38712310791016,-5.027676925700263],[137.3833465576172,-5.0259669143901675],[137.37957000732422,-5.027676925700263],[137.37545013427734,-5.023230886958814],[137.37098693847656,-5.023572891015888],[137.36412048339844,-5.0259669143901675],[137.36377716064453,-5.027334923797383],[137.3678970336914,-5.03041293445682],[137.3682403564453,-5.032464933477499],[137.3675537109375,-5.033490930561186],[137.36343383789062,-5.036226914872188],[137.3517608642578,-5.039304883459579],[137.34867095947266,-5.040672864818774]]]}},{"type":"Feature","id":"pmtiles:8/225/131:water:86599653:0","properties":{"intermittent":0,"class":"lake","id":8659965,"water":"lake","kind":"waterway","verification":"verified","source":"OpenMapTiles/OpenStreetMap national PMTiles","sourceId":"8/225/131:water:86599653:0","sourceLayer":"water","archive":"https://its.hanifahseptiani45.workers.dev/v1/map/archive/indonesia.pmtiles","updatedAt":"2026-07-26T09:35:41.566Z"},"geometry":{"type":"Polygon","coordinates":[[[137.19383239746094,-4.9620092815482195],[137.19451904296875,-4.958930949717356],[137.19520568847656,-4.9620092815482195],[137.197265625,-4.965771667618313],[137.2079086303711,-4.973638405470908],[137.21134185791016,-4.972612314556656],[137.21580505371094,-4.965771667618313],[137.22301483154297,-4.961667245387062],[137.23125457763672,-4.954826484954978],[137.2360610961914,-4.953116283779465],[137.2408676147461,-4.953116283779465],[137.25082397460938,-4.957904835917674],[137.24327087402344,-4.974322465191989],[137.24533081054688,-4.976716668617357],[137.2463607788086,-4.9763746400898725],[137.2518539428711,-4.970560127931989],[137.25494384765625,-4.970218096206295],[137.25666046142578,-4.9719282530589055],[137.2573471069336,-4.977742753132986],[137.25872039794922,-4.979794917362511],[137.2628402709961,-4.979452890435596],[137.2693634033203,-4.9763746400898725],[137.26970672607422,-4.975006524202243],[137.26627349853516,-4.971244190850641],[137.26627349853516,-4.970218096206295],[137.26970672607422,-4.966797769185305],[137.27005004882812,-4.965087599019938],[137.27108001708984,-4.965087599019938],[137.27073669433594,-4.966797769185305],[137.26696014404297,-4.970560127931989],[137.27039337158203,-4.9746644947859835],[137.27039337158203,-4.9763746400898725],[137.2679901123047,-4.978426808587599],[137.26078033447266,-4.980820997075739],[137.2580337524414,-4.980478970682597],[137.25631713867188,-4.978768836048147],[137.25563049316406,-4.9722702838965915],[137.2528839111328,-4.971244190850641],[137.2518539428711,-4.9719282530589055],[137.24807739257812,-4.978084780949217],[137.24430084228516,-4.980478970682597],[137.24361419677734,-4.983557201814193],[137.24498748779297,-4.984925299910969],[137.2463607788086,-4.9903976637968555],[137.2473907470703,-4.9903976637968555],[137.24842071533203,-4.987319464723612],[137.2528839111328,-4.989713620805972],[137.25322723388672,-4.990739685024863],[137.2528839111328,-4.990739685024863],[137.25666046142578,-4.993817868052588],[137.2528839111328,-4.99176574763915],[137.252197265625,-4.989713620805972],[137.25013732910156,-4.989029577102102],[137.24876403808594,-4.987661487555698],[137.24773406982422,-4.990739685024863],[137.24979400634766,-4.992107768153943],[137.25013732910156,-4.994159887497176],[137.24979400634766,-4.994159887497176],[137.24910736083984,-4.992107768153943],[137.2460174560547,-4.990739685024863],[137.24498748779297,-4.989029577102102],[137.24464416503906,-4.985609347890886],[137.24258422851562,-4.984241251218705],[137.2408676147461,-4.9845832756538755],[137.2364044189453,-4.988687554982803],[137.23709106445312,-4.990739685024863],[137.2408676147461,-4.994501906763347],[137.2405242919922,-4.995527963491284],[137.2024154663086,-4.995527963491284],[137.208251953125,-4.9859513716136945],[137.21134185791016,-4.980136944111507],[137.21099853515625,-4.978084780949217],[137.21202850341797,-4.977058696967035],[137.20722198486328,-4.9746644947859835],[137.1976089477539,-4.967481836009426],[137.19486236572266,-4.963035388968038],[137.19039916992188,-4.963035388968038],[137.18730926513672,-4.960641135840049],[137.18318939208984,-4.958930949717356],[137.18215942382812,-4.956536681705018],[137.18387603759766,-4.958588911961272],[137.18765258789062,-4.959957061922566],[137.19005584716797,-4.962351317532125],[137.19383239746094,-4.9620092815482195]]]}},{"type":"Feature","id":"pmtiles:8/225/131:water:86613083:0","properties":{"intermittent":0,"class":"lake","id":8661308,"water":"lake","kind":"waterway","verification":"verified","source":"OpenMapTiles/OpenStreetMap national PMTiles","sourceId":"8/225/131:water:86613083:0","sourceLayer":"water","archive":"https://its.hanifahseptiani45.workers.dev/v1/map/archive/indonesia.pmtiles","updatedAt":"2026-07-26T09:35:41.567Z"},"geometry":{"type":"Polygon","coordinates":[[[137.42042541503906,-5.104964725686983],[137.4166488647461,-5.1107780348987575],[137.4111557006836,-5.10701648789923],[137.41870880126953,-5.092654014665371],[137.4228286743164,-5.081027015572431],[137.42488861083984,-5.069741786408926],[137.4224853515625,-5.067347924553488],[137.4169921875,-5.064612071573336],[137.41424560546875,-5.061876207015516],[137.4118423461914,-5.060850254822725],[137.41458892822266,-5.061534223132043],[137.4173355102539,-5.064270089136642],[137.42488861083984,-5.068031885988788],[137.42591857910156,-5.063244140741261],[137.42557525634766,-5.061192239067779],[137.42626190185547,-5.060850254822725],[137.4272918701172,-5.058114374355696],[137.4283218383789,-5.0505906434683965],[137.42488861083984,-5.035200922104465],[137.41527557373047,-5.0146807272457465],[137.41424560546875,-5.007840518855005],[137.41527557373047,-5.0037363594666715],[137.42042541503906,-4.995527963491284],[137.43003845214844,-4.990739685024863],[137.43209838867188,-4.991081706074596],[137.43587493896484,-4.992107768153943],[137.43621826171875,-4.9982641069127],[137.4283218383789,-4.999632174338473],[137.42111206054688,-5.002710315596929],[137.4221420288086,-5.003394345022144],[137.42008209228516,-5.003394345022144],[137.41802215576172,-5.007156494078657],[137.41870880126953,-5.008182530974835],[137.4176788330078,-5.008182530974835],[137.41870880126953,-5.013312691296861],[137.42111206054688,-5.013654700552749],[137.42523193359375,-5.016390768151211],[137.4286651611328,-5.023914894893508],[137.43209838867188,-5.024940905449583],[137.4396514892578,-5.023572891015888],[137.44136810302734,-5.022888882722299],[137.44548797607422,-5.018100804576761],[137.44342803955078,-5.013654700552749],[137.4441146850586,-5.0112606320011395],[137.44583129882812,-5.0112606320011395],[137.4492645263672,-5.0146807272457465],[137.45132446289062,-5.013996709629524],[137.45098114013672,-5.010918621491882],[137.44617462158203,-5.010918621491882],[137.44617462158203,-5.008182530974835],[137.4441146850586,-5.006472468586836],[137.4444580078125,-5.006130455572631],[137.44651794433594,-5.007840518855005],[137.44651794433594,-5.010576610803639],[137.45407104492188,-5.010576610803639],[137.45166778564453,-5.011602642331354],[137.45269775390625,-5.014338718527199],[137.45098114013672,-5.01536474414543],[137.44892120361328,-5.01536474414543],[137.4444580078125,-5.011944652482555],[137.4441146850586,-5.012970681861887],[137.44617462158203,-5.0184428113241495],[137.44239807128906,-5.022888882722299],[137.43999481201172,-5.024256898591688],[137.42935180664062,-5.0259669143901675],[137.4327850341797,-5.036568912101657],[137.43450164794922,-5.053668543937874],[137.43553161621094,-5.054010531976516],[137.43724822998047,-5.051274622613647],[137.43793487548828,-5.051274622613647],[137.43621826171875,-5.054352519834637],[137.43450164794922,-5.05469450751221],[137.42969512939453,-5.0803430679113575],[137.42042541503906,-5.104964725686983]]]}}]}