{"type":"FeatureCollection","features":[{"type":"Feature","id":"pmtiles:10/911/529:water:4142243:0","properties":{"intermittent":0,"class":"river","id":414224,"water":"river","kind":"waterway","verification":"verified","source":"OpenMapTiles/OpenStreetMap national PMTiles","sourceId":"10/911/529:water:4142243:0","sourceLayer":"water","archive":"https://its.hanifahseptiani45.workers.dev/v1/map/archive/indonesia.pmtiles","updatedAt":"2026-07-26T09:44:55.365Z"},"geometry":{"type":"Polygon","coordinates":[[[140.3225326538086,-6.320758338986849],[140.31987190246582,-6.320758338986849],[140.32012939453125,-6.320161176096008],[140.32012939453125,-6.31930808505615],[140.31824111938477,-6.316236945667072],[140.31729698181152,-6.315213228487764],[140.31566619873047,-6.314018889220165],[140.3136920928955,-6.313592338814104],[140.31231880187988,-6.313677648923431],[140.3107738494873,-6.31453074924363],[140.30588150024414,-6.31947870337666],[140.30364990234375,-6.320502412118046],[140.3027057647705,-6.320758338986849],[140.2891445159912,-6.320758338986849],[140.28974533081055,-6.31947870337666],[140.29051780700684,-6.31973463075191],[140.29232025146484,-6.31981993984887],[140.29592514038086,-6.3193933942234395],[140.30038833618164,-6.31947870337666],[140.3020191192627,-6.319052157469898],[140.30485153198242,-6.317687208205314],[140.3071689605713,-6.315639777558502],[140.3107738494873,-6.311544891974705],[140.31240463256836,-6.310947718455395],[140.31463623046875,-6.310862407896451],[140.31841278076172,-6.312397995808055],[140.31987190246582,-6.3134217185533],[140.32047271728516,-6.314274819295136],[140.32193183898926,-6.318796229757041],[140.32184600830078,-6.320161176096008],[140.3221035003662,-6.320246485122624],[140.32296180725098,-6.31947870337666],[140.3235626220703,-6.31973463075191],[140.32390594482422,-6.320246485122624],[140.32390594482422,-6.320758338986849],[140.3232192993164,-6.320758338986849],[140.32313346862793,-6.320417103133636],[140.32270431518555,-6.320502412118046],[140.3225326538086,-6.320758338986849]]]}},{"type":"Feature","id":"pmtiles:10/911/530:landcover:1885302132:0","properties":{"subclass":"orchard","class":"farmland","kind":"green","verification":"verified","source":"OpenMapTiles/OpenStreetMap national PMTiles","sourceId":"10/911/530:landcover:1885302132:0","sourceLayer":"landcover","archive":"https://its.hanifahseptiani45.workers.dev/v1/map/archive/indonesia.pmtiles","updatedAt":"2026-07-26T09:45:04.996Z"},"geometry":{"type":"Polygon","coordinates":[[[140.50166130065918,-6.612260851817737],[140.44904708862305,-6.58045794158366],[140.4558277130127,-6.5690322696685115],[140.46475410461426,-6.55624202719207],[140.4799461364746,-6.567071120481529],[140.4880142211914,-6.555218793609299],[140.50054550170898,-6.5316838422924235],[140.54243087768555,-6.534412589103951],[140.56440353393555,-6.548823536154515],[140.62911987304688,-6.586852792514264],[140.58491706848145,-6.660515511976385],[140.50166130065918,-6.612260851817737]]]}},{"type":"Feature","id":"pmtiles:10/911/530:landcover:6675067782:0","properties":{"subclass":"orchard","class":"farmland","kind":"green","verification":"verified","source":"OpenMapTiles/OpenStreetMap national PMTiles","sourceId":"10/911/530:landcover:6675067782:0","sourceLayer":"landcover","archive":"https://its.hanifahseptiani45.workers.dev/v1/map/archive/indonesia.pmtiles","updatedAt":"2026-07-26T09:45:04.996Z"},"geometry":{"type":"Polygon","coordinates":[[[140.2865695953369,-6.566047909142156],[140.28802871704102,-6.566730050268788],[140.32957077026367,-6.609191491095629],[140.32879829406738,-6.610811433851424],[140.32965660095215,-6.61157877330416],[140.33231735229492,-6.611664033169845],[140.33617973327637,-6.617120633976455],[140.33549308776855,-6.618484774760688],[140.33738136291504,-6.619507877875819],[140.33034324645996,-6.625987481691595],[140.3261375427246,-6.630761872144831],[140.326566696167,-6.628289425717412],[140.3246784210205,-6.628118911713642],[140.32424926757812,-6.632722769113286],[140.32459259033203,-6.636133006122023],[140.32673835754395,-6.638093881709736],[140.32682418823242,-6.638775923561866],[140.3280258178711,-6.63852015797805],[140.3287124633789,-6.640481024057763],[140.32776832580566,-6.64065153378246],[140.328369140625,-6.6416745908900054],[140.31678199768066,-6.65318383670558],[140.3125762939453,-6.658469474079027],[140.3060531616211,-6.664778063523144],[140.30287742614746,-6.668699578220185],[140.30133247375488,-6.669125827927147],[140.28897285461426,-6.668955328088856],[140.28639793395996,-6.669296327706121],[140.28562545776367,-6.668784828191249],[140.28416633605957,-6.669125827927147],[140.28425216674805,-6.670063575977267],[140.27721405029297,-6.670063575977267],[140.2766990661621,-6.669211077824045],[140.27532577514648,-6.669211077824045],[140.27438163757324,-6.668443828218045],[140.27506828308105,-6.667335576666531],[140.27446746826172,-6.6665683241244835],[140.2727508544922,-6.66784707769402],[140.2679443359375,-6.664010806978695],[140.2679443359375,-6.660174506252602],[140.2679443359375,-6.660089254784609],[140.2679443359375,-6.660004003301822],[140.2679443359375,-6.584635920187367],[140.2865695953369,-6.566047909142156]]]}},{"type":"Feature","id":"pmtiles:10/911/530:landcover:11464022592:0","properties":{"subclass":"wood","class":"wood","kind":"green","verification":"verified","source":"OpenMapTiles/OpenStreetMap national PMTiles","sourceId":"10/911/530:landcover:11464022592:0","sourceLayer":"landcover","archive":"https://its.hanifahseptiani45.workers.dev/v1/map/archive/indonesia.pmtiles","updatedAt":"2026-07-26T09:45:04.996Z"},"geometry":{"type":"Polygon","coordinates":[[[140.38089752197266,-6.405207259821779],[140.39823532104492,-6.405207259821779],[140.39823532104492,-6.427212872893435],[140.38089752197266,-6.427212872893435],[140.38089752197266,-6.405207259821779]]]}},{"type":"Feature","id":"pmtiles:10/911/530:landuse:7509726262:0","properties":{"class":"industrial","kind":"green","verification":"verified","source":"OpenMapTiles/OpenStreetMap national PMTiles","sourceId":"10/911/530:landuse:7509726262:0","sourceLayer":"landuse","archive":"https://its.hanifahseptiani45.workers.dev/v1/map/archive/indonesia.pmtiles","updatedAt":"2026-07-26T09:45:04.996Z"},"geometry":{"type":"Polygon","coordinates":[[[140.41282653808594,-6.638946433877251],[140.41531562805176,-6.63852015797805],[140.41522979736328,-6.639543219515971],[140.41969299316406,-6.639884239556096],[140.41986465454102,-6.640481024057763],[140.41986465454102,-6.64201560945321],[140.42046546936035,-6.642441882324803],[140.42020797729492,-6.64636357541184],[140.4166030883789,-6.64602255986307],[140.41565895080566,-6.646193067667014],[140.4159164428711,-6.645170019956467],[140.4159164428711,-6.643123918151161],[140.41462898254395,-6.640907298258753],[140.41282653808594,-6.638946433877251]]]}},{"type":"Feature","id":"pmtiles:10/911/530:landuse:1885336570:0","properties":{"class":"residential","kind":"green","verification":"verified","source":"OpenMapTiles/OpenStreetMap national PMTiles","sourceId":"10/911/530:landuse:1885336570:0","sourceLayer":"landuse","archive":"https://its.hanifahseptiani45.workers.dev/v1/map/archive/indonesia.pmtiles","updatedAt":"2026-07-26T09:45:04.996Z"},"geometry":{"type":"Polygon","coordinates":[[[140.31798362731934,-6.442565062584379],[140.3177261352539,-6.442138619137765],[140.3203010559082,-6.44094457558073],[140.3199577331543,-6.439238794197749],[140.3206443786621,-6.439068215744186],[140.32227516174316,-6.442820928480316],[140.3217601776123,-6.442991505672595],[140.32098770141602,-6.44154159771044],[140.31798362731934,-6.442565062584379]]]}},{"type":"Feature","id":"pmtiles:10/911/530:landuse:1885336570:1","properties":{"class":"residential","kind":"green","verification":"verified","source":"OpenMapTiles/OpenStreetMap national PMTiles","sourceId":"10/911/530:landuse:1885336570:1","sourceLayer":"landuse","archive":"https://its.hanifahseptiani45.workers.dev/v1/map/archive/indonesia.pmtiles","updatedAt":"2026-07-26T09:45:04.996Z"},"geometry":{"type":"Polygon","coordinates":[[[140.41565895080566,-6.63852015797805],[140.4191780090332,-6.63852015797805],[140.4188346862793,-6.633660586644098],[140.4199504852295,-6.633404818403648],[140.42183876037598,-6.63638877294585],[140.4239845275879,-6.637241328065883],[140.42364120483398,-6.638775923561866],[140.42527198791504,-6.639031689012796],[140.42750358581543,-6.640907298258753],[140.42964935302734,-6.640310514273992],[140.4305934906006,-6.64099255305463],[140.4250144958496,-6.645170019956467],[140.42338371276855,-6.645084765884519],[140.42338371276855,-6.645937305938915],[140.42570114135742,-6.646107813772431],[140.42561531066895,-6.653951110176891],[140.42698860168457,-6.654121615229968],[140.42922019958496,-6.652587067621482],[140.42819023132324,-6.649432704706754],[140.4305934906006,-6.646448829262084],[140.43188095092773,-6.646107813772431],[140.4301643371582,-6.649773717889943],[140.43076515197754,-6.653695352486295],[140.4293918609619,-6.657787459551017],[140.42475700378418,-6.658639977562942],[140.42441368103027,-6.666312573010259],[140.42269706726074,-6.66699457568501],[140.4239845275879,-6.654292120223843],[140.4225254058838,-6.65301333132696],[140.42055130004883,-6.653269089372685],[140.41308403015137,-6.661964783658348],[140.4140281677246,-6.663840305361333],[140.41677474975586,-6.6665683241244835],[140.416259765625,-6.66759132724701],[140.41522979736328,-6.66742082687486],[140.4136848449707,-6.668784828191249],[140.4125690460205,-6.66784707769402],[140.41342735290527,-6.666824075105268],[140.41239738464355,-6.666397823396494],[140.41171073913574,-6.667335576666531],[140.4125690460205,-6.670063575977267],[140.4104232788086,-6.670063575977267],[140.40990829467773,-6.667932327813361],[140.40982246398926,-6.6637550545304265],[140.41128158569336,-6.661197522712982],[140.41239738464355,-6.660856517463188],[140.4148006439209,-6.6564234276522285],[140.41600227355957,-6.646278321546816],[140.42020797729492,-6.64636357541184],[140.42046546936035,-6.642441882324803],[140.41986465454102,-6.64201560945321],[140.41969299316406,-6.639884239556096],[140.41522979736328,-6.639543219515971],[140.41565895080566,-6.63852015797805]]]}},{"type":"Feature","id":"pmtiles:10/911/530:transportation:508062572:0","properties":{"class":"secondary","highway":"secondary","kind":"road","verification":"verified","source":"OpenMapTiles/OpenStreetMap national PMTiles","sourceId":"10/911/530:transportation:508062572:0","sourceLayer":"transportation","archive":"https://its.hanifahseptiani45.workers.dev/v1/map/archive/indonesia.pmtiles","updatedAt":"2026-07-26T09:45:04.996Z"},"geometry":{"type":"LineString","coordinates":[[140.60036659240723,-6.619848911776415],[140.60276985168457,-6.619934170214748],[140.60491561889648,-6.618143739917883],[140.60663223266602,-6.616012266814948],[140.6110954284668,-6.613966043983481],[140.61358451843262,-6.609873572902856],[140.61590194702148,-6.60808310615235],[140.6172752380371,-6.606633675940117],[140.62233924865723,-6.600409603826648],[140.6235408782959,-6.597766481039656],[140.62560081481934,-6.595464394863157],[140.6261157989502,-6.5942707163387695],[140.62654495239258,-6.59239492999221],[140.62774658203125,-6.589751764458114],[140.62843322753906,-6.584209597450837],[140.62954902648926,-6.582077978276402],[140.6304931640625,-6.581395858207799]]}},{"type":"Feature","id":"pmtiles:10/911/530:transportation:508062590:0","properties":{"bicycle":"yes","class":"primary","foot":"yes","highway":"primary","kind":"road","verification":"verified","source":"OpenMapTiles/OpenStreetMap national PMTiles","sourceId":"10/911/530:transportation:508062590:0","sourceLayer":"transportation","archive":"https://its.hanifahseptiani45.workers.dev/v1/map/archive/indonesia.pmtiles","updatedAt":"2026-07-26T09:45:04.996Z"},"geometry":{"type":"LineString","coordinates":[[140.49960136413574,-6.579690553937425],[140.49968719482422,-6.5803726763481905],[140.4993438720703,-6.582845362233513],[140.49960136413574,-6.585232771403369],[140.49960136413574,-6.590945453863313],[140.4997730255127,-6.591798087393499],[140.50071716308594,-6.592565456317033],[140.5004596710205,-6.593759138948229],[140.5008029937744,-6.5951233441495845],[140.49994468688965,-6.596402283115154],[140.49968719482422,-6.597340169591789],[140.4994297027588,-6.607571543033018],[140.5012321472168,-6.609362011635639],[140.50251960754395,-6.611322993618927],[140.50509452819824,-6.612857669745011],[140.50689697265625,-6.613369227394742],[140.50827026367188,-6.6147333785384035],[140.51067352294922,-6.616182785001669],[140.5070686340332,-6.619166843739663],[140.50586700439453,-6.619763653323361],[140.50354957580566,-6.619934170214748],[140.50251960754395,-6.621639335889299],[140.49951553344727,-6.62283294835639],[140.4983139038086,-6.62342975350731],[140.49779891967773,-6.62394130020499],[140.4975414276123,-6.624793876855847],[140.4975414276123,-6.627266340810294],[140.49676895141602,-6.629909305812021],[140.49668312072754,-6.636815050690373],[140.49582481384277,-6.6377528604293445],[140.49324989318848,-6.63852015797805],[140.4905891418457,-6.640310514273992],[140.49015998840332,-6.6421008640570705],[140.48973083496094,-6.646278321546816],[140.4902458190918,-6.649517958024731],[140.48895835876465,-6.650199984036178],[140.4850959777832,-6.65037049039114],[140.4828643798828,-6.651308274285924],[140.47968864440918,-6.651564033219316],[140.4719638824463,-6.650540996686956],[140.46930313110352,-6.649688464616332],[140.46724319458008,-6.648494917232952],[140.4656982421875,-6.648068649607964],[140.4595184326172,-6.648239156702317],[140.45711517333984,-6.649432704706754],[140.45411109924316,-6.649517958024731],[140.44930458068848,-6.652331309220671],[140.44655799865723,-6.653269089372685],[140.44527053833008,-6.653354342025011],[140.44020652770996,-6.650711502923599],[140.43866157531738,-6.649432704706754],[140.43462753295898,-6.642953409283223],[140.43025016784668,-6.641504081519798],[140.42819023132324,-6.6417598455529685],[140.42630195617676,-6.642697645870484],[140.42269706726074,-6.643635444400431],[140.4225254058838,-6.6477276352418215],[140.42201042175293,-6.649262198026406],[140.42020797729492,-6.649688464616332]]}},{"type":"Feature","id":"pmtiles:10/911/530:transportation:508062550:0","properties":{"class":"trunk","highway":"trunk","kind":"road","verification":"verified","source":"OpenMapTiles/OpenStreetMap national PMTiles","sourceId":"10/911/530:transportation:508062550:0","sourceLayer":"transportation","archive":"https://its.hanifahseptiani45.workers.dev/v1/map/archive/indonesia.pmtiles","updatedAt":"2026-07-26T09:45:04.996Z"},"geometry":{"type":"LineString","coordinates":[[140.45557022094727,-6.540466942928745],[140.45745849609375,-6.538505681408353],[140.45625686645508,-6.536800230353208],[140.45385360717773,-6.531342747894627],[140.45333862304688,-6.526652676354672],[140.45385360717773,-6.523241687644898],[140.45625686645508,-6.519404297591734],[140.4568576812744,-6.5148846671964264],[140.45660018920898,-6.5143730083592715],[140.45488357543945,-6.51292330548732],[140.45299530029297,-6.512326367793435],[140.44973373413086,-6.510706104760061],[140.44569969177246,-6.510620827613437],[140.44475555419922,-6.5117294293895895],[140.4433822631836,-6.511047213201678],[140.4430389404297,-6.510279718882117],[140.44363975524902,-6.508147784061279],[140.4433822631836,-6.506783341026463],[140.44286727905273,-6.50686861882474],[140.44012069702148,-6.5090858364975475],[140.43874740600586,-6.507636118357581],[140.436429977417,-6.507550840689618],[140.43522834777832,-6.508233061627891],[140.43505668640137,-6.509426946039937],[140.43428421020508,-6.510450273276746],[140.43291091918945,-6.51079138189219],[140.42879104614258,-6.507209729872983],[140.42492866516113,-6.506527507544831],[140.42381286621094,-6.505504172315511],[140.42020797729492,-6.503201660429596],[140.41814804077148,-6.502263597007442],[140.414457321167,-6.498937721680164],[140.41540145874023,-6.495441264930534],[140.41789054870605,-6.490750857969687],[140.41874885559082,-6.488192435757924],[140.4188346862793,-6.486657376194245],[140.42046546936035,-6.48529287487861],[140.42183876037598,-6.483075552362479],[140.42819023132324,-6.469515560329896],[140.42887687683105,-6.46866271847064],[140.43076515197754,-6.463716207309446],[140.43067932128906,-6.462948640895505],[140.4293918609619,-6.461754646380783],[140.42964935302734,-6.460134220746227],[140.4293918609619,-6.45911079135594],[140.425443649292,-6.447000053178726],[140.42458534240723,-6.445379580342205],[140.4220962524414,-6.437959454399092],[140.42158126831055,-6.433950835493164],[140.41934967041016,-6.4294304400636975],[140.41892051696777,-6.427895202283466],[140.41754722595215,-6.425848211367423],[140.41677474975586,-6.423801212214855],[140.416259765625,-6.420815990358392],[140.4170322418213,-6.419280726587502],[140.41711807250977,-6.41723370102676],[140.41814804077148,-6.414674907508768],[140.41943550109863,-6.410410223097713],[140.4202938079834,-6.404269014896542],[140.4225254058838,-6.4000042435052364],[140.4217529296875,-6.395057064083787],[140.42235374450684,-6.39207167402634],[140.4220962524414,-6.387380311587819],[140.42269706726074,-6.381068228826152],[140.42312622070312,-6.380044640507776],[140.4243278503418,-6.379106349419715],[140.4269027709961,-6.379021050144715],[140.43145179748535,-6.38337129506489],[140.43376922607422,-6.384480175115968],[140.43909072875977,-6.386186139736196],[140.44321060180664,-6.386868523992547],[140.4466438293457,-6.388318587516622],[140.45050621032715,-6.389598051919862],[140.4513645172119,-6.390621621138777],[140.4525661468506,-6.391133404980252],[140.4535961151123,-6.392242268213437],[140.45591354370117,-6.393692316506062],[140.45960426330566,-6.394715877530899],[140.4609775543213,-6.394630580857097],[140.46295166015625,-6.394204097274624],[140.46526908874512,-6.3929246443927354],[140.47290802001953,-6.380556434922582],[140.47325134277344,-6.373561867022175],[140.47359466552734,-6.372452963349161],[140.47719955444336,-6.365202380281005],[140.48312187194824,-6.3598283526606565],[140.48492431640625,-6.356245636365614],[140.48741340637207,-6.353686538017897],[140.48810005187988,-6.3521510728997725],[140.4883575439453,-6.350530299194375],[140.4902458190918,-6.346691604277325],[140.49179077148438,-6.339867187137429],[140.49479484558105,-6.337478619797167],[140.4953956604004,-6.336540251030357],[140.49548149108887,-6.3355165740656645],[140.49513816833496,-6.3348341216276935],[140.4928207397461,-6.3328720658421105],[140.4924774169922,-6.33236022397594],[140.4923915863037,-6.328350778472213],[140.49307823181152,-6.325791541667172],[140.4924774169922,-6.323146983655533],[140.49359321594238,-6.3218673539550565],[140.49479484558105,-6.31947870337666],[140.49505233764648,-6.317090041769944],[140.4960823059082,-6.314616059198343],[140.49410820007324,-6.309838680093364]]}},{"type":"Feature","id":"pmtiles:10/911/530:transportation:508062550:1","properties":{"class":"trunk","highway":"trunk","kind":"road","verification":"verified","source":"OpenMapTiles/OpenStreetMap national PMTiles","sourceId":"10/911/530:transportation:508062550:1","sourceLayer":"transportation","archive":"https://its.hanifahseptiani45.workers.dev/v1/map/archive/indonesia.pmtiles","updatedAt":"2026-07-26T09:45:04.996Z"},"geometry":{"type":"LineString","coordinates":[[140.5802822113037,-6.670063575977267],[140.58062553405762,-6.664266559293566],[140.5803680419922,-6.660515511976385],[140.58096885681152,-6.659748248764586],[140.58234214782715,-6.658639977562942],[140.58457374572754,-6.658469474079027],[140.58517456054688,-6.658128466933476],[140.58568954467773,-6.657446451931634],[140.5862045288086,-6.65599716690663],[140.58783531188965,-6.6536100998931715],[140.58817863464355,-6.651564033219316],[140.5891227722168,-6.650711502923599],[140.58938026428223,-6.648921184488302],[140.58998107910156,-6.6484096637375245],[140.59178352355957,-6.647898142454451],[140.5923843383789,-6.647471874311975],[140.59255599975586,-6.646789844515254],[140.59221267700195,-6.644487986967093],[140.59392929077148,-6.642953409283223],[140.59453010559082,-6.639969494529211],[140.5957317352295,-6.638775923561866],[140.59779167175293,-6.635791983483614],[140.59813499450684,-6.634086866749797],[140.59779167175293,-6.632978537707814],[140.59693336486816,-6.631784949797492],[140.5971908569336,-6.629738792368499],[140.59847831726074,-6.627863140597412],[140.59959411621094,-6.624111815653038],[140.59959411621094,-6.622321400509705],[140.60028076171875,-6.621298303225629],[140.60036659240723,-6.619848911776415],[140.6001091003418,-6.61942261936386],[140.59873580932617,-6.61857003343458],[140.59770584106445,-6.618399516072074],[140.5865478515625,-6.618996326583243],[140.5818271636963,-6.618484774760688],[140.58053970336914,-6.618996326583243],[140.5789089202881,-6.618911067982964],[140.57616233825684,-6.618484774760688],[140.57453155517578,-6.617461669525767],[140.5722999572754,-6.617376410660526],[140.56946754455566,-6.614136562876453],[140.56946754455566,-6.611834552857047],[140.56886672973633,-6.609276751372988],[140.56586265563965,-6.607315761274947],[140.56303024291992,-6.607827324658828],[140.55788040161133,-6.605866328814301],[140.55547714233398,-6.606633675940117],[140.55461883544922,-6.6063778936971005],[140.55341720581055,-6.605184241481112],[140.55341720581055,-6.603479019034651],[140.55204391479492,-6.601859052268651],[140.5502414703369,-6.600580127393002],[140.54946899414062,-6.598619102834704],[140.54800987243652,-6.597169644909911],[140.5444049835205,-6.595464394863157],[140.54157257080078,-6.595293869535709],[140.53882598876953,-6.596999120169343],[140.53771018981934,-6.596913857777054],[140.53659439086914,-6.596231758110463],[140.53427696228027,-6.592906508790676],[140.53144454956055,-6.591968613923584],[140.5283546447754,-6.592650719457424],[140.52474975585938,-6.590774926981339],[140.52200317382812,-6.590263345983601],[140.5209732055664,-6.589495973497492],[140.51676750183105,-6.5891549186781475],[140.51084518432617,-6.584891713653548],[140.50921440124512,-6.584124332859588],[140.50603866577148,-6.581310593133352],[140.5038070678711,-6.580969532689139],[140.5020046234131,-6.580031615259898],[140.49960136413574,-6.579690553937425]]}},{"type":"Feature","id":"pmtiles:10/911/530:transportation:7029812100:0","properties":{"bicycle":"yes","class":"trunk","foot":"yes","highway":"trunk","kind":"road","verification":"verified","source":"OpenMapTiles/OpenStreetMap national PMTiles","sourceId":"10/911/530:transportation:7029812100:0","sourceLayer":"transportation","archive":"https://its.hanifahseptiani45.workers.dev/v1/map/archive/indonesia.pmtiles","updatedAt":"2026-07-26T09:45:04.996Z"},"geometry":{"type":"LineString","coordinates":[[140.45557022094727,-6.540466942928745],[140.4543685913086,-6.541575478644333],[140.4543685913086,-6.54259874019894],[140.45574188232422,-6.545156884915173],[140.45745849609375,-6.547544474827319],[140.45934677124023,-6.548226641276372],[140.46140670776367,-6.548567724151297],[140.4631233215332,-6.549590971377469],[140.46544075012207,-6.550187864623865],[140.46698570251465,-6.551040568022955],[140.4675006866455,-6.552063810178183],[140.46818733215332,-6.55283124041722],[140.46998977661133,-6.553001780309998],[140.47093391418457,-6.553683939297997],[140.47144889831543,-6.555048254474684],[140.47110557556152,-6.557947411829417],[140.47127723693848,-6.55871483301253],[140.47179222106934,-6.559311715337898],[140.47359466552734,-6.560249671833219],[140.4741096496582,-6.5637456759389465],[140.47608375549316,-6.565451034889534],[140.4766845703125,-6.567582725362385],[140.47754287719727,-6.568520666277919],[140.47831535339355,-6.5690322696685115],[140.48089027404785,-6.569458605425467],[140.48466682434082,-6.568776468038976],[140.48561096191406,-6.568861735263425],[140.4868984222412,-6.569799673768017],[140.4884433746338,-6.57031127584338],[140.49110412597656,-6.572698745237503],[140.4928207397461,-6.573721942897691],[140.49333572387695,-6.573721942897691],[140.4939365386963,-6.573380877244915],[140.49505233764648,-6.5716755454719475],[140.49548149108887,-6.571419745201624],[140.49625396728516,-6.571419745201624],[140.49736976623535,-6.57286927832709],[140.49908638000488,-6.578923165105678],[140.49960136413574,-6.579690553937425]]}},{"type":"Feature","id":"pmtiles:10/911/530:transportation_name:508062550:0","properties":{"name_int":"Jalan Trans Papua Gententiri - Muting","ref":"027","name_de":"Jalan Trans Papua Gententiri - Muting","name":"Jalan Trans Papua Gententiri - Muting","ref_length":3,"class":"trunk","name:latin":"Jalan Trans Papua Gententiri - Muting","name_en":"Jalan Trans Papua Gententiri - Muting","network":"road","highway":"trunk","kind":"road","verification":"verified","source":"OpenMapTiles/OpenStreetMap national PMTiles","sourceId":"10/911/530:transportation_name:508062550:0","sourceLayer":"transportation_name","archive":"https://its.hanifahseptiani45.workers.dev/v1/map/archive/indonesia.pmtiles","updatedAt":"2026-07-26T09:45:04.996Z"},"geometry":{"type":"LineString","coordinates":[[140.5799388885498,-6.676031021506034],[140.58062553405762,-6.664266559293566],[140.5803680419922,-6.660515511976385],[140.58096885681152,-6.659748248764586],[140.58234214782715,-6.658639977562942],[140.58457374572754,-6.658469474079027],[140.58517456054688,-6.658128466933476],[140.58568954467773,-6.657446451931634],[140.5862045288086,-6.65599716690663],[140.58783531188965,-6.6536100998931715],[140.58817863464355,-6.651564033219316],[140.5891227722168,-6.650711502923599],[140.58938026428223,-6.648921184488302],[140.58998107910156,-6.6484096637375245],[140.59178352355957,-6.647898142454451],[140.5923843383789,-6.647471874311975],[140.59255599975586,-6.646789844515254],[140.59221267700195,-6.644487986967093],[140.59392929077148,-6.642953409283223],[140.59453010559082,-6.639969494529211],[140.5957317352295,-6.638775923561866],[140.59779167175293,-6.635791983483614],[140.59813499450684,-6.634086866749797],[140.59779167175293,-6.632978537707814],[140.59693336486816,-6.631784949797492],[140.5971908569336,-6.629738792368499],[140.59847831726074,-6.627863140597412],[140.59959411621094,-6.624111815653038],[140.59959411621094,-6.622321400509705],[140.60028076171875,-6.621298303225629],[140.60036659240723,-6.619848911776415],[140.6001091003418,-6.61942261936386],[140.59873580932617,-6.61857003343458],[140.59770584106445,-6.618399516072074],[140.5865478515625,-6.618996326583243],[140.5818271636963,-6.618484774760688],[140.58053970336914,-6.618996326583243],[140.5789089202881,-6.618911067982964],[140.57616233825684,-6.618484774760688],[140.57453155517578,-6.617461669525767],[140.5722999572754,-6.617376410660526],[140.56946754455566,-6.614136562876453],[140.56946754455566,-6.611834552857047],[140.56886672973633,-6.609276751372988],[140.56586265563965,-6.607315761274947],[140.56303024291992,-6.607827324658828],[140.55788040161133,-6.605866328814301],[140.55547714233398,-6.606633675940117],[140.55461883544922,-6.6063778936971005],[140.55341720581055,-6.605184241481112],[140.55341720581055,-6.603479019034651],[140.55204391479492,-6.601859052268651],[140.5502414703369,-6.600580127393002],[140.54946899414062,-6.598619102834704],[140.54800987243652,-6.597169644909911],[140.5444049835205,-6.595464394863157],[140.54157257080078,-6.595293869535709],[140.53882598876953,-6.596999120169343],[140.53771018981934,-6.596913857777054],[140.53659439086914,-6.596231758110463],[140.53427696228027,-6.592906508790676],[140.53144454956055,-6.591968613923584],[140.5283546447754,-6.592650719457424],[140.52474975585938,-6.590774926981339],[140.52200317382812,-6.590263345983601],[140.5209732055664,-6.589495973497492],[140.51676750183105,-6.5891549186781475],[140.51084518432617,-6.584891713653548],[140.50921440124512,-6.584124332859588],[140.50603866577148,-6.581310593133352],[140.5038070678711,-6.580969532689139],[140.5020046234131,-6.580031615259898],[140.49960136413574,-6.579690553937425],[140.49908638000488,-6.578923165105678],[140.49736976623535,-6.57286927832709],[140.49625396728516,-6.571419745201624],[140.49548149108887,-6.571419745201624],[140.49505233764648,-6.5716755454719475],[140.4939365386963,-6.573380877244915],[140.49333572387695,-6.573721942897691],[140.4928207397461,-6.573721942897691],[140.49110412597656,-6.572698745237503],[140.4884433746338,-6.57031127584338],[140.4868984222412,-6.569799673768017],[140.48561096191406,-6.568861735263425],[140.48466682434082,-6.568776468038976],[140.48089027404785,-6.569458605425467],[140.47831535339355,-6.5690322696685115],[140.4766845703125,-6.567582725362385],[140.47608375549316,-6.565451034889534],[140.4741096496582,-6.5637456759389465],[140.47359466552734,-6.560249671833219],[140.47179222106934,-6.559311715337898],[140.47127723693848,-6.55871483301253],[140.47110557556152,-6.557947411829417],[140.47144889831543,-6.555048254474684],[140.47093391418457,-6.553683939297997],[140.46998977661133,-6.553001780309998],[140.46818733215332,-6.55283124041722],[140.4675006866455,-6.552063810178183],[140.46698570251465,-6.551040568022955],[140.46544075012207,-6.550187864623865],[140.4631233215332,-6.549590971377469],[140.46140670776367,-6.548567724151297],[140.45934677124023,-6.548226641276372],[140.45745849609375,-6.547544474827319],[140.45574188232422,-6.545156884915173],[140.4543685913086,-6.54259874019894],[140.4543685913086,-6.541575478644333],[140.45557022094727,-6.540466942928745]]}},{"type":"Feature","id":"pmtiles:10/911/530:transportation_name:1880354870:0","properties":{"name_int":"Trans Papua Tanah Merah - Merauke","ref":"026","name_de":"Trans Papua Tanah Merah - Merauke","name":"Trans Papua Tanah Merah - Merauke","ref_length":3,"class":"trunk","name:latin":"Trans Papua Tanah Merah - Merauke","name_en":"Trans Papua Tanah Merah - Merauke","network":"road","highway":"trunk","kind":"road","verification":"verified","source":"OpenMapTiles/OpenStreetMap national PMTiles","sourceId":"10/911/530:transportation_name:1880354870:0","sourceLayer":"transportation_name","archive":"https://its.hanifahseptiani45.workers.dev/v1/map/archive/indonesia.pmtiles","updatedAt":"2026-07-26T09:45:04.996Z"},"geometry":{"type":"LineString","coordinates":[[140.4923915863037,-6.304037517681252],[140.4939365386963,-6.309582747826553],[140.4960823059082,-6.314616059198343],[140.49505233764648,-6.317090041769944],[140.49479484558105,-6.31947870337666],[140.49359321594238,-6.3218673539550565],[140.4924774169922,-6.323146983655533],[140.49307823181152,-6.325791541667172],[140.4923915863037,-6.328350778472213],[140.4924774169922,-6.33236022397594],[140.4928207397461,-6.3328720658421105],[140.49513816833496,-6.3348341216276935],[140.49548149108887,-6.3355165740656645],[140.4953956604004,-6.336540251030357],[140.49479484558105,-6.337478619797167],[140.49179077148438,-6.339867187137429],[140.4902458190918,-6.346691604277325],[140.4883575439453,-6.350530299194375],[140.48810005187988,-6.3521510728997725],[140.48741340637207,-6.353686538017897],[140.48492431640625,-6.356245636365614],[140.48312187194824,-6.3598283526606565],[140.47719955444336,-6.365202380281005],[140.47359466552734,-6.372452963349161],[140.47325134277344,-6.373561867022175],[140.47290802001953,-6.380556434922582],[140.46526908874512,-6.3929246443927354],[140.46295166015625,-6.394204097274624],[140.4609775543213,-6.394630580857097],[140.45960426330566,-6.394715877530899],[140.45591354370117,-6.393692316506062],[140.4535961151123,-6.392242268213437],[140.4525661468506,-6.391133404980252],[140.4513645172119,-6.390621621138777],[140.45050621032715,-6.389598051919862],[140.4466438293457,-6.388318587516622],[140.44321060180664,-6.386868523992547],[140.43909072875977,-6.386186139736196],[140.43376922607422,-6.384480175115968],[140.43145179748535,-6.38337129506489],[140.4269027709961,-6.379021050144715],[140.4243278503418,-6.379106349419715],[140.42312622070312,-6.380044640507776],[140.42269706726074,-6.381068228826152],[140.4220962524414,-6.387380311587819],[140.42235374450684,-6.39207167402634],[140.4217529296875,-6.395057064083787],[140.4225254058838,-6.4000042435052364],[140.4202938079834,-6.404269014896542],[140.41943550109863,-6.410410223097713],[140.41814804077148,-6.414674907508768],[140.41711807250977,-6.41723370102676],[140.4170322418213,-6.419280726587502],[140.416259765625,-6.420815990358392],[140.41677474975586,-6.423801212214855],[140.41754722595215,-6.425848211367423],[140.41892051696777,-6.427895202283466],[140.41934967041016,-6.4294304400636975],[140.42158126831055,-6.433950835493164],[140.4220962524414,-6.437959454399092],[140.42458534240723,-6.445379580342205],[140.425443649292,-6.447000053178726],[140.4293918609619,-6.45911079135594],[140.42964935302734,-6.460134220746227],[140.4293918609619,-6.461754646380783],[140.43067932128906,-6.462948640895505],[140.43076515197754,-6.463716207309446],[140.42887687683105,-6.46866271847064],[140.42819023132324,-6.469515560329896],[140.42183876037598,-6.483075552362479],[140.42046546936035,-6.48529287487861],[140.4188346862793,-6.486657376194245],[140.41874885559082,-6.488192435757924],[140.41789054870605,-6.490750857969687],[140.41540145874023,-6.495441264930534],[140.414457321167,-6.498937721680164],[140.41814804077148,-6.502263597007442],[140.42020797729492,-6.503201660429596],[140.42381286621094,-6.505504172315511],[140.42492866516113,-6.506527507544831],[140.42879104614258,-6.507209729872983],[140.43291091918945,-6.51079138189219],[140.43428421020508,-6.510450273276746],[140.43505668640137,-6.509426946039937],[140.43522834777832,-6.508233061627891],[140.436429977417,-6.507550840689618],[140.43874740600586,-6.507636118357581],[140.44012069702148,-6.5090858364975475],[140.44286727905273,-6.50686861882474],[140.4433822631836,-6.506783341026463],[140.44363975524902,-6.508147784061279],[140.4430389404297,-6.510279718882117],[140.4433822631836,-6.511047213201678],[140.44475555419922,-6.5117294293895895],[140.44569969177246,-6.510620827613437],[140.44973373413086,-6.510706104760061],[140.45299530029297,-6.512326367793435],[140.45488357543945,-6.51292330548732],[140.45660018920898,-6.5143730083592715],[140.4568576812744,-6.5148846671964264],[140.45625686645508,-6.519404297591734],[140.45385360717773,-6.523241687644898],[140.45333862304688,-6.526652676354672],[140.45385360717773,-6.531342747894627],[140.45625686645508,-6.536800230353208],[140.45745849609375,-6.538505681408353],[140.45677185058594,-6.5393584047541395]]}},{"type":"Feature","id":"pmtiles:10/911/530:water:4142243:0","properties":{"intermittent":0,"class":"river","id":414224,"water":"river","kind":"waterway","verification":"verified","source":"OpenMapTiles/OpenStreetMap national PMTiles","sourceId":"10/911/530:water:4142243:0","sourceLayer":"water","archive":"https://its.hanifahseptiani45.workers.dev/v1/map/archive/indonesia.pmtiles","updatedAt":"2026-07-26T09:45:04.997Z"},"geometry":{"type":"Polygon","coordinates":[[[140.30141830444336,-6.344644288623897],[140.29953002929688,-6.344132458439475],[140.2997875213623,-6.3424263541535595],[140.3012466430664,-6.33978188135147],[140.30433654785156,-6.33662555735242],[140.306396484375,-6.336369638343939],[140.30759811401367,-6.33662555735242],[140.30879974365234,-6.337222701211843],[140.30957221984863,-6.3381610687373495],[140.31025886535645,-6.3396965755514],[140.3104305267334,-6.34225574341437],[140.31085968017578,-6.343876543156611],[140.31163215637207,-6.345582642641574],[140.31326293945312,-6.347715259052919],[140.31455039978027,-6.348824216097242],[140.3173828125,-6.350444995173788],[140.32158851623535,-6.351298034743593],[140.3214168548584,-6.350359691139062],[140.3203010559082,-6.348227085677792],[140.31987190246582,-6.345753252279366],[140.32012939453125,-6.344047153359313],[140.3214168548584,-6.341232077793492],[140.3217601776123,-6.338928822715815],[140.32098770141602,-6.336796169954198],[140.31970024108887,-6.335004734821794],[140.31712532043457,-6.3330426796847235],[140.3152370452881,-6.332445530988878],[140.31360626220703,-6.332274916948904],[140.31283378601074,-6.33236022397594],[140.31146049499512,-6.33295737277048],[140.30811309814453,-6.335090041397692],[140.30682563781738,-6.335431267560267],[140.3052806854248,-6.335345961040787],[140.30399322509766,-6.3348341216276935],[140.30261993408203,-6.333554520874287],[140.30150413513184,-6.332018995783258],[140.30098915100098,-6.3300569292994595],[140.30038833618164,-6.329630392120961],[140.30073165893555,-6.32911854704183],[140.30047416687012,-6.328350778472213],[140.30081748962402,-6.3281801630795655],[140.30176162719727,-6.326388698055354],[140.30261993408203,-6.325876849764882],[140.31034469604492,-6.325535617289603],[140.31583786010742,-6.324938459915813],[140.3170394897461,-6.324597226821055],[140.31789779663086,-6.323829451534294],[140.3196144104004,-6.321440810017933],[140.32012939453125,-6.320161176096008],[140.32012939453125,-6.31930808505615],[140.31824111938477,-6.316236945667072],[140.31729698181152,-6.315213228487764],[140.31566619873047,-6.314018889220165],[140.3136920928955,-6.313592338814104],[140.31231880187988,-6.313677648923431],[140.3107738494873,-6.31453074924363],[140.30588150024414,-6.31947870337666],[140.30364990234375,-6.320502412118046],[140.30150413513184,-6.321099574614962],[140.29987335205078,-6.321355501188293],[140.29111862182617,-6.321440810017933],[140.28905868530273,-6.32092895682905],[140.28974533081055,-6.31947870337666],[140.29051780700684,-6.31973463075191],[140.29232025146484,-6.31981993984887],[140.29592514038086,-6.3193933942234395],[140.30038833618164,-6.31947870337666],[140.3020191192627,-6.319052157469898],[140.30485153198242,-6.317687208205314],[140.3071689605713,-6.315639777558502],[140.3107738494873,-6.311544891974705],[140.31240463256836,-6.310947718455395],[140.31463623046875,-6.310862407896451],[140.31841278076172,-6.312397995808055],[140.31987190246582,-6.3134217185533],[140.32047271728516,-6.314274819295136],[140.32193183898926,-6.318796229757041],[140.32184600830078,-6.320161176096008],[140.3221035003662,-6.320246485122624],[140.32296180725098,-6.31947870337666],[140.3235626220703,-6.31973463075191],[140.32390594482422,-6.320246485122624],[140.32390594482422,-6.3216114276350055],[140.32442092895508,-6.3234029092156305],[140.3243350982666,-6.323744143098708],[140.32330513000488,-6.324682535115855],[140.3232192993164,-6.32545030913559],[140.32347679138184,-6.327412393115438],[140.32347679138184,-6.330824695333078],[140.32390594482422,-6.332018995783258],[140.32648086547852,-6.334236975004217],[140.330171585083,-6.336966782499573],[140.33120155334473,-6.33790515049057],[140.33188819885254,-6.3393553522100206],[140.3320598602295,-6.341829216319354],[140.33197402954102,-6.343620627746688],[140.33291816711426,-6.3495919541905295],[140.3327465057373,-6.350871515135381],[140.3320598602295,-6.352748198767856],[140.3309440612793,-6.353942448425485],[140.32957077026367,-6.3542836621042795],[140.32390594482422,-6.353515931008786],[140.32201766967773,-6.353601234520411],[140.31764030456543,-6.352662895114847],[140.31386375427246,-6.350615603200836],[140.3118896484375,-6.349165433168906],[140.30957221984863,-6.346435690265565],[140.3086280822754,-6.343961848265025],[140.30871391296387,-6.3419998271997144],[140.30837059020996,-6.340208410140136],[140.30759811401367,-6.338843516774617],[140.306396484375,-6.338246374791382],[140.30553817749023,-6.3381610687373495],[140.3041648864746,-6.3393553522100206],[140.30219078063965,-6.34251165950198],[140.30141830444336,-6.344644288623897]],[[140.33180236816406,-6.351212730850236],[140.33214569091797,-6.350274387090209],[140.33214569091797,-6.348994824661347],[140.33137321472168,-6.34549733780149],[140.33154487609863,-6.341487994389269],[140.33111572265625,-6.339184740454655],[140.33034324645996,-6.337990456586951],[140.3290557861328,-6.336796169954198],[140.32390594482422,-6.3330426796847235],[140.32339096069336,-6.33236022397594],[140.3228759765625,-6.330995309852213],[140.32296180725098,-6.328009547630586],[140.32261848449707,-6.324853151663248],[140.32279014587402,-6.324085376756571],[140.32382011413574,-6.323146983655533],[140.32313346862793,-6.320417103133636],[140.32270431518555,-6.320502412118046],[140.32133102416992,-6.322891057968775],[140.3196144104004,-6.325109076378723],[140.31858444213867,-6.325706233555408],[140.3151512145996,-6.326644622010491],[140.30957221984863,-6.327497700945571],[140.30356407165527,-6.327497700945571],[140.3023624420166,-6.328265470782924],[140.30227661132812,-6.32937446964479],[140.3031349182129,-6.331080617090663],[140.30485153198242,-6.333127986584898],[140.30656814575195,-6.334066361556324],[140.30802726745605,-6.333725134491345],[140.31051635742188,-6.331592460225281],[140.31163215637207,-6.330824695333078],[140.31326293945312,-6.33022754407223],[140.31618118286133,-6.330312851437483],[140.31858444213867,-6.330910002599694],[140.31987190246582,-6.3315071530714135],[140.32158851623535,-6.333213293470962],[140.32261848449707,-6.334663508377204],[140.32347679138184,-6.33662555735242],[140.3235626220703,-6.339184740454655],[140.3232192993164,-6.3408055498515665],[140.3217601776123,-6.344047153359313],[140.3214168548584,-6.345412032947294],[140.32167434692383,-6.346606299620859],[140.32270431518555,-6.348653607476621],[140.32313346862793,-6.348994824661347],[140.32450675964355,-6.349336041619964],[140.32751083374023,-6.34976256250026],[140.32879829406738,-6.3495919541905295],[140.32879829406738,-6.349933170753431],[140.32991409301758,-6.350103778950086],[140.33077239990234,-6.350871515135381],[140.33068656921387,-6.351553946338896],[140.32974243164062,-6.3521510728997725],[140.3275966644287,-6.352492287766381],[140.32733917236328,-6.352321680361342],[140.32716751098633,-6.3518098578069555],[140.32562255859375,-6.352662895114847],[140.32733917236328,-6.353345323943131],[140.32845497131348,-6.353515931008786],[140.3298282623291,-6.3532600203890865],[140.33077239990234,-6.352577591447684],[140.33180236816406,-6.351212730850236]]]}},{"type":"Feature","id":"pmtiles:10/911/530:water:508255022:0","properties":{"intermittent":0,"class":"river","id":50825502,"water":"river","kind":"waterway","verification":"verified","source":"OpenMapTiles/OpenStreetMap national PMTiles","sourceId":"10/911/530:water:508255022:0","sourceLayer":"water","archive":"https://its.hanifahseptiani45.workers.dev/v1/map/archive/indonesia.pmtiles","updatedAt":"2026-07-26T09:45:04.997Z"},"geometry":{"type":"Polygon","coordinates":[[[140.3836441040039,-6.6218951102324155],[140.38081169128418,-6.624538104015301],[140.37755012512207,-6.621298303225629],[140.37394523620605,-6.6183142573687235],[140.3726577758789,-6.61780270483959],[140.3701686859131,-6.615244934246292],[140.36656379699707,-6.612772410085242],[140.3657054901123,-6.611493513423781],[140.36338806152344,-6.609191491095629],[140.36107063293457,-6.606292632920031],[140.3572940826416,-6.599642247051349],[140.35394668579102,-6.592650719457424],[140.35283088684082,-6.590945453863313],[140.35137176513672,-6.589922291691906],[140.35094261169434,-6.589495973497492],[140.34725189208984,-6.587620169089178],[140.3469944000244,-6.586597000058887],[140.34759521484375,-6.583612745004558],[140.34982681274414,-6.581310593133352],[140.35523414611816,-6.57517146931167],[140.35737991333008,-6.572357678882895],[140.35815238952637,-6.570481809751584],[140.35832405090332,-6.568947002473266],[140.3579807281494,-6.567497457918762],[140.35746574401855,-6.566730050268788],[140.35308837890625,-6.563404603447935],[140.35120010375977,-6.562466652893136],[140.3488826751709,-6.561955042755102],[140.3469944000244,-6.562040311147925],[140.34527778625488,-6.562466652893136],[140.3451919555664,-6.560334940517961],[140.3481960296631,-6.55948225301384],[140.35059928894043,-6.559141177603607],[140.3529167175293,-6.559311715337898],[140.35480499267578,-6.560249671833219],[140.3558349609375,-6.561102358023916],[140.3572940826416,-6.56348987159258],[140.3584098815918,-6.5646836240846085],[140.3598690032959,-6.559055908714583],[140.3609848022461,-6.559311715337898],[140.3598690032959,-6.56476889201025],[140.35978317260742,-6.566047909142156],[140.36029815673828,-6.569543872533046],[140.35995483398438,-6.571163944799736],[140.35935401916504,-6.572784011789608],[140.35815238952637,-6.575427267651847],[140.35592079162598,-6.579008430589965],[140.35454750061035,-6.580884267541492],[140.35094261169434,-6.584550655669361],[140.350341796875,-6.586767528377109],[140.35334587097168,-6.5883022806037985],[140.35454750061035,-6.5891549186781475],[140.35815238952637,-6.59299177187242],[140.36184310913086,-6.59947172316204],[140.36433219909668,-6.605610546174546],[140.3668212890625,-6.608935710175359],[140.36948204040527,-6.611493513423781],[140.3730869293213,-6.614307081710578],[140.3836441040039,-6.6218951102324155]]]}},{"type":"Feature","id":"pmtiles:10/911/530:water:508255232:0","properties":{"intermittent":0,"class":"river","id":50825523,"water":"river","kind":"waterway","verification":"verified","source":"OpenMapTiles/OpenStreetMap national PMTiles","sourceId":"10/911/530:water:508255232:0","sourceLayer":"water","archive":"https://its.hanifahseptiani45.workers.dev/v1/map/archive/indonesia.pmtiles","updatedAt":"2026-07-26T09:45:04.997Z"},"geometry":{"type":"Polygon","coordinates":[[[140.34725189208984,-6.431903868958685],[140.34733772277832,-6.429515730915583],[140.34931182861328,-6.430795091976776],[140.3514575958252,-6.432756772683433],[140.35274505615234,-6.433268514231187],[140.35643577575684,-6.428406948725197],[140.35746574401855,-6.427639328869475],[140.36295890808105,-6.424654129529216],[140.36441802978516,-6.423289461140044],[140.3657054901123,-6.421498328326166],[140.36673545837402,-6.419792481692113],[140.36785125732422,-6.417148408116546],[140.36888122558594,-6.407424922788266],[140.3697395324707,-6.402477815250691],[140.37068367004395,-6.399065989019803],[140.37042617797852,-6.39795714058819],[140.36999702453613,-6.397445363577361],[140.3690528869629,-6.396933586053976],[140.3671646118164,-6.397104178618719],[140.3661346435547,-6.3952276572748445],[140.36879539489746,-6.3945452841690695],[140.370512008667,-6.3953129538490145],[140.37222862243652,-6.397615955971247],[140.37257194519043,-6.398468917086433],[140.37248611450195,-6.399492468545006],[140.3711986541748,-6.4046954900763495],[140.370512008667,-6.408704339345945],[140.3700828552246,-6.415101373987426],[140.3697395324707,-6.417148408116546],[140.36870956420898,-6.419877774159545],[140.3668212890625,-6.422948293470981],[140.36587715148926,-6.4243129627750335],[140.36407470703125,-6.426359959868719],[140.3591823577881,-6.429345149197502],[140.35626411437988,-6.433353804439037],[140.35454750061035,-6.434889025732218],[140.35274505615234,-6.4350596055895295],[140.3511142730713,-6.434803735782083],[140.350341796875,-6.434462575838339],[140.34836769104004,-6.43250090171631],[140.34725189208984,-6.431903868958685]]]}},{"type":"Feature","id":"pmtiles:10/911/530:water:9536231612:0","properties":{"intermittent":0,"class":"river","id":953623161,"water":"river","kind":"waterway","verification":"verified","source":"OpenMapTiles/OpenStreetMap national PMTiles","sourceId":"10/911/530:water:9536231612:0","sourceLayer":"water","archive":"https://its.hanifahseptiani45.workers.dev/v1/map/archive/indonesia.pmtiles","updatedAt":"2026-07-26T09:45:04.997Z"},"geometry":{"type":"Polygon","coordinates":[[[140.35308837890625,-6.370405750271416],[140.35386085510254,-6.368529131109199],[140.35961151123047,-6.3691262379505105],[140.363130569458,-6.370149848062411],[140.36596298217773,-6.372197062161149],[140.36622047424316,-6.3730500656247955],[140.3671646118164,-6.3739883677965565],[140.3675079345703,-6.374670768297904],[140.36810874938965,-6.37526786799171],[140.36913871765137,-6.377400361222243],[140.37025451660156,-6.3807270329472345],[140.37042617797852,-6.383627190674389],[140.36982536315918,-6.3861008416402],[140.36913871765137,-6.38746560947061],[140.3675079345703,-6.389256861725158],[140.36630630493164,-6.391048107708897],[140.36484718322754,-6.39232756528564],[140.36270141601562,-6.393351129042415],[140.36089897155762,-6.394630580857097],[140.36038398742676,-6.395483546954679],[140.36072731018066,-6.396336511628959],[140.3621006011963,-6.396677697100088],[140.36373138427734,-6.39625121522559],[140.3661346435547,-6.3952276572748445],[140.3671646118164,-6.397104178618719],[140.363130569458,-6.398468917086433],[140.3605556488037,-6.398383621038988],[140.35978317260742,-6.3978718444553095],[140.35926818847656,-6.397104178618719],[140.35883903503418,-6.396080622376132],[140.3587532043457,-6.394886470835814],[140.35892486572266,-6.393777613336397],[140.35935401916504,-6.3930099413511385],[140.36561965942383,-6.389000968929821],[140.36742210388184,-6.38644203393892],[140.36810874938965,-6.384480175115968],[140.3682804107666,-6.381665321067487],[140.36776542663574,-6.37893575085549],[140.36699295043945,-6.377059162901418],[140.36484718322754,-6.373220666147333],[140.36398887634277,-6.372623564070267],[140.3609848022461,-6.371685259402199],[140.35712242126465,-6.371344057279273],[140.35308837890625,-6.370405750271416]]]}},{"type":"Feature","id":"pmtiles:10/911/530:water:9536231622:0","properties":{"intermittent":0,"class":"river","id":953623162,"water":"river","kind":"waterway","verification":"verified","source":"OpenMapTiles/OpenStreetMap national PMTiles","sourceId":"10/911/530:water:9536231622:0","sourceLayer":"water","archive":"https://its.hanifahseptiani45.workers.dev/v1/map/archive/indonesia.pmtiles","updatedAt":"2026-07-26T09:45:04.997Z"},"geometry":{"type":"Polygon","coordinates":[[[140.34725189208984,-6.431903868958685],[140.34605026245117,-6.431392126036812],[140.34467697143555,-6.431392126036812],[140.3371238708496,-6.43309793377253],[140.3320598602295,-6.433268514231187],[140.330171585083,-6.433609674976708],[140.3276824951172,-6.4346331558388385],[140.32450675964355,-6.436594821727681],[140.32373428344727,-6.4375330070832035],[140.32330513000488,-6.439409372593985],[140.32373428344727,-6.441626886528766],[140.32459259033203,-6.442479773923736],[140.32562255859375,-6.442991505672595],[140.32682418823242,-6.443076794247233],[140.32819747924805,-6.442735639862676],[140.3349781036377,-6.4405181307724035],[140.33635139465332,-6.440262263715425],[140.33849716186523,-6.440176974667764],[140.34381866455078,-6.441029864499413],[140.34931182861328,-6.44375910232813],[140.35077095031738,-6.44418554441269],[140.3547191619873,-6.444526697822226],[140.3554916381836,-6.4448678510023],[140.35626411437988,-6.444697274440941],[140.35746574401855,-6.44418554441269],[140.3584098815918,-6.44418554441269],[140.35926818847656,-6.444611986138767],[140.35995483398438,-6.445976597252837],[140.35978317260742,-6.448279370180984],[140.35935401916504,-6.449132246388984],[140.35866737365723,-6.4498998337492],[140.35686492919922,-6.450923281754427],[140.35592079162598,-6.451776153513137],[140.3550624847412,-6.4525437368685346],[140.35446166992188,-6.453481892723531],[140.35377502441406,-6.455784631545825],[140.3540325164795,-6.46209578795829],[140.35351753234863,-6.464824912295114],[140.35283088684082,-6.46661589213636],[140.3511142730713,-6.469515560329896],[140.34682273864746,-6.47565597921087],[140.34622192382812,-6.477105789438099],[140.34656524658203,-6.47838503029746],[140.34828186035156,-6.479067290763027],[140.3565216064453,-6.479920115047534],[140.35858154296875,-6.480346526649143],[140.35961151123047,-6.4802612443576635],[140.36175727844238,-6.480943502285797],[140.36252975463867,-6.481796323398129],[140.3634738922119,-6.483331397765895],[140.36407470703125,-6.483672524768522],[140.3686237335205,-6.488618840362264],[140.36931037902832,-6.490068613317192],[140.36948204040527,-6.491688942857692],[140.36888122558594,-6.49365038743035],[140.36767959594727,-6.494759026634242],[140.36175727844238,-6.498084929591698],[140.35883903503418,-6.499193559024761],[140.35600662231445,-6.501154974342668],[140.3536033630371,-6.504225000347972],[140.34896850585938,-6.513776072389774],[140.34759521484375,-6.512582198320601],[140.34931182861328,-6.506015840190727],[140.350341796875,-6.503713330649234],[140.35162925720215,-6.5017519253121066],[140.3536033630371,-6.499961070277649],[140.35634994506836,-6.498170208865602],[140.35961151123047,-6.496549900189308],[140.3646755218506,-6.494673746782183],[140.3664779663086,-6.493735667455795],[140.36742210388184,-6.492968146706616],[140.36767959594727,-6.492115344501784],[140.3675079345703,-6.4908361384862445],[140.3668212890625,-6.489556929221337],[140.36330223083496,-6.485975125998209],[140.35995483398438,-6.482990270532497],[140.3576374053955,-6.482308015373292],[140.35609245300293,-6.482308015373292],[140.35283088684082,-6.482649143068286],[140.3492259979248,-6.482137451439257],[140.34656524658203,-6.480772937890279],[140.34544944763184,-6.479493703085495],[140.34476280212402,-6.478043899718713],[140.34467697143555,-6.475911828377107],[140.34622192382812,-6.473097480417167],[140.34785270690918,-6.470965388186855],[140.35051345825195,-6.4667011767324425],[140.3518009185791,-6.463630922209873],[140.352144241333,-6.462266358660784],[140.35205841064453,-6.460987076990307],[140.35094261169434,-6.457319784943081],[140.35137176513672,-6.454675906753181],[140.3532600402832,-6.451605579276247],[140.35489082336426,-6.450240983313918],[140.3566074371338,-6.449217533930849],[140.35712242126465,-6.448535233194065],[140.35686492919922,-6.448023507038798],[140.35626411437988,-6.4475970681815085],[140.35574913024902,-6.446744189390898],[140.34467697143555,-6.445038427506304],[140.33978462219238,-6.443503236905343],[140.33729553222656,-6.442991505672595],[140.33489227294922,-6.442906217083632],[140.33343315124512,-6.443076794247233],[140.328369140625,-6.444526697822226],[140.32562255859375,-6.444611986138767],[140.3232192993164,-6.443588525393935],[140.3217601776123,-6.4412004422937486],[140.32124519348145,-6.4393240834030365],[140.32133102416992,-6.438556480039622],[140.3217601776123,-6.437277138521779],[140.32279014587402,-6.435656634639074],[140.32588005065918,-6.433268514231187],[140.3280258178711,-6.4320744498181455],[140.33266067504883,-6.431136254382665],[140.33695220947266,-6.431050963802662],[140.3390121459961,-6.430795091976776],[140.3408145904541,-6.430368638647437],[140.34347534179688,-6.429345149197502],[140.3451919555664,-6.429003985589688],[140.3463077545166,-6.4290892765131105],[140.34733772277832,-6.429515730915583],[140.34725189208984,-6.431903868958685]]]}},{"type":"Feature","id":"pmtiles:10/911/530:water:9536270032:0","properties":{"intermittent":0,"class":"river","id":953627003,"water":"river","kind":"waterway","verification":"verified","source":"OpenMapTiles/OpenStreetMap national PMTiles","sourceId":"10/911/530:water:9536270032:0","sourceLayer":"water","archive":"https://its.hanifahseptiani45.workers.dev/v1/map/archive/indonesia.pmtiles","updatedAt":"2026-07-26T09:45:04.997Z"},"geometry":{"type":"Polygon","coordinates":[[[140.33137321472168,-6.391048107708897],[140.33145904541016,-6.389256861725158],[140.33540725708008,-6.390024539343273],[140.33995628356934,-6.390195134213101],[140.3426170349121,-6.389427456850939],[140.3433895111084,-6.388830373661833],[140.3441619873047,-6.3877215030336885],[140.34433364868164,-6.386356735885556],[140.3437328338623,-6.384480175115968],[140.33909797668457,-6.377741559315979],[140.33806800842285,-6.37526786799171],[140.33781051635742,-6.373476566824749],[140.33815383911133,-6.371344057279273],[140.3386688232422,-6.369979246518852],[140.33987045288086,-6.368102625797334],[140.34244537353516,-6.366652505086748],[140.34502029418945,-6.3660553953685195],[140.34759521484375,-6.366481902380954],[140.3511142730713,-6.367932023573388],[140.35386085510254,-6.368529131109199],[140.35308837890625,-6.370405750271416],[140.34733772277832,-6.368187926888069],[140.3456211090088,-6.3678467224401345],[140.34424781799316,-6.367932023573388],[140.34364700317383,-6.368102625797334],[140.3426170349121,-6.36895563606673],[140.3415012359619,-6.37066165235278],[140.3408145904541,-6.372538263716805],[140.34055709838867,-6.374073667908888],[140.34090042114258,-6.376547364994394],[140.34210205078125,-6.37893575085549],[140.3445053100586,-6.381494723355274],[140.34579277038574,-6.3840536830727785],[140.3456211090088,-6.384991965098877],[140.34579277038574,-6.388062694252099],[140.3451919555664,-6.389256861725158],[140.34459114074707,-6.389939241887035],[140.34235954284668,-6.391389296708965],[140.3401279449463,-6.391986376911461],[140.3356647491455,-6.391815782639014],[140.33137321472168,-6.391048107708897]]]}},{"type":"Feature","id":"pmtiles:10/911/530:water:9536295942:0","properties":{"intermittent":0,"class":"river","id":953629594,"water":"river","kind":"waterway","verification":"verified","source":"OpenMapTiles/OpenStreetMap national PMTiles","sourceId":"10/911/530:water:9536295942:0","sourceLayer":"water","archive":"https://its.hanifahseptiani45.workers.dev/v1/map/archive/indonesia.pmtiles","updatedAt":"2026-07-26T09:45:04.997Z"},"geometry":{"type":"Polygon","coordinates":[[[140.29953002929688,-6.344132458439475],[140.30141830444336,-6.344644288623897],[140.30133247375488,-6.346435690265565],[140.30150413513184,-6.348056476859355],[140.3031349182129,-6.352833502406753],[140.30373573303223,-6.355136695311245],[140.3038215637207,-6.35684275748153],[140.3034782409668,-6.358122300395323],[140.3034782409668,-6.359231235011777],[140.3030490875244,-6.3605107719815095],[140.3015899658203,-6.363155138291276],[140.30141830444336,-6.36417876030599],[140.30176162719727,-6.365799490991023],[140.3027057647705,-6.3674202165613565],[140.30734062194824,-6.371514658369094],[140.3093147277832,-6.374500168257683],[140.31163215637207,-6.378338655433524],[140.31600952148438,-6.382859503462271],[140.319185256958,-6.385162561646183],[140.3217601776123,-6.386527331978073],[140.32673835754395,-6.388233289776011],[140.33145904541016,-6.389256861725158],[140.33137321472168,-6.391048107708897],[140.33042907714844,-6.390706918481243],[140.3275966644287,-6.390451026411171],[140.32004356384277,-6.387806800859607],[140.31712532043457,-6.385844947266918],[140.31394958496094,-6.3832006979208415],[140.3133487701416,-6.382262412612889],[140.31240463256836,-6.381665321067487],[140.31000137329102,-6.37893575085549],[140.30888557434082,-6.378253356030754],[140.30476570129395,-6.371941160845495],[140.30261993408203,-6.369467441547968],[140.30116081237793,-6.368358529026992],[140.30038833618164,-6.367249614110634],[140.29987335205078,-6.366311299618488],[140.29987335205078,-6.3639228549935325],[140.29927253723145,-6.3618756079050485],[140.29961585998535,-6.360169562434336],[140.3009033203125,-6.356757454507402],[140.30133247375488,-6.353942448425485],[140.3009033203125,-6.351639250175708],[140.2997875213623,-6.348568303145129],[140.2994441986084,-6.346350385566737],[140.29953002929688,-6.344132458439475]]]}},{"type":"Feature","id":"pmtiles:10/911/530:water:9536350452:0","properties":{"intermittent":0,"class":"river","id":953635045,"water":"river","kind":"waterway","verification":"verified","source":"OpenMapTiles/OpenStreetMap national PMTiles","sourceId":"10/911/530:water:9536350452:0","sourceLayer":"water","archive":"https://its.hanifahseptiani45.workers.dev/v1/map/archive/indonesia.pmtiles","updatedAt":"2026-07-26T09:45:04.997Z"},"geometry":{"type":"Polygon","coordinates":[[[140.29120445251465,-6.318199064601444],[140.28983116149902,-6.31777251763981],[140.28888702392578,-6.31828437395157],[140.28905868530273,-6.3189668482463475],[140.28974533081055,-6.31947870337666],[140.28905868530273,-6.32092895682905],[140.28794288635254,-6.320161176096008],[140.28751373291016,-6.319564012515812],[140.28725624084473,-6.31828437395157],[140.2873420715332,-6.317345970326613],[140.28794288635254,-6.316663493894268],[140.2891445159912,-6.316151635979452],[140.2920627593994,-6.316578184276949],[140.29309272766113,-6.316236945667072],[140.29412269592285,-6.315725087330463],[140.29592514038086,-6.314445439274849],[140.2965259552002,-6.313165788056708],[140.29678344726562,-6.310435854890983],[140.29678344726562,-6.309838680093364],[140.2994441986084,-6.309838680093364],[140.29927253723145,-6.311544891974705],[140.2968692779541,-6.316663493894268],[140.29549598693848,-6.318028445858985],[140.2946376800537,-6.318369683287642],[140.2928352355957,-6.318454992609659],[140.29120445251465,-6.318199064601444]]]}},{"type":"Feature","id":"pmtiles:10/911/530:water:9541306362:0","properties":{"intermittent":0,"class":"river","id":954130636,"water":"river","kind":"waterway","verification":"verified","source":"OpenMapTiles/OpenStreetMap national PMTiles","sourceId":"10/911/530:water:9541306362:0","sourceLayer":"water","archive":"https://its.hanifahseptiani45.workers.dev/v1/map/archive/indonesia.pmtiles","updatedAt":"2026-07-26T09:45:04.997Z"},"geometry":{"type":"Polygon","coordinates":[[[140.3451919555664,-6.561613969037779],[140.34527778625488,-6.562466652893136],[140.34330368041992,-6.563148798926363],[140.33798217773438,-6.563319335288668],[140.33635139465332,-6.562978262505652],[140.33326148986816,-6.561187626562713],[140.33214569091797,-6.559567521829905],[140.3312873840332,-6.5570094510009085],[140.33180236816406,-6.555389332685593],[140.33223152160645,-6.555218793609299],[140.33326148986816,-6.55376920910588],[140.33437728881836,-6.552916510370906],[140.3364372253418,-6.55283124041722],[140.33729553222656,-6.553257590039848],[140.34072875976562,-6.554195557926661],[140.34296035766602,-6.554451367044166],[140.34510612487793,-6.55453663672084],[140.34785270690918,-6.554110288191666],[140.3514575958252,-6.553342859920619],[140.3529167175293,-6.552660700466134],[140.3536033630371,-6.551637459535229],[140.3529167175293,-6.549505700855434],[140.35094261169434,-6.545668512286042],[140.34991264343262,-6.542513468482781],[140.3488826751709,-6.536373866680464],[140.34793853759766,-6.52912562864266],[140.3474235534668,-6.527079048310142],[140.3463077545166,-6.524350261523111],[140.34467697143555,-6.521962560891652],[140.3441619873047,-6.519830675715042],[140.3441619873047,-6.51803988516059],[140.34759521484375,-6.512582198320601],[140.34896850585938,-6.513776072389774],[140.34750938415527,-6.516590192884934],[140.3463077545166,-6.517954609260386],[140.34579277038574,-6.518977919105836],[140.34587860107422,-6.519489573245409],[140.34639358520508,-6.520342328984327],[140.34690856933594,-6.522133111314076],[140.348539352417,-6.524435536335218],[140.35042762756348,-6.528358161998298],[140.35128593444824,-6.532707124090791],[140.3510284423828,-6.537397138884245],[140.35128593444824,-6.539614221474196],[140.35223007202148,-6.542939826918072],[140.35531997680664,-6.5500173237691826],[140.35523414611816,-6.552319620389042],[140.35429000854492,-6.553683939297997],[140.35343170166016,-6.5542808276470765],[140.35265922546387,-6.555048254474684],[140.3496551513672,-6.55649783525962],[140.34622192382812,-6.5570094510009085],[140.34278869628906,-6.556753643195904],[140.33978462219238,-6.556156757807059],[140.33635139465332,-6.554962984885492],[140.3349781036377,-6.554792445663367],[140.3345489501953,-6.554962984885492],[140.3338623046875,-6.5557304106631875],[140.33334732055664,-6.557606335368732],[140.3335189819336,-6.558800101959932],[140.33403396606445,-6.559652790631404],[140.33489227294922,-6.560249671833219],[140.33635139465332,-6.561017089470525],[140.3382396697998,-6.5614434320915365],[140.34055709838867,-6.5614434320915365],[140.34313201904297,-6.560931820902539],[140.3451919555664,-6.560334940517961],[140.3451919555664,-6.561613969037779]]]}},{"type":"Feature","id":"pmtiles:10/911/530:water:9544672672:0","properties":{"intermittent":0,"class":"river","id":954467267,"water":"river","kind":"waterway","verification":"verified","source":"OpenMapTiles/OpenStreetMap national PMTiles","sourceId":"10/911/530:water:9544672672:0","sourceLayer":"water","archive":"https://its.hanifahseptiani45.workers.dev/v1/map/archive/indonesia.pmtiles","updatedAt":"2026-07-26T09:45:04.997Z"},"geometry":{"type":"Polygon","coordinates":[[[140.38458824157715,-6.622747690418777],[140.3920555114746,-6.627863140597412],[140.39583206176758,-6.630335589162755],[140.403470993042,-6.633745842694751],[140.4104232788086,-6.6371560726203],[140.41248321533203,-6.638690668382026],[140.41462898254395,-6.640907298258753],[140.4159164428711,-6.643123918151161],[140.41600227355957,-6.643464935709773],[140.4159164428711,-6.645170019956467],[140.41565895080566,-6.64636357541184],[140.41574478149414,-6.647471874311975],[140.41531562805176,-6.6477276352418215],[140.4155731201172,-6.648921184488302],[140.41531562805176,-6.6510525152193765],[140.4154872894287,-6.651734539100943],[140.41462898254395,-6.65488888723624],[140.41274070739746,-6.658725229282695],[140.40990829467773,-6.663243549233783],[140.40947914123535,-6.664437060762708],[140.40578842163086,-6.668017577917894],[140.40329933166504,-6.669978326228687],[140.40321350097656,-6.670063575977267],[140.39960861206055,-6.670063575977267],[140.40261268615723,-6.667932327813361],[140.40810585021973,-6.662305788137772],[140.41050910949707,-6.658725229282695],[140.41162490844727,-6.65599716690663],[140.41248321533203,-6.652757573148065],[140.41351318359375,-6.646534083097549],[140.41325569152832,-6.645425782083635],[140.41231155395508,-6.643805953031972],[140.40973663330078,-6.641248317353671],[140.4075050354004,-6.639628474548161],[140.40184020996094,-6.63621826174473],[140.3931713104248,-6.632978537707814],[140.38922309875488,-6.631273411236634],[140.38578987121582,-6.628971481142813],[140.38081169128418,-6.624538104015301],[140.3836441040039,-6.6218951102324155],[140.38458824157715,-6.622747690418777]]]}},{"type":"Feature","id":"pmtiles:10/911/530:waterway:566316040:0","properties":{"name_int":"Digul River","name_de":"Sungai Digul","name":"Sungai Digul","name:en":"Digul River","class":"river","name:latin":"Sungai Digul","name_en":"Digul River","waterway":"river","kind":"waterway","verification":"verified","source":"OpenMapTiles/OpenStreetMap national PMTiles","sourceId":"10/911/530:waterway:566316040:0","sourceLayer":"waterway","archive":"https://its.hanifahseptiani45.workers.dev/v1/map/archive/indonesia.pmtiles","updatedAt":"2026-07-26T09:45:04.997Z"},"geometry":{"type":"LineString","coordinates":[[140.29824256896973,-6.306255616856944],[140.2975559234619,-6.311971444067012],[140.29661178588867,-6.315383848158234],[140.2961826324463,-6.316151635979452],[140.29541015625,-6.316834113086728],[140.29403686523438,-6.317516589294073],[140.28983116149902,-6.317004732222927],[140.28897285461426,-6.317175351302893],[140.2881145477295,-6.318028445858985],[140.28820037841797,-6.31930808505615],[140.2884578704834,-6.31981993984887],[140.28931617736816,-6.320246485122624],[140.29455184936523,-6.320673030044659],[140.3001308441162,-6.320502412118046],[140.3020191192627,-6.320246485122624],[140.30553817749023,-6.31828437395157],[140.31146049499512,-6.31282454719782],[140.31386375427246,-6.312142064805585],[140.31472206115723,-6.312227375153782],[140.31618118286133,-6.312909857433624],[140.31824111938477,-6.314274819295136],[140.319185256958,-6.315213228487764],[140.3203010559082,-6.317260660821773],[140.32098770141602,-6.319052157469898],[140.3210735321045,-6.320843647914984],[140.3207302093506,-6.32212328014846],[140.31909942626953,-6.324255993501026],[140.3181552886963,-6.324938459915813],[140.31566619873047,-6.325962157848494],[140.30871391296387,-6.326644622010491],[140.30407905578613,-6.326644622010491],[140.30244827270508,-6.327071161654061],[140.30193328857422,-6.327583008761607],[140.3016757965088,-6.329630392120961],[140.30193328857422,-6.331080617090663],[140.3041648864746,-6.333554520874287],[140.306396484375,-6.3348341216276935],[140.30759811401367,-6.334663508377204],[140.31180381774902,-6.331763074490752],[140.3144645690918,-6.331251231525229],[140.3162670135498,-6.331421845903449],[140.31841278076172,-6.332274916948904],[140.3207302093506,-6.334151668287319],[140.32244682312012,-6.337308007421072],[140.32270431518555,-6.338843516774617],[140.3221893310547,-6.341061466659056],[140.3207302093506,-6.345241423196498],[140.3206443786621,-6.346265080853769],[140.32115936279297,-6.348056476859355],[140.32313346862793,-6.3518098578069555],[140.3232192993164,-6.352662895114847],[140.32304763793945,-6.352833502406753],[140.32055854797363,-6.35223637663762],[140.31575202941895,-6.350700907193158],[140.31214714050293,-6.348227085677792],[140.3104305267334,-6.345753252279366],[140.30982971191406,-6.344473678618897],[140.30922889709473,-6.339867187137429],[140.30828475952148,-6.33790515049057],[140.30742645263672,-6.337393313616175],[140.30510902404785,-6.337393313616175],[140.30390739440918,-6.3381610687373495],[140.30141830444336,-6.341829216319354],[140.30064582824707,-6.343876543156611],[140.30047416687012,-6.345156118299926],[140.30064582824707,-6.347715259052919],[140.30244827270508,-6.353771841501228],[140.30210494995117,-6.357439877904156],[140.30064582824707,-6.363155138291276],[140.30073165893555,-6.365031777093492],[140.30133247375488,-6.366737806418371],[140.30287742614746,-6.368870335103566],[140.30648231506348,-6.372623564070267],[140.3118896484375,-6.379703443947264],[140.31600952148438,-6.383883086156061],[140.3184986114502,-6.385759649114064],[140.32090187072754,-6.387209715779576],[140.32373428344727,-6.388318587516622],[140.32699584960938,-6.389256861725158],[140.33617973327637,-6.391133404980252],[140.33978462219238,-6.391218702237381],[140.3426170349121,-6.39036572902603],[140.34381866455078,-6.389512754392513],[140.34476280212402,-6.388489182955226],[140.34502029418945,-6.387124417854153],[140.34493446350098,-6.385674350946999],[140.3445053100586,-6.3840536830727785],[140.34381866455078,-6.382688906147749],[140.34055709838867,-6.378253356030754],[140.33978462219238,-6.376462065293552],[140.33926963806152,-6.374500168257683],[140.33918380737305,-6.372538263716805],[140.33952713012695,-6.37066165235278],[140.3404712677002,-6.3691262379505105],[140.34175872802734,-6.3678467224401345],[140.34381866455078,-6.36716431286402],[140.34570693969727,-6.367079011603238],[140.34768104553223,-6.3674202165613565],[140.35351753234863,-6.369467441547968],[140.3621006011963,-6.370917554306573],[140.36407470703125,-6.371685259402199],[140.36553382873535,-6.372879465045543],[140.3675937652588,-6.376120866348259],[140.36888122558594,-6.379874042255921],[140.36922454833984,-6.3820918150995],[140.3690528869629,-6.38456547348197],[140.36819458007812,-6.386953821960631],[140.36673545837402,-6.388915671302925],[140.36493301391602,-6.390451026411171],[140.36107063293457,-6.393095238295288],[140.36004066467285,-6.39428939401958],[140.35969734191895,-6.3956541400034155],[140.36038398742676,-6.397104178618719],[140.36184310913086,-6.397701252146845],[140.3635597229004,-6.397530659781424],[140.36767959594727,-6.3958247329951945],[140.36888122558594,-6.39556884348616],[140.3700828552246,-6.3958247329951945],[140.3708553314209,-6.396677697100088],[140.37128448486328,-6.39795714058819],[140.37102699279785,-6.401198383085045],[140.36948204040527,-6.40913081081878],[140.3690528869629,-6.415613133290719],[140.36810874938965,-6.419280726587502],[140.36707878112793,-6.42124245169542],[140.36416053771973,-6.424739421182039],[140.36235809326172,-6.426189377092143],[140.35832405090332,-6.428492239748763],[140.35480499267578,-6.43309793377253],[140.35351753234863,-6.433950835493164],[140.3524875640869,-6.434121415665487],[140.35137176513672,-6.433694965127302],[140.34828186035156,-6.430965673208348],[140.34647941589355,-6.430368638647437],[140.34390449523926,-6.4304539293419225],[140.330171585083,-6.4324156113653],[140.32639503479004,-6.433780255263571],[140.32442092895508,-6.4350596055895295],[140.3232192993164,-6.436509532063965],[140.32244682312012,-6.4384711907053855],[140.32236099243164,-6.4403475527487615],[140.32313346862793,-6.441797464122445],[140.32442092895508,-6.443332659885101],[140.32536506652832,-6.443588525393935],[140.32819747924805,-6.443588525393935],[140.33394813537598,-6.442053330405443],[140.33738136291504,-6.441797464122445],[140.33995628356934,-6.441882752897769],[140.34802436828613,-6.444356121146143],[140.3576374053955,-6.445891309165788],[140.35823822021484,-6.446658901432926],[140.35832405090332,-6.447852931538918],[140.35815238952637,-6.448449945537391],[140.35703659057617,-6.4498998337492],[140.3551483154297,-6.451264430630175],[140.3536033630371,-6.452884884653187],[140.3529167175293,-6.4540789000902095],[140.35283088684082,-6.455699345109494],[140.35334587097168,-6.45894021958965],[140.35343170166016,-6.46149879004669],[140.35317420959473,-6.463033926110128],[140.3496551513672,-6.47028311677245],[140.34793853759766,-6.472074077269852],[140.34605026245117,-6.474547297992103],[140.34536361694336,-6.477446920651005],[140.34647941589355,-6.479493703085495],[140.34828186035156,-6.48060237343708],[140.350341796875,-6.4810287844619126],[140.35935401916504,-6.481796323398129],[140.36072731018066,-6.482308015373292],[140.363130569458,-6.484013651540295],[140.36630630493164,-6.4871690632351005],[140.36785125732422,-6.489215806201997],[140.36870956420898,-6.491688942857692],[140.36853790283203,-6.492882866551128],[140.36810874938965,-6.49365038743035],[140.36158561706543,-6.497232136057491],[140.35789489746094,-6.498852442536375],[140.35377502441406,-6.502007761224874],[140.3514575958252,-6.504736669525741],[140.34982681274414,-6.508233061627891],[140.34828186035156,-6.513179135710217],[140.3448486328125,-6.518551540257349],[140.34510612487793,-6.520683430873731],[140.34570693969727,-6.522133111314076],[140.348539352417,-6.526226304036214],[140.3492259979248,-6.528272887854072],[140.34974098205566,-6.530575284649572],[140.3499984741211,-6.533474584066212],[140.3499984741211,-6.537397138884245],[140.350341796875,-6.540040582383327],[140.35094261169434,-6.542172381472568],[140.35411834716797,-6.549590971377469],[140.35446166992188,-6.551893269964722],[140.35420417785645,-6.552745970448981],[140.35231590270996,-6.554110288191666],[140.34982681274414,-6.555133524049268],[140.3474235534668,-6.555645141190666],[140.3451919555664,-6.5557304106631875],[140.34184455871582,-6.555389332685593],[140.33746719360352,-6.554110288191666],[140.33592224121094,-6.553854478899197],[140.3346347808838,-6.553939748677934],[140.33360481262207,-6.554366097352911],[140.33248901367188,-6.5559009495644744],[140.33257484436035,-6.558288488056704],[140.33283233642578,-6.559141177603607],[140.33377647399902,-6.560420209188109],[140.33489227294922,-6.5613581635965375],[140.33806800842285,-6.562296116238855],[140.3400421142578,-6.5623813845733],[140.3427028656006,-6.562040311147925],[140.34991264343262,-6.5606760151109995],[140.35120010375977,-6.560846552319944],[140.35240173339844,-6.56127289508693],[140.35531997680664,-6.56323406711482],[140.35815238952637,-6.565792105978659],[140.35901069641113,-6.56724165550024],[140.3591823577881,-6.568605933546223],[140.3590965270996,-6.57031127584338],[140.35849571228027,-6.572528212089438],[140.35712242126465,-6.575000937011751],[140.3496551513672,-6.583271686141643],[140.34871101379395,-6.585488564561942],[140.34879684448242,-6.586255943246599],[140.3492259979248,-6.586938056636754],[140.35394668579102,-6.590604400040718],[140.35523414611816,-6.592139140395034],[140.36124229431152,-6.602796928410953],[140.3650188446045,-6.608253627074546],[140.3734302520752,-6.616097525915677],[140.38244247436523,-6.623088722080894],[140.39042472839355,-6.629738792368499],[140.4093074798584,-6.6382643922613624],[140.41325569152832,-6.641845100201152],[140.41454315185547,-6.64397646160441],[140.41497230529785,-6.646619336918221],[140.41428565979004,-6.652246056390808],[140.41136741638184,-6.659321990906307],[140.40956497192383,-6.662391039220594],[140.40724754333496,-6.665119066046444],[140.4038143157959,-6.668273328142476],[140.3909397125244,-6.678332731057878]]}},{"type":"Feature","id":"pmtiles:10/912/530:landcover:1885302132:0","properties":{"subclass":"orchard","class":"farmland","kind":"green","verification":"verified","source":"OpenMapTiles/OpenStreetMap national PMTiles","sourceId":"10/912/530:landcover:1885302132:0","sourceLayer":"landcover","archive":"https://its.hanifahseptiani45.workers.dev/v1/map/archive/indonesia.pmtiles","updatedAt":"2026-07-26T09:45:05.067Z"},"geometry":{"type":"Polygon","coordinates":[[[140.6195068359375,-6.581225328044255],[140.62911987304688,-6.586852792514264],[140.6195068359375,-6.602967451154996],[140.6195068359375,-6.581225328044255]]]}},{"type":"Feature","id":"pmtiles:10/911/531:landcover:1885302132:0","properties":{"subclass":"orchard","class":"farmland","kind":"green","verification":"verified","source":"OpenMapTiles/OpenStreetMap national PMTiles","sourceId":"10/911/531:landcover:1885302132:0","sourceLayer":"landcover","archive":"https://its.hanifahseptiani45.workers.dev/v1/map/archive/indonesia.pmtiles","updatedAt":"2026-07-26T09:45:14.783Z"},"geometry":{"type":"Polygon","coordinates":[[[140.5857753753662,-6.659151487659315],[140.58491706848145,-6.660515511976385],[140.5825138092041,-6.659151487659315],[140.5857753753662,-6.659151487659315]]]}},{"type":"Feature","id":"pmtiles:10/911/531:landuse:1885336570:1","properties":{"class":"residential","kind":"green","verification":"verified","source":"OpenMapTiles/OpenStreetMap national PMTiles","sourceId":"10/911/531:landuse:1885336570:1","sourceLayer":"landuse","archive":"https://its.hanifahseptiani45.workers.dev/v1/map/archive/indonesia.pmtiles","updatedAt":"2026-07-26T09:45:14.783Z"},"geometry":{"type":"Polygon","coordinates":[[[140.42269706726074,-6.66699457568501],[140.42346954345703,-6.659151487659315],[140.42475700378418,-6.659151487659315],[140.42441368103027,-6.666312573010259],[140.42269706726074,-6.66699457568501]]]}},{"type":"Feature","id":"pmtiles:8/227/132:landcover:1885302132:0","properties":{"subclass":"orchard","class":"farmland","kind":"green","verification":"verified","source":"OpenMapTiles/OpenStreetMap national PMTiles","sourceId":"8/227/132:landcover:1885302132:0","sourceLayer":"landcover","archive":"https://its.hanifahseptiani45.workers.dev/v1/map/archive/indonesia.pmtiles","updatedAt":"2026-07-26T09:35:44.431Z"},"geometry":{"type":"Polygon","coordinates":[[[140.50174713134766,-6.612431371299081],[140.44921875,-6.5803726763481905],[140.46466827392578,-6.556156757807059],[140.47977447509766,-6.567071120481529],[140.50071716308594,-6.53159856871477],[140.5426025390625,-6.534327315991391],[140.62911987304688,-6.586852792514264],[140.58483123779297,-6.660515511976385],[140.50174713134766,-6.612431371299081]]]}},{"type":"Feature","id":"pmtiles:8/227/132:landcover:6675067782:0","properties":{"subclass":"orchard","class":"farmland","kind":"green","verification":"verified","source":"OpenMapTiles/OpenStreetMap national PMTiles","sourceId":"8/227/132:landcover:6675067782:0","sourceLayer":"landcover","archive":"https://its.hanifahseptiani45.workers.dev/v1/map/archive/indonesia.pmtiles","updatedAt":"2026-07-26T09:35:44.431Z"},"geometry":{"type":"Polygon","coordinates":[[[140.28648376464844,-6.566047909142156],[140.32974243164062,-6.609020970496829],[140.32974243164062,-6.611749293020793],[140.33214569091797,-6.611749293020793],[140.33729553222656,-6.619593136373055],[140.32630920410156,-6.630847128696999],[140.32665252685547,-6.628118911713642],[140.32459259033203,-6.628118911713642],[140.32459259033203,-6.635962494832327],[140.3280258178711,-6.638349647515028],[140.328369140625,-6.6417598455529685],[140.30296325683594,-6.668699578220185],[140.28579711914062,-6.668699578220185],[140.28133392333984,-6.671427569936995],[140.2676010131836,-6.663584552824162],[140.26554107666016,-6.654036362710826],[140.25936126708984,-6.65301333132696],[140.25592803955078,-6.64414697011776],[140.24974822998047,-6.64141882681254],[140.24700164794922,-6.63493942585454],[140.2408218383789,-6.629483022092643],[140.23910522460938,-6.619593136373055],[140.2349853515625,-6.61857003343458],[140.28648376464844,-6.566047909142156]]]}},{"type":"Feature","id":"pmtiles:8/227/132:landcover:11464022590:0","properties":{"subclass":"wood","class":"wood","kind":"green","verification":"verified","source":"OpenMapTiles/OpenStreetMap national PMTiles","sourceId":"8/227/132:landcover:11464022590:0","sourceLayer":"landcover","archive":"https://its.hanifahseptiani45.workers.dev/v1/map/archive/indonesia.pmtiles","updatedAt":"2026-07-26T09:35:44.431Z"},"geometry":{"type":"Polygon","coordinates":[[[140.38089752197266,-6.405036669963636],[140.39840698242188,-6.40537784962288],[140.39840698242188,-6.427212872893435],[140.38089752197266,-6.427212872893435],[140.38089752197266,-6.405036669963636]]]}},{"type":"Feature","id":"pmtiles:8/227/132:landuse:77985690:8","properties":{"class":"residential","kind":"green","verification":"verified","source":"OpenMapTiles/OpenStreetMap national PMTiles","sourceId":"8/227/132:landuse:77985690:8","sourceLayer":"landuse","archive":"https://its.hanifahseptiani45.workers.dev/v1/map/archive/indonesia.pmtiles","updatedAt":"2026-07-26T09:35:44.432Z"},"geometry":{"type":"Polygon","coordinates":[[[140.4155731201172,-6.638690668382026],[140.41900634765625,-6.638349647515028],[140.42003631591797,-6.6332343061695695],[140.42381286621094,-6.638690668382026],[140.43067932128906,-6.641077807835757],[140.42346954345703,-6.645170019956467],[140.42587280273438,-6.646193067667014],[140.42552947998047,-6.654036362710826],[140.42930603027344,-6.652672320392185],[140.42827606201172,-6.649603211327928],[140.4320526123047,-6.646193067667014],[140.42930603027344,-6.657787459551017],[140.42484283447266,-6.65881048098764],[140.42449951171875,-6.666312573010259],[140.42278289794922,-6.66699457568501],[140.42381286621094,-6.65437737269859],[140.4224395751953,-6.65301333132696],[140.41316986083984,-6.661879532501473],[140.4166030883789,-6.666653574466238],[140.41385650634766,-6.668699578220185],[140.41351318359375,-6.66699457568501],[140.41179656982422,-6.667335576666531],[140.41385650634766,-6.674496542458471],[140.41213989257812,-6.675860524071609],[140.40973663330078,-6.663584552824162],[140.41488647460938,-6.6564234276522285],[140.4159164428711,-6.646193067667014],[140.42003631591797,-6.646193067667014],[140.41969299316406,-6.639713729565571],[140.4155731201172,-6.638690668382026]]]}},{"type":"Feature","id":"pmtiles:8/227/132:transportation:508062590:0","properties":{"class":"primary","highway":"primary","kind":"road","verification":"verified","source":"OpenMapTiles/OpenStreetMap national PMTiles","sourceId":"8/227/132:transportation:508062590:0","sourceLayer":"transportation","archive":"https://its.hanifahseptiani45.workers.dev/v1/map/archive/indonesia.pmtiles","updatedAt":"2026-07-26T09:35:44.432Z"},"geometry":{"type":"LineString","coordinates":[[140.49968719482422,-6.579690553937425],[140.49968719482422,-6.590945453863313],[140.50071716308594,-6.592650719457424],[140.50071716308594,-6.5950380814345095],[140.49968719482422,-6.5974254319107075],[140.4993438720703,-6.607656803589649],[140.50243377685547,-6.611408253528708],[140.51067352294922,-6.616182785001669],[140.50689697265625,-6.619252102295789],[140.5034637451172,-6.619934170214748],[140.50243377685547,-6.621639335889299],[140.49762725830078,-6.624026557936375],[140.49659729003906,-6.636644539636848],[140.49076080322266,-6.640395769173267],[140.48973083496094,-6.646193067667014],[140.49041748046875,-6.649603211327928],[140.47977447509766,-6.651649286167526],[140.4718780517578,-6.65062624981266],[140.4656982421875,-6.648239156702317],[140.4595184326172,-6.648239156702317],[140.4540252685547,-6.649603211327928],[140.44921875,-6.652331309220671],[140.44509887695312,-6.653354342025011],[140.4385757446289,-6.649262198026406],[140.43479919433594,-6.643123918151161],[140.43033599853516,-6.64141882681254],[140.42278289794922,-6.643805953031972],[140.4220962524414,-6.649262198026406],[140.42037963867188,-6.649603211327928]]}},{"type":"Feature","id":"pmtiles:8/227/132:transportation:508059950:1","properties":{"class":"trunk","highway":"trunk","kind":"road","verification":"verified","source":"OpenMapTiles/OpenStreetMap national PMTiles","sourceId":"8/227/132:transportation:508059950:1","sourceLayer":"transportation","archive":"https://its.hanifahseptiani45.workers.dev/v1/map/archive/indonesia.pmtiles","updatedAt":"2026-07-26T09:35:44.432Z"},"geometry":{"type":"LineString","coordinates":[[140.31326293945312,-6.1067597718488855],[140.3180694580078,-6.109832133846183],[140.32527923583984,-6.117000909910701],[140.3290557861328,-6.1197318469426705],[140.33660888671875,-6.127924574277486],[140.3390121459961,-6.132020890791296],[140.34141540527344,-6.1364585315084526],[140.34313201904297,-6.14669909978204],[140.3609848022461,-6.162400921526583],[140.3664779663086,-6.168886321082539],[140.36853790283203,-6.1750303106314846],[140.37128448486328,-6.1770782913109485],[140.372314453125,-6.1791262640676905],[140.37609100341797,-6.1791262640676905],[140.38021087646484,-6.182880860202673],[140.38707733154297,-6.1862941062873915],[140.39531707763672,-6.199264240303364],[140.39703369140625,-6.204383942293504],[140.4004669189453,-6.204042630374289],[140.40836334228516,-6.210186211092392],[140.40973663330078,-6.213257974575498],[140.40939331054688,-6.216671024084164],[140.41316986083984,-6.223155757127287],[140.41797637939453,-6.2286165228827315],[140.4214096069336,-6.228275226686634],[140.42346954345703,-6.230323000534753],[140.42621612548828,-6.22964041013968],[140.4330825805664,-6.234759816458904],[140.4323959350586,-6.237831436266376],[140.4334259033203,-6.239537883938297],[140.4330825805664,-6.241585613809704],[140.43514251708984,-6.242609475744004],[140.4378890991211,-6.246022334402227],[140.4378890991211,-6.2501177354219095],[140.44097900390625,-6.252506704546022],[140.44200897216797,-6.25967354642205],[140.44612884521484,-6.265133931381413],[140.44544219970703,-6.268205372818315],[140.4499053955078,-6.270594259210952],[140.4553985595703,-6.271618064314865],[140.45848846435547,-6.273665668490807],[140.46329498291016,-6.273324401686736],[140.46466827392578,-6.278102116604302],[140.46913146972656,-6.2787846437296935],[140.47359466552734,-6.280832219738073],[140.47428131103516,-6.284927347591193],[140.4770278930664,-6.290387467914442],[140.48595428466797,-6.294141267368474],[140.49007415771484,-6.302331281090801],[140.4924774169922,-6.304037517681252],[140.49591064453125,-6.314616059198343],[140.49488067626953,-6.3193933942234395],[140.4924774169922,-6.323146983655533],[140.4931640625,-6.325876849764882],[140.4924774169922,-6.33236022397594],[140.49522399902344,-6.334748815009505],[140.49556732177734,-6.3364549446941965],[140.49179077148438,-6.339867187137429],[140.4873275756836,-6.3538571449704335],[140.48492431640625,-6.356245636365614],[140.48320770263672,-6.359998957575812],[140.4773712158203,-6.36511707869434],[140.47359466552734,-6.37228236257134],[140.47290802001953,-6.380471135888939],[140.4653549194336,-6.3927540504332825],[140.4608917236328,-6.394459987466789],[140.45574188232422,-6.393777613336397],[140.45059204101562,-6.389683349432985],[140.43136596679688,-6.3832006979208415],[140.4269027709961,-6.379106349419715],[140.42449951171875,-6.379106349419715],[140.42278289794922,-6.381153527760375],[140.4217529296875,-6.395142360686435],[140.4224395751953,-6.399918947714127],[140.42037963867188,-6.404354309961008],[140.416259765625,-6.420730698048104],[140.41763305664062,-6.425848211367423],[140.4214096069336,-6.434036125586488],[140.42930603027344,-6.459281363064719],[140.42930603027344,-6.4616693609504665],[140.43067932128906,-6.463716207309446],[140.4217529296875,-6.483160834178051],[140.41866302490234,-6.486572094970256],[140.41454315185547,-6.498852442536375],[140.42484283447266,-6.506698063213733],[140.42896270751953,-6.507380285310262],[140.4327392578125,-6.51079138189219],[140.43445587158203,-6.510450273276746],[140.43514251708984,-6.508062506480201],[140.4389190673828,-6.50772139601105],[140.44029235839844,-6.5090858364975475],[140.4433822631836,-6.506698063213733],[140.4433822631836,-6.51113249027587],[140.44475555419922,-6.5118147063478915],[140.44578552246094,-6.51079138189219],[140.4499053955078,-6.51079138189219],[140.4547119140625,-6.512838028717383],[140.45677185058594,-6.5148846671964264],[140.45642852783203,-6.518295712774233],[140.45333862304688,-6.526823225180408],[140.45368194580078,-6.531257474258851],[140.45745849609375,-6.5384204089937725],[140.4543685913086,-6.542513468482781],[140.45745849609375,-6.547629745684446],[140.4653549194336,-6.5500173237691826],[140.46810150146484,-6.552745970448981],[140.4708480834961,-6.55376920910588],[140.47119140625,-6.558885370892725],[140.47359466552734,-6.560249671833219],[140.47393798828125,-6.5636604078381],[140.4759979248047,-6.565365767080735],[140.4773712158203,-6.568435398995021],[140.48080444335938,-6.569458605425467],[140.48561096191406,-6.568776468038976],[140.4928207397461,-6.573892475636356],[140.49625396728516,-6.5715050119730165],[140.49968719482422,-6.579690553937425],[140.50586700439453,-6.581395858207799],[140.51685333251953,-6.589240182404978],[140.5209732055664,-6.589581237165703],[140.52818298339844,-6.592650719457424],[140.5312728881836,-6.591968613923584],[140.53436279296875,-6.59299177187242],[140.5377960205078,-6.596743332948449],[140.54157257080078,-6.595379132206759],[140.54431915283203,-6.595379132206759],[140.548095703125,-6.597084382546967],[140.55461883544922,-6.606292632920031],[140.55805206298828,-6.605951589664841],[140.56320190429688,-6.607997845669203],[140.56594848632812,-6.607315761274947],[140.56903839111328,-6.609362011635639],[140.5693817138672,-6.614136562876453],[140.57247161865234,-6.617205892885863],[140.57899475097656,-6.618911067982964],[140.5978775024414,-6.618228998650679],[140.60028076171875,-6.619934170214748],[140.5968475341797,-6.631870206172678],[140.5978775024414,-6.632893281524389],[140.5978775024414,-6.635962494832327],[140.59444427490234,-6.640054749487547],[140.5923843383789,-6.644487986967093],[140.5923843383789,-6.647557127970046],[140.58929443359375,-6.648921184488302],[140.58517456054688,-6.658128466933476],[140.58242797851562,-6.65881048098764],[140.5803680419922,-6.660515511976385],[140.58002471923828,-6.675860524071609],[140.57830810546875,-6.68336235498812],[140.57865142822266,-6.689159145509237],[140.57693481445312,-6.701434474782403],[140.57830810546875,-6.711322709781257],[140.57762145996094,-6.714391431550197],[140.57830810546875,-6.731780489163384],[140.57693481445312,-6.738599557493174],[140.5748748779297,-6.7621246065515805],[140.57144165039062,-6.783262079675453],[140.5707550048828,-6.79314864406102],[140.57178497314453,-6.80269409961457],[140.5697250366211,-6.809171265004679],[140.57109832763672,-6.810875767684493],[140.57178497314453,-6.817693717826387],[140.5704116821289,-6.824511570973101],[140.57178497314453,-6.826897796641717],[140.57144165039062,-6.829624897122784],[140.59066772460938,-6.8517820117049695],[140.59410095214844,-6.8572359129020555],[140.59547424316406,-6.8606445694505425],[140.59478759765625,-6.863371477122868],[140.59650421142578,-6.8671209496645815],[140.61779022216797,-6.882800241767555],[140.62911987304688,-6.88859463175514],[140.64388275146484,-6.908022363579676],[140.64388275146484,-6.910748998967534],[140.64697265625,-6.917224694971836]]}},{"type":"Feature","id":"pmtiles:8/227/132:transportation_name:1880354870:0","properties":{"name_int":"Trans Papua Tanah Merah - Merauke","ref":"026","name_de":"Trans Papua Tanah Merah - Merauke","name":"Trans Papua Tanah Merah - Merauke","ref_length":3,"class":"trunk","name:latin":"Trans Papua Tanah Merah - Merauke","name_en":"Trans Papua Tanah Merah - Merauke","network":"road","highway":"trunk","kind":"road","verification":"verified","source":"OpenMapTiles/OpenStreetMap national PMTiles","sourceId":"8/227/132:transportation_name:1880354870:0","sourceLayer":"transportation_name","archive":"https://its.hanifahseptiani45.workers.dev/v1/map/archive/indonesia.pmtiles","updatedAt":"2026-07-26T09:35:44.433Z"},"geometry":{"type":"LineString","coordinates":[[140.31326293945312,-6.1067597718488855],[140.3180694580078,-6.109832133846183],[140.32424926757812,-6.116318173472777],[140.3290557861328,-6.1197318469426705],[140.33660888671875,-6.127924574277486],[140.34141540527344,-6.1364585315084526],[140.34313201904297,-6.14669909978204],[140.3609848022461,-6.162400921526583],[140.3664779663086,-6.168886321082539],[140.36853790283203,-6.1750303106314846],[140.37128448486328,-6.1770782913109485],[140.372314453125,-6.1791262640676905],[140.37609100341797,-6.1791262640676905],[140.38021087646484,-6.182880860202673],[140.38707733154297,-6.1862941062873915],[140.39531707763672,-6.199264240303364],[140.39703369140625,-6.204383942293504],[140.4004669189453,-6.204042630374289],[140.40836334228516,-6.210186211092392],[140.40973663330078,-6.213257974575498],[140.40939331054688,-6.216671024084164],[140.41316986083984,-6.223155757127287],[140.41797637939453,-6.2286165228827315],[140.4214096069336,-6.228275226686634],[140.42346954345703,-6.230323000534753],[140.42621612548828,-6.22964041013968],[140.4330825805664,-6.234759816458904],[140.4323959350586,-6.237831436266376],[140.4334259033203,-6.239537883938297],[140.4330825805664,-6.241585613809704],[140.43514251708984,-6.242609475744004],[140.4378890991211,-6.246022334402227],[140.4378890991211,-6.2501177354219095],[140.44097900390625,-6.252506704546022],[140.44200897216797,-6.25967354642205],[140.44612884521484,-6.265133931381413],[140.44544219970703,-6.268205372818315],[140.4499053955078,-6.270594259210952],[140.4553985595703,-6.271618064314865],[140.45848846435547,-6.273665668490807],[140.46329498291016,-6.273324401686736],[140.46466827392578,-6.278102116604302],[140.46913146972656,-6.2787846437296935],[140.47359466552734,-6.280832219738073],[140.47428131103516,-6.284927347591193],[140.4770278930664,-6.290387467914442],[140.48595428466797,-6.294141267368474],[140.49007415771484,-6.302331281090801],[140.4924774169922,-6.304037517681252],[140.49591064453125,-6.314616059198343],[140.49488067626953,-6.3193933942234395],[140.4924774169922,-6.323146983655533],[140.4931640625,-6.325876849764882],[140.4924774169922,-6.33236022397594],[140.49522399902344,-6.334748815009505],[140.49556732177734,-6.3364549446941965],[140.49179077148438,-6.339867187137429],[140.4873275756836,-6.3538571449704335],[140.48492431640625,-6.356245636365614],[140.48320770263672,-6.359998957575812],[140.4773712158203,-6.36511707869434],[140.47359466552734,-6.37228236257134],[140.47290802001953,-6.380471135888939],[140.4653549194336,-6.3927540504332825],[140.4608917236328,-6.394459987466789],[140.45574188232422,-6.393777613336397],[140.45059204101562,-6.389683349432985],[140.4389190673828,-6.386271437817982],[140.43136596679688,-6.3832006979208415],[140.4269027709961,-6.379106349419715],[140.42449951171875,-6.379106349419715],[140.42278289794922,-6.381153527760375],[140.4217529296875,-6.395142360686435],[140.4224395751953,-6.399918947714127],[140.42037963867188,-6.404354309961008],[140.416259765625,-6.420730698048104],[140.41763305664062,-6.425848211367423],[140.4214096069336,-6.434036125586488],[140.42930603027344,-6.459281363064719],[140.42930603027344,-6.4616693609504665],[140.43067932128906,-6.463716207309446],[140.4217529296875,-6.483160834178051],[140.41866302490234,-6.486572094970256],[140.41454315185547,-6.498852442536375],[140.42484283447266,-6.506698063213733],[140.42896270751953,-6.507380285310262],[140.4327392578125,-6.51079138189219],[140.43445587158203,-6.510450273276746],[140.43514251708984,-6.508062506480201],[140.4389190673828,-6.50772139601105],[140.44029235839844,-6.5090858364975475],[140.4433822631836,-6.506698063213733],[140.4433822631836,-6.51113249027587],[140.44475555419922,-6.5118147063478915],[140.44578552246094,-6.51079138189219],[140.4499053955078,-6.51079138189219],[140.4547119140625,-6.512838028717383],[140.45677185058594,-6.5148846671964264],[140.45642852783203,-6.518295712774233],[140.45333862304688,-6.526823225180408],[140.45368194580078,-6.531257474258851],[140.45745849609375,-6.5384204089937725],[140.45677185058594,-6.539443677008705]]}},{"type":"Feature","id":"pmtiles:8/227/132:water:4142243:0","properties":{"intermittent":0,"class":"river","id":414224,"water":"river","kind":"waterway","verification":"verified","source":"OpenMapTiles/OpenStreetMap national PMTiles","sourceId":"8/227/132:water:4142243:0","sourceLayer":"water","archive":"https://its.hanifahseptiani45.workers.dev/v1/map/archive/indonesia.pmtiles","updatedAt":"2026-07-26T09:35:44.433Z"},"geometry":{"type":"Polygon","coordinates":[[[140.3015899658203,-6.344644288623897],[140.29953002929688,-6.343961848265025],[140.3012466430664,-6.339867187137429],[140.30433654785156,-6.3364549446941965],[140.30742645263672,-6.3364549446941965],[140.30948638916016,-6.3381610687373495],[140.31085968017578,-6.343961848265025],[140.31326293945312,-6.347715259052919],[140.3173828125,-6.350444995173788],[140.32150268554688,-6.35146864248793],[140.31978607177734,-6.345667947467533],[140.32184600830078,-6.338843516774617],[140.31978607177734,-6.335090041397692],[140.3170394897461,-6.3330426796847235],[140.31360626220703,-6.33236022397594],[140.30811309814453,-6.335090041397692],[140.30536651611328,-6.335431267560267],[140.30261993408203,-6.333725134491345],[140.3005599975586,-6.329630392120961],[140.3005599975586,-6.328265470782924],[140.30261993408203,-6.325876849764882],[140.3170394897461,-6.324511918512158],[140.31978607177734,-6.321440810017933],[140.32012939453125,-6.3193933942234395],[140.3173828125,-6.31529853833004],[140.31360626220703,-6.313592338814104],[140.31085968017578,-6.314616059198343],[140.3060531616211,-6.3193933942234395],[140.3015899658203,-6.321099574614962],[140.29129028320312,-6.321440810017933],[140.2892303466797,-6.320758338986849],[140.2895736694336,-6.3193933942234395],[140.30193328857422,-6.319052157469898],[140.30467987060547,-6.317687208205314],[140.31085968017578,-6.311544891974705],[140.3125762939453,-6.310862407896451],[140.31463623046875,-6.310862407896451],[140.31841278076172,-6.312227375153782],[140.32047271728516,-6.314274819295136],[140.32184600830078,-6.320075867055323],[140.3228759765625,-6.3193933942234395],[140.32390594482422,-6.320075867055323],[140.32459259033203,-6.323488217707521],[140.3232192993164,-6.325535617289603],[140.32390594482422,-6.332018995783258],[140.33008575439453,-6.336796169954198],[140.33180236816406,-6.339184740454655],[140.33283233642578,-6.34976256250026],[140.33214569091797,-6.352833502406753],[140.32974243164062,-6.354198358705801],[140.3221893310547,-6.353515931008786],[140.31394958496094,-6.350786211171339],[140.30948638916016,-6.346350385566737],[140.30845642089844,-6.340208410140136],[140.306396484375,-6.3381610687373495],[140.30399322509766,-6.339184740454655],[140.3015899658203,-6.344644288623897]],[[140.33180236816406,-6.3511274269427105],[140.33111572265625,-6.339184740454655],[140.32390594482422,-6.3330426796847235],[140.3228759765625,-6.330995309852213],[140.3225326538086,-6.324853151663248],[140.32390594482422,-6.323146983655533],[140.3232192993164,-6.320417103133636],[140.31841278076172,-6.325876849764882],[140.30227661132812,-6.328265470782924],[140.30330657958984,-6.330995309852213],[140.306396484375,-6.334066361556324],[140.31326293945312,-6.330312851437483],[140.31978607177734,-6.331677767365065],[140.3235626220703,-6.336796169954198],[140.3235626220703,-6.339184740454655],[140.32150268554688,-6.345326728078959],[140.3225326538086,-6.348738911794015],[140.3287124633789,-6.34976256250026],[140.33077239990234,-6.350786211171339],[140.32974243164062,-6.3521510728997725],[140.3276824951172,-6.352492287766381],[140.32699584960938,-6.3518098578069555],[140.32562255859375,-6.352492287766381],[140.32733917236328,-6.353174716820902],[140.32974243164062,-6.353174716820902],[140.33180236816406,-6.3511274269427105]]]}},{"type":"Feature","id":"pmtiles:8/227/132:water:508255022:0","properties":{"intermittent":0,"class":"river","id":50825502,"water":"river","kind":"waterway","verification":"verified","source":"OpenMapTiles/OpenStreetMap national PMTiles","sourceId":"8/227/132:water:508255022:0","sourceLayer":"water","archive":"https://its.hanifahseptiani45.workers.dev/v1/map/archive/indonesia.pmtiles","updatedAt":"2026-07-26T09:35:44.434Z"},"geometry":{"type":"Polygon","coordinates":[[[140.3836441040039,-6.621980368317324],[140.38089752197266,-6.624367588714591],[140.3664779663086,-6.612772410085242],[140.3609848022461,-6.606292632920031],[140.35274505615234,-6.590945453863313],[140.34725189208984,-6.587534905083913],[140.34759521484375,-6.583442215602375],[140.35720825195312,-6.572187145617875],[140.35823822021484,-6.568776468038976],[140.35755157470703,-6.566730050268788],[140.35308837890625,-6.563319335288668],[140.34896850585938,-6.561955042755102],[140.3451919555664,-6.562637189489038],[140.3451919555664,-6.560249671833219],[140.35308837890625,-6.55922644647805],[140.3558349609375,-6.56127289508693],[140.35858154296875,-6.5646836240846085],[140.35995483398438,-6.558885370892725],[140.3609848022461,-6.55922644647805],[140.35926818847656,-6.57286927832709],[140.3558349609375,-6.579008430589965],[140.3510284423828,-6.584465391136689],[140.350341796875,-6.586852792514264],[140.35446166992188,-6.589240182404978],[140.35823822021484,-6.59299177187242],[140.36441802978516,-6.605610546174546],[140.3668212890625,-6.609020970496829],[140.3836441040039,-6.621980368317324]]]}},{"type":"Feature","id":"pmtiles:8/227/132:water:9536231622:0","properties":{"intermittent":0,"class":"river","id":953623162,"water":"river","kind":"waterway","verification":"verified","source":"OpenMapTiles/OpenStreetMap national PMTiles","sourceId":"8/227/132:water:9536231622:0","sourceLayer":"water","archive":"https://its.hanifahseptiani45.workers.dev/v1/map/archive/indonesia.pmtiles","updatedAt":"2026-07-26T09:35:44.434Z"},"geometry":{"type":"Polygon","coordinates":[[[140.34725189208984,-6.43198915939557],[140.3445053100586,-6.43130683549974],[140.33008575439453,-6.433694965127302],[140.32459259033203,-6.436765401012167],[140.3232192993164,-6.43949466177061],[140.32390594482422,-6.44154159771044],[140.32562255859375,-6.442906217083632],[140.3386688232422,-6.440176974667764],[140.34381866455078,-6.440859286647736],[140.3506851196289,-6.444270832786572],[140.3554916381836,-6.444953139261486],[140.35858154296875,-6.444270832786572],[140.35995483398438,-6.445976597252837],[140.35926818847656,-6.449046958832753],[140.35446166992188,-6.453481892723531],[140.35343170166016,-6.4647396273824995],[140.34622192382812,-6.4770205065988335],[140.34656524658203,-6.47838503029746],[140.34828186035156,-6.479067290763027],[140.3616714477539,-6.481114066623618],[140.36853790283203,-6.488618840362264],[140.36956787109375,-6.491688942857692],[140.36785125732422,-6.494759026634242],[140.3561782836914,-6.501240253095986],[140.35343170166016,-6.504310278580448],[140.34896850585938,-6.5138613490003365],[140.34759521484375,-6.512496921492712],[140.34931182861328,-6.506015840190727],[140.35171508789062,-6.501922482601756],[140.3565216064453,-6.498170208865602],[140.3664779663086,-6.493735667455795],[140.3675079345703,-6.492030064201856],[140.3668212890625,-6.489642209940087],[140.35995483398438,-6.483160834178051],[140.34931182861328,-6.482137451439257],[140.34656524658203,-6.480772937890279],[140.3448486328125,-6.478043899718713],[140.3448486328125,-6.475997111403686],[140.35171508789062,-6.463716207309446],[140.35137176513672,-6.454846479956203],[140.35308837890625,-6.451776153513137],[140.35720825195312,-6.448364657866364],[140.3558349609375,-6.446658901432926],[140.3448486328125,-6.444953139261486],[140.33729553222656,-6.442906217083632],[140.32562255859375,-6.444611986138767],[140.3232192993164,-6.443588525393935],[140.32115936279297,-6.43949466177061],[140.3228759765625,-6.43574192444602],[140.3280258178711,-6.43198915939557],[140.3390121459961,-6.430624510687977],[140.3451919555664,-6.428918694651969],[140.34725189208984,-6.429601021753157],[140.34725189208984,-6.43198915939557]]]}},{"type":"Feature","id":"pmtiles:8/227/132:water:9536295942:0","properties":{"intermittent":0,"class":"river","id":953629594,"water":"river","kind":"waterway","verification":"verified","source":"OpenMapTiles/OpenStreetMap national PMTiles","sourceId":"8/227/132:water:9536295942:0","sourceLayer":"water","archive":"https://its.hanifahseptiani45.workers.dev/v1/map/archive/indonesia.pmtiles","updatedAt":"2026-07-26T09:35:44.434Z"},"geometry":{"type":"Polygon","coordinates":[[[140.29953002929688,-6.343961848265025],[140.3015899658203,-6.344644288623897],[140.3015899658203,-6.348056476859355],[140.30364990234375,-6.355221998554143],[140.30330657958984,-6.359316537575509],[140.3012466430664,-6.364093458549334],[140.30261993408203,-6.367505517765451],[140.30742645263672,-6.37159995889273],[140.3115463256836,-6.378423954822111],[140.31600952148438,-6.382859503462271],[140.32184600830078,-6.386612630003029],[140.33145904541016,-6.389342159295154],[140.33145904541016,-6.391048107708897],[140.32012939453125,-6.38763620519353],[140.3170394897461,-6.385930245405561],[140.30879974365234,-6.378423954822111],[140.30467987060547,-6.371941160845495],[140.3005599975586,-6.36716431286402],[140.29918670654297,-6.361705003612812],[140.3012466430664,-6.3538571449704335],[140.29987335205078,-6.348738911794015],[140.29953002929688,-6.343961848265025]]]}},{"type":"Feature","id":"pmtiles:8/227/132:water:9541306362:0","properties":{"intermittent":0,"class":"river","id":954130636,"water":"river","kind":"waterway","verification":"verified","source":"OpenMapTiles/OpenStreetMap national PMTiles","sourceId":"8/227/132:water:9541306362:0","sourceLayer":"water","archive":"https://its.hanifahseptiani45.workers.dev/v1/map/archive/indonesia.pmtiles","updatedAt":"2026-07-26T09:35:44.434Z"},"geometry":{"type":"Polygon","coordinates":[[[140.3451919555664,-6.561613969037779],[140.3451919555664,-6.562637189489038],[140.34313201904297,-6.563319335288668],[140.33626556396484,-6.562978262505652],[140.3331756591797,-6.56127289508693],[140.33111572265625,-6.557179989464643],[140.3345489501953,-6.553087050234524],[140.3451919555664,-6.554451367044166],[140.35137176513672,-6.553428129786823],[140.35377502441406,-6.551722729692955],[140.3499984741211,-6.542513468482781],[140.34759521484375,-6.5271643226576685],[140.3441619873047,-6.51966012450923],[140.3441619873047,-6.517954609260386],[140.34759521484375,-6.512496921492712],[140.34896850585938,-6.5138613490003365],[140.34587860107422,-6.519319021923565],[140.350341796875,-6.528528710243165],[140.35137176513672,-6.539443677008705],[140.3554916381836,-6.5500173237691826],[140.3551483154297,-6.552404890430196],[140.35274505615234,-6.555133524049268],[140.3496551513672,-6.55649783525962],[140.34278869628906,-6.556838912478824],[140.33489227294922,-6.554792445663367],[140.3335189819336,-6.557521066217092],[140.3342056274414,-6.559567521829905],[140.33626556396484,-6.560931820902539],[140.34038543701172,-6.56127289508693],[140.3451919555664,-6.560249671833219],[140.3451919555664,-6.561613969037779]]]}},{"type":"Feature","id":"pmtiles:8/227/132:water:9544672672:0","properties":{"intermittent":0,"class":"river","id":954467267,"water":"river","kind":"waterway","verification":"verified","source":"OpenMapTiles/OpenStreetMap national PMTiles","sourceId":"8/227/132:water:9544672672:0","sourceLayer":"water","archive":"https://its.hanifahseptiani45.workers.dev/v1/map/archive/indonesia.pmtiles","updatedAt":"2026-07-26T09:35:44.434Z"},"geometry":{"type":"Polygon","coordinates":[[[140.38467407226562,-6.622662432466413],[140.39600372314453,-6.6301650758666995],[140.4104232788086,-6.637326583496687],[140.41454315185547,-6.640736788622661],[140.4159164428711,-6.643464935709773],[140.41454315185547,-6.655059391963732],[140.40939331054688,-6.664607562172577],[140.3997802734375,-6.67313255704552],[140.38776397705078,-6.681998394287589],[140.38673400878906,-6.679270461475255],[140.40252685546875,-6.668017577917894],[140.40802001953125,-6.662220537040156],[140.41179656982422,-6.656082419085365],[140.41351318359375,-6.646534083097549],[140.41213989257812,-6.643805953031972],[140.40767669677734,-6.639713729565571],[140.40184020996094,-6.6363035173526725],[140.3891372680664,-6.631188154758206],[140.38089752197266,-6.624367588714591],[140.3836441040039,-6.621980368317324],[140.38467407226562,-6.622662432466413]]]}},{"type":"Feature","id":"pmtiles:8/228/132:landcover:1885302132:0","properties":{"subclass":"orchard","class":"farmland","kind":"green","verification":"verified","source":"OpenMapTiles/OpenStreetMap national PMTiles","sourceId":"8/228/132:landcover:1885302132:0","sourceLayer":"landcover","archive":"https://its.hanifahseptiani45.workers.dev/v1/map/archive/indonesia.pmtiles","updatedAt":"2026-07-26T09:35:44.497Z"},"geometry":{"type":"Polygon","coordinates":[[[140.60302734375,-6.571163944799736],[140.62911987304688,-6.586852792514264],[140.60302734375,-6.630506102399821],[140.60302734375,-6.571163944799736]]]}},{"type":"Feature","id":"pmtiles:8/228/132:transportation_name:508059950:0","properties":{"name_int":"Jalan Trans Papua Gententiri - Muting","ref":"027","name_de":"Jalan Trans Papua Gententiri - Muting","name":"Jalan Trans Papua Gententiri - Muting","ref_length":3,"class":"trunk","name:latin":"Jalan Trans Papua Gententiri - Muting","name_en":"Jalan Trans Papua Gententiri - Muting","network":"road","highway":"trunk","kind":"road","verification":"verified","source":"OpenMapTiles/OpenStreetMap national PMTiles","sourceId":"8/228/132:transportation_name:508059950:0","sourceLayer":"transportation_name","archive":"https://its.hanifahseptiani45.workers.dev/v1/map/archive/indonesia.pmtiles","updatedAt":"2026-07-26T09:35:44.498Z"},"geometry":{"type":"LineString","coordinates":[[140.57899475097656,-6.618911067982964],[140.5978775024414,-6.618228998650679],[140.60028076171875,-6.619934170214748],[140.5968475341797,-6.631870206172678],[140.5978775024414,-6.632893281524389],[140.5978775024414,-6.635962494832327],[140.59444427490234,-6.640054749487547],[140.5923843383789,-6.644487986967093],[140.5923843383789,-6.647557127970046],[140.58929443359375,-6.648921184488302],[140.58517456054688,-6.658128466933476],[140.58242797851562,-6.65881048098764],[140.5803680419922,-6.660515511976385]]}}]}